[2025-02-27T11:39:05.752+0000] {manager.py:487} INFO - Processing files using up to 2 processes at a time 
[2025-02-27T11:39:05.753+0000] {manager.py:488} INFO - Process each file at most once every 30 seconds
[2025-02-27T11:39:05.754+0000] {manager.py:489} INFO - Checking for new files in /opt/airflow/dags every 300 seconds
[2025-02-27T11:39:05.755+0000] {manager.py:759} INFO - Searching for files in /opt/airflow/dags
[2025-02-27T11:39:05.759+0000] {manager.py:762} INFO - There are 0 files in /opt/airflow/dags
[2025-02-27T11:39:37.254+0000] {manager.py:469} INFO - Exiting gracefully upon receiving signal 15
[2025-02-27T11:40:13.680+0000] {manager.py:487} INFO - Processing files using up to 2 processes at a time 
[2025-02-27T11:40:13.681+0000] {manager.py:488} INFO - Process each file at most once every 30 seconds
[2025-02-27T11:40:13.682+0000] {manager.py:489} INFO - Checking for new files in /opt/airflow/dags every 300 seconds
[2025-02-27T11:40:13.683+0000] {manager.py:759} INFO - Searching for files in /opt/airflow/dags
[2025-02-27T11:40:13.688+0000] {manager.py:762} INFO - There are 0 files in /opt/airflow/dags
[2025-02-27T11:41:41.458+0000] {manager.py:469} INFO - Exiting gracefully upon receiving signal 15
[2025-02-27T11:42:24.967+0000] {manager.py:487} INFO - Processing files using up to 2 processes at a time 
[2025-02-27T11:42:24.968+0000] {manager.py:488} INFO - Process each file at most once every 30 seconds
[2025-02-27T11:42:24.969+0000] {manager.py:489} INFO - Checking for new files in /opt/airflow/dags every 300 seconds
[2025-02-27T11:42:24.969+0000] {manager.py:759} INFO - Searching for files in /opt/airflow/dags
[2025-02-27T11:42:24.975+0000] {manager.py:762} INFO - There are 0 files in /opt/airflow/dags
[2025-02-27T11:47:25.974+0000] {manager.py:759} INFO - Searching for files in /opt/airflow/dags
[2025-02-27T11:47:25.981+0000] {manager.py:762} INFO - There are 0 files in /opt/airflow/dags
[2025-02-27T11:48:48.147+0000] {manager.py:469} INFO - Exiting gracefully upon receiving signal 15
[2025-02-27T11:49:34.140+0000] {manager.py:487} INFO - Processing files using up to 2 processes at a time 
[2025-02-27T11:49:34.141+0000] {manager.py:488} INFO - Process each file at most once every 30 seconds
[2025-02-27T11:49:34.142+0000] {manager.py:489} INFO - Checking for new files in /opt/airflow/dags every 300 seconds
[2025-02-27T11:49:34.143+0000] {manager.py:759} INFO - Searching for files in /opt/airflow/dags
[2025-02-27T11:49:34.146+0000] {manager.py:762} INFO - There are 0 files in /opt/airflow/dags
[2025-02-27T11:54:34.697+0000] {manager.py:759} INFO - Searching for files in /opt/airflow/dags
[2025-02-27T11:54:34.702+0000] {manager.py:762} INFO - There are 0 files in /opt/airflow/dags
[2025-02-27T11:59:34.942+0000] {manager.py:759} INFO - Searching for files in /opt/airflow/dags
[2025-02-27T11:59:34.953+0000] {manager.py:762} INFO - There are 0 files in /opt/airflow/dags
[2025-02-27T12:04:34.954+0000] {manager.py:759} INFO - Searching for files in /opt/airflow/dags
[2025-02-27T12:04:34.967+0000] {manager.py:762} INFO - There are 0 files in /opt/airflow/dags
[2025-02-27T12:09:35.195+0000] {manager.py:759} INFO - Searching for files in /opt/airflow/dags
[2025-02-27T12:09:35.202+0000] {manager.py:762} INFO - There are 0 files in /opt/airflow/dags
[2025-02-27T12:14:25.573+0000] {manager.py:469} INFO - Exiting gracefully upon receiving signal 15
[2025-02-27T12:15:02.493+0000] {manager.py:487} INFO - Processing files using up to 2 processes at a time 
[2025-02-27T12:15:02.494+0000] {manager.py:488} INFO - Process each file at most once every 30 seconds
[2025-02-27T12:15:02.494+0000] {manager.py:489} INFO - Checking for new files in /opt/airflow/dags every 300 seconds
[2025-02-27T12:15:02.495+0000] {manager.py:759} INFO - Searching for files in /opt/airflow/dags
[2025-02-27T12:15:02.525+0000] {manager.py:762} INFO - There are 1 files in /opt/airflow/dags
[2025-02-27T12:15:02.651+0000] {manager.py:893} INFO - 
================================================================================
DAG File Processing Stats

File Path                        PID  Runtime      # DAGs    # Errors  Last Runtime    Last Run
-----------------------------  -----  ---------  --------  ----------  --------------  ----------
/opt/airflow/dags/pipeline.py    171  0.06s             0           0
================================================================================
[2025-02-27T12:15:31.165+0000] {manager.py:893} INFO - 
================================================================================
DAG File Processing Stats

File Path                      PID    Runtime      # DAGs    # Errors  Last Runtime    Last Run
-----------------------------  -----  ---------  --------  ----------  --------------  -------------------
/opt/airflow/dags/pipeline.py                           0           1  0.11s           2025-02-27T12:15:02
================================================================================
[2025-02-27T12:15:59.733+0000] {manager.py:893} INFO - 
================================================================================
DAG File Processing Stats

File Path                      PID    Runtime      # DAGs    # Errors  Last Runtime    Last Run
-----------------------------  -----  ---------  --------  ----------  --------------  -------------------
/opt/airflow/dags/pipeline.py                           0           1  0.13s           2025-02-27T12:15:33
================================================================================
[2025-02-27T12:16:28.363+0000] {manager.py:893} INFO - 
================================================================================
DAG File Processing Stats

File Path                      PID    Runtime      # DAGs    # Errors  Last Runtime    Last Run
-----------------------------  -----  ---------  --------  ----------  --------------  -------------------
/opt/airflow/dags/pipeline.py                           0           1  -1.61s          2025-02-27T12:16:02
================================================================================
[2025-02-27T12:16:56.864+0000] {manager.py:893} INFO - 
================================================================================
DAG File Processing Stats

File Path                      PID    Runtime      # DAGs    # Errors  Last Runtime    Last Run
-----------------------------  -----  ---------  --------  ----------  --------------  -------------------
/opt/airflow/dags/pipeline.py                           0           1  0.09s           2025-02-27T12:16:32
================================================================================
[2025-02-27T12:17:25.405+0000] {manager.py:893} INFO - 
================================================================================
DAG File Processing Stats

File Path                      PID    Runtime      # DAGs    # Errors  Last Runtime    Last Run
-----------------------------  -----  ---------  --------  ----------  --------------  -------------------
/opt/airflow/dags/pipeline.py                           0           1  0.09s           2025-02-27T12:17:03
================================================================================
[2025-02-27T12:17:53.957+0000] {manager.py:893} INFO - 
================================================================================
DAG File Processing Stats

File Path                      PID    Runtime      # DAGs    # Errors  Last Runtime    Last Run
-----------------------------  -----  ---------  --------  ----------  --------------  -------------------
/opt/airflow/dags/pipeline.py                           0           1  0.10s           2025-02-27T12:17:33
================================================================================
[2025-02-27T12:18:22.670+0000] {manager.py:893} INFO - 
================================================================================
DAG File Processing Stats

File Path                      PID    Runtime      # DAGs    # Errors  Last Runtime    Last Run
-----------------------------  -----  ---------  --------  ----------  --------------  -------------------
/opt/airflow/dags/pipeline.py                           0           1  0.19s           2025-02-27T12:18:15
================================================================================
[2025-02-27T12:18:51.161+0000] {manager.py:893} INFO - 
================================================================================
DAG File Processing Stats

File Path                      PID    Runtime      # DAGs    # Errors  Last Runtime    Last Run
-----------------------------  -----  ---------  --------  ----------  --------------  -------------------
/opt/airflow/dags/pipeline.py                           0           1  0.13s           2025-02-27T12:18:46
================================================================================
[2025-02-27T12:18:54.391+0000] {manager.py:469} INFO - Exiting gracefully upon receiving signal 15
[2025-02-27T12:19:33.583+0000] {manager.py:487} INFO - Processing files using up to 2 processes at a time 
[2025-02-27T12:19:33.585+0000] {manager.py:488} INFO - Process each file at most once every 30 seconds
[2025-02-27T12:19:33.585+0000] {manager.py:489} INFO - Checking for new files in /opt/airflow/dags every 300 seconds
[2025-02-27T12:19:33.586+0000] {manager.py:759} INFO - Searching for files in /opt/airflow/dags
[2025-02-27T12:19:33.602+0000] {manager.py:762} INFO - There are 1 files in /opt/airflow/dags
[2025-02-27T12:19:33.703+0000] {manager.py:893} INFO - 
================================================================================
DAG File Processing Stats

File Path                        PID  Runtime      # DAGs    # Errors  Last Runtime    Last Run
-----------------------------  -----  ---------  --------  ----------  --------------  ----------
/opt/airflow/dags/pipeline.py    166  0.05s             0           0
================================================================================
[2025-02-27T12:20:02.183+0000] {manager.py:893} INFO - 
================================================================================
DAG File Processing Stats

File Path                      PID    Runtime      # DAGs    # Errors  Last Runtime    Last Run
-----------------------------  -----  ---------  --------  ----------  --------------  -------------------
/opt/airflow/dags/pipeline.py                           1           0  2.38s           2025-02-27T12:19:36
================================================================================
[2025-02-27T12:20:30.508+0000] {manager.py:893} INFO - 
================================================================================
DAG File Processing Stats

File Path                      PID    Runtime      # DAGs    # Errors  Last Runtime    Last Run
-----------------------------  -----  ---------  --------  ----------  --------------  -------------------
/opt/airflow/dags/pipeline.py                           1           0  0.84s           2025-02-27T12:20:07
================================================================================
[2025-02-27T12:20:58.787+0000] {manager.py:893} INFO - 
================================================================================
DAG File Processing Stats

File Path                      PID    Runtime      # DAGs    # Errors  Last Runtime    Last Run
-----------------------------  -----  ---------  --------  ----------  --------------  -------------------
/opt/airflow/dags/pipeline.py                           1           0  0.78s           2025-02-27T12:20:38
================================================================================
[2025-02-27T12:21:27.252+0000] {manager.py:893} INFO - 
================================================================================
DAG File Processing Stats

File Path                      PID    Runtime      # DAGs    # Errors  Last Runtime    Last Run
-----------------------------  -----  ---------  --------  ----------  --------------  -------------------
/opt/airflow/dags/pipeline.py                           1           0  0.65s           2025-02-27T12:21:09
================================================================================
[2025-02-27T12:21:56.123+0000] {manager.py:893} INFO - 
================================================================================
DAG File Processing Stats

File Path                      PID    Runtime      # DAGs    # Errors  Last Runtime    Last Run
-----------------------------  -----  ---------  --------  ----------  --------------  -------------------
/opt/airflow/dags/pipeline.py                           1           0  0.70s           2025-02-27T12:21:40
================================================================================
[2025-02-27T12:22:25.538+0000] {manager.py:893} INFO - 
================================================================================
DAG File Processing Stats

File Path                      PID    Runtime      # DAGs    # Errors  Last Runtime    Last Run
-----------------------------  -----  ---------  --------  ----------  --------------  -------------------
/opt/airflow/dags/pipeline.py                           1           0  2.82s           2025-02-27T12:22:13
================================================================================
[2025-02-27T12:22:54.091+0000] {manager.py:893} INFO - 
================================================================================
DAG File Processing Stats

File Path                      PID    Runtime      # DAGs    # Errors  Last Runtime    Last Run
-----------------------------  -----  ---------  --------  ----------  --------------  -------------------
/opt/airflow/dags/pipeline.py                           1           0  4.68s           2025-02-27T12:22:47
================================================================================
[2025-02-27T12:23:22.806+0000] {manager.py:893} INFO - 
================================================================================
DAG File Processing Stats

File Path                      PID    Runtime      # DAGs    # Errors  Last Runtime    Last Run
-----------------------------  -----  ---------  --------  ----------  --------------  -------------------
/opt/airflow/dags/pipeline.py                           1           0  2.65s           2025-02-27T12:23:20
================================================================================
[2025-02-27T12:23:51.560+0000] {manager.py:893} INFO - 
================================================================================
DAG File Processing Stats

File Path                        PID  Runtime      # DAGs    # Errors  Last Runtime    Last Run
-----------------------------  -----  ---------  --------  ----------  --------------  -------------------
/opt/airflow/dags/pipeline.py    563  0.01s             1           0  2.65s           2025-02-27T12:23:20
================================================================================
[2025-02-27T12:24:19.789+0000] {manager.py:893} INFO - 
================================================================================
DAG File Processing Stats

File Path                      PID    Runtime      # DAGs    # Errors  Last Runtime    Last Run
-----------------------------  -----  ---------  --------  ----------  --------------  -------------------
/opt/airflow/dags/pipeline.py                           1           0  0.79s           2025-02-27T12:23:52
================================================================================
[2025-02-27T12:24:33.902+0000] {manager.py:759} INFO - Searching for files in /opt/airflow/dags
[2025-02-27T12:24:33.928+0000] {manager.py:762} INFO - There are 1 files in /opt/airflow/dags
[2025-02-27T12:24:48.071+0000] {manager.py:893} INFO - 
================================================================================
DAG File Processing Stats

File Path                      PID    Runtime      # DAGs    # Errors  Last Runtime    Last Run
-----------------------------  -----  ---------  --------  ----------  --------------  -------------------
/opt/airflow/dags/pipeline.py                           1           0  0.73s           2025-02-27T12:24:23
================================================================================
[2025-02-27T12:25:16.529+0000] {manager.py:893} INFO - 
================================================================================
DAG File Processing Stats

File Path                      PID    Runtime      # DAGs    # Errors  Last Runtime    Last Run
-----------------------------  -----  ---------  --------  ----------  --------------  -------------------
/opt/airflow/dags/pipeline.py                           1           0  0.78s           2025-02-27T12:24:54
================================================================================
[2025-02-27T12:25:44.804+0000] {manager.py:893} INFO - 
================================================================================
DAG File Processing Stats

File Path                      PID    Runtime      # DAGs    # Errors  Last Runtime    Last Run
-----------------------------  -----  ---------  --------  ----------  --------------  -------------------
/opt/airflow/dags/pipeline.py                           1           0  1.30s           2025-02-27T12:25:44
================================================================================
[2025-02-27T12:26:13.251+0000] {manager.py:893} INFO - 
================================================================================
DAG File Processing Stats

File Path                      PID    Runtime      # DAGs    # Errors  Last Runtime    Last Run
-----------------------------  -----  ---------  --------  ----------  --------------  -------------------
/opt/airflow/dags/pipeline.py                           1           0  1.30s           2025-02-27T12:25:44
================================================================================
[2025-02-27T12:26:41.755+0000] {manager.py:893} INFO - 
================================================================================
DAG File Processing Stats

File Path                      PID    Runtime      # DAGs    # Errors  Last Runtime    Last Run
-----------------------------  -----  ---------  --------  ----------  --------------  -------------------
/opt/airflow/dags/pipeline.py                           1           0  0.71s           2025-02-27T12:26:15
================================================================================
[2025-02-27T12:27:10.179+0000] {manager.py:893} INFO - 
================================================================================
DAG File Processing Stats

File Path                      PID    Runtime      # DAGs    # Errors  Last Runtime    Last Run
-----------------------------  -----  ---------  --------  ----------  --------------  -------------------
/opt/airflow/dags/pipeline.py                           1           0  0.91s           2025-02-27T12:26:46
================================================================================
[2025-02-27T12:27:38.796+0000] {manager.py:893} INFO - 
================================================================================
DAG File Processing Stats

File Path                      PID    Runtime      # DAGs    # Errors  Last Runtime    Last Run
-----------------------------  -----  ---------  --------  ----------  --------------  -------------------
/opt/airflow/dags/pipeline.py                           1           0  0.90s           2025-02-27T12:27:13
================================================================================
[2025-02-27T12:28:07.568+0000] {manager.py:893} INFO - 
================================================================================
DAG File Processing Stats

File Path                      PID    Runtime      # DAGs    # Errors  Last Runtime    Last Run
-----------------------------  -----  ---------  --------  ----------  --------------  -------------------
/opt/airflow/dags/pipeline.py                           1           0  0.72s           2025-02-27T12:27:44
================================================================================
[2025-02-27T12:28:36.152+0000] {manager.py:893} INFO - 
================================================================================
DAG File Processing Stats

File Path                      PID    Runtime      # DAGs    # Errors  Last Runtime    Last Run
-----------------------------  -----  ---------  --------  ----------  --------------  -------------------
/opt/airflow/dags/pipeline.py                           1           0  1.00s           2025-02-27T12:28:15
================================================================================
[2025-02-27T12:29:05.029+0000] {manager.py:893} INFO - 
================================================================================
DAG File Processing Stats

File Path                      PID    Runtime      # DAGs    # Errors  Last Runtime    Last Run
-----------------------------  -----  ---------  --------  ----------  --------------  -------------------
/opt/airflow/dags/pipeline.py                           1           0  -1.07s          2025-02-27T12:28:45
================================================================================
[2025-02-27T12:29:33.872+0000] {manager.py:893} INFO - 
================================================================================
DAG File Processing Stats

File Path                      PID    Runtime      # DAGs    # Errors  Last Runtime    Last Run
-----------------------------  -----  ---------  --------  ----------  --------------  -------------------
/opt/airflow/dags/pipeline.py                           1           0  0.66s           2025-02-27T12:29:16
================================================================================
[2025-02-27T12:29:34.268+0000] {manager.py:759} INFO - Searching for files in /opt/airflow/dags
[2025-02-27T12:29:34.283+0000] {manager.py:762} INFO - There are 1 files in /opt/airflow/dags
[2025-02-27T12:30:02.733+0000] {manager.py:893} INFO - 
================================================================================
DAG File Processing Stats

File Path                      PID    Runtime      # DAGs    # Errors  Last Runtime    Last Run
-----------------------------  -----  ---------  --------  ----------  --------------  -------------------
/opt/airflow/dags/pipeline.py                           1           0  0.64s           2025-02-27T12:29:46
================================================================================
[2025-02-27T12:30:30.988+0000] {manager.py:893} INFO - 
================================================================================
DAG File Processing Stats

File Path                      PID    Runtime      # DAGs    # Errors  Last Runtime    Last Run
-----------------------------  -----  ---------  --------  ----------  --------------  -------------------
/opt/airflow/dags/pipeline.py                           1           0  0.76s           2025-02-27T12:30:17
================================================================================
[2025-02-27T12:30:59.870+0000] {manager.py:893} INFO - 
================================================================================
DAG File Processing Stats

File Path                      PID    Runtime      # DAGs    # Errors  Last Runtime    Last Run
-----------------------------  -----  ---------  --------  ----------  --------------  -------------------
/opt/airflow/dags/pipeline.py                           1           0  0.55s           2025-02-27T12:30:48
================================================================================
[2025-02-27T12:31:28.524+0000] {manager.py:893} INFO - 
================================================================================
DAG File Processing Stats

File Path                      PID    Runtime      # DAGs    # Errors  Last Runtime    Last Run
-----------------------------  -----  ---------  --------  ----------  --------------  -------------------
/opt/airflow/dags/pipeline.py                           1           0  1.17s           2025-02-27T12:31:18
================================================================================
[2025-02-27T12:31:57.125+0000] {manager.py:893} INFO - 
================================================================================
DAG File Processing Stats

File Path                      PID    Runtime      # DAGs    # Errors  Last Runtime    Last Run
-----------------------------  -----  ---------  --------  ----------  --------------  -------------------
/opt/airflow/dags/pipeline.py                           1           0  0.60s           2025-02-27T12:31:49
================================================================================
[2025-02-27T12:32:26.089+0000] {manager.py:893} INFO - 
================================================================================
DAG File Processing Stats

File Path                      PID    Runtime      # DAGs    # Errors  Last Runtime    Last Run
-----------------------------  -----  ---------  --------  ----------  --------------  -------------------
/opt/airflow/dags/pipeline.py                           1           0  0.64s           2025-02-27T12:32:20
================================================================================
[2025-02-27T12:32:54.736+0000] {manager.py:893} INFO - 
================================================================================
DAG File Processing Stats

File Path                      PID    Runtime      # DAGs    # Errors  Last Runtime    Last Run
-----------------------------  -----  ---------  --------  ----------  --------------  -------------------
/opt/airflow/dags/pipeline.py                           1           0  0.59s           2025-02-27T12:32:51
================================================================================
[2025-02-27T14:09:35.733+0000] {manager.py:759} INFO - Searching for files in /opt/airflow/dags
[2025-02-27T14:09:37.173+0000] {manager.py:762} INFO - There are 1 files in /opt/airflow/dags
[2025-02-27T14:09:57.229+0000] {manager.py:893} INFO - 
================================================================================
DAG File Processing Stats

File Path                      PID    Runtime      # DAGs    # Errors  Last Runtime    Last Run
-----------------------------  -----  ---------  --------  ----------  --------------  -------------------
/opt/airflow/dags/pipeline.py                           1           0  3.25s           2025-02-27T14:09:40
================================================================================
[2025-02-27T14:10:27.753+0000] {manager.py:893} INFO - 
================================================================================
DAG File Processing Stats

File Path                      PID    Runtime      # DAGs    # Errors  Last Runtime    Last Run
-----------------------------  -----  ---------  --------  ----------  --------------  -------------------
/opt/airflow/dags/pipeline.py                           1           0  0.70s           2025-02-27T14:10:11
================================================================================
[2025-02-27T14:10:56.463+0000] {manager.py:893} INFO - 
================================================================================
DAG File Processing Stats

File Path                      PID    Runtime      # DAGs    # Errors  Last Runtime    Last Run
-----------------------------  -----  ---------  --------  ----------  --------------  -------------------
/opt/airflow/dags/pipeline.py                           1           0  0.57s           2025-02-27T14:10:42
================================================================================
[2025-02-27T14:11:25.402+0000] {manager.py:893} INFO - 
================================================================================
DAG File Processing Stats

File Path                      PID    Runtime      # DAGs    # Errors  Last Runtime    Last Run
-----------------------------  -----  ---------  --------  ----------  --------------  -------------------
/opt/airflow/dags/pipeline.py                           1           0  0.52s           2025-02-27T14:11:13
================================================================================
[2025-02-27T14:11:53.821+0000] {manager.py:893} INFO - 
================================================================================
DAG File Processing Stats

File Path                      PID    Runtime      # DAGs    # Errors  Last Runtime    Last Run
-----------------------------  -----  ---------  --------  ----------  --------------  -------------------
/opt/airflow/dags/pipeline.py                           1           0  0.86s           2025-02-27T14:11:44
================================================================================
[2025-02-27T14:12:22.170+0000] {manager.py:893} INFO - 
================================================================================
DAG File Processing Stats

File Path                      PID    Runtime      # DAGs    # Errors  Last Runtime    Last Run
-----------------------------  -----  ---------  --------  ----------  --------------  -------------------
/opt/airflow/dags/pipeline.py                           1           0  0.79s           2025-02-27T14:12:16
================================================================================
[2025-02-27T14:12:51.130+0000] {manager.py:893} INFO - 
================================================================================
DAG File Processing Stats

File Path                      PID    Runtime      # DAGs    # Errors  Last Runtime    Last Run
-----------------------------  -----  ---------  --------  ----------  --------------  -------------------
/opt/airflow/dags/pipeline.py                           1           0  0.61s           2025-02-27T14:12:47
================================================================================
[2025-02-27T14:13:19.594+0000] {manager.py:893} INFO - 
================================================================================
DAG File Processing Stats

File Path                      PID    Runtime      # DAGs    # Errors  Last Runtime    Last Run
-----------------------------  -----  ---------  --------  ----------  --------------  -------------------
/opt/airflow/dags/pipeline.py                           1           0  0.57s           2025-02-27T14:13:17
================================================================================
[2025-02-27T14:13:47.969+0000] {manager.py:893} INFO - 
================================================================================
DAG File Processing Stats

File Path                      PID    Runtime      # DAGs    # Errors  Last Runtime    Last Run
-----------------------------  -----  ---------  --------  ----------  --------------  -------------------
/opt/airflow/dags/pipeline.py                           1           0  0.57s           2025-02-27T14:13:17
================================================================================
[2025-02-27T14:14:16.388+0000] {manager.py:893} INFO - 
================================================================================
DAG File Processing Stats

File Path                      PID    Runtime      # DAGs    # Errors  Last Runtime    Last Run
-----------------------------  -----  ---------  --------  ----------  --------------  -------------------
/opt/airflow/dags/pipeline.py                           1           0  0.57s           2025-02-27T14:13:49
================================================================================
[2025-02-27T14:14:36.472+0000] {manager.py:759} INFO - Searching for files in /opt/airflow/dags
[2025-02-27T14:14:36.522+0000] {manager.py:762} INFO - There are 1 files in /opt/airflow/dags
[2025-02-27T14:14:44.609+0000] {manager.py:893} INFO - 
================================================================================
DAG File Processing Stats

File Path                      PID    Runtime      # DAGs    # Errors  Last Runtime    Last Run
-----------------------------  -----  ---------  --------  ----------  --------------  -------------------
/opt/airflow/dags/pipeline.py                           1           0  0.85s           2025-02-27T14:14:20
================================================================================
[2025-02-27T14:15:12.854+0000] {manager.py:893} INFO - 
================================================================================
DAG File Processing Stats

File Path                      PID    Runtime      # DAGs    # Errors  Last Runtime    Last Run
-----------------------------  -----  ---------  --------  ----------  --------------  -------------------
/opt/airflow/dags/pipeline.py                           1           0  0.92s           2025-02-27T14:14:51
================================================================================
[2025-02-27T14:15:41.133+0000] {manager.py:893} INFO - 
================================================================================
DAG File Processing Stats

File Path                      PID    Runtime      # DAGs    # Errors  Last Runtime    Last Run
-----------------------------  -----  ---------  --------  ----------  --------------  -------------------
/opt/airflow/dags/pipeline.py                           1           0  0.61s           2025-02-27T14:15:22
================================================================================
[2025-02-27T14:16:09.369+0000] {manager.py:893} INFO - 
================================================================================
DAG File Processing Stats

File Path                      PID    Runtime      # DAGs    # Errors  Last Runtime    Last Run
-----------------------------  -----  ---------  --------  ----------  --------------  -------------------
/opt/airflow/dags/pipeline.py                           1           0  0.87s           2025-02-27T14:15:53
================================================================================
[2025-02-27T14:16:37.651+0000] {manager.py:893} INFO - 
================================================================================
DAG File Processing Stats

File Path                      PID    Runtime      # DAGs    # Errors  Last Runtime    Last Run
-----------------------------  -----  ---------  --------  ----------  --------------  -------------------
/opt/airflow/dags/pipeline.py                           1           0  0.71s           2025-02-27T14:16:24
================================================================================
[2025-02-27T14:17:06.190+0000] {manager.py:893} INFO - 
================================================================================
DAG File Processing Stats

File Path                      PID    Runtime      # DAGs    # Errors  Last Runtime    Last Run
-----------------------------  -----  ---------  --------  ----------  --------------  -------------------
/opt/airflow/dags/pipeline.py                           1           0  0.63s           2025-02-27T14:16:55
================================================================================
[2025-02-27T14:17:34.467+0000] {manager.py:893} INFO - 
================================================================================
DAG File Processing Stats

File Path                      PID    Runtime      # DAGs    # Errors  Last Runtime    Last Run
-----------------------------  -----  ---------  --------  ----------  --------------  -------------------
/opt/airflow/dags/pipeline.py                           1           0  0.80s           2025-02-27T14:17:14
================================================================================
[2025-02-27T14:18:00.973+0000] {manager.py:893} INFO - 
================================================================================
DAG File Processing Stats

File Path                      PID    Runtime      # DAGs    # Errors  Last Runtime    Last Run
-----------------------------  -----  ---------  --------  ----------  --------------  -------------------
/opt/airflow/dags/pipeline.py                           1           0  0.67s           2025-02-27T14:17:45
================================================================================
[2025-02-27T14:18:29.183+0000] {manager.py:893} INFO - 
================================================================================
DAG File Processing Stats

File Path                      PID    Runtime      # DAGs    # Errors  Last Runtime    Last Run
-----------------------------  -----  ---------  --------  ----------  --------------  -------------------
/opt/airflow/dags/pipeline.py                           1           0  0.66s           2025-02-27T14:18:16
================================================================================
[2025-02-27T14:18:57.786+0000] {manager.py:893} INFO - 
================================================================================
DAG File Processing Stats

File Path                      PID    Runtime      # DAGs    # Errors  Last Runtime    Last Run
-----------------------------  -----  ---------  --------  ----------  --------------  -------------------
/opt/airflow/dags/pipeline.py                           1           0  0.50s           2025-02-27T14:18:47
================================================================================
[2025-02-27T14:19:26.132+0000] {manager.py:893} INFO - 
================================================================================
DAG File Processing Stats

File Path                      PID    Runtime      # DAGs    # Errors  Last Runtime    Last Run
-----------------------------  -----  ---------  --------  ----------  --------------  -------------------
/opt/airflow/dags/pipeline.py                           1           0  0.66s           2025-02-27T14:19:18
================================================================================
[2025-02-27T14:19:37.219+0000] {manager.py:759} INFO - Searching for files in /opt/airflow/dags
[2025-02-27T14:19:37.233+0000] {manager.py:762} INFO - There are 1 files in /opt/airflow/dags
[2025-02-27T14:19:54.656+0000] {manager.py:893} INFO - 
================================================================================
DAG File Processing Stats

File Path                      PID    Runtime      # DAGs    # Errors  Last Runtime    Last Run
-----------------------------  -----  ---------  --------  ----------  --------------  -------------------
/opt/airflow/dags/pipeline.py                           1           0  0.68s           2025-02-27T14:19:49
================================================================================
[2025-02-27T14:20:22.965+0000] {manager.py:893} INFO - 
================================================================================
DAG File Processing Stats

File Path                      PID    Runtime      # DAGs    # Errors  Last Runtime    Last Run
-----------------------------  -----  ---------  --------  ----------  --------------  -------------------
/opt/airflow/dags/pipeline.py                           1           0  0.58s           2025-02-27T14:20:20
================================================================================
[2025-02-27T14:20:51.439+0000] {manager.py:893} INFO - 
================================================================================
DAG File Processing Stats

File Path                      PID    Runtime      # DAGs    # Errors  Last Runtime    Last Run
-----------------------------  -----  ---------  --------  ----------  --------------  -------------------
/opt/airflow/dags/pipeline.py                           1           0  0.69s           2025-02-27T14:20:50
================================================================================
[2025-02-27T14:21:19.749+0000] {manager.py:893} INFO - 
================================================================================
DAG File Processing Stats

File Path                      PID    Runtime      # DAGs    # Errors  Last Runtime    Last Run
-----------------------------  -----  ---------  --------  ----------  --------------  -------------------
/opt/airflow/dags/pipeline.py                           1           0  0.69s           2025-02-27T14:20:50
================================================================================
[2025-02-27T14:21:48.125+0000] {manager.py:893} INFO - 
================================================================================
DAG File Processing Stats

File Path                      PID    Runtime      # DAGs    # Errors  Last Runtime    Last Run
-----------------------------  -----  ---------  --------  ----------  --------------  -------------------
/opt/airflow/dags/pipeline.py                           1           0  0.59s           2025-02-27T14:21:22
================================================================================
[2025-02-27T14:22:16.654+0000] {manager.py:893} INFO - 
================================================================================
DAG File Processing Stats

File Path                      PID    Runtime      # DAGs    # Errors  Last Runtime    Last Run
-----------------------------  -----  ---------  --------  ----------  --------------  -------------------
/opt/airflow/dags/pipeline.py                           1           0  0.64s           2025-02-27T14:21:52
================================================================================
[2025-02-27T14:22:44.969+0000] {manager.py:893} INFO - 
================================================================================
DAG File Processing Stats

File Path                      PID    Runtime      # DAGs    # Errors  Last Runtime    Last Run
-----------------------------  -----  ---------  --------  ----------  --------------  -------------------
/opt/airflow/dags/pipeline.py                           1           0  0.64s           2025-02-27T14:22:23
================================================================================
[2025-02-27T14:23:13.407+0000] {manager.py:893} INFO - 
================================================================================
DAG File Processing Stats

File Path                      PID    Runtime      # DAGs    # Errors  Last Runtime    Last Run
-----------------------------  -----  ---------  --------  ----------  --------------  -------------------
/opt/airflow/dags/pipeline.py                           1           0  0.62s           2025-02-27T14:22:54
================================================================================
[2025-02-27T14:23:41.714+0000] {manager.py:893} INFO - 
================================================================================
DAG File Processing Stats

File Path                      PID    Runtime      # DAGs    # Errors  Last Runtime    Last Run
-----------------------------  -----  ---------  --------  ----------  --------------  -------------------
/opt/airflow/dags/pipeline.py                           1           0  0.72s           2025-02-27T14:23:25
================================================================================
[2025-02-27T14:24:09.887+0000] {manager.py:893} INFO - 
================================================================================
DAG File Processing Stats

File Path                      PID    Runtime      # DAGs    # Errors  Last Runtime    Last Run
-----------------------------  -----  ---------  --------  ----------  --------------  -------------------
/opt/airflow/dags/pipeline.py                           1           0  0.71s           2025-02-27T14:23:56
================================================================================
[2025-02-27T14:24:37.436+0000] {manager.py:759} INFO - Searching for files in /opt/airflow/dags
[2025-02-27T14:24:37.481+0000] {manager.py:762} INFO - There are 1 files in /opt/airflow/dags
[2025-02-27T14:24:38.508+0000] {manager.py:893} INFO - 
================================================================================
DAG File Processing Stats

File Path                      PID    Runtime      # DAGs    # Errors  Last Runtime    Last Run
-----------------------------  -----  ---------  --------  ----------  --------------  -------------------
/opt/airflow/dags/pipeline.py                           1           0  1.48s           2025-02-27T14:24:28
================================================================================
[2025-02-27T14:25:06.606+0000] {manager.py:893} INFO - 
================================================================================
DAG File Processing Stats

File Path                      PID    Runtime      # DAGs    # Errors  Last Runtime    Last Run
-----------------------------  -----  ---------  --------  ----------  --------------  -------------------
/opt/airflow/dags/pipeline.py                           1           0  0.71s           2025-02-27T14:24:59
================================================================================
[2025-02-27T14:25:35.416+0000] {manager.py:893} INFO - 
================================================================================
DAG File Processing Stats

File Path                      PID    Runtime      # DAGs    # Errors  Last Runtime    Last Run
-----------------------------  -----  ---------  --------  ----------  --------------  -------------------
/opt/airflow/dags/pipeline.py                           1           0  0.56s           2025-02-27T14:25:30
================================================================================
[2025-02-27T14:26:03.797+0000] {manager.py:893} INFO - 
================================================================================
DAG File Processing Stats

File Path                      PID    Runtime      # DAGs    # Errors  Last Runtime    Last Run
-----------------------------  -----  ---------  --------  ----------  --------------  -------------------
/opt/airflow/dags/pipeline.py                           1           0  0.61s           2025-02-27T14:26:01
================================================================================
[2025-02-27T14:26:32.082+0000] {manager.py:893} INFO - 
================================================================================
DAG File Processing Stats

File Path                        PID  Runtime      # DAGs    # Errors  Last Runtime    Last Run
-----------------------------  -----  ---------  --------  ----------  --------------  -------------------
/opt/airflow/dags/pipeline.py    988  0.40s             1           0  0.61s           2025-02-27T14:26:01
================================================================================
[2025-02-27T14:27:00.424+0000] {manager.py:893} INFO - 
================================================================================
DAG File Processing Stats

File Path                      PID    Runtime      # DAGs    # Errors  Last Runtime    Last Run
-----------------------------  -----  ---------  --------  ----------  --------------  -------------------
/opt/airflow/dags/pipeline.py                           1           0  0.73s           2025-02-27T14:26:32
================================================================================
[2025-02-27T14:27:28.997+0000] {manager.py:893} INFO - 
================================================================================
DAG File Processing Stats

File Path                      PID    Runtime      # DAGs    # Errors  Last Runtime    Last Run
-----------------------------  -----  ---------  --------  ----------  --------------  -------------------
/opt/airflow/dags/pipeline.py                           1           0  0.52s           2025-02-27T14:27:02
================================================================================
[2025-02-27T14:27:57.505+0000] {manager.py:893} INFO - 
================================================================================
DAG File Processing Stats

File Path                      PID    Runtime      # DAGs    # Errors  Last Runtime    Last Run
-----------------------------  -----  ---------  --------  ----------  --------------  -------------------
/opt/airflow/dags/pipeline.py                           1           0  0.63s           2025-02-27T14:27:33
================================================================================
[2025-02-27T14:28:25.834+0000] {manager.py:893} INFO - 
================================================================================
DAG File Processing Stats

File Path                      PID    Runtime      # DAGs    # Errors  Last Runtime    Last Run
-----------------------------  -----  ---------  --------  ----------  --------------  -------------------
/opt/airflow/dags/pipeline.py                           1           0  0.56s           2025-02-27T14:28:04
================================================================================
[2025-02-27T14:28:53.973+0000] {manager.py:893} INFO - 
================================================================================
DAG File Processing Stats

File Path                      PID    Runtime      # DAGs    # Errors  Last Runtime    Last Run
-----------------------------  -----  ---------  --------  ----------  --------------  -------------------
/opt/airflow/dags/pipeline.py                           1           0  1.79s           2025-02-27T14:28:36
================================================================================
[2025-02-27T14:29:22.332+0000] {manager.py:893} INFO - 
================================================================================
DAG File Processing Stats

File Path                      PID    Runtime      # DAGs    # Errors  Last Runtime    Last Run
-----------------------------  -----  ---------  --------  ----------  --------------  -------------------
/opt/airflow/dags/pipeline.py                           1           0  0.72s           2025-02-27T14:29:07
================================================================================
[2025-02-27T14:29:37.448+0000] {manager.py:759} INFO - Searching for files in /opt/airflow/dags
[2025-02-27T14:29:37.487+0000] {manager.py:762} INFO - There are 1 files in /opt/airflow/dags
[2025-02-27T14:29:50.747+0000] {manager.py:893} INFO - 
================================================================================
DAG File Processing Stats

File Path                      PID    Runtime      # DAGs    # Errors  Last Runtime    Last Run
-----------------------------  -----  ---------  --------  ----------  --------------  -------------------
/opt/airflow/dags/pipeline.py                           1           0  0.68s           2025-02-27T14:29:38
================================================================================
[2025-02-27T14:30:19.175+0000] {manager.py:893} INFO - 
================================================================================
DAG File Processing Stats

File Path                      PID    Runtime      # DAGs    # Errors  Last Runtime    Last Run
-----------------------------  -----  ---------  --------  ----------  --------------  -------------------
/opt/airflow/dags/pipeline.py                           1           0  0.60s           2025-02-27T14:30:09
================================================================================
[2025-02-27T14:30:47.618+0000] {manager.py:893} INFO - 
================================================================================
DAG File Processing Stats

File Path                      PID    Runtime      # DAGs    # Errors  Last Runtime    Last Run
-----------------------------  -----  ---------  --------  ----------  --------------  -------------------
/opt/airflow/dags/pipeline.py                           1           0  -0.99s          2025-02-27T14:30:38
================================================================================
[2025-02-27T14:31:16.413+0000] {manager.py:893} INFO - 
================================================================================
DAG File Processing Stats

File Path                      PID    Runtime      # DAGs    # Errors  Last Runtime    Last Run
-----------------------------  -----  ---------  --------  ----------  --------------  -------------------
/opt/airflow/dags/pipeline.py                           1           0  1.15s           2025-02-27T14:31:10
================================================================================
[2025-02-27T14:31:44.900+0000] {manager.py:893} INFO - 
================================================================================
DAG File Processing Stats

File Path                      PID    Runtime      # DAGs    # Errors  Last Runtime    Last Run
-----------------------------  -----  ---------  --------  ----------  --------------  -------------------
/opt/airflow/dags/pipeline.py                           1           0  0.56s           2025-02-27T14:31:41
================================================================================
[2025-02-27T14:32:13.257+0000] {manager.py:893} INFO - 
================================================================================
DAG File Processing Stats

File Path                      PID    Runtime      # DAGs    # Errors  Last Runtime    Last Run
-----------------------------  -----  ---------  --------  ----------  --------------  -------------------
/opt/airflow/dags/pipeline.py                           1           0  0.75s           2025-02-27T14:32:12
================================================================================
[2025-02-27T14:32:41.610+0000] {manager.py:893} INFO - 
================================================================================
DAG File Processing Stats

File Path                      PID    Runtime      # DAGs    # Errors  Last Runtime    Last Run
-----------------------------  -----  ---------  --------  ----------  --------------  -------------------
/opt/airflow/dags/pipeline.py                           1           0  0.75s           2025-02-27T14:32:12
================================================================================
[2025-02-27T14:33:10.052+0000] {manager.py:893} INFO - 
================================================================================
DAG File Processing Stats

File Path                      PID    Runtime      # DAGs    # Errors  Last Runtime    Last Run
-----------------------------  -----  ---------  --------  ----------  --------------  -------------------
/opt/airflow/dags/pipeline.py                           1           0  0.74s           2025-02-27T14:32:43
================================================================================
[2025-02-27T14:42:20.044+0000] {manager.py:759} INFO - Searching for files in /opt/airflow/dags
[2025-02-27T14:42:21.095+0000] {manager.py:762} INFO - There are 1 files in /opt/airflow/dags
[2025-02-27T14:42:34.237+0000] {manager.py:893} INFO - 
================================================================================
DAG File Processing Stats

File Path                      PID    Runtime      # DAGs    # Errors  Last Runtime    Last Run
-----------------------------  -----  ---------  --------  ----------  --------------  -------------------
/opt/airflow/dags/pipeline.py                           1           0  1.62s           2025-02-27T14:42:22
================================================================================
[2025-02-27T14:43:02.959+0000] {manager.py:893} INFO - 
================================================================================
DAG File Processing Stats

File Path                      PID    Runtime      # DAGs    # Errors  Last Runtime    Last Run
-----------------------------  -----  ---------  --------  ----------  --------------  -------------------
/opt/airflow/dags/pipeline.py                           1           0  -0.91s          2025-02-27T14:42:52
================================================================================
[2025-02-27T14:43:31.130+0000] {manager.py:893} INFO - 
================================================================================
DAG File Processing Stats

File Path                      PID    Runtime      # DAGs    # Errors  Last Runtime    Last Run
-----------------------------  -----  ---------  --------  ----------  --------------  -------------------
/opt/airflow/dags/pipeline.py                           1           0  0.81s           2025-02-27T14:43:23
================================================================================
[2025-02-27T14:43:59.809+0000] {manager.py:893} INFO - 
================================================================================
DAG File Processing Stats

File Path                      PID    Runtime      # DAGs    # Errors  Last Runtime    Last Run
-----------------------------  -----  ---------  --------  ----------  --------------  -------------------
/opt/airflow/dags/pipeline.py                           1           0  0.90s           2025-02-27T14:43:54
================================================================================
[2025-02-27T14:44:28.645+0000] {manager.py:893} INFO - 
================================================================================
DAG File Processing Stats

File Path                      PID    Runtime      # DAGs    # Errors  Last Runtime    Last Run
-----------------------------  -----  ---------  --------  ----------  --------------  -------------------
/opt/airflow/dags/pipeline.py                           1           0  1.36s           2025-02-27T14:44:25
================================================================================
[2025-02-27T14:44:52.064+0000] {manager.py:469} INFO - Exiting gracefully upon receiving signal 15
[2025-03-13T20:13:54.023+0000] {manager.py:487} INFO - Processing files using up to 2 processes at a time 
[2025-03-13T20:13:54.025+0000] {manager.py:488} INFO - Process each file at most once every 30 seconds
[2025-03-13T20:13:54.026+0000] {manager.py:489} INFO - Checking for new files in /opt/airflow/dags every 300 seconds
[2025-03-13T20:13:54.026+0000] {manager.py:759} INFO - Searching for files in /opt/airflow/dags
[2025-03-13T20:13:54.134+0000] {manager.py:762} INFO - There are 2 files in /opt/airflow/dags
[2025-03-13T20:13:54.337+0000] {manager.py:893} INFO - 
================================================================================
DAG File Processing Stats

File Path                                 PID  Runtime      # DAGs    # Errors  Last Runtime    Last Run
--------------------------------------  -----  ---------  --------  ----------  --------------  ----------
/opt/airflow/dags/ingest_historique.py    170  0.09s             0           0
/opt/airflow/dags/pipeline.py             167  0.11s             0           0
================================================================================
[2025-03-13T20:14:24.086+0000] {manager.py:893} INFO - 
================================================================================
DAG File Processing Stats

File Path                               PID    Runtime      # DAGs    # Errors  Last Runtime    Last Run
--------------------------------------  -----  ---------  --------  ----------  --------------  -------------------
/opt/airflow/dags/ingest_historique.py                           0           0  6.71s           2025-03-13T20:14:00
/opt/airflow/dags/pipeline.py                                    1           0  7.63s           2025-03-13T20:14:01
================================================================================
[2025-03-13T20:14:53.466+0000] {manager.py:893} INFO - 
================================================================================
DAG File Processing Stats

File Path                               PID    Runtime      # DAGs    # Errors  Last Runtime    Last Run
--------------------------------------  -----  ---------  --------  ----------  --------------  -------------------
/opt/airflow/dags/ingest_historique.py                           0           0  1.04s           2025-03-13T20:14:32
/opt/airflow/dags/pipeline.py                                    1           0  0.89s           2025-03-13T20:14:33
================================================================================
[2025-03-13T20:15:22.812+0000] {manager.py:893} INFO - 
================================================================================
DAG File Processing Stats

File Path                               PID    Runtime      # DAGs    # Errors  Last Runtime    Last Run
--------------------------------------  -----  ---------  --------  ----------  --------------  -------------------
/opt/airflow/dags/ingest_historique.py                           0           0  3.54s           2025-03-13T20:15:06
/opt/airflow/dags/pipeline.py                                    1           0  2.88s           2025-03-13T20:15:06
================================================================================
[2025-03-13T20:15:52.042+0000] {manager.py:893} INFO - 
================================================================================
DAG File Processing Stats

File Path                               PID    Runtime      # DAGs    # Errors  Last Runtime    Last Run
--------------------------------------  -----  ---------  --------  ----------  --------------  -------------------
/opt/airflow/dags/ingest_historique.py                           0           0  1.23s           2025-03-13T20:15:37
/opt/airflow/dags/pipeline.py                                    1           0  1.06s           2025-03-13T20:15:38
================================================================================
[2025-03-13T20:16:21.686+0000] {manager.py:893} INFO - 
================================================================================
DAG File Processing Stats

File Path                               PID    Runtime      # DAGs    # Errors  Last Runtime    Last Run
--------------------------------------  -----  ---------  --------  ----------  --------------  -------------------
/opt/airflow/dags/ingest_historique.py                           0           0  1.10s           2025-03-13T20:16:09
/opt/airflow/dags/pipeline.py                                    1           0  1.20s           2025-03-13T20:16:09
================================================================================
[2025-03-13T20:16:51.030+0000] {manager.py:893} INFO - 
================================================================================
DAG File Processing Stats

File Path                               PID    Runtime      # DAGs    # Errors  Last Runtime    Last Run
--------------------------------------  -----  ---------  --------  ----------  --------------  -------------------
/opt/airflow/dags/ingest_historique.py                           0           0  0.81s           2025-03-13T20:16:40
/opt/airflow/dags/pipeline.py                                    1           0  0.89s           2025-03-13T20:16:40
================================================================================
[2025-03-13T20:17:20.259+0000] {manager.py:893} INFO - 
================================================================================
DAG File Processing Stats

File Path                               PID    Runtime      # DAGs    # Errors  Last Runtime    Last Run
--------------------------------------  -----  ---------  --------  ----------  --------------  -------------------
/opt/airflow/dags/ingest_historique.py                           0           0  0.74s           2025-03-13T20:17:11
/opt/airflow/dags/pipeline.py                                    1           0  0.83s           2025-03-13T20:17:12
================================================================================
[2025-03-13T20:17:49.583+0000] {manager.py:893} INFO - 
================================================================================
DAG File Processing Stats

File Path                               PID    Runtime      # DAGs    # Errors  Last Runtime    Last Run
--------------------------------------  -----  ---------  --------  ----------  --------------  -------------------
/opt/airflow/dags/ingest_historique.py                           0           0  0.83s           2025-03-13T20:17:43
/opt/airflow/dags/pipeline.py                                    1           0  0.91s           2025-03-13T20:17:43
================================================================================
[2025-03-13T20:18:18.794+0000] {manager.py:893} INFO - 
================================================================================
DAG File Processing Stats

File Path                               PID    Runtime      # DAGs    # Errors  Last Runtime    Last Run
--------------------------------------  -----  ---------  --------  ----------  --------------  -------------------
/opt/airflow/dags/ingest_historique.py                           0           0  0.64s           2025-03-13T20:18:14
/opt/airflow/dags/pipeline.py                                    1           0  0.72s           2025-03-13T20:18:14
================================================================================
[2025-03-13T20:18:48.400+0000] {manager.py:893} INFO - 
================================================================================
DAG File Processing Stats

File Path                               PID    Runtime      # DAGs    # Errors  Last Runtime    Last Run
--------------------------------------  -----  ---------  --------  ----------  --------------  -------------------
/opt/airflow/dags/ingest_historique.py                           0           0  1.19s           2025-03-13T20:18:46
/opt/airflow/dags/pipeline.py                                    1           0  1.36s           2025-03-13T20:18:46
================================================================================
[2025-03-13T20:18:54.452+0000] {manager.py:759} INFO - Searching for files in /opt/airflow/dags
[2025-03-13T20:18:54.482+0000] {manager.py:762} INFO - There are 2 files in /opt/airflow/dags
[2025-03-13T20:19:17.958+0000] {manager.py:893} INFO - 
================================================================================
DAG File Processing Stats

File Path                                 PID  Runtime      # DAGs    # Errors  Last Runtime    Last Run
--------------------------------------  -----  ---------  --------  ----------  --------------  -------------------
/opt/airflow/dags/ingest_historique.py    290  1.02s             0           0  1.19s           2025-03-13T20:18:46
/opt/airflow/dags/pipeline.py             287  1.04s             1           0  1.36s           2025-03-13T20:18:46
================================================================================
[2025-03-13T20:19:47.825+0000] {manager.py:893} INFO - 
================================================================================
DAG File Processing Stats

File Path                               PID    Runtime      # DAGs    # Errors  Last Runtime    Last Run
--------------------------------------  -----  ---------  --------  ----------  --------------  -------------------
/opt/airflow/dags/ingest_historique.py                           0           0  1.11s           2025-03-13T20:19:18
/opt/airflow/dags/pipeline.py                                    1           0  1.28s           2025-03-13T20:19:18
================================================================================
[2025-03-13T20:20:16.995+0000] {manager.py:893} INFO - 
================================================================================
DAG File Processing Stats

File Path                               PID    Runtime      # DAGs    # Errors  Last Runtime    Last Run
--------------------------------------  -----  ---------  --------  ----------  --------------  -------------------
/opt/airflow/dags/ingest_historique.py                           0           0  1.67s           2025-03-13T20:19:50
/opt/airflow/dags/pipeline.py                                    1           0  1.85s           2025-03-13T20:19:50
================================================================================
[2025-03-13T20:20:46.601+0000] {manager.py:893} INFO - 
================================================================================
DAG File Processing Stats

File Path                               PID    Runtime      # DAGs    # Errors  Last Runtime    Last Run
--------------------------------------  -----  ---------  --------  ----------  --------------  -------------------
/opt/airflow/dags/ingest_historique.py                           0           0  1.17s           2025-03-13T20:20:22
/opt/airflow/dags/pipeline.py                                    1           0  1.30s           2025-03-13T20:20:22
================================================================================
[2025-03-13T20:21:15.759+0000] {manager.py:893} INFO - 
================================================================================
DAG File Processing Stats

File Path                               PID    Runtime      # DAGs    # Errors  Last Runtime    Last Run
--------------------------------------  -----  ---------  --------  ----------  --------------  -------------------
/opt/airflow/dags/ingest_historique.py                           0           0  0.65s           2025-03-13T20:20:53
/opt/airflow/dags/pipeline.py                                    1           0  0.73s           2025-03-13T20:20:53
================================================================================
[2025-03-13T20:21:45.847+0000] {manager.py:893} INFO - 
================================================================================
DAG File Processing Stats

File Path                               PID    Runtime      # DAGs    # Errors  Last Runtime    Last Run
--------------------------------------  -----  ---------  --------  ----------  --------------  -------------------
/opt/airflow/dags/ingest_historique.py                           0           0  1.56s           2025-03-13T20:21:25
/opt/airflow/dags/pipeline.py                                    1           0  1.69s           2025-03-13T20:21:25
================================================================================
[2025-03-13T20:22:15.012+0000] {manager.py:893} INFO - 
================================================================================
DAG File Processing Stats

File Path                               PID    Runtime      # DAGs    # Errors  Last Runtime    Last Run
--------------------------------------  -----  ---------  --------  ----------  --------------  -------------------
/opt/airflow/dags/ingest_historique.py                           0           0  0.74s           2025-03-13T20:21:56
/opt/airflow/dags/pipeline.py                                    1           0  0.84s           2025-03-13T20:21:56
================================================================================
[2025-03-13T20:22:45.119+0000] {manager.py:893} INFO - 
================================================================================
DAG File Processing Stats

File Path                               PID    Runtime      # DAGs    # Errors  Last Runtime    Last Run
--------------------------------------  -----  ---------  --------  ----------  --------------  -------------------
/opt/airflow/dags/ingest_historique.py                           0           0  0.65s           2025-03-13T20:22:27
/opt/airflow/dags/pipeline.py                                    1           0  0.72s           2025-03-13T20:22:27
================================================================================
[2025-03-13T20:23:14.641+0000] {manager.py:893} INFO - 
================================================================================
DAG File Processing Stats

File Path                               PID    Runtime      # DAGs    # Errors  Last Runtime    Last Run
--------------------------------------  -----  ---------  --------  ----------  --------------  -------------------
/opt/airflow/dags/ingest_historique.py                           0           0  1.03s           2025-03-13T20:22:59
/opt/airflow/dags/pipeline.py                                    1           0  1.16s           2025-03-13T20:22:59
================================================================================
[2025-03-13T20:23:44.182+0000] {manager.py:893} INFO - 
================================================================================
DAG File Processing Stats

File Path                               PID    Runtime      # DAGs    # Errors  Last Runtime    Last Run
--------------------------------------  -----  ---------  --------  ----------  --------------  -------------------
/opt/airflow/dags/ingest_historique.py                           0           0  1.11s           2025-03-13T20:23:30
/opt/airflow/dags/pipeline.py                                    1           0  1.21s           2025-03-13T20:23:31
================================================================================
[2025-03-13T20:23:55.273+0000] {manager.py:759} INFO - Searching for files in /opt/airflow/dags
[2025-03-13T20:23:55.314+0000] {manager.py:762} INFO - There are 2 files in /opt/airflow/dags
[2025-03-13T20:24:13.339+0000] {manager.py:893} INFO - 
================================================================================
DAG File Processing Stats

File Path                               PID    Runtime      # DAGs    # Errors  Last Runtime    Last Run
--------------------------------------  -----  ---------  --------  ----------  --------------  -------------------
/opt/airflow/dags/ingest_historique.py                           0           0  0.68s           2025-03-13T20:24:02
/opt/airflow/dags/pipeline.py                                    1           0  0.76s           2025-03-13T20:24:02
================================================================================
[2025-03-13T20:24:42.550+0000] {manager.py:893} INFO - 
================================================================================
DAG File Processing Stats

File Path                               PID    Runtime      # DAGs    # Errors  Last Runtime    Last Run
--------------------------------------  -----  ---------  --------  ----------  --------------  -------------------
/opt/airflow/dags/ingest_historique.py                           0           0  -0.07s          2025-03-13T20:24:32
/opt/airflow/dags/pipeline.py                                    1           0  -0.01s          2025-03-13T20:24:32
================================================================================
[2025-03-13T20:25:12.597+0000] {manager.py:893} INFO - 
================================================================================
DAG File Processing Stats

File Path                               PID    Runtime      # DAGs    # Errors  Last Runtime    Last Run
--------------------------------------  -----  ---------  --------  ----------  --------------  -------------------
/opt/airflow/dags/ingest_historique.py                           0           0  0.59s           2025-03-13T20:25:03
/opt/airflow/dags/pipeline.py                                    1           0  0.67s           2025-03-13T20:25:03
================================================================================
[2025-03-13T20:25:41.721+0000] {manager.py:893} INFO - 
================================================================================
DAG File Processing Stats

File Path                               PID    Runtime      # DAGs    # Errors  Last Runtime    Last Run
--------------------------------------  -----  ---------  --------  ----------  --------------  -------------------
/opt/airflow/dags/ingest_historique.py                           0           0  0.75s           2025-03-13T20:25:34
/opt/airflow/dags/pipeline.py                                    1           0  0.85s           2025-03-13T20:25:34
================================================================================
[2025-03-13T20:26:11.048+0000] {manager.py:893} INFO - 
================================================================================
DAG File Processing Stats

File Path                               PID    Runtime      # DAGs    # Errors  Last Runtime    Last Run
--------------------------------------  -----  ---------  --------  ----------  --------------  -------------------
/opt/airflow/dags/ingest_historique.py                           0           0  0.92s           2025-03-13T20:26:05
/opt/airflow/dags/pipeline.py                                    1           0  1.03s           2025-03-13T20:26:06
================================================================================
[2025-03-13T20:26:41.095+0000] {manager.py:893} INFO - 
================================================================================
DAG File Processing Stats

File Path                               PID    Runtime      # DAGs    # Errors  Last Runtime    Last Run
--------------------------------------  -----  ---------  --------  ----------  --------------  -------------------
/opt/airflow/dags/ingest_historique.py                           0           0  0.62s           2025-03-13T20:26:37
/opt/airflow/dags/pipeline.py                                    1           0  0.69s           2025-03-13T20:26:37
================================================================================
[2025-03-13T20:27:10.295+0000] {manager.py:893} INFO - 
================================================================================
DAG File Processing Stats

File Path                               PID    Runtime      # DAGs    # Errors  Last Runtime    Last Run
--------------------------------------  -----  ---------  --------  ----------  --------------  -------------------
/opt/airflow/dags/ingest_historique.py                           0           0  0.69s           2025-03-13T20:27:08
/opt/airflow/dags/pipeline.py                                    1           0  0.78s           2025-03-13T20:27:08
================================================================================
[2025-03-13T20:27:40.267+0000] {manager.py:893} INFO - 
================================================================================
DAG File Processing Stats

File Path                               PID    Runtime      # DAGs    # Errors  Last Runtime    Last Run
--------------------------------------  -----  ---------  --------  ----------  --------------  -------------------
/opt/airflow/dags/ingest_historique.py                           0           0  0.67s           2025-03-13T20:27:39
/opt/airflow/dags/pipeline.py                                    1           0  0.75s           2025-03-13T20:27:39
================================================================================
[2025-03-13T20:28:09.694+0000] {manager.py:893} INFO - 
================================================================================
DAG File Processing Stats

File Path                                 PID  Runtime      # DAGs    # Errors  Last Runtime    Last Run
--------------------------------------  -----  ---------  --------  ----------  --------------  -------------------
/opt/airflow/dags/ingest_historique.py    494  0.00s             0           0  0.67s           2025-03-13T20:27:39
/opt/airflow/dags/pipeline.py             491  0.01s             1           0  0.75s           2025-03-13T20:27:39
================================================================================
[2025-03-13T20:28:38.790+0000] {manager.py:893} INFO - 
================================================================================
DAG File Processing Stats

File Path                               PID    Runtime      # DAGs    # Errors  Last Runtime    Last Run
--------------------------------------  -----  ---------  --------  ----------  --------------  -------------------
/opt/airflow/dags/ingest_historique.py                           0           0  0.87s           2025-03-13T20:28:10
/opt/airflow/dags/pipeline.py                                    1           0  0.97s           2025-03-13T20:28:10
================================================================================
[2025-03-13T20:28:55.671+0000] {manager.py:759} INFO - Searching for files in /opt/airflow/dags
[2025-03-13T20:28:55.694+0000] {manager.py:762} INFO - There are 2 files in /opt/airflow/dags
[2025-03-13T20:29:08.832+0000] {manager.py:893} INFO - 
================================================================================
DAG File Processing Stats

File Path                               PID    Runtime      # DAGs    # Errors  Last Runtime    Last Run
--------------------------------------  -----  ---------  --------  ----------  --------------  -------------------
/opt/airflow/dags/ingest_historique.py                           0           0  0.61s           2025-03-13T20:28:41
/opt/airflow/dags/pipeline.py                                    1           0  0.71s           2025-03-13T20:28:41
================================================================================
[2025-03-13T20:29:38.809+0000] {manager.py:893} INFO - 
================================================================================
DAG File Processing Stats

File Path                               PID    Runtime      # DAGs    # Errors  Last Runtime    Last Run
--------------------------------------  -----  ---------  --------  ----------  --------------  -------------------
/opt/airflow/dags/ingest_historique.py                           0           0  0.59s           2025-03-13T20:29:12
/opt/airflow/dags/pipeline.py                                    1           0  0.67s           2025-03-13T20:29:12
================================================================================
[2025-03-13T20:30:08.186+0000] {manager.py:893} INFO - 
================================================================================
DAG File Processing Stats

File Path                               PID    Runtime      # DAGs    # Errors  Last Runtime    Last Run
--------------------------------------  -----  ---------  --------  ----------  --------------  -------------------
/opt/airflow/dags/ingest_historique.py                           0           0  1.00s           2025-03-13T20:29:43
/opt/airflow/dags/pipeline.py                                    1           0  1.23s           2025-03-13T20:29:44
================================================================================
[2025-03-13T20:30:38.190+0000] {manager.py:893} INFO - 
================================================================================
DAG File Processing Stats

File Path                               PID    Runtime      # DAGs    # Errors  Last Runtime    Last Run
--------------------------------------  -----  ---------  --------  ----------  --------------  -------------------
/opt/airflow/dags/ingest_historique.py                           0           0  0.59s           2025-03-13T20:30:14
/opt/airflow/dags/pipeline.py                                    1           0  0.69s           2025-03-13T20:30:14
================================================================================
[2025-03-13T20:31:08.242+0000] {manager.py:893} INFO - 
================================================================================
DAG File Processing Stats

File Path                               PID    Runtime      # DAGs    # Errors  Last Runtime    Last Run
--------------------------------------  -----  ---------  --------  ----------  --------------  -------------------
/opt/airflow/dags/ingest_historique.py                           0           0  0.61s           2025-03-13T20:30:45
/opt/airflow/dags/pipeline.py                                    1           0  0.71s           2025-03-13T20:30:46
================================================================================
[2025-03-13T20:31:37.488+0000] {manager.py:893} INFO - 
================================================================================
DAG File Processing Stats

File Path                               PID    Runtime      # DAGs    # Errors  Last Runtime    Last Run
--------------------------------------  -----  ---------  --------  ----------  --------------  -------------------
/opt/airflow/dags/ingest_historique.py                           0           0  0.84s           2025-03-13T20:31:17
/opt/airflow/dags/pipeline.py                                    1           0  0.94s           2025-03-13T20:31:17
================================================================================
[2025-03-13T20:32:06.621+0000] {manager.py:893} INFO - 
================================================================================
DAG File Processing Stats

File Path                               PID    Runtime      # DAGs    # Errors  Last Runtime    Last Run
--------------------------------------  -----  ---------  --------  ----------  --------------  -------------------
/opt/airflow/dags/ingest_historique.py                           0           0  0.64s           2025-03-13T20:31:48
/opt/airflow/dags/pipeline.py                                    1           0  0.77s           2025-03-13T20:31:48
================================================================================
[2025-03-13T20:32:36.544+0000] {manager.py:893} INFO - 
================================================================================
DAG File Processing Stats

File Path                               PID    Runtime      # DAGs    # Errors  Last Runtime    Last Run
--------------------------------------  -----  ---------  --------  ----------  --------------  -------------------
/opt/airflow/dags/ingest_historique.py                           0           0  0.71s           2025-03-13T20:32:19
/opt/airflow/dags/pipeline.py                                    1           0  0.78s           2025-03-13T20:32:19
================================================================================
[2025-03-13T20:33:05.823+0000] {manager.py:893} INFO - 
================================================================================
DAG File Processing Stats

File Path                               PID    Runtime      # DAGs    # Errors  Last Runtime    Last Run
--------------------------------------  -----  ---------  --------  ----------  --------------  -------------------
/opt/airflow/dags/ingest_historique.py                           0           0  0.91s           2025-03-13T20:32:50
/opt/airflow/dags/pipeline.py                                    1           0  1.01s           2025-03-13T20:32:50
================================================================================
[2025-03-13T20:33:35.051+0000] {manager.py:893} INFO - 
================================================================================
DAG File Processing Stats

File Path                               PID    Runtime      # DAGs    # Errors  Last Runtime    Last Run
--------------------------------------  -----  ---------  --------  ----------  --------------  -------------------
/opt/airflow/dags/ingest_historique.py                           0           0  2.75s           2025-03-13T20:33:23
/opt/airflow/dags/pipeline.py                                    1           0  3.06s           2025-03-13T20:33:24
================================================================================
[2025-03-13T20:33:55.820+0000] {manager.py:759} INFO - Searching for files in /opt/airflow/dags
[2025-03-13T20:33:55.907+0000] {manager.py:762} INFO - There are 2 files in /opt/airflow/dags
[2025-03-13T20:34:04.111+0000] {manager.py:893} INFO - 
================================================================================
DAG File Processing Stats

File Path                               PID    Runtime      # DAGs    # Errors  Last Runtime    Last Run
--------------------------------------  -----  ---------  --------  ----------  --------------  -------------------
/opt/airflow/dags/ingest_historique.py                           0           0  1.33s           2025-03-13T20:33:55
/opt/airflow/dags/pipeline.py                                    1           0  1.60s           2025-03-13T20:33:56
================================================================================
[2025-03-13T20:34:33.246+0000] {manager.py:893} INFO - 
================================================================================
DAG File Processing Stats

File Path                               PID    Runtime      # DAGs    # Errors  Last Runtime    Last Run
--------------------------------------  -----  ---------  --------  ----------  --------------  -------------------
/opt/airflow/dags/ingest_historique.py                           0           0  0.83s           2025-03-13T20:34:27
/opt/airflow/dags/pipeline.py                                    1           0  0.96s           2025-03-13T20:34:27
================================================================================
[2025-03-13T20:35:02.332+0000] {manager.py:893} INFO - 
================================================================================
DAG File Processing Stats

File Path                               PID    Runtime      # DAGs    # Errors  Last Runtime    Last Run
--------------------------------------  -----  ---------  --------  ----------  --------------  -------------------
/opt/airflow/dags/ingest_historique.py                           0           0  0.64s           2025-03-13T20:34:58
/opt/airflow/dags/pipeline.py                                    1           0  0.75s           2025-03-13T20:34:58
================================================================================
[2025-03-13T20:35:32.316+0000] {manager.py:893} INFO - 
================================================================================
DAG File Processing Stats

File Path                               PID    Runtime      # DAGs    # Errors  Last Runtime    Last Run
--------------------------------------  -----  ---------  --------  ----------  --------------  -------------------
/opt/airflow/dags/ingest_historique.py                           0           0  0.66s           2025-03-13T20:35:29
/opt/airflow/dags/pipeline.py                                    1           0  0.74s           2025-03-13T20:35:29
================================================================================
[2025-03-13T20:36:01.864+0000] {manager.py:893} INFO - 
================================================================================
DAG File Processing Stats

File Path                               PID    Runtime      # DAGs    # Errors  Last Runtime    Last Run
--------------------------------------  -----  ---------  --------  ----------  --------------  -------------------
/opt/airflow/dags/ingest_historique.py                           0           0  1.17s           2025-03-13T20:36:00
/opt/airflow/dags/pipeline.py                                    1           0  1.30s           2025-03-13T20:36:00
================================================================================
[2025-03-13T20:36:31.184+0000] {manager.py:893} INFO - 
================================================================================
DAG File Processing Stats

File Path                                 PID  Runtime      # DAGs    # Errors  Last Runtime    Last Run
--------------------------------------  -----  ---------  --------  ----------  --------------  -------------------
/opt/airflow/dags/ingest_historique.py    686  0.01s             0           0  1.17s           2025-03-13T20:36:00
/opt/airflow/dags/pipeline.py             683  0.02s             1           0  1.30s           2025-03-13T20:36:00
================================================================================
[2025-03-13T20:37:00.250+0000] {manager.py:893} INFO - 
================================================================================
DAG File Processing Stats

File Path                               PID    Runtime      # DAGs    # Errors  Last Runtime    Last Run
--------------------------------------  -----  ---------  --------  ----------  --------------  -------------------
/opt/airflow/dags/ingest_historique.py                           0           0  0.68s           2025-03-13T20:36:31
/opt/airflow/dags/pipeline.py                                    1           0  0.77s           2025-03-13T20:36:31
================================================================================
[2025-03-13T20:37:30.277+0000] {manager.py:893} INFO - 
================================================================================
DAG File Processing Stats

File Path                               PID    Runtime      # DAGs    # Errors  Last Runtime    Last Run
--------------------------------------  -----  ---------  --------  ----------  --------------  -------------------
/opt/airflow/dags/ingest_historique.py                           0           0  0.59s           2025-03-13T20:37:02
/opt/airflow/dags/pipeline.py                                    1           0  0.67s           2025-03-13T20:37:02
================================================================================
[2025-03-13T20:38:00.245+0000] {manager.py:893} INFO - 
================================================================================
DAG File Processing Stats

File Path                               PID    Runtime      # DAGs    # Errors  Last Runtime    Last Run
--------------------------------------  -----  ---------  --------  ----------  --------------  -------------------
/opt/airflow/dags/ingest_historique.py                           0           0  0.58s           2025-03-13T20:37:33
/opt/airflow/dags/pipeline.py                                    1           0  0.65s           2025-03-13T20:37:34
================================================================================
[2025-03-13T20:38:29.296+0000] {manager.py:893} INFO - 
================================================================================
DAG File Processing Stats

File Path                               PID    Runtime      # DAGs    # Errors  Last Runtime    Last Run
--------------------------------------  -----  ---------  --------  ----------  --------------  -------------------
/opt/airflow/dags/ingest_historique.py                           0           0  0.65s           2025-03-13T20:38:04
/opt/airflow/dags/pipeline.py                                    1           0  0.73s           2025-03-13T20:38:05
================================================================================
[2025-03-13T20:38:56.310+0000] {manager.py:759} INFO - Searching for files in /opt/airflow/dags
[2025-03-13T20:38:56.349+0000] {manager.py:762} INFO - There are 2 files in /opt/airflow/dags
[2025-03-13T20:38:58.379+0000] {manager.py:893} INFO - 
================================================================================
DAG File Processing Stats

File Path                               PID    Runtime      # DAGs    # Errors  Last Runtime    Last Run
--------------------------------------  -----  ---------  --------  ----------  --------------  -------------------
/opt/airflow/dags/ingest_historique.py                           0           0  -0.27s          2025-03-13T20:38:35
/opt/airflow/dags/pipeline.py                                    1           0  -0.19s          2025-03-13T20:38:35
================================================================================
[2025-03-13T20:39:28.172+0000] {manager.py:893} INFO - 
================================================================================
DAG File Processing Stats

File Path                               PID    Runtime      # DAGs    # Errors  Last Runtime    Last Run
--------------------------------------  -----  ---------  --------  ----------  --------------  -------------------
/opt/airflow/dags/ingest_historique.py                           0           0  1.40s           2025-03-13T20:39:06
/opt/airflow/dags/pipeline.py                                    1           0  1.54s           2025-03-13T20:39:07
================================================================================
[2025-03-13T20:39:58.154+0000] {manager.py:893} INFO - 
================================================================================
DAG File Processing Stats

File Path                               PID    Runtime      # DAGs    # Errors  Last Runtime    Last Run
--------------------------------------  -----  ---------  --------  ----------  --------------  -------------------
/opt/airflow/dags/ingest_historique.py                           0           0  0.58s           2025-03-13T20:39:37
/opt/airflow/dags/pipeline.py                                    1           0  0.66s           2025-03-13T20:39:38
================================================================================
[2025-03-13T20:40:27.715+0000] {manager.py:893} INFO - 
================================================================================
DAG File Processing Stats

File Path                               PID    Runtime      # DAGs    # Errors  Last Runtime    Last Run
--------------------------------------  -----  ---------  --------  ----------  --------------  -------------------
/opt/airflow/dags/ingest_historique.py                           0           0  1.19s           2025-03-13T20:40:09
/opt/airflow/dags/pipeline.py                                    1           0  1.35s           2025-03-13T20:40:09
================================================================================
[2025-03-13T20:40:57.231+0000] {manager.py:893} INFO - 
================================================================================
DAG File Processing Stats

File Path                               PID    Runtime      # DAGs    # Errors  Last Runtime    Last Run
--------------------------------------  -----  ---------  --------  ----------  --------------  -------------------
/opt/airflow/dags/ingest_historique.py                           0           0  1.12s           2025-03-13T20:40:41
/opt/airflow/dags/pipeline.py                                    1           0  1.29s           2025-03-13T20:40:41
================================================================================
[2025-03-13T20:41:26.427+0000] {manager.py:893} INFO - 
================================================================================
DAG File Processing Stats

File Path                               PID    Runtime      # DAGs    # Errors  Last Runtime    Last Run
--------------------------------------  -----  ---------  --------  ----------  --------------  -------------------
/opt/airflow/dags/ingest_historique.py                           0           0  0.91s           2025-03-13T20:41:12
/opt/airflow/dags/pipeline.py                                    1           0  1.01s           2025-03-13T20:41:12
================================================================================
[2025-03-13T20:41:55.490+0000] {manager.py:893} INFO - 
================================================================================
DAG File Processing Stats

File Path                               PID    Runtime      # DAGs    # Errors  Last Runtime    Last Run
--------------------------------------  -----  ---------  --------  ----------  --------------  -------------------
/opt/airflow/dags/ingest_historique.py                           0           0  0.64s           2025-03-13T20:41:43
/opt/airflow/dags/pipeline.py                                    1           0  0.73s           2025-03-13T20:41:43
================================================================================
[2025-03-13T20:42:24.585+0000] {manager.py:893} INFO - 
================================================================================
DAG File Processing Stats

File Path                               PID    Runtime      # DAGs    # Errors  Last Runtime    Last Run
--------------------------------------  -----  ---------  --------  ----------  --------------  -------------------
/opt/airflow/dags/ingest_historique.py                           0           0  0.79s           2025-03-13T20:42:14
/opt/airflow/dags/pipeline.py                                    1           0  0.86s           2025-03-13T20:42:14
================================================================================
[2025-03-13T20:42:53.671+0000] {manager.py:893} INFO - 
================================================================================
DAG File Processing Stats

File Path                               PID    Runtime      # DAGs    # Errors  Last Runtime    Last Run
--------------------------------------  -----  ---------  --------  ----------  --------------  -------------------
/opt/airflow/dags/ingest_historique.py                           0           0  0.65s           2025-03-13T20:42:45
/opt/airflow/dags/pipeline.py                                    1           0  0.77s           2025-03-13T20:42:45
================================================================================
[2025-03-13T20:43:22.745+0000] {manager.py:893} INFO - 
================================================================================
DAG File Processing Stats

File Path                               PID    Runtime      # DAGs    # Errors  Last Runtime    Last Run
--------------------------------------  -----  ---------  --------  ----------  --------------  -------------------
/opt/airflow/dags/ingest_historique.py                           0           0  0.86s           2025-03-13T20:43:16
/opt/airflow/dags/pipeline.py                                    1           0  0.95s           2025-03-13T20:43:16
================================================================================
[2025-03-13T20:43:52.004+0000] {manager.py:893} INFO - 
================================================================================
DAG File Processing Stats

File Path                               PID    Runtime      # DAGs    # Errors  Last Runtime    Last Run
--------------------------------------  -----  ---------  --------  ----------  --------------  -------------------
/opt/airflow/dags/ingest_historique.py                           0           0  0.95s           2025-03-13T20:43:47
/opt/airflow/dags/pipeline.py                                    1           0  1.06s           2025-03-13T20:43:47
================================================================================
[2025-03-13T20:43:57.048+0000] {manager.py:759} INFO - Searching for files in /opt/airflow/dags
[2025-03-13T20:43:57.065+0000] {manager.py:762} INFO - There are 2 files in /opt/airflow/dags
[2025-03-13T20:44:21.005+0000] {manager.py:893} INFO - 
================================================================================
DAG File Processing Stats

File Path                               PID    Runtime      # DAGs    # Errors  Last Runtime    Last Run
--------------------------------------  -----  ---------  --------  ----------  --------------  -------------------
/opt/airflow/dags/ingest_historique.py                           0           0  0.67s           2025-03-13T20:44:18
/opt/airflow/dags/pipeline.py                                    1           0  0.75s           2025-03-13T20:44:19
================================================================================
[2025-03-13T20:44:50.089+0000] {manager.py:893} INFO - 
================================================================================
DAG File Processing Stats

File Path                               PID    Runtime      # DAGs    # Errors  Last Runtime    Last Run
--------------------------------------  -----  ---------  --------  ----------  --------------  -------------------
/opt/airflow/dags/ingest_historique.py                           0           0  0.64s           2025-03-13T20:44:50
/opt/airflow/dags/pipeline.py                                    1           0  0.71s           2025-03-13T20:44:50
================================================================================
[2025-03-13T20:45:19.333+0000] {manager.py:893} INFO - 
================================================================================
DAG File Processing Stats

File Path                               PID    Runtime      # DAGs    # Errors  Last Runtime    Last Run
--------------------------------------  -----  ---------  --------  ----------  --------------  -------------------
/opt/airflow/dags/ingest_historique.py                           0           0  0.64s           2025-03-13T20:44:50
/opt/airflow/dags/pipeline.py                                    1           0  0.71s           2025-03-13T20:44:50
================================================================================
[2025-03-13T20:45:49.323+0000] {manager.py:893} INFO - 
================================================================================
DAG File Processing Stats

File Path                               PID    Runtime      # DAGs    # Errors  Last Runtime    Last Run
--------------------------------------  -----  ---------  --------  ----------  --------------  -------------------
/opt/airflow/dags/ingest_historique.py                           0           0  0.67s           2025-03-13T20:45:21
/opt/airflow/dags/pipeline.py                                    1           0  0.76s           2025-03-13T20:45:21
================================================================================
[2025-03-13T20:46:19.293+0000] {manager.py:893} INFO - 
================================================================================
DAG File Processing Stats

File Path                               PID    Runtime      # DAGs    # Errors  Last Runtime    Last Run
--------------------------------------  -----  ---------  --------  ----------  --------------  -------------------
/opt/airflow/dags/ingest_historique.py                           0           0  0.60s           2025-03-13T20:45:51
/opt/airflow/dags/pipeline.py                                    1           0  0.69s           2025-03-13T20:45:52
================================================================================
[2025-03-13T20:46:48.333+0000] {manager.py:893} INFO - 
================================================================================
DAG File Processing Stats

File Path                               PID    Runtime      # DAGs    # Errors  Last Runtime    Last Run
--------------------------------------  -----  ---------  --------  ----------  --------------  -------------------
/opt/airflow/dags/ingest_historique.py                           0           0  0.69s           2025-03-13T20:46:23
/opt/airflow/dags/pipeline.py                                    1           0  0.77s           2025-03-13T20:46:23
================================================================================
[2025-03-13T20:47:18.303+0000] {manager.py:893} INFO - 
================================================================================
DAG File Processing Stats

File Path                               PID    Runtime      # DAGs    # Errors  Last Runtime    Last Run
--------------------------------------  -----  ---------  --------  ----------  --------------  -------------------
/opt/airflow/dags/ingest_historique.py                           0           0  0.58s           2025-03-13T20:46:54
/opt/airflow/dags/pipeline.py                                    1           0  0.65s           2025-03-13T20:46:54
================================================================================
[2025-03-13T20:47:47.185+0000] {manager.py:893} INFO - 
================================================================================
DAG File Processing Stats

File Path                               PID    Runtime      # DAGs    # Errors  Last Runtime    Last Run
--------------------------------------  -----  ---------  --------  ----------  --------------  -------------------
/opt/airflow/dags/ingest_historique.py                           0           0  0.55s           2025-03-13T20:47:24
/opt/airflow/dags/pipeline.py                                    1           0  0.63s           2025-03-13T20:47:24
================================================================================
[2025-03-13T20:48:17.134+0000] {manager.py:893} INFO - 
================================================================================
DAG File Processing Stats

File Path                               PID    Runtime      # DAGs    # Errors  Last Runtime    Last Run
--------------------------------------  -----  ---------  --------  ----------  --------------  -------------------
/opt/airflow/dags/ingest_historique.py                           0           0  0.61s           2025-03-13T20:47:55
/opt/airflow/dags/pipeline.py                                    1           0  0.70s           2025-03-13T20:47:55
================================================================================
[2025-03-13T20:48:46.182+0000] {manager.py:893} INFO - 
================================================================================
DAG File Processing Stats

File Path                               PID    Runtime      # DAGs    # Errors  Last Runtime    Last Run
--------------------------------------  -----  ---------  --------  ----------  --------------  -------------------
/opt/airflow/dags/ingest_historique.py                           0           0  0.58s           2025-03-13T20:48:26
/opt/airflow/dags/pipeline.py                                    1           0  0.67s           2025-03-13T20:48:26
================================================================================
[2025-03-13T20:48:57.142+0000] {manager.py:759} INFO - Searching for files in /opt/airflow/dags
[2025-03-13T20:48:57.172+0000] {manager.py:762} INFO - There are 2 files in /opt/airflow/dags
[2025-03-13T20:49:16.050+0000] {manager.py:893} INFO - 
================================================================================
DAG File Processing Stats

File Path                               PID    Runtime      # DAGs    # Errors  Last Runtime    Last Run
--------------------------------------  -----  ---------  --------  ----------  --------------  -------------------
/opt/airflow/dags/ingest_historique.py                           0           0  0.61s           2025-03-13T20:48:57
/opt/airflow/dags/pipeline.py                                    1           0  0.69s           2025-03-13T20:48:57
================================================================================
[2025-03-13T20:49:45.979+0000] {manager.py:893} INFO - 
================================================================================
DAG File Processing Stats

File Path                               PID    Runtime      # DAGs    # Errors  Last Runtime    Last Run
--------------------------------------  -----  ---------  --------  ----------  --------------  -------------------
/opt/airflow/dags/ingest_historique.py                           0           0  0.53s           2025-03-13T20:49:28
/opt/airflow/dags/pipeline.py                                    1           0  0.60s           2025-03-13T20:49:28
================================================================================
[2025-03-13T20:50:15.155+0000] {manager.py:893} INFO - 
================================================================================
DAG File Processing Stats

File Path                               PID    Runtime      # DAGs    # Errors  Last Runtime    Last Run
--------------------------------------  -----  ---------  --------  ----------  --------------  -------------------
/opt/airflow/dags/ingest_historique.py                           0           0  0.83s           2025-03-13T20:49:59
/opt/airflow/dags/pipeline.py                                    1           0  0.88s           2025-03-13T20:50:00
================================================================================
[2025-03-13T20:50:44.188+0000] {manager.py:893} INFO - 
================================================================================
DAG File Processing Stats

File Path                               PID    Runtime      # DAGs    # Errors  Last Runtime    Last Run
--------------------------------------  -----  ---------  --------  ----------  --------------  -------------------
/opt/airflow/dags/ingest_historique.py                           0           0  0.71s           2025-03-13T20:50:31
/opt/airflow/dags/pipeline.py                                    1           0  0.81s           2025-03-13T20:50:31
================================================================================
[2025-03-13T20:51:14.145+0000] {manager.py:893} INFO - 
================================================================================
DAG File Processing Stats

File Path                               PID    Runtime      # DAGs    # Errors  Last Runtime    Last Run
--------------------------------------  -----  ---------  --------  ----------  --------------  -------------------
/opt/airflow/dags/ingest_historique.py                           0           0  0.63s           2025-03-13T20:51:02
/opt/airflow/dags/pipeline.py                                    1           0  0.70s           2025-03-13T20:51:02
================================================================================
[2025-03-13T20:51:44.059+0000] {manager.py:893} INFO - 
================================================================================
DAG File Processing Stats

File Path                               PID    Runtime      # DAGs    # Errors  Last Runtime    Last Run
--------------------------------------  -----  ---------  --------  ----------  --------------  -------------------
/opt/airflow/dags/ingest_historique.py                           0           0  0.64s           2025-03-13T20:51:32
/opt/airflow/dags/pipeline.py                                    1           0  0.72s           2025-03-13T20:51:33
================================================================================
[2025-03-13T20:52:13.046+0000] {manager.py:893} INFO - 
================================================================================
DAG File Processing Stats

File Path                               PID    Runtime      # DAGs    # Errors  Last Runtime    Last Run
--------------------------------------  -----  ---------  --------  ----------  --------------  -------------------
/opt/airflow/dags/ingest_historique.py                           0           0  0.61s           2025-03-13T20:52:03
/opt/airflow/dags/pipeline.py                                    1           0  0.70s           2025-03-13T20:52:03
================================================================================
[2025-03-13T20:52:42.937+0000] {manager.py:893} INFO - 
================================================================================
DAG File Processing Stats

File Path                               PID    Runtime      # DAGs    # Errors  Last Runtime    Last Run
--------------------------------------  -----  ---------  --------  ----------  --------------  -------------------
/opt/airflow/dags/ingest_historique.py                           0           0  0.63s           2025-03-13T20:52:34
/opt/airflow/dags/pipeline.py                                    1           0  0.70s           2025-03-13T20:52:34
================================================================================
[2025-03-13T20:53:11.953+0000] {manager.py:893} INFO - 
================================================================================
DAG File Processing Stats

File Path                               PID    Runtime      # DAGs    # Errors  Last Runtime    Last Run
--------------------------------------  -----  ---------  --------  ----------  --------------  -------------------
/opt/airflow/dags/ingest_historique.py                           0           0  0.71s           2025-03-13T20:53:05
/opt/airflow/dags/pipeline.py                                    1           0  0.78s           2025-03-13T20:53:05
================================================================================
[2025-03-13T20:53:41.277+0000] {manager.py:893} INFO - 
================================================================================
DAG File Processing Stats

File Path                               PID    Runtime      # DAGs    # Errors  Last Runtime    Last Run
--------------------------------------  -----  ---------  --------  ----------  --------------  -------------------
/opt/airflow/dags/ingest_historique.py                           0           0  1.05s           2025-03-13T20:53:37
/opt/airflow/dags/pipeline.py                                    1           0  1.17s           2025-03-13T20:53:37
================================================================================
[2025-03-13T20:53:57.422+0000] {manager.py:759} INFO - Searching for files in /opt/airflow/dags
[2025-03-13T20:53:57.467+0000] {manager.py:762} INFO - There are 2 files in /opt/airflow/dags
[2025-03-13T20:54:10.357+0000] {manager.py:893} INFO - 
================================================================================
DAG File Processing Stats

File Path                               PID    Runtime      # DAGs    # Errors  Last Runtime    Last Run
--------------------------------------  -----  ---------  --------  ----------  --------------  -------------------
/opt/airflow/dags/ingest_historique.py                           0           0  0.73s           2025-03-13T20:54:08
/opt/airflow/dags/pipeline.py                                    1           0  0.83s           2025-03-13T20:54:08
================================================================================
[2025-03-13T20:54:39.343+0000] {manager.py:893} INFO - 
================================================================================
DAG File Processing Stats

File Path                               PID    Runtime      # DAGs    # Errors  Last Runtime    Last Run
--------------------------------------  -----  ---------  --------  ----------  --------------  -------------------
/opt/airflow/dags/ingest_historique.py                           0           0  0.67s           2025-03-13T20:54:39
/opt/airflow/dags/pipeline.py                                    1           0  0.74s           2025-03-13T20:54:39
================================================================================
[2025-03-13T20:55:08.538+0000] {manager.py:893} INFO - 
================================================================================
DAG File Processing Stats

File Path                               PID    Runtime      # DAGs    # Errors  Last Runtime    Last Run
--------------------------------------  -----  ---------  --------  ----------  --------------  -------------------
/opt/airflow/dags/ingest_historique.py                           0           0  0.67s           2025-03-13T20:54:39
/opt/airflow/dags/pipeline.py                                    1           0  0.74s           2025-03-13T20:54:39
================================================================================
[2025-03-13T20:55:37.560+0000] {manager.py:893} INFO - 
================================================================================
DAG File Processing Stats

File Path                               PID    Runtime      # DAGs    # Errors  Last Runtime    Last Run
--------------------------------------  -----  ---------  --------  ----------  --------------  -------------------
/opt/airflow/dags/ingest_historique.py                           0           0  0.71s           2025-03-13T20:55:10
/opt/airflow/dags/pipeline.py                                    1           0  0.82s           2025-03-13T20:55:10
================================================================================
[2025-03-13T20:56:06.601+0000] {manager.py:893} INFO - 
================================================================================
DAG File Processing Stats

File Path                               PID    Runtime      # DAGs    # Errors  Last Runtime    Last Run
--------------------------------------  -----  ---------  --------  ----------  --------------  -------------------
/opt/airflow/dags/ingest_historique.py                           0           0  0.70s           2025-03-13T20:55:41
/opt/airflow/dags/pipeline.py                                    1           0  0.81s           2025-03-13T20:55:41
================================================================================
[2025-03-13T20:56:36.423+0000] {manager.py:893} INFO - 
================================================================================
DAG File Processing Stats

File Path                               PID    Runtime      # DAGs    # Errors  Last Runtime    Last Run
--------------------------------------  -----  ---------  --------  ----------  --------------  -------------------
/opt/airflow/dags/ingest_historique.py                           0           0  0.64s           2025-03-13T20:56:12
/opt/airflow/dags/pipeline.py                                    1           0  0.73s           2025-03-13T20:56:12
================================================================================
[2025-03-13T20:57:05.421+0000] {manager.py:893} INFO - 
================================================================================
DAG File Processing Stats

File Path                               PID    Runtime      # DAGs    # Errors  Last Runtime    Last Run
--------------------------------------  -----  ---------  --------  ----------  --------------  -------------------
/opt/airflow/dags/ingest_historique.py                           0           0  0.74s           2025-03-13T20:56:43
/opt/airflow/dags/pipeline.py                                    1           0  0.86s           2025-03-13T20:56:43
================================================================================
[2025-03-13T20:57:34.764+0000] {manager.py:893} INFO - 
================================================================================
DAG File Processing Stats

File Path                               PID    Runtime      # DAGs    # Errors  Last Runtime    Last Run
--------------------------------------  -----  ---------  --------  ----------  --------------  -------------------
/opt/airflow/dags/ingest_historique.py                           0           0  0.95s           2025-03-13T20:57:14
/opt/airflow/dags/pipeline.py                                    1           0  1.10s           2025-03-13T20:57:14
================================================================================
[2025-03-13T20:58:03.758+0000] {manager.py:893} INFO - 
================================================================================
DAG File Processing Stats

File Path                               PID    Runtime      # DAGs    # Errors  Last Runtime    Last Run
--------------------------------------  -----  ---------  --------  ----------  --------------  -------------------
/opt/airflow/dags/ingest_historique.py                           0           0  0.71s           2025-03-13T20:57:45
/opt/airflow/dags/pipeline.py                                    1           0  0.81s           2025-03-13T20:57:45
================================================================================
[2025-03-13T20:58:32.947+0000] {manager.py:893} INFO - 
================================================================================
DAG File Processing Stats

File Path                               PID    Runtime      # DAGs    # Errors  Last Runtime    Last Run
--------------------------------------  -----  ---------  --------  ----------  --------------  -------------------
/opt/airflow/dags/ingest_historique.py                           0           0  0.93s           2025-03-13T20:58:16
/opt/airflow/dags/pipeline.py                                    1           0  1.03s           2025-03-13T20:58:16
================================================================================
[2025-03-13T20:58:57.836+0000] {manager.py:759} INFO - Searching for files in /opt/airflow/dags
[2025-03-13T20:58:57.861+0000] {manager.py:762} INFO - There are 2 files in /opt/airflow/dags
[2025-03-13T20:59:01.925+0000] {manager.py:893} INFO - 
================================================================================
DAG File Processing Stats

File Path                               PID    Runtime      # DAGs    # Errors  Last Runtime    Last Run
--------------------------------------  -----  ---------  --------  ----------  --------------  -------------------
/opt/airflow/dags/ingest_historique.py                           0           0  0.63s           2025-03-13T20:58:47
/opt/airflow/dags/pipeline.py                                    1           0  0.73s           2025-03-13T20:58:47
================================================================================
[2025-03-13T20:59:31.231+0000] {manager.py:893} INFO - 
================================================================================
DAG File Processing Stats

File Path                               PID    Runtime      # DAGs    # Errors  Last Runtime    Last Run
--------------------------------------  -----  ---------  --------  ----------  --------------  -------------------
/opt/airflow/dags/ingest_historique.py                           0           0  0.95s           2025-03-13T20:59:19
/opt/airflow/dags/pipeline.py                                    1           0  1.09s           2025-03-13T20:59:19
================================================================================
[2025-03-13T21:00:00.327+0000] {manager.py:893} INFO - 
================================================================================
DAG File Processing Stats

File Path                               PID    Runtime      # DAGs    # Errors  Last Runtime    Last Run
--------------------------------------  -----  ---------  --------  ----------  --------------  -------------------
/opt/airflow/dags/ingest_historique.py                           0           0  0.81s           2025-03-13T20:59:50
/opt/airflow/dags/pipeline.py                                    1           0  0.91s           2025-03-13T20:59:50
================================================================================
[2025-03-13T21:00:29.648+0000] {manager.py:893} INFO - 
================================================================================
DAG File Processing Stats

File Path                               PID    Runtime      # DAGs    # Errors  Last Runtime    Last Run
--------------------------------------  -----  ---------  --------  ----------  --------------  -------------------
/opt/airflow/dags/ingest_historique.py                           0           0  -0.08s          2025-03-13T21:00:20
/opt/airflow/dags/pipeline.py                                    1           0  0.06s           2025-03-13T21:00:20
================================================================================
[2025-03-13T21:00:58.759+0000] {manager.py:893} INFO - 
================================================================================
DAG File Processing Stats

File Path                               PID    Runtime      # DAGs    # Errors  Last Runtime    Last Run
--------------------------------------  -----  ---------  --------  ----------  --------------  -------------------
/opt/airflow/dags/ingest_historique.py                           0           0  0.87s           2025-03-13T21:00:51
/opt/airflow/dags/pipeline.py                                    1           0  0.96s           2025-03-13T21:00:51
================================================================================
[2025-03-13T21:01:28.077+0000] {manager.py:893} INFO - 
================================================================================
DAG File Processing Stats

File Path                               PID    Runtime      # DAGs    # Errors  Last Runtime    Last Run
--------------------------------------  -----  ---------  --------  ----------  --------------  -------------------
/opt/airflow/dags/ingest_historique.py                           0           0  0.91s           2025-03-13T21:01:22
/opt/airflow/dags/pipeline.py                                    1           0  1.02s           2025-03-13T21:01:22
================================================================================
[2025-03-13T21:01:57.919+0000] {manager.py:893} INFO - 
================================================================================
DAG File Processing Stats

File Path                               PID    Runtime      # DAGs    # Errors  Last Runtime    Last Run
--------------------------------------  -----  ---------  --------  ----------  --------------  -------------------
/opt/airflow/dags/ingest_historique.py                           0           0  0.56s           2025-03-13T21:01:53
/opt/airflow/dags/pipeline.py                                    1           0  0.66s           2025-03-13T21:01:53
================================================================================
[2025-03-13T21:02:27.839+0000] {manager.py:893} INFO - 
================================================================================
DAG File Processing Stats

File Path                               PID    Runtime      # DAGs    # Errors  Last Runtime    Last Run
--------------------------------------  -----  ---------  --------  ----------  --------------  -------------------
/opt/airflow/dags/ingest_historique.py                           0           0  0.59s           2025-03-13T21:02:24
/opt/airflow/dags/pipeline.py                                    1           0  0.66s           2025-03-13T21:02:24
================================================================================
[2025-03-13T21:02:56.849+0000] {manager.py:893} INFO - 
================================================================================
DAG File Processing Stats

File Path                               PID    Runtime      # DAGs    # Errors  Last Runtime    Last Run
--------------------------------------  -----  ---------  --------  ----------  --------------  -------------------
/opt/airflow/dags/ingest_historique.py                           0           0  0.63s           2025-03-13T21:02:55
/opt/airflow/dags/pipeline.py                                    1           0  0.70s           2025-03-13T21:02:55
================================================================================
[2025-03-13T21:03:26.036+0000] {manager.py:893} INFO - 
================================================================================
DAG File Processing Stats

File Path                                 PID  Runtime      # DAGs    # Errors  Last Runtime    Last Run
--------------------------------------  -----  ---------  --------  ----------  --------------  -------------------
/opt/airflow/dags/ingest_historique.py                           1           0  1.20s           2025-03-13T21:03:11
/opt/airflow/dags/pipeline.py            1313  0.00s             1           0  0.70s           2025-03-13T21:02:55
================================================================================
[2025-03-13T21:03:55.006+0000] {manager.py:893} INFO - 
================================================================================
DAG File Processing Stats

File Path                               PID    Runtime      # DAGs    # Errors  Last Runtime    Last Run
--------------------------------------  -----  ---------  --------  ----------  --------------  -------------------
/opt/airflow/dags/ingest_historique.py                           1           0  0.56s           2025-03-13T21:03:51
/opt/airflow/dags/pipeline.py                                    1           0  0.57s           2025-03-13T21:03:26
================================================================================
[2025-03-13T21:03:58.161+0000] {manager.py:759} INFO - Searching for files in /opt/airflow/dags
[2025-03-13T21:03:58.186+0000] {manager.py:762} INFO - There are 2 files in /opt/airflow/dags
[2025-03-13T21:04:23.964+0000] {manager.py:893} INFO - 
================================================================================
DAG File Processing Stats

File Path                               PID    Runtime      # DAGs    # Errors  Last Runtime    Last Run
--------------------------------------  -----  ---------  --------  ----------  --------------  -------------------
/opt/airflow/dags/ingest_historique.py                           1           0  0.70s           2025-03-13T21:03:57
/opt/airflow/dags/pipeline.py                                    1           0  0.69s           2025-03-13T21:03:57
================================================================================
[2025-03-13T21:04:53.257+0000] {manager.py:893} INFO - 
================================================================================
DAG File Processing Stats

File Path                               PID    Runtime      # DAGs    # Errors  Last Runtime    Last Run
--------------------------------------  -----  ---------  --------  ----------  --------------  -------------------
/opt/airflow/dags/ingest_historique.py                           1           0  0.64s           2025-03-13T21:04:28
/opt/airflow/dags/pipeline.py                                    1           0  0.72s           2025-03-13T21:04:28
================================================================================
[2025-03-13T21:05:22.904+0000] {manager.py:893} INFO - 
================================================================================
DAG File Processing Stats

File Path                               PID    Runtime      # DAGs    # Errors  Last Runtime    Last Run
--------------------------------------  -----  ---------  --------  ----------  --------------  -------------------
/opt/airflow/dags/ingest_historique.py                           1           0  3.13s           2025-03-13T21:05:01
/opt/airflow/dags/pipeline.py                                    1           0  3.45s           2025-03-13T21:05:02
================================================================================
[2025-03-13T21:05:52.178+0000] {manager.py:893} INFO - 
================================================================================
DAG File Processing Stats

File Path                               PID    Runtime      # DAGs    # Errors  Last Runtime    Last Run
--------------------------------------  -----  ---------  --------  ----------  --------------  -------------------
/opt/airflow/dags/ingest_historique.py                           1           0  6.94s           2025-03-13T21:05:39
/opt/airflow/dags/pipeline.py                                    1           0  6.84s           2025-03-13T21:05:39
================================================================================
[2025-03-13T21:06:21.150+0000] {manager.py:893} INFO - 
================================================================================
DAG File Processing Stats

File Path                               PID    Runtime      # DAGs    # Errors  Last Runtime    Last Run
--------------------------------------  -----  ---------  --------  ----------  --------------  -------------------
/opt/airflow/dags/ingest_historique.py                           0           1  0.58s           2025-03-13T21:06:20
/opt/airflow/dags/pipeline.py                                    1           0  1.67s           2025-03-13T21:06:11
================================================================================
[2025-03-13T21:06:50.074+0000] {manager.py:893} INFO - 
================================================================================
DAG File Processing Stats

File Path                               PID    Runtime      # DAGs    # Errors  Last Runtime    Last Run
--------------------------------------  -----  ---------  --------  ----------  --------------  -------------------
/opt/airflow/dags/ingest_historique.py                           1           0  1.40s           2025-03-13T21:06:41
/opt/airflow/dags/pipeline.py                                    1           0  0.95s           2025-03-13T21:06:43
================================================================================
[2025-03-13T21:07:19.845+0000] {manager.py:893} INFO - 
================================================================================
DAG File Processing Stats

File Path                               PID    Runtime      # DAGs    # Errors  Last Runtime    Last Run
--------------------------------------  -----  ---------  --------  ----------  --------------  -------------------
/opt/airflow/dags/ingest_historique.py                           1           0  0.52s           2025-03-13T21:07:11
/opt/airflow/dags/pipeline.py                                    1           0  0.55s           2025-03-13T21:07:13
================================================================================
[2025-03-13T21:07:49.678+0000] {manager.py:893} INFO - 
================================================================================
DAG File Processing Stats

File Path                               PID    Runtime      # DAGs    # Errors  Last Runtime    Last Run
--------------------------------------  -----  ---------  --------  ----------  --------------  -------------------
/opt/airflow/dags/ingest_historique.py                           1           0  0.49s           2025-03-13T21:07:42
/opt/airflow/dags/pipeline.py                                    1           0  0.51s           2025-03-13T21:07:44
================================================================================
[2025-03-13T21:08:18.965+0000] {manager.py:893} INFO - 
================================================================================
DAG File Processing Stats

File Path                               PID    Runtime      # DAGs    # Errors  Last Runtime    Last Run
--------------------------------------  -----  ---------  --------  ----------  --------------  -------------------
/opt/airflow/dags/ingest_historique.py                           1           0  0.82s           2025-03-13T21:08:13
/opt/airflow/dags/pipeline.py                                    1           0  0.63s           2025-03-13T21:08:15
================================================================================
[2025-03-13T21:08:48.351+0000] {manager.py:893} INFO - 
================================================================================
DAG File Processing Stats

File Path                               PID    Runtime      # DAGs    # Errors  Last Runtime    Last Run
--------------------------------------  -----  ---------  --------  ----------  --------------  -------------------
/opt/airflow/dags/ingest_historique.py                           1           0  0.63s           2025-03-13T21:08:44
/opt/airflow/dags/pipeline.py                                    1           0  0.60s           2025-03-13T21:08:46
================================================================================
[2025-03-13T21:08:58.444+0000] {manager.py:759} INFO - Searching for files in /opt/airflow/dags
[2025-03-13T21:08:58.481+0000] {manager.py:762} INFO - There are 2 files in /opt/airflow/dags
[2025-03-13T21:09:17.424+0000] {manager.py:893} INFO - 
================================================================================
DAG File Processing Stats

File Path                               PID    Runtime      # DAGs    # Errors  Last Runtime    Last Run
--------------------------------------  -----  ---------  --------  ----------  --------------  -------------------
/opt/airflow/dags/ingest_historique.py                           1           0  0.59s           2025-03-13T21:09:15
/opt/airflow/dags/pipeline.py                                    1           0  0.78s           2025-03-13T21:09:17
================================================================================
[2025-03-13T21:09:46.667+0000] {manager.py:893} INFO - 
================================================================================
DAG File Processing Stats

File Path                               PID    Runtime      # DAGs    # Errors  Last Runtime    Last Run
--------------------------------------  -----  ---------  --------  ----------  --------------  -------------------
/opt/airflow/dags/ingest_historique.py                           1           0  0.62s           2025-03-13T21:09:46
/opt/airflow/dags/pipeline.py                                    1           0  0.78s           2025-03-13T21:09:17
================================================================================
[2025-03-13T21:10:15.654+0000] {manager.py:893} INFO - 
================================================================================
DAG File Processing Stats

File Path                               PID    Runtime      # DAGs    # Errors  Last Runtime    Last Run
--------------------------------------  -----  ---------  --------  ----------  --------------  -------------------
/opt/airflow/dags/ingest_historique.py                           1           0  0.62s           2025-03-13T21:09:46
/opt/airflow/dags/pipeline.py                                    1           0  0.80s           2025-03-13T21:09:48
================================================================================
[2025-03-13T21:10:44.672+0000] {manager.py:893} INFO - 
================================================================================
DAG File Processing Stats

File Path                               PID    Runtime      # DAGs    # Errors  Last Runtime    Last Run
--------------------------------------  -----  ---------  --------  ----------  --------------  -------------------
/opt/airflow/dags/ingest_historique.py                           1           0  0.82s           2025-03-13T21:10:17
/opt/airflow/dags/pipeline.py                                    1           0  0.73s           2025-03-13T21:10:19
================================================================================
[2025-03-13T21:11:13.904+0000] {manager.py:893} INFO - 
================================================================================
DAG File Processing Stats

File Path                               PID    Runtime      # DAGs    # Errors  Last Runtime    Last Run
--------------------------------------  -----  ---------  --------  ----------  --------------  -------------------
/opt/airflow/dags/ingest_historique.py                           1           0  0.57s           2025-03-13T21:10:48
/opt/airflow/dags/pipeline.py                                    1           0  0.70s           2025-03-13T21:10:50
================================================================================
[2025-03-13T21:11:42.875+0000] {manager.py:893} INFO - 
================================================================================
DAG File Processing Stats

File Path                               PID    Runtime      # DAGs    # Errors  Last Runtime    Last Run
--------------------------------------  -----  ---------  --------  ----------  --------------  -------------------
/opt/airflow/dags/ingest_historique.py                           1           0  0.67s           2025-03-13T21:11:19
/opt/airflow/dags/pipeline.py                                    1           0  0.82s           2025-03-13T21:11:21
================================================================================
[2025-03-13T21:12:11.934+0000] {manager.py:893} INFO - 
================================================================================
DAG File Processing Stats

File Path                               PID    Runtime      # DAGs    # Errors  Last Runtime    Last Run
--------------------------------------  -----  ---------  --------  ----------  --------------  -------------------
/opt/airflow/dags/ingest_historique.py                           1           0  0.77s           2025-03-13T21:11:50
/opt/airflow/dags/pipeline.py                                    1           0  0.82s           2025-03-13T21:11:52
================================================================================
[2025-03-13T21:12:41.172+0000] {manager.py:893} INFO - 
================================================================================
DAG File Processing Stats

File Path                               PID    Runtime      # DAGs    # Errors  Last Runtime    Last Run
--------------------------------------  -----  ---------  --------  ----------  --------------  -------------------
/opt/airflow/dags/ingest_historique.py                           1           0  0.86s           2025-03-13T21:12:17
/opt/airflow/dags/pipeline.py                                    1           0  0.78s           2025-03-13T21:12:23
================================================================================
[2025-03-13T21:13:10.974+0000] {manager.py:893} INFO - 
================================================================================
DAG File Processing Stats

File Path                               PID    Runtime      # DAGs    # Errors  Last Runtime    Last Run
--------------------------------------  -----  ---------  --------  ----------  --------------  -------------------
/opt/airflow/dags/ingest_historique.py                           1           0  0.62s           2025-03-13T21:12:48
/opt/airflow/dags/pipeline.py                                    1           0  -0.38s          2025-03-13T21:12:52
================================================================================
[2025-03-13T21:13:40.097+0000] {manager.py:893} INFO - 
================================================================================
DAG File Processing Stats

File Path                               PID    Runtime      # DAGs    # Errors  Last Runtime    Last Run
--------------------------------------  -----  ---------  --------  ----------  --------------  -------------------
/opt/airflow/dags/ingest_historique.py                           1           0  0.75s           2025-03-13T21:13:19
/opt/airflow/dags/pipeline.py                                    1           0  0.97s           2025-03-13T21:13:24
================================================================================
[2025-03-13T21:13:58.967+0000] {manager.py:759} INFO - Searching for files in /opt/airflow/dags
[2025-03-13T21:13:59.259+0000] {manager.py:762} INFO - There are 2 files in /opt/airflow/dags
[2025-03-13T21:14:05.318+0000] {manager.py:469} INFO - Exiting gracefully upon receiving signal 15
[2025-03-13T21:14:49.439+0000] {manager.py:487} INFO - Processing files using up to 2 processes at a time 
[2025-03-13T21:14:49.440+0000] {manager.py:488} INFO - Process each file at most once every 30 seconds
[2025-03-13T21:14:49.441+0000] {manager.py:489} INFO - Checking for new files in /opt/airflow/dags every 300 seconds
[2025-03-13T21:14:49.441+0000] {manager.py:759} INFO - Searching for files in /opt/airflow/dags
[2025-03-13T21:14:49.466+0000] {manager.py:762} INFO - There are 2 files in /opt/airflow/dags
[2025-03-13T21:14:49.615+0000] {manager.py:893} INFO - 
================================================================================
DAG File Processing Stats

File Path                                 PID  Runtime      # DAGs    # Errors  Last Runtime    Last Run
--------------------------------------  -----  ---------  --------  ----------  --------------  ----------
/opt/airflow/dags/ingest_historique.py    165  0.08s             0           0
/opt/airflow/dags/pipeline.py             169  0.07s             0           0
================================================================================
[2025-03-13T21:15:18.996+0000] {manager.py:893} INFO - 
================================================================================
DAG File Processing Stats

File Path                               PID    Runtime      # DAGs    # Errors  Last Runtime    Last Run
--------------------------------------  -----  ---------  --------  ----------  --------------  -------------------
/opt/airflow/dags/ingest_historique.py                           1           0  2.56s           2025-03-13T21:14:52
/opt/airflow/dags/pipeline.py                                    1           0  2.55s           2025-03-13T21:14:52
================================================================================
[2025-03-13T21:15:48.818+0000] {manager.py:893} INFO - 
================================================================================
DAG File Processing Stats

File Path                               PID    Runtime      # DAGs    # Errors  Last Runtime    Last Run
--------------------------------------  -----  ---------  --------  ----------  --------------  -------------------
/opt/airflow/dags/ingest_historique.py                           1           0  1.20s           2025-03-13T21:15:23
/opt/airflow/dags/pipeline.py                                    1           0  1.16s           2025-03-13T21:15:23
================================================================================
[2025-03-13T21:16:18.086+0000] {manager.py:893} INFO - 
================================================================================
DAG File Processing Stats

File Path                               PID    Runtime      # DAGs    # Errors  Last Runtime    Last Run
--------------------------------------  -----  ---------  --------  ----------  --------------  -------------------
/opt/airflow/dags/ingest_historique.py                           1           0  0.96s           2025-03-13T21:15:54
/opt/airflow/dags/pipeline.py                                    1           0  0.95s           2025-03-13T21:15:54
================================================================================
[2025-03-13T21:16:47.430+0000] {manager.py:893} INFO - 
================================================================================
DAG File Processing Stats

File Path                               PID    Runtime      # DAGs    # Errors  Last Runtime    Last Run
--------------------------------------  -----  ---------  --------  ----------  --------------  -------------------
/opt/airflow/dags/ingest_historique.py                           1           0  1.14s           2025-03-13T21:16:26
/opt/airflow/dags/pipeline.py                                    1           0  1.10s           2025-03-13T21:16:26
================================================================================
[2025-03-13T21:17:16.566+0000] {manager.py:893} INFO - 
================================================================================
DAG File Processing Stats

File Path                               PID    Runtime      # DAGs    # Errors  Last Runtime    Last Run
--------------------------------------  -----  ---------  --------  ----------  --------------  -------------------
/opt/airflow/dags/ingest_historique.py                           1           0  0.86s           2025-03-13T21:16:57
/opt/airflow/dags/pipeline.py                                    1           0  0.88s           2025-03-13T21:16:57
================================================================================
[2025-03-13T21:17:45.706+0000] {manager.py:893} INFO - 
================================================================================
DAG File Processing Stats

File Path                               PID    Runtime      # DAGs    # Errors  Last Runtime    Last Run
--------------------------------------  -----  ---------  --------  ----------  --------------  -------------------
/opt/airflow/dags/ingest_historique.py                           1           0  0.75s           2025-03-13T21:17:28
/opt/airflow/dags/pipeline.py                                    1           0  0.74s           2025-03-13T21:17:28
================================================================================
[2025-03-13T21:18:14.805+0000] {manager.py:893} INFO - 
================================================================================
DAG File Processing Stats

File Path                               PID    Runtime      # DAGs    # Errors  Last Runtime    Last Run
--------------------------------------  -----  ---------  --------  ----------  --------------  -------------------
/opt/airflow/dags/ingest_historique.py                           1           0  0.81s           2025-03-13T21:17:59
/opt/airflow/dags/pipeline.py                                    1           0  0.80s           2025-03-13T21:17:59
================================================================================
[2025-03-13T21:18:43.889+0000] {manager.py:893} INFO - 
================================================================================
DAG File Processing Stats

File Path                               PID    Runtime      # DAGs    # Errors  Last Runtime    Last Run
--------------------------------------  -----  ---------  --------  ----------  --------------  -------------------
/opt/airflow/dags/ingest_historique.py                           1           0  0.80s           2025-03-13T21:18:30
/opt/airflow/dags/pipeline.py                                    1           0  0.81s           2025-03-13T21:18:30
================================================================================
[2025-03-13T21:19:12.824+0000] {manager.py:893} INFO - 
================================================================================
DAG File Processing Stats

File Path                               PID    Runtime      # DAGs    # Errors  Last Runtime    Last Run
--------------------------------------  -----  ---------  --------  ----------  --------------  -------------------
/opt/airflow/dags/ingest_historique.py                           1           0  0.66s           2025-03-13T21:19:01
/opt/airflow/dags/pipeline.py                                    1           0  0.66s           2025-03-13T21:19:01
================================================================================
[2025-03-13T21:19:41.817+0000] {manager.py:893} INFO - 
================================================================================
DAG File Processing Stats

File Path                               PID    Runtime      # DAGs    # Errors  Last Runtime    Last Run
--------------------------------------  -----  ---------  --------  ----------  --------------  -------------------
/opt/airflow/dags/ingest_historique.py                           1           0  0.71s           2025-03-13T21:19:32
/opt/airflow/dags/pipeline.py                                    1           0  0.70s           2025-03-13T21:19:32
================================================================================
[2025-03-13T21:19:43.917+0000] {manager.py:469} INFO - Exiting gracefully upon receiving signal 15
[2025-03-13T21:20:22.797+0000] {manager.py:487} INFO - Processing files using up to 2 processes at a time 
[2025-03-13T21:20:22.798+0000] {manager.py:488} INFO - Process each file at most once every 30 seconds
[2025-03-13T21:20:22.798+0000] {manager.py:489} INFO - Checking for new files in /opt/airflow/dags every 300 seconds
[2025-03-13T21:20:22.799+0000] {manager.py:759} INFO - Searching for files in /opt/airflow/dags
[2025-03-13T21:20:22.830+0000] {manager.py:762} INFO - There are 2 files in /opt/airflow/dags
[2025-03-13T21:20:22.947+0000] {manager.py:893} INFO - 
================================================================================
DAG File Processing Stats

File Path                                 PID  Runtime      # DAGs    # Errors  Last Runtime    Last Run
--------------------------------------  -----  ---------  --------  ----------  --------------  ----------
/opt/airflow/dags/ingest_historique.py    168  0.07s             0           0
/opt/airflow/dags/pipeline.py             171  0.05s             0           0
================================================================================
[2025-03-13T21:20:51.907+0000] {manager.py:893} INFO - 
================================================================================
DAG File Processing Stats

File Path                               PID    Runtime      # DAGs    # Errors  Last Runtime    Last Run
--------------------------------------  -----  ---------  --------  ----------  --------------  -------------------
/opt/airflow/dags/ingest_historique.py                           1           0  2.84s           2025-03-13T21:20:25
/opt/airflow/dags/pipeline.py                                    1           0  2.84s           2025-03-13T21:20:25
================================================================================
[2025-03-13T21:21:21.180+0000] {manager.py:893} INFO - 
================================================================================
DAG File Processing Stats

File Path                               PID    Runtime      # DAGs    # Errors  Last Runtime    Last Run
--------------------------------------  -----  ---------  --------  ----------  --------------  -------------------
/opt/airflow/dags/ingest_historique.py                           1           0  1.04s           2025-03-13T21:20:56
/opt/airflow/dags/pipeline.py                                    1           0  1.07s           2025-03-13T21:20:57
================================================================================
[2025-03-13T21:21:50.404+0000] {manager.py:893} INFO - 
================================================================================
DAG File Processing Stats

File Path                               PID    Runtime      # DAGs    # Errors  Last Runtime    Last Run
--------------------------------------  -----  ---------  --------  ----------  --------------  -------------------
/opt/airflow/dags/ingest_historique.py                           1           0  0.96s           2025-03-13T21:21:28
/opt/airflow/dags/pipeline.py                                    1           0  0.93s           2025-03-13T21:21:28
================================================================================
[2025-03-13T21:22:19.615+0000] {manager.py:893} INFO - 
================================================================================
DAG File Processing Stats

File Path                               PID    Runtime      # DAGs    # Errors  Last Runtime    Last Run
--------------------------------------  -----  ---------  --------  ----------  --------------  -------------------
/opt/airflow/dags/ingest_historique.py                           1           0  0.96s           2025-03-13T21:21:59
/opt/airflow/dags/pipeline.py                                    1           0  0.93s           2025-03-13T21:21:59
================================================================================
[2025-03-13T21:22:48.769+0000] {manager.py:893} INFO - 
================================================================================
DAG File Processing Stats

File Path                               PID    Runtime      # DAGs    # Errors  Last Runtime    Last Run
--------------------------------------  -----  ---------  --------  ----------  --------------  -------------------
/opt/airflow/dags/ingest_historique.py                           1           0  0.87s           2025-03-13T21:22:30
/opt/airflow/dags/pipeline.py                                    1           0  0.87s           2025-03-13T21:22:30
================================================================================
[2025-03-13T21:23:17.876+0000] {manager.py:893} INFO - 
================================================================================
DAG File Processing Stats

File Path                               PID    Runtime      # DAGs    # Errors  Last Runtime    Last Run
--------------------------------------  -----  ---------  --------  ----------  --------------  -------------------
/opt/airflow/dags/ingest_historique.py                           1           0  0.67s           2025-03-13T21:23:01
/opt/airflow/dags/pipeline.py                                    1           0  0.67s           2025-03-13T21:23:01
================================================================================
[2025-03-13T21:23:46.818+0000] {manager.py:893} INFO - 
================================================================================
DAG File Processing Stats

File Path                               PID    Runtime      # DAGs    # Errors  Last Runtime    Last Run
--------------------------------------  -----  ---------  --------  ----------  --------------  -------------------
/opt/airflow/dags/ingest_historique.py                           1           0  0.70s           2025-03-13T21:23:32
/opt/airflow/dags/pipeline.py                                    1           0  0.68s           2025-03-13T21:23:32
================================================================================
[2025-03-13T21:24:16.272+0000] {manager.py:893} INFO - 
================================================================================
DAG File Processing Stats

File Path                               PID    Runtime      # DAGs    # Errors  Last Runtime    Last Run
--------------------------------------  -----  ---------  --------  ----------  --------------  -------------------
/opt/airflow/dags/ingest_historique.py                           1           0  1.17s           2025-03-13T21:24:04
/opt/airflow/dags/pipeline.py                                    1           0  1.18s           2025-03-13T21:24:04
================================================================================
[2025-03-13T21:24:45.451+0000] {manager.py:893} INFO - 
================================================================================
DAG File Processing Stats

File Path                               PID    Runtime      # DAGs    # Errors  Last Runtime    Last Run
--------------------------------------  -----  ---------  --------  ----------  --------------  -------------------
/opt/airflow/dags/ingest_historique.py                           1           0  0.88s           2025-03-13T21:24:35
/opt/airflow/dags/pipeline.py                                    1           0  0.85s           2025-03-13T21:24:35
================================================================================
[2025-03-13T21:25:14.454+0000] {manager.py:893} INFO - 
================================================================================
DAG File Processing Stats

File Path                               PID    Runtime      # DAGs    # Errors  Last Runtime    Last Run
--------------------------------------  -----  ---------  --------  ----------  --------------  -------------------
/opt/airflow/dags/ingest_historique.py                           1           0  0.74s           2025-03-13T21:25:06
/opt/airflow/dags/pipeline.py                                    1           0  0.73s           2025-03-13T21:25:06
================================================================================
[2025-03-13T21:25:22.982+0000] {manager.py:759} INFO - Searching for files in /opt/airflow/dags
[2025-03-13T21:25:23.054+0000] {manager.py:762} INFO - There are 2 files in /opt/airflow/dags
[2025-03-13T21:25:43.452+0000] {manager.py:893} INFO - 
================================================================================
DAG File Processing Stats

File Path                               PID    Runtime      # DAGs    # Errors  Last Runtime    Last Run
--------------------------------------  -----  ---------  --------  ----------  --------------  -------------------
/opt/airflow/dags/ingest_historique.py                           1           0  0.70s           2025-03-13T21:25:37
/opt/airflow/dags/pipeline.py                                    1           0  0.67s           2025-03-13T21:25:37
================================================================================
[2025-03-13T21:26:12.524+0000] {manager.py:893} INFO - 
================================================================================
DAG File Processing Stats

File Path                               PID    Runtime      # DAGs    # Errors  Last Runtime    Last Run
--------------------------------------  -----  ---------  --------  ----------  --------------  -------------------
/opt/airflow/dags/ingest_historique.py                           1           0  1.06s           2025-03-13T21:26:08
/opt/airflow/dags/pipeline.py                                    1           0  1.04s           2025-03-13T21:26:08
================================================================================
[2025-03-13T21:26:41.820+0000] {manager.py:893} INFO - 
================================================================================
DAG File Processing Stats

File Path                               PID    Runtime      # DAGs    # Errors  Last Runtime    Last Run
--------------------------------------  -----  ---------  --------  ----------  --------------  -------------------
/opt/airflow/dags/ingest_historique.py                           1           0  1.06s           2025-03-13T21:26:39
/opt/airflow/dags/pipeline.py                                    1           0  1.04s           2025-03-13T21:26:39
================================================================================
[2025-03-13T21:27:10.847+0000] {manager.py:893} INFO - 
================================================================================
DAG File Processing Stats

File Path                                 PID  Runtime      # DAGs    # Errors  Last Runtime    Last Run
--------------------------------------  -----  ---------  --------  ----------  --------------  -------------------
/opt/airflow/dags/ingest_historique.py                           1           0  0.68s           2025-03-13T21:27:10
/opt/airflow/dags/pipeline.py             327  0.68s             1           0  1.04s           2025-03-13T21:26:39
================================================================================
[2025-03-13T21:27:40.098+0000] {manager.py:893} INFO - 
================================================================================
DAG File Processing Stats

File Path                               PID    Runtime      # DAGs    # Errors  Last Runtime    Last Run
--------------------------------------  -----  ---------  --------  ----------  --------------  -------------------
/opt/airflow/dags/ingest_historique.py                           1           0  0.68s           2025-03-13T21:27:10
/opt/airflow/dags/pipeline.py                                    1           0  0.68s           2025-03-13T21:27:10
================================================================================
[2025-03-13T21:28:09.512+0000] {manager.py:893} INFO - 
================================================================================
DAG File Processing Stats

File Path                               PID    Runtime      # DAGs    # Errors  Last Runtime    Last Run
--------------------------------------  -----  ---------  --------  ----------  --------------  -------------------
/opt/airflow/dags/ingest_historique.py                           1           0  1.09s           2025-03-13T21:27:42
/opt/airflow/dags/pipeline.py                                    1           0  1.07s           2025-03-13T21:27:42
================================================================================
[2025-03-13T21:28:38.681+0000] {manager.py:893} INFO - 
================================================================================
DAG File Processing Stats

File Path                               PID    Runtime      # DAGs    # Errors  Last Runtime    Last Run
--------------------------------------  -----  ---------  --------  ----------  --------------  -------------------
/opt/airflow/dags/ingest_historique.py                           1           0  0.92s           2025-03-13T21:28:13
/opt/airflow/dags/pipeline.py                                    1           0  0.89s           2025-03-13T21:28:13
================================================================================
[2025-03-13T21:29:07.628+0000] {manager.py:893} INFO - 
================================================================================
DAG File Processing Stats

File Path                               PID    Runtime      # DAGs    # Errors  Last Runtime    Last Run
--------------------------------------  -----  ---------  --------  ----------  --------------  -------------------
/opt/airflow/dags/ingest_historique.py                           1           0  0.69s           2025-03-13T21:28:44
/opt/airflow/dags/pipeline.py                                    1           0  0.67s           2025-03-13T21:28:44
================================================================================
[2025-03-13T21:29:36.744+0000] {manager.py:893} INFO - 
================================================================================
DAG File Processing Stats

File Path                               PID    Runtime      # DAGs    # Errors  Last Runtime    Last Run
--------------------------------------  -----  ---------  --------  ----------  --------------  -------------------
/opt/airflow/dags/ingest_historique.py                           1           0  0.80s           2025-03-13T21:29:15
/opt/airflow/dags/pipeline.py                                    1           0  0.81s           2025-03-13T21:29:15
================================================================================
[2025-03-13T21:30:05.984+0000] {manager.py:893} INFO - 
================================================================================
DAG File Processing Stats

File Path                               PID    Runtime      # DAGs    # Errors  Last Runtime    Last Run
--------------------------------------  -----  ---------  --------  ----------  --------------  -------------------
/opt/airflow/dags/ingest_historique.py                           1           0  0.63s           2025-03-13T21:29:46
/opt/airflow/dags/pipeline.py                                    1           0  0.61s           2025-03-13T21:29:46
================================================================================
[2025-03-13T21:30:23.097+0000] {manager.py:759} INFO - Searching for files in /opt/airflow/dags
[2025-03-13T21:30:23.160+0000] {manager.py:762} INFO - There are 2 files in /opt/airflow/dags
[2025-03-13T21:30:35.342+0000] {manager.py:893} INFO - 
================================================================================
DAG File Processing Stats

File Path                               PID    Runtime      # DAGs    # Errors  Last Runtime    Last Run
--------------------------------------  -----  ---------  --------  ----------  --------------  -------------------
/opt/airflow/dags/ingest_historique.py                           1           0  0.64s           2025-03-13T21:30:17
/opt/airflow/dags/pipeline.py                                    1           0  0.63s           2025-03-13T21:30:17
================================================================================
[2025-03-13T21:31:04.411+0000] {manager.py:893} INFO - 
================================================================================
DAG File Processing Stats

File Path                               PID    Runtime      # DAGs    # Errors  Last Runtime    Last Run
--------------------------------------  -----  ---------  --------  ----------  --------------  -------------------
/opt/airflow/dags/ingest_historique.py                           1           0  0.80s           2025-03-13T21:30:48
/opt/airflow/dags/pipeline.py                                    1           0  0.79s           2025-03-13T21:30:48
================================================================================
[2025-03-13T21:31:33.310+0000] {manager.py:893} INFO - 
================================================================================
DAG File Processing Stats

File Path                               PID    Runtime      # DAGs    # Errors  Last Runtime    Last Run
--------------------------------------  -----  ---------  --------  ----------  --------------  -------------------
/opt/airflow/dags/ingest_historique.py                           1           0  0.63s           2025-03-13T21:31:19
/opt/airflow/dags/pipeline.py                                    1           0  0.64s           2025-03-13T21:31:19
================================================================================
[2025-03-13T21:32:02.187+0000] {manager.py:893} INFO - 
================================================================================
DAG File Processing Stats

File Path                               PID    Runtime      # DAGs    # Errors  Last Runtime    Last Run
--------------------------------------  -----  ---------  --------  ----------  --------------  -------------------
/opt/airflow/dags/ingest_historique.py                           1           0  0.68s           2025-03-13T21:31:50
/opt/airflow/dags/pipeline.py                                    1           0  0.68s           2025-03-13T21:31:50
================================================================================
[2025-03-13T21:32:31.138+0000] {manager.py:893} INFO - 
================================================================================
DAG File Processing Stats

File Path                               PID    Runtime      # DAGs    # Errors  Last Runtime    Last Run
--------------------------------------  -----  ---------  --------  ----------  --------------  -------------------
/opt/airflow/dags/ingest_historique.py                           1           0  0.70s           2025-03-13T21:32:21
/opt/airflow/dags/pipeline.py                                    1           0  0.69s           2025-03-13T21:32:21
================================================================================
[2025-03-13T21:32:36.091+0000] {manager.py:469} INFO - Exiting gracefully upon receiving signal 15
[2025-03-13T21:33:10.511+0000] {manager.py:487} INFO - Processing files using up to 2 processes at a time 
[2025-03-13T21:33:10.512+0000] {manager.py:488} INFO - Process each file at most once every 30 seconds
[2025-03-13T21:33:10.512+0000] {manager.py:489} INFO - Checking for new files in /opt/airflow/dags every 300 seconds
[2025-03-13T21:33:10.513+0000] {manager.py:759} INFO - Searching for files in /opt/airflow/dags
[2025-03-13T21:33:10.555+0000] {manager.py:762} INFO - There are 2 files in /opt/airflow/dags
[2025-03-13T21:33:10.684+0000] {manager.py:893} INFO - 
================================================================================
DAG File Processing Stats

File Path                                 PID  Runtime      # DAGs    # Errors  Last Runtime    Last Run
--------------------------------------  -----  ---------  --------  ----------  --------------  ----------
/opt/airflow/dags/ingest_historique.py    167  0.07s             0           0
/opt/airflow/dags/pipeline.py             170  0.06s             0           0
================================================================================
[2025-03-13T21:33:39.848+0000] {manager.py:893} INFO - 
================================================================================
DAG File Processing Stats

File Path                               PID    Runtime      # DAGs    # Errors  Last Runtime    Last Run
--------------------------------------  -----  ---------  --------  ----------  --------------  -------------------
/opt/airflow/dags/ingest_historique.py                           1           0  2.38s           2025-03-13T21:33:12
/opt/airflow/dags/pipeline.py                                    1           0  2.35s           2025-03-13T21:33:12
================================================================================
[2025-03-13T21:34:09.375+0000] {manager.py:893} INFO - 
================================================================================
DAG File Processing Stats

File Path                               PID    Runtime      # DAGs    # Errors  Last Runtime    Last Run
--------------------------------------  -----  ---------  --------  ----------  --------------  -------------------
/opt/airflow/dags/ingest_historique.py                           1           0  1.33s           2025-03-13T21:33:44
/opt/airflow/dags/pipeline.py                                    1           0  1.32s           2025-03-13T21:33:44
================================================================================
[2025-03-13T21:34:38.622+0000] {manager.py:893} INFO - 
================================================================================
DAG File Processing Stats

File Path                               PID    Runtime      # DAGs    # Errors  Last Runtime    Last Run
--------------------------------------  -----  ---------  --------  ----------  --------------  -------------------
/opt/airflow/dags/ingest_historique.py                           1           0  0.85s           2025-03-13T21:34:15
/opt/airflow/dags/pipeline.py                                    1           0  0.83s           2025-03-13T21:34:15
================================================================================
[2025-03-13T21:35:07.681+0000] {manager.py:893} INFO - 
================================================================================
DAG File Processing Stats

File Path                               PID    Runtime      # DAGs    # Errors  Last Runtime    Last Run
--------------------------------------  -----  ---------  --------  ----------  --------------  -------------------
/opt/airflow/dags/ingest_historique.py                           1           0  0.82s           2025-03-13T21:34:46
/opt/airflow/dags/pipeline.py                                    1           0  0.80s           2025-03-13T21:34:46
================================================================================
[2025-03-13T21:35:36.864+0000] {manager.py:893} INFO - 
================================================================================
DAG File Processing Stats

File Path                               PID    Runtime      # DAGs    # Errors  Last Runtime    Last Run
--------------------------------------  -----  ---------  --------  ----------  --------------  -------------------
/opt/airflow/dags/ingest_historique.py                           1           0  0.96s           2025-03-13T21:35:17
/opt/airflow/dags/pipeline.py                                    1           0  0.94s           2025-03-13T21:35:17
================================================================================
[2025-03-13T21:36:06.048+0000] {manager.py:893} INFO - 
================================================================================
DAG File Processing Stats

File Path                               PID    Runtime      # DAGs    # Errors  Last Runtime    Last Run
--------------------------------------  -----  ---------  --------  ----------  --------------  -------------------
/opt/airflow/dags/ingest_historique.py                           1           0  0.82s           2025-03-13T21:35:48
/opt/airflow/dags/pipeline.py                                    1           0  0.81s           2025-03-13T21:35:48
================================================================================
[2025-03-13T21:36:35.016+0000] {manager.py:893} INFO - 
================================================================================
DAG File Processing Stats

File Path                               PID    Runtime      # DAGs    # Errors  Last Runtime    Last Run
--------------------------------------  -----  ---------  --------  ----------  --------------  -------------------
/opt/airflow/dags/ingest_historique.py                           1           0  0.77s           2025-03-13T21:36:19
/opt/airflow/dags/pipeline.py                                    1           0  0.76s           2025-03-13T21:36:19
================================================================================
[2025-03-13T21:37:04.052+0000] {manager.py:893} INFO - 
================================================================================
DAG File Processing Stats

File Path                               PID    Runtime      # DAGs    # Errors  Last Runtime    Last Run
--------------------------------------  -----  ---------  --------  ----------  --------------  -------------------
/opt/airflow/dags/ingest_historique.py                           1           0  1.82s           2025-03-13T21:36:52
/opt/airflow/dags/pipeline.py                                    1           0  1.84s           2025-03-13T21:36:52
================================================================================
[2025-03-13T21:37:33.339+0000] {manager.py:893} INFO - 
================================================================================
DAG File Processing Stats

File Path                               PID    Runtime      # DAGs    # Errors  Last Runtime    Last Run
--------------------------------------  -----  ---------  --------  ----------  --------------  -------------------
/opt/airflow/dags/ingest_historique.py                           1           0  1.04s           2025-03-13T21:37:23
/opt/airflow/dags/pipeline.py                                    1           0  1.02s           2025-03-13T21:37:23
================================================================================
[2025-03-13T21:38:03.093+0000] {manager.py:893} INFO - 
================================================================================
DAG File Processing Stats

File Path                               PID    Runtime      # DAGs    # Errors  Last Runtime    Last Run
--------------------------------------  -----  ---------  --------  ----------  --------------  -------------------
/opt/airflow/dags/ingest_historique.py                           1           0  1.57s           2025-03-13T21:37:55
/opt/airflow/dags/pipeline.py                                    1           0  1.56s           2025-03-13T21:37:55
================================================================================
[2025-03-13T21:38:11.169+0000] {manager.py:759} INFO - Searching for files in /opt/airflow/dags
[2025-03-13T21:38:11.215+0000] {manager.py:762} INFO - There are 2 files in /opt/airflow/dags
[2025-03-13T21:38:32.055+0000] {manager.py:893} INFO - 
================================================================================
DAG File Processing Stats

File Path                               PID    Runtime      # DAGs    # Errors  Last Runtime    Last Run
--------------------------------------  -----  ---------  --------  ----------  --------------  -------------------
/opt/airflow/dags/ingest_historique.py                           1           0  1.68s           2025-03-13T21:38:27
/opt/airflow/dags/pipeline.py                                    1           0  1.63s           2025-03-13T21:38:26
================================================================================
[2025-03-13T21:38:42.607+0000] {manager.py:469} INFO - Exiting gracefully upon receiving signal 15
[2025-03-13T21:39:22.249+0000] {manager.py:487} INFO - Processing files using up to 2 processes at a time 
[2025-03-13T21:39:22.252+0000] {manager.py:488} INFO - Process each file at most once every 30 seconds
[2025-03-13T21:39:22.252+0000] {manager.py:489} INFO - Checking for new files in /opt/airflow/dags every 300 seconds
[2025-03-13T21:39:22.253+0000] {manager.py:759} INFO - Searching for files in /opt/airflow/dags
[2025-03-13T21:39:22.289+0000] {manager.py:762} INFO - There are 2 files in /opt/airflow/dags
[2025-03-13T21:39:22.422+0000] {manager.py:893} INFO - 
================================================================================
DAG File Processing Stats

File Path                                 PID  Runtime      # DAGs    # Errors  Last Runtime    Last Run
--------------------------------------  -----  ---------  --------  ----------  --------------  ----------
/opt/airflow/dags/ingest_historique.py    167  0.07s             0           0
/opt/airflow/dags/pipeline.py             170  0.06s             0           0
================================================================================
[2025-03-13T21:39:51.584+0000] {manager.py:893} INFO - 
================================================================================
DAG File Processing Stats

File Path                               PID    Runtime      # DAGs    # Errors  Last Runtime    Last Run
--------------------------------------  -----  ---------  --------  ----------  --------------  -------------------
/opt/airflow/dags/ingest_historique.py                           1           0  2.70s           2025-03-13T21:39:25
/opt/airflow/dags/pipeline.py                                    1           0  2.70s           2025-03-13T21:39:25
================================================================================
[2025-03-13T21:40:20.499+0000] {manager.py:893} INFO - 
================================================================================
DAG File Processing Stats

File Path                               PID    Runtime      # DAGs    # Errors  Last Runtime    Last Run
--------------------------------------  -----  ---------  --------  ----------  --------------  -------------------
/opt/airflow/dags/ingest_historique.py                           1           0  1.12s           2025-03-13T21:39:56
/opt/airflow/dags/pipeline.py                                    1           0  1.06s           2025-03-13T21:39:56
================================================================================
[2025-03-13T21:40:49.669+0000] {manager.py:893} INFO - 
================================================================================
DAG File Processing Stats

File Path                               PID    Runtime      # DAGs    # Errors  Last Runtime    Last Run
--------------------------------------  -----  ---------  --------  ----------  --------------  -------------------
/opt/airflow/dags/ingest_historique.py                           1           0  0.94s           2025-03-13T21:40:27
/opt/airflow/dags/pipeline.py                                    1           0  0.90s           2025-03-13T21:40:27
================================================================================
[2025-03-13T21:41:18.915+0000] {manager.py:893} INFO - 
================================================================================
DAG File Processing Stats

File Path                               PID    Runtime      # DAGs    # Errors  Last Runtime    Last Run
--------------------------------------  -----  ---------  --------  ----------  --------------  -------------------
/opt/airflow/dags/ingest_historique.py                           1           0  1.02s           2025-03-13T21:40:58
/opt/airflow/dags/pipeline.py                                    1           0  1.06s           2025-03-13T21:40:58
================================================================================
[2025-03-13T21:41:48.050+0000] {manager.py:893} INFO - 
================================================================================
DAG File Processing Stats

File Path                               PID    Runtime      # DAGs    # Errors  Last Runtime    Last Run
--------------------------------------  -----  ---------  --------  ----------  --------------  -------------------
/opt/airflow/dags/ingest_historique.py                           1           0  0.90s           2025-03-13T21:41:29
/opt/airflow/dags/pipeline.py                                    1           0  0.88s           2025-03-13T21:41:29
================================================================================
[2025-03-13T21:42:17.376+0000] {manager.py:893} INFO - 
================================================================================
DAG File Processing Stats

File Path                               PID    Runtime      # DAGs    # Errors  Last Runtime    Last Run
--------------------------------------  -----  ---------  --------  ----------  --------------  -------------------
/opt/airflow/dags/ingest_historique.py                           1           0  0.96s           2025-03-13T21:42:01
/opt/airflow/dags/pipeline.py                                    1           0  0.94s           2025-03-13T21:42:01
================================================================================
[2025-03-13T21:42:46.378+0000] {manager.py:893} INFO - 
================================================================================
DAG File Processing Stats

File Path                               PID    Runtime      # DAGs    # Errors  Last Runtime    Last Run
--------------------------------------  -----  ---------  --------  ----------  --------------  -------------------
/opt/airflow/dags/ingest_historique.py                           1           0  0.80s           2025-03-13T21:42:32
/opt/airflow/dags/pipeline.py                                    1           0  0.78s           2025-03-13T21:42:32
================================================================================
[2025-03-13T21:43:15.464+0000] {manager.py:893} INFO - 
================================================================================
DAG File Processing Stats

File Path                               PID    Runtime      # DAGs    # Errors  Last Runtime    Last Run
--------------------------------------  -----  ---------  --------  ----------  --------------  -------------------
/opt/airflow/dags/ingest_historique.py                           1           0  0.89s           2025-03-13T21:43:03
/opt/airflow/dags/pipeline.py                                    1           0  0.86s           2025-03-13T21:43:03
================================================================================
[2025-03-13T21:43:44.481+0000] {manager.py:893} INFO - 
================================================================================
DAG File Processing Stats

File Path                               PID    Runtime      # DAGs    # Errors  Last Runtime    Last Run
--------------------------------------  -----  ---------  --------  ----------  --------------  -------------------
/opt/airflow/dags/ingest_historique.py                           1           0  0.79s           2025-03-13T21:43:34
/opt/airflow/dags/pipeline.py                                    1           0  0.78s           2025-03-13T21:43:34
================================================================================
[2025-03-13T21:44:13.561+0000] {manager.py:893} INFO - 
================================================================================
DAG File Processing Stats

File Path                               PID    Runtime      # DAGs    # Errors  Last Runtime    Last Run
--------------------------------------  -----  ---------  --------  ----------  --------------  -------------------
/opt/airflow/dags/ingest_historique.py                           1           0  0.88s           2025-03-13T21:44:05
/opt/airflow/dags/pipeline.py                                    1           0  0.85s           2025-03-13T21:44:05
================================================================================
[2025-03-13T21:44:22.671+0000] {manager.py:759} INFO - Searching for files in /opt/airflow/dags
[2025-03-13T21:44:22.744+0000] {manager.py:762} INFO - There are 2 files in /opt/airflow/dags
[2025-03-13T21:44:42.707+0000] {manager.py:893} INFO - 
================================================================================
DAG File Processing Stats

File Path                               PID    Runtime      # DAGs    # Errors  Last Runtime    Last Run
--------------------------------------  -----  ---------  --------  ----------  --------------  -------------------
/opt/airflow/dags/ingest_historique.py                           1           0  0.82s           2025-03-13T21:44:36
/opt/airflow/dags/pipeline.py                                    1           0  0.81s           2025-03-13T21:44:36
================================================================================
[2025-03-13T21:45:11.710+0000] {manager.py:893} INFO - 
================================================================================
DAG File Processing Stats

File Path                               PID    Runtime      # DAGs    # Errors  Last Runtime    Last Run
--------------------------------------  -----  ---------  --------  ----------  --------------  -------------------
/opt/airflow/dags/ingest_historique.py                           1           0  0.74s           2025-03-13T21:45:07
/opt/airflow/dags/pipeline.py                                    1           0  0.74s           2025-03-13T21:45:07
================================================================================
[2025-03-13T21:45:40.887+0000] {manager.py:893} INFO - 
================================================================================
DAG File Processing Stats

File Path                               PID    Runtime      # DAGs    # Errors  Last Runtime    Last Run
--------------------------------------  -----  ---------  --------  ----------  --------------  -------------------
/opt/airflow/dags/ingest_historique.py                           1           0  0.87s           2025-03-13T21:45:38
/opt/airflow/dags/pipeline.py                                    1           0  0.83s           2025-03-13T21:45:38
================================================================================
[2025-03-13T21:46:09.950+0000] {manager.py:893} INFO - 
================================================================================
DAG File Processing Stats

File Path                               PID    Runtime      # DAGs    # Errors  Last Runtime    Last Run
--------------------------------------  -----  ---------  --------  ----------  --------------  -------------------
/opt/airflow/dags/ingest_historique.py                           1           0  0.77s           2025-03-13T21:46:09
/opt/airflow/dags/pipeline.py                                    1           0  0.75s           2025-03-13T21:46:09
================================================================================
[2025-03-13T21:46:39.284+0000] {manager.py:893} INFO - 
================================================================================
DAG File Processing Stats

File Path                               PID    Runtime      # DAGs    # Errors  Last Runtime    Last Run
--------------------------------------  -----  ---------  --------  ----------  --------------  -------------------
/opt/airflow/dags/ingest_historique.py                           1           0  0.77s           2025-03-13T21:46:09
/opt/airflow/dags/pipeline.py                                    1           0  0.75s           2025-03-13T21:46:09
================================================================================
[2025-03-13T21:47:08.317+0000] {manager.py:893} INFO - 
================================================================================
DAG File Processing Stats

File Path                               PID    Runtime      # DAGs    # Errors  Last Runtime    Last Run
--------------------------------------  -----  ---------  --------  ----------  --------------  -------------------
/opt/airflow/dags/ingest_historique.py                           1           0  0.79s           2025-03-13T21:46:41
/opt/airflow/dags/pipeline.py                                    1           0  0.76s           2025-03-13T21:46:41
================================================================================
[2025-03-13T21:47:37.384+0000] {manager.py:893} INFO - 
================================================================================
DAG File Processing Stats

File Path                               PID    Runtime      # DAGs    # Errors  Last Runtime    Last Run
--------------------------------------  -----  ---------  --------  ----------  --------------  -------------------
/opt/airflow/dags/ingest_historique.py                           1           0  0.81s           2025-03-13T21:47:12
/opt/airflow/dags/pipeline.py                                    1           0  0.83s           2025-03-13T21:47:12
================================================================================
[2025-03-13T21:48:06.392+0000] {manager.py:893} INFO - 
================================================================================
DAG File Processing Stats

File Path                               PID    Runtime      # DAGs    # Errors  Last Runtime    Last Run
--------------------------------------  -----  ---------  --------  ----------  --------------  -------------------
/opt/airflow/dags/ingest_historique.py                           1           0  0.76s           2025-03-13T21:47:43
/opt/airflow/dags/pipeline.py                                    1           0  0.74s           2025-03-13T21:47:43
================================================================================
[2025-03-13T21:48:35.523+0000] {manager.py:893} INFO - 
================================================================================
DAG File Processing Stats

File Path                               PID    Runtime      # DAGs    # Errors  Last Runtime    Last Run
--------------------------------------  -----  ---------  --------  ----------  --------------  -------------------
/opt/airflow/dags/ingest_historique.py                           1           0  0.85s           2025-03-13T21:48:14
/opt/airflow/dags/pipeline.py                                    1           0  0.83s           2025-03-13T21:48:14
================================================================================
[2025-03-13T21:49:04.440+0000] {manager.py:893} INFO - 
================================================================================
DAG File Processing Stats

File Path                               PID    Runtime      # DAGs    # Errors  Last Runtime    Last Run
--------------------------------------  -----  ---------  --------  ----------  --------------  -------------------
/opt/airflow/dags/ingest_historique.py                           1           0  0.69s           2025-03-13T21:48:45
/opt/airflow/dags/pipeline.py                                    1           0  0.68s           2025-03-13T21:48:45
================================================================================
[2025-03-13T21:49:23.443+0000] {manager.py:759} INFO - Searching for files in /opt/airflow/dags
[2025-03-13T21:49:23.547+0000] {manager.py:762} INFO - There are 2 files in /opt/airflow/dags
[2025-03-13T21:49:33.570+0000] {manager.py:893} INFO - 
================================================================================
DAG File Processing Stats

File Path                               PID    Runtime      # DAGs    # Errors  Last Runtime    Last Run
--------------------------------------  -----  ---------  --------  ----------  --------------  -------------------
/opt/airflow/dags/ingest_historique.py                           1           0  0.76s           2025-03-13T21:49:16
/opt/airflow/dags/pipeline.py                                    1           0  0.77s           2025-03-13T21:49:16
================================================================================
[2025-03-13T21:50:02.678+0000] {manager.py:893} INFO - 
================================================================================
DAG File Processing Stats

File Path                               PID    Runtime      # DAGs    # Errors  Last Runtime    Last Run
--------------------------------------  -----  ---------  --------  ----------  --------------  -------------------
/opt/airflow/dags/ingest_historique.py                           1           0  0.78s           2025-03-13T21:49:47
/opt/airflow/dags/pipeline.py                                    1           0  0.76s           2025-03-13T21:49:47
================================================================================
[2025-03-13T21:50:31.600+0000] {manager.py:893} INFO - 
================================================================================
DAG File Processing Stats

File Path                               PID    Runtime      # DAGs    # Errors  Last Runtime    Last Run
--------------------------------------  -----  ---------  --------  ----------  --------------  -------------------
/opt/airflow/dags/ingest_historique.py                           1           0  0.69s           2025-03-13T21:50:18
/opt/airflow/dags/pipeline.py                                    1           0  0.69s           2025-03-13T21:50:18
================================================================================
[2025-03-13T21:51:00.764+0000] {manager.py:893} INFO - 
================================================================================
DAG File Processing Stats

File Path                               PID    Runtime      # DAGs    # Errors  Last Runtime    Last Run
--------------------------------------  -----  ---------  --------  ----------  --------------  -------------------
/opt/airflow/dags/ingest_historique.py                           1           0  0.92s           2025-03-13T21:50:49
/opt/airflow/dags/pipeline.py                                    1           0  0.89s           2025-03-13T21:50:49
================================================================================
[2025-03-13T21:51:29.745+0000] {manager.py:893} INFO - 
================================================================================
DAG File Processing Stats

File Path                               PID    Runtime      # DAGs    # Errors  Last Runtime    Last Run
--------------------------------------  -----  ---------  --------  ----------  --------------  -------------------
/opt/airflow/dags/ingest_historique.py                           1           0  0.69s           2025-03-13T21:51:20
/opt/airflow/dags/pipeline.py                                    1           0  0.71s           2025-03-13T21:51:20
================================================================================
[2025-03-13T21:51:58.758+0000] {manager.py:893} INFO - 
================================================================================
DAG File Processing Stats

File Path                               PID    Runtime      # DAGs    # Errors  Last Runtime    Last Run
--------------------------------------  -----  ---------  --------  ----------  --------------  -------------------
/opt/airflow/dags/ingest_historique.py                           1           0  0.73s           2025-03-13T21:51:51
/opt/airflow/dags/pipeline.py                                    1           0  0.71s           2025-03-13T21:51:51
================================================================================
[2025-03-13T21:52:27.717+0000] {manager.py:893} INFO - 
================================================================================
DAG File Processing Stats

File Path                               PID    Runtime      # DAGs    # Errors  Last Runtime    Last Run
--------------------------------------  -----  ---------  --------  ----------  --------------  -------------------
/opt/airflow/dags/ingest_historique.py                           1           0  0.69s           2025-03-13T21:52:22
/opt/airflow/dags/pipeline.py                                    1           0  0.68s           2025-03-13T21:52:22
================================================================================
[2025-03-13T21:52:56.640+0000] {manager.py:893} INFO - 
================================================================================
DAG File Processing Stats

File Path                               PID    Runtime      # DAGs    # Errors  Last Runtime    Last Run
--------------------------------------  -----  ---------  --------  ----------  --------------  -------------------
/opt/airflow/dags/ingest_historique.py                           1           0  0.68s           2025-03-13T21:52:53
/opt/airflow/dags/pipeline.py                                    1           0  0.70s           2025-03-13T21:52:53
================================================================================
[2025-03-13T21:53:25.568+0000] {manager.py:893} INFO - 
================================================================================
DAG File Processing Stats

File Path                               PID    Runtime      # DAGs    # Errors  Last Runtime    Last Run
--------------------------------------  -----  ---------  --------  ----------  --------------  -------------------
/opt/airflow/dags/ingest_historique.py                           1           0  0.67s           2025-03-13T21:53:24
/opt/airflow/dags/pipeline.py                                    1           0  0.66s           2025-03-13T21:53:24
================================================================================
[2025-03-13T21:53:54.842+0000] {manager.py:893} INFO - 
================================================================================
DAG File Processing Stats

File Path                                 PID  Runtime      # DAGs    # Errors  Last Runtime    Last Run
--------------------------------------  -----  ---------  --------  ----------  --------------  -------------------
/opt/airflow/dags/ingest_historique.py    503  0.03s             1           0  0.67s           2025-03-13T21:53:24
/opt/airflow/dags/pipeline.py             506  0.01s             1           0  0.66s           2025-03-13T21:53:24
================================================================================
[2025-03-13T21:54:23.789+0000] {manager.py:759} INFO - Searching for files in /opt/airflow/dags
[2025-03-13T21:54:23.873+0000] {manager.py:762} INFO - There are 2 files in /opt/airflow/dags
[2025-03-13T21:54:23.890+0000] {manager.py:893} INFO - 
================================================================================
DAG File Processing Stats

File Path                               PID    Runtime      # DAGs    # Errors  Last Runtime    Last Run
--------------------------------------  -----  ---------  --------  ----------  --------------  -------------------
/opt/airflow/dags/ingest_historique.py                           1           0  0.70s           2025-03-13T21:53:55
/opt/airflow/dags/pipeline.py                                    1           0  0.70s           2025-03-13T21:53:55
================================================================================
[2025-03-13T21:54:52.851+0000] {manager.py:893} INFO - 
================================================================================
DAG File Processing Stats

File Path                               PID    Runtime      # DAGs    # Errors  Last Runtime    Last Run
--------------------------------------  -----  ---------  --------  ----------  --------------  -------------------
/opt/airflow/dags/ingest_historique.py                           1           0  0.68s           2025-03-13T21:54:26
/opt/airflow/dags/pipeline.py                                    1           0  0.68s           2025-03-13T21:54:26
================================================================================
[2025-03-13T21:55:21.882+0000] {manager.py:893} INFO - 
================================================================================
DAG File Processing Stats

File Path                               PID    Runtime      # DAGs    # Errors  Last Runtime    Last Run
--------------------------------------  -----  ---------  --------  ----------  --------------  -------------------
/opt/airflow/dags/ingest_historique.py                           1           0  0.78s           2025-03-13T21:54:57
/opt/airflow/dags/pipeline.py                                    1           0  0.79s           2025-03-13T21:54:57
================================================================================
[2025-03-13T21:55:50.860+0000] {manager.py:893} INFO - 
================================================================================
DAG File Processing Stats

File Path                               PID    Runtime      # DAGs    # Errors  Last Runtime    Last Run
--------------------------------------  -----  ---------  --------  ----------  --------------  -------------------
/opt/airflow/dags/ingest_historique.py                           1           0  0.69s           2025-03-13T21:55:28
/opt/airflow/dags/pipeline.py                                    1           0  0.68s           2025-03-13T21:55:28
================================================================================
[2025-03-13T21:56:19.988+0000] {manager.py:893} INFO - 
================================================================================
DAG File Processing Stats

File Path                               PID    Runtime      # DAGs    # Errors  Last Runtime    Last Run
--------------------------------------  -----  ---------  --------  ----------  --------------  -------------------
/opt/airflow/dags/ingest_historique.py                           1           0  0.89s           2025-03-13T21:55:59
/opt/airflow/dags/pipeline.py                                    1           0  0.88s           2025-03-13T21:55:59
================================================================================
[2025-03-13T21:56:48.963+0000] {manager.py:893} INFO - 
================================================================================
DAG File Processing Stats

File Path                               PID    Runtime      # DAGs    # Errors  Last Runtime    Last Run
--------------------------------------  -----  ---------  --------  ----------  --------------  -------------------
/opt/airflow/dags/ingest_historique.py                           1           0  0.76s           2025-03-13T21:56:30
/opt/airflow/dags/pipeline.py                                    1           0  0.73s           2025-03-13T21:56:30
================================================================================
[2025-03-13T21:57:17.925+0000] {manager.py:893} INFO - 
================================================================================
DAG File Processing Stats

File Path                               PID    Runtime      # DAGs    # Errors  Last Runtime    Last Run
--------------------------------------  -----  ---------  --------  ----------  --------------  -------------------
/opt/airflow/dags/ingest_historique.py                           1           0  0.72s           2025-03-13T21:57:01
/opt/airflow/dags/pipeline.py                                    1           0  0.72s           2025-03-13T21:57:01
================================================================================
[2025-03-13T21:57:46.858+0000] {manager.py:893} INFO - 
================================================================================
DAG File Processing Stats

File Path                               PID    Runtime      # DAGs    # Errors  Last Runtime    Last Run
--------------------------------------  -----  ---------  --------  ----------  --------------  -------------------
/opt/airflow/dags/ingest_historique.py                           1           0  0.70s           2025-03-13T21:57:32
/opt/airflow/dags/pipeline.py                                    1           0  0.70s           2025-03-13T21:57:32
================================================================================
[2025-03-13T21:58:15.901+0000] {manager.py:893} INFO - 
================================================================================
DAG File Processing Stats

File Path                               PID    Runtime      # DAGs    # Errors  Last Runtime    Last Run
--------------------------------------  -----  ---------  --------  ----------  --------------  -------------------
/opt/airflow/dags/ingest_historique.py                           1           0  0.81s           2025-03-13T21:58:03
/opt/airflow/dags/pipeline.py                                    1           0  0.81s           2025-03-13T21:58:03
================================================================================
[2025-03-13T21:58:44.905+0000] {manager.py:893} INFO - 
================================================================================
DAG File Processing Stats

File Path                               PID    Runtime      # DAGs    # Errors  Last Runtime    Last Run
--------------------------------------  -----  ---------  --------  ----------  --------------  -------------------
/opt/airflow/dags/ingest_historique.py                           1           0  0.78s           2025-03-13T21:58:34
/opt/airflow/dags/pipeline.py                                    1           0  0.81s           2025-03-13T21:58:34
================================================================================
[2025-03-13T21:59:13.915+0000] {manager.py:893} INFO - 
================================================================================
DAG File Processing Stats

File Path                               PID    Runtime      # DAGs    # Errors  Last Runtime    Last Run
--------------------------------------  -----  ---------  --------  ----------  --------------  -------------------
/opt/airflow/dags/ingest_historique.py                           1           0  -0.40s          2025-03-13T21:59:04
/opt/airflow/dags/pipeline.py                                    1           0  -0.37s          2025-03-13T21:59:04
================================================================================
[2025-03-13T21:59:24.047+0000] {manager.py:759} INFO - Searching for files in /opt/airflow/dags
[2025-03-13T21:59:24.089+0000] {manager.py:762} INFO - There are 2 files in /opt/airflow/dags
[2025-03-13T21:59:43.013+0000] {manager.py:893} INFO - 
================================================================================
DAG File Processing Stats

File Path                               PID    Runtime      # DAGs    # Errors  Last Runtime    Last Run
--------------------------------------  -----  ---------  --------  ----------  --------------  -------------------
/opt/airflow/dags/ingest_historique.py                           1           0  0.78s           2025-03-13T21:59:35
/opt/airflow/dags/pipeline.py                                    1           0  0.76s           2025-03-13T21:59:35
================================================================================
[2025-03-13T22:00:12.008+0000] {manager.py:893} INFO - 
================================================================================
DAG File Processing Stats

File Path                               PID    Runtime      # DAGs    # Errors  Last Runtime    Last Run
--------------------------------------  -----  ---------  --------  ----------  --------------  -------------------
/opt/airflow/dags/ingest_historique.py                           1           0  0.75s           2025-03-13T22:00:06
/opt/airflow/dags/pipeline.py                                    1           0  0.75s           2025-03-13T22:00:06
================================================================================
[2025-03-13T22:00:41.042+0000] {manager.py:893} INFO - 
================================================================================
DAG File Processing Stats

File Path                               PID    Runtime      # DAGs    # Errors  Last Runtime    Last Run
--------------------------------------  -----  ---------  --------  ----------  --------------  -------------------
/opt/airflow/dags/ingest_historique.py                           1           0  0.75s           2025-03-13T22:00:37
/opt/airflow/dags/pipeline.py                                    1           0  0.75s           2025-03-13T22:00:38
================================================================================
[2025-03-13T22:01:10.001+0000] {manager.py:893} INFO - 
================================================================================
DAG File Processing Stats

File Path                               PID    Runtime      # DAGs    # Errors  Last Runtime    Last Run
--------------------------------------  -----  ---------  --------  ----------  --------------  -------------------
/opt/airflow/dags/ingest_historique.py                           1           0  0.69s           2025-03-13T22:01:08
/opt/airflow/dags/pipeline.py                                    1           0  0.70s           2025-03-13T22:01:09
================================================================================
[2025-03-13T22:01:39.277+0000] {manager.py:893} INFO - 
================================================================================
DAG File Processing Stats

File Path                                 PID  Runtime      # DAGs    # Errors  Last Runtime    Last Run
--------------------------------------  -----  ---------  --------  ----------  --------------  -------------------
/opt/airflow/dags/ingest_historique.py    683  0.03s             1           0  0.69s           2025-03-13T22:01:08
/opt/airflow/dags/pipeline.py             686  0.01s             1           0  0.70s           2025-03-13T22:01:09
================================================================================
[2025-03-13T22:02:08.374+0000] {manager.py:893} INFO - 
================================================================================
DAG File Processing Stats

File Path                               PID    Runtime      # DAGs    # Errors  Last Runtime    Last Run
--------------------------------------  -----  ---------  --------  ----------  --------------  -------------------
/opt/airflow/dags/ingest_historique.py                           1           0  0.93s           2025-03-13T22:01:40
/opt/airflow/dags/pipeline.py                                    1           0  0.96s           2025-03-13T22:01:40
================================================================================
[2025-03-13T22:02:37.377+0000] {manager.py:893} INFO - 
================================================================================
DAG File Processing Stats

File Path                               PID    Runtime      # DAGs    # Errors  Last Runtime    Last Run
--------------------------------------  -----  ---------  --------  ----------  --------------  -------------------
/opt/airflow/dags/ingest_historique.py                           1           0  0.75s           2025-03-13T22:02:11
/opt/airflow/dags/pipeline.py                                    1           0  0.73s           2025-03-13T22:02:11
================================================================================
[2025-03-13T22:03:06.395+0000] {manager.py:893} INFO - 
================================================================================
DAG File Processing Stats

File Path                               PID    Runtime      # DAGs    # Errors  Last Runtime    Last Run
--------------------------------------  -----  ---------  --------  ----------  --------------  -------------------
/opt/airflow/dags/ingest_historique.py                           1           0  0.79s           2025-03-13T22:02:42
/opt/airflow/dags/pipeline.py                                    1           0  0.79s           2025-03-13T22:02:42
================================================================================
[2025-03-13T22:03:35.590+0000] {manager.py:893} INFO - 
================================================================================
DAG File Processing Stats

File Path                               PID    Runtime      # DAGs    # Errors  Last Runtime    Last Run
--------------------------------------  -----  ---------  --------  ----------  --------------  -------------------
/opt/airflow/dags/ingest_historique.py                           1           0  0.98s           2025-03-13T22:03:13
/opt/airflow/dags/pipeline.py                                    1           0  0.99s           2025-03-13T22:03:13
================================================================================
[2025-03-13T22:04:04.993+0000] {manager.py:893} INFO - 
================================================================================
DAG File Processing Stats

File Path                               PID    Runtime      # DAGs    # Errors  Last Runtime    Last Run
--------------------------------------  -----  ---------  --------  ----------  --------------  -------------------
/opt/airflow/dags/ingest_historique.py                           1           0  1.20s           2025-03-13T22:03:44
/opt/airflow/dags/pipeline.py                                    1           0  1.15s           2025-03-13T22:03:44
================================================================================
[2025-03-13T22:04:24.797+0000] {manager.py:759} INFO - Searching for files in /opt/airflow/dags
[2025-03-13T22:04:24.867+0000] {manager.py:762} INFO - There are 2 files in /opt/airflow/dags
[2025-03-13T22:04:33.996+0000] {manager.py:893} INFO - 
================================================================================
DAG File Processing Stats

File Path                               PID    Runtime      # DAGs    # Errors  Last Runtime    Last Run
--------------------------------------  -----  ---------  --------  ----------  --------------  -------------------
/opt/airflow/dags/ingest_historique.py                           1           0  0.71s           2025-03-13T22:04:15
/opt/airflow/dags/pipeline.py                                    1           0  0.72s           2025-03-13T22:04:15
================================================================================
[2025-03-13T22:05:02.881+0000] {manager.py:893} INFO - 
================================================================================
DAG File Processing Stats

File Path                               PID    Runtime      # DAGs    # Errors  Last Runtime    Last Run
--------------------------------------  -----  ---------  --------  ----------  --------------  -------------------
/opt/airflow/dags/ingest_historique.py                           1           0  0.65s           2025-03-13T22:04:46
/opt/airflow/dags/pipeline.py                                    1           0  0.65s           2025-03-13T22:04:46
================================================================================
[2025-03-13T22:05:31.820+0000] {manager.py:893} INFO - 
================================================================================
DAG File Processing Stats

File Path                               PID    Runtime      # DAGs    # Errors  Last Runtime    Last Run
--------------------------------------  -----  ---------  --------  ----------  --------------  -------------------
/opt/airflow/dags/ingest_historique.py                           1           0  0.69s           2025-03-13T22:05:17
/opt/airflow/dags/pipeline.py                                    1           0  0.68s           2025-03-13T22:05:17
================================================================================
[2025-03-13T22:06:00.753+0000] {manager.py:893} INFO - 
================================================================================
DAG File Processing Stats

File Path                               PID    Runtime      # DAGs    # Errors  Last Runtime    Last Run
--------------------------------------  -----  ---------  --------  ----------  --------------  -------------------
/opt/airflow/dags/ingest_historique.py                           1           0  0.68s           2025-03-13T22:05:48
/opt/airflow/dags/pipeline.py                                    1           0  0.68s           2025-03-13T22:05:48
================================================================================
[2025-03-13T22:06:29.849+0000] {manager.py:893} INFO - 
================================================================================
DAG File Processing Stats

File Path                               PID    Runtime      # DAGs    # Errors  Last Runtime    Last Run
--------------------------------------  -----  ---------  --------  ----------  --------------  -------------------
/opt/airflow/dags/ingest_historique.py                           1           0  0.88s           2025-03-13T22:06:19
/opt/airflow/dags/pipeline.py                                    1           0  0.86s           2025-03-13T22:06:19
================================================================================
[2025-03-13T22:06:58.684+0000] {manager.py:893} INFO - 
================================================================================
DAG File Processing Stats

File Path                               PID    Runtime      # DAGs    # Errors  Last Runtime    Last Run
--------------------------------------  -----  ---------  --------  ----------  --------------  -------------------
/opt/airflow/dags/ingest_historique.py                           1           0  0.64s           2025-03-13T22:06:50
/opt/airflow/dags/pipeline.py                                    1           0  0.65s           2025-03-13T22:06:50
================================================================================
[2025-03-13T22:07:27.569+0000] {manager.py:893} INFO - 
================================================================================
DAG File Processing Stats

File Path                               PID    Runtime      # DAGs    # Errors  Last Runtime    Last Run
--------------------------------------  -----  ---------  --------  ----------  --------------  -------------------
/opt/airflow/dags/ingest_historique.py                           1           0  0.62s           2025-03-13T22:07:21
/opt/airflow/dags/pipeline.py                                    1           0  0.63s           2025-03-13T22:07:21
================================================================================
[2025-03-13T22:07:56.379+0000] {manager.py:893} INFO - 
================================================================================
DAG File Processing Stats

File Path                               PID    Runtime      # DAGs    # Errors  Last Runtime    Last Run
--------------------------------------  -----  ---------  --------  ----------  --------------  -------------------
/opt/airflow/dags/ingest_historique.py                           1           0  0.65s           2025-03-13T22:07:52
/opt/airflow/dags/pipeline.py                                    1           0  0.66s           2025-03-13T22:07:52
================================================================================
[2025-03-13T22:08:25.210+0000] {manager.py:893} INFO - 
================================================================================
DAG File Processing Stats

File Path                               PID    Runtime      # DAGs    # Errors  Last Runtime    Last Run
--------------------------------------  -----  ---------  --------  ----------  --------------  -------------------
/opt/airflow/dags/ingest_historique.py                           1           0  0.67s           2025-03-13T22:08:23
/opt/airflow/dags/pipeline.py                                    1           0  0.70s           2025-03-13T22:08:23
================================================================================
[2025-03-13T22:08:54.044+0000] {manager.py:893} INFO - 
================================================================================
DAG File Processing Stats

File Path                               PID    Runtime      # DAGs    # Errors  Last Runtime    Last Run
--------------------------------------  -----  ---------  --------  ----------  --------------  -------------------
/opt/airflow/dags/ingest_historique.py                           1           0  0.62s           2025-03-13T22:08:54
/opt/airflow/dags/pipeline.py                                    1           0  0.60s           2025-03-13T22:08:54
================================================================================
[2025-03-13T22:09:23.211+0000] {manager.py:893} INFO - 
================================================================================
DAG File Processing Stats

File Path                               PID    Runtime      # DAGs    # Errors  Last Runtime    Last Run
--------------------------------------  -----  ---------  --------  ----------  --------------  -------------------
/opt/airflow/dags/ingest_historique.py                           1           0  0.62s           2025-03-13T22:08:54
/opt/airflow/dags/pipeline.py                                    1           0  0.60s           2025-03-13T22:08:54
================================================================================
[2025-03-13T22:09:25.000+0000] {manager.py:759} INFO - Searching for files in /opt/airflow/dags
[2025-03-13T22:09:25.047+0000] {manager.py:762} INFO - There are 2 files in /opt/airflow/dags
[2025-03-13T22:09:52.188+0000] {manager.py:893} INFO - 
================================================================================
DAG File Processing Stats

File Path                               PID    Runtime      # DAGs    # Errors  Last Runtime    Last Run
--------------------------------------  -----  ---------  --------  ----------  --------------  -------------------
/opt/airflow/dags/ingest_historique.py                           1           0  0.82s           2025-03-13T22:09:25
/opt/airflow/dags/pipeline.py                                    1           0  0.74s           2025-03-13T22:09:24
================================================================================
[2025-03-13T22:10:21.066+0000] {manager.py:893} INFO - 
================================================================================
DAG File Processing Stats

File Path                               PID    Runtime      # DAGs    # Errors  Last Runtime    Last Run
--------------------------------------  -----  ---------  --------  ----------  --------------  -------------------
/opt/airflow/dags/ingest_historique.py                           1           0  0.75s           2025-03-13T22:09:55
/opt/airflow/dags/pipeline.py                                    1           0  0.72s           2025-03-13T22:09:55
================================================================================
[2025-03-13T22:10:49.931+0000] {manager.py:893} INFO - 
================================================================================
DAG File Processing Stats

File Path                               PID    Runtime      # DAGs    # Errors  Last Runtime    Last Run
--------------------------------------  -----  ---------  --------  ----------  --------------  -------------------
/opt/airflow/dags/ingest_historique.py                           1           0  0.79s           2025-03-13T22:10:26
/opt/airflow/dags/pipeline.py                                    1           0  0.70s           2025-03-13T22:10:26
================================================================================
[2025-03-13T22:11:18.757+0000] {manager.py:893} INFO - 
================================================================================
DAG File Processing Stats

File Path                               PID    Runtime      # DAGs    # Errors  Last Runtime    Last Run
--------------------------------------  -----  ---------  --------  ----------  --------------  -------------------
/opt/airflow/dags/ingest_historique.py                           1           0  0.73s           2025-03-13T22:10:57
/opt/airflow/dags/pipeline.py                                    1           0  0.73s           2025-03-13T22:10:57
================================================================================
[2025-03-13T22:11:47.684+0000] {manager.py:893} INFO - 
================================================================================
DAG File Processing Stats

File Path                               PID    Runtime      # DAGs    # Errors  Last Runtime    Last Run
--------------------------------------  -----  ---------  --------  ----------  --------------  -------------------
/opt/airflow/dags/ingest_historique.py                           1           0  0.79s           2025-03-13T22:11:28
/opt/airflow/dags/pipeline.py                                    1           0  0.74s           2025-03-13T22:11:28
================================================================================
[2025-03-13T22:12:16.668+0000] {manager.py:893} INFO - 
================================================================================
DAG File Processing Stats

File Path                               PID    Runtime      # DAGs    # Errors  Last Runtime    Last Run
--------------------------------------  -----  ---------  --------  ----------  --------------  -------------------
/opt/airflow/dags/ingest_historique.py                           1           0  0.65s           2025-03-13T22:11:59
/opt/airflow/dags/pipeline.py                                    1           0  0.63s           2025-03-13T22:11:59
================================================================================
[2025-03-13T22:12:45.604+0000] {manager.py:893} INFO - 
================================================================================
DAG File Processing Stats

File Path                               PID    Runtime      # DAGs    # Errors  Last Runtime    Last Run
--------------------------------------  -----  ---------  --------  ----------  --------------  -------------------
/opt/airflow/dags/ingest_historique.py                           1           0  0.74s           2025-03-13T22:12:30
/opt/airflow/dags/pipeline.py                                    1           0  0.73s           2025-03-13T22:12:30
================================================================================
[2025-03-13T22:13:14.519+0000] {manager.py:893} INFO - 
================================================================================
DAG File Processing Stats

File Path                               PID    Runtime      # DAGs    # Errors  Last Runtime    Last Run
--------------------------------------  -----  ---------  --------  ----------  --------------  -------------------
/opt/airflow/dags/ingest_historique.py                           1           0  -0.23s          2025-03-13T22:13:00
/opt/airflow/dags/pipeline.py                                    1           0  -0.25s          2025-03-13T22:13:00
================================================================================
[2025-03-13T22:13:43.452+0000] {manager.py:893} INFO - 
================================================================================
DAG File Processing Stats

File Path                               PID    Runtime      # DAGs    # Errors  Last Runtime    Last Run
--------------------------------------  -----  ---------  --------  ----------  --------------  -------------------
/opt/airflow/dags/ingest_historique.py                           1           0  0.70s           2025-03-13T22:13:31
/opt/airflow/dags/pipeline.py                                    1           0  0.74s           2025-03-13T22:13:31
================================================================================
[2025-03-13T22:14:12.419+0000] {manager.py:893} INFO - 
================================================================================
DAG File Processing Stats

File Path                               PID    Runtime      # DAGs    # Errors  Last Runtime    Last Run
--------------------------------------  -----  ---------  --------  ----------  --------------  -------------------
/opt/airflow/dags/ingest_historique.py                           1           0  0.81s           2025-03-13T22:14:02
/opt/airflow/dags/pipeline.py                                    1           0  0.73s           2025-03-13T22:14:02
================================================================================
[2025-03-13T22:14:25.590+0000] {manager.py:759} INFO - Searching for files in /opt/airflow/dags
[2025-03-13T22:14:25.637+0000] {manager.py:762} INFO - There are 2 files in /opt/airflow/dags
[2025-03-13T22:14:41.522+0000] {manager.py:893} INFO - 
================================================================================
DAG File Processing Stats

File Path                               PID    Runtime      # DAGs    # Errors  Last Runtime    Last Run
--------------------------------------  -----  ---------  --------  ----------  --------------  -------------------
/opt/airflow/dags/ingest_historique.py                           1           0  0.84s           2025-03-13T22:14:33
/opt/airflow/dags/pipeline.py                                    1           0  0.82s           2025-03-13T22:14:33
================================================================================
[2025-03-13T22:15:10.488+0000] {manager.py:893} INFO - 
================================================================================
DAG File Processing Stats

File Path                               PID    Runtime      # DAGs    # Errors  Last Runtime    Last Run
--------------------------------------  -----  ---------  --------  ----------  --------------  -------------------
/opt/airflow/dags/ingest_historique.py                           1           0  0.78s           2025-03-13T22:15:04
/opt/airflow/dags/pipeline.py                                    1           0  0.77s           2025-03-13T22:15:04
================================================================================
[2025-03-13T22:15:39.618+0000] {manager.py:893} INFO - 
================================================================================
DAG File Processing Stats

File Path                               PID    Runtime      # DAGs    # Errors  Last Runtime    Last Run
--------------------------------------  -----  ---------  --------  ----------  --------------  -------------------
/opt/airflow/dags/ingest_historique.py                           1           0  0.87s           2025-03-13T22:15:35
/opt/airflow/dags/pipeline.py                                    1           0  0.86s           2025-03-13T22:15:35
================================================================================
[2025-03-13T22:16:08.472+0000] {manager.py:893} INFO - 
================================================================================
DAG File Processing Stats

File Path                               PID    Runtime      # DAGs    # Errors  Last Runtime    Last Run
--------------------------------------  -----  ---------  --------  ----------  --------------  -------------------
/opt/airflow/dags/ingest_historique.py                           1           0  0.72s           2025-03-13T22:16:06
/opt/airflow/dags/pipeline.py                                    1           0  0.72s           2025-03-13T22:16:06
================================================================================
[2025-03-13T22:16:37.455+0000] {manager.py:893} INFO - 
================================================================================
DAG File Processing Stats

File Path                                 PID  Runtime      # DAGs    # Errors  Last Runtime    Last Run
--------------------------------------  -----  ---------  --------  ----------  --------------  -------------------
/opt/airflow/dags/ingest_historique.py                           1           0  0.83s           2025-03-13T22:16:37
/opt/airflow/dags/pipeline.py            1034  0.82s             1           0  0.72s           2025-03-13T22:16:06
================================================================================
[2025-03-13T22:17:06.685+0000] {manager.py:893} INFO - 
================================================================================
DAG File Processing Stats

File Path                               PID    Runtime      # DAGs    # Errors  Last Runtime    Last Run
--------------------------------------  -----  ---------  --------  ----------  --------------  -------------------
/opt/airflow/dags/ingest_historique.py                           1           0  0.83s           2025-03-13T22:16:37
/opt/airflow/dags/pipeline.py                                    1           0  0.83s           2025-03-13T22:16:37
================================================================================
[2025-03-13T22:17:36.306+0000] {manager.py:893} INFO - 
================================================================================
DAG File Processing Stats

File Path                               PID    Runtime      # DAGs    # Errors  Last Runtime    Last Run
--------------------------------------  -----  ---------  --------  ----------  --------------  -------------------
/opt/airflow/dags/ingest_historique.py                           1           0  1.34s           2025-03-13T22:17:09
/opt/airflow/dags/pipeline.py                                    1           0  1.41s           2025-03-13T22:17:09
================================================================================
[2025-03-13T22:18:05.762+0000] {manager.py:893} INFO - 
================================================================================
DAG File Processing Stats

File Path                               PID    Runtime      # DAGs    # Errors  Last Runtime    Last Run
--------------------------------------  -----  ---------  --------  ----------  --------------  -------------------
/opt/airflow/dags/ingest_historique.py                           1           0  2.19s           2025-03-13T22:17:41
/opt/airflow/dags/pipeline.py                                    1           0  2.18s           2025-03-13T22:17:41
================================================================================
[2025-03-13T22:18:35.030+0000] {manager.py:893} INFO - 
================================================================================
DAG File Processing Stats

File Path                               PID    Runtime      # DAGs    # Errors  Last Runtime    Last Run
--------------------------------------  -----  ---------  --------  ----------  --------------  -------------------
/opt/airflow/dags/ingest_historique.py                           1           0  1.05s           2025-03-13T22:18:12
/opt/airflow/dags/pipeline.py                                    1           0  1.03s           2025-03-13T22:18:12
================================================================================
[2025-03-13T22:19:04.562+0000] {manager.py:893} INFO - 
================================================================================
DAG File Processing Stats

File Path                               PID    Runtime      # DAGs    # Errors  Last Runtime    Last Run
--------------------------------------  -----  ---------  --------  ----------  --------------  -------------------
/opt/airflow/dags/ingest_historique.py                           1           0  1.31s           2025-03-13T22:18:44
/opt/airflow/dags/pipeline.py                                    1           0  1.32s           2025-03-13T22:18:44
================================================================================
[2025-03-13T22:19:25.959+0000] {manager.py:759} INFO - Searching for files in /opt/airflow/dags
[2025-03-13T22:19:26.035+0000] {manager.py:762} INFO - There are 2 files in /opt/airflow/dags
[2025-03-13T22:19:34.142+0000] {manager.py:893} INFO - 
================================================================================
DAG File Processing Stats

File Path                               PID    Runtime      # DAGs    # Errors  Last Runtime    Last Run
--------------------------------------  -----  ---------  --------  ----------  --------------  -------------------
/opt/airflow/dags/ingest_historique.py                           1           0  1.34s           2025-03-13T22:19:16
/opt/airflow/dags/pipeline.py                                    1           0  1.36s           2025-03-13T22:19:16
================================================================================
[2025-03-13T22:20:03.235+0000] {manager.py:893} INFO - 
================================================================================
DAG File Processing Stats

File Path                               PID    Runtime      # DAGs    # Errors  Last Runtime    Last Run
--------------------------------------  -----  ---------  --------  ----------  --------------  -------------------
/opt/airflow/dags/ingest_historique.py                           1           0  0.91s           2025-03-13T22:19:47
/opt/airflow/dags/pipeline.py                                    1           0  0.88s           2025-03-13T22:19:47
================================================================================
[2025-03-13T22:20:32.226+0000] {manager.py:893} INFO - 
================================================================================
DAG File Processing Stats

File Path                               PID    Runtime      # DAGs    # Errors  Last Runtime    Last Run
--------------------------------------  -----  ---------  --------  ----------  --------------  -------------------
/opt/airflow/dags/ingest_historique.py                           1           0  0.69s           2025-03-13T22:20:17
/opt/airflow/dags/pipeline.py                                    1           0  0.67s           2025-03-13T22:20:17
================================================================================
[2025-03-13T22:21:01.530+0000] {manager.py:893} INFO - 
================================================================================
DAG File Processing Stats

File Path                               PID    Runtime      # DAGs    # Errors  Last Runtime    Last Run
--------------------------------------  -----  ---------  --------  ----------  --------------  -------------------
/opt/airflow/dags/ingest_historique.py                           1           0  1.35s           2025-03-13T22:20:49
/opt/airflow/dags/pipeline.py                                    1           0  1.32s           2025-03-13T22:20:49
================================================================================
[2025-03-13T22:21:30.493+0000] {manager.py:893} INFO - 
================================================================================
DAG File Processing Stats

File Path                               PID    Runtime      # DAGs    # Errors  Last Runtime    Last Run
--------------------------------------  -----  ---------  --------  ----------  --------------  -------------------
/opt/airflow/dags/ingest_historique.py                           1           0  1.86s           2025-03-13T22:21:21
/opt/airflow/dags/pipeline.py                                    1           0  1.85s           2025-03-13T22:21:21
================================================================================
[2025-03-13T22:21:59.470+0000] {manager.py:893} INFO - 
================================================================================
DAG File Processing Stats

File Path                               PID    Runtime      # DAGs    # Errors  Last Runtime    Last Run
--------------------------------------  -----  ---------  --------  ----------  --------------  -------------------
/opt/airflow/dags/ingest_historique.py                           1           0  0.94s           2025-03-13T22:21:52
/opt/airflow/dags/pipeline.py                                    1           0  0.91s           2025-03-13T22:21:52
================================================================================
[2025-03-13T22:22:28.798+0000] {manager.py:893} INFO - 
================================================================================
DAG File Processing Stats

File Path                               PID    Runtime      # DAGs    # Errors  Last Runtime    Last Run
--------------------------------------  -----  ---------  --------  ----------  --------------  -------------------
/opt/airflow/dags/ingest_historique.py                           1           0  1.59s           2025-03-13T22:22:24
/opt/airflow/dags/pipeline.py                                    1           0  1.51s           2025-03-13T22:22:24
================================================================================
[2025-03-13T22:22:57.834+0000] {manager.py:893} INFO - 
================================================================================
DAG File Processing Stats

File Path                               PID    Runtime      # DAGs    # Errors  Last Runtime    Last Run
--------------------------------------  -----  ---------  --------  ----------  --------------  -------------------
/opt/airflow/dags/ingest_historique.py                           1           0  0.88s           2025-03-13T22:22:55
/opt/airflow/dags/pipeline.py                                    1           0  0.87s           2025-03-13T22:22:55
================================================================================
[2025-03-13T22:23:27.250+0000] {manager.py:893} INFO - 
================================================================================
DAG File Processing Stats

File Path                               PID    Runtime      # DAGs    # Errors  Last Runtime    Last Run
--------------------------------------  -----  ---------  --------  ----------  --------------  -------------------
/opt/airflow/dags/ingest_historique.py                           1           0  1.05s           2025-03-13T22:23:26
/opt/airflow/dags/pipeline.py                                    1           0  1.06s           2025-03-13T22:23:26
================================================================================
[2025-03-13T22:23:56.341+0000] {manager.py:893} INFO - 
================================================================================
DAG File Processing Stats

File Path                                 PID  Runtime      # DAGs    # Errors  Last Runtime    Last Run
--------------------------------------  -----  ---------  --------  ----------  --------------  -------------------
/opt/airflow/dags/ingest_historique.py   1199  0.03s             1           0  1.05s           2025-03-13T22:23:26
/opt/airflow/dags/pipeline.py            1202  0.01s             1           0  1.06s           2025-03-13T22:23:26
================================================================================
[2025-03-13T22:24:25.427+0000] {manager.py:893} INFO - 
================================================================================
DAG File Processing Stats

File Path                               PID    Runtime      # DAGs    # Errors  Last Runtime    Last Run
--------------------------------------  -----  ---------  --------  ----------  --------------  -------------------
/opt/airflow/dags/ingest_historique.py                           1           0  1.07s           2025-03-13T22:23:57
/opt/airflow/dags/pipeline.py                                    1           0  1.05s           2025-03-13T22:23:57
================================================================================
[2025-03-13T22:24:26.435+0000] {manager.py:759} INFO - Searching for files in /opt/airflow/dags
[2025-03-13T22:24:26.487+0000] {manager.py:762} INFO - There are 2 files in /opt/airflow/dags
[2025-03-13T22:24:54.465+0000] {manager.py:893} INFO - 
================================================================================
DAG File Processing Stats

File Path                               PID    Runtime      # DAGs    # Errors  Last Runtime    Last Run
--------------------------------------  -----  ---------  --------  ----------  --------------  -------------------
/opt/airflow/dags/ingest_historique.py                           1           0  0.87s           2025-03-13T22:24:28
/opt/airflow/dags/pipeline.py                                    1           0  0.86s           2025-03-13T22:24:28
================================================================================
[2025-03-13T22:25:23.254+0000] {manager.py:893} INFO - 
================================================================================
DAG File Processing Stats

File Path                               PID    Runtime      # DAGs    # Errors  Last Runtime    Last Run
--------------------------------------  -----  ---------  --------  ----------  --------------  -------------------
/opt/airflow/dags/ingest_historique.py                           1           0  0.69s           2025-03-13T22:24:59
/opt/airflow/dags/pipeline.py                                    1           0  0.68s           2025-03-13T22:24:59
================================================================================
[2025-03-13T22:25:52.202+0000] {manager.py:893} INFO - 
================================================================================
DAG File Processing Stats

File Path                               PID    Runtime      # DAGs    # Errors  Last Runtime    Last Run
--------------------------------------  -----  ---------  --------  ----------  --------------  -------------------
/opt/airflow/dags/ingest_historique.py                           1           0  0.86s           2025-03-13T22:25:30
/opt/airflow/dags/pipeline.py                                    1           0  0.87s           2025-03-13T22:25:30
================================================================================
[2025-03-13T22:26:21.104+0000] {manager.py:893} INFO - 
================================================================================
DAG File Processing Stats

File Path                               PID    Runtime      # DAGs    # Errors  Last Runtime    Last Run
--------------------------------------  -----  ---------  --------  ----------  --------------  -------------------
/opt/airflow/dags/ingest_historique.py                           1           0  0.81s           2025-03-13T22:26:01
/opt/airflow/dags/pipeline.py                                    1           0  0.81s           2025-03-13T22:26:01
================================================================================
[2025-03-13T22:26:50.864+0000] {manager.py:893} INFO - 
================================================================================
DAG File Processing Stats

File Path                               PID    Runtime      # DAGs    # Errors  Last Runtime    Last Run
--------------------------------------  -----  ---------  --------  ----------  --------------  -------------------
/opt/airflow/dags/ingest_historique.py                           1           0  0.62s           2025-03-13T22:26:32
/opt/airflow/dags/pipeline.py                                    1           0  0.63s           2025-03-13T22:26:32
================================================================================
[2025-03-13T22:27:19.925+0000] {manager.py:893} INFO - 
================================================================================
DAG File Processing Stats

File Path                               PID    Runtime      # DAGs    # Errors  Last Runtime    Last Run
--------------------------------------  -----  ---------  --------  ----------  --------------  -------------------
/opt/airflow/dags/ingest_historique.py                           1           0  0.64s           2025-03-13T22:27:03
/opt/airflow/dags/pipeline.py                                    1           0  0.62s           2025-03-13T22:27:03
================================================================================
[2025-03-13T22:27:49.033+0000] {manager.py:893} INFO - 
================================================================================
DAG File Processing Stats

File Path                               PID    Runtime      # DAGs    # Errors  Last Runtime    Last Run
--------------------------------------  -----  ---------  --------  ----------  --------------  -------------------
/opt/airflow/dags/ingest_historique.py                           1           0  0.79s           2025-03-13T22:27:34
/opt/airflow/dags/pipeline.py                                    1           0  0.79s           2025-03-13T22:27:34
================================================================================
[2025-03-13T22:28:18.491+0000] {manager.py:893} INFO - 
================================================================================
DAG File Processing Stats

File Path                               PID    Runtime      # DAGs    # Errors  Last Runtime    Last Run
--------------------------------------  -----  ---------  --------  ----------  --------------  -------------------
/opt/airflow/dags/ingest_historique.py                           1           0  0.85s           2025-03-13T22:28:05
/opt/airflow/dags/pipeline.py                                    1           0  0.87s           2025-03-13T22:28:05
================================================================================
[2025-03-13T22:28:48.195+0000] {manager.py:893} INFO - 
================================================================================
DAG File Processing Stats

File Path                               PID    Runtime      # DAGs    # Errors  Last Runtime    Last Run
--------------------------------------  -----  ---------  --------  ----------  --------------  -------------------
/opt/airflow/dags/ingest_historique.py                           1           0  0.61s           2025-03-13T22:28:36
/opt/airflow/dags/pipeline.py                                    1           0  0.61s           2025-03-13T22:28:36
================================================================================
[2025-03-13T22:29:17.125+0000] {manager.py:893} INFO - 
================================================================================
DAG File Processing Stats

File Path                               PID    Runtime      # DAGs    # Errors  Last Runtime    Last Run
--------------------------------------  -----  ---------  --------  ----------  --------------  -------------------
/opt/airflow/dags/ingest_historique.py                           1           0  0.86s           2025-03-13T22:29:07
/opt/airflow/dags/pipeline.py                                    1           0  0.84s           2025-03-13T22:29:07
================================================================================
[2025-03-13T22:29:27.004+0000] {manager.py:759} INFO - Searching for files in /opt/airflow/dags
[2025-03-13T22:29:27.041+0000] {manager.py:762} INFO - There are 2 files in /opt/airflow/dags
[2025-03-13T22:29:46.383+0000] {manager.py:893} INFO - 
================================================================================
DAG File Processing Stats

File Path                               PID    Runtime      # DAGs    # Errors  Last Runtime    Last Run
--------------------------------------  -----  ---------  --------  ----------  --------------  -------------------
/opt/airflow/dags/ingest_historique.py                           1           0  1.12s           2025-03-13T22:29:38
/opt/airflow/dags/pipeline.py                                    1           0  1.11s           2025-03-13T22:29:38
================================================================================
[2025-03-13T22:30:15.578+0000] {manager.py:893} INFO - 
================================================================================
DAG File Processing Stats

File Path                               PID    Runtime      # DAGs    # Errors  Last Runtime    Last Run
--------------------------------------  -----  ---------  --------  ----------  --------------  -------------------
/opt/airflow/dags/ingest_historique.py                           1           0  1.14s           2025-03-13T22:30:09
/opt/airflow/dags/pipeline.py                                    1           0  1.12s           2025-03-13T22:30:09
================================================================================
[2025-03-13T22:30:44.379+0000] {manager.py:893} INFO - 
================================================================================
DAG File Processing Stats

File Path                               PID    Runtime      # DAGs    # Errors  Last Runtime    Last Run
--------------------------------------  -----  ---------  --------  ----------  --------------  -------------------
/opt/airflow/dags/ingest_historique.py                           1           0  1.62s           2025-03-13T22:30:41
/opt/airflow/dags/pipeline.py                                    1           0  1.63s           2025-03-13T22:30:41
================================================================================
[2025-03-13T22:31:13.437+0000] {manager.py:893} INFO - 
================================================================================
DAG File Processing Stats

File Path                               PID    Runtime      # DAGs    # Errors  Last Runtime    Last Run
--------------------------------------  -----  ---------  --------  ----------  --------------  -------------------
/opt/airflow/dags/ingest_historique.py                           1           0  1.03s           2025-03-13T22:31:12
/opt/airflow/dags/pipeline.py                                    1           0  1.04s           2025-03-13T22:31:12
================================================================================
[2025-03-13T22:31:42.510+0000] {manager.py:893} INFO - 
================================================================================
DAG File Processing Stats

File Path                                 PID  Runtime      # DAGs    # Errors  Last Runtime    Last Run
--------------------------------------  -----  ---------  --------  ----------  --------------  -------------------
/opt/airflow/dags/ingest_historique.py   1379  0.01s             1           0  1.03s           2025-03-13T22:31:12
/opt/airflow/dags/pipeline.py                                    1           0  1.04s           2025-03-13T22:31:12
================================================================================
[2025-03-13T22:32:11.932+0000] {manager.py:893} INFO - 
================================================================================
DAG File Processing Stats

File Path                               PID    Runtime      # DAGs    # Errors  Last Runtime    Last Run
--------------------------------------  -----  ---------  --------  ----------  --------------  -------------------
/opt/airflow/dags/ingest_historique.py                           1           0  1.45s           2025-03-13T22:31:43
/opt/airflow/dags/pipeline.py                                    1           0  1.44s           2025-03-13T22:31:44
================================================================================
[2025-03-13T22:32:16.224+0000] {manager.py:469} INFO - Exiting gracefully upon receiving signal 15
[2025-03-13T22:32:16.224+0000] {manager.py:469} INFO - Exiting gracefully upon receiving signal 15
[2025-03-13T22:32:16.223+0000] {manager.py:469} INFO - Exiting gracefully upon receiving signal 15
[2025-03-13T22:32:16.729+0000] {manager.py:469} INFO - Exiting gracefully upon receiving signal 15
[2025-03-13T22:32:18.829+0000] {manager.py:469} INFO - Exiting gracefully upon receiving signal 15
[2025-03-13T22:32:21.169+0000] {manager.py:469} INFO - Exiting gracefully upon receiving signal 15
[2025-03-13T22:32:58.397+0000] {manager.py:487} INFO - Processing files using up to 2 processes at a time 
[2025-03-13T22:32:58.398+0000] {manager.py:488} INFO - Process each file at most once every 30 seconds
[2025-03-13T22:32:58.398+0000] {manager.py:489} INFO - Checking for new files in /opt/airflow/dags every 300 seconds
[2025-03-13T22:32:58.399+0000] {manager.py:759} INFO - Searching for files in /opt/airflow/dags
[2025-03-13T22:32:58.443+0000] {manager.py:762} INFO - There are 2 files in /opt/airflow/dags
[2025-03-13T22:32:58.608+0000] {manager.py:893} INFO - 
================================================================================
DAG File Processing Stats

File Path                                 PID  Runtime      # DAGs    # Errors  Last Runtime    Last Run
--------------------------------------  -----  ---------  --------  ----------  --------------  ----------
/opt/airflow/dags/ingest_historique.py    167  0.09s             0           0
/opt/airflow/dags/pipeline.py             170  0.07s             0           0
================================================================================
[2025-03-13T22:33:27.689+0000] {manager.py:893} INFO - 
================================================================================
DAG File Processing Stats

File Path                               PID    Runtime      # DAGs    # Errors  Last Runtime    Last Run
--------------------------------------  -----  ---------  --------  ----------  --------------  -------------------
/opt/airflow/dags/ingest_historique.py                           1           0  3.42s           2025-03-13T22:33:01
/opt/airflow/dags/pipeline.py                                    1           0  3.39s           2025-03-13T22:33:01
================================================================================
[2025-03-13T22:33:57.033+0000] {manager.py:893} INFO - 
================================================================================
DAG File Processing Stats

File Path                               PID    Runtime      # DAGs    # Errors  Last Runtime    Last Run
--------------------------------------  -----  ---------  --------  ----------  --------------  -------------------
/opt/airflow/dags/ingest_historique.py                           1           0  1.18s           2025-03-13T22:33:33
/opt/airflow/dags/pipeline.py                                    1           0  1.17s           2025-03-13T22:33:33
================================================================================
[2025-03-13T22:34:26.186+0000] {manager.py:893} INFO - 
================================================================================
DAG File Processing Stats

File Path                               PID    Runtime      # DAGs    # Errors  Last Runtime    Last Run
--------------------------------------  -----  ---------  --------  ----------  --------------  -------------------
/opt/airflow/dags/ingest_historique.py                           1           0  0.96s           2025-03-13T22:34:04
/opt/airflow/dags/pipeline.py                                    1           0  0.99s           2025-03-13T22:34:04
================================================================================
[2025-03-13T22:34:55.139+0000] {manager.py:893} INFO - 
================================================================================
DAG File Processing Stats

File Path                               PID    Runtime      # DAGs    # Errors  Last Runtime    Last Run
--------------------------------------  -----  ---------  --------  ----------  --------------  -------------------
/opt/airflow/dags/ingest_historique.py                           1           0  0.87s           2025-03-13T22:34:35
/opt/airflow/dags/pipeline.py                                    1           0  0.87s           2025-03-13T22:34:35
================================================================================
[2025-03-13T22:35:24.310+0000] {manager.py:893} INFO - 
================================================================================
DAG File Processing Stats

File Path                               PID    Runtime      # DAGs    # Errors  Last Runtime    Last Run
--------------------------------------  -----  ---------  --------  ----------  --------------  -------------------
/opt/airflow/dags/ingest_historique.py                           1           0  -0.08s          2025-03-13T22:35:05
/opt/airflow/dags/pipeline.py                                    1           0  -0.09s          2025-03-13T22:35:05
================================================================================
[2025-03-13T22:35:53.218+0000] {manager.py:893} INFO - 
================================================================================
DAG File Processing Stats

File Path                               PID    Runtime      # DAGs    # Errors  Last Runtime    Last Run
--------------------------------------  -----  ---------  --------  ----------  --------------  -------------------
/opt/airflow/dags/ingest_historique.py                           1           0  0.71s           2025-03-13T22:35:36
/opt/airflow/dags/pipeline.py                                    1           0  0.72s           2025-03-13T22:35:36
================================================================================
[2025-03-13T22:36:22.349+0000] {manager.py:893} INFO - 
================================================================================
DAG File Processing Stats

File Path                               PID    Runtime      # DAGs    # Errors  Last Runtime    Last Run
--------------------------------------  -----  ---------  --------  ----------  --------------  -------------------
/opt/airflow/dags/ingest_historique.py                           1           0  0.68s           2025-03-13T22:36:06
/opt/airflow/dags/pipeline.py                                    1           0  0.66s           2025-03-13T22:36:06
================================================================================
[2025-03-13T22:36:51.768+0000] {manager.py:893} INFO - 
================================================================================
DAG File Processing Stats

File Path                               PID    Runtime      # DAGs    # Errors  Last Runtime    Last Run
--------------------------------------  -----  ---------  --------  ----------  --------------  -------------------
/opt/airflow/dags/ingest_historique.py                           1           0  0.74s           2025-03-13T22:36:37
/opt/airflow/dags/pipeline.py                                    1           0  0.74s           2025-03-13T22:36:37
================================================================================
[2025-03-13T22:37:21.508+0000] {manager.py:893} INFO - 
================================================================================
DAG File Processing Stats

File Path                               PID    Runtime      # DAGs    # Errors  Last Runtime    Last Run
--------------------------------------  -----  ---------  --------  ----------  --------------  -------------------
/opt/airflow/dags/ingest_historique.py                           1           0  0.66s           2025-03-13T22:37:08
/opt/airflow/dags/pipeline.py                                    1           0  0.65s           2025-03-13T22:37:08
================================================================================
[2025-03-13T22:37:50.326+0000] {manager.py:893} INFO - 
================================================================================
DAG File Processing Stats

File Path                               PID    Runtime      # DAGs    # Errors  Last Runtime    Last Run
--------------------------------------  -----  ---------  --------  ----------  --------------  -------------------
/opt/airflow/dags/ingest_historique.py                           1           0  0.76s           2025-03-13T22:37:39
/opt/airflow/dags/pipeline.py                                    1           0  0.76s           2025-03-13T22:37:39
================================================================================
[2025-03-13T22:37:58.414+0000] {manager.py:759} INFO - Searching for files in /opt/airflow/dags
[2025-03-13T22:37:58.434+0000] {manager.py:762} INFO - There are 2 files in /opt/airflow/dags
[2025-03-13T22:38:19.208+0000] {manager.py:893} INFO - 
================================================================================
DAG File Processing Stats

File Path                               PID    Runtime      # DAGs    # Errors  Last Runtime    Last Run
--------------------------------------  -----  ---------  --------  ----------  --------------  -------------------
/opt/airflow/dags/ingest_historique.py                           1           0  0.76s           2025-03-13T22:38:10
/opt/airflow/dags/pipeline.py                                    1           0  0.76s           2025-03-13T22:38:10
================================================================================
[2025-03-13T22:38:48.910+0000] {manager.py:893} INFO - 
================================================================================
DAG File Processing Stats

File Path                               PID    Runtime      # DAGs    # Errors  Last Runtime    Last Run
--------------------------------------  -----  ---------  --------  ----------  --------------  -------------------
/opt/airflow/dags/ingest_historique.py                           1           0  0.65s           2025-03-13T22:38:40
/opt/airflow/dags/pipeline.py                                    1           0  0.65s           2025-03-13T22:38:40
================================================================================
[2025-03-13T22:39:18.008+0000] {manager.py:893} INFO - 
================================================================================
DAG File Processing Stats

File Path                               PID    Runtime      # DAGs    # Errors  Last Runtime    Last Run
--------------------------------------  -----  ---------  --------  ----------  --------------  -------------------
/opt/airflow/dags/ingest_historique.py                           1           0  1.03s           2025-03-13T22:39:11
/opt/airflow/dags/pipeline.py                                    1           0  1.02s           2025-03-13T22:39:11
================================================================================
[2025-03-13T22:39:46.862+0000] {manager.py:893} INFO - 
================================================================================
DAG File Processing Stats

File Path                               PID    Runtime      # DAGs    # Errors  Last Runtime    Last Run
--------------------------------------  -----  ---------  --------  ----------  --------------  -------------------
/opt/airflow/dags/ingest_historique.py                           1           0  0.79s           2025-03-13T22:39:42
/opt/airflow/dags/pipeline.py                                    1           0  0.79s           2025-03-13T22:39:42
================================================================================
[2025-03-13T22:40:16.609+0000] {manager.py:893} INFO - 
================================================================================
DAG File Processing Stats

File Path                               PID    Runtime      # DAGs    # Errors  Last Runtime    Last Run
--------------------------------------  -----  ---------  --------  ----------  --------------  -------------------
/opt/airflow/dags/ingest_historique.py                           1           0  0.69s           2025-03-13T22:40:13
/opt/airflow/dags/pipeline.py                                    1           0  0.70s           2025-03-13T22:40:13
================================================================================
[2025-03-13T22:40:45.572+0000] {manager.py:893} INFO - 
================================================================================
DAG File Processing Stats

File Path                               PID    Runtime      # DAGs    # Errors  Last Runtime    Last Run
--------------------------------------  -----  ---------  --------  ----------  --------------  -------------------
/opt/airflow/dags/ingest_historique.py                           1           0  0.88s           2025-03-13T22:40:44
/opt/airflow/dags/pipeline.py                                    1           0  0.89s           2025-03-13T22:40:44
================================================================================
[2025-03-13T22:41:14.666+0000] {manager.py:893} INFO - 
================================================================================
DAG File Processing Stats

File Path                                 PID  Runtime      # DAGs    # Errors  Last Runtime    Last Run
--------------------------------------  -----  ---------  --------  ----------  --------------  -------------------
/opt/airflow/dags/ingest_historique.py    359  0.02s             1           0  0.88s           2025-03-13T22:40:44
/opt/airflow/dags/pipeline.py             362  0.01s             1           0  0.89s           2025-03-13T22:40:44
================================================================================
[2025-03-13T22:41:43.654+0000] {manager.py:893} INFO - 
================================================================================
DAG File Processing Stats

File Path                               PID    Runtime      # DAGs    # Errors  Last Runtime    Last Run
--------------------------------------  -----  ---------  --------  ----------  --------------  -------------------
/opt/airflow/dags/ingest_historique.py                           1           0  0.95s           2025-03-13T22:41:15
/opt/airflow/dags/pipeline.py                                    1           0  0.93s           2025-03-13T22:41:15
================================================================================
[2025-03-13T22:42:12.651+0000] {manager.py:893} INFO - 
================================================================================
DAG File Processing Stats

File Path                               PID    Runtime      # DAGs    # Errors  Last Runtime    Last Run
--------------------------------------  -----  ---------  --------  ----------  --------------  -------------------
/opt/airflow/dags/ingest_historique.py                           1           0  0.92s           2025-03-13T22:41:46
/opt/airflow/dags/pipeline.py                                    1           0  0.93s           2025-03-13T22:41:46
================================================================================
[2025-03-13T22:42:42.376+0000] {manager.py:893} INFO - 
================================================================================
DAG File Processing Stats

File Path                               PID    Runtime      # DAGs    # Errors  Last Runtime    Last Run
--------------------------------------  -----  ---------  --------  ----------  --------------  -------------------
/opt/airflow/dags/ingest_historique.py                           1           0  0.68s           2025-03-13T22:42:17
/opt/airflow/dags/pipeline.py                                    1           0  0.69s           2025-03-13T22:42:17
================================================================================
[2025-03-13T22:42:59.016+0000] {manager.py:759} INFO - Searching for files in /opt/airflow/dags
[2025-03-13T22:42:59.043+0000] {manager.py:762} INFO - There are 2 files in /opt/airflow/dags
[2025-03-13T22:43:11.176+0000] {manager.py:893} INFO - 
================================================================================
DAG File Processing Stats

File Path                               PID    Runtime      # DAGs    # Errors  Last Runtime    Last Run
--------------------------------------  -----  ---------  --------  ----------  --------------  -------------------
/opt/airflow/dags/ingest_historique.py                           1           0  0.71s           2025-03-13T22:42:48
/opt/airflow/dags/pipeline.py                                    1           0  0.72s           2025-03-13T22:42:48
================================================================================
[2025-03-13T22:43:40.018+0000] {manager.py:893} INFO - 
================================================================================
DAG File Processing Stats

File Path                               PID    Runtime      # DAGs    # Errors  Last Runtime    Last Run
--------------------------------------  -----  ---------  --------  ----------  --------------  -------------------
/opt/airflow/dags/ingest_historique.py                           1           0  0.80s           2025-03-13T22:43:19
/opt/airflow/dags/pipeline.py                                    1           0  0.80s           2025-03-13T22:43:19
================================================================================
[2025-03-13T22:44:08.959+0000] {manager.py:893} INFO - 
================================================================================
DAG File Processing Stats

File Path                               PID    Runtime      # DAGs    # Errors  Last Runtime    Last Run
--------------------------------------  -----  ---------  --------  ----------  --------------  -------------------
/opt/airflow/dags/ingest_historique.py                           1           0  0.85s           2025-03-13T22:43:50
/opt/airflow/dags/pipeline.py                                    1           0  0.86s           2025-03-13T22:43:50
================================================================================
[2025-03-13T22:44:38.409+0000] {manager.py:893} INFO - 
================================================================================
DAG File Processing Stats

File Path                               PID    Runtime      # DAGs    # Errors  Last Runtime    Last Run
--------------------------------------  -----  ---------  --------  ----------  --------------  -------------------
/opt/airflow/dags/ingest_historique.py                           1           0  1.38s           2025-03-13T22:44:22
/opt/airflow/dags/pipeline.py                                    1           0  1.38s           2025-03-13T22:44:22
================================================================================
[2025-03-13T22:45:07.219+0000] {manager.py:893} INFO - 
================================================================================
DAG File Processing Stats

File Path                               PID    Runtime      # DAGs    # Errors  Last Runtime    Last Run
--------------------------------------  -----  ---------  --------  ----------  --------------  -------------------
/opt/airflow/dags/ingest_historique.py                           1           0  0.75s           2025-03-13T22:44:53
/opt/airflow/dags/pipeline.py                                    1           0  0.74s           2025-03-13T22:44:53
================================================================================
[2025-03-13T22:45:36.526+0000] {manager.py:893} INFO - 
================================================================================
DAG File Processing Stats

File Path                               PID    Runtime      # DAGs    # Errors  Last Runtime    Last Run
--------------------------------------  -----  ---------  --------  ----------  --------------  -------------------
/opt/airflow/dags/ingest_historique.py                           1           0  0.75s           2025-03-13T22:45:23
/opt/airflow/dags/pipeline.py                                    1           0  0.73s           2025-03-13T22:45:23
================================================================================
[2025-03-13T22:46:05.857+0000] {manager.py:893} INFO - 
================================================================================
DAG File Processing Stats

File Path                               PID    Runtime      # DAGs    # Errors  Last Runtime    Last Run
--------------------------------------  -----  ---------  --------  ----------  --------------  -------------------
/opt/airflow/dags/ingest_historique.py                           1           0  0.84s           2025-03-13T22:45:54
/opt/airflow/dags/pipeline.py                                    1           0  0.87s           2025-03-13T22:45:54
================================================================================
[2025-03-13T22:46:34.609+0000] {manager.py:893} INFO - 
================================================================================
DAG File Processing Stats

File Path                               PID    Runtime      # DAGs    # Errors  Last Runtime    Last Run
--------------------------------------  -----  ---------  --------  ----------  --------------  -------------------
/opt/airflow/dags/ingest_historique.py                           1           0  0.64s           2025-03-13T22:46:25
/opt/airflow/dags/pipeline.py                                    1           0  0.64s           2025-03-13T22:46:25
================================================================================
[2025-03-13T22:47:03.341+0000] {manager.py:893} INFO - 
================================================================================
DAG File Processing Stats

File Path                               PID    Runtime      # DAGs    # Errors  Last Runtime    Last Run
--------------------------------------  -----  ---------  --------  ----------  --------------  -------------------
/opt/airflow/dags/ingest_historique.py                           1           0  0.74s           2025-03-13T22:46:56
/opt/airflow/dags/pipeline.py                                    1           0  0.74s           2025-03-13T22:46:56
================================================================================
[2025-03-13T22:47:32.098+0000] {manager.py:893} INFO - 
================================================================================
DAG File Processing Stats

File Path                               PID    Runtime      # DAGs    # Errors  Last Runtime    Last Run
--------------------------------------  -----  ---------  --------  ----------  --------------  -------------------
/opt/airflow/dags/ingest_historique.py                           1           0  0.67s           2025-03-13T22:47:27
/opt/airflow/dags/pipeline.py                                    1           0  0.66s           2025-03-13T22:47:27
================================================================================
[2025-03-13T22:47:59.131+0000] {manager.py:759} INFO - Searching for files in /opt/airflow/dags
[2025-03-13T22:47:59.156+0000] {manager.py:762} INFO - There are 2 files in /opt/airflow/dags
[2025-03-13T22:48:00.910+0000] {manager.py:893} INFO - 
================================================================================
DAG File Processing Stats

File Path                               PID    Runtime      # DAGs    # Errors  Last Runtime    Last Run
--------------------------------------  -----  ---------  --------  ----------  --------------  -------------------
/opt/airflow/dags/ingest_historique.py                           1           0  0.79s           2025-03-13T22:47:57
/opt/airflow/dags/pipeline.py                                    1           0  0.78s           2025-03-13T22:47:57
================================================================================
[2025-03-13T22:48:29.705+0000] {manager.py:893} INFO - 
================================================================================
DAG File Processing Stats

File Path                               PID    Runtime      # DAGs    # Errors  Last Runtime    Last Run
--------------------------------------  -----  ---------  --------  ----------  --------------  -------------------
/opt/airflow/dags/ingest_historique.py                           1           0  0.77s           2025-03-13T22:48:28
/opt/airflow/dags/pipeline.py                                    1           0  0.74s           2025-03-13T22:48:28
================================================================================
[2025-03-13T22:48:58.750+0000] {manager.py:893} INFO - 
================================================================================
DAG File Processing Stats

File Path                                 PID  Runtime      # DAGs    # Errors  Last Runtime    Last Run
--------------------------------------  -----  ---------  --------  ----------  --------------  -------------------
/opt/airflow/dags/ingest_historique.py    539  0.02s             1           0  0.77s           2025-03-13T22:48:28
/opt/airflow/dags/pipeline.py             542  0.01s             1           0  0.74s           2025-03-13T22:48:28
================================================================================
[2025-03-13T22:49:27.659+0000] {manager.py:893} INFO - 
================================================================================
DAG File Processing Stats

File Path                               PID    Runtime      # DAGs    # Errors  Last Runtime    Last Run
--------------------------------------  -----  ---------  --------  ----------  --------------  -------------------
/opt/airflow/dags/ingest_historique.py                           1           0  0.93s           2025-03-13T22:48:59
/opt/airflow/dags/pipeline.py                                    1           0  0.92s           2025-03-13T22:48:59
================================================================================
[2025-03-13T22:49:57.238+0000] {manager.py:893} INFO - 
================================================================================
DAG File Processing Stats

File Path                               PID    Runtime      # DAGs    # Errors  Last Runtime    Last Run
--------------------------------------  -----  ---------  --------  ----------  --------------  -------------------
/opt/airflow/dags/ingest_historique.py                           1           0  0.84s           2025-03-13T22:49:31
/opt/airflow/dags/pipeline.py                                    1           0  0.85s           2025-03-13T22:49:31
================================================================================
[2025-03-13T22:50:26.334+0000] {manager.py:893} INFO - 
================================================================================
DAG File Processing Stats

File Path                               PID    Runtime      # DAGs    # Errors  Last Runtime    Last Run
--------------------------------------  -----  ---------  --------  ----------  --------------  -------------------
/opt/airflow/dags/ingest_historique.py                           1           0  1.08s           2025-03-13T22:50:02
/opt/airflow/dags/pipeline.py                                    1           0  1.07s           2025-03-13T22:50:02
================================================================================
[2025-03-13T22:50:53.897+0000] {manager.py:893} INFO - 
================================================================================
DAG File Processing Stats

File Path                               PID    Runtime      # DAGs    # Errors  Last Runtime    Last Run
--------------------------------------  -----  ---------  --------  ----------  --------------  -------------------
/opt/airflow/dags/ingest_historique.py                           1           0  0.77s           2025-03-13T22:50:32
/opt/airflow/dags/pipeline.py                                    1           0  0.79s           2025-03-13T22:50:32
================================================================================
[2025-03-13T22:51:22.687+0000] {manager.py:893} INFO - 
================================================================================
DAG File Processing Stats

File Path                               PID    Runtime      # DAGs    # Errors  Last Runtime    Last Run
--------------------------------------  -----  ---------  --------  ----------  --------------  -------------------
/opt/airflow/dags/ingest_historique.py                           1           0  0.74s           2025-03-13T22:51:03
/opt/airflow/dags/pipeline.py                                    1           0  0.80s           2025-03-13T22:51:03
================================================================================
[2025-03-13T22:51:51.850+0000] {manager.py:893} INFO - 
================================================================================
DAG File Processing Stats

File Path                               PID    Runtime      # DAGs    # Errors  Last Runtime    Last Run
--------------------------------------  -----  ---------  --------  ----------  --------------  -------------------
/opt/airflow/dags/ingest_historique.py                           1           0  1.03s           2025-03-13T22:51:34
/opt/airflow/dags/pipeline.py                                    1           0  1.01s           2025-03-13T22:51:34
================================================================================
[2025-03-13T22:52:20.695+0000] {manager.py:893} INFO - 
================================================================================
DAG File Processing Stats

File Path                               PID    Runtime      # DAGs    # Errors  Last Runtime    Last Run
--------------------------------------  -----  ---------  --------  ----------  --------------  -------------------
/opt/airflow/dags/ingest_historique.py                           1           0  1.78s           2025-03-13T22:52:06
/opt/airflow/dags/pipeline.py                                    1           0  1.75s           2025-03-13T22:52:06
================================================================================
[2025-03-13T22:52:49.643+0000] {manager.py:893} INFO - 
================================================================================
DAG File Processing Stats

File Path                               PID    Runtime      # DAGs    # Errors  Last Runtime    Last Run
--------------------------------------  -----  ---------  --------  ----------  --------------  -------------------
/opt/airflow/dags/ingest_historique.py                           1           0  0.94s           2025-03-13T22:52:37
/opt/airflow/dags/pipeline.py                                    1           0  0.94s           2025-03-13T22:52:37
================================================================================
[2025-03-13T22:52:59.755+0000] {manager.py:759} INFO - Searching for files in /opt/airflow/dags
[2025-03-13T22:52:59.797+0000] {manager.py:762} INFO - There are 2 files in /opt/airflow/dags
[2025-03-13T22:53:18.424+0000] {manager.py:893} INFO - 
================================================================================
DAG File Processing Stats

File Path                               PID    Runtime      # DAGs    # Errors  Last Runtime    Last Run
--------------------------------------  -----  ---------  --------  ----------  --------------  -------------------
/opt/airflow/dags/ingest_historique.py                           1           0  0.71s           2025-03-13T22:53:08
/opt/airflow/dags/pipeline.py                                    1           0  0.69s           2025-03-13T22:53:08
================================================================================
[2025-03-13T22:53:47.226+0000] {manager.py:893} INFO - 
================================================================================
DAG File Processing Stats

File Path                               PID    Runtime      # DAGs    # Errors  Last Runtime    Last Run
--------------------------------------  -----  ---------  --------  ----------  --------------  -------------------
/opt/airflow/dags/ingest_historique.py                           1           0  0.69s           2025-03-13T22:53:39
/opt/airflow/dags/pipeline.py                                    1           0  0.69s           2025-03-13T22:53:39
================================================================================
[2025-03-13T22:54:16.012+0000] {manager.py:893} INFO - 
================================================================================
DAG File Processing Stats

File Path                               PID    Runtime      # DAGs    # Errors  Last Runtime    Last Run
--------------------------------------  -----  ---------  --------  ----------  --------------  -------------------
/opt/airflow/dags/ingest_historique.py                           1           0  0.68s           2025-03-13T22:54:10
/opt/airflow/dags/pipeline.py                                    1           0  0.68s           2025-03-13T22:54:10
================================================================================
[2025-03-13T22:54:44.755+0000] {manager.py:893} INFO - 
================================================================================
DAG File Processing Stats

File Path                               PID    Runtime      # DAGs    # Errors  Last Runtime    Last Run
--------------------------------------  -----  ---------  --------  ----------  --------------  -------------------
/opt/airflow/dags/ingest_historique.py                           1           0  0.70s           2025-03-13T22:54:40
/opt/airflow/dags/pipeline.py                                    1           0  0.69s           2025-03-13T22:54:40
================================================================================
[2025-03-13T22:55:13.667+0000] {manager.py:893} INFO - 
================================================================================
DAG File Processing Stats

File Path                               PID    Runtime      # DAGs    # Errors  Last Runtime    Last Run
--------------------------------------  -----  ---------  --------  ----------  --------------  -------------------
/opt/airflow/dags/ingest_historique.py                           1           0  1.78s           2025-03-13T22:55:12
/opt/airflow/dags/pipeline.py                                    1           0  1.79s           2025-03-13T22:55:12
================================================================================
[2025-03-13T22:55:42.566+0000] {manager.py:893} INFO - 
================================================================================
DAG File Processing Stats

File Path                               PID    Runtime      # DAGs    # Errors  Last Runtime    Last Run
--------------------------------------  -----  ---------  --------  ----------  --------------  -------------------
/opt/airflow/dags/ingest_historique.py                           1           0  1.78s           2025-03-13T22:55:12
/opt/airflow/dags/pipeline.py                                    1           0  1.79s           2025-03-13T22:55:12
================================================================================
[2025-03-13T22:56:11.735+0000] {manager.py:893} INFO - 
================================================================================
DAG File Processing Stats

File Path                               PID    Runtime      # DAGs    # Errors  Last Runtime    Last Run
--------------------------------------  -----  ---------  --------  ----------  --------------  -------------------
/opt/airflow/dags/ingest_historique.py                           1           0  2.05s           2025-03-13T22:55:45
/opt/airflow/dags/pipeline.py                                    1           0  2.00s           2025-03-13T22:55:45
================================================================================
[2025-03-13T22:56:40.997+0000] {manager.py:893} INFO - 
================================================================================
DAG File Processing Stats

File Path                               PID    Runtime      # DAGs    # Errors  Last Runtime    Last Run
--------------------------------------  -----  ---------  --------  ----------  --------------  -------------------
/opt/airflow/dags/ingest_historique.py                           1           0  1.30s           2025-03-13T22:56:17
/opt/airflow/dags/pipeline.py                                    1           0  1.28s           2025-03-13T22:56:17
================================================================================
[2025-03-13T22:57:10.079+0000] {manager.py:893} INFO - 
================================================================================
DAG File Processing Stats

File Path                               PID    Runtime      # DAGs    # Errors  Last Runtime    Last Run
--------------------------------------  -----  ---------  --------  ----------  --------------  -------------------
/opt/airflow/dags/ingest_historique.py                           1           0  1.30s           2025-03-13T22:56:49
/opt/airflow/dags/pipeline.py                                    1           0  1.26s           2025-03-13T22:56:49
================================================================================
[2025-03-13T22:57:39.133+0000] {manager.py:893} INFO - 
================================================================================
DAG File Processing Stats

File Path                               PID    Runtime      # DAGs    # Errors  Last Runtime    Last Run
--------------------------------------  -----  ---------  --------  ----------  --------------  -------------------
/opt/airflow/dags/ingest_historique.py                           1           0  1.79s           2025-03-13T22:57:21
/opt/airflow/dags/pipeline.py                                    1           0  1.73s           2025-03-13T22:57:21
================================================================================
[2025-03-13T22:58:00.374+0000] {manager.py:759} INFO - Searching for files in /opt/airflow/dags
[2025-03-13T22:58:00.407+0000] {manager.py:762} INFO - There are 2 files in /opt/airflow/dags
[2025-03-13T22:58:07.461+0000] {manager.py:893} INFO - 
================================================================================
DAG File Processing Stats

File Path                               PID    Runtime      # DAGs    # Errors  Last Runtime    Last Run
--------------------------------------  -----  ---------  --------  ----------  --------------  -------------------
/opt/airflow/dags/ingest_historique.py                           1           0  1.50s           2025-03-13T22:57:52
/opt/airflow/dags/pipeline.py                                    1           0  1.19s           2025-03-13T22:57:53
================================================================================
[2025-03-13T22:58:37.585+0000] {manager.py:893} INFO - 
================================================================================
DAG File Processing Stats

File Path                               PID    Runtime      # DAGs    # Errors  Last Runtime    Last Run
--------------------------------------  -----  ---------  --------  ----------  --------------  -------------------
/opt/airflow/dags/ingest_historique.py                           1           0  1.64s           2025-03-13T22:58:25
/opt/airflow/dags/pipeline.py                                    1           0  1.61s           2025-03-13T22:58:25
================================================================================
[2025-03-13T22:59:06.980+0000] {manager.py:893} INFO - 
================================================================================
DAG File Processing Stats

File Path                               PID    Runtime      # DAGs    # Errors  Last Runtime    Last Run
--------------------------------------  -----  ---------  --------  ----------  --------------  -------------------
/opt/airflow/dags/ingest_historique.py                           1           0  0.85s           2025-03-13T22:58:56
/opt/airflow/dags/pipeline.py                                    1           0  0.84s           2025-03-13T22:58:56
================================================================================
[2025-03-13T22:59:36.402+0000] {manager.py:893} INFO - 
================================================================================
DAG File Processing Stats

File Path                               PID    Runtime      # DAGs    # Errors  Last Runtime    Last Run
--------------------------------------  -----  ---------  --------  ----------  --------------  -------------------
/opt/airflow/dags/ingest_historique.py                           1           0  1.35s           2025-03-13T22:59:28
/opt/airflow/dags/pipeline.py                                    1           0  1.35s           2025-03-13T22:59:28
================================================================================
[2025-03-13T23:00:05.147+0000] {manager.py:893} INFO - 
================================================================================
DAG File Processing Stats

File Path                               PID    Runtime      # DAGs    # Errors  Last Runtime    Last Run
--------------------------------------  -----  ---------  --------  ----------  --------------  -------------------
/opt/airflow/dags/ingest_historique.py                           1           0  0.76s           2025-03-13T22:59:59
/opt/airflow/dags/pipeline.py                                    1           0  0.76s           2025-03-13T22:59:59
================================================================================
[2025-03-13T23:00:33.978+0000] {manager.py:893} INFO - 
================================================================================
DAG File Processing Stats

File Path                               PID    Runtime      # DAGs    # Errors  Last Runtime    Last Run
--------------------------------------  -----  ---------  --------  ----------  --------------  -------------------
/opt/airflow/dags/ingest_historique.py                           1           0  -0.59s          2025-03-13T23:00:28
/opt/airflow/dags/pipeline.py                                    1           0  -0.59s          2025-03-13T23:00:28
================================================================================
[2025-03-13T23:01:03.683+0000] {manager.py:893} INFO - 
================================================================================
DAG File Processing Stats

File Path                               PID    Runtime      # DAGs    # Errors  Last Runtime    Last Run
--------------------------------------  -----  ---------  --------  ----------  --------------  -------------------
/opt/airflow/dags/ingest_historique.py                           1           0  0.70s           2025-03-13T23:00:59
/opt/airflow/dags/pipeline.py                                    1           0  0.70s           2025-03-13T23:00:59
================================================================================
[2025-03-13T23:01:32.441+0000] {manager.py:893} INFO - 
================================================================================
DAG File Processing Stats

File Path                               PID    Runtime      # DAGs    # Errors  Last Runtime    Last Run
--------------------------------------  -----  ---------  --------  ----------  --------------  -------------------
/opt/airflow/dags/ingest_historique.py                           1           0  0.67s           2025-03-13T23:01:30
/opt/airflow/dags/pipeline.py                                    1           0  0.67s           2025-03-13T23:01:30
================================================================================
[2025-03-13T23:02:01.174+0000] {manager.py:893} INFO - 
================================================================================
DAG File Processing Stats

File Path                                 PID  Runtime      # DAGs    # Errors  Last Runtime    Last Run
--------------------------------------  -----  ---------  --------  ----------  --------------  -------------------
/opt/airflow/dags/ingest_historique.py                           1           0  0.72s           2025-03-13T23:02:01
/opt/airflow/dags/pipeline.py             842  0.71s             1           0  0.67s           2025-03-13T23:01:30
================================================================================
[2025-03-13T23:02:30.137+0000] {manager.py:893} INFO - 
================================================================================
DAG File Processing Stats

File Path                               PID    Runtime      # DAGs    # Errors  Last Runtime    Last Run
--------------------------------------  -----  ---------  --------  ----------  --------------  -------------------
/opt/airflow/dags/ingest_historique.py                           1           0  0.72s           2025-03-13T23:02:01
/opt/airflow/dags/pipeline.py                                    1           0  0.72s           2025-03-13T23:02:01
================================================================================
[2025-03-13T23:02:59.091+0000] {manager.py:893} INFO - 
================================================================================
DAG File Processing Stats

File Path                               PID    Runtime      # DAGs    # Errors  Last Runtime    Last Run
--------------------------------------  -----  ---------  --------  ----------  --------------  -------------------
/opt/airflow/dags/ingest_historique.py                           1           0  0.94s           2025-03-13T23:02:33
/opt/airflow/dags/pipeline.py                                    1           0  0.91s           2025-03-13T23:02:33
================================================================================
[2025-03-13T23:03:01.109+0000] {manager.py:759} INFO - Searching for files in /opt/airflow/dags
[2025-03-13T23:03:01.136+0000] {manager.py:762} INFO - There are 2 files in /opt/airflow/dags
[2025-03-13T23:03:27.952+0000] {manager.py:893} INFO - 
================================================================================
DAG File Processing Stats

File Path                               PID    Runtime      # DAGs    # Errors  Last Runtime    Last Run
--------------------------------------  -----  ---------  --------  ----------  --------------  -------------------
/opt/airflow/dags/ingest_historique.py                           1           0  0.74s           2025-03-13T23:03:03
/opt/airflow/dags/pipeline.py                                    1           0  0.73s           2025-03-13T23:03:03
================================================================================
[2025-03-13T23:03:57.368+0000] {manager.py:893} INFO - 
================================================================================
DAG File Processing Stats

File Path                               PID    Runtime      # DAGs    # Errors  Last Runtime    Last Run
--------------------------------------  -----  ---------  --------  ----------  --------------  -------------------
/opt/airflow/dags/ingest_historique.py                           1           0  1.37s           2025-03-13T23:03:35
/opt/airflow/dags/pipeline.py                                    1           0  1.37s           2025-03-13T23:03:35
================================================================================
[2025-03-13T23:04:26.337+0000] {manager.py:893} INFO - 
================================================================================
DAG File Processing Stats

File Path                               PID    Runtime      # DAGs    # Errors  Last Runtime    Last Run
--------------------------------------  -----  ---------  --------  ----------  --------------  -------------------
/opt/airflow/dags/ingest_historique.py                           1           0  1.95s           2025-03-13T23:04:07
/opt/airflow/dags/pipeline.py                                    1           0  1.94s           2025-03-13T23:04:07
================================================================================
[2025-03-13T23:04:55.243+0000] {manager.py:893} INFO - 
================================================================================
DAG File Processing Stats

File Path                               PID    Runtime      # DAGs    # Errors  Last Runtime    Last Run
--------------------------------------  -----  ---------  --------  ----------  --------------  -------------------
/opt/airflow/dags/ingest_historique.py                           1           0  0.92s           2025-03-13T23:04:38
/opt/airflow/dags/pipeline.py                                    1           0  0.90s           2025-03-13T23:04:38
================================================================================
[2025-03-13T23:05:24.279+0000] {manager.py:893} INFO - 
================================================================================
DAG File Processing Stats

File Path                               PID    Runtime      # DAGs    # Errors  Last Runtime    Last Run
--------------------------------------  -----  ---------  --------  ----------  --------------  -------------------
/opt/airflow/dags/ingest_historique.py                           1           0  1.07s           2025-03-13T23:05:09
/opt/airflow/dags/pipeline.py                                    1           0  1.06s           2025-03-13T23:05:09
================================================================================
[2025-03-13T23:05:53.181+0000] {manager.py:893} INFO - 
================================================================================
DAG File Processing Stats

File Path                               PID    Runtime      # DAGs    # Errors  Last Runtime    Last Run
--------------------------------------  -----  ---------  --------  ----------  --------------  -------------------
/opt/airflow/dags/ingest_historique.py                           1           0  0.90s           2025-03-13T23:05:41
/opt/airflow/dags/pipeline.py                                    1           0  0.89s           2025-03-13T23:05:41
================================================================================
[2025-03-13T23:06:22.204+0000] {manager.py:893} INFO - 
================================================================================
DAG File Processing Stats

File Path                               PID    Runtime      # DAGs    # Errors  Last Runtime    Last Run
--------------------------------------  -----  ---------  --------  ----------  --------------  -------------------
/opt/airflow/dags/ingest_historique.py                           1           0  0.93s           2025-03-13T23:06:12
/opt/airflow/dags/pipeline.py                                    1           0  0.92s           2025-03-13T23:06:12
================================================================================
[2025-03-13T23:06:51.693+0000] {manager.py:893} INFO - 
================================================================================
DAG File Processing Stats

File Path                               PID    Runtime      # DAGs    # Errors  Last Runtime    Last Run
--------------------------------------  -----  ---------  --------  ----------  --------------  -------------------
/opt/airflow/dags/ingest_historique.py                           1           0  0.17s           2025-03-13T23:06:43
/opt/airflow/dags/pipeline.py                                    1           0  0.17s           2025-03-13T23:06:43
================================================================================
[2025-03-13T23:07:20.455+0000] {manager.py:893} INFO - 
================================================================================
DAG File Processing Stats

File Path                               PID    Runtime      # DAGs    # Errors  Last Runtime    Last Run
--------------------------------------  -----  ---------  --------  ----------  --------------  -------------------
/opt/airflow/dags/ingest_historique.py                           1           0  1.69s           2025-03-13T23:07:15
/opt/airflow/dags/pipeline.py                                    1           0  1.55s           2025-03-13T23:07:15
================================================================================
[2025-03-13T23:07:50.119+0000] {manager.py:893} INFO - 
================================================================================
DAG File Processing Stats

File Path                               PID    Runtime      # DAGs    # Errors  Last Runtime    Last Run
--------------------------------------  -----  ---------  --------  ----------  --------------  -------------------
/opt/airflow/dags/ingest_historique.py                           1           0  1.56s           2025-03-13T23:07:47
/opt/airflow/dags/pipeline.py                                    1           0  1.59s           2025-03-13T23:07:47
================================================================================
[2025-03-13T23:08:01.240+0000] {manager.py:759} INFO - Searching for files in /opt/airflow/dags
[2025-03-13T23:08:01.281+0000] {manager.py:762} INFO - There are 2 files in /opt/airflow/dags
[2025-03-13T23:08:19.222+0000] {manager.py:893} INFO - 
================================================================================
DAG File Processing Stats

File Path                               PID    Runtime      # DAGs    # Errors  Last Runtime    Last Run
--------------------------------------  -----  ---------  --------  ----------  --------------  -------------------
/opt/airflow/dags/ingest_historique.py                           1           0  1.03s           2025-03-13T23:08:18
/opt/airflow/dags/pipeline.py                                    1           0  1.04s           2025-03-13T23:08:18
================================================================================
[2025-03-13T23:08:48.185+0000] {manager.py:893} INFO - 
================================================================================
DAG File Processing Stats

File Path                               PID    Runtime      # DAGs    # Errors  Last Runtime    Last Run
--------------------------------------  -----  ---------  --------  ----------  --------------  -------------------
/opt/airflow/dags/ingest_historique.py                           1           0  1.03s           2025-03-13T23:08:18
/opt/airflow/dags/pipeline.py                                    1           0  1.04s           2025-03-13T23:08:18
================================================================================
[2025-03-13T23:09:17.132+0000] {manager.py:893} INFO - 
================================================================================
DAG File Processing Stats

File Path                               PID    Runtime      # DAGs    # Errors  Last Runtime    Last Run
--------------------------------------  -----  ---------  --------  ----------  --------------  -------------------
/opt/airflow/dags/ingest_historique.py                           1           0  0.78s           2025-03-13T23:08:48
/opt/airflow/dags/pipeline.py                                    1           0  0.75s           2025-03-13T23:08:49
================================================================================
[2025-03-13T23:09:19.498+0000] {manager.py:469} INFO - Exiting gracefully upon receiving signal 15
[2025-03-13T23:09:19.496+0000] {manager.py:469} INFO - Exiting gracefully upon receiving signal 15
[2025-03-13T23:09:20.291+0000] {manager.py:469} INFO - Exiting gracefully upon receiving signal 15
[2025-03-13T23:09:59.269+0000] {manager.py:487} INFO - Processing files using up to 2 processes at a time 
[2025-03-13T23:09:59.270+0000] {manager.py:488} INFO - Process each file at most once every 30 seconds
[2025-03-13T23:09:59.271+0000] {manager.py:489} INFO - Checking for new files in /opt/airflow/dags every 300 seconds
[2025-03-13T23:09:59.272+0000] {manager.py:759} INFO - Searching for files in /opt/airflow/dags
[2025-03-13T23:09:59.315+0000] {manager.py:762} INFO - There are 2 files in /opt/airflow/dags
[2025-03-13T23:09:59.479+0000] {manager.py:893} INFO - 
================================================================================
DAG File Processing Stats

File Path                                 PID  Runtime      # DAGs    # Errors  Last Runtime    Last Run
--------------------------------------  -----  ---------  --------  ----------  --------------  ----------
/opt/airflow/dags/ingest_historique.py    167  0.09s             0           0
/opt/airflow/dags/pipeline.py             170  0.07s             0           0
================================================================================
[2025-03-13T23:10:28.288+0000] {manager.py:893} INFO - 
================================================================================
DAG File Processing Stats

File Path                               PID    Runtime      # DAGs    # Errors  Last Runtime    Last Run
--------------------------------------  -----  ---------  --------  ----------  --------------  -------------------
/opt/airflow/dags/ingest_historique.py                           1           0  2.94s           2025-03-13T23:10:02
/opt/airflow/dags/pipeline.py                                    1           0  2.91s           2025-03-13T23:10:02
================================================================================
[2025-03-13T23:10:57.338+0000] {manager.py:893} INFO - 
================================================================================
DAG File Processing Stats

File Path                               PID    Runtime      # DAGs    # Errors  Last Runtime    Last Run
--------------------------------------  -----  ---------  --------  ----------  --------------  -------------------
/opt/airflow/dags/ingest_historique.py                           1           0  -0.36s          2025-03-13T23:10:32
/opt/airflow/dags/pipeline.py                                    1           0  -0.38s          2025-03-13T23:10:32
================================================================================
[2025-03-13T23:11:26.391+0000] {manager.py:893} INFO - 
================================================================================
DAG File Processing Stats

File Path                               PID    Runtime      # DAGs    # Errors  Last Runtime    Last Run
--------------------------------------  -----  ---------  --------  ----------  --------------  -------------------
/opt/airflow/dags/ingest_historique.py                           1           0  1.06s           2025-03-13T23:11:03
/opt/airflow/dags/pipeline.py                                    1           0  1.05s           2025-03-13T23:11:03
================================================================================
[2025-03-13T23:11:55.217+0000] {manager.py:893} INFO - 
================================================================================
DAG File Processing Stats

File Path                               PID    Runtime      # DAGs    # Errors  Last Runtime    Last Run
--------------------------------------  -----  ---------  --------  ----------  --------------  -------------------
/opt/airflow/dags/ingest_historique.py                           1           0  0.76s           2025-03-13T23:11:33
/opt/airflow/dags/pipeline.py                                    1           0  0.72s           2025-03-13T23:11:33
================================================================================
[2025-03-13T23:12:24.101+0000] {manager.py:893} INFO - 
================================================================================
DAG File Processing Stats

File Path                               PID    Runtime      # DAGs    # Errors  Last Runtime    Last Run
--------------------------------------  -----  ---------  --------  ----------  --------------  -------------------
/opt/airflow/dags/ingest_historique.py                           1           0  0.84s           2025-03-13T23:12:04
/opt/airflow/dags/pipeline.py                                    1           0  0.83s           2025-03-13T23:12:04
================================================================================
[2025-03-13T23:12:53.063+0000] {manager.py:893} INFO - 
================================================================================
DAG File Processing Stats

File Path                               PID    Runtime      # DAGs    # Errors  Last Runtime    Last Run
--------------------------------------  -----  ---------  --------  ----------  --------------  -------------------
/opt/airflow/dags/ingest_historique.py                           1           0  0.82s           2025-03-13T23:12:35
/opt/airflow/dags/pipeline.py                                    1           0  0.81s           2025-03-13T23:12:35
================================================================================
[2025-03-13T23:13:21.805+0000] {manager.py:893} INFO - 
================================================================================
DAG File Processing Stats

File Path                               PID    Runtime      # DAGs    # Errors  Last Runtime    Last Run
--------------------------------------  -----  ---------  --------  ----------  --------------  -------------------
/opt/airflow/dags/ingest_historique.py                           1           0  0.72s           2025-03-13T23:13:06
/opt/airflow/dags/pipeline.py                                    1           0  0.71s           2025-03-13T23:13:06
================================================================================
[2025-03-13T23:13:50.857+0000] {manager.py:893} INFO - 
================================================================================
DAG File Processing Stats

File Path                               PID    Runtime      # DAGs    # Errors  Last Runtime    Last Run
--------------------------------------  -----  ---------  --------  ----------  --------------  -------------------
/opt/airflow/dags/ingest_historique.py                           1           0  0.64s           2025-03-13T23:13:37
/opt/airflow/dags/pipeline.py                                    1           0  0.65s           2025-03-13T23:13:37
================================================================================
[2025-03-13T23:14:19.921+0000] {manager.py:893} INFO - 
================================================================================
DAG File Processing Stats

File Path                               PID    Runtime      # DAGs    # Errors  Last Runtime    Last Run
--------------------------------------  -----  ---------  --------  ----------  --------------  -------------------
/opt/airflow/dags/ingest_historique.py                           1           0  0.68s           2025-03-13T23:14:08
/opt/airflow/dags/pipeline.py                                    1           0  0.67s           2025-03-13T23:14:08
================================================================================
[2025-03-13T23:14:48.923+0000] {manager.py:893} INFO - 
================================================================================
DAG File Processing Stats

File Path                               PID    Runtime      # DAGs    # Errors  Last Runtime    Last Run
--------------------------------------  -----  ---------  --------  ----------  --------------  -------------------
/opt/airflow/dags/ingest_historique.py                           1           0  1.20s           2025-03-13T23:14:40
/opt/airflow/dags/pipeline.py                                    1           0  1.17s           2025-03-13T23:14:40
================================================================================
[2025-03-13T23:14:59.733+0000] {manager.py:759} INFO - Searching for files in /opt/airflow/dags
[2025-03-13T23:14:59.756+0000] {manager.py:762} INFO - There are 2 files in /opt/airflow/dags
[2025-03-13T23:15:18.071+0000] {manager.py:893} INFO - 
================================================================================
DAG File Processing Stats

File Path                               PID    Runtime      # DAGs    # Errors  Last Runtime    Last Run
--------------------------------------  -----  ---------  --------  ----------  --------------  -------------------
/opt/airflow/dags/ingest_historique.py                           1           0  0.63s           2025-03-13T23:15:11
/opt/airflow/dags/pipeline.py                                    1           0  0.62s           2025-03-13T23:15:11
================================================================================
[2025-03-13T23:15:47.081+0000] {manager.py:893} INFO - 
================================================================================
DAG File Processing Stats

File Path                               PID    Runtime      # DAGs    # Errors  Last Runtime    Last Run
--------------------------------------  -----  ---------  --------  ----------  --------------  -------------------
/opt/airflow/dags/ingest_historique.py                           1           0  0.68s           2025-03-13T23:15:42
/opt/airflow/dags/pipeline.py                                    1           0  0.66s           2025-03-13T23:15:42
================================================================================
[2025-03-13T23:16:15.947+0000] {manager.py:893} INFO - 
================================================================================
DAG File Processing Stats

File Path                               PID    Runtime      # DAGs    # Errors  Last Runtime    Last Run
--------------------------------------  -----  ---------  --------  ----------  --------------  -------------------
/opt/airflow/dags/ingest_historique.py                           1           0  0.87s           2025-03-13T23:16:13
/opt/airflow/dags/pipeline.py                                    1           0  0.87s           2025-03-13T23:16:13
================================================================================
[2025-03-13T23:16:44.658+0000] {manager.py:893} INFO - 
================================================================================
DAG File Processing Stats

File Path                               PID    Runtime      # DAGs    # Errors  Last Runtime    Last Run
--------------------------------------  -----  ---------  --------  ----------  --------------  -------------------
/opt/airflow/dags/ingest_historique.py                           1           0  0.70s           2025-03-13T23:16:44
/opt/airflow/dags/pipeline.py                                    1           0  0.67s           2025-03-13T23:16:44
================================================================================
[2025-03-13T23:17:13.657+0000] {manager.py:893} INFO - 
================================================================================
DAG File Processing Stats

File Path                               PID    Runtime      # DAGs    # Errors  Last Runtime    Last Run
--------------------------------------  -----  ---------  --------  ----------  --------------  -------------------
/opt/airflow/dags/ingest_historique.py                           1           0  0.70s           2025-03-13T23:16:44
/opt/airflow/dags/pipeline.py                                    1           0  0.67s           2025-03-13T23:16:44
================================================================================
[2025-03-13T23:17:42.365+0000] {manager.py:893} INFO - 
================================================================================
DAG File Processing Stats

File Path                               PID    Runtime      # DAGs    # Errors  Last Runtime    Last Run
--------------------------------------  -----  ---------  --------  ----------  --------------  -------------------
/opt/airflow/dags/ingest_historique.py                           1           0  -0.69s          2025-03-13T23:17:13
/opt/airflow/dags/pipeline.py                                    1           0  -0.69s          2025-03-13T23:17:14
================================================================================
[2025-03-13T23:18:11.072+0000] {manager.py:893} INFO - 
================================================================================
DAG File Processing Stats

File Path                               PID    Runtime      # DAGs    # Errors  Last Runtime    Last Run
--------------------------------------  -----  ---------  --------  ----------  --------------  -------------------
/opt/airflow/dags/ingest_historique.py                           1           0  0.69s           2025-03-13T23:17:44
/opt/airflow/dags/pipeline.py                                    1           0  0.68s           2025-03-13T23:17:44
================================================================================
[2025-03-13T23:18:40.015+0000] {manager.py:893} INFO - 
================================================================================
DAG File Processing Stats

File Path                               PID    Runtime      # DAGs    # Errors  Last Runtime    Last Run
--------------------------------------  -----  ---------  --------  ----------  --------------  -------------------
/opt/airflow/dags/ingest_historique.py                           1           0  0.90s           2025-03-13T23:18:15
/opt/airflow/dags/pipeline.py                                    1           0  0.90s           2025-03-13T23:18:15
================================================================================
[2025-03-13T23:19:08.881+0000] {manager.py:893} INFO - 
================================================================================
DAG File Processing Stats

File Path                               PID    Runtime      # DAGs    # Errors  Last Runtime    Last Run
--------------------------------------  -----  ---------  --------  ----------  --------------  -------------------
/opt/airflow/dags/ingest_historique.py                           1           0  0.73s           2025-03-13T23:18:46
/opt/airflow/dags/pipeline.py                                    1           0  0.74s           2025-03-13T23:18:46
================================================================================
[2025-03-13T23:19:37.846+0000] {manager.py:893} INFO - 
================================================================================
DAG File Processing Stats

File Path                               PID    Runtime      # DAGs    # Errors  Last Runtime    Last Run
--------------------------------------  -----  ---------  --------  ----------  --------------  -------------------
/opt/airflow/dags/ingest_historique.py                           1           0  0.93s           2025-03-13T23:19:17
/opt/airflow/dags/pipeline.py                                    1           0  0.93s           2025-03-13T23:19:17
================================================================================
[2025-03-13T23:20:00.612+0000] {manager.py:759} INFO - Searching for files in /opt/airflow/dags
[2025-03-13T23:20:00.640+0000] {manager.py:762} INFO - There are 2 files in /opt/airflow/dags
[2025-03-13T23:20:06.706+0000] {manager.py:893} INFO - 
================================================================================
DAG File Processing Stats

File Path                               PID    Runtime      # DAGs    # Errors  Last Runtime    Last Run
--------------------------------------  -----  ---------  --------  ----------  --------------  -------------------
/opt/airflow/dags/ingest_historique.py                           1           0  0.78s           2025-03-13T23:19:48
/opt/airflow/dags/pipeline.py                                    1           0  0.81s           2025-03-13T23:19:48
================================================================================
[2025-03-13T23:20:34.358+0000] {manager.py:893} INFO - 
================================================================================
DAG File Processing Stats

File Path                               PID    Runtime      # DAGs    # Errors  Last Runtime    Last Run
--------------------------------------  -----  ---------  --------  ----------  --------------  -------------------
/opt/airflow/dags/ingest_historique.py                           1           0  0.53s           2025-03-13T23:20:19
/opt/airflow/dags/pipeline.py                                    1           0  0.67s           2025-03-13T23:20:19
================================================================================
[2025-03-13T23:21:03.530+0000] {manager.py:893} INFO - 
================================================================================
DAG File Processing Stats

File Path                               PID    Runtime      # DAGs    # Errors  Last Runtime    Last Run
--------------------------------------  -----  ---------  --------  ----------  --------------  -------------------
/opt/airflow/dags/ingest_historique.py                           1           0  0.67s           2025-03-13T23:20:50
/opt/airflow/dags/pipeline.py                                    1           0  0.61s           2025-03-13T23:20:50
================================================================================
[2025-03-13T23:21:32.605+0000] {manager.py:893} INFO - 
================================================================================
DAG File Processing Stats

File Path                               PID    Runtime      # DAGs    # Errors  Last Runtime    Last Run
--------------------------------------  -----  ---------  --------  ----------  --------------  -------------------
/opt/airflow/dags/ingest_historique.py                           1           0  0.53s           2025-03-13T23:21:21
/opt/airflow/dags/pipeline.py                                    1           0  0.56s           2025-03-13T23:21:21
================================================================================
[2025-03-13T23:22:01.598+0000] {manager.py:893} INFO - 
================================================================================
DAG File Processing Stats

File Path                               PID    Runtime      # DAGs    # Errors  Last Runtime    Last Run
--------------------------------------  -----  ---------  --------  ----------  --------------  -------------------
/opt/airflow/dags/ingest_historique.py                           1           0  0.62s           2025-03-13T23:21:52
/opt/airflow/dags/pipeline.py                                    1           0  0.64s           2025-03-13T23:21:53
================================================================================
[2025-03-13T23:22:30.794+0000] {manager.py:893} INFO - 
================================================================================
DAG File Processing Stats

File Path                               PID    Runtime      # DAGs    # Errors  Last Runtime    Last Run
--------------------------------------  -----  ---------  --------  ----------  --------------  -------------------
/opt/airflow/dags/ingest_historique.py                           1           0  0.51s           2025-03-13T23:22:23
/opt/airflow/dags/pipeline.py                                    1           0  0.82s           2025-03-13T23:22:24
================================================================================
[2025-03-13T23:22:59.865+0000] {manager.py:893} INFO - 
================================================================================
DAG File Processing Stats

File Path                               PID    Runtime      # DAGs    # Errors  Last Runtime    Last Run
--------------------------------------  -----  ---------  --------  ----------  --------------  -------------------
/opt/airflow/dags/ingest_historique.py                           1           0  0.68s           2025-03-13T23:22:54
/opt/airflow/dags/pipeline.py                                    1           0  0.65s           2025-03-13T23:22:55
================================================================================
[2025-03-13T23:23:29.069+0000] {manager.py:893} INFO - 
================================================================================
DAG File Processing Stats

File Path                               PID    Runtime      # DAGs    # Errors  Last Runtime    Last Run
--------------------------------------  -----  ---------  --------  ----------  --------------  -------------------
/opt/airflow/dags/ingest_historique.py                           1           0  0.69s           2025-03-13T23:23:25
/opt/airflow/dags/pipeline.py                                    1           0  0.72s           2025-03-13T23:23:26
================================================================================
[2025-03-13T23:23:58.203+0000] {manager.py:893} INFO - 
================================================================================
DAG File Processing Stats

File Path                               PID    Runtime      # DAGs    # Errors  Last Runtime    Last Run
--------------------------------------  -----  ---------  --------  ----------  --------------  -------------------
/opt/airflow/dags/ingest_historique.py                           1           0  -0.53s          2025-03-13T23:23:55
/opt/airflow/dags/pipeline.py                                    1           0  0.90s           2025-03-13T23:23:57
================================================================================
[2025-03-13T23:24:27.690+0000] {manager.py:893} INFO - 
================================================================================
DAG File Processing Stats

File Path                               PID    Runtime      # DAGs    # Errors  Last Runtime    Last Run
--------------------------------------  -----  ---------  --------  ----------  --------------  -------------------
/opt/airflow/dags/ingest_historique.py                           1           0  0.67s           2025-03-13T23:24:26
/opt/airflow/dags/pipeline.py                                    1           0  0.90s           2025-03-13T23:23:57
================================================================================
[2025-03-13T23:24:56.594+0000] {manager.py:893} INFO - 
================================================================================
DAG File Processing Stats

File Path                               PID    Runtime      # DAGs    # Errors  Last Runtime    Last Run
--------------------------------------  -----  ---------  --------  ----------  --------------  -------------------
/opt/airflow/dags/ingest_historique.py                           1           0  0.67s           2025-03-13T23:24:26
/opt/airflow/dags/pipeline.py                                    1           0  0.83s           2025-03-13T23:24:28
================================================================================
[2025-03-13T23:25:01.314+0000] {manager.py:759} INFO - Searching for files in /opt/airflow/dags
[2025-03-13T23:25:01.343+0000] {manager.py:762} INFO - There are 2 files in /opt/airflow/dags
[2025-03-13T23:25:25.301+0000] {manager.py:893} INFO - 
================================================================================
DAG File Processing Stats

File Path                               PID    Runtime      # DAGs    # Errors  Last Runtime    Last Run
--------------------------------------  -----  ---------  --------  ----------  --------------  -------------------
/opt/airflow/dags/ingest_historique.py                           1           0  0.67s           2025-03-13T23:24:58
/opt/airflow/dags/pipeline.py                                    1           0  0.74s           2025-03-13T23:24:59
================================================================================
[2025-03-13T23:25:54.192+0000] {manager.py:893} INFO - 
================================================================================
DAG File Processing Stats

File Path                               PID    Runtime      # DAGs    # Errors  Last Runtime    Last Run
--------------------------------------  -----  ---------  --------  ----------  --------------  -------------------
/opt/airflow/dags/ingest_historique.py                           1           0  0.84s           2025-03-13T23:25:29
/opt/airflow/dags/pipeline.py                                    1           0  1.10s           2025-03-13T23:25:31
================================================================================
[2025-03-13T23:26:22.972+0000] {manager.py:893} INFO - 
================================================================================
DAG File Processing Stats

File Path                               PID    Runtime      # DAGs    # Errors  Last Runtime    Last Run
--------------------------------------  -----  ---------  --------  ----------  --------------  -------------------
/opt/airflow/dags/ingest_historique.py                           1           0  0.78s           2025-03-13T23:26:00
/opt/airflow/dags/pipeline.py                                    1           0  0.73s           2025-03-13T23:26:02
================================================================================
[2025-03-13T23:26:52.192+0000] {manager.py:893} INFO - 
================================================================================
DAG File Processing Stats

File Path                               PID    Runtime      # DAGs    # Errors  Last Runtime    Last Run
--------------------------------------  -----  ---------  --------  ----------  --------------  -------------------
/opt/airflow/dags/ingest_historique.py                           1           0  0.63s           2025-03-13T23:26:30
/opt/airflow/dags/pipeline.py                                    1           0  0.99s           2025-03-13T23:26:33
================================================================================
[2025-03-13T23:27:21.491+0000] {manager.py:893} INFO - 
================================================================================
DAG File Processing Stats

File Path                               PID    Runtime      # DAGs    # Errors  Last Runtime    Last Run
--------------------------------------  -----  ---------  --------  ----------  --------------  -------------------
/opt/airflow/dags/ingest_historique.py                           1           0  0.63s           2025-03-13T23:27:01
/opt/airflow/dags/pipeline.py                                    1           0  0.68s           2025-03-13T23:27:04
================================================================================
[2025-03-13T23:27:50.154+0000] {manager.py:893} INFO - 
================================================================================
DAG File Processing Stats

File Path                               PID    Runtime      # DAGs    # Errors  Last Runtime    Last Run
--------------------------------------  -----  ---------  --------  ----------  --------------  -------------------
/opt/airflow/dags/ingest_historique.py                           1           0  0.71s           2025-03-13T23:27:33
/opt/airflow/dags/pipeline.py                                    1           0  0.70s           2025-03-13T23:27:35
================================================================================
[2025-03-13T23:28:18.871+0000] {manager.py:893} INFO - 
================================================================================
DAG File Processing Stats

File Path                               PID    Runtime      # DAGs    # Errors  Last Runtime    Last Run
--------------------------------------  -----  ---------  --------  ----------  --------------  -------------------
/opt/airflow/dags/ingest_historique.py                           1           0  0.94s           2025-03-13T23:28:04
/opt/airflow/dags/pipeline.py                                    1           0  0.73s           2025-03-13T23:28:07
================================================================================
[2025-03-13T23:28:47.875+0000] {manager.py:893} INFO - 
================================================================================
DAG File Processing Stats

File Path                               PID    Runtime      # DAGs    # Errors  Last Runtime    Last Run
--------------------------------------  -----  ---------  --------  ----------  --------------  -------------------
/opt/airflow/dags/ingest_historique.py                           1           0  0.64s           2025-03-13T23:28:35
/opt/airflow/dags/pipeline.py                                    1           0  0.64s           2025-03-13T23:28:38
================================================================================
[2025-03-13T23:29:17.167+0000] {manager.py:893} INFO - 
================================================================================
DAG File Processing Stats

File Path                               PID    Runtime      # DAGs    # Errors  Last Runtime    Last Run
--------------------------------------  -----  ---------  --------  ----------  --------------  -------------------
/opt/airflow/dags/ingest_historique.py                           1           0  0.70s           2025-03-13T23:29:06
/opt/airflow/dags/pipeline.py                                    1           0  0.72s           2025-03-13T23:29:09
================================================================================
[2025-03-13T23:29:46.181+0000] {manager.py:893} INFO - 
================================================================================
DAG File Processing Stats

File Path                               PID    Runtime      # DAGs    # Errors  Last Runtime    Last Run
--------------------------------------  -----  ---------  --------  ----------  --------------  -------------------
/opt/airflow/dags/ingest_historique.py                           1           0  0.70s           2025-03-13T23:29:38
/opt/airflow/dags/pipeline.py                                    1           0  0.69s           2025-03-13T23:29:40
================================================================================
[2025-03-13T23:30:01.975+0000] {manager.py:759} INFO - Searching for files in /opt/airflow/dags
[2025-03-13T23:30:02.006+0000] {manager.py:762} INFO - There are 2 files in /opt/airflow/dags
[2025-03-13T23:30:15.459+0000] {manager.py:893} INFO - 
================================================================================
DAG File Processing Stats

File Path                               PID    Runtime      # DAGs    # Errors  Last Runtime    Last Run
--------------------------------------  -----  ---------  --------  ----------  --------------  -------------------
/opt/airflow/dags/ingest_historique.py                           1           0  0.63s           2025-03-13T23:30:08
/opt/airflow/dags/pipeline.py                                    1           0  0.65s           2025-03-13T23:30:11
================================================================================
[2025-03-13T23:30:44.714+0000] {manager.py:893} INFO - 
================================================================================
DAG File Processing Stats

File Path                               PID    Runtime      # DAGs    # Errors  Last Runtime    Last Run
--------------------------------------  -----  ---------  --------  ----------  --------------  -------------------
/opt/airflow/dags/ingest_historique.py                           1           0  0.67s           2025-03-13T23:30:40
/opt/airflow/dags/pipeline.py                                    1           0  0.67s           2025-03-13T23:30:42
================================================================================
[2025-03-13T23:31:13.750+0000] {manager.py:893} INFO - 
================================================================================
DAG File Processing Stats

File Path                                 PID  Runtime      # DAGs    # Errors  Last Runtime    Last Run
--------------------------------------  -----  ---------  --------  ----------  --------------  -------------------
/opt/airflow/dags/ingest_historique.py                           1           0  0.62s           2025-03-13T23:31:11
/opt/airflow/dags/pipeline.py             665  0.43s             1           0  0.67s           2025-03-13T23:30:42
================================================================================
[2025-03-13T23:31:43.169+0000] {manager.py:893} INFO - 
================================================================================
DAG File Processing Stats

File Path                               PID    Runtime      # DAGs    # Errors  Last Runtime    Last Run
--------------------------------------  -----  ---------  --------  ----------  --------------  -------------------
/opt/airflow/dags/ingest_historique.py                           1           0  0.64s           2025-03-13T23:31:42
/opt/airflow/dags/pipeline.py                                    1           0  0.90s           2025-03-13T23:31:14
================================================================================
[2025-03-13T23:32:12.011+0000] {manager.py:893} INFO - 
================================================================================
DAG File Processing Stats

File Path                               PID    Runtime      # DAGs    # Errors  Last Runtime    Last Run
--------------------------------------  -----  ---------  --------  ----------  --------------  -------------------
/opt/airflow/dags/ingest_historique.py                           1           0  0.64s           2025-03-13T23:31:42
/opt/airflow/dags/pipeline.py                                    1           0  0.72s           2025-03-13T23:31:45
================================================================================
[2025-03-13T23:32:40.894+0000] {manager.py:893} INFO - 
================================================================================
DAG File Processing Stats

File Path                               PID    Runtime      # DAGs    # Errors  Last Runtime    Last Run
--------------------------------------  -----  ---------  --------  ----------  --------------  -------------------
/opt/airflow/dags/ingest_historique.py                           1           0  0.89s           2025-03-13T23:32:13
/opt/airflow/dags/pipeline.py                                    1           0  0.79s           2025-03-13T23:32:16
================================================================================
[2025-03-13T23:33:09.998+0000] {manager.py:893} INFO - 
================================================================================
DAG File Processing Stats

File Path                               PID    Runtime      # DAGs    # Errors  Last Runtime    Last Run
--------------------------------------  -----  ---------  --------  ----------  --------------  -------------------
/opt/airflow/dags/ingest_historique.py                           1           0  0.67s           2025-03-13T23:32:44
/opt/airflow/dags/pipeline.py                                    1           0  0.71s           2025-03-13T23:32:47
================================================================================
[2025-03-13T23:33:39.164+0000] {manager.py:893} INFO - 
================================================================================
DAG File Processing Stats

File Path                               PID    Runtime      # DAGs    # Errors  Last Runtime    Last Run
--------------------------------------  -----  ---------  --------  ----------  --------------  -------------------
/opt/airflow/dags/ingest_historique.py                           1           0  0.68s           2025-03-13T23:33:15
/opt/airflow/dags/pipeline.py                                    1           0  0.83s           2025-03-13T23:33:18
================================================================================
[2025-03-13T23:34:08.130+0000] {manager.py:893} INFO - 
================================================================================
DAG File Processing Stats

File Path                               PID    Runtime      # DAGs    # Errors  Last Runtime    Last Run
--------------------------------------  -----  ---------  --------  ----------  --------------  -------------------
/opt/airflow/dags/ingest_historique.py                           1           0  1.04s           2025-03-13T23:33:47
/opt/airflow/dags/pipeline.py                                    1           0  0.92s           2025-03-13T23:33:50
================================================================================
[2025-03-13T23:34:37.765+0000] {manager.py:893} INFO - 
================================================================================
DAG File Processing Stats

File Path                               PID    Runtime      # DAGs    # Errors  Last Runtime    Last Run
--------------------------------------  -----  ---------  --------  ----------  --------------  -------------------
/opt/airflow/dags/ingest_historique.py                           1           0  0.61s           2025-03-13T23:34:18
/opt/airflow/dags/pipeline.py                                    1           0  0.58s           2025-03-13T23:34:20
================================================================================
[2025-03-13T23:35:02.341+0000] {manager.py:759} INFO - Searching for files in /opt/airflow/dags
[2025-03-13T23:35:02.369+0000] {manager.py:762} INFO - There are 2 files in /opt/airflow/dags
[2025-03-13T23:35:06.820+0000] {manager.py:893} INFO - 
================================================================================
DAG File Processing Stats

File Path                               PID    Runtime      # DAGs    # Errors  Last Runtime    Last Run
--------------------------------------  -----  ---------  --------  ----------  --------------  -------------------
/opt/airflow/dags/ingest_historique.py                           1           0  0.88s           2025-03-13T23:34:49
/opt/airflow/dags/pipeline.py                                    1           0  0.59s           2025-03-13T23:34:51
================================================================================
[2025-03-13T23:35:36.083+0000] {manager.py:893} INFO - 
================================================================================
DAG File Processing Stats

File Path                               PID    Runtime      # DAGs    # Errors  Last Runtime    Last Run
--------------------------------------  -----  ---------  --------  ----------  --------------  -------------------
/opt/airflow/dags/ingest_historique.py                           1           0  0.64s           2025-03-13T23:35:20
/opt/airflow/dags/pipeline.py                                    1           0  0.72s           2025-03-13T23:35:22
================================================================================
[2025-03-13T23:36:04.991+0000] {manager.py:893} INFO - 
================================================================================
DAG File Processing Stats

File Path                               PID    Runtime      # DAGs    # Errors  Last Runtime    Last Run
--------------------------------------  -----  ---------  --------  ----------  --------------  -------------------
/opt/airflow/dags/ingest_historique.py                           1           0  0.56s           2025-03-13T23:35:51
/opt/airflow/dags/pipeline.py                                    1           0  -0.70s          2025-03-13T23:35:51
================================================================================
[2025-03-13T23:36:33.870+0000] {manager.py:893} INFO - 
================================================================================
DAG File Processing Stats

File Path                               PID    Runtime      # DAGs    # Errors  Last Runtime    Last Run
--------------------------------------  -----  ---------  --------  ----------  --------------  -------------------
/opt/airflow/dags/ingest_historique.py                           1           0  0.88s           2025-03-13T23:36:22
/opt/airflow/dags/pipeline.py                                    1           0  0.90s           2025-03-13T23:36:22
================================================================================
[2025-03-13T23:37:02.590+0000] {manager.py:893} INFO - 
================================================================================
DAG File Processing Stats

File Path                               PID    Runtime      # DAGs    # Errors  Last Runtime    Last Run
--------------------------------------  -----  ---------  --------  ----------  --------------  -------------------
/opt/airflow/dags/ingest_historique.py                           1           0  0.78s           2025-03-13T23:36:54
/opt/airflow/dags/pipeline.py                                    1           0  0.76s           2025-03-13T23:36:54
================================================================================
[2025-03-13T23:37:31.532+0000] {manager.py:893} INFO - 
================================================================================
DAG File Processing Stats

File Path                               PID    Runtime      # DAGs    # Errors  Last Runtime    Last Run
--------------------------------------  -----  ---------  --------  ----------  --------------  -------------------
/opt/airflow/dags/ingest_historique.py                           1           0  0.92s           2025-03-13T23:37:25
/opt/airflow/dags/pipeline.py                                    1           0  0.97s           2025-03-13T23:37:25
================================================================================
[2025-03-13T23:38:00.479+0000] {manager.py:893} INFO - 
================================================================================
DAG File Processing Stats

File Path                               PID    Runtime      # DAGs    # Errors  Last Runtime    Last Run
--------------------------------------  -----  ---------  --------  ----------  --------------  -------------------
/opt/airflow/dags/ingest_historique.py                           1           0  1.01s           2025-03-13T23:37:57
/opt/airflow/dags/pipeline.py                                    1           0  1.00s           2025-03-13T23:37:57
================================================================================
[2025-03-13T23:38:29.481+0000] {manager.py:893} INFO - 
================================================================================
DAG File Processing Stats

File Path                                 PID  Runtime      # DAGs    # Errors  Last Runtime    Last Run
--------------------------------------  -----  ---------  --------  ----------  --------------  -------------------
/opt/airflow/dags/ingest_historique.py    827  1.04s             1           0  1.01s           2025-03-13T23:37:57
/opt/airflow/dags/pipeline.py             830  1.02s             1           0  1.00s           2025-03-13T23:37:57
================================================================================
[2025-03-13T23:38:58.567+0000] {manager.py:893} INFO - 
================================================================================
DAG File Processing Stats

File Path                               PID    Runtime      # DAGs    # Errors  Last Runtime    Last Run
--------------------------------------  -----  ---------  --------  ----------  --------------  -------------------
/opt/airflow/dags/ingest_historique.py                           1           0  1.16s           2025-03-13T23:38:29
/opt/airflow/dags/pipeline.py                                    1           0  1.15s           2025-03-13T23:38:29
================================================================================
[2025-03-13T23:39:27.542+0000] {manager.py:893} INFO - 
================================================================================
DAG File Processing Stats

File Path                               PID    Runtime      # DAGs    # Errors  Last Runtime    Last Run
--------------------------------------  -----  ---------  --------  ----------  --------------  -------------------
/opt/airflow/dags/ingest_historique.py                           1           0  0.91s           2025-03-13T23:39:01
/opt/airflow/dags/pipeline.py                                    1           0  0.90s           2025-03-13T23:39:01
================================================================================
[2025-03-13T23:39:56.257+0000] {manager.py:893} INFO - 
================================================================================
DAG File Processing Stats

File Path                               PID    Runtime      # DAGs    # Errors  Last Runtime    Last Run
--------------------------------------  -----  ---------  --------  ----------  --------------  -------------------
/opt/airflow/dags/ingest_historique.py                           1           0  0.69s           2025-03-13T23:39:32
/opt/airflow/dags/pipeline.py                                    1           0  0.69s           2025-03-13T23:39:32
================================================================================
[2025-03-13T23:40:02.382+0000] {manager.py:759} INFO - Searching for files in /opt/airflow/dags
[2025-03-13T23:40:02.411+0000] {manager.py:762} INFO - There are 2 files in /opt/airflow/dags
[2025-03-13T23:40:24.995+0000] {manager.py:893} INFO - 
================================================================================
DAG File Processing Stats

File Path                               PID    Runtime      # DAGs    # Errors  Last Runtime    Last Run
--------------------------------------  -----  ---------  --------  ----------  --------------  -------------------
/opt/airflow/dags/ingest_historique.py                           1           0  0.72s           2025-03-13T23:40:03
/opt/airflow/dags/pipeline.py                                    1           0  0.73s           2025-03-13T23:40:03
================================================================================
[2025-03-13T23:40:53.760+0000] {manager.py:893} INFO - 
================================================================================
DAG File Processing Stats

File Path                               PID    Runtime      # DAGs    # Errors  Last Runtime    Last Run
--------------------------------------  -----  ---------  --------  ----------  --------------  -------------------
/opt/airflow/dags/ingest_historique.py                           1           0  0.64s           2025-03-13T23:40:33
/opt/airflow/dags/pipeline.py                                    1           0  1.14s           2025-03-13T23:40:34
================================================================================
[2025-03-13T23:41:23.351+0000] {manager.py:893} INFO - 
================================================================================
DAG File Processing Stats

File Path                               PID    Runtime      # DAGs    # Errors  Last Runtime    Last Run
--------------------------------------  -----  ---------  --------  ----------  --------------  -------------------
/opt/airflow/dags/ingest_historique.py                           1           0  0.60s           2025-03-13T23:41:04
/opt/airflow/dags/pipeline.py                                    1           0  0.64s           2025-03-13T23:41:05
================================================================================
[2025-03-13T23:41:52.343+0000] {manager.py:893} INFO - 
================================================================================
DAG File Processing Stats

File Path                               PID    Runtime      # DAGs    # Errors  Last Runtime    Last Run
--------------------------------------  -----  ---------  --------  ----------  --------------  -------------------
/opt/airflow/dags/ingest_historique.py                           1           0  0.69s           2025-03-13T23:41:36
/opt/airflow/dags/pipeline.py                                    1           0  0.57s           2025-03-13T23:41:36
================================================================================
[2025-03-13T23:42:21.510+0000] {manager.py:893} INFO - 
================================================================================
DAG File Processing Stats

File Path                               PID    Runtime      # DAGs    # Errors  Last Runtime    Last Run
--------------------------------------  -----  ---------  --------  ----------  --------------  -------------------
/opt/airflow/dags/ingest_historique.py                           1           0  0.78s           2025-03-13T23:42:07
/opt/airflow/dags/pipeline.py                                    1           0  0.66s           2025-03-13T23:42:07
================================================================================
[2025-03-13T23:42:50.368+0000] {manager.py:893} INFO - 
================================================================================
DAG File Processing Stats

File Path                               PID    Runtime      # DAGs    # Errors  Last Runtime    Last Run
--------------------------------------  -----  ---------  --------  ----------  --------------  -------------------
/opt/airflow/dags/ingest_historique.py                           1           0  0.89s           2025-03-13T23:42:38
/opt/airflow/dags/pipeline.py                                    1           0  1.20s           2025-03-13T23:42:39
================================================================================
[2025-03-13T23:43:19.095+0000] {manager.py:893} INFO - 
================================================================================
DAG File Processing Stats

File Path                               PID    Runtime      # DAGs    # Errors  Last Runtime    Last Run
--------------------------------------  -----  ---------  --------  ----------  --------------  -------------------
/opt/airflow/dags/ingest_historique.py                           1           0  0.81s           2025-03-13T23:43:09
/opt/airflow/dags/pipeline.py                                    1           0  0.79s           2025-03-13T23:43:10
================================================================================
[2025-03-13T23:43:47.816+0000] {manager.py:893} INFO - 
================================================================================
DAG File Processing Stats

File Path                               PID    Runtime      # DAGs    # Errors  Last Runtime    Last Run
--------------------------------------  -----  ---------  --------  ----------  --------------  -------------------
/opt/airflow/dags/ingest_historique.py                           1           0  1.46s           2025-03-13T23:43:40
/opt/airflow/dags/pipeline.py                                    1           0  1.39s           2025-03-13T23:43:42
================================================================================
[2025-03-13T23:44:16.533+0000] {manager.py:893} INFO - 
================================================================================
DAG File Processing Stats

File Path                               PID    Runtime      # DAGs    # Errors  Last Runtime    Last Run
--------------------------------------  -----  ---------  --------  ----------  --------------  -------------------
/opt/airflow/dags/ingest_historique.py                           1           0  1.14s           2025-03-13T23:44:12
/opt/airflow/dags/pipeline.py                                    1           0  1.27s           2025-03-13T23:44:14
================================================================================
[2025-03-13T23:44:45.652+0000] {manager.py:893} INFO - 
================================================================================
DAG File Processing Stats

File Path                                 PID  Runtime      # DAGs    # Errors  Last Runtime    Last Run
--------------------------------------  -----  ---------  --------  ----------  --------------  -------------------
/opt/airflow/dags/ingest_historique.py                           1           0  1.33s           2025-03-13T23:44:43
/opt/airflow/dags/pipeline.py             977  0.68s             1           0  1.27s           2025-03-13T23:44:14
================================================================================
[2025-03-13T23:45:02.804+0000] {manager.py:759} INFO - Searching for files in /opt/airflow/dags
[2025-03-13T23:45:02.840+0000] {manager.py:762} INFO - There are 2 files in /opt/airflow/dags
[2025-03-13T23:45:14.995+0000] {manager.py:893} INFO - 
================================================================================
DAG File Processing Stats

File Path                                 PID  Runtime      # DAGs    # Errors  Last Runtime    Last Run
--------------------------------------  -----  ---------  --------  ----------  --------------  -------------------
/opt/airflow/dags/ingest_historique.py    983  1.02s             1           0  1.33s           2025-03-13T23:44:43
/opt/airflow/dags/pipeline.py                                    1           0  1.16s           2025-03-13T23:44:46
================================================================================
[2025-03-13T23:45:43.981+0000] {manager.py:893} INFO - 
================================================================================
DAG File Processing Stats

File Path                               PID    Runtime      # DAGs    # Errors  Last Runtime    Last Run
--------------------------------------  -----  ---------  --------  ----------  --------------  -------------------
/opt/airflow/dags/ingest_historique.py                           1           0  1.32s           2025-03-13T23:45:15
/opt/airflow/dags/pipeline.py                                    1           0  0.73s           2025-03-13T23:45:17
================================================================================
[2025-03-13T23:46:13.108+0000] {manager.py:893} INFO - 
================================================================================
DAG File Processing Stats

File Path                               PID    Runtime      # DAGs    # Errors  Last Runtime    Last Run
--------------------------------------  -----  ---------  --------  ----------  --------------  -------------------
/opt/airflow/dags/ingest_historique.py                           1           0  0.67s           2025-03-13T23:45:46
/opt/airflow/dags/pipeline.py                                    1           0  0.93s           2025-03-13T23:45:48
================================================================================
[2025-03-13T23:46:42.204+0000] {manager.py:893} INFO - 
================================================================================
DAG File Processing Stats

File Path                               PID    Runtime      # DAGs    # Errors  Last Runtime    Last Run
--------------------------------------  -----  ---------  --------  ----------  --------------  -------------------
/opt/airflow/dags/ingest_historique.py                           1           0  1.11s           2025-03-13T23:46:18
/opt/airflow/dags/pipeline.py                                    1           0  1.28s           2025-03-13T23:46:19
================================================================================
[2025-03-13T23:47:11.241+0000] {manager.py:893} INFO - 
================================================================================
DAG File Processing Stats

File Path                               PID    Runtime      # DAGs    # Errors  Last Runtime    Last Run
--------------------------------------  -----  ---------  --------  ----------  --------------  -------------------
/opt/airflow/dags/ingest_historique.py                           1           0  1.42s           2025-03-13T23:46:49
/opt/airflow/dags/pipeline.py                                    1           0  1.41s           2025-03-13T23:46:51
================================================================================
[2025-03-13T23:47:40.171+0000] {manager.py:893} INFO - 
================================================================================
DAG File Processing Stats

File Path                               PID    Runtime      # DAGs    # Errors  Last Runtime    Last Run
--------------------------------------  -----  ---------  --------  ----------  --------------  -------------------
/opt/airflow/dags/ingest_historique.py                           1           0  0.00s           2025-03-13T23:47:20
/opt/airflow/dags/pipeline.py                                    1           0  1.05s           2025-03-13T23:47:23
================================================================================
[2025-03-13T23:48:08.832+0000] {manager.py:893} INFO - 
================================================================================
DAG File Processing Stats

File Path                               PID    Runtime      # DAGs    # Errors  Last Runtime    Last Run
--------------------------------------  -----  ---------  --------  ----------  --------------  -------------------
/opt/airflow/dags/ingest_historique.py                           1           0  0.75s           2025-03-13T23:47:51
/opt/airflow/dags/pipeline.py                                    1           0  0.92s           2025-03-13T23:47:54
================================================================================
[2025-03-13T23:48:37.572+0000] {manager.py:893} INFO - 
================================================================================
DAG File Processing Stats

File Path                               PID    Runtime      # DAGs    # Errors  Last Runtime    Last Run
--------------------------------------  -----  ---------  --------  ----------  --------------  -------------------
/opt/airflow/dags/ingest_historique.py                           1           0  0.54s           2025-03-13T23:48:22
/opt/airflow/dags/pipeline.py                                    1           0  0.80s           2025-03-13T23:48:25
================================================================================
[2025-03-13T23:49:06.337+0000] {manager.py:893} INFO - 
================================================================================
DAG File Processing Stats

File Path                               PID    Runtime      # DAGs    # Errors  Last Runtime    Last Run
--------------------------------------  -----  ---------  --------  ----------  --------------  -------------------
/opt/airflow/dags/ingest_historique.py                           1           0  0.83s           2025-03-13T23:48:53
/opt/airflow/dags/pipeline.py                                    1           0  0.83s           2025-03-13T23:48:57
================================================================================
[2025-03-13T23:49:35.077+0000] {manager.py:893} INFO - 
================================================================================
DAG File Processing Stats

File Path                               PID    Runtime      # DAGs    # Errors  Last Runtime    Last Run
--------------------------------------  -----  ---------  --------  ----------  --------------  -------------------
/opt/airflow/dags/ingest_historique.py                           1           0  0.88s           2025-03-13T23:49:25
/opt/airflow/dags/pipeline.py                                    1           0  0.54s           2025-03-13T23:49:28
================================================================================
[2025-03-13T23:50:03.042+0000] {manager.py:759} INFO - Searching for files in /opt/airflow/dags
[2025-03-13T23:50:03.067+0000] {manager.py:762} INFO - There are 2 files in /opt/airflow/dags
[2025-03-13T23:50:04.091+0000] {manager.py:893} INFO - 
================================================================================
DAG File Processing Stats

File Path                               PID    Runtime      # DAGs    # Errors  Last Runtime    Last Run
--------------------------------------  -----  ---------  --------  ----------  --------------  -------------------
/opt/airflow/dags/ingest_historique.py                           1           0  0.61s           2025-03-13T23:49:55
/opt/airflow/dags/pipeline.py                                    1           0  0.59s           2025-03-13T23:49:59
================================================================================
[2025-03-13T23:50:33.573+0000] {manager.py:893} INFO - 
================================================================================
DAG File Processing Stats

File Path                               PID    Runtime      # DAGs    # Errors  Last Runtime    Last Run
--------------------------------------  -----  ---------  --------  ----------  --------------  -------------------
/opt/airflow/dags/ingest_historique.py                           1           0  0.80s           2025-03-13T23:50:26
/opt/airflow/dags/pipeline.py                                    1           0  0.79s           2025-03-13T23:50:30
================================================================================
[2025-03-14T10:07:20.670+0000] {manager.py:487} INFO - Processing files using up to 2 processes at a time 
[2025-03-14T10:07:20.671+0000] {manager.py:488} INFO - Process each file at most once every 30 seconds
[2025-03-14T10:07:20.671+0000] {manager.py:489} INFO - Checking for new files in /opt/airflow/dags every 300 seconds
[2025-03-14T10:07:20.672+0000] {manager.py:759} INFO - Searching for files in /opt/airflow/dags
[2025-03-14T10:07:20.715+0000] {manager.py:762} INFO - There are 2 files in /opt/airflow/dags
[2025-03-14T10:07:20.927+0000] {manager.py:893} INFO - 
================================================================================
DAG File Processing Stats

File Path                                 PID  Runtime      # DAGs    # Errors  Last Runtime    Last Run
--------------------------------------  -----  ---------  --------  ----------  --------------  ----------
/opt/airflow/dags/ingest_historique.py    178  0.12s             0           0
/opt/airflow/dags/pipeline.py             181  0.10s             0           0
================================================================================
[2025-03-14T10:07:50.272+0000] {manager.py:893} INFO - 
================================================================================
DAG File Processing Stats

File Path                               PID    Runtime      # DAGs    # Errors  Last Runtime    Last Run
--------------------------------------  -----  ---------  --------  ----------  --------------  -------------------
/opt/airflow/dags/ingest_historique.py                           1           0  3.12s           2025-03-14T10:07:23
/opt/airflow/dags/pipeline.py                                    1           0  3.09s           2025-03-14T10:07:23
================================================================================
[2025-03-14T10:08:19.826+0000] {manager.py:893} INFO - 
================================================================================
DAG File Processing Stats

File Path                               PID    Runtime      # DAGs    # Errors  Last Runtime    Last Run
--------------------------------------  -----  ---------  --------  ----------  --------------  -------------------
/opt/airflow/dags/ingest_historique.py                           1           0  0.99s           2025-03-14T10:07:55
/opt/airflow/dags/pipeline.py                                    1           0  0.98s           2025-03-14T10:07:55
================================================================================
[2025-03-14T10:08:49.381+0000] {manager.py:893} INFO - 
================================================================================
DAG File Processing Stats

File Path                               PID    Runtime      # DAGs    # Errors  Last Runtime    Last Run
--------------------------------------  -----  ---------  --------  ----------  --------------  -------------------
/opt/airflow/dags/ingest_historique.py                           1           0  0.24s           2025-03-14T10:08:26
/opt/airflow/dags/pipeline.py                                    1           0  0.22s           2025-03-14T10:08:26
================================================================================
[2025-03-14T10:09:18.651+0000] {manager.py:893} INFO - 
================================================================================
DAG File Processing Stats

File Path                               PID    Runtime      # DAGs    # Errors  Last Runtime    Last Run
--------------------------------------  -----  ---------  --------  ----------  --------------  -------------------
/opt/airflow/dags/ingest_historique.py                           1           0  1.74s           2025-03-14T10:08:58
/opt/airflow/dags/pipeline.py                                    1           0  1.74s           2025-03-14T10:08:58
================================================================================
[2025-03-14T10:09:48.244+0000] {manager.py:893} INFO - 
================================================================================
DAG File Processing Stats

File Path                               PID    Runtime      # DAGs    # Errors  Last Runtime    Last Run
--------------------------------------  -----  ---------  --------  ----------  --------------  -------------------
/opt/airflow/dags/ingest_historique.py                           1           0  1.12s           2025-03-14T10:09:30
/opt/airflow/dags/pipeline.py                                    1           0  1.07s           2025-03-14T10:09:30
================================================================================
[2025-03-14T10:10:17.874+0000] {manager.py:893} INFO - 
================================================================================
DAG File Processing Stats

File Path                               PID    Runtime      # DAGs    # Errors  Last Runtime    Last Run
--------------------------------------  -----  ---------  --------  ----------  --------------  -------------------
/opt/airflow/dags/ingest_historique.py                           1           0  1.11s           2025-03-14T10:10:01
/opt/airflow/dags/pipeline.py                                    1           0  1.08s           2025-03-14T10:10:01
================================================================================
[2025-03-14T10:10:47.387+0000] {manager.py:893} INFO - 
================================================================================
DAG File Processing Stats

File Path                               PID    Runtime      # DAGs    # Errors  Last Runtime    Last Run
--------------------------------------  -----  ---------  --------  ----------  --------------  -------------------
/opt/airflow/dags/ingest_historique.py                           1           0  1.00s           2025-03-14T10:10:33
/opt/airflow/dags/pipeline.py                                    1           0  1.00s           2025-03-14T10:10:33
================================================================================
[2025-03-14T10:11:16.863+0000] {manager.py:893} INFO - 
================================================================================
DAG File Processing Stats

File Path                               PID    Runtime      # DAGs    # Errors  Last Runtime    Last Run
--------------------------------------  -----  ---------  --------  ----------  --------------  -------------------
/opt/airflow/dags/ingest_historique.py                           1           0  0.91s           2025-03-14T10:11:04
/opt/airflow/dags/pipeline.py                                    1           0  0.88s           2025-03-14T10:11:04
================================================================================
[2025-03-14T10:11:46.285+0000] {manager.py:893} INFO - 
================================================================================
DAG File Processing Stats

File Path                               PID    Runtime      # DAGs    # Errors  Last Runtime    Last Run
--------------------------------------  -----  ---------  --------  ----------  --------------  -------------------
/opt/airflow/dags/ingest_historique.py                           1           0  0.79s           2025-03-14T10:11:36
/opt/airflow/dags/pipeline.py                                    1           0  0.77s           2025-03-14T10:11:36
================================================================================
[2025-03-14T10:12:16.209+0000] {manager.py:893} INFO - 
================================================================================
DAG File Processing Stats

File Path                               PID    Runtime      # DAGs    # Errors  Last Runtime    Last Run
--------------------------------------  -----  ---------  --------  ----------  --------------  -------------------
/opt/airflow/dags/ingest_historique.py                           1           0  1.42s           2025-03-14T10:12:08
/opt/airflow/dags/pipeline.py                                    1           0  1.38s           2025-03-14T10:12:08
================================================================================
[2025-03-14T10:12:21.421+0000] {manager.py:759} INFO - Searching for files in /opt/airflow/dags
[2025-03-14T10:12:21.472+0000] {manager.py:762} INFO - There are 2 files in /opt/airflow/dags
[2025-03-14T10:12:45.542+0000] {manager.py:893} INFO - 
================================================================================
DAG File Processing Stats

File Path                               PID    Runtime      # DAGs    # Errors  Last Runtime    Last Run
--------------------------------------  -----  ---------  --------  ----------  --------------  -------------------
/opt/airflow/dags/ingest_historique.py                           1           0  0.79s           2025-03-14T10:12:39
/opt/airflow/dags/pipeline.py                                    1           0  0.78s           2025-03-14T10:12:39
================================================================================
[2025-03-14T10:13:15.092+0000] {manager.py:893} INFO - 
================================================================================
DAG File Processing Stats

File Path                               PID    Runtime      # DAGs    # Errors  Last Runtime    Last Run
--------------------------------------  -----  ---------  --------  ----------  --------------  -------------------
/opt/airflow/dags/ingest_historique.py                           1           0  1.12s           2025-03-14T10:13:11
/opt/airflow/dags/pipeline.py                                    1           0  1.07s           2025-03-14T10:13:11
================================================================================
[2025-03-14T10:13:44.781+0000] {manager.py:893} INFO - 
================================================================================
DAG File Processing Stats

File Path                               PID    Runtime      # DAGs    # Errors  Last Runtime    Last Run
--------------------------------------  -----  ---------  --------  ----------  --------------  -------------------
/opt/airflow/dags/ingest_historique.py                           1           0  2.51s           2025-03-14T10:13:43
/opt/airflow/dags/pipeline.py                                    1           0  2.54s           2025-03-14T10:13:43
================================================================================
[2025-03-14T10:14:14.363+0000] {manager.py:893} INFO - 
================================================================================
DAG File Processing Stats

File Path                                 PID  Runtime      # DAGs    # Errors  Last Runtime    Last Run
--------------------------------------  -----  ---------  --------  ----------  --------------  -------------------
/opt/airflow/dags/ingest_historique.py    374  0.03s             1           0  2.51s           2025-03-14T10:13:43
/opt/airflow/dags/pipeline.py             377  0.01s             1           0  2.54s           2025-03-14T10:13:43
================================================================================
[2025-03-14T10:14:44.196+0000] {manager.py:893} INFO - 
================================================================================
DAG File Processing Stats

File Path                               PID    Runtime      # DAGs    # Errors  Last Runtime    Last Run
--------------------------------------  -----  ---------  --------  ----------  --------------  -------------------
/opt/airflow/dags/ingest_historique.py                           1           0  1.46s           2025-03-14T10:14:15
/opt/airflow/dags/pipeline.py                                    1           0  1.59s           2025-03-14T10:14:15
================================================================================
[2025-03-14T10:15:13.330+0000] {manager.py:893} INFO - 
================================================================================
DAG File Processing Stats

File Path                               PID    Runtime      # DAGs    # Errors  Last Runtime    Last Run
--------------------------------------  -----  ---------  --------  ----------  --------------  -------------------
/opt/airflow/dags/ingest_historique.py                           1           0  1.62s           2025-03-14T10:14:47
/opt/airflow/dags/pipeline.py                                    1           0  1.63s           2025-03-14T10:14:48
================================================================================
[2025-03-14T10:15:42.403+0000] {manager.py:893} INFO - 
================================================================================
DAG File Processing Stats

File Path                               PID    Runtime      # DAGs    # Errors  Last Runtime    Last Run
--------------------------------------  -----  ---------  --------  ----------  --------------  -------------------
/opt/airflow/dags/ingest_historique.py                           1           0  0.82s           2025-03-14T10:15:19
/opt/airflow/dags/pipeline.py                                    1           0  0.80s           2025-03-14T10:15:19
================================================================================
[2025-03-14T10:16:12.120+0000] {manager.py:893} INFO - 
================================================================================
DAG File Processing Stats

File Path                               PID    Runtime      # DAGs    # Errors  Last Runtime    Last Run
--------------------------------------  -----  ---------  --------  ----------  --------------  -------------------
/opt/airflow/dags/ingest_historique.py                           1           0  0.66s           2025-03-14T10:15:50
/opt/airflow/dags/pipeline.py                                    1           0  0.65s           2025-03-14T10:15:50
================================================================================
[2025-03-14T10:16:40.913+0000] {manager.py:893} INFO - 
================================================================================
DAG File Processing Stats

File Path                               PID    Runtime      # DAGs    # Errors  Last Runtime    Last Run
--------------------------------------  -----  ---------  --------  ----------  --------------  -------------------
/opt/airflow/dags/ingest_historique.py                           1           0  1.44s           2025-03-14T10:16:21
/opt/airflow/dags/pipeline.py                                    1           0  1.42s           2025-03-14T10:16:21
================================================================================
[2025-03-14T10:17:09.512+0000] {manager.py:893} INFO - 
================================================================================
DAG File Processing Stats

File Path                               PID    Runtime      # DAGs    # Errors  Last Runtime    Last Run
--------------------------------------  -----  ---------  --------  ----------  --------------  -------------------
/opt/airflow/dags/ingest_historique.py                           1           0  1.46s           2025-03-14T10:16:53
/opt/airflow/dags/pipeline.py                                    1           0  1.46s           2025-03-14T10:16:53
================================================================================
[2025-03-14T10:17:21.621+0000] {manager.py:759} INFO - Searching for files in /opt/airflow/dags
[2025-03-14T10:17:21.663+0000] {manager.py:762} INFO - There are 2 files in /opt/airflow/dags
[2025-03-14T10:17:38.683+0000] {manager.py:893} INFO - 
================================================================================
DAG File Processing Stats

File Path                               PID    Runtime      # DAGs    # Errors  Last Runtime    Last Run
--------------------------------------  -----  ---------  --------  ----------  --------------  -------------------
/opt/airflow/dags/ingest_historique.py                           1           0  1.41s           2025-03-14T10:17:25
/opt/airflow/dags/pipeline.py                                    1           0  1.39s           2025-03-14T10:17:25
================================================================================
[2025-03-14T10:18:08.498+0000] {manager.py:893} INFO - 
================================================================================
DAG File Processing Stats

File Path                               PID    Runtime      # DAGs    # Errors  Last Runtime    Last Run
--------------------------------------  -----  ---------  --------  ----------  --------------  -------------------
/opt/airflow/dags/ingest_historique.py                           1           0  1.32s           2025-03-14T10:17:56
/opt/airflow/dags/pipeline.py                                    1           0  1.35s           2025-03-14T10:17:56
================================================================================
[2025-03-14T10:18:38.322+0000] {manager.py:893} INFO - 
================================================================================
DAG File Processing Stats

File Path                               PID    Runtime      # DAGs    # Errors  Last Runtime    Last Run
--------------------------------------  -----  ---------  --------  ----------  --------------  -------------------
/opt/airflow/dags/ingest_historique.py                           1           0  1.60s           2025-03-14T10:18:28
/opt/airflow/dags/pipeline.py                                    1           0  1.71s           2025-03-14T10:18:28
================================================================================
[2025-03-14T10:19:07.185+0000] {manager.py:893} INFO - 
================================================================================
DAG File Processing Stats

File Path                               PID    Runtime      # DAGs    # Errors  Last Runtime    Last Run
--------------------------------------  -----  ---------  --------  ----------  --------------  -------------------
/opt/airflow/dags/ingest_historique.py                           1           0  1.71s           2025-03-14T10:19:00
/opt/airflow/dags/pipeline.py                                    1           0  1.65s           2025-03-14T10:19:00
================================================================================
[2025-03-14T10:19:36.387+0000] {manager.py:893} INFO - 
================================================================================
DAG File Processing Stats

File Path                               PID    Runtime      # DAGs    # Errors  Last Runtime    Last Run
--------------------------------------  -----  ---------  --------  ----------  --------------  -------------------
/opt/airflow/dags/ingest_historique.py                           1           0  1.50s           2025-03-14T10:19:31
/opt/airflow/dags/pipeline.py                                    1           0  1.47s           2025-03-14T10:19:31
================================================================================
[2025-03-14T10:20:05.592+0000] {manager.py:893} INFO - 
================================================================================
DAG File Processing Stats

File Path                               PID    Runtime      # DAGs    # Errors  Last Runtime    Last Run
--------------------------------------  -----  ---------  --------  ----------  --------------  -------------------
/opt/airflow/dags/ingest_historique.py                           1           0  0.61s           2025-03-14T10:20:02
/opt/airflow/dags/pipeline.py                                    1           0  0.56s           2025-03-14T10:20:02
================================================================================
[2025-03-14T10:20:34.784+0000] {manager.py:893} INFO - 
================================================================================
DAG File Processing Stats

File Path                                 PID  Runtime      # DAGs    # Errors  Last Runtime    Last Run
--------------------------------------  -----  ---------  --------  ----------  --------------  -------------------
/opt/airflow/dags/ingest_historique.py                           1           0  1.76s           2025-03-14T10:20:34
/opt/airflow/dags/pipeline.py             521  1.74s             1           0  0.56s           2025-03-14T10:20:02
================================================================================
[2025-03-14T10:21:03.955+0000] {manager.py:893} INFO - 
================================================================================
DAG File Processing Stats

File Path                               PID    Runtime      # DAGs    # Errors  Last Runtime    Last Run
--------------------------------------  -----  ---------  --------  ----------  --------------  -------------------
/opt/airflow/dags/ingest_historique.py                           1           0  1.76s           2025-03-14T10:20:34
/opt/airflow/dags/pipeline.py                                    1           0  1.78s           2025-03-14T10:20:34
================================================================================
[2025-03-14T10:21:32.981+0000] {manager.py:893} INFO - 
================================================================================
DAG File Processing Stats

File Path                               PID    Runtime      # DAGs    # Errors  Last Runtime    Last Run
--------------------------------------  -----  ---------  --------  ----------  --------------  -------------------
/opt/airflow/dags/ingest_historique.py                           1           0  1.87s           2025-03-14T10:21:06
/opt/airflow/dags/pipeline.py                                    1           0  1.82s           2025-03-14T10:21:06
================================================================================
[2025-03-14T10:22:02.142+0000] {manager.py:893} INFO - 
================================================================================
DAG File Processing Stats

File Path                               PID    Runtime      # DAGs    # Errors  Last Runtime    Last Run
--------------------------------------  -----  ---------  --------  ----------  --------------  -------------------
/opt/airflow/dags/ingest_historique.py                           1           0  0.99s           2025-03-14T10:21:38
/opt/airflow/dags/pipeline.py                                    1           0  1.01s           2025-03-14T10:21:38
================================================================================
[2025-03-14T10:22:22.472+0000] {manager.py:759} INFO - Searching for files in /opt/airflow/dags
[2025-03-14T10:22:22.540+0000] {manager.py:762} INFO - There are 2 files in /opt/airflow/dags
[2025-03-14T10:22:31.459+0000] {manager.py:893} INFO - 
================================================================================
DAG File Processing Stats

File Path                               PID    Runtime      # DAGs    # Errors  Last Runtime    Last Run
--------------------------------------  -----  ---------  --------  ----------  --------------  -------------------
/opt/airflow/dags/ingest_historique.py                           1           0  1.09s           2025-03-14T10:22:09
/opt/airflow/dags/pipeline.py                                    1           0  1.09s           2025-03-14T10:22:09
================================================================================
[2025-03-14T10:23:00.692+0000] {manager.py:893} INFO - 
================================================================================
DAG File Processing Stats

File Path                               PID    Runtime      # DAGs    # Errors  Last Runtime    Last Run
--------------------------------------  -----  ---------  --------  ----------  --------------  -------------------
/opt/airflow/dags/ingest_historique.py                           1           0  1.05s           2025-03-14T10:22:40
/opt/airflow/dags/pipeline.py                                    1           0  1.00s           2025-03-14T10:22:40
================================================================================
[2025-03-14T10:23:29.873+0000] {manager.py:893} INFO - 
================================================================================
DAG File Processing Stats

File Path                               PID    Runtime      # DAGs    # Errors  Last Runtime    Last Run
--------------------------------------  -----  ---------  --------  ----------  --------------  -------------------
/opt/airflow/dags/ingest_historique.py                           1           0  0.92s           2025-03-14T10:23:11
/opt/airflow/dags/pipeline.py                                    1           0  0.93s           2025-03-14T10:23:11
================================================================================
[2025-03-14T10:23:59.031+0000] {manager.py:893} INFO - 
================================================================================
DAG File Processing Stats

File Path                               PID    Runtime      # DAGs    # Errors  Last Runtime    Last Run
--------------------------------------  -----  ---------  --------  ----------  --------------  -------------------
/opt/airflow/dags/ingest_historique.py                           1           0  0.99s           2025-03-14T10:23:43
/opt/airflow/dags/pipeline.py                                    1           0  0.97s           2025-03-14T10:23:43
================================================================================
[2025-03-14T10:24:27.929+0000] {manager.py:893} INFO - 
================================================================================
DAG File Processing Stats

File Path                               PID    Runtime      # DAGs    # Errors  Last Runtime    Last Run
--------------------------------------  -----  ---------  --------  ----------  --------------  -------------------
/opt/airflow/dags/ingest_historique.py                           1           0  0.78s           2025-03-14T10:24:14
/opt/airflow/dags/pipeline.py                                    1           0  0.80s           2025-03-14T10:24:14
================================================================================
[2025-03-14T10:24:57.068+0000] {manager.py:893} INFO - 
================================================================================
DAG File Processing Stats

File Path                               PID    Runtime      # DAGs    # Errors  Last Runtime    Last Run
--------------------------------------  -----  ---------  --------  ----------  --------------  -------------------
/opt/airflow/dags/ingest_historique.py                           1           0  0.98s           2025-03-14T10:24:45
/opt/airflow/dags/pipeline.py                                    1           0  0.97s           2025-03-14T10:24:45
================================================================================
[2025-03-14T10:25:26.278+0000] {manager.py:893} INFO - 
================================================================================
DAG File Processing Stats

File Path                               PID    Runtime      # DAGs    # Errors  Last Runtime    Last Run
--------------------------------------  -----  ---------  --------  ----------  --------------  -------------------
/opt/airflow/dags/ingest_historique.py                           1           0  1.19s           2025-03-14T10:25:16
/opt/airflow/dags/pipeline.py                                    1           0  1.17s           2025-03-14T10:25:16
================================================================================
[2025-03-14T10:25:55.298+0000] {manager.py:893} INFO - 
================================================================================
DAG File Processing Stats

File Path                               PID    Runtime      # DAGs    # Errors  Last Runtime    Last Run
--------------------------------------  -----  ---------  --------  ----------  --------------  -------------------
/opt/airflow/dags/ingest_historique.py                           1           0  0.89s           2025-03-14T10:25:47
/opt/airflow/dags/pipeline.py                                    1           0  0.87s           2025-03-14T10:25:47
================================================================================
[2025-03-14T10:26:24.611+0000] {manager.py:893} INFO - 
================================================================================
DAG File Processing Stats

File Path                               PID    Runtime      # DAGs    # Errors  Last Runtime    Last Run
--------------------------------------  -----  ---------  --------  ----------  --------------  -------------------
/opt/airflow/dags/ingest_historique.py                           1           0  1.04s           2025-03-14T10:26:18
/opt/airflow/dags/pipeline.py                                    1           0  0.99s           2025-03-14T10:26:18
================================================================================
[2025-03-14T10:26:53.770+0000] {manager.py:893} INFO - 
================================================================================
DAG File Processing Stats

File Path                               PID    Runtime      # DAGs    # Errors  Last Runtime    Last Run
--------------------------------------  -----  ---------  --------  ----------  --------------  -------------------
/opt/airflow/dags/ingest_historique.py                           1           0  1.02s           2025-03-14T10:26:49
/opt/airflow/dags/pipeline.py                                    1           0  0.99s           2025-03-14T10:26:49
================================================================================
[2025-03-14T10:27:22.656+0000] {manager.py:759} INFO - Searching for files in /opt/airflow/dags
[2025-03-14T10:27:22.710+0000] {manager.py:762} INFO - There are 2 files in /opt/airflow/dags
[2025-03-14T10:27:22.724+0000] {manager.py:893} INFO - 
================================================================================
DAG File Processing Stats

File Path                               PID    Runtime      # DAGs    # Errors  Last Runtime    Last Run
--------------------------------------  -----  ---------  --------  ----------  --------------  -------------------
/opt/airflow/dags/ingest_historique.py                           1           0  0.70s           2025-03-14T10:27:20
/opt/airflow/dags/pipeline.py                                    1           0  0.67s           2025-03-14T10:27:20
================================================================================
[2025-03-14T10:27:51.637+0000] {manager.py:893} INFO - 
================================================================================
DAG File Processing Stats

File Path                                 PID  Runtime      # DAGs    # Errors  Last Runtime    Last Run
--------------------------------------  -----  ---------  --------  ----------  --------------  -------------------
/opt/airflow/dags/ingest_historique.py                           1           0  0.80s           2025-03-14T10:27:51
/opt/airflow/dags/pipeline.py             689  0.79s             1           0  0.67s           2025-03-14T10:27:20
================================================================================
[2025-03-14T10:28:20.619+0000] {manager.py:893} INFO - 
================================================================================
DAG File Processing Stats

File Path                               PID    Runtime      # DAGs    # Errors  Last Runtime    Last Run
--------------------------------------  -----  ---------  --------  ----------  --------------  -------------------
/opt/airflow/dags/ingest_historique.py                           1           0  0.80s           2025-03-14T10:27:51
/opt/airflow/dags/pipeline.py                                    1           0  0.81s           2025-03-14T10:27:51
================================================================================
[2025-03-14T10:28:49.768+0000] {manager.py:893} INFO - 
================================================================================
DAG File Processing Stats

File Path                               PID    Runtime      # DAGs    # Errors  Last Runtime    Last Run
--------------------------------------  -----  ---------  --------  ----------  --------------  -------------------
/opt/airflow/dags/ingest_historique.py                           1           0  0.70s           2025-03-14T10:28:22
/opt/airflow/dags/pipeline.py                                    1           0  0.61s           2025-03-14T10:28:22
================================================================================
[2025-03-14T10:29:18.525+0000] {manager.py:893} INFO - 
================================================================================
DAG File Processing Stats

File Path                               PID    Runtime      # DAGs    # Errors  Last Runtime    Last Run
--------------------------------------  -----  ---------  --------  ----------  --------------  -------------------
/opt/airflow/dags/ingest_historique.py                           1           0  0.68s           2025-03-14T10:28:53
/opt/airflow/dags/pipeline.py                                    1           0  0.72s           2025-03-14T10:28:53
================================================================================
[2025-03-14T10:29:47.467+0000] {manager.py:893} INFO - 
================================================================================
DAG File Processing Stats

File Path                               PID    Runtime      # DAGs    # Errors  Last Runtime    Last Run
--------------------------------------  -----  ---------  --------  ----------  --------------  -------------------
/opt/airflow/dags/ingest_historique.py                           1           0  0.78s           2025-03-14T10:29:24
/opt/airflow/dags/pipeline.py                                    1           0  0.69s           2025-03-14T10:29:24
================================================================================
[2025-03-14T10:30:16.316+0000] {manager.py:893} INFO - 
================================================================================
DAG File Processing Stats

File Path                               PID    Runtime      # DAGs    # Errors  Last Runtime    Last Run
--------------------------------------  -----  ---------  --------  ----------  --------------  -------------------
/opt/airflow/dags/ingest_historique.py                           1           0  0.77s           2025-03-14T10:29:55
/opt/airflow/dags/pipeline.py                                    1           0  0.79s           2025-03-14T10:29:55
================================================================================
[2025-03-14T10:30:45.232+0000] {manager.py:893} INFO - 
================================================================================
DAG File Processing Stats

File Path                               PID    Runtime      # DAGs    # Errors  Last Runtime    Last Run
--------------------------------------  -----  ---------  --------  ----------  --------------  -------------------
/opt/airflow/dags/ingest_historique.py                           1           0  0.84s           2025-03-14T10:30:26
/opt/airflow/dags/pipeline.py                                    1           0  0.77s           2025-03-14T10:30:26
================================================================================
[2025-03-14T10:31:14.222+0000] {manager.py:893} INFO - 
================================================================================
DAG File Processing Stats

File Path                               PID    Runtime      # DAGs    # Errors  Last Runtime    Last Run
--------------------------------------  -----  ---------  --------  ----------  --------------  -------------------
/opt/airflow/dags/ingest_historique.py                           1           0  0.94s           2025-03-14T10:30:57
/opt/airflow/dags/pipeline.py                                    1           0  0.93s           2025-03-14T10:30:57
================================================================================
[2025-03-14T10:31:43.381+0000] {manager.py:893} INFO - 
================================================================================
DAG File Processing Stats

File Path                               PID    Runtime      # DAGs    # Errors  Last Runtime    Last Run
--------------------------------------  -----  ---------  --------  ----------  --------------  -------------------
/opt/airflow/dags/ingest_historique.py                           1           0  1.17s           2025-03-14T10:31:28
/opt/airflow/dags/pipeline.py                                    1           0  1.23s           2025-03-14T10:31:28
================================================================================
[2025-03-14T10:32:12.334+0000] {manager.py:893} INFO - 
================================================================================
DAG File Processing Stats

File Path                               PID    Runtime      # DAGs    # Errors  Last Runtime    Last Run
--------------------------------------  -----  ---------  --------  ----------  --------------  -------------------
/opt/airflow/dags/ingest_historique.py                           1           0  0.77s           2025-03-14T10:31:59
/opt/airflow/dags/pipeline.py                                    1           0  1.08s           2025-03-14T10:32:00
================================================================================
[2025-03-14T10:32:23.457+0000] {manager.py:759} INFO - Searching for files in /opt/airflow/dags
[2025-03-14T10:32:23.490+0000] {manager.py:762} INFO - There are 2 files in /opt/airflow/dags
[2025-03-14T10:32:41.074+0000] {manager.py:893} INFO - 
================================================================================
DAG File Processing Stats

File Path                               PID    Runtime      # DAGs    # Errors  Last Runtime    Last Run
--------------------------------------  -----  ---------  --------  ----------  --------------  -------------------
/opt/airflow/dags/ingest_historique.py                           1           0  0.70s           2025-03-14T10:32:30
/opt/airflow/dags/pipeline.py                                    1           0  -0.70s          2025-03-14T10:32:29
================================================================================
[2025-03-14T10:33:10.091+0000] {manager.py:893} INFO - 
================================================================================
DAG File Processing Stats

File Path                               PID    Runtime      # DAGs    # Errors  Last Runtime    Last Run
--------------------------------------  -----  ---------  --------  ----------  --------------  -------------------
/opt/airflow/dags/ingest_historique.py                           1           0  0.83s           2025-03-14T10:33:01
/opt/airflow/dags/pipeline.py                                    1           0  0.94s           2025-03-14T10:33:00
================================================================================
[2025-03-14T10:33:38.936+0000] {manager.py:893} INFO - 
================================================================================
DAG File Processing Stats

File Path                               PID    Runtime      # DAGs    # Errors  Last Runtime    Last Run
--------------------------------------  -----  ---------  --------  ----------  --------------  -------------------
/opt/airflow/dags/ingest_historique.py                           1           0  0.75s           2025-03-14T10:33:32
/opt/airflow/dags/pipeline.py                                    1           0  0.74s           2025-03-14T10:33:31
================================================================================
[2025-03-14T10:34:07.845+0000] {manager.py:893} INFO - 
================================================================================
DAG File Processing Stats

File Path                               PID    Runtime      # DAGs    # Errors  Last Runtime    Last Run
--------------------------------------  -----  ---------  --------  ----------  --------------  -------------------
/opt/airflow/dags/ingest_historique.py                           1           0  0.78s           2025-03-14T10:34:02
/opt/airflow/dags/pipeline.py                                    1           0  0.81s           2025-03-14T10:34:02
================================================================================
[2025-03-14T10:34:36.776+0000] {manager.py:893} INFO - 
================================================================================
DAG File Processing Stats

File Path                               PID    Runtime      # DAGs    # Errors  Last Runtime    Last Run
--------------------------------------  -----  ---------  --------  ----------  --------------  -------------------
/opt/airflow/dags/ingest_historique.py                           1           0  0.76s           2025-03-14T10:34:33
/opt/airflow/dags/pipeline.py                                    1           0  0.79s           2025-03-14T10:34:33
================================================================================
[2025-03-14T10:35:05.926+0000] {manager.py:893} INFO - 
================================================================================
DAG File Processing Stats

File Path                               PID    Runtime      # DAGs    # Errors  Last Runtime    Last Run
--------------------------------------  -----  ---------  --------  ----------  --------------  -------------------
/opt/airflow/dags/ingest_historique.py                           1           0  0.73s           2025-03-14T10:35:05
/opt/airflow/dags/pipeline.py                                    1           0  0.84s           2025-03-14T10:35:04
================================================================================
[2025-03-14T10:35:34.997+0000] {manager.py:893} INFO - 
================================================================================
DAG File Processing Stats

File Path                                 PID  Runtime      # DAGs    # Errors  Last Runtime    Last Run
--------------------------------------  -----  ---------  --------  ----------  --------------  -------------------
/opt/airflow/dags/ingest_historique.py                           1           0  0.73s           2025-03-14T10:35:05
/opt/airflow/dags/pipeline.py             866  0.00s             1           0  0.84s           2025-03-14T10:35:04
================================================================================
[2025-03-14T10:36:04.090+0000] {manager.py:893} INFO - 
================================================================================
DAG File Processing Stats

File Path                               PID    Runtime      # DAGs    # Errors  Last Runtime    Last Run
--------------------------------------  -----  ---------  --------  ----------  --------------  -------------------
/opt/airflow/dags/ingest_historique.py                           1           0  0.69s           2025-03-14T10:35:36
/opt/airflow/dags/pipeline.py                                    1           0  0.68s           2025-03-14T10:35:35
================================================================================
[2025-03-14T10:36:33.369+0000] {manager.py:893} INFO - 
================================================================================
DAG File Processing Stats

File Path                               PID    Runtime      # DAGs    # Errors  Last Runtime    Last Run
--------------------------------------  -----  ---------  --------  ----------  --------------  -------------------
/opt/airflow/dags/ingest_historique.py                           1           0  0.67s           2025-03-14T10:36:07
/opt/airflow/dags/pipeline.py                                    1           0  0.64s           2025-03-14T10:36:06
================================================================================
[2025-03-14T10:37:02.488+0000] {manager.py:893} INFO - 
================================================================================
DAG File Processing Stats

File Path                               PID    Runtime      # DAGs    # Errors  Last Runtime    Last Run
--------------------------------------  -----  ---------  --------  ----------  --------------  -------------------
/opt/airflow/dags/ingest_historique.py                           1           0  0.62s           2025-03-14T10:36:38
/opt/airflow/dags/pipeline.py                                    1           0  0.64s           2025-03-14T10:36:37
================================================================================
[2025-03-14T10:37:23.761+0000] {manager.py:759} INFO - Searching for files in /opt/airflow/dags
[2025-03-14T10:37:23.792+0000] {manager.py:762} INFO - There are 2 files in /opt/airflow/dags
[2025-03-14T10:37:31.281+0000] {manager.py:893} INFO - 
================================================================================
DAG File Processing Stats

File Path                               PID    Runtime      # DAGs    # Errors  Last Runtime    Last Run
--------------------------------------  -----  ---------  --------  ----------  --------------  -------------------
/opt/airflow/dags/ingest_historique.py                           1           0  0.79s           2025-03-14T10:37:08
/opt/airflow/dags/pipeline.py                                    1           0  0.72s           2025-03-14T10:37:08
================================================================================
[2025-03-14T10:37:59.991+0000] {manager.py:893} INFO - 
================================================================================
DAG File Processing Stats

File Path                               PID    Runtime      # DAGs    # Errors  Last Runtime    Last Run
--------------------------------------  -----  ---------  --------  ----------  --------------  -------------------
/opt/airflow/dags/ingest_historique.py                           1           0  0.62s           2025-03-14T10:37:39
/opt/airflow/dags/pipeline.py                                    1           0  0.68s           2025-03-14T10:37:39
================================================================================
[2025-03-14T10:38:28.698+0000] {manager.py:893} INFO - 
================================================================================
DAG File Processing Stats

File Path                               PID    Runtime      # DAGs    # Errors  Last Runtime    Last Run
--------------------------------------  -----  ---------  --------  ----------  --------------  -------------------
/opt/airflow/dags/ingest_historique.py                           1           0  0.71s           2025-03-14T10:38:10
/opt/airflow/dags/pipeline.py                                    1           0  0.70s           2025-03-14T10:38:09
================================================================================
[2025-03-14T10:38:58.071+0000] {manager.py:893} INFO - 
================================================================================
DAG File Processing Stats

File Path                               PID    Runtime      # DAGs    # Errors  Last Runtime    Last Run
--------------------------------------  -----  ---------  --------  ----------  --------------  -------------------
/opt/airflow/dags/ingest_historique.py                           1           0  0.69s           2025-03-14T10:38:41
/opt/airflow/dags/pipeline.py                                    1           0  0.60s           2025-03-14T10:38:40
================================================================================
[2025-03-14T10:39:26.715+0000] {manager.py:893} INFO - 
================================================================================
DAG File Processing Stats

File Path                               PID    Runtime      # DAGs    # Errors  Last Runtime    Last Run
--------------------------------------  -----  ---------  --------  ----------  --------------  -------------------
/opt/airflow/dags/ingest_historique.py                           1           0  0.71s           2025-03-14T10:39:11
/opt/airflow/dags/pipeline.py                                    1           0  0.71s           2025-03-14T10:39:11
================================================================================
[2025-03-14T10:39:56.080+0000] {manager.py:893} INFO - 
================================================================================
DAG File Processing Stats

File Path                               PID    Runtime      # DAGs    # Errors  Last Runtime    Last Run
--------------------------------------  -----  ---------  --------  ----------  --------------  -------------------
/opt/airflow/dags/ingest_historique.py                           1           0  0.64s           2025-03-14T10:39:43
/opt/airflow/dags/pipeline.py                                    1           0  0.67s           2025-03-14T10:39:41
================================================================================
[2025-03-14T10:40:25.337+0000] {manager.py:893} INFO - 
================================================================================
DAG File Processing Stats

File Path                               PID    Runtime      # DAGs    # Errors  Last Runtime    Last Run
--------------------------------------  -----  ---------  --------  ----------  --------------  -------------------
/opt/airflow/dags/ingest_historique.py                           1           0  0.64s           2025-03-14T10:40:14
/opt/airflow/dags/pipeline.py                                    1           0  0.63s           2025-03-14T10:40:12
================================================================================
[2025-03-14T10:40:54.143+0000] {manager.py:893} INFO - 
================================================================================
DAG File Processing Stats

File Path                               PID    Runtime      # DAGs    # Errors  Last Runtime    Last Run
--------------------------------------  -----  ---------  --------  ----------  --------------  -------------------
/opt/airflow/dags/ingest_historique.py                           1           0  0.83s           2025-03-14T10:40:45
/opt/airflow/dags/pipeline.py                                    1           0  0.79s           2025-03-14T10:40:44
================================================================================
[2025-03-14T10:41:22.913+0000] {manager.py:893} INFO - 
================================================================================
DAG File Processing Stats

File Path                               PID    Runtime      # DAGs    # Errors  Last Runtime    Last Run
--------------------------------------  -----  ---------  --------  ----------  --------------  -------------------
/opt/airflow/dags/ingest_historique.py                           1           0  0.65s           2025-03-14T10:41:16
/opt/airflow/dags/pipeline.py                                    1           0  0.66s           2025-03-14T10:41:14
================================================================================
[2025-03-14T10:41:52.069+0000] {manager.py:893} INFO - 
================================================================================
DAG File Processing Stats

File Path                               PID    Runtime      # DAGs    # Errors  Last Runtime    Last Run
--------------------------------------  -----  ---------  --------  ----------  --------------  -------------------
/opt/airflow/dags/ingest_historique.py                           1           0  0.78s           2025-03-14T10:41:47
/opt/airflow/dags/pipeline.py                                    1           0  0.67s           2025-03-14T10:41:45
================================================================================
[2025-03-14T10:42:20.770+0000] {manager.py:893} INFO - 
================================================================================
DAG File Processing Stats

File Path                               PID    Runtime      # DAGs    # Errors  Last Runtime    Last Run
--------------------------------------  -----  ---------  --------  ----------  --------------  -------------------
/opt/airflow/dags/ingest_historique.py                           1           0  0.66s           2025-03-14T10:42:18
/opt/airflow/dags/pipeline.py                                    1           0  0.65s           2025-03-14T10:42:16
================================================================================
[2025-03-14T10:42:23.808+0000] {manager.py:759} INFO - Searching for files in /opt/airflow/dags
[2025-03-14T10:42:23.881+0000] {manager.py:762} INFO - There are 2 files in /opt/airflow/dags
[2025-03-14T10:42:49.877+0000] {manager.py:893} INFO - 
================================================================================
DAG File Processing Stats

File Path                                 PID  Runtime      # DAGs    # Errors  Last Runtime    Last Run
--------------------------------------  -----  ---------  --------  ----------  --------------  -------------------
/opt/airflow/dags/ingest_historique.py   1040  1.01s             1           0  0.66s           2025-03-14T10:42:18
/opt/airflow/dags/pipeline.py                                    1           0  1.00s           2025-03-14T10:42:47
================================================================================
[2025-03-14T10:43:18.921+0000] {manager.py:893} INFO - 
================================================================================
DAG File Processing Stats

File Path                               PID    Runtime      # DAGs    # Errors  Last Runtime    Last Run
--------------------------------------  -----  ---------  --------  ----------  --------------  -------------------
/opt/airflow/dags/ingest_historique.py                           1           0  1.16s           2025-03-14T10:42:50
/opt/airflow/dags/pipeline.py                                    1           0  0.99s           2025-03-14T10:43:18
================================================================================
[2025-03-14T10:43:47.879+0000] {manager.py:893} INFO - 
================================================================================
DAG File Processing Stats

File Path                               PID    Runtime      # DAGs    # Errors  Last Runtime    Last Run
--------------------------------------  -----  ---------  --------  ----------  --------------  -------------------
/opt/airflow/dags/ingest_historique.py                           1           0  0.92s           2025-03-14T10:43:20
/opt/airflow/dags/pipeline.py                                    1           0  0.99s           2025-03-14T10:43:18
================================================================================
[2025-03-14T10:44:16.909+0000] {manager.py:893} INFO - 
================================================================================
DAG File Processing Stats

File Path                               PID    Runtime      # DAGs    # Errors  Last Runtime    Last Run
--------------------------------------  -----  ---------  --------  ----------  --------------  -------------------
/opt/airflow/dags/ingest_historique.py                           1           0  0.69s           2025-03-14T10:43:52
/opt/airflow/dags/pipeline.py                                    1           0  0.67s           2025-03-14T10:43:50
================================================================================
[2025-03-14T10:44:45.901+0000] {manager.py:893} INFO - 
================================================================================
DAG File Processing Stats

File Path                               PID    Runtime      # DAGs    # Errors  Last Runtime    Last Run
--------------------------------------  -----  ---------  --------  ----------  --------------  -------------------
/opt/airflow/dags/ingest_historique.py                           1           0  0.70s           2025-03-14T10:44:23
/opt/airflow/dags/pipeline.py                                    1           0  0.92s           2025-03-14T10:44:21
================================================================================
[2025-03-14T10:45:14.916+0000] {manager.py:893} INFO - 
================================================================================
DAG File Processing Stats

File Path                               PID    Runtime      # DAGs    # Errors  Last Runtime    Last Run
--------------------------------------  -----  ---------  --------  ----------  --------------  -------------------
/opt/airflow/dags/ingest_historique.py                           1           0  0.64s           2025-03-14T10:44:54
/opt/airflow/dags/pipeline.py                                    1           0  0.59s           2025-03-14T10:44:52
================================================================================
[2025-03-14T10:45:44.165+0000] {manager.py:893} INFO - 
================================================================================
DAG File Processing Stats

File Path                               PID    Runtime      # DAGs    # Errors  Last Runtime    Last Run
--------------------------------------  -----  ---------  --------  ----------  --------------  -------------------
/opt/airflow/dags/ingest_historique.py                           1           0  -0.71s          2025-03-14T10:45:24
/opt/airflow/dags/pipeline.py                                    1           0  0.68s           2025-03-14T10:45:23
================================================================================
[2025-03-14T10:46:13.212+0000] {manager.py:893} INFO - 
================================================================================
DAG File Processing Stats

File Path                               PID    Runtime      # DAGs    # Errors  Last Runtime    Last Run
--------------------------------------  -----  ---------  --------  ----------  --------------  -------------------
/opt/airflow/dags/ingest_historique.py                           1           0  0.76s           2025-03-14T10:45:55
/opt/airflow/dags/pipeline.py                                    1           0  0.76s           2025-03-14T10:45:54
================================================================================
[2025-03-14T10:46:41.849+0000] {manager.py:893} INFO - 
================================================================================
DAG File Processing Stats

File Path                               PID    Runtime      # DAGs    # Errors  Last Runtime    Last Run
--------------------------------------  -----  ---------  --------  ----------  --------------  -------------------
/opt/airflow/dags/ingest_historique.py                           1           0  0.63s           2025-03-14T10:46:26
/opt/airflow/dags/pipeline.py                                    1           0  0.62s           2025-03-14T10:46:25
================================================================================
[2025-03-14T10:47:10.956+0000] {manager.py:893} INFO - 
================================================================================
DAG File Processing Stats

File Path                               PID    Runtime      # DAGs    # Errors  Last Runtime    Last Run
--------------------------------------  -----  ---------  --------  ----------  --------------  -------------------
/opt/airflow/dags/ingest_historique.py                           1           0  0.62s           2025-03-14T10:46:57
/opt/airflow/dags/pipeline.py                                    1           0  0.62s           2025-03-14T10:46:56
================================================================================
[2025-03-14T10:47:24.226+0000] {manager.py:759} INFO - Searching for files in /opt/airflow/dags
[2025-03-14T10:47:24.275+0000] {manager.py:762} INFO - There are 2 files in /opt/airflow/dags
[2025-03-14T10:47:39.622+0000] {manager.py:893} INFO - 
================================================================================
DAG File Processing Stats

File Path                               PID    Runtime      # DAGs    # Errors  Last Runtime    Last Run
--------------------------------------  -----  ---------  --------  ----------  --------------  -------------------
/opt/airflow/dags/ingest_historique.py                           1           0  1.15s           2025-03-14T10:47:28
/opt/airflow/dags/pipeline.py                                    1           0  1.16s           2025-03-14T10:47:28
================================================================================
[2025-03-14T10:48:08.369+0000] {manager.py:893} INFO - 
================================================================================
DAG File Processing Stats

File Path                               PID    Runtime      # DAGs    # Errors  Last Runtime    Last Run
--------------------------------------  -----  ---------  --------  ----------  --------------  -------------------
/opt/airflow/dags/ingest_historique.py                           1           0  0.77s           2025-03-14T10:48:00
/opt/airflow/dags/pipeline.py                                    1           0  0.74s           2025-03-14T10:48:00
================================================================================
[2025-03-14T10:48:37.484+0000] {manager.py:893} INFO - 
================================================================================
DAG File Processing Stats

File Path                               PID    Runtime      # DAGs    # Errors  Last Runtime    Last Run
--------------------------------------  -----  ---------  --------  ----------  --------------  -------------------
/opt/airflow/dags/ingest_historique.py                           1           0  1.19s           2025-03-14T10:48:31
/opt/airflow/dags/pipeline.py                                    1           0  1.15s           2025-03-14T10:48:31
================================================================================
[2025-03-14T10:49:06.699+0000] {manager.py:893} INFO - 
================================================================================
DAG File Processing Stats

File Path                               PID    Runtime      # DAGs    # Errors  Last Runtime    Last Run
--------------------------------------  -----  ---------  --------  ----------  --------------  -------------------
/opt/airflow/dags/ingest_historique.py                           1           0  0.61s           2025-03-14T10:49:02
/opt/airflow/dags/pipeline.py                                    1           0  0.61s           2025-03-14T10:49:02
================================================================================
[2025-03-14T10:49:35.893+0000] {manager.py:893} INFO - 
================================================================================
DAG File Processing Stats

File Path                               PID    Runtime      # DAGs    # Errors  Last Runtime    Last Run
--------------------------------------  -----  ---------  --------  ----------  --------------  -------------------
/opt/airflow/dags/ingest_historique.py                           1           0  0.66s           2025-03-14T10:49:34
/opt/airflow/dags/pipeline.py                                    1           0  0.85s           2025-03-14T10:49:33
================================================================================
[2025-03-14T10:50:04.637+0000] {manager.py:893} INFO - 
================================================================================
DAG File Processing Stats

File Path                                 PID  Runtime      # DAGs    # Errors  Last Runtime    Last Run
--------------------------------------  -----  ---------  --------  ----------  --------------  -------------------
/opt/airflow/dags/ingest_historique.py   1208  0.01s             1           0  0.66s           2025-03-14T10:49:34
/opt/airflow/dags/pipeline.py                                    1           0  0.74s           2025-03-14T10:50:04
================================================================================
[2025-03-14T10:50:34.074+0000] {manager.py:893} INFO - 
================================================================================
DAG File Processing Stats

File Path                               PID    Runtime      # DAGs    # Errors  Last Runtime    Last Run
--------------------------------------  -----  ---------  --------  ----------  --------------  -------------------
/opt/airflow/dags/ingest_historique.py                           1           0  0.65s           2025-03-14T10:50:05
/opt/airflow/dags/pipeline.py                                    1           0  0.74s           2025-03-14T10:50:04
================================================================================
[2025-03-14T10:51:03.175+0000] {manager.py:893} INFO - 
================================================================================
DAG File Processing Stats

File Path                               PID    Runtime      # DAGs    # Errors  Last Runtime    Last Run
--------------------------------------  -----  ---------  --------  ----------  --------------  -------------------
/opt/airflow/dags/ingest_historique.py                           1           0  0.66s           2025-03-14T10:50:36
/opt/airflow/dags/pipeline.py                                    1           0  0.72s           2025-03-14T10:50:35
================================================================================
[2025-03-14T10:51:31.821+0000] {manager.py:893} INFO - 
================================================================================
DAG File Processing Stats

File Path                               PID    Runtime      # DAGs    # Errors  Last Runtime    Last Run
--------------------------------------  -----  ---------  --------  ----------  --------------  -------------------
/opt/airflow/dags/ingest_historique.py                           1           0  0.78s           2025-03-14T10:51:07
/opt/airflow/dags/pipeline.py                                    1           0  0.87s           2025-03-14T10:51:07
================================================================================
[2025-03-14T10:52:00.529+0000] {manager.py:893} INFO - 
================================================================================
DAG File Processing Stats

File Path                               PID    Runtime      # DAGs    # Errors  Last Runtime    Last Run
--------------------------------------  -----  ---------  --------  ----------  --------------  -------------------
/opt/airflow/dags/ingest_historique.py                           1           0  0.61s           2025-03-14T10:51:38
/opt/airflow/dags/pipeline.py                                    1           0  0.69s           2025-03-14T10:51:38
================================================================================
[2025-03-14T10:52:24.506+0000] {manager.py:759} INFO - Searching for files in /opt/airflow/dags
[2025-03-14T10:52:24.606+0000] {manager.py:762} INFO - There are 2 files in /opt/airflow/dags
[2025-03-14T10:52:29.688+0000] {manager.py:893} INFO - 
================================================================================
DAG File Processing Stats

File Path                               PID    Runtime      # DAGs    # Errors  Last Runtime    Last Run
--------------------------------------  -----  ---------  --------  ----------  --------------  -------------------
/opt/airflow/dags/ingest_historique.py                           1           0  0.58s           2025-03-14T10:52:09
/opt/airflow/dags/pipeline.py                                    1           0  0.66s           2025-03-14T10:52:09
================================================================================
[2025-03-14T10:52:58.814+0000] {manager.py:893} INFO - 
================================================================================
DAG File Processing Stats

File Path                               PID    Runtime      # DAGs    # Errors  Last Runtime    Last Run
--------------------------------------  -----  ---------  --------  ----------  --------------  -------------------
/opt/airflow/dags/ingest_historique.py                           1           0  0.89s           2025-03-14T10:52:40
/opt/airflow/dags/pipeline.py                                    1           0  1.12s           2025-03-14T10:52:40
================================================================================
[2025-03-14T10:53:27.537+0000] {manager.py:893} INFO - 
================================================================================
DAG File Processing Stats

File Path                               PID    Runtime      # DAGs    # Errors  Last Runtime    Last Run
--------------------------------------  -----  ---------  --------  ----------  --------------  -------------------
/opt/airflow/dags/ingest_historique.py                           1           0  0.73s           2025-03-14T10:53:11
/opt/airflow/dags/pipeline.py                                    1           0  0.72s           2025-03-14T10:53:11
================================================================================
[2025-03-14T10:53:56.321+0000] {manager.py:893} INFO - 
================================================================================
DAG File Processing Stats

File Path                               PID    Runtime      # DAGs    # Errors  Last Runtime    Last Run
--------------------------------------  -----  ---------  --------  ----------  --------------  -------------------
/opt/airflow/dags/ingest_historique.py                           1           0  0.84s           2025-03-14T10:53:43
/opt/airflow/dags/pipeline.py                                    1           0  1.14s           2025-03-14T10:53:42
================================================================================
[2025-03-14T10:54:25.397+0000] {manager.py:893} INFO - 
================================================================================
DAG File Processing Stats

File Path                               PID    Runtime      # DAGs    # Errors  Last Runtime    Last Run
--------------------------------------  -----  ---------  --------  ----------  --------------  -------------------
/opt/airflow/dags/ingest_historique.py                           1           0  0.96s           2025-03-14T10:54:14
/opt/airflow/dags/pipeline.py                                    1           0  1.10s           2025-03-14T10:54:14
================================================================================
[2025-03-14T10:54:54.100+0000] {manager.py:893} INFO - 
================================================================================
DAG File Processing Stats

File Path                               PID    Runtime      # DAGs    # Errors  Last Runtime    Last Run
--------------------------------------  -----  ---------  --------  ----------  --------------  -------------------
/opt/airflow/dags/ingest_historique.py                           1           0  0.75s           2025-03-14T10:54:45
/opt/airflow/dags/pipeline.py                                    1           0  0.74s           2025-03-14T10:54:45
================================================================================
[2025-03-14T10:55:22.794+0000] {manager.py:893} INFO - 
================================================================================
DAG File Processing Stats

File Path                               PID    Runtime      # DAGs    # Errors  Last Runtime    Last Run
--------------------------------------  -----  ---------  --------  ----------  --------------  -------------------
/opt/airflow/dags/ingest_historique.py                           1           0  0.70s           2025-03-14T10:55:16
/opt/airflow/dags/pipeline.py                                    1           0  0.67s           2025-03-14T10:55:16
================================================================================
[2025-03-14T10:55:51.470+0000] {manager.py:893} INFO - 
================================================================================
DAG File Processing Stats

File Path                               PID    Runtime      # DAGs    # Errors  Last Runtime    Last Run
--------------------------------------  -----  ---------  --------  ----------  --------------  -------------------
/opt/airflow/dags/ingest_historique.py                           1           0  1.13s           2025-03-14T10:55:48
/opt/airflow/dags/pipeline.py                                    1           0  1.09s           2025-03-14T10:55:48
================================================================================
[2025-03-14T10:56:20.221+0000] {manager.py:893} INFO - 
================================================================================
DAG File Processing Stats

File Path                               PID    Runtime      # DAGs    # Errors  Last Runtime    Last Run
--------------------------------------  -----  ---------  --------  ----------  --------------  -------------------
/opt/airflow/dags/ingest_historique.py                           1           0  0.80s           2025-03-14T10:56:20
/opt/airflow/dags/pipeline.py                                    1           0  0.79s           2025-03-14T10:56:20
================================================================================
[2025-03-14T10:56:49.124+0000] {manager.py:893} INFO - 
================================================================================
DAG File Processing Stats

File Path                               PID    Runtime      # DAGs    # Errors  Last Runtime    Last Run
--------------------------------------  -----  ---------  --------  ----------  --------------  -------------------
/opt/airflow/dags/ingest_historique.py                           1           0  0.80s           2025-03-14T10:56:20
/opt/airflow/dags/pipeline.py                                    1           0  0.79s           2025-03-14T10:56:20
================================================================================
[2025-03-14T10:57:18.092+0000] {manager.py:893} INFO - 
================================================================================
DAG File Processing Stats

File Path                               PID    Runtime      # DAGs    # Errors  Last Runtime    Last Run
--------------------------------------  -----  ---------  --------  ----------  --------------  -------------------
/opt/airflow/dags/ingest_historique.py                           1           0  0.82s           2025-03-14T10:56:51
/opt/airflow/dags/pipeline.py                                    1           0  0.84s           2025-03-14T10:56:51
================================================================================
[2025-03-14T10:57:25.499+0000] {manager.py:759} INFO - Searching for files in /opt/airflow/dags
[2025-03-14T10:57:25.536+0000] {manager.py:762} INFO - There are 2 files in /opt/airflow/dags
[2025-03-14T10:57:46.831+0000] {manager.py:893} INFO - 
================================================================================
DAG File Processing Stats

File Path                               PID    Runtime      # DAGs    # Errors  Last Runtime    Last Run
--------------------------------------  -----  ---------  --------  ----------  --------------  -------------------
/opt/airflow/dags/ingest_historique.py                           1           0  0.70s           2025-03-14T10:57:22
/opt/airflow/dags/pipeline.py                                    1           0  0.69s           2025-03-14T10:57:22
================================================================================
[2025-03-14T10:58:15.835+0000] {manager.py:893} INFO - 
================================================================================
DAG File Processing Stats

File Path                               PID    Runtime      # DAGs    # Errors  Last Runtime    Last Run
--------------------------------------  -----  ---------  --------  ----------  --------------  -------------------
/opt/airflow/dags/ingest_historique.py                           1           0  1.03s           2025-03-14T10:57:53
/opt/airflow/dags/pipeline.py                                    1           0  1.02s           2025-03-14T10:57:53
================================================================================
[2025-03-14T10:58:44.665+0000] {manager.py:893} INFO - 
================================================================================
DAG File Processing Stats

File Path                               PID    Runtime      # DAGs    # Errors  Last Runtime    Last Run
--------------------------------------  -----  ---------  --------  ----------  --------------  -------------------
/opt/airflow/dags/ingest_historique.py                           1           0  0.82s           2025-03-14T10:58:24
/opt/airflow/dags/pipeline.py                                    1           0  0.80s           2025-03-14T10:58:24
================================================================================
[2025-03-14T10:59:13.493+0000] {manager.py:893} INFO - 
================================================================================
DAG File Processing Stats

File Path                               PID    Runtime      # DAGs    # Errors  Last Runtime    Last Run
--------------------------------------  -----  ---------  --------  ----------  --------------  -------------------
/opt/airflow/dags/ingest_historique.py                           1           0  0.88s           2025-03-14T10:58:56
/opt/airflow/dags/pipeline.py                                    1           0  0.88s           2025-03-14T10:58:56
================================================================================
[2025-03-14T10:59:42.298+0000] {manager.py:893} INFO - 
================================================================================
DAG File Processing Stats

File Path                               PID    Runtime      # DAGs    # Errors  Last Runtime    Last Run
--------------------------------------  -----  ---------  --------  ----------  --------------  -------------------
/opt/airflow/dags/ingest_historique.py                           1           0  0.79s           2025-03-14T10:59:28
/opt/airflow/dags/pipeline.py                                    1           0  0.78s           2025-03-14T10:59:28
================================================================================
[2025-03-14T11:00:11.145+0000] {manager.py:893} INFO - 
================================================================================
DAG File Processing Stats

File Path                               PID    Runtime      # DAGs    # Errors  Last Runtime    Last Run
--------------------------------------  -----  ---------  --------  ----------  --------------  -------------------
/opt/airflow/dags/ingest_historique.py                           1           0  0.87s           2025-03-14T10:59:59
/opt/airflow/dags/pipeline.py                                    1           0  0.84s           2025-03-14T10:59:58
================================================================================
[2025-03-14T11:00:39.745+0000] {manager.py:893} INFO - 
================================================================================
DAG File Processing Stats

File Path                               PID    Runtime      # DAGs    # Errors  Last Runtime    Last Run
--------------------------------------  -----  ---------  --------  ----------  --------------  -------------------
/opt/airflow/dags/ingest_historique.py                           1           0  1.37s           2025-03-14T11:00:30
/opt/airflow/dags/pipeline.py                                    1           0  1.37s           2025-03-14T11:00:30
================================================================================
[2025-03-14T11:01:08.390+0000] {manager.py:893} INFO - 
================================================================================
DAG File Processing Stats

File Path                               PID    Runtime      # DAGs    # Errors  Last Runtime    Last Run
--------------------------------------  -----  ---------  --------  ----------  --------------  -------------------
/opt/airflow/dags/ingest_historique.py                           1           0  0.75s           2025-03-14T11:01:02
/opt/airflow/dags/pipeline.py                                    1           0  0.72s           2025-03-14T11:01:02
================================================================================
[2025-03-14T11:01:35.985+0000] {manager.py:893} INFO - 
================================================================================
DAG File Processing Stats

File Path                               PID    Runtime      # DAGs    # Errors  Last Runtime    Last Run
--------------------------------------  -----  ---------  --------  ----------  --------------  -------------------
/opt/airflow/dags/ingest_historique.py                           1           0  0.97s           2025-03-14T11:01:33
/opt/airflow/dags/pipeline.py                                    1           0  0.96s           2025-03-14T11:01:33
================================================================================
[2025-03-14T11:02:04.909+0000] {manager.py:893} INFO - 
================================================================================
DAG File Processing Stats

File Path                               PID    Runtime      # DAGs    # Errors  Last Runtime    Last Run
--------------------------------------  -----  ---------  --------  ----------  --------------  -------------------
/opt/airflow/dags/ingest_historique.py                           1           0  0.90s           2025-03-14T11:02:05
/opt/airflow/dags/pipeline.py                                    1           0  0.94s           2025-03-14T11:02:05
================================================================================
[2025-03-14T11:02:26.148+0000] {manager.py:759} INFO - Searching for files in /opt/airflow/dags
[2025-03-14T11:02:26.222+0000] {manager.py:762} INFO - There are 2 files in /opt/airflow/dags
[2025-03-14T11:02:33.912+0000] {manager.py:893} INFO - 
================================================================================
DAG File Processing Stats

File Path                               PID    Runtime      # DAGs    # Errors  Last Runtime    Last Run
--------------------------------------  -----  ---------  --------  ----------  --------------  -------------------
/opt/airflow/dags/ingest_historique.py                           1           0  0.90s           2025-03-14T11:02:05
/opt/airflow/dags/pipeline.py                                    1           0  0.94s           2025-03-14T11:02:05
================================================================================
[2025-03-14T11:03:02.818+0000] {manager.py:893} INFO - 
================================================================================
DAG File Processing Stats

File Path                               PID    Runtime      # DAGs    # Errors  Last Runtime    Last Run
--------------------------------------  -----  ---------  --------  ----------  --------------  -------------------
/opt/airflow/dags/ingest_historique.py                           1           0  0.95s           2025-03-14T11:02:36
/opt/airflow/dags/pipeline.py                                    1           0  0.94s           2025-03-14T11:02:36
================================================================================
[2025-03-14T11:03:31.982+0000] {manager.py:893} INFO - 
================================================================================
DAG File Processing Stats

File Path                               PID    Runtime      # DAGs    # Errors  Last Runtime    Last Run
--------------------------------------  -----  ---------  --------  ----------  --------------  -------------------
/opt/airflow/dags/ingest_historique.py                           1           0  1.06s           2025-03-14T11:03:08
/opt/airflow/dags/pipeline.py                                    1           0  1.04s           2025-03-14T11:03:08
================================================================================
[2025-03-14T11:04:00.738+0000] {manager.py:893} INFO - 
================================================================================
DAG File Processing Stats

File Path                               PID    Runtime      # DAGs    # Errors  Last Runtime    Last Run
--------------------------------------  -----  ---------  --------  ----------  --------------  -------------------
/opt/airflow/dags/ingest_historique.py                           1           0  0.81s           2025-03-14T11:03:38
/opt/airflow/dags/pipeline.py                                    1           0  0.78s           2025-03-14T11:03:38
================================================================================
[2025-03-14T11:04:29.699+0000] {manager.py:893} INFO - 
================================================================================
DAG File Processing Stats

File Path                               PID    Runtime      # DAGs    # Errors  Last Runtime    Last Run
--------------------------------------  -----  ---------  --------  ----------  --------------  -------------------
/opt/airflow/dags/ingest_historique.py                           1           0  1.01s           2025-03-14T11:04:10
/opt/airflow/dags/pipeline.py                                    1           0  0.99s           2025-03-14T11:04:10
================================================================================
[2025-03-14T11:04:58.663+0000] {manager.py:893} INFO - 
================================================================================
DAG File Processing Stats

File Path                               PID    Runtime      # DAGs    # Errors  Last Runtime    Last Run
--------------------------------------  -----  ---------  --------  ----------  --------------  -------------------
/opt/airflow/dags/ingest_historique.py                           1           0  0.98s           2025-03-14T11:04:41
/opt/airflow/dags/pipeline.py                                    1           0  0.95s           2025-03-14T11:04:41
================================================================================
[2025-03-14T11:05:27.438+0000] {manager.py:893} INFO - 
================================================================================
DAG File Processing Stats

File Path                               PID    Runtime      # DAGs    # Errors  Last Runtime    Last Run
--------------------------------------  -----  ---------  --------  ----------  --------------  -------------------
/opt/airflow/dags/ingest_historique.py                           1           0  0.83s           2025-03-14T11:05:13
/opt/airflow/dags/pipeline.py                                    1           0  0.83s           2025-03-14T11:05:13
================================================================================
[2025-03-14T11:05:56.147+0000] {manager.py:893} INFO - 
================================================================================
DAG File Processing Stats

File Path                               PID    Runtime      # DAGs    # Errors  Last Runtime    Last Run
--------------------------------------  -----  ---------  --------  ----------  --------------  -------------------
/opt/airflow/dags/ingest_historique.py                           1           0  0.81s           2025-03-14T11:05:45
/opt/airflow/dags/pipeline.py                                    1           0  0.78s           2025-03-14T11:05:45
================================================================================
[2025-03-14T11:06:24.732+0000] {manager.py:893} INFO - 
================================================================================
DAG File Processing Stats

File Path                               PID    Runtime      # DAGs    # Errors  Last Runtime    Last Run
--------------------------------------  -----  ---------  --------  ----------  --------------  -------------------
/opt/airflow/dags/ingest_historique.py                           1           0  1.36s           2025-03-14T11:06:17
/opt/airflow/dags/pipeline.py                                    1           0  1.28s           2025-03-14T11:06:17
================================================================================
[2025-03-14T11:06:53.357+0000] {manager.py:893} INFO - 
================================================================================
DAG File Processing Stats

File Path                               PID    Runtime      # DAGs    # Errors  Last Runtime    Last Run
--------------------------------------  -----  ---------  --------  ----------  --------------  -------------------
/opt/airflow/dags/ingest_historique.py                           1           0  0.77s           2025-03-14T11:06:48
/opt/airflow/dags/pipeline.py                                    1           0  0.76s           2025-03-14T11:06:48
================================================================================
[2025-03-14T11:07:22.235+0000] {manager.py:893} INFO - 
================================================================================
DAG File Processing Stats

File Path                               PID    Runtime      # DAGs    # Errors  Last Runtime    Last Run
--------------------------------------  -----  ---------  --------  ----------  --------------  -------------------
/opt/airflow/dags/ingest_historique.py                           1           0  0.76s           2025-03-14T11:07:19
/opt/airflow/dags/pipeline.py                                    1           0  0.74s           2025-03-14T11:07:19
================================================================================
[2025-03-14T11:07:26.291+0000] {manager.py:759} INFO - Searching for files in /opt/airflow/dags
[2025-03-14T11:07:26.352+0000] {manager.py:762} INFO - There are 2 files in /opt/airflow/dags
[2025-03-14T11:07:51.100+0000] {manager.py:893} INFO - 
================================================================================
DAG File Processing Stats

File Path                                 PID  Runtime      # DAGs    # Errors  Last Runtime    Last Run
--------------------------------------  -----  ---------  --------  ----------  --------------  -------------------
/opt/airflow/dags/ingest_historique.py   1610  0.86s             1           0  0.76s           2025-03-14T11:07:19
/opt/airflow/dags/pipeline.py                                    1           0  0.82s           2025-03-14T11:07:51
================================================================================
[2025-03-14T11:08:20.007+0000] {manager.py:893} INFO - 
================================================================================
DAG File Processing Stats

File Path                               PID    Runtime      # DAGs    # Errors  Last Runtime    Last Run
--------------------------------------  -----  ---------  --------  ----------  --------------  -------------------
/opt/airflow/dags/ingest_historique.py                           1           0  0.87s           2025-03-14T11:07:51
/opt/airflow/dags/pipeline.py                                    1           0  0.82s           2025-03-14T11:07:51
================================================================================
[2025-03-14T11:08:49.033+0000] {manager.py:893} INFO - 
================================================================================
DAG File Processing Stats

File Path                               PID    Runtime      # DAGs    # Errors  Last Runtime    Last Run
--------------------------------------  -----  ---------  --------  ----------  --------------  -------------------
/opt/airflow/dags/ingest_historique.py                           1           0  1.07s           2025-03-14T11:08:23
/opt/airflow/dags/pipeline.py                                    1           0  1.07s           2025-03-14T11:08:23
================================================================================
[2025-03-14T11:09:17.678+0000] {manager.py:893} INFO - 
================================================================================
DAG File Processing Stats

File Path                               PID    Runtime      # DAGs    # Errors  Last Runtime    Last Run
--------------------------------------  -----  ---------  --------  ----------  --------------  -------------------
/opt/airflow/dags/ingest_historique.py                           1           0  0.77s           2025-03-14T11:08:54
/opt/airflow/dags/pipeline.py                                    1           0  0.76s           2025-03-14T11:08:54
================================================================================
[2025-03-14T11:09:46.666+0000] {manager.py:893} INFO - 
================================================================================
DAG File Processing Stats

File Path                               PID    Runtime      # DAGs    # Errors  Last Runtime    Last Run
--------------------------------------  -----  ---------  --------  ----------  --------------  -------------------
/opt/airflow/dags/ingest_historique.py                           1           0  1.09s           2025-03-14T11:09:26
/opt/airflow/dags/pipeline.py                                    1           0  1.05s           2025-03-14T11:09:26
================================================================================
[2025-03-14T11:10:15.291+0000] {manager.py:893} INFO - 
================================================================================
DAG File Processing Stats

File Path                               PID    Runtime      # DAGs    # Errors  Last Runtime    Last Run
--------------------------------------  -----  ---------  --------  ----------  --------------  -------------------
/opt/airflow/dags/ingest_historique.py                           1           0  0.77s           2025-03-14T11:09:58
/opt/airflow/dags/pipeline.py                                    1           0  0.75s           2025-03-14T11:09:58
================================================================================
[2025-03-14T11:10:43.858+0000] {manager.py:893} INFO - 
================================================================================
DAG File Processing Stats

File Path                               PID    Runtime      # DAGs    # Errors  Last Runtime    Last Run
--------------------------------------  -----  ---------  --------  ----------  --------------  -------------------
/opt/airflow/dags/ingest_historique.py                           1           0  1.14s           2025-03-14T11:10:29
/opt/airflow/dags/pipeline.py                                    1           0  1.15s           2025-03-14T11:10:29
================================================================================
[2025-03-14T11:11:12.545+0000] {manager.py:893} INFO - 
================================================================================
DAG File Processing Stats

File Path                               PID    Runtime      # DAGs    # Errors  Last Runtime    Last Run
--------------------------------------  -----  ---------  --------  ----------  --------------  -------------------
/opt/airflow/dags/ingest_historique.py                           1           0  0.82s           2025-03-14T11:11:00
/opt/airflow/dags/pipeline.py                                    1           0  0.81s           2025-03-14T11:11:00
================================================================================
[2025-03-14T11:11:41.255+0000] {manager.py:893} INFO - 
================================================================================
DAG File Processing Stats

File Path                               PID    Runtime      # DAGs    # Errors  Last Runtime    Last Run
--------------------------------------  -----  ---------  --------  ----------  --------------  -------------------
/opt/airflow/dags/pipeline.py                                    0           1  1.20s           2025-03-14T11:11:24
/opt/airflow/dags/ingest_historique.py                           1           0  1.63s           2025-03-14T11:11:32
================================================================================
[2025-03-14T11:12:10.644+0000] {manager.py:893} INFO - 
================================================================================
DAG File Processing Stats

File Path                               PID    Runtime      # DAGs    # Errors  Last Runtime    Last Run
--------------------------------------  -----  ---------  --------  ----------  --------------  -------------------
/opt/airflow/dags/pipeline.py                                    0           1  0.87s           2025-03-14T11:12:08
/opt/airflow/dags/ingest_historique.py                           1           0  1.18s           2025-03-14T11:12:04
================================================================================
[2025-03-14T11:12:26.926+0000] {manager.py:759} INFO - Searching for files in /opt/airflow/dags
[2025-03-14T11:12:26.961+0000] {manager.py:762} INFO - There are 2 files in /opt/airflow/dags
[2025-03-14T11:12:39.404+0000] {manager.py:893} INFO - 
================================================================================
DAG File Processing Stats

File Path                               PID    Runtime      # DAGs    # Errors  Last Runtime    Last Run
--------------------------------------  -----  ---------  --------  ----------  --------------  -------------------
/opt/airflow/dags/pipeline.py                                    0           1  0.68s           2025-03-14T11:12:39
/opt/airflow/dags/ingest_historique.py                           1           0  0.82s           2025-03-14T11:12:35
================================================================================
[2025-03-14T11:13:08.646+0000] {manager.py:893} INFO - 
================================================================================
DAG File Processing Stats

File Path                               PID    Runtime      # DAGs    # Errors  Last Runtime    Last Run
--------------------------------------  -----  ---------  --------  ----------  --------------  -------------------
/opt/airflow/dags/pipeline.py                                    0           1  0.68s           2025-03-14T11:12:39
/opt/airflow/dags/ingest_historique.py                           1           0  1.23s           2025-03-14T11:13:06
================================================================================
[2025-03-14T11:13:37.284+0000] {manager.py:893} INFO - 
================================================================================
DAG File Processing Stats

File Path                                 PID  Runtime      # DAGs    # Errors  Last Runtime    Last Run
--------------------------------------  -----  ---------  --------  ----------  --------------  -------------------
/opt/airflow/dags/pipeline.py                                    0           1  0.78s           2025-03-14T11:13:10
/opt/airflow/dags/ingest_historique.py   1748  0.01s             1           0  1.23s           2025-03-14T11:13:06
================================================================================
[2025-03-14T11:13:46.160+0000] {manager.py:469} INFO - Exiting gracefully upon receiving signal 15
[2025-03-14T11:14:43.393+0000] {manager.py:487} INFO - Processing files using up to 2 processes at a time 
[2025-03-14T11:14:43.396+0000] {manager.py:488} INFO - Process each file at most once every 30 seconds
[2025-03-14T11:14:43.397+0000] {manager.py:489} INFO - Checking for new files in /opt/airflow/dags every 300 seconds
[2025-03-14T11:14:43.398+0000] {manager.py:759} INFO - Searching for files in /opt/airflow/dags
[2025-03-14T11:14:43.436+0000] {manager.py:762} INFO - There are 2 files in /opt/airflow/dags
[2025-03-14T11:14:43.791+0000] {manager.py:893} INFO - 
================================================================================
DAG File Processing Stats

File Path                                 PID  Runtime      # DAGs    # Errors  Last Runtime    Last Run
--------------------------------------  -----  ---------  --------  ----------  --------------  ----------
/opt/airflow/dags/ingest_historique.py    170  0.17s             0           0
/opt/airflow/dags/pipeline.py             166  0.21s             0           0
================================================================================
[2025-03-14T11:15:13.192+0000] {manager.py:893} INFO - 
================================================================================
DAG File Processing Stats

File Path                               PID    Runtime      # DAGs    # Errors  Last Runtime    Last Run
--------------------------------------  -----  ---------  --------  ----------  --------------  -------------------
/opt/airflow/dags/ingest_historique.py                           1           0  4.66s           2025-03-14T11:14:48
/opt/airflow/dags/pipeline.py                                    1           0  4.73s           2025-03-14T11:14:48
================================================================================
[2025-03-14T11:15:42.553+0000] {manager.py:893} INFO - 
================================================================================
DAG File Processing Stats

File Path                               PID    Runtime      # DAGs    # Errors  Last Runtime    Last Run
--------------------------------------  -----  ---------  --------  ----------  --------------  -------------------
/opt/airflow/dags/ingest_historique.py                           1           0  2.36s           2025-03-14T11:15:20
/opt/airflow/dags/pipeline.py                                    1           0  2.36s           2025-03-14T11:15:20
================================================================================
[2025-03-14T11:16:11.363+0000] {manager.py:893} INFO - 
================================================================================
DAG File Processing Stats

File Path                               PID    Runtime      # DAGs    # Errors  Last Runtime    Last Run
--------------------------------------  -----  ---------  --------  ----------  --------------  -------------------
/opt/airflow/dags/ingest_historique.py                           1           0  1.78s           2025-03-14T11:15:52
/opt/airflow/dags/pipeline.py                                    1           0  1.75s           2025-03-14T11:15:52
================================================================================
[2025-03-14T11:16:40.767+0000] {manager.py:893} INFO - 
================================================================================
DAG File Processing Stats

File Path                               PID    Runtime      # DAGs    # Errors  Last Runtime    Last Run
--------------------------------------  -----  ---------  --------  ----------  --------------  -------------------
/opt/airflow/dags/ingest_historique.py                           1           0  1.46s           2025-03-14T11:16:24
/opt/airflow/dags/pipeline.py                                    1           0  1.51s           2025-03-14T11:16:24
================================================================================
[2025-03-14T11:17:09.920+0000] {manager.py:893} INFO - 
================================================================================
DAG File Processing Stats

File Path                               PID    Runtime      # DAGs    # Errors  Last Runtime    Last Run
--------------------------------------  -----  ---------  --------  ----------  --------------  -------------------
/opt/airflow/dags/ingest_historique.py                           1           0  0.89s           2025-03-14T11:16:55
/opt/airflow/dags/pipeline.py                                    1           0  0.91s           2025-03-14T11:16:55
================================================================================
[2025-03-14T11:17:39.264+0000] {manager.py:893} INFO - 
================================================================================
DAG File Processing Stats

File Path                               PID    Runtime      # DAGs    # Errors  Last Runtime    Last Run
--------------------------------------  -----  ---------  --------  ----------  --------------  -------------------
/opt/airflow/dags/ingest_historique.py                           1           0  1.38s           2025-03-14T11:17:27
/opt/airflow/dags/pipeline.py                                    1           0  1.43s           2025-03-14T11:17:27
================================================================================
[2025-03-14T11:18:07.928+0000] {manager.py:893} INFO - 
================================================================================
DAG File Processing Stats

File Path                               PID    Runtime      # DAGs    # Errors  Last Runtime    Last Run
--------------------------------------  -----  ---------  --------  ----------  --------------  -------------------
/opt/airflow/dags/ingest_historique.py                           1           0  1.55s           2025-03-14T11:17:58
/opt/airflow/dags/pipeline.py                                    1           0  0.94s           2025-03-14T11:17:59
================================================================================
[2025-03-14T11:18:36.958+0000] {manager.py:893} INFO - 
================================================================================
DAG File Processing Stats

File Path                               PID    Runtime      # DAGs    # Errors  Last Runtime    Last Run
--------------------------------------  -----  ---------  --------  ----------  --------------  -------------------
/opt/airflow/dags/ingest_historique.py                           1           0  0.77s           2025-03-14T11:18:29
/opt/airflow/dags/pipeline.py                                    1           0  0.75s           2025-03-14T11:18:30
================================================================================
[2025-03-14T11:19:06.273+0000] {manager.py:893} INFO - 
================================================================================
DAG File Processing Stats

File Path                               PID    Runtime      # DAGs    # Errors  Last Runtime    Last Run
--------------------------------------  -----  ---------  --------  ----------  --------------  -------------------
/opt/airflow/dags/ingest_historique.py                           1           0  0.78s           2025-03-14T11:19:00
/opt/airflow/dags/pipeline.py                                    1           0  0.77s           2025-03-14T11:19:01
================================================================================
[2025-03-14T11:19:34.939+0000] {manager.py:893} INFO - 
================================================================================
DAG File Processing Stats

File Path                                 PID  Runtime      # DAGs    # Errors  Last Runtime    Last Run
--------------------------------------  -----  ---------  --------  ----------  --------------  -------------------
/opt/airflow/dags/ingest_historique.py    301  4.19s             1           0  0.78s           2025-03-14T11:19:00
/opt/airflow/dags/pipeline.py             304  3.36s             1           0  0.77s           2025-03-14T11:19:01
================================================================================
[2025-03-14T11:19:44.143+0000] {manager.py:759} INFO - Searching for files in /opt/airflow/dags
[2025-03-14T11:19:44.256+0000] {manager.py:762} INFO - There are 2 files in /opt/airflow/dags
[2025-03-14T11:20:03.926+0000] {manager.py:893} INFO - 
================================================================================
DAG File Processing Stats

File Path                               PID    Runtime      # DAGs    # Errors  Last Runtime    Last Run
--------------------------------------  -----  ---------  --------  ----------  --------------  -------------------
/opt/airflow/dags/ingest_historique.py                           1           0  8.72s           2025-03-14T11:19:39
/opt/airflow/dags/pipeline.py                                    1           0  8.77s           2025-03-14T11:19:40
================================================================================
[2025-03-14T11:20:40.642+0000] {manager.py:893} INFO - 
================================================================================
DAG File Processing Stats

File Path                                 PID  Runtime      # DAGs    # Errors  Last Runtime    Last Run
--------------------------------------  -----  ---------  --------  ----------  --------------  -------------------
/opt/airflow/dags/ingest_historique.py    514  29.80s            1           0  8.72s           2025-03-14T11:19:39
/opt/airflow/dags/pipeline.py             517  30.12s            1           0  8.77s           2025-03-14T11:19:40
================================================================================
[2025-03-14T11:23:53.355+0000] {manager.py:1217} ERROR - Processor for /opt/airflow/dags/ingest_historique.py with PID 514 started at 2025-03-14T11:20:10.801580+00:00 has timed out, killing it.
[2025-03-14T11:23:53.649+0000] {manager.py:1217} ERROR - Processor for /opt/airflow/dags/pipeline.py with PID 517 started at 2025-03-14T11:20:10.483482+00:00 has timed out, killing it.
[2025-03-14T11:23:53.754+0000] {manager.py:893} INFO - 
================================================================================
DAG File Processing Stats

File Path                               PID    Runtime      # DAGs    # Errors  Last Runtime    Last Run
--------------------------------------  -----  ---------  --------  ----------  --------------  -------------------
/opt/airflow/dags/ingest_historique.py                           0           1  222.55s         2025-03-14T11:23:53
/opt/airflow/dags/pipeline.py                                    0           1  222.87s         2025-03-14T11:23:53
================================================================================
[2025-03-14T11:24:18.024+0000] {manager.py:893} INFO - 
================================================================================
DAG File Processing Stats

File Path                               PID    Runtime      # DAGs    # Errors  Last Runtime    Last Run
--------------------------------------  -----  ---------  --------  ----------  --------------  -------------------
/opt/airflow/dags/ingest_historique.py                           0           1  222.55s         2025-03-14T11:23:53
/opt/airflow/dags/pipeline.py                                    0           1  222.87s         2025-03-14T11:23:53
================================================================================
[2025-03-14T11:24:44.489+0000] {manager.py:759} INFO - Searching for files in /opt/airflow/dags
[2025-03-14T11:24:44.560+0000] {manager.py:762} INFO - There are 2 files in /opt/airflow/dags
[2025-03-14T11:24:48.638+0000] {manager.py:893} INFO - 
================================================================================
DAG File Processing Stats

File Path                               PID    Runtime      # DAGs    # Errors  Last Runtime    Last Run
--------------------------------------  -----  ---------  --------  ----------  --------------  -------------------
/opt/airflow/dags/ingest_historique.py                           1           0  7.02s           2025-03-14T11:24:30
/opt/airflow/dags/pipeline.py                                    1           0  7.20s           2025-03-14T11:24:30
================================================================================
[2025-03-14T11:25:17.510+0000] {manager.py:893} INFO - 
================================================================================
DAG File Processing Stats

File Path                               PID    Runtime      # DAGs    # Errors  Last Runtime    Last Run
--------------------------------------  -----  ---------  --------  ----------  --------------  -------------------
/opt/airflow/dags/ingest_historique.py                           1           0  3.64s           2025-03-14T11:25:04
/opt/airflow/dags/pipeline.py                                    1           0  3.73s           2025-03-14T11:25:04
================================================================================
[2025-03-14T11:25:47.132+0000] {manager.py:893} INFO - 
================================================================================
DAG File Processing Stats

File Path                               PID    Runtime      # DAGs    # Errors  Last Runtime    Last Run
--------------------------------------  -----  ---------  --------  ----------  --------------  -------------------
/opt/airflow/dags/ingest_historique.py                           1           0  10.26s          2025-03-14T11:25:44
/opt/airflow/dags/pipeline.py                                    1           0  10.18s          2025-03-14T11:25:44
================================================================================
[2025-03-14T11:26:05.787+0000] {manager.py:469} INFO - Exiting gracefully upon receiving signal 15
[2025-03-14T11:26:57.702+0000] {manager.py:487} INFO - Processing files using up to 2 processes at a time 
[2025-03-14T11:26:57.703+0000] {manager.py:488} INFO - Process each file at most once every 30 seconds
[2025-03-14T11:26:57.704+0000] {manager.py:489} INFO - Checking for new files in /opt/airflow/dags every 300 seconds
[2025-03-14T11:26:57.705+0000] {manager.py:759} INFO - Searching for files in /opt/airflow/dags
[2025-03-14T11:26:57.745+0000] {manager.py:762} INFO - There are 2 files in /opt/airflow/dags
[2025-03-14T11:26:58.018+0000] {manager.py:893} INFO - 
================================================================================
DAG File Processing Stats

File Path                                 PID  Runtime      # DAGs    # Errors  Last Runtime    Last Run
--------------------------------------  -----  ---------  --------  ----------  --------------  ----------
/opt/airflow/dags/ingest_historique.py    169  0.08s             0           0
/opt/airflow/dags/pipeline.py             166  0.13s             0           0
================================================================================
[2025-03-14T11:27:26.555+0000] {manager.py:893} INFO - 
================================================================================
DAG File Processing Stats

File Path                               PID    Runtime      # DAGs    # Errors  Last Runtime    Last Run
--------------------------------------  -----  ---------  --------  ----------  --------------  -------------------
/opt/airflow/dags/ingest_historique.py                           1           0  3.40s           2025-03-14T11:27:01
/opt/airflow/dags/pipeline.py                                    1           0  3.44s           2025-03-14T11:27:01
================================================================================
[2025-03-14T11:27:55.758+0000] {manager.py:893} INFO - 
================================================================================
DAG File Processing Stats

File Path                               PID    Runtime      # DAGs    # Errors  Last Runtime    Last Run
--------------------------------------  -----  ---------  --------  ----------  --------------  -------------------
/opt/airflow/dags/ingest_historique.py                           1           0  8.48s           2025-03-14T11:27:41
/opt/airflow/dags/pipeline.py                                    1           0  9.47s           2025-03-14T11:27:42
================================================================================
[2025-03-14T11:28:24.544+0000] {manager.py:893} INFO - 
================================================================================
DAG File Processing Stats

File Path                                 PID  Runtime      # DAGs    # Errors  Last Runtime    Last Run
--------------------------------------  -----  ---------  --------  ----------  --------------  -------------------
/opt/airflow/dags/ingest_historique.py    491  12.86s            1           0  8.48s           2025-03-14T11:27:41
/opt/airflow/dags/pipeline.py             499  11.74s            1           0  9.47s           2025-03-14T11:27:42
================================================================================
[2025-03-14T11:28:53.327+0000] {manager.py:893} INFO - 
================================================================================
DAG File Processing Stats

File Path                               PID    Runtime      # DAGs    # Errors  Last Runtime    Last Run
--------------------------------------  -----  ---------  --------  ----------  --------------  -------------------
/opt/airflow/dags/ingest_historique.py                           1           0  20.27s          2025-03-14T11:28:31
/opt/airflow/dags/pipeline.py                                    1           0  19.18s          2025-03-14T11:28:31
================================================================================
[2025-03-14T11:29:22.830+0000] {manager.py:893} INFO - 
================================================================================
DAG File Processing Stats

File Path                                 PID  Runtime      # DAGs    # Errors  Last Runtime    Last Run
--------------------------------------  -----  ---------  --------  ----------  --------------  -------------------
/opt/airflow/dags/ingest_historique.py    843  19.59s            1           0  20.27s          2025-03-14T11:28:31
/opt/airflow/dags/pipeline.py             842  19.68s            1           0  19.18s          2025-03-14T11:28:31
================================================================================
[2025-03-14T11:29:51.455+0000] {manager.py:893} INFO - 
================================================================================
DAG File Processing Stats

File Path                               PID    Runtime      # DAGs    # Errors  Last Runtime    Last Run
--------------------------------------  -----  ---------  --------  ----------  --------------  -------------------
/opt/airflow/dags/ingest_historique.py                           1           0  20.05s          2025-03-14T11:29:23
/opt/airflow/dags/pipeline.py                                    1           0  20.03s          2025-03-14T11:29:23
================================================================================
[2025-03-14T11:30:20.444+0000] {manager.py:893} INFO - 
================================================================================
DAG File Processing Stats

File Path                               PID    Runtime      # DAGs    # Errors  Last Runtime    Last Run
--------------------------------------  -----  ---------  --------  ----------  --------------  -------------------
/opt/airflow/dags/ingest_historique.py                           1           0  3.64s           2025-03-14T11:29:57
/opt/airflow/dags/pipeline.py                                    1           0  3.53s           2025-03-14T11:29:56
================================================================================
[2025-03-14T11:35:35.317+0000] {manager.py:487} INFO - Processing files using up to 2 processes at a time 
[2025-03-14T11:35:35.318+0000] {manager.py:488} INFO - Process each file at most once every 30 seconds
[2025-03-14T11:35:35.319+0000] {manager.py:489} INFO - Checking for new files in /opt/airflow/dags every 300 seconds
[2025-03-14T11:35:35.320+0000] {manager.py:759} INFO - Searching for files in /opt/airflow/dags
[2025-03-14T11:35:35.381+0000] {manager.py:762} INFO - There are 2 files in /opt/airflow/dags
[2025-03-14T11:35:35.652+0000] {manager.py:893} INFO - 
================================================================================
DAG File Processing Stats

File Path                                 PID  Runtime      # DAGs    # Errors  Last Runtime    Last Run
--------------------------------------  -----  ---------  --------  ----------  --------------  ----------
/opt/airflow/dags/ingest_historique.py    169  0.10s             0           0
/opt/airflow/dags/pipeline.py             167  0.12s             0           0
================================================================================
[2025-03-14T11:36:04.291+0000] {manager.py:893} INFO - 
================================================================================
DAG File Processing Stats

File Path                               PID    Runtime      # DAGs    # Errors  Last Runtime    Last Run
--------------------------------------  -----  ---------  --------  ----------  --------------  -------------------
/opt/airflow/dags/ingest_historique.py                           1           0  3.52s           2025-03-14T11:35:39
/opt/airflow/dags/pipeline.py                                    1           0  3.53s           2025-03-14T11:35:39
================================================================================
[2025-03-14T11:36:40.905+0000] {manager.py:893} INFO - 
================================================================================
DAG File Processing Stats

File Path                                 PID  Runtime      # DAGs    # Errors  Last Runtime    Last Run
--------------------------------------  -----  ---------  --------  ----------  --------------  -------------------
/opt/airflow/dags/ingest_historique.py    362  27.39s            1           0  3.52s           2025-03-14T11:35:39
/opt/airflow/dags/pipeline.py             361  27.46s            1           0  3.53s           2025-03-14T11:35:39
================================================================================
[2025-03-14T11:38:59.821+0000] {manager.py:1217} ERROR - Processor for /opt/airflow/dags/pipeline.py with PID 361 started at 2025-03-14T11:36:10.015980+00:00 has timed out, killing it.
[2025-03-14T11:38:59.970+0000] {manager.py:1217} ERROR - Processor for /opt/airflow/dags/ingest_historique.py with PID 362 started at 2025-03-14T11:36:10.091674+00:00 has timed out, killing it.
[2025-03-14T11:39:00.135+0000] {manager.py:893} INFO - 
================================================================================
DAG File Processing Stats

File Path                               PID    Runtime      # DAGs    # Errors  Last Runtime    Last Run
--------------------------------------  -----  ---------  --------  ----------  --------------  -------------------
/opt/airflow/dags/ingest_historique.py                           0           1  169.73s         2025-03-14T11:38:59
/opt/airflow/dags/pipeline.py                                    0           1  169.80s         2025-03-14T11:38:59
================================================================================
[2025-03-14T11:39:25.643+0000] {manager.py:893} INFO - 
================================================================================
DAG File Processing Stats

File Path                               PID    Runtime      # DAGs    # Errors  Last Runtime    Last Run
--------------------------------------  -----  ---------  --------  ----------  --------------  -------------------
/opt/airflow/dags/ingest_historique.py                           0           1  169.73s         2025-03-14T11:38:59
/opt/airflow/dags/pipeline.py                                    0           1  169.80s         2025-03-14T11:38:59
================================================================================
[2025-03-14T11:39:35.491+0000] {manager.py:469} INFO - Exiting gracefully upon receiving signal 15
[2025-03-14T11:39:39.800+0000] {manager.py:469} INFO - Exiting gracefully upon receiving signal 15
[2025-03-14T11:39:39.805+0000] {manager.py:469} INFO - Exiting gracefully upon receiving signal 15
[2025-03-14T11:39:42.245+0000] {manager.py:469} INFO - Exiting gracefully upon receiving signal 15
[2025-03-14T11:39:43.274+0000] {manager.py:469} INFO - Exiting gracefully upon receiving signal 15
[2025-03-14T11:39:44.236+0000] {manager.py:469} INFO - Exiting gracefully upon receiving signal 15
[2025-03-14T11:40:23.892+0000] {manager.py:487} INFO - Processing files using up to 2 processes at a time 
[2025-03-14T11:40:23.893+0000] {manager.py:488} INFO - Process each file at most once every 30 seconds
[2025-03-14T11:40:23.894+0000] {manager.py:489} INFO - Checking for new files in /opt/airflow/dags every 300 seconds
[2025-03-14T11:40:23.894+0000] {manager.py:759} INFO - Searching for files in /opt/airflow/dags
[2025-03-14T11:40:23.932+0000] {manager.py:762} INFO - There are 2 files in /opt/airflow/dags
[2025-03-14T11:40:24.077+0000] {manager.py:893} INFO - 
================================================================================
DAG File Processing Stats

File Path                                 PID  Runtime      # DAGs    # Errors  Last Runtime    Last Run
--------------------------------------  -----  ---------  --------  ----------  --------------  ----------
/opt/airflow/dags/ingest_historique.py    170  0.06s             0           0
/opt/airflow/dags/pipeline.py             167  0.08s             0           0
================================================================================
[2025-03-14T11:40:53.755+0000] {manager.py:893} INFO - 
================================================================================
DAG File Processing Stats

File Path                                 PID  Runtime      # DAGs    # Errors  Last Runtime    Last Run
--------------------------------------  -----  ---------  --------  ----------  --------------  -------------------
/opt/airflow/dags/ingest_historique.py                           1           0  4.39s           2025-03-14T11:40:28
/opt/airflow/dags/pipeline.py             365  10.59s            1           0  4.30s           2025-03-14T11:40:28
================================================================================
[2025-03-14T11:41:23.063+0000] {manager.py:893} INFO - 
================================================================================
DAG File Processing Stats

File Path                                 PID  Runtime      # DAGs    # Errors  Last Runtime    Last Run
--------------------------------------  -----  ---------  --------  ----------  --------------  -------------------
/opt/airflow/dags/ingest_historique.py    368  24.35s            1           0  4.39s           2025-03-14T11:40:28
/opt/airflow/dags/pipeline.py             365  40.56s            1           0  4.30s           2025-03-14T11:40:28
================================================================================
[2025-03-14T11:41:51.318+0000] {manager.py:893} INFO - 
================================================================================
DAG File Processing Stats

File Path                               PID    Runtime      # DAGs    # Errors  Last Runtime    Last Run
--------------------------------------  -----  ---------  --------  ----------  --------------  -------------------
/opt/airflow/dags/ingest_historique.py                           1           0  30.30s          2025-03-14T11:41:29
/opt/airflow/dags/pipeline.py                                    1           0  4.98s           2025-03-14T11:41:40
================================================================================
[2025-03-14T11:42:20.015+0000] {manager.py:893} INFO - 
================================================================================
DAG File Processing Stats

File Path                               PID    Runtime      # DAGs    # Errors  Last Runtime    Last Run
--------------------------------------  -----  ---------  --------  ----------  --------------  -------------------
/opt/airflow/dags/ingest_historique.py                           1           0  1.74s           2025-03-14T11:42:00
/opt/airflow/dags/pipeline.py                                    1           0  1.14s           2025-03-14T11:42:12
================================================================================
[2025-03-14T11:42:48.564+0000] {manager.py:893} INFO - 
================================================================================
DAG File Processing Stats

File Path                               PID    Runtime      # DAGs    # Errors  Last Runtime    Last Run
--------------------------------------  -----  ---------  --------  ----------  --------------  -------------------
/opt/airflow/dags/ingest_historique.py                           1           0  0.86s           2025-03-14T11:42:32
/opt/airflow/dags/pipeline.py                                    1           0  0.60s           2025-03-14T11:42:43
================================================================================
[2025-03-14T11:43:17.122+0000] {manager.py:893} INFO - 
================================================================================
DAG File Processing Stats

File Path                               PID    Runtime      # DAGs    # Errors  Last Runtime    Last Run
--------------------------------------  -----  ---------  --------  ----------  --------------  -------------------
/opt/airflow/dags/ingest_historique.py                           1           0  0.72s           2025-03-14T11:43:03
/opt/airflow/dags/pipeline.py                                    1           0  0.87s           2025-03-14T11:43:14
================================================================================
[2025-03-14T11:43:45.915+0000] {manager.py:893} INFO - 
================================================================================
DAG File Processing Stats

File Path                               PID    Runtime      # DAGs    # Errors  Last Runtime    Last Run
--------------------------------------  -----  ---------  --------  ----------  --------------  -------------------
/opt/airflow/dags/ingest_historique.py                           1           0  0.64s           2025-03-14T11:43:34
/opt/airflow/dags/pipeline.py                                    1           0  0.60s           2025-03-14T11:43:44
================================================================================
[2025-03-14T11:44:14.347+0000] {manager.py:893} INFO - 
================================================================================
DAG File Processing Stats

File Path                               PID    Runtime      # DAGs    # Errors  Last Runtime    Last Run
--------------------------------------  -----  ---------  --------  ----------  --------------  -------------------
/opt/airflow/dags/ingest_historique.py                           1           0  0.63s           2025-03-14T11:44:05
/opt/airflow/dags/pipeline.py                                    1           0  0.60s           2025-03-14T11:43:44
================================================================================
[2025-03-14T11:44:43.169+0000] {manager.py:893} INFO - 
================================================================================
DAG File Processing Stats

File Path                               PID    Runtime      # DAGs    # Errors  Last Runtime    Last Run
--------------------------------------  -----  ---------  --------  ----------  --------------  -------------------
/opt/airflow/dags/ingest_historique.py                           1           0  0.65s           2025-03-14T11:44:37
/opt/airflow/dags/pipeline.py                                    1           0  0.62s           2025-03-14T11:44:15
================================================================================
[2025-03-14T11:45:11.230+0000] {manager.py:893} INFO - 
================================================================================
DAG File Processing Stats

File Path                               PID    Runtime      # DAGs    # Errors  Last Runtime    Last Run
--------------------------------------  -----  ---------  --------  ----------  --------------  -------------------
/opt/airflow/dags/ingest_historique.py                           1           0  1.61s           2025-03-14T11:45:08
/opt/airflow/dags/pipeline.py                                    1           0  0.65s           2025-03-14T11:44:46
================================================================================
[2025-03-14T11:45:24.488+0000] {manager.py:759} INFO - Searching for files in /opt/airflow/dags
[2025-03-14T11:45:24.524+0000] {manager.py:762} INFO - There are 2 files in /opt/airflow/dags
[2025-03-14T11:45:39.694+0000] {manager.py:893} INFO - 
================================================================================
DAG File Processing Stats

File Path                                 PID  Runtime      # DAGs    # Errors  Last Runtime    Last Run
--------------------------------------  -----  ---------  --------  ----------  --------------  -------------------
/opt/airflow/dags/ingest_historique.py    624  0.78s             1           0  1.61s           2025-03-14T11:45:08
/opt/airflow/dags/pipeline.py                                    1           0  1.64s           2025-03-14T11:45:18
================================================================================
[2025-03-14T11:45:56.010+0000] {manager.py:469} INFO - Exiting gracefully upon receiving signal 15
[2025-03-14T11:46:40.315+0000] {manager.py:487} INFO - Processing files using up to 2 processes at a time 
[2025-03-14T11:46:40.316+0000] {manager.py:488} INFO - Process each file at most once every 30 seconds
[2025-03-14T11:46:40.316+0000] {manager.py:489} INFO - Checking for new files in /opt/airflow/dags every 300 seconds
[2025-03-14T11:46:40.317+0000] {manager.py:759} INFO - Searching for files in /opt/airflow/dags
[2025-03-14T11:46:40.357+0000] {manager.py:762} INFO - There are 2 files in /opt/airflow/dags
[2025-03-14T11:46:40.515+0000] {manager.py:893} INFO - 
================================================================================
DAG File Processing Stats

File Path                                 PID  Runtime      # DAGs    # Errors  Last Runtime    Last Run
--------------------------------------  -----  ---------  --------  ----------  --------------  ----------
/opt/airflow/dags/ingest_historique.py    170  0.06s             0           0
/opt/airflow/dags/pipeline.py             167  0.08s             0           0
================================================================================
[2025-03-14T11:47:08.608+0000] {manager.py:893} INFO - 
================================================================================
DAG File Processing Stats

File Path                               PID    Runtime      # DAGs    # Errors  Last Runtime    Last Run
--------------------------------------  -----  ---------  --------  ----------  --------------  -------------------
/opt/airflow/dags/ingest_historique.py                           1           0  3.08s           2025-03-14T11:46:43
/opt/airflow/dags/pipeline.py                                    1           0  1.78s           2025-03-14T11:46:47
================================================================================
[2025-03-14T11:47:36.779+0000] {manager.py:893} INFO - 
================================================================================
DAG File Processing Stats

File Path                                 PID  Runtime      # DAGs    # Errors  Last Runtime    Last Run
--------------------------------------  -----  ---------  --------  ----------  --------------  -------------------
/opt/airflow/dags/pipeline.py             203  0.78s             0           1  1.25s           2025-03-14T11:47:35
/opt/airflow/dags/ingest_historique.py                           1           0  1.75s           2025-03-14T11:47:15
================================================================================
[2025-03-14T11:48:05.268+0000] {manager.py:893} INFO - 
================================================================================
DAG File Processing Stats

File Path                               PID    Runtime      # DAGs    # Errors  Last Runtime    Last Run
--------------------------------------  -----  ---------  --------  ----------  --------------  -------------------
/opt/airflow/dags/ingest_historique.py                           1           0  0.83s           2025-03-14T11:47:46
/opt/airflow/dags/pipeline.py                                    1           0  1.61s           2025-03-14T11:47:55
================================================================================
[2025-03-14T11:48:33.552+0000] {manager.py:893} INFO - 
================================================================================
DAG File Processing Stats

File Path                               PID    Runtime      # DAGs    # Errors  Last Runtime    Last Run
--------------------------------------  -----  ---------  --------  ----------  --------------  -------------------
/opt/airflow/dags/ingest_historique.py                           1           0  0.92s           2025-03-14T11:48:17
/opt/airflow/dags/pipeline.py                                    1           0  2.32s           2025-03-14T11:48:14
================================================================================
[2025-03-14T11:49:01.760+0000] {manager.py:893} INFO - 
================================================================================
DAG File Processing Stats

File Path                               PID    Runtime      # DAGs    # Errors  Last Runtime    Last Run
--------------------------------------  -----  ---------  --------  ----------  --------------  -------------------
/opt/airflow/dags/ingest_historique.py                           1           0  0.83s           2025-03-14T11:48:49
/opt/airflow/dags/pipeline.py                                    1           0  2.21s           2025-03-14T11:48:46
================================================================================
[2025-03-14T11:49:30.028+0000] {manager.py:893} INFO - 
================================================================================
DAG File Processing Stats

File Path                               PID    Runtime      # DAGs    # Errors  Last Runtime    Last Run
--------------------------------------  -----  ---------  --------  ----------  --------------  -------------------
/opt/airflow/dags/ingest_historique.py                           1           0  0.56s           2025-03-14T11:49:20
/opt/airflow/dags/pipeline.py                                    1           0  1.13s           2025-03-14T11:49:17
================================================================================
[2025-03-14T11:49:58.349+0000] {manager.py:893} INFO - 
================================================================================
DAG File Processing Stats

File Path                               PID    Runtime      # DAGs    # Errors  Last Runtime    Last Run
--------------------------------------  -----  ---------  --------  ----------  --------------  -------------------
/opt/airflow/dags/ingest_historique.py                           1           0  0.95s           2025-03-14T11:49:51
/opt/airflow/dags/pipeline.py                                    1           0  1.20s           2025-03-14T11:49:49
================================================================================
[2025-03-14T11:50:27.028+0000] {manager.py:893} INFO - 
================================================================================
DAG File Processing Stats

File Path                               PID    Runtime      # DAGs    # Errors  Last Runtime    Last Run
--------------------------------------  -----  ---------  --------  ----------  --------------  -------------------
/opt/airflow/dags/ingest_historique.py                           1           0  0.92s           2025-03-14T11:50:22
/opt/airflow/dags/pipeline.py                                    1           0  1.73s           2025-03-14T11:50:21
================================================================================
[2025-03-14T11:50:55.890+0000] {manager.py:893} INFO - 
================================================================================
DAG File Processing Stats

File Path                               PID    Runtime      # DAGs    # Errors  Last Runtime    Last Run
--------------------------------------  -----  ---------  --------  ----------  --------------  -------------------
/opt/airflow/dags/ingest_historique.py                           1           0  0.65s           2025-03-14T11:50:52
/opt/airflow/dags/pipeline.py                                    1           0  0.99s           2025-03-14T11:50:52
================================================================================
[2025-03-14T11:51:24.536+0000] {manager.py:893} INFO - 
================================================================================
DAG File Processing Stats

File Path                                 PID  Runtime      # DAGs    # Errors  Last Runtime    Last Run
--------------------------------------  -----  ---------  --------  ----------  --------------  -------------------
/opt/airflow/dags/ingest_historique.py                           1           0  0.64s           2025-03-14T11:51:24
/opt/airflow/dags/pipeline.py             350  1.17s             1           0  0.99s           2025-03-14T11:50:52
================================================================================
[2025-03-14T11:51:40.682+0000] {manager.py:759} INFO - Searching for files in /opt/airflow/dags
[2025-03-14T11:51:40.704+0000] {manager.py:762} INFO - There are 2 files in /opt/airflow/dags
[2025-03-14T11:51:52.904+0000] {manager.py:893} INFO - 
================================================================================
DAG File Processing Stats

File Path                               PID    Runtime      # DAGs    # Errors  Last Runtime    Last Run
--------------------------------------  -----  ---------  --------  ----------  --------------  -------------------
/opt/airflow/dags/ingest_historique.py                           1           0  0.64s           2025-03-14T11:51:24
/opt/airflow/dags/pipeline.py                                    1           0  1.25s           2025-03-14T11:51:24
================================================================================
[2025-03-14T11:52:21.461+0000] {manager.py:893} INFO - 
================================================================================
DAG File Processing Stats

File Path                               PID    Runtime      # DAGs    # Errors  Last Runtime    Last Run
--------------------------------------  -----  ---------  --------  ----------  --------------  -------------------
/opt/airflow/dags/ingest_historique.py                           1           0  0.69s           2025-03-14T11:51:55
/opt/airflow/dags/pipeline.py                                    1           0  1.03s           2025-03-14T11:51:55
================================================================================
[2025-03-14T11:52:49.855+0000] {manager.py:893} INFO - 
================================================================================
DAG File Processing Stats

File Path                               PID    Runtime      # DAGs    # Errors  Last Runtime    Last Run
--------------------------------------  -----  ---------  --------  ----------  --------------  -------------------
/opt/airflow/dags/ingest_historique.py                           1           0  0.80s           2025-03-14T11:52:27
/opt/airflow/dags/pipeline.py                                    1           0  1.28s           2025-03-14T11:52:27
================================================================================
[2025-03-14T11:53:18.584+0000] {manager.py:893} INFO - 
================================================================================
DAG File Processing Stats

File Path                               PID    Runtime      # DAGs    # Errors  Last Runtime    Last Run
--------------------------------------  -----  ---------  --------  ----------  --------------  -------------------
/opt/airflow/dags/ingest_historique.py                           1           0  0.83s           2025-03-14T11:52:58
/opt/airflow/dags/pipeline.py                                    1           0  1.22s           2025-03-14T11:52:59
================================================================================
[2025-03-14T11:53:46.924+0000] {manager.py:893} INFO - 
================================================================================
DAG File Processing Stats

File Path                               PID    Runtime      # DAGs    # Errors  Last Runtime    Last Run
--------------------------------------  -----  ---------  --------  ----------  --------------  -------------------
/opt/airflow/dags/ingest_historique.py                           1           0  0.67s           2025-03-14T11:53:30
/opt/airflow/dags/pipeline.py                                    1           0  1.10s           2025-03-14T11:53:30
================================================================================
[2025-03-14T11:54:15.384+0000] {manager.py:893} INFO - 
================================================================================
DAG File Processing Stats

File Path                               PID    Runtime      # DAGs    # Errors  Last Runtime    Last Run
--------------------------------------  -----  ---------  --------  ----------  --------------  -------------------
/opt/airflow/dags/ingest_historique.py                           1           0  0.79s           2025-03-14T11:54:01
/opt/airflow/dags/pipeline.py                                    1           0  1.21s           2025-03-14T11:54:02
================================================================================
[2025-03-14T11:54:43.403+0000] {manager.py:893} INFO - 
================================================================================
DAG File Processing Stats

File Path                               PID    Runtime      # DAGs    # Errors  Last Runtime    Last Run
--------------------------------------  -----  ---------  --------  ----------  --------------  -------------------
/opt/airflow/dags/ingest_historique.py                           1           0  0.69s           2025-03-14T11:54:33
/opt/airflow/dags/pipeline.py                                    1           0  1.06s           2025-03-14T11:54:33
================================================================================
[2025-03-14T11:55:11.482+0000] {manager.py:893} INFO - 
================================================================================
DAG File Processing Stats

File Path                               PID    Runtime      # DAGs    # Errors  Last Runtime    Last Run
--------------------------------------  -----  ---------  --------  ----------  --------------  -------------------
/opt/airflow/dags/ingest_historique.py                           1           0  -1.28s          2025-03-14T11:55:02
/opt/airflow/dags/pipeline.py                                    1           0  1.87s           2025-03-14T11:55:10
================================================================================
[2025-03-14T11:55:39.621+0000] {manager.py:893} INFO - 
================================================================================
DAG File Processing Stats

File Path                               PID    Runtime      # DAGs    # Errors  Last Runtime    Last Run
--------------------------------------  -----  ---------  --------  ----------  --------------  -------------------
/opt/airflow/dags/ingest_historique.py                           1           0  7.00s           2025-03-14T11:55:39
/opt/airflow/dags/pipeline.py                                    1           0  17.83s          2025-03-14T11:55:37
================================================================================
[2025-03-14T11:56:08.040+0000] {manager.py:893} INFO - 
================================================================================
DAG File Processing Stats

File Path                                 PID  Runtime      # DAGs    # Errors  Last Runtime    Last Run
--------------------------------------  -----  ---------  --------  ----------  --------------  -------------------
/opt/airflow/dags/ingest_historique.py                           1           0  7.00s           2025-03-14T11:55:39
/opt/airflow/dags/pipeline.py             603  0.01s             1           0  17.83s          2025-03-14T11:55:37
================================================================================
[2025-03-14T11:56:36.483+0000] {manager.py:893} INFO - 
================================================================================
DAG File Processing Stats

File Path                               PID    Runtime      # DAGs    # Errors  Last Runtime    Last Run
--------------------------------------  -----  ---------  --------  ----------  --------------  -------------------
/opt/airflow/dags/ingest_historique.py                           1           0  0.91s           2025-03-14T11:56:11
/opt/airflow/dags/pipeline.py                                    1           0  1.35s           2025-03-14T11:56:09
================================================================================
[2025-03-14T11:56:40.857+0000] {manager.py:759} INFO - Searching for files in /opt/airflow/dags
[2025-03-14T11:56:40.884+0000] {manager.py:762} INFO - There are 2 files in /opt/airflow/dags
[2025-03-14T11:57:05.323+0000] {manager.py:893} INFO - 
================================================================================
DAG File Processing Stats

File Path                               PID    Runtime      # DAGs    # Errors  Last Runtime    Last Run
--------------------------------------  -----  ---------  --------  ----------  --------------  -------------------
/opt/airflow/dags/ingest_historique.py                           1           0  0.74s           2025-03-14T11:56:42
/opt/airflow/dags/pipeline.py                                    1           0  0.90s           2025-03-14T11:56:40
================================================================================
[2025-03-14T11:57:33.743+0000] {manager.py:893} INFO - 
================================================================================
DAG File Processing Stats

File Path                               PID    Runtime      # DAGs    # Errors  Last Runtime    Last Run
--------------------------------------  -----  ---------  --------  ----------  --------------  -------------------
/opt/airflow/dags/ingest_historique.py                           1           0  0.72s           2025-03-14T11:57:13
/opt/airflow/dags/pipeline.py                                    1           0  1.09s           2025-03-14T11:57:11
================================================================================
[2025-03-14T11:58:02.940+0000] {manager.py:893} INFO - 
================================================================================
DAG File Processing Stats

File Path                               PID    Runtime      # DAGs    # Errors  Last Runtime    Last Run
--------------------------------------  -----  ---------  --------  ----------  --------------  -------------------
/opt/airflow/dags/ingest_historique.py                           1           0  0.71s           2025-03-14T11:57:44
/opt/airflow/dags/pipeline.py                                    1           0  0.94s           2025-03-14T11:57:42
================================================================================
[2025-03-14T11:58:31.483+0000] {manager.py:893} INFO - 
================================================================================
DAG File Processing Stats

File Path                               PID    Runtime      # DAGs    # Errors  Last Runtime    Last Run
--------------------------------------  -----  ---------  --------  ----------  --------------  -------------------
/opt/airflow/dags/ingest_historique.py                           1           0  1.00s           2025-03-14T11:58:16
/opt/airflow/dags/pipeline.py                                    1           0  1.27s           2025-03-14T11:58:14
================================================================================
[2025-03-14T11:58:59.751+0000] {manager.py:893} INFO - 
================================================================================
DAG File Processing Stats

File Path                               PID    Runtime      # DAGs    # Errors  Last Runtime    Last Run
--------------------------------------  -----  ---------  --------  ----------  --------------  -------------------
/opt/airflow/dags/ingest_historique.py                           1           0  0.92s           2025-03-14T11:58:47
/opt/airflow/dags/pipeline.py                                    1           0  0.91s           2025-03-14T11:58:45
================================================================================
[2025-03-14T11:59:28.079+0000] {manager.py:893} INFO - 
================================================================================
DAG File Processing Stats

File Path                               PID    Runtime      # DAGs    # Errors  Last Runtime    Last Run
--------------------------------------  -----  ---------  --------  ----------  --------------  -------------------
/opt/airflow/dags/ingest_historique.py                           1           0  0.63s           2025-03-14T11:59:18
/opt/airflow/dags/pipeline.py                                    1           0  0.96s           2025-03-14T11:59:16
================================================================================
[2025-03-14T11:59:56.046+0000] {manager.py:893} INFO - 
================================================================================
DAG File Processing Stats

File Path                               PID    Runtime      # DAGs    # Errors  Last Runtime    Last Run
--------------------------------------  -----  ---------  --------  ----------  --------------  -------------------
/opt/airflow/dags/ingest_historique.py                           1           0  0.76s           2025-03-14T11:59:49
/opt/airflow/dags/pipeline.py                                    1           0  1.15s           2025-03-14T11:59:48
================================================================================
[2025-03-14T12:00:24.326+0000] {manager.py:893} INFO - 
================================================================================
DAG File Processing Stats

File Path                               PID    Runtime      # DAGs    # Errors  Last Runtime    Last Run
--------------------------------------  -----  ---------  --------  ----------  --------------  -------------------
/opt/airflow/dags/ingest_historique.py                           1           0  0.91s           2025-03-14T12:00:21
/opt/airflow/dags/pipeline.py                                    1           0  1.26s           2025-03-14T12:00:19
================================================================================
[2025-03-14T12:00:53.044+0000] {manager.py:893} INFO - 
================================================================================
DAG File Processing Stats

File Path                               PID    Runtime      # DAGs    # Errors  Last Runtime    Last Run
--------------------------------------  -----  ---------  --------  ----------  --------------  -------------------
/opt/airflow/dags/ingest_historique.py                           1           0  0.56s           2025-03-14T12:00:52
/opt/airflow/dags/pipeline.py                                    1           0  1.21s           2025-03-14T12:00:50
================================================================================
[2025-03-14T12:01:21.407+0000] {manager.py:893} INFO - 
================================================================================
DAG File Processing Stats

File Path                                 PID  Runtime      # DAGs    # Errors  Last Runtime    Last Run
--------------------------------------  -----  ---------  --------  ----------  --------------  -------------------
/opt/airflow/dags/ingest_historique.py                           1           0  0.56s           2025-03-14T12:00:52
/opt/airflow/dags/pipeline.py             730  0.01s             1           0  1.21s           2025-03-14T12:00:50
================================================================================
[2025-03-14T12:01:41.572+0000] {manager.py:759} INFO - Searching for files in /opt/airflow/dags
[2025-03-14T12:01:41.681+0000] {manager.py:762} INFO - There are 2 files in /opt/airflow/dags
[2025-03-14T12:01:49.787+0000] {manager.py:893} INFO - 
================================================================================
DAG File Processing Stats

File Path                               PID    Runtime      # DAGs    # Errors  Last Runtime    Last Run
--------------------------------------  -----  ---------  --------  ----------  --------------  -------------------
/opt/airflow/dags/ingest_historique.py                           1           0  0.83s           2025-03-14T12:01:23
/opt/airflow/dags/pipeline.py                                    1           0  1.82s           2025-03-14T12:01:25
================================================================================
[2025-03-14T12:02:18.136+0000] {manager.py:893} INFO - 
================================================================================
DAG File Processing Stats

File Path                               PID    Runtime      # DAGs    # Errors  Last Runtime    Last Run
--------------------------------------  -----  ---------  --------  ----------  --------------  -------------------
/opt/airflow/dags/ingest_historique.py                           1           0  0.67s           2025-03-14T12:01:54
/opt/airflow/dags/pipeline.py                                    1           0  1.09s           2025-03-14T12:01:56
================================================================================
[2025-03-14T12:02:46.218+0000] {manager.py:893} INFO - 
================================================================================
DAG File Processing Stats

File Path                               PID    Runtime      # DAGs    # Errors  Last Runtime    Last Run
--------------------------------------  -----  ---------  --------  ----------  --------------  -------------------
/opt/airflow/dags/ingest_historique.py                           1           0  0.91s           2025-03-14T12:02:26
/opt/airflow/dags/pipeline.py                                    1           0  1.68s           2025-03-14T12:02:28
================================================================================
[2025-03-14T12:03:14.812+0000] {manager.py:893} INFO - 
================================================================================
DAG File Processing Stats

File Path                               PID    Runtime      # DAGs    # Errors  Last Runtime    Last Run
--------------------------------------  -----  ---------  --------  ----------  --------------  -------------------
/opt/airflow/dags/ingest_historique.py                           1           0  0.89s           2025-03-14T12:02:57
/opt/airflow/dags/pipeline.py                                    1           0  1.10s           2025-03-14T12:03:00
================================================================================
[2025-03-14T12:03:43.266+0000] {manager.py:893} INFO - 
================================================================================
DAG File Processing Stats

File Path                               PID    Runtime      # DAGs    # Errors  Last Runtime    Last Run
--------------------------------------  -----  ---------  --------  ----------  --------------  -------------------
/opt/airflow/dags/ingest_historique.py                           1           0  -0.83s          2025-03-14T12:03:27
/opt/airflow/dags/pipeline.py                                    1           0  0.95s           2025-03-14T12:03:31
================================================================================
[2025-03-14T12:04:11.225+0000] {manager.py:893} INFO - 
================================================================================
DAG File Processing Stats

File Path                               PID    Runtime      # DAGs    # Errors  Last Runtime    Last Run
--------------------------------------  -----  ---------  --------  ----------  --------------  -------------------
/opt/airflow/dags/ingest_historique.py                           1           0  0.64s           2025-03-14T12:03:58
/opt/airflow/dags/pipeline.py                                    1           0  -0.35s          2025-03-14T12:03:56
================================================================================
[2025-03-14T12:04:39.456+0000] {manager.py:893} INFO - 
================================================================================
DAG File Processing Stats

File Path                               PID    Runtime      # DAGs    # Errors  Last Runtime    Last Run
--------------------------------------  -----  ---------  --------  ----------  --------------  -------------------
/opt/airflow/dags/ingest_historique.py                           1           0  1.04s           2025-03-14T12:04:29
/opt/airflow/dags/pipeline.py                                    1           0  1.07s           2025-03-14T12:04:27
================================================================================
[2025-03-14T12:05:07.635+0000] {manager.py:893} INFO - 
================================================================================
DAG File Processing Stats

File Path                               PID    Runtime      # DAGs    # Errors  Last Runtime    Last Run
--------------------------------------  -----  ---------  --------  ----------  --------------  -------------------
/opt/airflow/dags/ingest_historique.py                           1           0  0.60s           2025-03-14T12:05:00
/opt/airflow/dags/pipeline.py                                    1           0  0.93s           2025-03-14T12:04:58
================================================================================
[2025-03-14T12:05:35.982+0000] {manager.py:893} INFO - 
================================================================================
DAG File Processing Stats

File Path                               PID    Runtime      # DAGs    # Errors  Last Runtime    Last Run
--------------------------------------  -----  ---------  --------  ----------  --------------  -------------------
/opt/airflow/dags/ingest_historique.py                           1           0  0.75s           2025-03-14T12:05:30
/opt/airflow/dags/pipeline.py                                    1           0  1.31s           2025-03-14T12:05:30
================================================================================
[2025-03-14T12:06:04.312+0000] {manager.py:893} INFO - 
================================================================================
DAG File Processing Stats

File Path                               PID    Runtime      # DAGs    # Errors  Last Runtime    Last Run
--------------------------------------  -----  ---------  --------  ----------  --------------  -------------------
/opt/airflow/dags/ingest_historique.py                           1           0  0.96s           2025-03-14T12:06:02
/opt/airflow/dags/pipeline.py                                    1           0  1.41s           2025-03-14T12:06:01
================================================================================
[2025-03-14T12:06:32.528+0000] {manager.py:893} INFO - 
================================================================================
DAG File Processing Stats

File Path                                 PID  Runtime      # DAGs    # Errors  Last Runtime    Last Run
--------------------------------------  -----  ---------  --------  ----------  --------------  -------------------
/opt/airflow/dags/ingest_historique.py   1033  0.01s             1           0  0.96s           2025-03-14T12:06:02
/opt/airflow/dags/pipeline.py            1029  0.48s             1           0  1.41s           2025-03-14T12:06:01
================================================================================
[2025-03-14T12:06:41.670+0000] {manager.py:759} INFO - Searching for files in /opt/airflow/dags
[2025-03-14T12:06:41.710+0000] {manager.py:762} INFO - There are 2 files in /opt/airflow/dags
[2025-03-14T12:07:00.796+0000] {manager.py:893} INFO - 
================================================================================
DAG File Processing Stats

File Path                               PID    Runtime      # DAGs    # Errors  Last Runtime    Last Run
--------------------------------------  -----  ---------  --------  ----------  --------------  -------------------
/opt/airflow/dags/ingest_historique.py                           1           0  1.23s           2025-03-14T12:06:38
/opt/airflow/dags/pipeline.py                                    1           0  1.32s           2025-03-14T12:06:33
================================================================================
[2025-03-14T12:07:28.908+0000] {manager.py:893} INFO - 
================================================================================
DAG File Processing Stats

File Path                               PID    Runtime      # DAGs    # Errors  Last Runtime    Last Run
--------------------------------------  -----  ---------  --------  ----------  --------------  -------------------
/opt/airflow/dags/ingest_historique.py                           1           0  1.02s           2025-03-14T12:07:09
/opt/airflow/dags/pipeline.py                                    1           0  1.42s           2025-03-14T12:07:05
================================================================================
[2025-03-14T12:07:56.907+0000] {manager.py:893} INFO - 
================================================================================
DAG File Processing Stats

File Path                               PID    Runtime      # DAGs    # Errors  Last Runtime    Last Run
--------------------------------------  -----  ---------  --------  ----------  --------------  -------------------
/opt/airflow/dags/ingest_historique.py                           1           0  0.93s           2025-03-14T12:07:41
/opt/airflow/dags/pipeline.py                                    1           0  1.49s           2025-03-14T12:07:36
================================================================================
[2025-03-14T12:08:24.851+0000] {manager.py:893} INFO - 
================================================================================
DAG File Processing Stats

File Path                               PID    Runtime      # DAGs    # Errors  Last Runtime    Last Run
--------------------------------------  -----  ---------  --------  ----------  --------------  -------------------
/opt/airflow/dags/ingest_historique.py                           1           0  1.01s           2025-03-14T12:08:12
/opt/airflow/dags/pipeline.py                                    1           0  -1.33s          2025-03-14T12:08:05
================================================================================
[2025-03-14T12:08:53.042+0000] {manager.py:893} INFO - 
================================================================================
DAG File Processing Stats

File Path                               PID    Runtime      # DAGs    # Errors  Last Runtime    Last Run
--------------------------------------  -----  ---------  --------  ----------  --------------  -------------------
/opt/airflow/dags/ingest_historique.py                           1           0  1.18s           2025-03-14T12:08:44
/opt/airflow/dags/pipeline.py                                    1           0  1.22s           2025-03-14T12:08:37
================================================================================
[2025-03-14T12:09:21.537+0000] {manager.py:893} INFO - 
================================================================================
DAG File Processing Stats

File Path                               PID    Runtime      # DAGs    # Errors  Last Runtime    Last Run
--------------------------------------  -----  ---------  --------  ----------  --------------  -------------------
/opt/airflow/dags/ingest_historique.py                           1           0  0.93s           2025-03-14T12:09:15
/opt/airflow/dags/pipeline.py                                    1           0  1.56s           2025-03-14T12:09:17
================================================================================
[2025-03-14T12:09:49.900+0000] {manager.py:893} INFO - 
================================================================================
DAG File Processing Stats

File Path                               PID    Runtime      # DAGs    # Errors  Last Runtime    Last Run
--------------------------------------  -----  ---------  --------  ----------  --------------  -------------------
/opt/airflow/dags/ingest_historique.py                           1           0  1.60s           2025-03-14T12:09:47
/opt/airflow/dags/pipeline.py                                    1           0  0.94s           2025-03-14T12:09:48
================================================================================
[2025-03-14T12:10:18.072+0000] {manager.py:893} INFO - 
================================================================================
DAG File Processing Stats

File Path                                 PID  Runtime      # DAGs    # Errors  Last Runtime    Last Run
--------------------------------------  -----  ---------  --------  ----------  --------------  -------------------
/opt/airflow/dags/ingest_historique.py   1150  0.70s             1           0  1.60s           2025-03-14T12:09:47
/opt/airflow/dags/pipeline.py                                    1           0  0.94s           2025-03-14T12:09:48
================================================================================
[2025-03-14T12:10:46.289+0000] {manager.py:893} INFO - 
================================================================================
DAG File Processing Stats

File Path                               PID    Runtime      # DAGs    # Errors  Last Runtime    Last Run
--------------------------------------  -----  ---------  --------  ----------  --------------  -------------------
/opt/airflow/dags/ingest_historique.py                           1           0  1.03s           2025-03-14T12:10:18
/opt/airflow/dags/pipeline.py                                    1           0  0.97s           2025-03-14T12:10:42
================================================================================
[2025-03-14T12:11:14.670+0000] {manager.py:893} INFO - 
================================================================================
DAG File Processing Stats

File Path                               PID    Runtime      # DAGs    # Errors  Last Runtime    Last Run
--------------------------------------  -----  ---------  --------  ----------  --------------  -------------------
/opt/airflow/dags/ingest_historique.py                           1           0  1.10s           2025-03-14T12:10:49
/opt/airflow/dags/pipeline.py                                    1           0  0.97s           2025-03-14T12:11:13
================================================================================
[2025-03-14T12:11:41.877+0000] {manager.py:759} INFO - Searching for files in /opt/airflow/dags
[2025-03-14T12:11:41.908+0000] {manager.py:762} INFO - There are 2 files in /opt/airflow/dags
[2025-03-14T12:11:42.926+0000] {manager.py:893} INFO - 
================================================================================
DAG File Processing Stats

File Path                               PID    Runtime      # DAGs    # Errors  Last Runtime    Last Run
--------------------------------------  -----  ---------  --------  ----------  --------------  -------------------
/opt/airflow/dags/ingest_historique.py                           1           0  1.16s           2025-03-14T12:11:20
/opt/airflow/dags/pipeline.py                                    1           0  1.09s           2025-03-14T12:11:25
================================================================================
[2025-03-14T12:12:10.651+0000] {manager.py:893} INFO - 
================================================================================
DAG File Processing Stats

File Path                               PID    Runtime      # DAGs    # Errors  Last Runtime    Last Run
--------------------------------------  -----  ---------  --------  ----------  --------------  -------------------
/opt/airflow/dags/ingest_historique.py                           1           0  0.80s           2025-03-14T12:11:53
/opt/airflow/dags/pipeline.py                                    1           0  1.11s           2025-03-14T12:11:56
================================================================================
[2025-03-14T12:12:38.702+0000] {manager.py:893} INFO - 
================================================================================
DAG File Processing Stats

File Path                               PID    Runtime      # DAGs    # Errors  Last Runtime    Last Run
--------------------------------------  -----  ---------  --------  ----------  --------------  -------------------
/opt/airflow/dags/ingest_historique.py                           1           0  0.97s           2025-03-14T12:12:24
/opt/airflow/dags/pipeline.py                                    1           0  1.08s           2025-03-14T12:12:27
================================================================================
[2025-03-14T12:13:06.526+0000] {manager.py:893} INFO - 
================================================================================
DAG File Processing Stats

File Path                               PID    Runtime      # DAGs    # Errors  Last Runtime    Last Run
--------------------------------------  -----  ---------  --------  ----------  --------------  -------------------
/opt/airflow/dags/ingest_historique.py                           1           0  0.67s           2025-03-14T12:12:55
/opt/airflow/dags/pipeline.py                                    1           0  1.04s           2025-03-14T12:12:49
================================================================================
[2025-03-14T12:13:35.076+0000] {manager.py:893} INFO - 
================================================================================
DAG File Processing Stats

File Path                               PID    Runtime      # DAGs    # Errors  Last Runtime    Last Run
--------------------------------------  -----  ---------  --------  ----------  --------------  -------------------
/opt/airflow/dags/ingest_historique.py                           1           0  0.67s           2025-03-14T12:13:26
/opt/airflow/dags/pipeline.py                                    1           0  1.20s           2025-03-14T12:13:31
================================================================================
[2025-03-14T12:14:03.223+0000] {manager.py:893} INFO - 
================================================================================
DAG File Processing Stats

File Path                               PID    Runtime      # DAGs    # Errors  Last Runtime    Last Run
--------------------------------------  -----  ---------  --------  ----------  --------------  -------------------
/opt/airflow/dags/ingest_historique.py                           1           0  0.94s           2025-03-14T12:13:58
/opt/airflow/dags/pipeline.py                                    1           0  1.40s           2025-03-14T12:14:02
================================================================================
[2025-03-14T12:14:31.063+0000] {manager.py:893} INFO - 
================================================================================
DAG File Processing Stats

File Path                               PID    Runtime      # DAGs    # Errors  Last Runtime    Last Run
--------------------------------------  -----  ---------  --------  ----------  --------------  -------------------
/opt/airflow/dags/ingest_historique.py                           1           0  0.83s           2025-03-14T12:14:29
/opt/airflow/dags/pipeline.py                                    1           0  1.40s           2025-03-14T12:14:02
================================================================================
[2025-03-14T12:14:59.205+0000] {manager.py:893} INFO - 
================================================================================
DAG File Processing Stats

File Path                                 PID  Runtime      # DAGs    # Errors  Last Runtime    Last Run
--------------------------------------  -----  ---------  --------  ----------  --------------  -------------------
/opt/airflow/dags/ingest_historique.py   1382  0.00s             1           0  0.83s           2025-03-14T12:14:29
/opt/airflow/dags/pipeline.py                                    1           0  0.99s           2025-03-14T12:14:34
================================================================================
[2025-03-14T12:15:27.768+0000] {manager.py:893} INFO - 
================================================================================
DAG File Processing Stats

File Path                               PID    Runtime      # DAGs    # Errors  Last Runtime    Last Run
--------------------------------------  -----  ---------  --------  ----------  --------------  -------------------
/opt/airflow/dags/ingest_historique.py                           1           0  0.63s           2025-03-14T12:14:59
/opt/airflow/dags/pipeline.py                                    1           0  0.92s           2025-03-14T12:15:05
================================================================================
[2025-03-14T12:15:55.917+0000] {manager.py:893} INFO - 
================================================================================
DAG File Processing Stats

File Path                               PID    Runtime      # DAGs    # Errors  Last Runtime    Last Run
--------------------------------------  -----  ---------  --------  ----------  --------------  -------------------
/opt/airflow/dags/ingest_historique.py                           1           0  0.72s           2025-03-14T12:15:30
/opt/airflow/dags/pipeline.py                                    1           0  1.07s           2025-03-14T12:15:36
================================================================================
[2025-03-14T12:16:23.780+0000] {manager.py:893} INFO - 
================================================================================
DAG File Processing Stats

File Path                               PID    Runtime      # DAGs    # Errors  Last Runtime    Last Run
--------------------------------------  -----  ---------  --------  ----------  --------------  -------------------
/opt/airflow/dags/ingest_historique.py                           1           0  0.69s           2025-03-14T12:16:01
/opt/airflow/dags/pipeline.py                                    1           0  0.95s           2025-03-14T12:16:07
================================================================================
[2025-03-14T12:16:42.665+0000] {manager.py:759} INFO - Searching for files in /opt/airflow/dags
[2025-03-14T12:16:42.710+0000] {manager.py:762} INFO - There are 2 files in /opt/airflow/dags
[2025-03-14T12:16:51.884+0000] {manager.py:893} INFO - 
================================================================================
DAG File Processing Stats

File Path                               PID    Runtime      # DAGs    # Errors  Last Runtime    Last Run
--------------------------------------  -----  ---------  --------  ----------  --------------  -------------------
/opt/airflow/dags/ingest_historique.py                           1           0  1.16s           2025-03-14T12:16:32
/opt/airflow/dags/pipeline.py                                    1           0  1.86s           2025-03-14T12:16:40
================================================================================
[2025-03-14T12:17:20.090+0000] {manager.py:893} INFO - 
================================================================================
DAG File Processing Stats

File Path                               PID    Runtime      # DAGs    # Errors  Last Runtime    Last Run
--------------------------------------  -----  ---------  --------  ----------  --------------  -------------------
/opt/airflow/dags/ingest_historique.py                           1           0  0.68s           2025-03-14T12:17:03
/opt/airflow/dags/pipeline.py                                    1           0  1.02s           2025-03-14T12:17:11
================================================================================
[2025-03-14T12:17:47.900+0000] {manager.py:893} INFO - 
================================================================================
DAG File Processing Stats

File Path                               PID    Runtime      # DAGs    # Errors  Last Runtime    Last Run
--------------------------------------  -----  ---------  --------  ----------  --------------  -------------------
/opt/airflow/dags/ingest_historique.py                           1           0  0.84s           2025-03-14T12:17:34
/opt/airflow/dags/pipeline.py                                    1           0  1.02s           2025-03-14T12:17:43
================================================================================
[2025-03-14T12:18:15.821+0000] {manager.py:893} INFO - 
================================================================================
DAG File Processing Stats

File Path                               PID    Runtime      # DAGs    # Errors  Last Runtime    Last Run
--------------------------------------  -----  ---------  --------  ----------  --------------  -------------------
/opt/airflow/dags/ingest_historique.py                           1           0  0.69s           2025-03-14T12:18:05
/opt/airflow/dags/pipeline.py                                    1           0  0.93s           2025-03-14T12:18:15
================================================================================
[2025-03-14T12:18:43.844+0000] {manager.py:893} INFO - 
================================================================================
DAG File Processing Stats

File Path                               PID    Runtime      # DAGs    # Errors  Last Runtime    Last Run
--------------------------------------  -----  ---------  --------  ----------  --------------  -------------------
/opt/airflow/dags/ingest_historique.py                           1           0  1.13s           2025-03-14T12:18:36
/opt/airflow/dags/pipeline.py                                    1           0  0.93s           2025-03-14T12:18:15
================================================================================
[2025-03-14T12:19:11.999+0000] {manager.py:893} INFO - 
================================================================================
DAG File Processing Stats

File Path                               PID    Runtime      # DAGs    # Errors  Last Runtime    Last Run
--------------------------------------  -----  ---------  --------  ----------  --------------  -------------------
/opt/airflow/dags/ingest_historique.py                           1           0  1.05s           2025-03-14T12:19:07
/opt/airflow/dags/pipeline.py                                    1           0  1.65s           2025-03-14T12:18:47
================================================================================
[2025-03-14T12:19:39.831+0000] {manager.py:893} INFO - 
================================================================================
DAG File Processing Stats

File Path                               PID    Runtime      # DAGs    # Errors  Last Runtime    Last Run
--------------------------------------  -----  ---------  --------  ----------  --------------  -------------------
/opt/airflow/dags/ingest_historique.py                           1           0  0.71s           2025-03-14T12:19:38
/opt/airflow/dags/pipeline.py                                    1           0  1.28s           2025-03-14T12:19:19
================================================================================
[2025-03-14T12:20:07.830+0000] {manager.py:893} INFO - 
================================================================================
DAG File Processing Stats

File Path                               PID    Runtime      # DAGs    # Errors  Last Runtime    Last Run
--------------------------------------  -----  ---------  --------  ----------  --------------  -------------------
/opt/airflow/dags/ingest_historique.py                           1           0  0.71s           2025-03-14T12:19:38
/opt/airflow/dags/pipeline.py                                    1           0  0.83s           2025-03-14T12:19:50
================================================================================
[2025-03-14T12:20:35.817+0000] {manager.py:893} INFO - 
================================================================================
DAG File Processing Stats

File Path                               PID    Runtime      # DAGs    # Errors  Last Runtime    Last Run
--------------------------------------  -----  ---------  --------  ----------  --------------  -------------------
/opt/airflow/dags/ingest_historique.py                           1           0  0.70s           2025-03-14T12:20:09
/opt/airflow/dags/pipeline.py                                    1           0  0.90s           2025-03-14T12:20:21
================================================================================
[2025-03-14T12:21:03.703+0000] {manager.py:893} INFO - 
================================================================================
DAG File Processing Stats

File Path                               PID    Runtime      # DAGs    # Errors  Last Runtime    Last Run
--------------------------------------  -----  ---------  --------  ----------  --------------  -------------------
/opt/airflow/dags/ingest_historique.py                           1           0  0.71s           2025-03-14T12:20:40
/opt/airflow/dags/pipeline.py                                    1           0  0.87s           2025-03-14T12:20:52
================================================================================
[2025-03-14T12:21:31.508+0000] {manager.py:893} INFO - 
================================================================================
DAG File Processing Stats

File Path                               PID    Runtime      # DAGs    # Errors  Last Runtime    Last Run
--------------------------------------  -----  ---------  --------  ----------  --------------  -------------------
/opt/airflow/dags/ingest_historique.py                           1           0  0.66s           2025-03-14T12:21:11
/opt/airflow/dags/pipeline.py                                    1           0  0.92s           2025-03-14T12:21:24
================================================================================
[2025-03-14T12:21:42.986+0000] {manager.py:759} INFO - Searching for files in /opt/airflow/dags
[2025-03-14T12:21:43.012+0000] {manager.py:762} INFO - There are 2 files in /opt/airflow/dags
[2025-03-14T12:21:59.257+0000] {manager.py:893} INFO - 
================================================================================
DAG File Processing Stats

File Path                               PID    Runtime      # DAGs    # Errors  Last Runtime    Last Run
--------------------------------------  -----  ---------  --------  ----------  --------------  -------------------
/opt/airflow/dags/ingest_historique.py                           1           0  0.70s           2025-03-14T12:21:42
/opt/airflow/dags/pipeline.py                                    1           0  0.86s           2025-03-14T12:21:55
================================================================================
[2025-03-14T12:22:25.083+0000] {manager.py:893} INFO - 
================================================================================
DAG File Processing Stats

File Path                               PID    Runtime      # DAGs    # Errors  Last Runtime    Last Run
--------------------------------------  -----  ---------  --------  ----------  --------------  -------------------
/opt/airflow/dags/ingest_historique.py                           1           0  0.65s           2025-03-14T12:22:12
/opt/airflow/dags/pipeline.py                                    1           0  1.16s           2025-03-14T12:22:26
================================================================================
[2025-03-14T12:22:52.798+0000] {manager.py:893} INFO - 
================================================================================
DAG File Processing Stats

File Path                               PID    Runtime      # DAGs    # Errors  Last Runtime    Last Run
--------------------------------------  -----  ---------  --------  ----------  --------------  -------------------
/opt/airflow/dags/ingest_historique.py                           1           0  0.66s           2025-03-14T12:22:43
/opt/airflow/dags/pipeline.py                                    1           0  1.16s           2025-03-14T12:22:26
================================================================================
[2025-03-14T12:23:21.362+0000] {manager.py:893} INFO - 
================================================================================
DAG File Processing Stats

File Path                               PID    Runtime      # DAGs    # Errors  Last Runtime    Last Run
--------------------------------------  -----  ---------  --------  ----------  --------------  -------------------
/opt/airflow/dags/ingest_historique.py                           1           0  0.66s           2025-03-14T12:23:14
/opt/airflow/dags/pipeline.py                                    1           0  0.95s           2025-03-14T12:22:57
================================================================================
[2025-03-14T12:23:49.137+0000] {manager.py:893} INFO - 
================================================================================
DAG File Processing Stats

File Path                               PID    Runtime      # DAGs    # Errors  Last Runtime    Last Run
--------------------------------------  -----  ---------  --------  ----------  --------------  -------------------
/opt/airflow/dags/ingest_historique.py                           1           0  0.63s           2025-03-14T12:23:45
/opt/airflow/dags/pipeline.py                                    1           0  0.85s           2025-03-14T12:23:29
================================================================================
[2025-03-14T12:24:17.533+0000] {manager.py:893} INFO - 
================================================================================
DAG File Processing Stats

File Path                               PID    Runtime      # DAGs    # Errors  Last Runtime    Last Run
--------------------------------------  -----  ---------  --------  ----------  --------------  -------------------
/opt/airflow/dags/ingest_historique.py                           1           0  0.91s           2025-03-14T12:24:16
/opt/airflow/dags/pipeline.py                                    1           0  1.01s           2025-03-14T12:24:00
================================================================================
[2025-03-14T12:24:45.593+0000] {manager.py:893} INFO - 
================================================================================
DAG File Processing Stats

File Path                               PID    Runtime      # DAGs    # Errors  Last Runtime    Last Run
--------------------------------------  -----  ---------  --------  ----------  --------------  -------------------
/opt/airflow/dags/ingest_historique.py                           1           0  0.91s           2025-03-14T12:24:16
/opt/airflow/dags/pipeline.py                                    1           0  1.01s           2025-03-14T12:24:31
================================================================================
[2025-03-14T12:25:13.688+0000] {manager.py:893} INFO - 
================================================================================
DAG File Processing Stats

File Path                               PID    Runtime      # DAGs    # Errors  Last Runtime    Last Run
--------------------------------------  -----  ---------  --------  ----------  --------------  -------------------
/opt/airflow/dags/ingest_historique.py                           1           0  0.59s           2025-03-14T12:24:48
/opt/airflow/dags/pipeline.py                                    1           0  1.25s           2025-03-14T12:25:03
================================================================================
[2025-03-14T12:25:41.540+0000] {manager.py:893} INFO - 
================================================================================
DAG File Processing Stats

File Path                               PID    Runtime      # DAGs    # Errors  Last Runtime    Last Run
--------------------------------------  -----  ---------  --------  ----------  --------------  -------------------
/opt/airflow/dags/ingest_historique.py                           1           0  0.85s           2025-03-14T12:25:19
/opt/airflow/dags/pipeline.py                                    1           0  1.11s           2025-03-14T12:25:34
================================================================================
[2025-03-14T12:26:09.540+0000] {manager.py:893} INFO - 
================================================================================
DAG File Processing Stats

File Path                               PID    Runtime      # DAGs    # Errors  Last Runtime    Last Run
--------------------------------------  -----  ---------  --------  ----------  --------------  -------------------
/opt/airflow/dags/ingest_historique.py                           1           0  1.13s           2025-03-14T12:25:50
/opt/airflow/dags/pipeline.py                                    1           0  1.15s           2025-03-14T12:26:06
================================================================================
[2025-03-14T12:26:37.737+0000] {manager.py:893} INFO - 
================================================================================
DAG File Processing Stats

File Path                                 PID  Runtime      # DAGs    # Errors  Last Runtime    Last Run
--------------------------------------  -----  ---------  --------  ----------  --------------  -------------------
/opt/airflow/dags/ingest_historique.py                           1           0  1.05s           2025-03-14T12:26:21
/opt/airflow/dags/pipeline.py            1652  1.01s             1           0  1.15s           2025-03-14T12:26:06
================================================================================
[2025-03-14T12:26:43.798+0000] {manager.py:759} INFO - Searching for files in /opt/airflow/dags
[2025-03-14T12:26:43.827+0000] {manager.py:762} INFO - There are 2 files in /opt/airflow/dags
[2025-03-14T12:27:05.479+0000] {manager.py:893} INFO - 
================================================================================
DAG File Processing Stats

File Path                               PID    Runtime      # DAGs    # Errors  Last Runtime    Last Run
--------------------------------------  -----  ---------  --------  ----------  --------------  -------------------
/opt/airflow/dags/ingest_historique.py                           1           0  0.80s           2025-03-14T12:26:52
/opt/airflow/dags/pipeline.py                                    1           0  1.10s           2025-03-14T12:26:37
================================================================================
[2025-03-14T12:27:33.306+0000] {manager.py:893} INFO - 
================================================================================
DAG File Processing Stats

File Path                               PID    Runtime      # DAGs    # Errors  Last Runtime    Last Run
--------------------------------------  -----  ---------  --------  ----------  --------------  -------------------
/opt/airflow/dags/ingest_historique.py                           1           0  0.79s           2025-03-14T12:27:24
/opt/airflow/dags/pipeline.py                                    1           0  1.05s           2025-03-14T12:27:09
================================================================================
[2025-03-14T12:28:01.326+0000] {manager.py:893} INFO - 
================================================================================
DAG File Processing Stats

File Path                               PID    Runtime      # DAGs    # Errors  Last Runtime    Last Run
--------------------------------------  -----  ---------  --------  ----------  --------------  -------------------
/opt/airflow/dags/ingest_historique.py                           1           0  0.78s           2025-03-14T12:27:55
/opt/airflow/dags/pipeline.py                                    1           0  1.30s           2025-03-14T12:27:40
================================================================================
[2025-03-14T12:28:29.295+0000] {manager.py:893} INFO - 
================================================================================
DAG File Processing Stats

File Path                               PID    Runtime      # DAGs    # Errors  Last Runtime    Last Run
--------------------------------------  -----  ---------  --------  ----------  --------------  -------------------
/opt/airflow/dags/ingest_historique.py                           1           0  0.98s           2025-03-14T12:28:26
/opt/airflow/dags/pipeline.py                                    1           0  1.08s           2025-03-14T12:28:12
================================================================================
[2025-03-14T12:28:57.298+0000] {manager.py:893} INFO - 
================================================================================
DAG File Processing Stats

File Path                                 PID  Runtime      # DAGs    # Errors  Last Runtime    Last Run
--------------------------------------  -----  ---------  --------  ----------  --------------  -------------------
/opt/airflow/dags/ingest_historique.py   1706  0.00s             1           0  0.98s           2025-03-14T12:28:26
/opt/airflow/dags/pipeline.py                                    1           0  1.19s           2025-03-14T12:28:44
================================================================================
[2025-03-14T12:29:25.017+0000] {manager.py:893} INFO - 
================================================================================
DAG File Processing Stats

File Path                               PID    Runtime      # DAGs    # Errors  Last Runtime    Last Run
--------------------------------------  -----  ---------  --------  ----------  --------------  -------------------
/opt/airflow/dags/ingest_historique.py                           1           0  0.80s           2025-03-14T12:28:58
/opt/airflow/dags/pipeline.py                                    1           0  1.37s           2025-03-14T12:29:16
================================================================================
[2025-03-14T12:29:53.081+0000] {manager.py:893} INFO - 
================================================================================
DAG File Processing Stats

File Path                               PID    Runtime      # DAGs    # Errors  Last Runtime    Last Run
--------------------------------------  -----  ---------  --------  ----------  --------------  -------------------
/opt/airflow/dags/ingest_historique.py                           1           0  0.76s           2025-03-14T12:29:29
/opt/airflow/dags/pipeline.py                                    1           0  1.21s           2025-03-14T12:29:48
================================================================================
[2025-03-14T12:30:20.861+0000] {manager.py:893} INFO - 
================================================================================
DAG File Processing Stats

File Path                               PID    Runtime      # DAGs    # Errors  Last Runtime    Last Run
--------------------------------------  -----  ---------  --------  ----------  --------------  -------------------
/opt/airflow/dags/ingest_historique.py                           1           0  0.78s           2025-03-14T12:29:59
/opt/airflow/dags/pipeline.py                                    1           0  1.05s           2025-03-14T12:30:19
================================================================================
[2025-03-14T12:30:48.626+0000] {manager.py:893} INFO - 
================================================================================
DAG File Processing Stats

File Path                               PID    Runtime      # DAGs    # Errors  Last Runtime    Last Run
--------------------------------------  -----  ---------  --------  ----------  --------------  -------------------
/opt/airflow/dags/ingest_historique.py                           1           0  0.75s           2025-03-14T12:30:30
/opt/airflow/dags/pipeline.py                                    1           0  1.05s           2025-03-14T12:30:19
================================================================================
[2025-03-14T12:31:16.678+0000] {manager.py:893} INFO - 
================================================================================
DAG File Processing Stats

File Path                               PID    Runtime      # DAGs    # Errors  Last Runtime    Last Run
--------------------------------------  -----  ---------  --------  ----------  --------------  -------------------
/opt/airflow/dags/ingest_historique.py                           1           0  0.91s           2025-03-14T12:31:01
/opt/airflow/dags/pipeline.py                                    1           0  1.20s           2025-03-14T12:30:51
================================================================================
[2025-03-14T12:31:44.516+0000] {manager.py:759} INFO - Searching for files in /opt/airflow/dags
[2025-03-14T12:31:44.549+0000] {manager.py:762} INFO - There are 2 files in /opt/airflow/dags
[2025-03-14T12:31:44.568+0000] {manager.py:893} INFO - 
================================================================================
DAG File Processing Stats

File Path                               PID    Runtime      # DAGs    # Errors  Last Runtime    Last Run
--------------------------------------  -----  ---------  --------  ----------  --------------  -------------------
/opt/airflow/dags/ingest_historique.py                           1           0  0.76s           2025-03-14T12:31:32
/opt/airflow/dags/pipeline.py                                    1           0  1.10s           2025-03-14T12:31:23
================================================================================
[2025-03-14T12:32:12.590+0000] {manager.py:893} INFO - 
================================================================================
DAG File Processing Stats

File Path                               PID    Runtime      # DAGs    # Errors  Last Runtime    Last Run
--------------------------------------  -----  ---------  --------  ----------  --------------  -------------------
/opt/airflow/dags/ingest_historique.py                           1           0  0.84s           2025-03-14T12:32:03
/opt/airflow/dags/pipeline.py                                    1           0  1.35s           2025-03-14T12:31:56
================================================================================
[2025-03-14T12:32:40.398+0000] {manager.py:893} INFO - 
================================================================================
DAG File Processing Stats

File Path                               PID    Runtime      # DAGs    # Errors  Last Runtime    Last Run
--------------------------------------  -----  ---------  --------  ----------  --------------  -------------------
/opt/airflow/dags/ingest_historique.py                           1           0  0.79s           2025-03-14T12:32:34
/opt/airflow/dags/pipeline.py                                    1           0  1.13s           2025-03-14T12:32:27
================================================================================
[2025-03-14T12:33:08.476+0000] {manager.py:893} INFO - 
================================================================================
DAG File Processing Stats

File Path                               PID    Runtime      # DAGs    # Errors  Last Runtime    Last Run
--------------------------------------  -----  ---------  --------  ----------  --------------  -------------------
/opt/airflow/dags/ingest_historique.py                           1           0  0.87s           2025-03-14T12:33:06
/opt/airflow/dags/pipeline.py                                    1           0  1.22s           2025-03-14T12:32:59
================================================================================
[2025-03-14T12:33:36.489+0000] {manager.py:893} INFO - 
================================================================================
DAG File Processing Stats

File Path                                 PID  Runtime      # DAGs    # Errors  Last Runtime    Last Run
--------------------------------------  -----  ---------  --------  ----------  --------------  -------------------
/opt/airflow/dags/ingest_historique.py   1814  0.00s             1           0  0.87s           2025-03-14T12:33:06
/opt/airflow/dags/pipeline.py                                    1           0  -1.31s          2025-03-14T12:33:29
================================================================================
[2025-03-14T12:34:04.497+0000] {manager.py:893} INFO - 
================================================================================
DAG File Processing Stats

File Path                               PID    Runtime      # DAGs    # Errors  Last Runtime    Last Run
--------------------------------------  -----  ---------  --------  ----------  --------------  -------------------
/opt/airflow/dags/ingest_historique.py                           1           0  0.81s           2025-03-14T12:33:37
/opt/airflow/dags/pipeline.py                                    1           0  1.40s           2025-03-14T12:34:00
================================================================================
[2025-03-14T12:34:32.250+0000] {manager.py:893} INFO - 
================================================================================
DAG File Processing Stats

File Path                                 PID  Runtime      # DAGs    # Errors  Last Runtime    Last Run
--------------------------------------  -----  ---------  --------  ----------  --------------  -------------------
/opt/airflow/dags/ingest_historique.py                           1           0  0.85s           2025-03-14T12:34:08
/opt/airflow/dags/pipeline.py            1832  1.01s             1           0  1.40s           2025-03-14T12:34:00
================================================================================
[2025-03-14T12:35:00.187+0000] {manager.py:893} INFO - 
================================================================================
DAG File Processing Stats

File Path                               PID    Runtime      # DAGs    # Errors  Last Runtime    Last Run
--------------------------------------  -----  ---------  --------  ----------  --------------  -------------------
/opt/airflow/dags/ingest_historique.py                           1           0  0.76s           2025-03-14T12:34:39
/opt/airflow/dags/pipeline.py                                    1           0  1.14s           2025-03-14T12:34:32
================================================================================
[2025-03-14T12:35:28.277+0000] {manager.py:893} INFO - 
================================================================================
DAG File Processing Stats

File Path                               PID    Runtime      # DAGs    # Errors  Last Runtime    Last Run
--------------------------------------  -----  ---------  --------  ----------  --------------  -------------------
/opt/airflow/dags/ingest_historique.py                           1           0  0.89s           2025-03-14T12:35:10
/opt/airflow/dags/pipeline.py                                    1           0  1.05s           2025-03-14T12:35:03
================================================================================
[2025-03-14T12:35:56.150+0000] {manager.py:893} INFO - 
================================================================================
DAG File Processing Stats

File Path                               PID    Runtime      # DAGs    # Errors  Last Runtime    Last Run
--------------------------------------  -----  ---------  --------  ----------  --------------  -------------------
/opt/airflow/dags/ingest_historique.py                           1           0  0.84s           2025-03-14T12:35:41
/opt/airflow/dags/pipeline.py                                    1           0  1.20s           2025-03-14T12:35:35
================================================================================
[2025-03-14T12:36:24.161+0000] {manager.py:893} INFO - 
================================================================================
DAG File Processing Stats

File Path                               PID    Runtime      # DAGs    # Errors  Last Runtime    Last Run
--------------------------------------  -----  ---------  --------  ----------  --------------  -------------------
/opt/airflow/dags/ingest_historique.py                           1           0  0.91s           2025-03-14T12:36:12
/opt/airflow/dags/pipeline.py                                    1           0  1.10s           2025-03-14T12:36:07
================================================================================
[2025-03-14T12:36:44.597+0000] {manager.py:759} INFO - Searching for files in /opt/airflow/dags
[2025-03-14T12:36:44.642+0000] {manager.py:762} INFO - There are 2 files in /opt/airflow/dags
[2025-03-14T12:36:52.031+0000] {manager.py:893} INFO - 
================================================================================
DAG File Processing Stats

File Path                               PID    Runtime      # DAGs    # Errors  Last Runtime    Last Run
--------------------------------------  -----  ---------  --------  ----------  --------------  -------------------
/opt/airflow/dags/ingest_historique.py                           1           0  0.94s           2025-03-14T12:36:43
/opt/airflow/dags/pipeline.py                                    1           0  1.21s           2025-03-14T12:36:39
================================================================================
[2025-03-14T12:37:20.037+0000] {manager.py:893} INFO - 
================================================================================
DAG File Processing Stats

File Path                               PID    Runtime      # DAGs    # Errors  Last Runtime    Last Run
--------------------------------------  -----  ---------  --------  ----------  --------------  -------------------
/opt/airflow/dags/ingest_historique.py                           1           0  1.02s           2025-03-14T12:37:14
/opt/airflow/dags/pipeline.py                                    1           0  1.06s           2025-03-14T12:37:11
================================================================================
[2025-03-14T12:37:47.753+0000] {manager.py:893} INFO - 
================================================================================
DAG File Processing Stats

File Path                               PID    Runtime      # DAGs    # Errors  Last Runtime    Last Run
--------------------------------------  -----  ---------  --------  ----------  --------------  -------------------
/opt/airflow/dags/ingest_historique.py                           1           0  0.79s           2025-03-14T12:37:46
/opt/airflow/dags/pipeline.py                                    1           0  1.07s           2025-03-14T12:37:42
================================================================================
[2025-03-14T12:38:15.751+0000] {manager.py:893} INFO - 
================================================================================
DAG File Processing Stats

File Path                               PID    Runtime      # DAGs    # Errors  Last Runtime    Last Run
--------------------------------------  -----  ---------  --------  ----------  --------------  -------------------
/opt/airflow/dags/ingest_historique.py                           1           0  0.79s           2025-03-14T12:37:46
/opt/airflow/dags/pipeline.py                                    1           0  1.17s           2025-03-14T12:38:14
================================================================================
[2025-03-14T12:38:43.551+0000] {manager.py:893} INFO - 
================================================================================
DAG File Processing Stats

File Path                               PID    Runtime      # DAGs    # Errors  Last Runtime    Last Run
--------------------------------------  -----  ---------  --------  ----------  --------------  -------------------
/opt/airflow/dags/ingest_historique.py                           1           0  0.77s           2025-03-14T12:38:17
/opt/airflow/dags/pipeline.py                                    1           0  1.17s           2025-03-14T12:38:14
================================================================================
[2025-03-14T12:39:11.322+0000] {manager.py:893} INFO - 
================================================================================
DAG File Processing Stats

File Path                               PID    Runtime      # DAGs    # Errors  Last Runtime    Last Run
--------------------------------------  -----  ---------  --------  ----------  --------------  -------------------
/opt/airflow/dags/ingest_historique.py                           1           0  0.89s           2025-03-14T12:38:48
/opt/airflow/dags/pipeline.py                                    1           0  1.15s           2025-03-14T12:38:46
================================================================================
[2025-03-14T12:39:39.321+0000] {manager.py:893} INFO - 
================================================================================
DAG File Processing Stats

File Path                               PID    Runtime      # DAGs    # Errors  Last Runtime    Last Run
--------------------------------------  -----  ---------  --------  ----------  --------------  -------------------
/opt/airflow/dags/ingest_historique.py                           1           0  0.86s           2025-03-14T12:39:19
/opt/airflow/dags/pipeline.py                                    1           0  1.18s           2025-03-14T12:39:18
================================================================================
[2025-03-14T12:40:07.239+0000] {manager.py:893} INFO - 
================================================================================
DAG File Processing Stats

File Path                               PID    Runtime      # DAGs    # Errors  Last Runtime    Last Run
--------------------------------------  -----  ---------  --------  ----------  --------------  -------------------
/opt/airflow/dags/ingest_historique.py                           1           0  1.01s           2025-03-14T12:39:50
/opt/airflow/dags/pipeline.py                                    1           0  1.36s           2025-03-14T12:39:50
================================================================================
[2025-03-14T12:40:35.701+0000] {manager.py:893} INFO - 
================================================================================
DAG File Processing Stats

File Path                               PID    Runtime      # DAGs    # Errors  Last Runtime    Last Run
--------------------------------------  -----  ---------  --------  ----------  --------------  -------------------
/opt/airflow/dags/ingest_historique.py                           1           0  1.11s           2025-03-14T12:40:21
/opt/airflow/dags/pipeline.py                                    1           0  1.52s           2025-03-14T12:40:22
================================================================================
[2025-03-14T12:41:03.947+0000] {manager.py:893} INFO - 
================================================================================
DAG File Processing Stats

File Path                               PID    Runtime      # DAGs    # Errors  Last Runtime    Last Run
--------------------------------------  -----  ---------  --------  ----------  --------------  -------------------
/opt/airflow/dags/ingest_historique.py                           1           0  1.28s           2025-03-14T12:40:53
/opt/airflow/dags/pipeline.py                                    1           0  -1.06s          2025-03-14T12:40:52
================================================================================
[2025-03-14T12:41:31.823+0000] {manager.py:893} INFO - 
================================================================================
DAG File Processing Stats

File Path                               PID    Runtime      # DAGs    # Errors  Last Runtime    Last Run
--------------------------------------  -----  ---------  --------  ----------  --------------  -------------------
/opt/airflow/dags/ingest_historique.py                           1           0  0.90s           2025-03-14T12:41:24
/opt/airflow/dags/pipeline.py                                    1           0  1.10s           2025-03-14T12:41:23
================================================================================
[2025-03-14T12:41:44.945+0000] {manager.py:759} INFO - Searching for files in /opt/airflow/dags
[2025-03-14T12:41:44.978+0000] {manager.py:762} INFO - There are 2 files in /opt/airflow/dags
[2025-03-14T12:42:00.039+0000] {manager.py:893} INFO - 
================================================================================
DAG File Processing Stats

File Path                               PID    Runtime      # DAGs    # Errors  Last Runtime    Last Run
--------------------------------------  -----  ---------  --------  ----------  --------------  -------------------
/opt/airflow/dags/ingest_historique.py                           1           0  1.20s           2025-03-14T12:41:55
/opt/airflow/dags/pipeline.py                                    1           0  1.49s           2025-03-14T12:41:56
================================================================================
[2025-03-14T12:42:27.936+0000] {manager.py:893} INFO - 
================================================================================
DAG File Processing Stats

File Path                                 PID  Runtime      # DAGs    # Errors  Last Runtime    Last Run
--------------------------------------  -----  ---------  --------  ----------  --------------  -------------------
/opt/airflow/dags/ingest_historique.py                           1           0  0.84s           2025-03-14T12:42:26
/opt/airflow/dags/pipeline.py            2016  1.02s             1           0  1.49s           2025-03-14T12:41:56
================================================================================
[2025-03-14T12:42:55.967+0000] {manager.py:893} INFO - 
================================================================================
DAG File Processing Stats

File Path                               PID    Runtime      # DAGs    # Errors  Last Runtime    Last Run
--------------------------------------  -----  ---------  --------  ----------  --------------  -------------------
/opt/airflow/dags/ingest_historique.py                           1           0  0.84s           2025-03-14T12:42:26
/opt/airflow/dags/pipeline.py                                    1           0  1.08s           2025-03-14T12:42:27
================================================================================
[2025-03-14T12:43:23.885+0000] {manager.py:893} INFO - 
================================================================================
DAG File Processing Stats

File Path                               PID    Runtime      # DAGs    # Errors  Last Runtime    Last Run
--------------------------------------  -----  ---------  --------  ----------  --------------  -------------------
/opt/airflow/dags/ingest_historique.py                           1           0  0.80s           2025-03-14T12:42:57
/opt/airflow/dags/pipeline.py                                    1           0  1.23s           2025-03-14T12:42:59
================================================================================
[2025-03-14T12:43:51.774+0000] {manager.py:893} INFO - 
================================================================================
DAG File Processing Stats

File Path                               PID    Runtime      # DAGs    # Errors  Last Runtime    Last Run
--------------------------------------  -----  ---------  --------  ----------  --------------  -------------------
/opt/airflow/dags/ingest_historique.py                           1           0  0.83s           2025-03-14T12:43:28
/opt/airflow/dags/pipeline.py                                    1           0  1.09s           2025-03-14T12:43:30
================================================================================
[2025-03-14T12:44:19.729+0000] {manager.py:893} INFO - 
================================================================================
DAG File Processing Stats

File Path                               PID    Runtime      # DAGs    # Errors  Last Runtime    Last Run
--------------------------------------  -----  ---------  --------  ----------  --------------  -------------------
/opt/airflow/dags/ingest_historique.py                           1           0  0.94s           2025-03-14T12:43:59
/opt/airflow/dags/pipeline.py                                    1           0  1.20s           2025-03-14T12:44:03
================================================================================
[2025-03-14T12:44:47.402+0000] {manager.py:893} INFO - 
================================================================================
DAG File Processing Stats

File Path                               PID    Runtime      # DAGs    # Errors  Last Runtime    Last Run
--------------------------------------  -----  ---------  --------  ----------  --------------  -------------------
/opt/airflow/dags/ingest_historique.py                           1           0  0.78s           2025-03-14T12:44:30
/opt/airflow/dags/pipeline.py                                    1           0  1.06s           2025-03-14T12:44:34
================================================================================
[2025-03-14T12:45:15.413+0000] {manager.py:893} INFO - 
================================================================================
DAG File Processing Stats

File Path                               PID    Runtime      # DAGs    # Errors  Last Runtime    Last Run
--------------------------------------  -----  ---------  --------  ----------  --------------  -------------------
/opt/airflow/dags/ingest_historique.py                           1           0  -1.58s          2025-03-14T12:45:00
/opt/airflow/dags/pipeline.py                                    1           0  1.38s           2025-03-14T12:45:06
================================================================================
[2025-03-14T12:45:43.375+0000] {manager.py:893} INFO - 
================================================================================
DAG File Processing Stats

File Path                               PID    Runtime      # DAGs    # Errors  Last Runtime    Last Run
--------------------------------------  -----  ---------  --------  ----------  --------------  -------------------
/opt/airflow/dags/ingest_historique.py                           1           0  0.89s           2025-03-14T12:45:31
/opt/airflow/dags/pipeline.py                                    1           0  1.32s           2025-03-14T12:45:38
================================================================================
[2025-03-14T12:46:11.151+0000] {manager.py:893} INFO - 
================================================================================
DAG File Processing Stats

File Path                               PID    Runtime      # DAGs    # Errors  Last Runtime    Last Run
--------------------------------------  -----  ---------  --------  ----------  --------------  -------------------
/opt/airflow/dags/ingest_historique.py                           1           0  0.77s           2025-03-14T12:46:02
/opt/airflow/dags/pipeline.py                                    1           0  1.18s           2025-03-14T12:46:10
================================================================================
[2025-03-14T12:46:38.903+0000] {manager.py:893} INFO - 
================================================================================
DAG File Processing Stats

File Path                               PID    Runtime      # DAGs    # Errors  Last Runtime    Last Run
--------------------------------------  -----  ---------  --------  ----------  --------------  -------------------
/opt/airflow/dags/ingest_historique.py                           1           0  0.77s           2025-03-14T12:46:32
/opt/airflow/dags/pipeline.py                                    1           0  1.18s           2025-03-14T12:46:10
================================================================================
[2025-03-14T12:46:44.992+0000] {manager.py:759} INFO - Searching for files in /opt/airflow/dags
[2025-03-14T12:46:45.032+0000] {manager.py:762} INFO - There are 2 files in /opt/airflow/dags
[2025-03-14T12:47:06.711+0000] {manager.py:893} INFO - 
================================================================================
DAG File Processing Stats

File Path                               PID    Runtime      # DAGs    # Errors  Last Runtime    Last Run
--------------------------------------  -----  ---------  --------  ----------  --------------  -------------------
/opt/airflow/dags/ingest_historique.py                           1           0  0.77s           2025-03-14T12:47:03
/opt/airflow/dags/pipeline.py                                    1           0  1.18s           2025-03-14T12:46:42
================================================================================
[2025-03-14T12:47:34.656+0000] {manager.py:893} INFO - 
================================================================================
DAG File Processing Stats

File Path                                 PID  Runtime      # DAGs    # Errors  Last Runtime    Last Run
--------------------------------------  -----  ---------  --------  ----------  --------------  -------------------
/opt/airflow/dags/ingest_historique.py   2132  0.01s             1           0  0.77s           2025-03-14T12:47:03
/opt/airflow/dags/pipeline.py                                    1           0  1.05s           2025-03-14T12:47:13
================================================================================
[2025-03-14T12:48:02.316+0000] {manager.py:893} INFO - 
================================================================================
DAG File Processing Stats

File Path                               PID    Runtime      # DAGs    # Errors  Last Runtime    Last Run
--------------------------------------  -----  ---------  --------  ----------  --------------  -------------------
/opt/airflow/dags/ingest_historique.py                           1           0  0.79s           2025-03-14T12:47:35
/opt/airflow/dags/pipeline.py                                    1           0  1.09s           2025-03-14T12:47:45
================================================================================
[2025-03-14T12:48:30.299+0000] {manager.py:893} INFO - 
================================================================================
DAG File Processing Stats

File Path                               PID    Runtime      # DAGs    # Errors  Last Runtime    Last Run
--------------------------------------  -----  ---------  --------  ----------  --------------  -------------------
/opt/airflow/dags/ingest_historique.py                           1           0  1.00s           2025-03-14T12:48:07
/opt/airflow/dags/pipeline.py                                    1           0  1.09s           2025-03-14T12:48:17
================================================================================
[2025-03-14T12:48:58.154+0000] {manager.py:893} INFO - 
================================================================================
DAG File Processing Stats

File Path                               PID    Runtime      # DAGs    # Errors  Last Runtime    Last Run
--------------------------------------  -----  ---------  --------  ----------  --------------  -------------------
/opt/airflow/dags/ingest_historique.py                           1           0  0.86s           2025-03-14T12:48:38
/opt/airflow/dags/pipeline.py                                    1           0  1.19s           2025-03-14T12:48:49
================================================================================
[2025-03-14T12:49:26.006+0000] {manager.py:893} INFO - 
================================================================================
DAG File Processing Stats

File Path                               PID    Runtime      # DAGs    # Errors  Last Runtime    Last Run
--------------------------------------  -----  ---------  --------  ----------  --------------  -------------------
/opt/airflow/dags/ingest_historique.py                           1           0  0.81s           2025-03-14T12:49:09
/opt/airflow/dags/pipeline.py                                    1           0  1.11s           2025-03-14T12:49:21
================================================================================
[2025-03-14T12:49:53.918+0000] {manager.py:893} INFO - 
================================================================================
DAG File Processing Stats

File Path                               PID    Runtime      # DAGs    # Errors  Last Runtime    Last Run
--------------------------------------  -----  ---------  --------  ----------  --------------  -------------------
/opt/airflow/dags/ingest_historique.py                           1           0  0.98s           2025-03-14T12:49:40
/opt/airflow/dags/pipeline.py                                    1           0  1.26s           2025-03-14T12:49:53
================================================================================
[2025-03-14T12:50:21.839+0000] {manager.py:893} INFO - 
================================================================================
DAG File Processing Stats

File Path                               PID    Runtime      # DAGs    # Errors  Last Runtime    Last Run
--------------------------------------  -----  ---------  --------  ----------  --------------  -------------------
/opt/airflow/dags/ingest_historique.py                           1           0  0.92s           2025-03-14T12:50:11
/opt/airflow/dags/pipeline.py                                    1           0  1.26s           2025-03-14T12:49:53
================================================================================
[2025-03-14T12:50:49.681+0000] {manager.py:893} INFO - 
================================================================================
DAG File Processing Stats

File Path                               PID    Runtime      # DAGs    # Errors  Last Runtime    Last Run
--------------------------------------  -----  ---------  --------  ----------  --------------  -------------------
/opt/airflow/dags/ingest_historique.py                           1           0  0.90s           2025-03-14T12:50:43
/opt/airflow/dags/pipeline.py                                    1           0  1.07s           2025-03-14T12:50:24
================================================================================
[2025-03-14T12:51:17.468+0000] {manager.py:893} INFO - 
================================================================================
DAG File Processing Stats

File Path                               PID    Runtime      # DAGs    # Errors  Last Runtime    Last Run
--------------------------------------  -----  ---------  --------  ----------  --------------  -------------------
/opt/airflow/dags/ingest_historique.py                           1           0  0.70s           2025-03-14T12:51:14
/opt/airflow/dags/pipeline.py                                    1           0  1.15s           2025-03-14T12:50:56
================================================================================
[2025-03-14T12:51:45.266+0000] {manager.py:759} INFO - Searching for files in /opt/airflow/dags
[2025-03-14T12:51:45.295+0000] {manager.py:762} INFO - There are 2 files in /opt/airflow/dags
[2025-03-14T12:51:45.304+0000] {manager.py:893} INFO - 
================================================================================
DAG File Processing Stats

File Path                               PID    Runtime      # DAGs    # Errors  Last Runtime    Last Run
--------------------------------------  -----  ---------  --------  ----------  --------------  -------------------
/opt/airflow/dags/ingest_historique.py                           1           0  0.74s           2025-03-14T12:51:45
/opt/airflow/dags/pipeline.py                                    1           0  0.93s           2025-03-14T12:51:28
================================================================================
[2025-03-14T12:52:13.279+0000] {manager.py:893} INFO - 
================================================================================
DAG File Processing Stats

File Path                               PID    Runtime      # DAGs    # Errors  Last Runtime    Last Run
--------------------------------------  -----  ---------  --------  ----------  --------------  -------------------
/opt/airflow/dags/ingest_historique.py                           1           0  0.74s           2025-03-14T12:51:45
/opt/airflow/dags/pipeline.py                                    1           0  1.21s           2025-03-14T12:52:00
================================================================================
[2025-03-14T12:52:41.433+0000] {manager.py:893} INFO - 
================================================================================
DAG File Processing Stats

File Path                               PID    Runtime      # DAGs    # Errors  Last Runtime    Last Run
--------------------------------------  -----  ---------  --------  ----------  --------------  -------------------
/opt/airflow/dags/ingest_historique.py                           1           0  0.68s           2025-03-14T12:52:15
/opt/airflow/dags/pipeline.py                                    1           0  1.17s           2025-03-14T12:52:31
================================================================================
[2025-03-14T12:53:09.187+0000] {manager.py:893} INFO - 
================================================================================
DAG File Processing Stats

File Path                               PID    Runtime      # DAGs    # Errors  Last Runtime    Last Run
--------------------------------------  -----  ---------  --------  ----------  --------------  -------------------
/opt/airflow/dags/ingest_historique.py                           1           0  0.74s           2025-03-14T12:52:47
/opt/airflow/dags/pipeline.py                                    1           0  1.06s           2025-03-14T12:53:03
================================================================================
[2025-03-14T12:53:36.823+0000] {manager.py:893} INFO - 
================================================================================
DAG File Processing Stats

File Path                               PID    Runtime      # DAGs    # Errors  Last Runtime    Last Run
--------------------------------------  -----  ---------  --------  ----------  --------------  -------------------
/opt/airflow/dags/ingest_historique.py                           1           0  0.72s           2025-03-14T12:53:17
/opt/airflow/dags/pipeline.py                                    1           0  1.01s           2025-03-14T12:53:34
================================================================================
[2025-03-14T12:54:04.576+0000] {manager.py:893} INFO - 
================================================================================
DAG File Processing Stats

File Path                               PID    Runtime      # DAGs    # Errors  Last Runtime    Last Run
--------------------------------------  -----  ---------  --------  ----------  --------------  -------------------
/opt/airflow/dags/ingest_historique.py                           1           0  0.71s           2025-03-14T12:53:49
/opt/airflow/dags/pipeline.py                                    1           0  1.01s           2025-03-14T12:53:34
================================================================================
[2025-03-14T12:54:32.648+0000] {manager.py:893} INFO - 
================================================================================
DAG File Processing Stats

File Path                               PID    Runtime      # DAGs    # Errors  Last Runtime    Last Run
--------------------------------------  -----  ---------  --------  ----------  --------------  -------------------
/opt/airflow/dags/ingest_historique.py                           1           0  0.81s           2025-03-14T12:54:20
/opt/airflow/dags/pipeline.py                                    1           0  1.30s           2025-03-14T12:54:06
================================================================================
[2025-03-14T12:55:00.566+0000] {manager.py:893} INFO - 
================================================================================
DAG File Processing Stats

File Path                               PID    Runtime      # DAGs    # Errors  Last Runtime    Last Run
--------------------------------------  -----  ---------  --------  ----------  --------------  -------------------
/opt/airflow/dags/ingest_historique.py                           1           0  0.67s           2025-03-14T12:54:51
/opt/airflow/dags/pipeline.py                                    1           0  0.91s           2025-03-14T12:54:37
================================================================================
[2025-03-14T12:55:28.212+0000] {manager.py:893} INFO - 
================================================================================
DAG File Processing Stats

File Path                               PID    Runtime      # DAGs    # Errors  Last Runtime    Last Run
--------------------------------------  -----  ---------  --------  ----------  --------------  -------------------
/opt/airflow/dags/ingest_historique.py                           1           0  0.78s           2025-03-14T12:55:23
/opt/airflow/dags/pipeline.py                                    1           0  1.17s           2025-03-14T12:55:08
================================================================================
[2025-03-14T12:55:55.984+0000] {manager.py:893} INFO - 
================================================================================
DAG File Processing Stats

File Path                               PID    Runtime      # DAGs    # Errors  Last Runtime    Last Run
--------------------------------------  -----  ---------  --------  ----------  --------------  -------------------
/opt/airflow/dags/ingest_historique.py                           1           0  0.72s           2025-03-14T12:55:53
/opt/airflow/dags/pipeline.py                                    1           0  0.98s           2025-03-14T12:55:40
================================================================================
[2025-03-14T12:56:24.022+0000] {manager.py:893} INFO - 
================================================================================
DAG File Processing Stats

File Path                                 PID  Runtime      # DAGs    # Errors  Last Runtime    Last Run
--------------------------------------  -----  ---------  --------  ----------  --------------  -------------------
/opt/airflow/dags/ingest_historique.py   2336  0.00s             1           0  0.72s           2025-03-14T12:55:53
/opt/airflow/dags/pipeline.py                                    1           0  0.94s           2025-03-14T12:56:11
================================================================================
[2025-03-14T12:56:45.516+0000] {manager.py:759} INFO - Searching for files in /opt/airflow/dags
[2025-03-14T12:56:45.537+0000] {manager.py:762} INFO - There are 2 files in /opt/airflow/dags
[2025-03-14T12:56:51.601+0000] {manager.py:893} INFO - 
================================================================================
DAG File Processing Stats

File Path                               PID    Runtime      # DAGs    # Errors  Last Runtime    Last Run
--------------------------------------  -----  ---------  --------  ----------  --------------  -------------------
/opt/airflow/dags/ingest_historique.py                           1           0  0.77s           2025-03-14T12:56:24
/opt/airflow/dags/pipeline.py                                    1           0  1.11s           2025-03-14T12:56:42
================================================================================
[2025-03-14T12:57:19.344+0000] {manager.py:893} INFO - 
================================================================================
DAG File Processing Stats

File Path                               PID    Runtime      # DAGs    # Errors  Last Runtime    Last Run
--------------------------------------  -----  ---------  --------  ----------  --------------  -------------------
/opt/airflow/dags/ingest_historique.py                           1           0  0.69s           2025-03-14T12:56:56
/opt/airflow/dags/pipeline.py                                    1           0  1.01s           2025-03-14T12:57:14
================================================================================
[2025-03-14T12:57:47.226+0000] {manager.py:893} INFO - 
================================================================================
DAG File Processing Stats

File Path                               PID    Runtime      # DAGs    # Errors  Last Runtime    Last Run
--------------------------------------  -----  ---------  --------  ----------  --------------  -------------------
/opt/airflow/dags/ingest_historique.py                           1           0  0.67s           2025-03-14T12:57:27
/opt/airflow/dags/pipeline.py                                    1           0  1.53s           2025-03-14T12:57:46
================================================================================
[2025-03-14T12:58:15.527+0000] {manager.py:893} INFO - 
================================================================================
DAG File Processing Stats

File Path                               PID    Runtime      # DAGs    # Errors  Last Runtime    Last Run
--------------------------------------  -----  ---------  --------  ----------  --------------  -------------------
/opt/airflow/dags/ingest_historique.py                           1           0  1.20s           2025-03-14T12:57:58
/opt/airflow/dags/pipeline.py                                    1           0  1.53s           2025-03-14T12:57:46
================================================================================
[2025-03-14T12:58:43.310+0000] {manager.py:893} INFO - 
================================================================================
DAG File Processing Stats

File Path                               PID    Runtime      # DAGs    # Errors  Last Runtime    Last Run
--------------------------------------  -----  ---------  --------  ----------  --------------  -------------------
/opt/airflow/dags/ingest_historique.py                           1           0  0.73s           2025-03-14T12:58:30
/opt/airflow/dags/pipeline.py                                    1           0  1.16s           2025-03-14T12:58:17
================================================================================
[2025-03-14T12:59:11.138+0000] {manager.py:893} INFO - 
================================================================================
DAG File Processing Stats

File Path                               PID    Runtime      # DAGs    # Errors  Last Runtime    Last Run
--------------------------------------  -----  ---------  --------  ----------  --------------  -------------------
/opt/airflow/dags/ingest_historique.py                           1           0  0.66s           2025-03-14T12:59:01
/opt/airflow/dags/pipeline.py                                    1           0  0.91s           2025-03-14T12:58:49
================================================================================
[2025-03-14T12:59:39.006+0000] {manager.py:893} INFO - 
================================================================================
DAG File Processing Stats

File Path                               PID    Runtime      # DAGs    # Errors  Last Runtime    Last Run
--------------------------------------  -----  ---------  --------  ----------  --------------  -------------------
/opt/airflow/dags/ingest_historique.py                           1           0  0.70s           2025-03-14T12:59:32
/opt/airflow/dags/pipeline.py                                    1           0  0.85s           2025-03-14T12:59:20
================================================================================
[2025-03-14T13:00:06.911+0000] {manager.py:893} INFO - 
================================================================================
DAG File Processing Stats

File Path                               PID    Runtime      # DAGs    # Errors  Last Runtime    Last Run
--------------------------------------  -----  ---------  --------  ----------  --------------  -------------------
/opt/airflow/dags/ingest_historique.py                           1           0  0.89s           2025-03-14T13:00:03
/opt/airflow/dags/pipeline.py                                    1           0  1.47s           2025-03-14T12:59:53
================================================================================
[2025-03-14T13:00:34.944+0000] {manager.py:893} INFO - 
================================================================================
DAG File Processing Stats

File Path                               PID    Runtime      # DAGs    # Errors  Last Runtime    Last Run
--------------------------------------  -----  ---------  --------  ----------  --------------  -------------------
/opt/airflow/dags/ingest_historique.py                           1           0  0.74s           2025-03-14T13:00:33
/opt/airflow/dags/pipeline.py                                    1           0  0.91s           2025-03-14T13:00:24
================================================================================
[2025-03-14T13:01:03.021+0000] {manager.py:893} INFO - 
================================================================================
DAG File Processing Stats

File Path                               PID    Runtime      # DAGs    # Errors  Last Runtime    Last Run
--------------------------------------  -----  ---------  --------  ----------  --------------  -------------------
/opt/airflow/dags/ingest_historique.py                           1           0  0.74s           2025-03-14T13:00:33
/opt/airflow/dags/pipeline.py                                    1           0  1.34s           2025-03-14T13:00:56
================================================================================
[2025-03-14T13:01:31.262+0000] {manager.py:893} INFO - 
================================================================================
DAG File Processing Stats

File Path                               PID    Runtime      # DAGs    # Errors  Last Runtime    Last Run
--------------------------------------  -----  ---------  --------  ----------  --------------  -------------------
/opt/airflow/dags/ingest_historique.py                           1           0  0.63s           2025-03-14T13:01:04
/opt/airflow/dags/pipeline.py                                    1           0  0.90s           2025-03-14T13:01:27
================================================================================
[2025-03-14T13:01:45.915+0000] {manager.py:759} INFO - Searching for files in /opt/airflow/dags
[2025-03-14T13:01:45.959+0000] {manager.py:762} INFO - There are 2 files in /opt/airflow/dags
[2025-03-14T13:01:58.990+0000] {manager.py:893} INFO - 
================================================================================
DAG File Processing Stats

File Path                               PID    Runtime      # DAGs    # Errors  Last Runtime    Last Run
--------------------------------------  -----  ---------  --------  ----------  --------------  -------------------
/opt/airflow/dags/ingest_historique.py                           1           0  -1.60s          2025-03-14T13:01:33
/opt/airflow/dags/pipeline.py                                    1           0  1.45s           2025-03-14T13:01:58
================================================================================
[2025-03-14T13:02:27.082+0000] {manager.py:893} INFO - 
================================================================================
DAG File Processing Stats

File Path                               PID    Runtime      # DAGs    # Errors  Last Runtime    Last Run
--------------------------------------  -----  ---------  --------  ----------  --------------  -------------------
/opt/airflow/dags/ingest_historique.py                           1           0  0.66s           2025-03-14T13:02:04
/opt/airflow/dags/pipeline.py                                    1           0  1.45s           2025-03-14T13:01:58
================================================================================
[2025-03-14T13:02:55.085+0000] {manager.py:893} INFO - 
================================================================================
DAG File Processing Stats

File Path                               PID    Runtime      # DAGs    # Errors  Last Runtime    Last Run
--------------------------------------  -----  ---------  --------  ----------  --------------  -------------------
/opt/airflow/dags/ingest_historique.py                           1           0  0.71s           2025-03-14T13:02:35
/opt/airflow/dags/pipeline.py                                    1           0  1.46s           2025-03-14T13:02:30
================================================================================
[2025-03-14T13:03:23.608+0000] {manager.py:893} INFO - 
================================================================================
DAG File Processing Stats

File Path                               PID    Runtime      # DAGs    # Errors  Last Runtime    Last Run
--------------------------------------  -----  ---------  --------  ----------  --------------  -------------------
/opt/airflow/dags/ingest_historique.py                           1           0  1.11s           2025-03-14T13:03:07
/opt/airflow/dags/pipeline.py                                    1           0  1.65s           2025-03-14T13:03:02
================================================================================
[2025-03-14T13:03:51.325+0000] {manager.py:893} INFO - 
================================================================================
DAG File Processing Stats

File Path                               PID    Runtime      # DAGs    # Errors  Last Runtime    Last Run
--------------------------------------  -----  ---------  --------  ----------  --------------  -------------------
/opt/airflow/dags/ingest_historique.py                           1           0  0.69s           2025-03-14T13:03:38
/opt/airflow/dags/pipeline.py                                    1           0  1.08s           2025-03-14T13:03:33
================================================================================
[2025-03-14T13:04:19.235+0000] {manager.py:893} INFO - 
================================================================================
DAG File Processing Stats

File Path                               PID    Runtime      # DAGs    # Errors  Last Runtime    Last Run
--------------------------------------  -----  ---------  --------  ----------  --------------  -------------------
/opt/airflow/dags/ingest_historique.py                           1           0  0.81s           2025-03-14T13:04:09
/opt/airflow/dags/pipeline.py                                    1           0  0.91s           2025-03-14T13:04:05
================================================================================
[2025-03-14T13:04:46.937+0000] {manager.py:893} INFO - 
================================================================================
DAG File Processing Stats

File Path                               PID    Runtime      # DAGs    # Errors  Last Runtime    Last Run
--------------------------------------  -----  ---------  --------  ----------  --------------  -------------------
/opt/airflow/dags/ingest_historique.py                           1           0  0.76s           2025-03-14T13:04:40
/opt/airflow/dags/pipeline.py                                    1           0  0.92s           2025-03-14T13:04:36
================================================================================
[2025-03-14T13:05:14.806+0000] {manager.py:893} INFO - 
================================================================================
DAG File Processing Stats

File Path                               PID    Runtime      # DAGs    # Errors  Last Runtime    Last Run
--------------------------------------  -----  ---------  --------  ----------  --------------  -------------------
/opt/airflow/dags/ingest_historique.py                           1           0  0.62s           2025-03-14T13:05:11
/opt/airflow/dags/pipeline.py                                    1           0  0.94s           2025-03-14T13:05:07
================================================================================
[2025-03-14T13:05:42.687+0000] {manager.py:893} INFO - 
================================================================================
DAG File Processing Stats

File Path                                 PID  Runtime      # DAGs    # Errors  Last Runtime    Last Run
--------------------------------------  -----  ---------  --------  ----------  --------------  -------------------
/opt/airflow/dags/ingest_historique.py   2552  0.80s             1           0  0.62s           2025-03-14T13:05:11
/opt/airflow/dags/pipeline.py                                    1           0  0.90s           2025-03-14T13:05:38
================================================================================
[2025-03-14T13:06:10.627+0000] {manager.py:893} INFO - 
================================================================================
DAG File Processing Stats

File Path                                 PID  Runtime      # DAGs    # Errors  Last Runtime    Last Run
--------------------------------------  -----  ---------  --------  ----------  --------------  -------------------
/opt/airflow/dags/ingest_historique.py                           1           0  0.93s           2025-03-14T13:05:42
/opt/airflow/dags/pipeline.py            2558  1.01s             1           0  0.90s           2025-03-14T13:05:38
================================================================================
[2025-03-14T13:06:38.136+0000] {manager.py:893} INFO - 
================================================================================
DAG File Processing Stats

File Path                               PID    Runtime      # DAGs    # Errors  Last Runtime    Last Run
--------------------------------------  -----  ---------  --------  ----------  --------------  -------------------
/opt/airflow/dags/ingest_historique.py                           1           0  0.69s           2025-03-14T13:06:13
/opt/airflow/dags/pipeline.py                                    1           0  1.17s           2025-03-14T13:06:10
================================================================================
[2025-03-14T13:06:46.316+0000] {manager.py:759} INFO - Searching for files in /opt/airflow/dags
[2025-03-14T13:06:46.343+0000] {manager.py:762} INFO - There are 2 files in /opt/airflow/dags
[2025-03-14T13:07:05.738+0000] {manager.py:893} INFO - 
================================================================================
DAG File Processing Stats

File Path                               PID    Runtime      # DAGs    # Errors  Last Runtime    Last Run
--------------------------------------  -----  ---------  --------  ----------  --------------  -------------------
/opt/airflow/dags/ingest_historique.py                           1           0  1.20s           2025-03-14T13:06:45
/opt/airflow/dags/pipeline.py                                    1           0  2.04s           2025-03-14T13:06:43
================================================================================
[2025-03-14T13:07:33.498+0000] {manager.py:893} INFO - 
================================================================================
DAG File Processing Stats

File Path                               PID    Runtime      # DAGs    # Errors  Last Runtime    Last Run
--------------------------------------  -----  ---------  --------  ----------  --------------  -------------------
/opt/airflow/dags/ingest_historique.py                           1           0  0.77s           2025-03-14T13:07:16
/opt/airflow/dags/pipeline.py                                    1           0  1.09s           2025-03-14T13:07:14
================================================================================
[2025-03-14T13:07:58.948+0000] {manager.py:893} INFO - 
================================================================================
DAG File Processing Stats

File Path                               PID    Runtime      # DAGs    # Errors  Last Runtime    Last Run
--------------------------------------  -----  ---------  --------  ----------  --------------  -------------------
/opt/airflow/dags/ingest_historique.py                           1           0  0.98s           2025-03-14T13:07:48
/opt/airflow/dags/pipeline.py                                    1           0  1.08s           2025-03-14T13:07:46
================================================================================
[2025-03-14T13:08:26.840+0000] {manager.py:893} INFO - 
================================================================================
DAG File Processing Stats

File Path                               PID    Runtime      # DAGs    # Errors  Last Runtime    Last Run
--------------------------------------  -----  ---------  --------  ----------  --------------  -------------------
/opt/airflow/dags/ingest_historique.py                           1           0  0.92s           2025-03-14T13:08:20
/opt/airflow/dags/pipeline.py                                    1           0  1.07s           2025-03-14T13:08:18
================================================================================
[2025-03-14T13:08:55.126+0000] {manager.py:893} INFO - 
================================================================================
DAG File Processing Stats

File Path                               PID    Runtime      # DAGs    # Errors  Last Runtime    Last Run
--------------------------------------  -----  ---------  --------  ----------  --------------  -------------------
/opt/airflow/dags/ingest_historique.py                           1           0  1.23s           2025-03-14T13:08:51
/opt/airflow/dags/pipeline.py                                    1           0  1.29s           2025-03-14T13:08:50
================================================================================
[2025-03-14T13:09:23.198+0000] {manager.py:893} INFO - 
================================================================================
DAG File Processing Stats

File Path                               PID    Runtime      # DAGs    # Errors  Last Runtime    Last Run
--------------------------------------  -----  ---------  --------  ----------  --------------  -------------------
/opt/airflow/dags/ingest_historique.py                           1           0  0.80s           2025-03-14T13:09:22
/opt/airflow/dags/pipeline.py                                    1           0  1.39s           2025-03-14T13:09:21
================================================================================
[2025-03-14T13:09:51.019+0000] {manager.py:893} INFO - 
================================================================================
DAG File Processing Stats

File Path                               PID    Runtime      # DAGs    # Errors  Last Runtime    Last Run
--------------------------------------  -----  ---------  --------  ----------  --------------  -------------------
/opt/airflow/dags/ingest_historique.py                           1           0  0.80s           2025-03-14T13:09:22
/opt/airflow/dags/pipeline.py                                    1           0  1.39s           2025-03-14T13:09:21
================================================================================
[2025-03-14T13:10:19.233+0000] {manager.py:893} INFO - 
================================================================================
DAG File Processing Stats

File Path                               PID    Runtime      # DAGs    # Errors  Last Runtime    Last Run
--------------------------------------  -----  ---------  --------  ----------  --------------  -------------------
/opt/airflow/dags/ingest_historique.py                           1           0  2.86s           2025-03-14T13:09:55
/opt/airflow/dags/pipeline.py                                    1           0  4.03s           2025-03-14T13:09:56
================================================================================
[2025-03-14T13:10:47.056+0000] {manager.py:893} INFO - 
================================================================================
DAG File Processing Stats

File Path                               PID    Runtime      # DAGs    # Errors  Last Runtime    Last Run
--------------------------------------  -----  ---------  --------  ----------  --------------  -------------------
/opt/airflow/dags/ingest_historique.py                           1           0  3.56s           2025-03-14T13:10:30
/opt/airflow/dags/pipeline.py                                    1           0  5.53s           2025-03-14T13:10:31
================================================================================
[2025-03-14T13:11:14.675+0000] {manager.py:893} INFO - 
================================================================================
DAG File Processing Stats

File Path                               PID    Runtime      # DAGs    # Errors  Last Runtime    Last Run
--------------------------------------  -----  ---------  --------  ----------  --------------  -------------------
/opt/airflow/dags/ingest_historique.py                           1           0  1.99s           2025-03-14T13:11:02
/opt/airflow/dags/pipeline.py                                    1           0  3.25s           2025-03-14T13:11:05
================================================================================
[2025-03-14T13:11:42.280+0000] {manager.py:893} INFO - 
================================================================================
DAG File Processing Stats

File Path                               PID    Runtime      # DAGs    # Errors  Last Runtime    Last Run
--------------------------------------  -----  ---------  --------  ----------  --------------  -------------------
/opt/airflow/dags/ingest_historique.py                           1           0  1.56s           2025-03-14T13:11:34
/opt/airflow/dags/pipeline.py                                    1           0  3.01s           2025-03-14T13:11:39
================================================================================
[2025-03-14T13:11:46.342+0000] {manager.py:759} INFO - Searching for files in /opt/airflow/dags
[2025-03-14T13:11:46.393+0000] {manager.py:762} INFO - There are 2 files in /opt/airflow/dags
[2025-03-14T13:12:10.307+0000] {manager.py:893} INFO - 
================================================================================
DAG File Processing Stats

File Path                                 PID  Runtime      # DAGs    # Errors  Last Runtime    Last Run
--------------------------------------  -----  ---------  --------  ----------  --------------  -------------------
/opt/airflow/dags/ingest_historique.py                           1           0  0.59s           2025-03-14T13:12:05
/opt/airflow/dags/pipeline.py            2696  1.02s             1           0  3.01s           2025-03-14T13:11:39
================================================================================
[2025-03-14T13:12:37.921+0000] {manager.py:893} INFO - 
================================================================================
DAG File Processing Stats

File Path                               PID    Runtime      # DAGs    # Errors  Last Runtime    Last Run
--------------------------------------  -----  ---------  --------  ----------  --------------  -------------------
/opt/airflow/dags/ingest_historique.py                           1           0  -1.66s          2025-03-14T13:12:34
/opt/airflow/dags/pipeline.py                                    1           0  1.07s           2025-03-14T13:12:10
================================================================================
[2025-03-14T13:13:05.817+0000] {manager.py:893} INFO - 
================================================================================
DAG File Processing Stats

File Path                                 PID  Runtime      # DAGs    # Errors  Last Runtime    Last Run
--------------------------------------  -----  ---------  --------  ----------  --------------  -------------------
/opt/airflow/dags/ingest_historique.py   2714  0.01s             1           0  -1.66s          2025-03-14T13:12:34
/opt/airflow/dags/pipeline.py                                    1           0  1.09s           2025-03-14T13:12:42
================================================================================
[2025-03-14T13:13:33.738+0000] {manager.py:893} INFO - 
================================================================================
DAG File Processing Stats

File Path                               PID    Runtime      # DAGs    # Errors  Last Runtime    Last Run
--------------------------------------  -----  ---------  --------  ----------  --------------  -------------------
/opt/airflow/dags/ingest_historique.py                           1           0  0.93s           2025-03-14T13:13:06
/opt/airflow/dags/pipeline.py                                    1           0  1.09s           2025-03-14T13:13:13
================================================================================
[2025-03-14T13:14:01.649+0000] {manager.py:893} INFO - 
================================================================================
DAG File Processing Stats

File Path                               PID    Runtime      # DAGs    # Errors  Last Runtime    Last Run
--------------------------------------  -----  ---------  --------  ----------  --------------  -------------------
/opt/airflow/dags/ingest_historique.py                           1           0  0.57s           2025-03-14T13:13:37
/opt/airflow/dags/pipeline.py                                    1           0  0.97s           2025-03-14T13:13:45
================================================================================
[2025-03-14T13:14:30.172+0000] {manager.py:893} INFO - 
================================================================================
DAG File Processing Stats

File Path                               PID    Runtime      # DAGs    # Errors  Last Runtime    Last Run
--------------------------------------  -----  ---------  --------  ----------  --------------  -------------------
/opt/airflow/dags/ingest_historique.py                           1           0  0.57s           2025-03-14T13:14:08
/opt/airflow/dags/pipeline.py                                    1           0  1.02s           2025-03-14T13:14:17
================================================================================
[2025-03-14T13:14:58.063+0000] {manager.py:893} INFO - 
================================================================================
DAG File Processing Stats

File Path                               PID    Runtime      # DAGs    # Errors  Last Runtime    Last Run
--------------------------------------  -----  ---------  --------  ----------  --------------  -------------------
/opt/airflow/dags/ingest_historique.py                           1           0  1.16s           2025-03-14T13:14:39
/opt/airflow/dags/pipeline.py                                    1           0  1.09s           2025-03-14T13:14:48
================================================================================
[2025-03-14T13:15:26.163+0000] {manager.py:893} INFO - 
================================================================================
DAG File Processing Stats

File Path                               PID    Runtime      # DAGs    # Errors  Last Runtime    Last Run
--------------------------------------  -----  ---------  --------  ----------  --------------  -------------------
/opt/airflow/dags/ingest_historique.py                           1           0  0.63s           2025-03-14T13:15:10
/opt/airflow/dags/pipeline.py                                    1           0  0.96s           2025-03-14T13:15:19
================================================================================
[2025-03-14T13:15:53.887+0000] {manager.py:893} INFO - 
================================================================================
DAG File Processing Stats

File Path                               PID    Runtime      # DAGs    # Errors  Last Runtime    Last Run
--------------------------------------  -----  ---------  --------  ----------  --------------  -------------------
/opt/airflow/dags/ingest_historique.py                           1           0  0.86s           2025-03-14T13:15:41
/opt/airflow/dags/pipeline.py                                    1           0  1.79s           2025-03-14T13:15:51
================================================================================
[2025-03-14T13:16:21.628+0000] {manager.py:893} INFO - 
================================================================================
DAG File Processing Stats

File Path                               PID    Runtime      # DAGs    # Errors  Last Runtime    Last Run
--------------------------------------  -----  ---------  --------  ----------  --------------  -------------------
/opt/airflow/dags/ingest_historique.py                           1           0  0.76s           2025-03-14T13:16:12
/opt/airflow/dags/pipeline.py                                    1           0  1.79s           2025-03-14T13:15:51
================================================================================
[2025-03-14T13:16:46.353+0000] {manager.py:759} INFO - Searching for files in /opt/airflow/dags
[2025-03-14T13:16:46.392+0000] {manager.py:762} INFO - There are 2 files in /opt/airflow/dags
[2025-03-14T13:16:49.438+0000] {manager.py:893} INFO - 
================================================================================
DAG File Processing Stats

File Path                               PID    Runtime      # DAGs    # Errors  Last Runtime    Last Run
--------------------------------------  -----  ---------  --------  ----------  --------------  -------------------
/opt/airflow/dags/ingest_historique.py                           1           0  0.63s           2025-03-14T13:16:43
/opt/airflow/dags/pipeline.py                                    1           0  1.19s           2025-03-14T13:16:23
================================================================================
[2025-03-14T13:17:17.491+0000] {manager.py:893} INFO - 
================================================================================
DAG File Processing Stats

File Path                               PID    Runtime      # DAGs    # Errors  Last Runtime    Last Run
--------------------------------------  -----  ---------  --------  ----------  --------------  -------------------
/opt/airflow/dags/ingest_historique.py                           1           0  0.84s           2025-03-14T13:17:15
/opt/airflow/dags/pipeline.py                                    1           0  1.07s           2025-03-14T13:16:54
================================================================================
[2025-03-14T13:17:45.462+0000] {manager.py:893} INFO - 
================================================================================
DAG File Processing Stats

File Path                               PID    Runtime      # DAGs    # Errors  Last Runtime    Last Run
--------------------------------------  -----  ---------  --------  ----------  --------------  -------------------
/opt/airflow/dags/ingest_historique.py                           1           0  0.84s           2025-03-14T13:17:15
/opt/airflow/dags/pipeline.py                                    1           0  1.13s           2025-03-14T13:17:26
================================================================================
[2025-03-14T13:18:13.029+0000] {manager.py:893} INFO - 
================================================================================
DAG File Processing Stats

File Path                               PID    Runtime      # DAGs    # Errors  Last Runtime    Last Run
--------------------------------------  -----  ---------  --------  ----------  --------------  -------------------
/opt/airflow/dags/ingest_historique.py                           1           0  0.59s           2025-03-14T13:17:46
/opt/airflow/dags/pipeline.py                                    1           0  1.04s           2025-03-14T13:17:58
================================================================================
[2025-03-14T13:18:41.503+0000] {manager.py:893} INFO - 
================================================================================
DAG File Processing Stats

File Path                               PID    Runtime      # DAGs    # Errors  Last Runtime    Last Run
--------------------------------------  -----  ---------  --------  ----------  --------------  -------------------
/opt/airflow/dags/ingest_historique.py                           1           0  0.55s           2025-03-14T13:18:17
/opt/airflow/dags/pipeline.py                                    1           0  1.06s           2025-03-14T13:18:29
================================================================================
[2025-03-14T13:19:09.104+0000] {manager.py:893} INFO - 
================================================================================
DAG File Processing Stats

File Path                               PID    Runtime      # DAGs    # Errors  Last Runtime    Last Run
--------------------------------------  -----  ---------  --------  ----------  --------------  -------------------
/opt/airflow/dags/ingest_historique.py                           1           0  0.57s           2025-03-14T13:18:49
/opt/airflow/dags/pipeline.py                                    1           0  1.13s           2025-03-14T13:19:01
================================================================================
[2025-03-14T13:19:36.629+0000] {manager.py:893} INFO - 
================================================================================
DAG File Processing Stats

File Path                               PID    Runtime      # DAGs    # Errors  Last Runtime    Last Run
--------------------------------------  -----  ---------  --------  ----------  --------------  -------------------
/opt/airflow/dags/ingest_historique.py                           1           0  0.73s           2025-03-14T13:19:19
/opt/airflow/dags/pipeline.py                                    1           0  1.11s           2025-03-14T13:19:32
================================================================================
[2025-03-14T13:20:04.747+0000] {manager.py:893} INFO - 
================================================================================
DAG File Processing Stats

File Path                               PID    Runtime      # DAGs    # Errors  Last Runtime    Last Run
--------------------------------------  -----  ---------  --------  ----------  --------------  -------------------
/opt/airflow/dags/ingest_historique.py                           1           0  0.64s           2025-03-14T13:19:51
/opt/airflow/dags/pipeline.py                                    1           0  1.19s           2025-03-14T13:20:03
================================================================================
[2025-03-14T13:20:32.389+0000] {manager.py:893} INFO - 
================================================================================
DAG File Processing Stats

File Path                               PID    Runtime      # DAGs    # Errors  Last Runtime    Last Run
--------------------------------------  -----  ---------  --------  ----------  --------------  -------------------
/opt/airflow/dags/ingest_historique.py                           1           0  0.69s           2025-03-14T13:20:22
/opt/airflow/dags/pipeline.py                                    1           0  1.19s           2025-03-14T13:20:03
================================================================================
[2025-03-14T13:21:00.207+0000] {manager.py:893} INFO - 
================================================================================
DAG File Processing Stats

File Path                               PID    Runtime      # DAGs    # Errors  Last Runtime    Last Run
--------------------------------------  -----  ---------  --------  ----------  --------------  -------------------
/opt/airflow/dags/ingest_historique.py                           1           0  0.54s           2025-03-14T13:20:53
/opt/airflow/dags/pipeline.py                                    1           0  1.01s           2025-03-14T13:20:35
================================================================================
[2025-03-14T13:21:28.272+0000] {manager.py:893} INFO - 
================================================================================
DAG File Processing Stats

File Path                               PID    Runtime      # DAGs    # Errors  Last Runtime    Last Run
--------------------------------------  -----  ---------  --------  ----------  --------------  -------------------
/opt/airflow/dags/ingest_historique.py                           1           0  0.52s           2025-03-14T13:21:24
/opt/airflow/dags/pipeline.py                                    1           0  1.08s           2025-03-14T13:21:06
================================================================================
[2025-03-14T13:21:46.513+0000] {manager.py:759} INFO - Searching for files in /opt/airflow/dags
[2025-03-14T13:21:46.537+0000] {manager.py:762} INFO - There are 2 files in /opt/airflow/dags
[2025-03-14T13:21:55.866+0000] {manager.py:893} INFO - 
================================================================================
DAG File Processing Stats

File Path                               PID    Runtime      # DAGs    # Errors  Last Runtime    Last Run
--------------------------------------  -----  ---------  --------  ----------  --------------  -------------------
/opt/airflow/dags/ingest_historique.py                           1           0  0.59s           2025-03-14T13:21:55
/opt/airflow/dags/pipeline.py                                    1           0  1.08s           2025-03-14T13:21:37
================================================================================
[2025-03-14T13:22:23.804+0000] {manager.py:893} INFO - 
================================================================================
DAG File Processing Stats

File Path                               PID    Runtime      # DAGs    # Errors  Last Runtime    Last Run
--------------------------------------  -----  ---------  --------  ----------  --------------  -------------------
/opt/airflow/dags/ingest_historique.py                           1           0  0.59s           2025-03-14T13:21:55
/opt/airflow/dags/pipeline.py                                    1           0  0.98s           2025-03-14T13:22:08
================================================================================
[2025-03-14T13:22:51.879+0000] {manager.py:893} INFO - 
================================================================================
DAG File Processing Stats

File Path                               PID    Runtime      # DAGs    # Errors  Last Runtime    Last Run
--------------------------------------  -----  ---------  --------  ----------  --------------  -------------------
/opt/airflow/dags/ingest_historique.py                           1           0  0.71s           2025-03-14T13:22:26
/opt/airflow/dags/pipeline.py                                    1           0  1.54s           2025-03-14T13:22:40
================================================================================
[2025-03-14T13:23:19.376+0000] {manager.py:893} INFO - 
================================================================================
DAG File Processing Stats

File Path                               PID    Runtime      # DAGs    # Errors  Last Runtime    Last Run
--------------------------------------  -----  ---------  --------  ----------  --------------  -------------------
/opt/airflow/dags/ingest_historique.py                           1           0  0.68s           2025-03-14T13:22:57
/opt/airflow/dags/pipeline.py                                    1           0  1.39s           2025-03-14T13:23:12
================================================================================
