[2025-02-14T00:49:46.976+0000] {processor.py:186} INFO - Started process (PID=241) to work on /opt/airflow/dags/new_dags.py
[2025-02-14T00:49:46.981+0000] {processor.py:914} INFO - Processing file /opt/airflow/dags/new_dags.py for tasks to queue
[2025-02-14T00:49:46.995+0000] {logging_mixin.py:190} INFO - [2025-02-14T00:49:46.992+0000] {dagbag.py:588} INFO - Filling up the DagBag from /opt/airflow/dags/new_dags.py
[2025-02-14T00:49:47.082+0000] {processor.py:925} INFO - DAG(s) 'welcome_dag' retrieved from /opt/airflow/dags/new_dags.py
[2025-02-14T00:49:47.626+0000] {logging_mixin.py:190} INFO - [2025-02-14T00:49:47.626+0000] {dag.py:3239} INFO - Sync 1 DAGs
[2025-02-14T00:49:47.684+0000] {logging_mixin.py:190} INFO - [2025-02-14T00:49:47.683+0000] {dag.py:4180} INFO - Setting next_dagrun for welcome_dag to 2025-02-14 00:48:00+00:00, run_after=2025-02-14 00:49:00+00:00
[2025-02-14T00:49:47.778+0000] {processor.py:208} INFO - Processing /opt/airflow/dags/new_dags.py took 0.834 seconds
[2025-02-14T00:50:18.654+0000] {processor.py:186} INFO - Started process (PID=242) to work on /opt/airflow/dags/new_dags.py
[2025-02-14T00:50:18.658+0000] {processor.py:914} INFO - Processing file /opt/airflow/dags/new_dags.py for tasks to queue
[2025-02-14T00:50:18.664+0000] {logging_mixin.py:190} INFO - [2025-02-14T00:50:18.663+0000] {dagbag.py:588} INFO - Filling up the DagBag from /opt/airflow/dags/new_dags.py
[2025-02-14T00:50:18.725+0000] {processor.py:925} INFO - DAG(s) 'welcome_dag' retrieved from /opt/airflow/dags/new_dags.py
[2025-02-14T00:50:18.786+0000] {logging_mixin.py:190} INFO - [2025-02-14T00:50:18.785+0000] {dag.py:3239} INFO - Sync 1 DAGs
[2025-02-14T00:50:18.834+0000] {logging_mixin.py:190} INFO - [2025-02-14T00:50:18.833+0000] {dag.py:4180} INFO - Setting next_dagrun for welcome_dag to 2025-02-14 00:49:00+00:00, run_after=2025-02-14 00:50:00+00:00
[2025-02-14T00:50:18.980+0000] {processor.py:208} INFO - Processing /opt/airflow/dags/new_dags.py took 0.353 seconds
[2025-02-14T00:50:50.193+0000] {processor.py:186} INFO - Started process (PID=243) to work on /opt/airflow/dags/new_dags.py
[2025-02-14T00:50:50.195+0000] {processor.py:914} INFO - Processing file /opt/airflow/dags/new_dags.py for tasks to queue
[2025-02-14T00:50:50.198+0000] {logging_mixin.py:190} INFO - [2025-02-14T00:50:50.198+0000] {dagbag.py:588} INFO - Filling up the DagBag from /opt/airflow/dags/new_dags.py
[2025-02-14T00:50:50.255+0000] {processor.py:925} INFO - DAG(s) 'welcome_dag' retrieved from /opt/airflow/dags/new_dags.py
[2025-02-14T00:50:50.313+0000] {logging_mixin.py:190} INFO - [2025-02-14T00:50:50.313+0000] {dag.py:3239} INFO - Sync 1 DAGs
[2025-02-14T00:50:50.392+0000] {logging_mixin.py:190} INFO - [2025-02-14T00:50:50.392+0000] {dag.py:4180} INFO - Setting next_dagrun for welcome_dag to 2025-02-14 00:49:00+00:00, run_after=2025-02-14 00:50:00+00:00
[2025-02-14T00:50:50.580+0000] {processor.py:208} INFO - Processing /opt/airflow/dags/new_dags.py took 0.396 seconds
[2025-02-14T00:51:21.132+0000] {processor.py:186} INFO - Started process (PID=244) to work on /opt/airflow/dags/new_dags.py
[2025-02-14T00:51:21.134+0000] {processor.py:914} INFO - Processing file /opt/airflow/dags/new_dags.py for tasks to queue
[2025-02-14T00:51:21.139+0000] {logging_mixin.py:190} INFO - [2025-02-14T00:51:21.138+0000] {dagbag.py:588} INFO - Filling up the DagBag from /opt/airflow/dags/new_dags.py
[2025-02-14T00:51:21.203+0000] {processor.py:925} INFO - DAG(s) 'welcome_dag' retrieved from /opt/airflow/dags/new_dags.py
[2025-02-14T00:51:21.258+0000] {logging_mixin.py:190} INFO - [2025-02-14T00:51:21.258+0000] {dag.py:3239} INFO - Sync 1 DAGs
[2025-02-14T00:51:21.302+0000] {logging_mixin.py:190} INFO - [2025-02-14T00:51:21.301+0000] {dag.py:4180} INFO - Setting next_dagrun for welcome_dag to 2025-02-14 00:50:00+00:00, run_after=2025-02-14 00:51:00+00:00
[2025-02-14T00:51:21.447+0000] {processor.py:208} INFO - Processing /opt/airflow/dags/new_dags.py took 0.323 seconds
[2025-02-14T00:51:51.734+0000] {processor.py:186} INFO - Started process (PID=245) to work on /opt/airflow/dags/new_dags.py
[2025-02-14T00:51:51.736+0000] {processor.py:914} INFO - Processing file /opt/airflow/dags/new_dags.py for tasks to queue
[2025-02-14T00:51:51.740+0000] {logging_mixin.py:190} INFO - [2025-02-14T00:51:51.740+0000] {dagbag.py:588} INFO - Filling up the DagBag from /opt/airflow/dags/new_dags.py
[2025-02-14T00:51:51.798+0000] {processor.py:925} INFO - DAG(s) 'welcome_dag' retrieved from /opt/airflow/dags/new_dags.py
[2025-02-14T00:51:51.852+0000] {logging_mixin.py:190} INFO - [2025-02-14T00:51:51.852+0000] {dag.py:3239} INFO - Sync 1 DAGs
[2025-02-14T00:51:51.904+0000] {logging_mixin.py:190} INFO - [2025-02-14T00:51:51.903+0000] {dag.py:4180} INFO - Setting next_dagrun for welcome_dag to 2025-02-14 00:50:00+00:00, run_after=2025-02-14 00:51:00+00:00
[2025-02-14T00:51:52.047+0000] {processor.py:208} INFO - Processing /opt/airflow/dags/new_dags.py took 0.330 seconds
[2025-02-14T00:52:23.134+0000] {processor.py:186} INFO - Started process (PID=246) to work on /opt/airflow/dags/new_dags.py
[2025-02-14T00:52:23.135+0000] {processor.py:914} INFO - Processing file /opt/airflow/dags/new_dags.py for tasks to queue
[2025-02-14T00:52:23.138+0000] {logging_mixin.py:190} INFO - [2025-02-14T00:52:23.138+0000] {dagbag.py:588} INFO - Filling up the DagBag from /opt/airflow/dags/new_dags.py
[2025-02-14T00:52:23.192+0000] {processor.py:925} INFO - DAG(s) 'welcome_dag' retrieved from /opt/airflow/dags/new_dags.py
[2025-02-14T00:52:23.248+0000] {logging_mixin.py:190} INFO - [2025-02-14T00:52:23.248+0000] {dag.py:3239} INFO - Sync 1 DAGs
[2025-02-14T00:52:23.300+0000] {logging_mixin.py:190} INFO - [2025-02-14T00:52:23.299+0000] {dag.py:4180} INFO - Setting next_dagrun for welcome_dag to 2025-02-14 00:51:00+00:00, run_after=2025-02-14 00:52:00+00:00
[2025-02-14T00:52:23.447+0000] {processor.py:208} INFO - Processing /opt/airflow/dags/new_dags.py took 0.321 seconds
[2025-02-14T00:52:54.073+0000] {processor.py:186} INFO - Started process (PID=247) to work on /opt/airflow/dags/new_dags.py
[2025-02-14T00:52:54.075+0000] {processor.py:914} INFO - Processing file /opt/airflow/dags/new_dags.py for tasks to queue
[2025-02-14T00:52:54.078+0000] {logging_mixin.py:190} INFO - [2025-02-14T00:52:54.077+0000] {dagbag.py:588} INFO - Filling up the DagBag from /opt/airflow/dags/new_dags.py
[2025-02-14T00:52:54.125+0000] {processor.py:925} INFO - DAG(s) 'welcome_dag' retrieved from /opt/airflow/dags/new_dags.py
[2025-02-14T00:52:54.176+0000] {logging_mixin.py:190} INFO - [2025-02-14T00:52:54.175+0000] {dag.py:3239} INFO - Sync 1 DAGs
[2025-02-14T00:52:54.232+0000] {logging_mixin.py:190} INFO - [2025-02-14T00:52:54.232+0000] {dag.py:4180} INFO - Setting next_dagrun for welcome_dag to 2025-02-14 00:51:00+00:00, run_after=2025-02-14 00:52:00+00:00
[2025-02-14T00:52:54.372+0000] {processor.py:208} INFO - Processing /opt/airflow/dags/new_dags.py took 0.318 seconds
[2025-02-14T00:53:25.047+0000] {processor.py:186} INFO - Started process (PID=248) to work on /opt/airflow/dags/new_dags.py
[2025-02-14T00:53:25.049+0000] {processor.py:914} INFO - Processing file /opt/airflow/dags/new_dags.py for tasks to queue
[2025-02-14T00:53:25.053+0000] {logging_mixin.py:190} INFO - [2025-02-14T00:53:25.052+0000] {dagbag.py:588} INFO - Filling up the DagBag from /opt/airflow/dags/new_dags.py
[2025-02-14T00:53:25.120+0000] {processor.py:925} INFO - DAG(s) 'welcome_dag' retrieved from /opt/airflow/dags/new_dags.py
[2025-02-14T00:53:25.185+0000] {logging_mixin.py:190} INFO - [2025-02-14T00:53:25.185+0000] {dag.py:3239} INFO - Sync 1 DAGs
[2025-02-14T00:53:25.237+0000] {logging_mixin.py:190} INFO - [2025-02-14T00:53:25.237+0000] {dag.py:4180} INFO - Setting next_dagrun for welcome_dag to 2025-02-14 00:52:00+00:00, run_after=2025-02-14 00:53:00+00:00
[2025-02-14T00:53:25.374+0000] {processor.py:208} INFO - Processing /opt/airflow/dags/new_dags.py took 0.338 seconds
[2025-02-14T00:53:55.680+0000] {processor.py:186} INFO - Started process (PID=249) to work on /opt/airflow/dags/new_dags.py
[2025-02-14T00:53:55.682+0000] {processor.py:914} INFO - Processing file /opt/airflow/dags/new_dags.py for tasks to queue
[2025-02-14T00:53:55.685+0000] {logging_mixin.py:190} INFO - [2025-02-14T00:53:55.685+0000] {dagbag.py:588} INFO - Filling up the DagBag from /opt/airflow/dags/new_dags.py
[2025-02-14T00:53:55.760+0000] {processor.py:925} INFO - DAG(s) 'welcome_dag' retrieved from /opt/airflow/dags/new_dags.py
[2025-02-14T00:53:55.835+0000] {logging_mixin.py:190} INFO - [2025-02-14T00:53:55.834+0000] {dag.py:3239} INFO - Sync 1 DAGs
[2025-02-14T00:53:55.894+0000] {logging_mixin.py:190} INFO - [2025-02-14T00:53:55.893+0000] {dag.py:4180} INFO - Setting next_dagrun for welcome_dag to 2025-02-14 00:52:00+00:00, run_after=2025-02-14 00:53:00+00:00
[2025-02-14T00:53:56.028+0000] {processor.py:208} INFO - Processing /opt/airflow/dags/new_dags.py took 0.355 seconds
[2025-02-14T00:54:26.535+0000] {processor.py:186} INFO - Started process (PID=250) to work on /opt/airflow/dags/new_dags.py
[2025-02-14T00:54:26.536+0000] {processor.py:914} INFO - Processing file /opt/airflow/dags/new_dags.py for tasks to queue
[2025-02-14T00:54:26.539+0000] {logging_mixin.py:190} INFO - [2025-02-14T00:54:26.538+0000] {dagbag.py:588} INFO - Filling up the DagBag from /opt/airflow/dags/new_dags.py
[2025-02-14T00:54:26.566+0000] {processor.py:925} INFO - DAG(s) 'welcome_dag' retrieved from /opt/airflow/dags/new_dags.py
[2025-02-14T00:54:26.602+0000] {logging_mixin.py:190} INFO - [2025-02-14T00:54:26.601+0000] {dag.py:3239} INFO - Sync 1 DAGs
[2025-02-14T00:54:26.654+0000] {logging_mixin.py:190} INFO - [2025-02-14T00:54:26.654+0000] {dag.py:4180} INFO - Setting next_dagrun for welcome_dag to 2025-02-14 00:53:00+00:00, run_after=2025-02-14 00:54:00+00:00
[2025-02-14T00:54:26.829+0000] {processor.py:208} INFO - Processing /opt/airflow/dags/new_dags.py took 0.299 seconds
[2025-02-14T00:54:57.329+0000] {processor.py:186} INFO - Started process (PID=251) to work on /opt/airflow/dags/new_dags.py
[2025-02-14T00:54:57.331+0000] {processor.py:914} INFO - Processing file /opt/airflow/dags/new_dags.py for tasks to queue
[2025-02-14T00:54:57.335+0000] {logging_mixin.py:190} INFO - [2025-02-14T00:54:57.334+0000] {dagbag.py:588} INFO - Filling up the DagBag from /opt/airflow/dags/new_dags.py
[2025-02-14T00:54:57.409+0000] {processor.py:925} INFO - DAG(s) 'welcome_dag' retrieved from /opt/airflow/dags/new_dags.py
[2025-02-14T00:54:57.483+0000] {logging_mixin.py:190} INFO - [2025-02-14T00:54:57.482+0000] {dag.py:3239} INFO - Sync 1 DAGs
[2025-02-14T00:54:57.547+0000] {logging_mixin.py:190} INFO - [2025-02-14T00:54:57.547+0000] {dag.py:4180} INFO - Setting next_dagrun for welcome_dag to 2025-02-14 00:53:00+00:00, run_after=2025-02-14 00:54:00+00:00
[2025-02-14T00:54:57.703+0000] {processor.py:208} INFO - Processing /opt/airflow/dags/new_dags.py took 0.384 seconds
[2025-02-14T00:55:27.927+0000] {processor.py:186} INFO - Started process (PID=252) to work on /opt/airflow/dags/new_dags.py
[2025-02-14T00:55:27.929+0000] {processor.py:914} INFO - Processing file /opt/airflow/dags/new_dags.py for tasks to queue
[2025-02-14T00:55:27.931+0000] {logging_mixin.py:190} INFO - [2025-02-14T00:55:27.931+0000] {dagbag.py:588} INFO - Filling up the DagBag from /opt/airflow/dags/new_dags.py
[2025-02-14T00:55:27.998+0000] {processor.py:925} INFO - DAG(s) 'welcome_dag' retrieved from /opt/airflow/dags/new_dags.py
[2025-02-14T00:55:28.036+0000] {logging_mixin.py:190} INFO - [2025-02-14T00:55:28.036+0000] {dag.py:3239} INFO - Sync 1 DAGs
[2025-02-14T00:55:28.083+0000] {logging_mixin.py:190} INFO - [2025-02-14T00:55:28.083+0000] {dag.py:4180} INFO - Setting next_dagrun for welcome_dag to 2025-02-14 00:54:00+00:00, run_after=2025-02-14 00:55:00+00:00
[2025-02-14T00:55:28.240+0000] {processor.py:208} INFO - Processing /opt/airflow/dags/new_dags.py took 0.320 seconds
[2025-02-14T00:56:00.548+0000] {processor.py:186} INFO - Started process (PID=253) to work on /opt/airflow/dags/new_dags.py
[2025-02-14T00:56:00.550+0000] {processor.py:914} INFO - Processing file /opt/airflow/dags/new_dags.py for tasks to queue
[2025-02-14T00:56:00.553+0000] {logging_mixin.py:190} INFO - [2025-02-14T00:56:00.553+0000] {dagbag.py:588} INFO - Filling up the DagBag from /opt/airflow/dags/new_dags.py
[2025-02-14T00:56:00.615+0000] {processor.py:925} INFO - DAG(s) 'welcome_dag' retrieved from /opt/airflow/dags/new_dags.py
[2025-02-14T00:56:00.662+0000] {logging_mixin.py:190} INFO - [2025-02-14T00:56:00.662+0000] {dag.py:3239} INFO - Sync 1 DAGs
[2025-02-14T00:56:00.719+0000] {logging_mixin.py:190} INFO - [2025-02-14T00:56:00.718+0000] {dag.py:4180} INFO - Setting next_dagrun for welcome_dag to 2025-02-14 00:55:00+00:00, run_after=2025-02-14 00:56:00+00:00
[2025-02-14T00:56:00.885+0000] {processor.py:208} INFO - Processing /opt/airflow/dags/new_dags.py took 0.345 seconds
[2025-02-14T00:56:33.816+0000] {processor.py:186} INFO - Started process (PID=254) to work on /opt/airflow/dags/new_dags.py
[2025-02-14T00:56:33.818+0000] {processor.py:914} INFO - Processing file /opt/airflow/dags/new_dags.py for tasks to queue
[2025-02-14T00:56:33.822+0000] {logging_mixin.py:190} INFO - [2025-02-14T00:56:33.822+0000] {dagbag.py:588} INFO - Filling up the DagBag from /opt/airflow/dags/new_dags.py
[2025-02-14T00:56:33.898+0000] {processor.py:925} INFO - DAG(s) 'welcome_dag' retrieved from /opt/airflow/dags/new_dags.py
[2025-02-14T00:56:33.953+0000] {logging_mixin.py:190} INFO - [2025-02-14T00:56:33.952+0000] {dag.py:3239} INFO - Sync 1 DAGs
[2025-02-14T00:56:34.016+0000] {logging_mixin.py:190} INFO - [2025-02-14T00:56:34.015+0000] {dag.py:4180} INFO - Setting next_dagrun for welcome_dag to 2025-02-14 00:55:00+00:00, run_after=2025-02-14 00:56:00+00:00
[2025-02-14T00:56:34.191+0000] {processor.py:208} INFO - Processing /opt/airflow/dags/new_dags.py took 0.386 seconds
[2025-02-14T00:57:05.708+0000] {processor.py:186} INFO - Started process (PID=255) to work on /opt/airflow/dags/new_dags.py
[2025-02-14T00:57:05.710+0000] {processor.py:914} INFO - Processing file /opt/airflow/dags/new_dags.py for tasks to queue
[2025-02-14T00:57:05.715+0000] {logging_mixin.py:190} INFO - [2025-02-14T00:57:05.714+0000] {dagbag.py:588} INFO - Filling up the DagBag from /opt/airflow/dags/new_dags.py
[2025-02-14T00:57:05.800+0000] {processor.py:925} INFO - DAG(s) 'welcome_dag' retrieved from /opt/airflow/dags/new_dags.py
[2025-02-14T00:57:05.852+0000] {logging_mixin.py:190} INFO - [2025-02-14T00:57:05.851+0000] {dag.py:3239} INFO - Sync 1 DAGs
[2025-02-14T00:57:05.915+0000] {logging_mixin.py:190} INFO - [2025-02-14T00:57:05.915+0000] {dag.py:4180} INFO - Setting next_dagrun for welcome_dag to 2025-02-14 00:56:00+00:00, run_after=2025-02-14 00:57:00+00:00
[2025-02-14T00:57:06.059+0000] {processor.py:208} INFO - Processing /opt/airflow/dags/new_dags.py took 0.363 seconds
[2025-02-14T00:57:37.183+0000] {processor.py:186} INFO - Started process (PID=256) to work on /opt/airflow/dags/new_dags.py
[2025-02-14T00:57:37.186+0000] {processor.py:914} INFO - Processing file /opt/airflow/dags/new_dags.py for tasks to queue
[2025-02-14T00:57:37.189+0000] {logging_mixin.py:190} INFO - [2025-02-14T00:57:37.188+0000] {dagbag.py:588} INFO - Filling up the DagBag from /opt/airflow/dags/new_dags.py
[2025-02-14T00:57:37.262+0000] {processor.py:925} INFO - DAG(s) 'welcome_dag' retrieved from /opt/airflow/dags/new_dags.py
[2025-02-14T00:57:37.333+0000] {logging_mixin.py:190} INFO - [2025-02-14T00:57:37.332+0000] {dag.py:3239} INFO - Sync 1 DAGs
[2025-02-14T00:57:37.389+0000] {logging_mixin.py:190} INFO - [2025-02-14T00:57:37.389+0000] {dag.py:4180} INFO - Setting next_dagrun for welcome_dag to 2025-02-14 00:56:00+00:00, run_after=2025-02-14 00:57:00+00:00
[2025-02-14T00:57:37.549+0000] {processor.py:208} INFO - Processing /opt/airflow/dags/new_dags.py took 0.373 seconds
[2025-02-14T00:58:08.149+0000] {processor.py:186} INFO - Started process (PID=257) to work on /opt/airflow/dags/new_dags.py
[2025-02-14T00:58:08.150+0000] {processor.py:914} INFO - Processing file /opt/airflow/dags/new_dags.py for tasks to queue
[2025-02-14T00:58:08.154+0000] {logging_mixin.py:190} INFO - [2025-02-14T00:58:08.153+0000] {dagbag.py:588} INFO - Filling up the DagBag from /opt/airflow/dags/new_dags.py
[2025-02-14T00:58:08.226+0000] {processor.py:925} INFO - DAG(s) 'welcome_dag' retrieved from /opt/airflow/dags/new_dags.py
[2025-02-14T00:58:08.294+0000] {logging_mixin.py:190} INFO - [2025-02-14T00:58:08.294+0000] {dag.py:3239} INFO - Sync 1 DAGs
[2025-02-14T00:58:08.359+0000] {logging_mixin.py:190} INFO - [2025-02-14T00:58:08.359+0000] {dag.py:4180} INFO - Setting next_dagrun for welcome_dag to 2025-02-14 00:57:00+00:00, run_after=2025-02-14 00:58:00+00:00
[2025-02-14T00:58:08.514+0000] {processor.py:208} INFO - Processing /opt/airflow/dags/new_dags.py took 0.375 seconds
[2025-02-14T00:58:40.994+0000] {processor.py:186} INFO - Started process (PID=258) to work on /opt/airflow/dags/new_dags.py
[2025-02-14T00:58:40.996+0000] {processor.py:914} INFO - Processing file /opt/airflow/dags/new_dags.py for tasks to queue
[2025-02-14T00:58:40.999+0000] {logging_mixin.py:190} INFO - [2025-02-14T00:58:40.998+0000] {dagbag.py:588} INFO - Filling up the DagBag from /opt/airflow/dags/new_dags.py
[2025-02-14T00:58:41.036+0000] {processor.py:925} INFO - DAG(s) 'welcome_dag' retrieved from /opt/airflow/dags/new_dags.py
[2025-02-14T00:58:41.073+0000] {logging_mixin.py:190} INFO - [2025-02-14T00:58:41.072+0000] {dag.py:3239} INFO - Sync 1 DAGs
[2025-02-14T00:58:41.109+0000] {logging_mixin.py:190} INFO - [2025-02-14T00:58:41.109+0000] {dag.py:4180} INFO - Setting next_dagrun for welcome_dag to 2025-02-14 00:57:00+00:00, run_after=2025-02-14 00:58:00+00:00
[2025-02-14T00:58:41.175+0000] {processor.py:208} INFO - Processing /opt/airflow/dags/new_dags.py took 0.197 seconds
[2025-02-14T00:59:12.689+0000] {processor.py:186} INFO - Started process (PID=259) to work on /opt/airflow/dags/new_dags.py
[2025-02-14T00:59:12.690+0000] {processor.py:914} INFO - Processing file /opt/airflow/dags/new_dags.py for tasks to queue
[2025-02-14T00:59:12.693+0000] {logging_mixin.py:190} INFO - [2025-02-14T00:59:12.693+0000] {dagbag.py:588} INFO - Filling up the DagBag from /opt/airflow/dags/new_dags.py
[2025-02-14T00:59:12.760+0000] {processor.py:925} INFO - DAG(s) 'welcome_dag' retrieved from /opt/airflow/dags/new_dags.py
[2025-02-14T00:59:12.796+0000] {logging_mixin.py:190} INFO - [2025-02-14T00:59:12.795+0000] {dag.py:3239} INFO - Sync 1 DAGs
[2025-02-14T00:59:12.828+0000] {logging_mixin.py:190} INFO - [2025-02-14T00:59:12.828+0000] {dag.py:4180} INFO - Setting next_dagrun for welcome_dag to 2025-02-14 00:58:00+00:00, run_after=2025-02-14 00:59:00+00:00
[2025-02-14T00:59:12.954+0000] {processor.py:208} INFO - Processing /opt/airflow/dags/new_dags.py took 0.277 seconds
[2025-02-14T00:59:46.149+0000] {processor.py:186} INFO - Started process (PID=260) to work on /opt/airflow/dags/new_dags.py
[2025-02-14T00:59:46.151+0000] {processor.py:914} INFO - Processing file /opt/airflow/dags/new_dags.py for tasks to queue
[2025-02-14T00:59:46.154+0000] {logging_mixin.py:190} INFO - [2025-02-14T00:59:46.153+0000] {dagbag.py:588} INFO - Filling up the DagBag from /opt/airflow/dags/new_dags.py
[2025-02-14T00:59:46.221+0000] {processor.py:925} INFO - DAG(s) 'welcome_dag' retrieved from /opt/airflow/dags/new_dags.py
[2025-02-14T00:59:46.295+0000] {logging_mixin.py:190} INFO - [2025-02-14T00:59:46.295+0000] {dag.py:3239} INFO - Sync 1 DAGs
[2025-02-14T00:59:46.342+0000] {logging_mixin.py:190} INFO - [2025-02-14T00:59:46.341+0000] {dag.py:4180} INFO - Setting next_dagrun for welcome_dag to 2025-02-14 00:58:00+00:00, run_after=2025-02-14 00:59:00+00:00
[2025-02-14T00:59:46.438+0000] {processor.py:208} INFO - Processing /opt/airflow/dags/new_dags.py took 0.297 seconds
[2025-02-14T01:00:17.521+0000] {processor.py:186} INFO - Started process (PID=261) to work on /opt/airflow/dags/new_dags.py
[2025-02-14T01:00:17.523+0000] {processor.py:914} INFO - Processing file /opt/airflow/dags/new_dags.py for tasks to queue
[2025-02-14T01:00:17.527+0000] {logging_mixin.py:190} INFO - [2025-02-14T01:00:17.527+0000] {dagbag.py:588} INFO - Filling up the DagBag from /opt/airflow/dags/new_dags.py
[2025-02-14T01:00:17.606+0000] {processor.py:925} INFO - DAG(s) 'welcome_dag' retrieved from /opt/airflow/dags/new_dags.py
[2025-02-14T01:00:17.667+0000] {logging_mixin.py:190} INFO - [2025-02-14T01:00:17.667+0000] {dag.py:3239} INFO - Sync 1 DAGs
[2025-02-14T01:00:17.734+0000] {logging_mixin.py:190} INFO - [2025-02-14T01:00:17.734+0000] {dag.py:4180} INFO - Setting next_dagrun for welcome_dag to 2025-02-14 00:59:00+00:00, run_after=2025-02-14 01:00:00+00:00
[2025-02-14T01:00:17.910+0000] {processor.py:208} INFO - Processing /opt/airflow/dags/new_dags.py took 0.401 seconds
[2025-02-14T01:00:49.424+0000] {processor.py:186} INFO - Started process (PID=262) to work on /opt/airflow/dags/new_dags.py
[2025-02-14T01:00:49.427+0000] {processor.py:914} INFO - Processing file /opt/airflow/dags/new_dags.py for tasks to queue
[2025-02-14T01:00:49.432+0000] {logging_mixin.py:190} INFO - [2025-02-14T01:00:49.432+0000] {dagbag.py:588} INFO - Filling up the DagBag from /opt/airflow/dags/new_dags.py
[2025-02-14T01:00:49.509+0000] {processor.py:925} INFO - DAG(s) 'welcome_dag' retrieved from /opt/airflow/dags/new_dags.py
[2025-02-14T01:00:49.577+0000] {logging_mixin.py:190} INFO - [2025-02-14T01:00:49.577+0000] {dag.py:3239} INFO - Sync 1 DAGs
[2025-02-14T01:00:49.652+0000] {logging_mixin.py:190} INFO - [2025-02-14T01:00:49.651+0000] {dag.py:4180} INFO - Setting next_dagrun for welcome_dag to 2025-02-14 00:59:00+00:00, run_after=2025-02-14 01:00:00+00:00
[2025-02-14T01:00:49.812+0000] {processor.py:208} INFO - Processing /opt/airflow/dags/new_dags.py took 0.417 seconds
[2025-02-14T01:01:21.701+0000] {processor.py:186} INFO - Started process (PID=263) to work on /opt/airflow/dags/new_dags.py
[2025-02-14T01:01:21.703+0000] {processor.py:914} INFO - Processing file /opt/airflow/dags/new_dags.py for tasks to queue
[2025-02-14T01:01:21.707+0000] {logging_mixin.py:190} INFO - [2025-02-14T01:01:21.706+0000] {dagbag.py:588} INFO - Filling up the DagBag from /opt/airflow/dags/new_dags.py
[2025-02-14T01:01:21.761+0000] {processor.py:925} INFO - DAG(s) 'welcome_dag' retrieved from /opt/airflow/dags/new_dags.py
[2025-02-14T01:01:21.816+0000] {logging_mixin.py:190} INFO - [2025-02-14T01:01:21.815+0000] {dag.py:3239} INFO - Sync 1 DAGs
[2025-02-14T01:01:21.858+0000] {logging_mixin.py:190} INFO - [2025-02-14T01:01:21.858+0000] {dag.py:4180} INFO - Setting next_dagrun for welcome_dag to 2025-02-14 01:00:00+00:00, run_after=2025-02-14 01:01:00+00:00
[2025-02-14T01:01:22.021+0000] {processor.py:208} INFO - Processing /opt/airflow/dags/new_dags.py took 0.332 seconds
[2025-02-14T01:01:54.930+0000] {processor.py:186} INFO - Started process (PID=264) to work on /opt/airflow/dags/new_dags.py
[2025-02-14T01:01:54.932+0000] {processor.py:914} INFO - Processing file /opt/airflow/dags/new_dags.py for tasks to queue
[2025-02-14T01:01:54.936+0000] {logging_mixin.py:190} INFO - [2025-02-14T01:01:54.935+0000] {dagbag.py:588} INFO - Filling up the DagBag from /opt/airflow/dags/new_dags.py
[2025-02-14T01:01:55.004+0000] {processor.py:925} INFO - DAG(s) 'welcome_dag' retrieved from /opt/airflow/dags/new_dags.py
[2025-02-14T01:01:55.050+0000] {logging_mixin.py:190} INFO - [2025-02-14T01:01:55.050+0000] {dag.py:3239} INFO - Sync 1 DAGs
[2025-02-14T01:01:55.115+0000] {logging_mixin.py:190} INFO - [2025-02-14T01:01:55.115+0000] {dag.py:4180} INFO - Setting next_dagrun for welcome_dag to 2025-02-14 01:00:00+00:00, run_after=2025-02-14 01:01:00+00:00
[2025-02-14T01:01:55.230+0000] {processor.py:208} INFO - Processing /opt/airflow/dags/new_dags.py took 0.310 seconds
[2025-02-14T01:02:27.763+0000] {processor.py:186} INFO - Started process (PID=265) to work on /opt/airflow/dags/new_dags.py
[2025-02-14T01:02:27.766+0000] {processor.py:914} INFO - Processing file /opt/airflow/dags/new_dags.py for tasks to queue
[2025-02-14T01:02:27.768+0000] {logging_mixin.py:190} INFO - [2025-02-14T01:02:27.768+0000] {dagbag.py:588} INFO - Filling up the DagBag from /opt/airflow/dags/new_dags.py
[2025-02-14T01:02:27.811+0000] {processor.py:925} INFO - DAG(s) 'welcome_dag' retrieved from /opt/airflow/dags/new_dags.py
[2025-02-14T01:02:27.859+0000] {logging_mixin.py:190} INFO - [2025-02-14T01:02:27.858+0000] {dag.py:3239} INFO - Sync 1 DAGs
[2025-02-14T01:02:27.900+0000] {logging_mixin.py:190} INFO - [2025-02-14T01:02:27.900+0000] {dag.py:4180} INFO - Setting next_dagrun for welcome_dag to 2025-02-14 01:01:00+00:00, run_after=2025-02-14 01:02:00+00:00
[2025-02-14T01:02:28.064+0000] {processor.py:208} INFO - Processing /opt/airflow/dags/new_dags.py took 0.308 seconds
[2025-02-14T01:02:59.950+0000] {processor.py:186} INFO - Started process (PID=266) to work on /opt/airflow/dags/new_dags.py
[2025-02-14T01:02:59.952+0000] {processor.py:914} INFO - Processing file /opt/airflow/dags/new_dags.py for tasks to queue
[2025-02-14T01:02:59.955+0000] {logging_mixin.py:190} INFO - [2025-02-14T01:02:59.955+0000] {dagbag.py:588} INFO - Filling up the DagBag from /opt/airflow/dags/new_dags.py
[2025-02-14T01:03:00.021+0000] {processor.py:925} INFO - DAG(s) 'welcome_dag' retrieved from /opt/airflow/dags/new_dags.py
[2025-02-14T01:03:00.095+0000] {logging_mixin.py:190} INFO - [2025-02-14T01:03:00.095+0000] {dag.py:3239} INFO - Sync 1 DAGs
[2025-02-14T01:03:00.163+0000] {logging_mixin.py:190} INFO - [2025-02-14T01:03:00.162+0000] {dag.py:4180} INFO - Setting next_dagrun for welcome_dag to 2025-02-14 01:02:00+00:00, run_after=2025-02-14 01:03:00+00:00
[2025-02-14T01:03:00.254+0000] {processor.py:208} INFO - Processing /opt/airflow/dags/new_dags.py took 0.310 seconds
[2025-02-14T01:03:31.774+0000] {processor.py:186} INFO - Started process (PID=267) to work on /opt/airflow/dags/new_dags.py
[2025-02-14T01:03:31.777+0000] {processor.py:914} INFO - Processing file /opt/airflow/dags/new_dags.py for tasks to queue
[2025-02-14T01:03:31.780+0000] {logging_mixin.py:190} INFO - [2025-02-14T01:03:31.780+0000] {dagbag.py:588} INFO - Filling up the DagBag from /opt/airflow/dags/new_dags.py
[2025-02-14T01:03:31.836+0000] {processor.py:925} INFO - DAG(s) 'welcome_dag' retrieved from /opt/airflow/dags/new_dags.py
[2025-02-14T01:03:31.887+0000] {logging_mixin.py:190} INFO - [2025-02-14T01:03:31.886+0000] {dag.py:3239} INFO - Sync 1 DAGs
[2025-02-14T01:03:31.929+0000] {logging_mixin.py:190} INFO - [2025-02-14T01:03:31.928+0000] {dag.py:4180} INFO - Setting next_dagrun for welcome_dag to 2025-02-14 01:02:00+00:00, run_after=2025-02-14 01:03:00+00:00
[2025-02-14T01:03:32.082+0000] {processor.py:208} INFO - Processing /opt/airflow/dags/new_dags.py took 0.319 seconds
[2025-02-14T01:04:02.345+0000] {processor.py:186} INFO - Started process (PID=268) to work on /opt/airflow/dags/new_dags.py
[2025-02-14T01:04:02.348+0000] {processor.py:914} INFO - Processing file /opt/airflow/dags/new_dags.py for tasks to queue
[2025-02-14T01:04:02.354+0000] {logging_mixin.py:190} INFO - [2025-02-14T01:04:02.354+0000] {dagbag.py:588} INFO - Filling up the DagBag from /opt/airflow/dags/new_dags.py
[2025-02-14T01:04:02.396+0000] {processor.py:925} INFO - DAG(s) 'welcome_dag' retrieved from /opt/airflow/dags/new_dags.py
[2025-02-14T01:04:02.447+0000] {logging_mixin.py:190} INFO - [2025-02-14T01:04:02.447+0000] {dag.py:3239} INFO - Sync 1 DAGs
[2025-02-14T01:04:02.485+0000] {logging_mixin.py:190} INFO - [2025-02-14T01:04:02.485+0000] {dag.py:4180} INFO - Setting next_dagrun for welcome_dag to 2025-02-14 01:03:00+00:00, run_after=2025-02-14 01:04:00+00:00
[2025-02-14T01:04:02.544+0000] {processor.py:208} INFO - Processing /opt/airflow/dags/new_dags.py took 0.206 seconds
[2025-02-14T01:04:34.692+0000] {processor.py:186} INFO - Started process (PID=269) to work on /opt/airflow/dags/new_dags.py
[2025-02-14T01:04:34.694+0000] {processor.py:914} INFO - Processing file /opt/airflow/dags/new_dags.py for tasks to queue
[2025-02-14T01:04:34.697+0000] {logging_mixin.py:190} INFO - [2025-02-14T01:04:34.696+0000] {dagbag.py:588} INFO - Filling up the DagBag from /opt/airflow/dags/new_dags.py
[2025-02-14T01:04:34.761+0000] {processor.py:925} INFO - DAG(s) 'welcome_dag' retrieved from /opt/airflow/dags/new_dags.py
[2025-02-14T01:04:34.833+0000] {logging_mixin.py:190} INFO - [2025-02-14T01:04:34.832+0000] {dag.py:3239} INFO - Sync 1 DAGs
[2025-02-14T01:04:34.885+0000] {logging_mixin.py:190} INFO - [2025-02-14T01:04:34.885+0000] {dag.py:4180} INFO - Setting next_dagrun for welcome_dag to 2025-02-14 01:03:00+00:00, run_after=2025-02-14 01:04:00+00:00
[2025-02-14T01:04:35.013+0000] {processor.py:208} INFO - Processing /opt/airflow/dags/new_dags.py took 0.327 seconds
[2025-02-14T01:05:07.646+0000] {processor.py:186} INFO - Started process (PID=270) to work on /opt/airflow/dags/new_dags.py
[2025-02-14T01:05:07.648+0000] {processor.py:914} INFO - Processing file /opt/airflow/dags/new_dags.py for tasks to queue
[2025-02-14T01:05:07.652+0000] {logging_mixin.py:190} INFO - [2025-02-14T01:05:07.651+0000] {dagbag.py:588} INFO - Filling up the DagBag from /opt/airflow/dags/new_dags.py
[2025-02-14T01:05:07.686+0000] {processor.py:925} INFO - DAG(s) 'welcome_dag' retrieved from /opt/airflow/dags/new_dags.py
[2025-02-14T01:05:07.721+0000] {logging_mixin.py:190} INFO - [2025-02-14T01:05:07.720+0000] {dag.py:3239} INFO - Sync 1 DAGs
[2025-02-14T01:05:07.765+0000] {logging_mixin.py:190} INFO - [2025-02-14T01:05:07.765+0000] {dag.py:4180} INFO - Setting next_dagrun for welcome_dag to 2025-02-14 01:04:00+00:00, run_after=2025-02-14 01:05:00+00:00
[2025-02-14T01:05:07.844+0000] {processor.py:208} INFO - Processing /opt/airflow/dags/new_dags.py took 0.208 seconds
[2025-02-14T01:05:40.060+0000] {processor.py:186} INFO - Started process (PID=271) to work on /opt/airflow/dags/new_dags.py
[2025-02-14T01:05:40.062+0000] {processor.py:914} INFO - Processing file /opt/airflow/dags/new_dags.py for tasks to queue
[2025-02-14T01:05:40.068+0000] {logging_mixin.py:190} INFO - [2025-02-14T01:05:40.066+0000] {dagbag.py:588} INFO - Filling up the DagBag from /opt/airflow/dags/new_dags.py
[2025-02-14T01:05:40.141+0000] {processor.py:925} INFO - DAG(s) 'welcome_dag' retrieved from /opt/airflow/dags/new_dags.py
[2025-02-14T01:05:40.193+0000] {logging_mixin.py:190} INFO - [2025-02-14T01:05:40.193+0000] {dag.py:3239} INFO - Sync 1 DAGs
[2025-02-14T01:05:40.251+0000] {logging_mixin.py:190} INFO - [2025-02-14T01:05:40.251+0000] {dag.py:4180} INFO - Setting next_dagrun for welcome_dag to 2025-02-14 01:04:00+00:00, run_after=2025-02-14 01:05:00+00:00
[2025-02-14T01:05:40.415+0000] {processor.py:208} INFO - Processing /opt/airflow/dags/new_dags.py took 0.363 seconds
[2025-02-14T07:07:18.618+0000] {processor.py:186} INFO - Started process (PID=272) to work on /opt/airflow/dags/new_dags.py
[2025-02-14T07:07:18.635+0000] {processor.py:914} INFO - Processing file /opt/airflow/dags/new_dags.py for tasks to queue
[2025-02-14T07:07:18.644+0000] {logging_mixin.py:190} INFO - [2025-02-14T07:07:18.643+0000] {dagbag.py:588} INFO - Filling up the DagBag from /opt/airflow/dags/new_dags.py
[2025-02-14T07:07:18.809+0000] {processor.py:925} INFO - DAG(s) 'welcome_dag' retrieved from /opt/airflow/dags/new_dags.py
[2025-02-14T07:07:18.997+0000] {logging_mixin.py:190} INFO - [2025-02-14T07:07:18.996+0000] {dag.py:3239} INFO - Sync 1 DAGs
[2025-02-14T07:07:19.167+0000] {logging_mixin.py:190} INFO - [2025-02-14T07:07:19.166+0000] {dag.py:4180} INFO - Setting next_dagrun for welcome_dag to 2025-02-14 07:06:00+00:00, run_after=2025-02-14 07:07:00+00:00
[2025-02-14T07:07:20.002+0000] {processor.py:208} INFO - Processing /opt/airflow/dags/new_dags.py took 1.426 seconds
[2025-02-14T08:07:06.392+0000] {processor.py:186} INFO - Started process (PID=273) to work on /opt/airflow/dags/new_dags.py
[2025-02-14T08:07:06.399+0000] {processor.py:914} INFO - Processing file /opt/airflow/dags/new_dags.py for tasks to queue
[2025-02-14T08:07:06.406+0000] {logging_mixin.py:190} INFO - [2025-02-14T08:07:06.404+0000] {dagbag.py:588} INFO - Filling up the DagBag from /opt/airflow/dags/new_dags.py
[2025-02-14T08:07:06.505+0000] {processor.py:925} INFO - DAG(s) 'welcome_dag' retrieved from /opt/airflow/dags/new_dags.py
[2025-02-14T08:07:06.656+0000] {logging_mixin.py:190} INFO - [2025-02-14T08:07:06.655+0000] {dag.py:3239} INFO - Sync 1 DAGs
[2025-02-14T08:07:06.869+0000] {logging_mixin.py:190} INFO - [2025-02-14T08:07:06.869+0000] {dag.py:4180} INFO - Setting next_dagrun for welcome_dag to 2025-02-14 08:06:00+00:00, run_after=2025-02-14 08:07:00+00:00
[2025-02-14T08:07:07.107+0000] {processor.py:208} INFO - Processing /opt/airflow/dags/new_dags.py took 0.738 seconds
[2025-02-14T08:07:37.742+0000] {processor.py:186} INFO - Started process (PID=274) to work on /opt/airflow/dags/new_dags.py
[2025-02-14T08:07:37.743+0000] {processor.py:914} INFO - Processing file /opt/airflow/dags/new_dags.py for tasks to queue
[2025-02-14T08:07:37.745+0000] {logging_mixin.py:190} INFO - [2025-02-14T08:07:37.745+0000] {dagbag.py:588} INFO - Filling up the DagBag from /opt/airflow/dags/new_dags.py
[2025-02-14T08:07:37.776+0000] {processor.py:925} INFO - DAG(s) 'welcome_dag' retrieved from /opt/airflow/dags/new_dags.py
[2025-02-14T08:07:37.821+0000] {logging_mixin.py:190} INFO - [2025-02-14T08:07:37.821+0000] {dag.py:3239} INFO - Sync 1 DAGs
[2025-02-14T08:07:37.869+0000] {logging_mixin.py:190} INFO - [2025-02-14T08:07:37.869+0000] {dag.py:4180} INFO - Setting next_dagrun for welcome_dag to 2025-02-14 08:06:00+00:00, run_after=2025-02-14 08:07:00+00:00
[2025-02-14T08:07:37.942+0000] {processor.py:208} INFO - Processing /opt/airflow/dags/new_dags.py took 0.213 seconds
[2025-02-14T08:08:09.214+0000] {processor.py:186} INFO - Started process (PID=275) to work on /opt/airflow/dags/new_dags.py
[2025-02-14T08:08:09.215+0000] {processor.py:914} INFO - Processing file /opt/airflow/dags/new_dags.py for tasks to queue
[2025-02-14T08:08:09.217+0000] {logging_mixin.py:190} INFO - [2025-02-14T08:08:09.217+0000] {dagbag.py:588} INFO - Filling up the DagBag from /opt/airflow/dags/new_dags.py
[2025-02-14T08:08:09.240+0000] {processor.py:925} INFO - DAG(s) 'welcome_dag' retrieved from /opt/airflow/dags/new_dags.py
[2025-02-14T08:08:09.269+0000] {logging_mixin.py:190} INFO - [2025-02-14T08:08:09.269+0000] {dag.py:3239} INFO - Sync 1 DAGs
[2025-02-14T08:08:09.305+0000] {logging_mixin.py:190} INFO - [2025-02-14T08:08:09.305+0000] {dag.py:4180} INFO - Setting next_dagrun for welcome_dag to 2025-02-14 08:07:00+00:00, run_after=2025-02-14 08:08:00+00:00
[2025-02-14T08:08:09.352+0000] {processor.py:208} INFO - Processing /opt/airflow/dags/new_dags.py took 0.143 seconds
[2025-02-14T08:08:42.404+0000] {processor.py:186} INFO - Started process (PID=276) to work on /opt/airflow/dags/new_dags.py
[2025-02-14T08:08:42.405+0000] {processor.py:914} INFO - Processing file /opt/airflow/dags/new_dags.py for tasks to queue
[2025-02-14T08:08:42.408+0000] {logging_mixin.py:190} INFO - [2025-02-14T08:08:42.408+0000] {dagbag.py:588} INFO - Filling up the DagBag from /opt/airflow/dags/new_dags.py
[2025-02-14T08:08:42.431+0000] {processor.py:925} INFO - DAG(s) 'welcome_dag' retrieved from /opt/airflow/dags/new_dags.py
[2025-02-14T08:08:42.457+0000] {logging_mixin.py:190} INFO - [2025-02-14T08:08:42.457+0000] {dag.py:3239} INFO - Sync 1 DAGs
[2025-02-14T08:08:42.482+0000] {logging_mixin.py:190} INFO - [2025-02-14T08:08:42.482+0000] {dag.py:4180} INFO - Setting next_dagrun for welcome_dag to 2025-02-14 08:07:00+00:00, run_after=2025-02-14 08:08:00+00:00
[2025-02-14T08:08:42.524+0000] {processor.py:208} INFO - Processing /opt/airflow/dags/new_dags.py took 0.129 seconds
[2025-02-14T08:09:15.295+0000] {processor.py:186} INFO - Started process (PID=277) to work on /opt/airflow/dags/new_dags.py
[2025-02-14T08:09:15.298+0000] {processor.py:914} INFO - Processing file /opt/airflow/dags/new_dags.py for tasks to queue
[2025-02-14T08:09:15.302+0000] {logging_mixin.py:190} INFO - [2025-02-14T08:09:15.302+0000] {dagbag.py:588} INFO - Filling up the DagBag from /opt/airflow/dags/new_dags.py
[2025-02-14T08:09:15.339+0000] {processor.py:925} INFO - DAG(s) 'welcome_dag' retrieved from /opt/airflow/dags/new_dags.py
[2025-02-14T08:09:15.372+0000] {logging_mixin.py:190} INFO - [2025-02-14T08:09:15.372+0000] {dag.py:3239} INFO - Sync 1 DAGs
[2025-02-14T08:09:15.413+0000] {logging_mixin.py:190} INFO - [2025-02-14T08:09:15.413+0000] {dag.py:4180} INFO - Setting next_dagrun for welcome_dag to 2025-02-14 08:08:00+00:00, run_after=2025-02-14 08:09:00+00:00
[2025-02-14T08:09:15.483+0000] {processor.py:208} INFO - Processing /opt/airflow/dags/new_dags.py took 0.199 seconds
[2025-02-14T08:09:48.220+0000] {processor.py:186} INFO - Started process (PID=278) to work on /opt/airflow/dags/new_dags.py
[2025-02-14T08:09:48.221+0000] {processor.py:914} INFO - Processing file /opt/airflow/dags/new_dags.py for tasks to queue
[2025-02-14T08:09:48.223+0000] {logging_mixin.py:190} INFO - [2025-02-14T08:09:48.223+0000] {dagbag.py:588} INFO - Filling up the DagBag from /opt/airflow/dags/new_dags.py
[2025-02-14T08:09:48.244+0000] {processor.py:925} INFO - DAG(s) 'welcome_dag' retrieved from /opt/airflow/dags/new_dags.py
[2025-02-14T08:09:48.277+0000] {logging_mixin.py:190} INFO - [2025-02-14T08:09:48.277+0000] {dag.py:3239} INFO - Sync 1 DAGs
[2025-02-14T08:09:48.309+0000] {logging_mixin.py:190} INFO - [2025-02-14T08:09:48.308+0000] {dag.py:4180} INFO - Setting next_dagrun for welcome_dag to 2025-02-14 08:08:00+00:00, run_after=2025-02-14 08:09:00+00:00
[2025-02-14T08:09:48.357+0000] {processor.py:208} INFO - Processing /opt/airflow/dags/new_dags.py took 0.142 seconds
[2025-02-14T08:10:20.176+0000] {processor.py:186} INFO - Started process (PID=279) to work on /opt/airflow/dags/new_dags.py
[2025-02-14T08:10:20.180+0000] {processor.py:914} INFO - Processing file /opt/airflow/dags/new_dags.py for tasks to queue
[2025-02-14T08:10:20.192+0000] {logging_mixin.py:190} INFO - [2025-02-14T08:10:20.190+0000] {dagbag.py:588} INFO - Filling up the DagBag from /opt/airflow/dags/new_dags.py
[2025-02-14T08:10:20.236+0000] {processor.py:925} INFO - DAG(s) 'welcome_dag' retrieved from /opt/airflow/dags/new_dags.py
[2025-02-14T08:10:20.284+0000] {logging_mixin.py:190} INFO - [2025-02-14T08:10:20.282+0000] {dag.py:3239} INFO - Sync 1 DAGs
[2025-02-14T08:10:20.339+0000] {logging_mixin.py:190} INFO - [2025-02-14T08:10:20.338+0000] {dag.py:4180} INFO - Setting next_dagrun for welcome_dag to 2025-02-14 08:09:00+00:00, run_after=2025-02-14 08:10:00+00:00
[2025-02-14T08:10:20.416+0000] {processor.py:208} INFO - Processing /opt/airflow/dags/new_dags.py took 0.258 seconds
[2025-02-14T08:10:53.064+0000] {processor.py:186} INFO - Started process (PID=280) to work on /opt/airflow/dags/new_dags.py
[2025-02-14T08:10:53.065+0000] {processor.py:914} INFO - Processing file /opt/airflow/dags/new_dags.py for tasks to queue
[2025-02-14T08:10:53.067+0000] {logging_mixin.py:190} INFO - [2025-02-14T08:10:53.067+0000] {dagbag.py:588} INFO - Filling up the DagBag from /opt/airflow/dags/new_dags.py
[2025-02-14T08:10:53.090+0000] {processor.py:925} INFO - DAG(s) 'welcome_dag' retrieved from /opt/airflow/dags/new_dags.py
[2025-02-14T08:10:53.116+0000] {logging_mixin.py:190} INFO - [2025-02-14T08:10:53.116+0000] {dag.py:3239} INFO - Sync 1 DAGs
[2025-02-14T08:10:53.147+0000] {logging_mixin.py:190} INFO - [2025-02-14T08:10:53.147+0000] {dag.py:4180} INFO - Setting next_dagrun for welcome_dag to 2025-02-14 08:09:00+00:00, run_after=2025-02-14 08:10:00+00:00
[2025-02-14T08:10:53.194+0000] {processor.py:208} INFO - Processing /opt/airflow/dags/new_dags.py took 0.135 seconds
[2025-02-14T08:11:25.964+0000] {processor.py:186} INFO - Started process (PID=281) to work on /opt/airflow/dags/new_dags.py
[2025-02-14T08:11:25.966+0000] {processor.py:914} INFO - Processing file /opt/airflow/dags/new_dags.py for tasks to queue
[2025-02-14T08:11:25.968+0000] {logging_mixin.py:190} INFO - [2025-02-14T08:11:25.968+0000] {dagbag.py:588} INFO - Filling up the DagBag from /opt/airflow/dags/new_dags.py
[2025-02-14T08:11:25.998+0000] {processor.py:925} INFO - DAG(s) 'welcome_dag' retrieved from /opt/airflow/dags/new_dags.py
[2025-02-14T08:11:26.041+0000] {logging_mixin.py:190} INFO - [2025-02-14T08:11:26.040+0000] {dag.py:3239} INFO - Sync 1 DAGs
[2025-02-14T08:11:26.101+0000] {logging_mixin.py:190} INFO - [2025-02-14T08:11:26.100+0000] {dag.py:4180} INFO - Setting next_dagrun for welcome_dag to 2025-02-14 08:10:00+00:00, run_after=2025-02-14 08:11:00+00:00
[2025-02-14T08:11:26.169+0000] {processor.py:208} INFO - Processing /opt/airflow/dags/new_dags.py took 0.210 seconds
[2025-02-14T08:11:58.271+0000] {processor.py:186} INFO - Started process (PID=282) to work on /opt/airflow/dags/new_dags.py
[2025-02-14T08:11:58.272+0000] {processor.py:914} INFO - Processing file /opt/airflow/dags/new_dags.py for tasks to queue
[2025-02-14T08:11:58.275+0000] {logging_mixin.py:190} INFO - [2025-02-14T08:11:58.275+0000] {dagbag.py:588} INFO - Filling up the DagBag from /opt/airflow/dags/new_dags.py
[2025-02-14T08:11:58.305+0000] {processor.py:925} INFO - DAG(s) 'welcome_dag' retrieved from /opt/airflow/dags/new_dags.py
[2025-02-14T08:11:58.339+0000] {logging_mixin.py:190} INFO - [2025-02-14T08:11:58.339+0000] {dag.py:3239} INFO - Sync 1 DAGs
[2025-02-14T08:11:58.378+0000] {logging_mixin.py:190} INFO - [2025-02-14T08:11:58.378+0000] {dag.py:4180} INFO - Setting next_dagrun for welcome_dag to 2025-02-14 08:10:00+00:00, run_after=2025-02-14 08:11:00+00:00
[2025-02-14T08:11:58.435+0000] {processor.py:208} INFO - Processing /opt/airflow/dags/new_dags.py took 0.171 seconds
[2025-02-14T08:12:31.828+0000] {processor.py:186} INFO - Started process (PID=283) to work on /opt/airflow/dags/new_dags.py
[2025-02-14T08:12:31.829+0000] {processor.py:914} INFO - Processing file /opt/airflow/dags/new_dags.py for tasks to queue
[2025-02-14T08:12:31.831+0000] {logging_mixin.py:190} INFO - [2025-02-14T08:12:31.831+0000] {dagbag.py:588} INFO - Filling up the DagBag from /opt/airflow/dags/new_dags.py
[2025-02-14T08:12:31.853+0000] {processor.py:925} INFO - DAG(s) 'welcome_dag' retrieved from /opt/airflow/dags/new_dags.py
[2025-02-14T08:12:31.881+0000] {logging_mixin.py:190} INFO - [2025-02-14T08:12:31.881+0000] {dag.py:3239} INFO - Sync 1 DAGs
[2025-02-14T08:12:31.914+0000] {logging_mixin.py:190} INFO - [2025-02-14T08:12:31.914+0000] {dag.py:4180} INFO - Setting next_dagrun for welcome_dag to 2025-02-14 08:11:00+00:00, run_after=2025-02-14 08:12:00+00:00
[2025-02-14T08:12:31.967+0000] {processor.py:208} INFO - Processing /opt/airflow/dags/new_dags.py took 0.143 seconds
[2025-02-14T08:13:04.831+0000] {processor.py:186} INFO - Started process (PID=284) to work on /opt/airflow/dags/new_dags.py
[2025-02-14T08:13:04.832+0000] {processor.py:914} INFO - Processing file /opt/airflow/dags/new_dags.py for tasks to queue
[2025-02-14T08:13:04.836+0000] {logging_mixin.py:190} INFO - [2025-02-14T08:13:04.835+0000] {dagbag.py:588} INFO - Filling up the DagBag from /opt/airflow/dags/new_dags.py
[2025-02-14T08:13:04.877+0000] {processor.py:925} INFO - DAG(s) 'welcome_dag' retrieved from /opt/airflow/dags/new_dags.py
[2025-02-14T08:13:04.912+0000] {logging_mixin.py:190} INFO - [2025-02-14T08:13:04.912+0000] {dag.py:3239} INFO - Sync 1 DAGs
[2025-02-14T08:13:04.952+0000] {logging_mixin.py:190} INFO - [2025-02-14T08:13:04.951+0000] {dag.py:4180} INFO - Setting next_dagrun for welcome_dag to 2025-02-14 08:12:00+00:00, run_after=2025-02-14 08:13:00+00:00
[2025-02-14T08:13:05.009+0000] {processor.py:208} INFO - Processing /opt/airflow/dags/new_dags.py took 0.195 seconds
[2025-02-14T08:13:36.602+0000] {processor.py:186} INFO - Started process (PID=285) to work on /opt/airflow/dags/new_dags.py
[2025-02-14T08:13:36.603+0000] {processor.py:914} INFO - Processing file /opt/airflow/dags/new_dags.py for tasks to queue
[2025-02-14T08:13:36.606+0000] {logging_mixin.py:190} INFO - [2025-02-14T08:13:36.605+0000] {dagbag.py:588} INFO - Filling up the DagBag from /opt/airflow/dags/new_dags.py
[2025-02-14T08:13:36.628+0000] {processor.py:925} INFO - DAG(s) 'welcome_dag' retrieved from /opt/airflow/dags/new_dags.py
[2025-02-14T08:13:36.660+0000] {logging_mixin.py:190} INFO - [2025-02-14T08:13:36.660+0000] {dag.py:3239} INFO - Sync 1 DAGs
[2025-02-14T08:13:36.694+0000] {logging_mixin.py:190} INFO - [2025-02-14T08:13:36.694+0000] {dag.py:4180} INFO - Setting next_dagrun for welcome_dag to 2025-02-14 08:12:00+00:00, run_after=2025-02-14 08:13:00+00:00
[2025-02-14T08:13:36.748+0000] {processor.py:208} INFO - Processing /opt/airflow/dags/new_dags.py took 0.151 seconds
[2025-02-14T08:14:09.756+0000] {processor.py:186} INFO - Started process (PID=286) to work on /opt/airflow/dags/new_dags.py
[2025-02-14T08:14:09.758+0000] {processor.py:914} INFO - Processing file /opt/airflow/dags/new_dags.py for tasks to queue
[2025-02-14T08:14:09.760+0000] {logging_mixin.py:190} INFO - [2025-02-14T08:14:09.759+0000] {dagbag.py:588} INFO - Filling up the DagBag from /opt/airflow/dags/new_dags.py
[2025-02-14T08:14:09.791+0000] {processor.py:925} INFO - DAG(s) 'welcome_dag' retrieved from /opt/airflow/dags/new_dags.py
[2025-02-14T08:14:09.824+0000] {logging_mixin.py:190} INFO - [2025-02-14T08:14:09.823+0000] {dag.py:3239} INFO - Sync 1 DAGs
[2025-02-14T08:14:09.857+0000] {logging_mixin.py:190} INFO - [2025-02-14T08:14:09.857+0000] {dag.py:4180} INFO - Setting next_dagrun for welcome_dag to 2025-02-14 08:13:00+00:00, run_after=2025-02-14 08:14:00+00:00
[2025-02-14T08:14:09.914+0000] {processor.py:208} INFO - Processing /opt/airflow/dags/new_dags.py took 0.169 seconds
[2025-02-14T08:14:41.970+0000] {processor.py:186} INFO - Started process (PID=287) to work on /opt/airflow/dags/new_dags.py
[2025-02-14T08:14:41.971+0000] {processor.py:914} INFO - Processing file /opt/airflow/dags/new_dags.py for tasks to queue
[2025-02-14T08:14:41.973+0000] {logging_mixin.py:190} INFO - [2025-02-14T08:14:41.973+0000] {dagbag.py:588} INFO - Filling up the DagBag from /opt/airflow/dags/new_dags.py
[2025-02-14T08:14:42.000+0000] {processor.py:925} INFO - DAG(s) 'welcome_dag' retrieved from /opt/airflow/dags/new_dags.py
[2025-02-14T08:14:42.029+0000] {logging_mixin.py:190} INFO - [2025-02-14T08:14:42.029+0000] {dag.py:3239} INFO - Sync 1 DAGs
[2025-02-14T08:14:42.064+0000] {logging_mixin.py:190} INFO - [2025-02-14T08:14:42.063+0000] {dag.py:4180} INFO - Setting next_dagrun for welcome_dag to 2025-02-14 08:13:00+00:00, run_after=2025-02-14 08:14:00+00:00
[2025-02-14T08:14:42.118+0000] {processor.py:208} INFO - Processing /opt/airflow/dags/new_dags.py took 0.154 seconds
[2025-02-14T08:15:14.976+0000] {processor.py:186} INFO - Started process (PID=288) to work on /opt/airflow/dags/new_dags.py
[2025-02-14T08:15:14.977+0000] {processor.py:914} INFO - Processing file /opt/airflow/dags/new_dags.py for tasks to queue
[2025-02-14T08:15:14.979+0000] {logging_mixin.py:190} INFO - [2025-02-14T08:15:14.979+0000] {dagbag.py:588} INFO - Filling up the DagBag from /opt/airflow/dags/new_dags.py
[2025-02-14T08:15:15.002+0000] {processor.py:925} INFO - DAG(s) 'welcome_dag' retrieved from /opt/airflow/dags/new_dags.py
[2025-02-14T08:15:15.034+0000] {logging_mixin.py:190} INFO - [2025-02-14T08:15:15.034+0000] {dag.py:3239} INFO - Sync 1 DAGs
[2025-02-14T08:15:15.066+0000] {logging_mixin.py:190} INFO - [2025-02-14T08:15:15.066+0000] {dag.py:4180} INFO - Setting next_dagrun for welcome_dag to 2025-02-14 08:14:00+00:00, run_after=2025-02-14 08:15:00+00:00
[2025-02-14T08:15:15.123+0000] {processor.py:208} INFO - Processing /opt/airflow/dags/new_dags.py took 0.152 seconds
[2025-02-14T08:15:48.193+0000] {processor.py:186} INFO - Started process (PID=289) to work on /opt/airflow/dags/new_dags.py
[2025-02-14T08:15:48.194+0000] {processor.py:914} INFO - Processing file /opt/airflow/dags/new_dags.py for tasks to queue
[2025-02-14T08:15:48.196+0000] {logging_mixin.py:190} INFO - [2025-02-14T08:15:48.196+0000] {dagbag.py:588} INFO - Filling up the DagBag from /opt/airflow/dags/new_dags.py
[2025-02-14T08:15:48.223+0000] {processor.py:925} INFO - DAG(s) 'welcome_dag' retrieved from /opt/airflow/dags/new_dags.py
[2025-02-14T08:15:48.255+0000] {logging_mixin.py:190} INFO - [2025-02-14T08:15:48.255+0000] {dag.py:3239} INFO - Sync 1 DAGs
[2025-02-14T08:15:48.286+0000] {logging_mixin.py:190} INFO - [2025-02-14T08:15:48.286+0000] {dag.py:4180} INFO - Setting next_dagrun for welcome_dag to 2025-02-14 08:14:00+00:00, run_after=2025-02-14 08:15:00+00:00
[2025-02-14T08:15:48.336+0000] {processor.py:208} INFO - Processing /opt/airflow/dags/new_dags.py took 0.157 seconds
[2025-02-14T08:16:20.590+0000] {processor.py:186} INFO - Started process (PID=290) to work on /opt/airflow/dags/new_dags.py
[2025-02-14T08:16:20.591+0000] {processor.py:914} INFO - Processing file /opt/airflow/dags/new_dags.py for tasks to queue
[2025-02-14T08:16:20.594+0000] {logging_mixin.py:190} INFO - [2025-02-14T08:16:20.593+0000] {dagbag.py:588} INFO - Filling up the DagBag from /opt/airflow/dags/new_dags.py
[2025-02-14T08:16:20.621+0000] {processor.py:925} INFO - DAG(s) 'welcome_dag' retrieved from /opt/airflow/dags/new_dags.py
[2025-02-14T08:16:20.653+0000] {logging_mixin.py:190} INFO - [2025-02-14T08:16:20.653+0000] {dag.py:3239} INFO - Sync 1 DAGs
[2025-02-14T08:16:20.697+0000] {logging_mixin.py:190} INFO - [2025-02-14T08:16:20.696+0000] {dag.py:4180} INFO - Setting next_dagrun for welcome_dag to 2025-02-14 08:15:00+00:00, run_after=2025-02-14 08:16:00+00:00
[2025-02-14T08:16:20.776+0000] {processor.py:208} INFO - Processing /opt/airflow/dags/new_dags.py took 0.191 seconds
[2025-02-14T08:16:53.509+0000] {processor.py:186} INFO - Started process (PID=291) to work on /opt/airflow/dags/new_dags.py
[2025-02-14T08:16:53.510+0000] {processor.py:914} INFO - Processing file /opt/airflow/dags/new_dags.py for tasks to queue
[2025-02-14T08:16:53.513+0000] {logging_mixin.py:190} INFO - [2025-02-14T08:16:53.512+0000] {dagbag.py:588} INFO - Filling up the DagBag from /opt/airflow/dags/new_dags.py
[2025-02-14T08:16:53.537+0000] {processor.py:925} INFO - DAG(s) 'welcome_dag' retrieved from /opt/airflow/dags/new_dags.py
[2025-02-14T08:16:53.565+0000] {logging_mixin.py:190} INFO - [2025-02-14T08:16:53.565+0000] {dag.py:3239} INFO - Sync 1 DAGs
[2025-02-14T08:16:53.599+0000] {logging_mixin.py:190} INFO - [2025-02-14T08:16:53.598+0000] {dag.py:4180} INFO - Setting next_dagrun for welcome_dag to 2025-02-14 08:15:00+00:00, run_after=2025-02-14 08:16:00+00:00
[2025-02-14T08:16:53.657+0000] {processor.py:208} INFO - Processing /opt/airflow/dags/new_dags.py took 0.153 seconds
[2025-02-14T08:17:25.837+0000] {processor.py:186} INFO - Started process (PID=292) to work on /opt/airflow/dags/new_dags.py
[2025-02-14T08:17:25.839+0000] {processor.py:914} INFO - Processing file /opt/airflow/dags/new_dags.py for tasks to queue
[2025-02-14T08:17:25.842+0000] {logging_mixin.py:190} INFO - [2025-02-14T08:17:25.842+0000] {dagbag.py:588} INFO - Filling up the DagBag from /opt/airflow/dags/new_dags.py
[2025-02-14T08:17:25.878+0000] {processor.py:925} INFO - DAG(s) 'welcome_dag' retrieved from /opt/airflow/dags/new_dags.py
[2025-02-14T08:17:25.916+0000] {logging_mixin.py:190} INFO - [2025-02-14T08:17:25.915+0000] {dag.py:3239} INFO - Sync 1 DAGs
[2025-02-14T08:17:25.956+0000] {logging_mixin.py:190} INFO - [2025-02-14T08:17:25.956+0000] {dag.py:4180} INFO - Setting next_dagrun for welcome_dag to 2025-02-14 08:16:00+00:00, run_after=2025-02-14 08:17:00+00:00
[2025-02-14T08:17:26.021+0000] {processor.py:208} INFO - Processing /opt/airflow/dags/new_dags.py took 0.192 seconds
[2025-02-14T08:17:58.874+0000] {processor.py:186} INFO - Started process (PID=293) to work on /opt/airflow/dags/new_dags.py
[2025-02-14T08:17:58.876+0000] {processor.py:914} INFO - Processing file /opt/airflow/dags/new_dags.py for tasks to queue
[2025-02-14T08:17:58.880+0000] {logging_mixin.py:190} INFO - [2025-02-14T08:17:58.880+0000] {dagbag.py:588} INFO - Filling up the DagBag from /opt/airflow/dags/new_dags.py
[2025-02-14T08:17:58.918+0000] {processor.py:925} INFO - DAG(s) 'welcome_dag' retrieved from /opt/airflow/dags/new_dags.py
[2025-02-14T08:17:58.958+0000] {logging_mixin.py:190} INFO - [2025-02-14T08:17:58.957+0000] {dag.py:3239} INFO - Sync 1 DAGs
[2025-02-14T08:17:59.002+0000] {logging_mixin.py:190} INFO - [2025-02-14T08:17:59.002+0000] {dag.py:4180} INFO - Setting next_dagrun for welcome_dag to 2025-02-14 08:16:00+00:00, run_after=2025-02-14 08:17:00+00:00
[2025-02-14T08:17:59.071+0000] {processor.py:208} INFO - Processing /opt/airflow/dags/new_dags.py took 0.203 seconds
[2025-02-14T08:18:31.219+0000] {processor.py:186} INFO - Started process (PID=294) to work on /opt/airflow/dags/new_dags.py
[2025-02-14T08:18:31.220+0000] {processor.py:914} INFO - Processing file /opt/airflow/dags/new_dags.py for tasks to queue
[2025-02-14T08:18:31.222+0000] {logging_mixin.py:190} INFO - [2025-02-14T08:18:31.222+0000] {dagbag.py:588} INFO - Filling up the DagBag from /opt/airflow/dags/new_dags.py
[2025-02-14T08:18:31.254+0000] {processor.py:925} INFO - DAG(s) 'welcome_dag' retrieved from /opt/airflow/dags/new_dags.py
[2025-02-14T08:18:31.290+0000] {logging_mixin.py:190} INFO - [2025-02-14T08:18:31.290+0000] {dag.py:3239} INFO - Sync 1 DAGs
[2025-02-14T08:18:31.318+0000] {logging_mixin.py:190} INFO - [2025-02-14T08:18:31.318+0000] {dag.py:4180} INFO - Setting next_dagrun for welcome_dag to 2025-02-14 08:17:00+00:00, run_after=2025-02-14 08:18:00+00:00
[2025-02-14T08:18:31.371+0000] {processor.py:208} INFO - Processing /opt/airflow/dags/new_dags.py took 0.158 seconds
[2025-02-14T08:19:04.516+0000] {processor.py:186} INFO - Started process (PID=295) to work on /opt/airflow/dags/new_dags.py
[2025-02-14T08:19:04.517+0000] {processor.py:914} INFO - Processing file /opt/airflow/dags/new_dags.py for tasks to queue
[2025-02-14T08:19:04.520+0000] {logging_mixin.py:190} INFO - [2025-02-14T08:19:04.519+0000] {dagbag.py:588} INFO - Filling up the DagBag from /opt/airflow/dags/new_dags.py
[2025-02-14T08:19:04.543+0000] {processor.py:925} INFO - DAG(s) 'welcome_dag' retrieved from /opt/airflow/dags/new_dags.py
[2025-02-14T08:19:04.571+0000] {logging_mixin.py:190} INFO - [2025-02-14T08:19:04.571+0000] {dag.py:3239} INFO - Sync 1 DAGs
[2025-02-14T08:19:04.601+0000] {logging_mixin.py:190} INFO - [2025-02-14T08:19:04.601+0000] {dag.py:4180} INFO - Setting next_dagrun for welcome_dag to 2025-02-14 08:18:00+00:00, run_after=2025-02-14 08:19:00+00:00
[2025-02-14T08:19:04.651+0000] {processor.py:208} INFO - Processing /opt/airflow/dags/new_dags.py took 0.139 seconds
[2025-02-14T08:19:36.725+0000] {processor.py:186} INFO - Started process (PID=296) to work on /opt/airflow/dags/new_dags.py
[2025-02-14T08:19:36.726+0000] {processor.py:914} INFO - Processing file /opt/airflow/dags/new_dags.py for tasks to queue
[2025-02-14T08:19:36.729+0000] {logging_mixin.py:190} INFO - [2025-02-14T08:19:36.728+0000] {dagbag.py:588} INFO - Filling up the DagBag from /opt/airflow/dags/new_dags.py
[2025-02-14T08:19:36.753+0000] {processor.py:925} INFO - DAG(s) 'welcome_dag' retrieved from /opt/airflow/dags/new_dags.py
[2025-02-14T08:19:36.782+0000] {logging_mixin.py:190} INFO - [2025-02-14T08:19:36.782+0000] {dag.py:3239} INFO - Sync 1 DAGs
[2025-02-14T08:19:36.807+0000] {logging_mixin.py:190} INFO - [2025-02-14T08:19:36.807+0000] {dag.py:4180} INFO - Setting next_dagrun for welcome_dag to 2025-02-14 08:18:00+00:00, run_after=2025-02-14 08:19:00+00:00
[2025-02-14T08:19:36.850+0000] {processor.py:208} INFO - Processing /opt/airflow/dags/new_dags.py took 0.134 seconds
[2025-02-14T08:20:09.457+0000] {processor.py:186} INFO - Started process (PID=297) to work on /opt/airflow/dags/new_dags.py
[2025-02-14T08:20:09.458+0000] {processor.py:914} INFO - Processing file /opt/airflow/dags/new_dags.py for tasks to queue
[2025-02-14T08:20:09.461+0000] {logging_mixin.py:190} INFO - [2025-02-14T08:20:09.460+0000] {dagbag.py:588} INFO - Filling up the DagBag from /opt/airflow/dags/new_dags.py
[2025-02-14T08:20:09.486+0000] {processor.py:925} INFO - DAG(s) 'welcome_dag' retrieved from /opt/airflow/dags/new_dags.py
[2025-02-14T08:20:09.523+0000] {logging_mixin.py:190} INFO - [2025-02-14T08:20:09.522+0000] {dag.py:3239} INFO - Sync 1 DAGs
[2025-02-14T08:20:09.548+0000] {logging_mixin.py:190} INFO - [2025-02-14T08:20:09.547+0000] {dag.py:4180} INFO - Setting next_dagrun for welcome_dag to 2025-02-14 08:19:00+00:00, run_after=2025-02-14 08:20:00+00:00
[2025-02-14T08:20:09.591+0000] {processor.py:208} INFO - Processing /opt/airflow/dags/new_dags.py took 0.138 seconds
[2025-02-14T08:20:43.242+0000] {processor.py:186} INFO - Started process (PID=298) to work on /opt/airflow/dags/new_dags.py
[2025-02-14T08:20:43.245+0000] {processor.py:914} INFO - Processing file /opt/airflow/dags/new_dags.py for tasks to queue
[2025-02-14T08:20:43.249+0000] {logging_mixin.py:190} INFO - [2025-02-14T08:20:43.248+0000] {dagbag.py:588} INFO - Filling up the DagBag from /opt/airflow/dags/new_dags.py
[2025-02-14T08:20:43.283+0000] {processor.py:925} INFO - DAG(s) 'welcome_dag' retrieved from /opt/airflow/dags/new_dags.py
[2025-02-14T08:20:43.314+0000] {logging_mixin.py:190} INFO - [2025-02-14T08:20:43.313+0000] {dag.py:3239} INFO - Sync 1 DAGs
[2025-02-14T08:20:43.358+0000] {logging_mixin.py:190} INFO - [2025-02-14T08:20:43.358+0000] {dag.py:4180} INFO - Setting next_dagrun for welcome_dag to 2025-02-14 08:19:00+00:00, run_after=2025-02-14 08:20:00+00:00
[2025-02-14T08:20:43.438+0000] {processor.py:208} INFO - Processing /opt/airflow/dags/new_dags.py took 0.208 seconds
[2025-02-14T08:21:15.176+0000] {processor.py:186} INFO - Started process (PID=299) to work on /opt/airflow/dags/new_dags.py
[2025-02-14T08:21:15.178+0000] {processor.py:914} INFO - Processing file /opt/airflow/dags/new_dags.py for tasks to queue
[2025-02-14T08:21:15.180+0000] {logging_mixin.py:190} INFO - [2025-02-14T08:21:15.179+0000] {dagbag.py:588} INFO - Filling up the DagBag from /opt/airflow/dags/new_dags.py
[2025-02-14T08:21:15.206+0000] {processor.py:925} INFO - DAG(s) 'welcome_dag' retrieved from /opt/airflow/dags/new_dags.py
[2025-02-14T08:21:15.239+0000] {logging_mixin.py:190} INFO - [2025-02-14T08:21:15.239+0000] {dag.py:3239} INFO - Sync 1 DAGs
[2025-02-14T08:21:15.275+0000] {logging_mixin.py:190} INFO - [2025-02-14T08:21:15.274+0000] {dag.py:4180} INFO - Setting next_dagrun for welcome_dag to 2025-02-14 08:20:00+00:00, run_after=2025-02-14 08:21:00+00:00
[2025-02-14T08:21:15.329+0000] {processor.py:208} INFO - Processing /opt/airflow/dags/new_dags.py took 0.159 seconds
[2025-02-14T08:21:47.413+0000] {processor.py:186} INFO - Started process (PID=300) to work on /opt/airflow/dags/new_dags.py
[2025-02-14T08:21:47.415+0000] {processor.py:914} INFO - Processing file /opt/airflow/dags/new_dags.py for tasks to queue
[2025-02-14T08:21:47.419+0000] {logging_mixin.py:190} INFO - [2025-02-14T08:21:47.419+0000] {dagbag.py:588} INFO - Filling up the DagBag from /opt/airflow/dags/new_dags.py
[2025-02-14T08:21:47.448+0000] {processor.py:925} INFO - DAG(s) 'welcome_dag' retrieved from /opt/airflow/dags/new_dags.py
[2025-02-14T08:21:47.490+0000] {logging_mixin.py:190} INFO - [2025-02-14T08:21:47.490+0000] {dag.py:3239} INFO - Sync 1 DAGs
[2025-02-14T08:21:47.526+0000] {logging_mixin.py:190} INFO - [2025-02-14T08:21:47.526+0000] {dag.py:4180} INFO - Setting next_dagrun for welcome_dag to 2025-02-14 08:20:00+00:00, run_after=2025-02-14 08:21:00+00:00
[2025-02-14T08:21:47.576+0000] {processor.py:208} INFO - Processing /opt/airflow/dags/new_dags.py took 0.171 seconds
[2025-02-14T08:22:20.779+0000] {processor.py:186} INFO - Started process (PID=301) to work on /opt/airflow/dags/new_dags.py
[2025-02-14T08:22:20.780+0000] {processor.py:914} INFO - Processing file /opt/airflow/dags/new_dags.py for tasks to queue
[2025-02-14T08:22:20.784+0000] {logging_mixin.py:190} INFO - [2025-02-14T08:22:20.783+0000] {dagbag.py:588} INFO - Filling up the DagBag from /opt/airflow/dags/new_dags.py
[2025-02-14T08:22:20.811+0000] {processor.py:925} INFO - DAG(s) 'welcome_dag' retrieved from /opt/airflow/dags/new_dags.py
[2025-02-14T08:22:20.837+0000] {logging_mixin.py:190} INFO - [2025-02-14T08:22:20.837+0000] {dag.py:3239} INFO - Sync 1 DAGs
[2025-02-14T08:22:20.869+0000] {logging_mixin.py:190} INFO - [2025-02-14T08:22:20.869+0000] {dag.py:4180} INFO - Setting next_dagrun for welcome_dag to 2025-02-14 08:21:00+00:00, run_after=2025-02-14 08:22:00+00:00
[2025-02-14T08:22:20.918+0000] {processor.py:208} INFO - Processing /opt/airflow/dags/new_dags.py took 0.151 seconds
[2025-02-14T08:22:52.948+0000] {processor.py:186} INFO - Started process (PID=302) to work on /opt/airflow/dags/new_dags.py
[2025-02-14T08:22:52.949+0000] {processor.py:914} INFO - Processing file /opt/airflow/dags/new_dags.py for tasks to queue
[2025-02-14T08:22:52.952+0000] {logging_mixin.py:190} INFO - [2025-02-14T08:22:52.952+0000] {dagbag.py:588} INFO - Filling up the DagBag from /opt/airflow/dags/new_dags.py
[2025-02-14T08:22:52.981+0000] {processor.py:925} INFO - DAG(s) 'welcome_dag' retrieved from /opt/airflow/dags/new_dags.py
[2025-02-14T08:22:53.016+0000] {logging_mixin.py:190} INFO - [2025-02-14T08:22:53.016+0000] {dag.py:3239} INFO - Sync 1 DAGs
[2025-02-14T08:22:53.048+0000] {logging_mixin.py:190} INFO - [2025-02-14T08:22:53.048+0000] {dag.py:4180} INFO - Setting next_dagrun for welcome_dag to 2025-02-14 08:21:00+00:00, run_after=2025-02-14 08:22:00+00:00
[2025-02-14T08:22:53.090+0000] {processor.py:208} INFO - Processing /opt/airflow/dags/new_dags.py took 0.150 seconds
[2025-02-14T08:23:26.309+0000] {processor.py:186} INFO - Started process (PID=303) to work on /opt/airflow/dags/new_dags.py
[2025-02-14T08:23:26.310+0000] {processor.py:914} INFO - Processing file /opt/airflow/dags/new_dags.py for tasks to queue
[2025-02-14T08:23:26.312+0000] {logging_mixin.py:190} INFO - [2025-02-14T08:23:26.312+0000] {dagbag.py:588} INFO - Filling up the DagBag from /opt/airflow/dags/new_dags.py
[2025-02-14T08:23:26.339+0000] {processor.py:925} INFO - DAG(s) 'welcome_dag' retrieved from /opt/airflow/dags/new_dags.py
[2025-02-14T08:23:26.369+0000] {logging_mixin.py:190} INFO - [2025-02-14T08:23:26.368+0000] {dag.py:3239} INFO - Sync 1 DAGs
[2025-02-14T08:23:26.402+0000] {logging_mixin.py:190} INFO - [2025-02-14T08:23:26.402+0000] {dag.py:4180} INFO - Setting next_dagrun for welcome_dag to 2025-02-14 08:22:00+00:00, run_after=2025-02-14 08:23:00+00:00
[2025-02-14T08:23:26.463+0000] {processor.py:208} INFO - Processing /opt/airflow/dags/new_dags.py took 0.162 seconds
[2025-02-14T08:23:58.543+0000] {processor.py:186} INFO - Started process (PID=304) to work on /opt/airflow/dags/new_dags.py
[2025-02-14T08:23:58.544+0000] {processor.py:914} INFO - Processing file /opt/airflow/dags/new_dags.py for tasks to queue
[2025-02-14T08:23:58.546+0000] {logging_mixin.py:190} INFO - [2025-02-14T08:23:58.546+0000] {dagbag.py:588} INFO - Filling up the DagBag from /opt/airflow/dags/new_dags.py
[2025-02-14T08:23:58.568+0000] {processor.py:925} INFO - DAG(s) 'welcome_dag' retrieved from /opt/airflow/dags/new_dags.py
[2025-02-14T08:23:58.599+0000] {logging_mixin.py:190} INFO - [2025-02-14T08:23:58.598+0000] {dag.py:3239} INFO - Sync 1 DAGs
[2025-02-14T08:23:58.636+0000] {logging_mixin.py:190} INFO - [2025-02-14T08:23:58.636+0000] {dag.py:4180} INFO - Setting next_dagrun for welcome_dag to 2025-02-14 08:22:00+00:00, run_after=2025-02-14 08:23:00+00:00
[2025-02-14T08:23:58.692+0000] {processor.py:208} INFO - Processing /opt/airflow/dags/new_dags.py took 0.153 seconds
[2025-02-14T08:24:31.418+0000] {processor.py:186} INFO - Started process (PID=305) to work on /opt/airflow/dags/new_dags.py
[2025-02-14T08:24:31.419+0000] {processor.py:914} INFO - Processing file /opt/airflow/dags/new_dags.py for tasks to queue
[2025-02-14T08:24:31.421+0000] {logging_mixin.py:190} INFO - [2025-02-14T08:24:31.421+0000] {dagbag.py:588} INFO - Filling up the DagBag from /opt/airflow/dags/new_dags.py
[2025-02-14T08:24:31.441+0000] {processor.py:925} INFO - DAG(s) 'welcome_dag' retrieved from /opt/airflow/dags/new_dags.py
[2025-02-14T08:24:31.465+0000] {logging_mixin.py:190} INFO - [2025-02-14T08:24:31.464+0000] {dag.py:3239} INFO - Sync 1 DAGs
[2025-02-14T08:24:31.494+0000] {logging_mixin.py:190} INFO - [2025-02-14T08:24:31.494+0000] {dag.py:4180} INFO - Setting next_dagrun for welcome_dag to 2025-02-14 08:23:00+00:00, run_after=2025-02-14 08:24:00+00:00
[2025-02-14T08:24:31.541+0000] {processor.py:208} INFO - Processing /opt/airflow/dags/new_dags.py took 0.127 seconds
[2025-02-14T08:25:03.830+0000] {processor.py:186} INFO - Started process (PID=306) to work on /opt/airflow/dags/new_dags.py
[2025-02-14T08:25:03.831+0000] {processor.py:914} INFO - Processing file /opt/airflow/dags/new_dags.py for tasks to queue
[2025-02-14T08:25:03.833+0000] {logging_mixin.py:190} INFO - [2025-02-14T08:25:03.833+0000] {dagbag.py:588} INFO - Filling up the DagBag from /opt/airflow/dags/new_dags.py
[2025-02-14T08:25:03.852+0000] {processor.py:925} INFO - DAG(s) 'welcome_dag' retrieved from /opt/airflow/dags/new_dags.py
[2025-02-14T08:25:03.878+0000] {logging_mixin.py:190} INFO - [2025-02-14T08:25:03.878+0000] {dag.py:3239} INFO - Sync 1 DAGs
[2025-02-14T08:25:03.902+0000] {logging_mixin.py:190} INFO - [2025-02-14T08:25:03.902+0000] {dag.py:4180} INFO - Setting next_dagrun for welcome_dag to 2025-02-14 08:24:00+00:00, run_after=2025-02-14 08:25:00+00:00
[2025-02-14T08:25:03.961+0000] {processor.py:208} INFO - Processing /opt/airflow/dags/new_dags.py took 0.135 seconds
[2025-02-14T08:25:37.383+0000] {processor.py:186} INFO - Started process (PID=307) to work on /opt/airflow/dags/new_dags.py
[2025-02-14T08:25:37.387+0000] {processor.py:914} INFO - Processing file /opt/airflow/dags/new_dags.py for tasks to queue
[2025-02-14T08:25:37.395+0000] {logging_mixin.py:190} INFO - [2025-02-14T08:25:37.394+0000] {dagbag.py:588} INFO - Filling up the DagBag from /opt/airflow/dags/new_dags.py
[2025-02-14T08:25:37.429+0000] {processor.py:925} INFO - DAG(s) 'welcome_dag' retrieved from /opt/airflow/dags/new_dags.py
[2025-02-14T08:25:37.472+0000] {logging_mixin.py:190} INFO - [2025-02-14T08:25:37.471+0000] {dag.py:3239} INFO - Sync 1 DAGs
[2025-02-14T08:25:37.520+0000] {logging_mixin.py:190} INFO - [2025-02-14T08:25:37.519+0000] {dag.py:4180} INFO - Setting next_dagrun for welcome_dag to 2025-02-14 08:24:00+00:00, run_after=2025-02-14 08:25:00+00:00
[2025-02-14T08:25:37.595+0000] {processor.py:208} INFO - Processing /opt/airflow/dags/new_dags.py took 0.227 seconds
[2025-02-14T08:26:09.508+0000] {processor.py:186} INFO - Started process (PID=308) to work on /opt/airflow/dags/new_dags.py
[2025-02-14T08:26:09.509+0000] {processor.py:914} INFO - Processing file /opt/airflow/dags/new_dags.py for tasks to queue
[2025-02-14T08:26:09.512+0000] {logging_mixin.py:190} INFO - [2025-02-14T08:26:09.512+0000] {dagbag.py:588} INFO - Filling up the DagBag from /opt/airflow/dags/new_dags.py
[2025-02-14T08:26:09.543+0000] {processor.py:925} INFO - DAG(s) 'welcome_dag' retrieved from /opt/airflow/dags/new_dags.py
[2025-02-14T08:26:09.573+0000] {logging_mixin.py:190} INFO - [2025-02-14T08:26:09.573+0000] {dag.py:3239} INFO - Sync 1 DAGs
[2025-02-14T08:26:09.601+0000] {logging_mixin.py:190} INFO - [2025-02-14T08:26:09.601+0000] {dag.py:4180} INFO - Setting next_dagrun for welcome_dag to 2025-02-14 08:25:00+00:00, run_after=2025-02-14 08:26:00+00:00
[2025-02-14T08:26:09.682+0000] {processor.py:208} INFO - Processing /opt/airflow/dags/new_dags.py took 0.181 seconds
[2025-02-14T08:26:42.907+0000] {processor.py:186} INFO - Started process (PID=309) to work on /opt/airflow/dags/new_dags.py
[2025-02-14T08:26:42.908+0000] {processor.py:914} INFO - Processing file /opt/airflow/dags/new_dags.py for tasks to queue
[2025-02-14T08:26:42.911+0000] {logging_mixin.py:190} INFO - [2025-02-14T08:26:42.910+0000] {dagbag.py:588} INFO - Filling up the DagBag from /opt/airflow/dags/new_dags.py
[2025-02-14T08:26:42.952+0000] {processor.py:925} INFO - DAG(s) 'welcome_dag' retrieved from /opt/airflow/dags/new_dags.py
[2025-02-14T08:26:42.998+0000] {logging_mixin.py:190} INFO - [2025-02-14T08:26:42.997+0000] {dag.py:3239} INFO - Sync 1 DAGs
[2025-02-14T08:26:43.036+0000] {logging_mixin.py:190} INFO - [2025-02-14T08:26:43.036+0000] {dag.py:4180} INFO - Setting next_dagrun for welcome_dag to 2025-02-14 08:25:00+00:00, run_after=2025-02-14 08:26:00+00:00
[2025-02-14T08:26:43.090+0000] {processor.py:208} INFO - Processing /opt/airflow/dags/new_dags.py took 0.197 seconds
[2025-02-14T08:27:15.249+0000] {processor.py:186} INFO - Started process (PID=310) to work on /opt/airflow/dags/new_dags.py
[2025-02-14T08:27:15.250+0000] {processor.py:914} INFO - Processing file /opt/airflow/dags/new_dags.py for tasks to queue
[2025-02-14T08:27:15.252+0000] {logging_mixin.py:190} INFO - [2025-02-14T08:27:15.252+0000] {dagbag.py:588} INFO - Filling up the DagBag from /opt/airflow/dags/new_dags.py
[2025-02-14T08:27:15.275+0000] {processor.py:925} INFO - DAG(s) 'welcome_dag' retrieved from /opt/airflow/dags/new_dags.py
[2025-02-14T08:27:15.302+0000] {logging_mixin.py:190} INFO - [2025-02-14T08:27:15.302+0000] {dag.py:3239} INFO - Sync 1 DAGs
[2025-02-14T08:27:15.335+0000] {logging_mixin.py:190} INFO - [2025-02-14T08:27:15.335+0000] {dag.py:4180} INFO - Setting next_dagrun for welcome_dag to 2025-02-14 08:26:00+00:00, run_after=2025-02-14 08:27:00+00:00
[2025-02-14T08:27:15.385+0000] {processor.py:208} INFO - Processing /opt/airflow/dags/new_dags.py took 0.145 seconds
[2025-02-14T08:27:47.464+0000] {processor.py:186} INFO - Started process (PID=311) to work on /opt/airflow/dags/new_dags.py
[2025-02-14T08:27:47.465+0000] {processor.py:914} INFO - Processing file /opt/airflow/dags/new_dags.py for tasks to queue
[2025-02-14T08:27:47.469+0000] {logging_mixin.py:190} INFO - [2025-02-14T08:27:47.468+0000] {dagbag.py:588} INFO - Filling up the DagBag from /opt/airflow/dags/new_dags.py
[2025-02-14T08:27:47.499+0000] {processor.py:925} INFO - DAG(s) 'welcome_dag' retrieved from /opt/airflow/dags/new_dags.py
[2025-02-14T08:27:47.530+0000] {logging_mixin.py:190} INFO - [2025-02-14T08:27:47.529+0000] {dag.py:3239} INFO - Sync 1 DAGs
[2025-02-14T08:27:47.567+0000] {logging_mixin.py:190} INFO - [2025-02-14T08:27:47.566+0000] {dag.py:4180} INFO - Setting next_dagrun for welcome_dag to 2025-02-14 08:26:00+00:00, run_after=2025-02-14 08:27:00+00:00
[2025-02-14T08:27:47.644+0000] {processor.py:208} INFO - Processing /opt/airflow/dags/new_dags.py took 0.190 seconds
[2025-02-14T08:28:20.622+0000] {processor.py:186} INFO - Started process (PID=312) to work on /opt/airflow/dags/new_dags.py
[2025-02-14T08:28:20.623+0000] {processor.py:914} INFO - Processing file /opt/airflow/dags/new_dags.py for tasks to queue
[2025-02-14T08:28:20.625+0000] {logging_mixin.py:190} INFO - [2025-02-14T08:28:20.625+0000] {dagbag.py:588} INFO - Filling up the DagBag from /opt/airflow/dags/new_dags.py
[2025-02-14T08:28:20.652+0000] {processor.py:925} INFO - DAG(s) 'welcome_dag' retrieved from /opt/airflow/dags/new_dags.py
[2025-02-14T08:28:20.687+0000] {logging_mixin.py:190} INFO - [2025-02-14T08:28:20.686+0000] {dag.py:3239} INFO - Sync 1 DAGs
[2025-02-14T08:28:20.720+0000] {logging_mixin.py:190} INFO - [2025-02-14T08:28:20.720+0000] {dag.py:4180} INFO - Setting next_dagrun for welcome_dag to 2025-02-14 08:27:00+00:00, run_after=2025-02-14 08:28:00+00:00
[2025-02-14T08:28:20.781+0000] {processor.py:208} INFO - Processing /opt/airflow/dags/new_dags.py took 0.166 seconds
[2025-02-14T08:28:53.789+0000] {processor.py:186} INFO - Started process (PID=313) to work on /opt/airflow/dags/new_dags.py
[2025-02-14T08:28:53.791+0000] {processor.py:914} INFO - Processing file /opt/airflow/dags/new_dags.py for tasks to queue
[2025-02-14T08:28:53.797+0000] {logging_mixin.py:190} INFO - [2025-02-14T08:28:53.796+0000] {dagbag.py:588} INFO - Filling up the DagBag from /opt/airflow/dags/new_dags.py
[2025-02-14T08:28:53.841+0000] {processor.py:925} INFO - DAG(s) 'welcome_dag' retrieved from /opt/airflow/dags/new_dags.py
[2025-02-14T08:28:53.905+0000] {logging_mixin.py:190} INFO - [2025-02-14T08:28:53.904+0000] {dag.py:3239} INFO - Sync 1 DAGs
[2025-02-14T08:28:53.989+0000] {logging_mixin.py:190} INFO - [2025-02-14T08:28:53.988+0000] {dag.py:4180} INFO - Setting next_dagrun for welcome_dag to 2025-02-14 08:27:00+00:00, run_after=2025-02-14 08:28:00+00:00
[2025-02-14T08:28:54.084+0000] {processor.py:208} INFO - Processing /opt/airflow/dags/new_dags.py took 0.307 seconds
[2025-02-14T08:29:25.719+0000] {processor.py:186} INFO - Started process (PID=314) to work on /opt/airflow/dags/new_dags.py
[2025-02-14T08:29:25.721+0000] {processor.py:914} INFO - Processing file /opt/airflow/dags/new_dags.py for tasks to queue
[2025-02-14T08:29:25.724+0000] {logging_mixin.py:190} INFO - [2025-02-14T08:29:25.723+0000] {dagbag.py:588} INFO - Filling up the DagBag from /opt/airflow/dags/new_dags.py
[2025-02-14T08:29:25.756+0000] {processor.py:925} INFO - DAG(s) 'welcome_dag' retrieved from /opt/airflow/dags/new_dags.py
[2025-02-14T08:29:25.788+0000] {logging_mixin.py:190} INFO - [2025-02-14T08:29:25.787+0000] {dag.py:3239} INFO - Sync 1 DAGs
[2025-02-14T08:29:25.824+0000] {logging_mixin.py:190} INFO - [2025-02-14T08:29:25.824+0000] {dag.py:4180} INFO - Setting next_dagrun for welcome_dag to 2025-02-14 08:28:00+00:00, run_after=2025-02-14 08:29:00+00:00
[2025-02-14T08:29:25.888+0000] {processor.py:208} INFO - Processing /opt/airflow/dags/new_dags.py took 0.180 seconds
[2025-02-14T08:29:58.780+0000] {processor.py:186} INFO - Started process (PID=315) to work on /opt/airflow/dags/new_dags.py
[2025-02-14T08:29:58.781+0000] {processor.py:914} INFO - Processing file /opt/airflow/dags/new_dags.py for tasks to queue
[2025-02-14T08:29:58.784+0000] {logging_mixin.py:190} INFO - [2025-02-14T08:29:58.783+0000] {dagbag.py:588} INFO - Filling up the DagBag from /opt/airflow/dags/new_dags.py
[2025-02-14T08:29:58.810+0000] {processor.py:925} INFO - DAG(s) 'welcome_dag' retrieved from /opt/airflow/dags/new_dags.py
[2025-02-14T08:29:58.846+0000] {logging_mixin.py:190} INFO - [2025-02-14T08:29:58.845+0000] {dag.py:3239} INFO - Sync 1 DAGs
[2025-02-14T08:29:58.898+0000] {logging_mixin.py:190} INFO - [2025-02-14T08:29:58.898+0000] {dag.py:4180} INFO - Setting next_dagrun for welcome_dag to 2025-02-14 08:28:00+00:00, run_after=2025-02-14 08:29:00+00:00
[2025-02-14T08:29:58.967+0000] {processor.py:208} INFO - Processing /opt/airflow/dags/new_dags.py took 0.192 seconds
[2025-02-14T08:30:31.794+0000] {processor.py:186} INFO - Started process (PID=316) to work on /opt/airflow/dags/new_dags.py
[2025-02-14T08:30:31.795+0000] {processor.py:914} INFO - Processing file /opt/airflow/dags/new_dags.py for tasks to queue
[2025-02-14T08:30:31.797+0000] {logging_mixin.py:190} INFO - [2025-02-14T08:30:31.797+0000] {dagbag.py:588} INFO - Filling up the DagBag from /opt/airflow/dags/new_dags.py
[2025-02-14T08:30:31.820+0000] {processor.py:925} INFO - DAG(s) 'welcome_dag' retrieved from /opt/airflow/dags/new_dags.py
[2025-02-14T08:30:31.851+0000] {logging_mixin.py:190} INFO - [2025-02-14T08:30:31.851+0000] {dag.py:3239} INFO - Sync 1 DAGs
[2025-02-14T08:30:31.881+0000] {logging_mixin.py:190} INFO - [2025-02-14T08:30:31.881+0000] {dag.py:4180} INFO - Setting next_dagrun for welcome_dag to 2025-02-14 08:29:00+00:00, run_after=2025-02-14 08:30:00+00:00
[2025-02-14T08:30:31.942+0000] {processor.py:208} INFO - Processing /opt/airflow/dags/new_dags.py took 0.152 seconds
[2025-02-14T08:31:04.937+0000] {processor.py:186} INFO - Started process (PID=317) to work on /opt/airflow/dags/new_dags.py
[2025-02-14T08:31:04.939+0000] {processor.py:914} INFO - Processing file /opt/airflow/dags/new_dags.py for tasks to queue
[2025-02-14T08:31:04.942+0000] {logging_mixin.py:190} INFO - [2025-02-14T08:31:04.942+0000] {dagbag.py:588} INFO - Filling up the DagBag from /opt/airflow/dags/new_dags.py
[2025-02-14T08:31:04.982+0000] {processor.py:925} INFO - DAG(s) 'welcome_dag' retrieved from /opt/airflow/dags/new_dags.py
[2025-02-14T08:31:05.034+0000] {logging_mixin.py:190} INFO - [2025-02-14T08:31:05.033+0000] {dag.py:3239} INFO - Sync 1 DAGs
[2025-02-14T08:31:05.082+0000] {logging_mixin.py:190} INFO - [2025-02-14T08:31:05.081+0000] {dag.py:4180} INFO - Setting next_dagrun for welcome_dag to 2025-02-14 08:30:00+00:00, run_after=2025-02-14 08:31:00+00:00
[2025-02-14T08:31:05.165+0000] {processor.py:208} INFO - Processing /opt/airflow/dags/new_dags.py took 0.234 seconds
[2025-02-14T08:31:36.819+0000] {processor.py:186} INFO - Started process (PID=318) to work on /opt/airflow/dags/new_dags.py
[2025-02-14T08:31:36.820+0000] {processor.py:914} INFO - Processing file /opt/airflow/dags/new_dags.py for tasks to queue
[2025-02-14T08:31:36.822+0000] {logging_mixin.py:190} INFO - [2025-02-14T08:31:36.822+0000] {dagbag.py:588} INFO - Filling up the DagBag from /opt/airflow/dags/new_dags.py
[2025-02-14T08:31:36.845+0000] {processor.py:925} INFO - DAG(s) 'welcome_dag' retrieved from /opt/airflow/dags/new_dags.py
[2025-02-14T08:31:36.878+0000] {logging_mixin.py:190} INFO - [2025-02-14T08:31:36.878+0000] {dag.py:3239} INFO - Sync 1 DAGs
[2025-02-14T08:31:36.910+0000] {logging_mixin.py:190} INFO - [2025-02-14T08:31:36.909+0000] {dag.py:4180} INFO - Setting next_dagrun for welcome_dag to 2025-02-14 08:30:00+00:00, run_after=2025-02-14 08:31:00+00:00
[2025-02-14T08:31:36.954+0000] {processor.py:208} INFO - Processing /opt/airflow/dags/new_dags.py took 0.141 seconds
[2025-02-14T08:32:09.686+0000] {processor.py:186} INFO - Started process (PID=319) to work on /opt/airflow/dags/new_dags.py
[2025-02-14T08:32:09.687+0000] {processor.py:914} INFO - Processing file /opt/airflow/dags/new_dags.py for tasks to queue
[2025-02-14T08:32:09.690+0000] {logging_mixin.py:190} INFO - [2025-02-14T08:32:09.690+0000] {dagbag.py:588} INFO - Filling up the DagBag from /opt/airflow/dags/new_dags.py
[2025-02-14T08:32:09.718+0000] {processor.py:925} INFO - DAG(s) 'welcome_dag' retrieved from /opt/airflow/dags/new_dags.py
[2025-02-14T08:32:09.750+0000] {logging_mixin.py:190} INFO - [2025-02-14T08:32:09.749+0000] {dag.py:3239} INFO - Sync 1 DAGs
[2025-02-14T08:32:09.778+0000] {logging_mixin.py:190} INFO - [2025-02-14T08:32:09.778+0000] {dag.py:4180} INFO - Setting next_dagrun for welcome_dag to 2025-02-14 08:31:00+00:00, run_after=2025-02-14 08:32:00+00:00
[2025-02-14T08:32:09.831+0000] {processor.py:208} INFO - Processing /opt/airflow/dags/new_dags.py took 0.151 seconds
[2025-02-14T08:32:41.984+0000] {processor.py:186} INFO - Started process (PID=320) to work on /opt/airflow/dags/new_dags.py
[2025-02-14T08:32:41.986+0000] {processor.py:914} INFO - Processing file /opt/airflow/dags/new_dags.py for tasks to queue
[2025-02-14T08:32:41.989+0000] {logging_mixin.py:190} INFO - [2025-02-14T08:32:41.989+0000] {dagbag.py:588} INFO - Filling up the DagBag from /opt/airflow/dags/new_dags.py
[2025-02-14T08:32:42.021+0000] {processor.py:925} INFO - DAG(s) 'welcome_dag' retrieved from /opt/airflow/dags/new_dags.py
[2025-02-14T08:32:42.054+0000] {logging_mixin.py:190} INFO - [2025-02-14T08:32:42.053+0000] {dag.py:3239} INFO - Sync 1 DAGs
[2025-02-14T08:32:42.092+0000] {logging_mixin.py:190} INFO - [2025-02-14T08:32:42.091+0000] {dag.py:4180} INFO - Setting next_dagrun for welcome_dag to 2025-02-14 08:31:00+00:00, run_after=2025-02-14 08:32:00+00:00
[2025-02-14T08:32:42.158+0000] {processor.py:208} INFO - Processing /opt/airflow/dags/new_dags.py took 0.188 seconds
[2025-02-14T08:33:15.907+0000] {processor.py:186} INFO - Started process (PID=321) to work on /opt/airflow/dags/new_dags.py
[2025-02-14T08:33:15.909+0000] {processor.py:914} INFO - Processing file /opt/airflow/dags/new_dags.py for tasks to queue
[2025-02-14T08:33:15.911+0000] {logging_mixin.py:190} INFO - [2025-02-14T08:33:15.911+0000] {dagbag.py:588} INFO - Filling up the DagBag from /opt/airflow/dags/new_dags.py
[2025-02-14T08:33:15.940+0000] {processor.py:925} INFO - DAG(s) 'welcome_dag' retrieved from /opt/airflow/dags/new_dags.py
[2025-02-14T08:33:15.973+0000] {logging_mixin.py:190} INFO - [2025-02-14T08:33:15.972+0000] {dag.py:3239} INFO - Sync 1 DAGs
[2025-02-14T08:33:16.007+0000] {logging_mixin.py:190} INFO - [2025-02-14T08:33:16.007+0000] {dag.py:4180} INFO - Setting next_dagrun for welcome_dag to 2025-02-14 08:32:00+00:00, run_after=2025-02-14 08:33:00+00:00
[2025-02-14T08:33:16.072+0000] {processor.py:208} INFO - Processing /opt/airflow/dags/new_dags.py took 0.172 seconds
[2025-02-14T08:33:47.797+0000] {processor.py:186} INFO - Started process (PID=322) to work on /opt/airflow/dags/new_dags.py
[2025-02-14T08:33:47.798+0000] {processor.py:914} INFO - Processing file /opt/airflow/dags/new_dags.py for tasks to queue
[2025-02-14T08:33:47.801+0000] {logging_mixin.py:190} INFO - [2025-02-14T08:33:47.800+0000] {dagbag.py:588} INFO - Filling up the DagBag from /opt/airflow/dags/new_dags.py
[2025-02-14T08:33:47.833+0000] {processor.py:925} INFO - DAG(s) 'welcome_dag' retrieved from /opt/airflow/dags/new_dags.py
[2025-02-14T08:33:47.869+0000] {logging_mixin.py:190} INFO - [2025-02-14T08:33:47.869+0000] {dag.py:3239} INFO - Sync 1 DAGs
[2025-02-14T08:33:47.907+0000] {logging_mixin.py:190} INFO - [2025-02-14T08:33:47.906+0000] {dag.py:4180} INFO - Setting next_dagrun for welcome_dag to 2025-02-14 08:32:00+00:00, run_after=2025-02-14 08:33:00+00:00
[2025-02-14T08:33:47.977+0000] {processor.py:208} INFO - Processing /opt/airflow/dags/new_dags.py took 0.193 seconds
[2025-02-14T08:34:21.136+0000] {processor.py:186} INFO - Started process (PID=323) to work on /opt/airflow/dags/new_dags.py
[2025-02-14T08:34:21.137+0000] {processor.py:914} INFO - Processing file /opt/airflow/dags/new_dags.py for tasks to queue
[2025-02-14T08:34:21.141+0000] {logging_mixin.py:190} INFO - [2025-02-14T08:34:21.140+0000] {dagbag.py:588} INFO - Filling up the DagBag from /opt/airflow/dags/new_dags.py
[2025-02-14T08:34:21.166+0000] {processor.py:925} INFO - DAG(s) 'welcome_dag' retrieved from /opt/airflow/dags/new_dags.py
[2025-02-14T08:34:21.198+0000] {logging_mixin.py:190} INFO - [2025-02-14T08:34:21.198+0000] {dag.py:3239} INFO - Sync 1 DAGs
[2025-02-14T08:34:21.232+0000] {logging_mixin.py:190} INFO - [2025-02-14T08:34:21.232+0000] {dag.py:4180} INFO - Setting next_dagrun for welcome_dag to 2025-02-14 08:33:00+00:00, run_after=2025-02-14 08:34:00+00:00
[2025-02-14T08:34:21.293+0000] {processor.py:208} INFO - Processing /opt/airflow/dags/new_dags.py took 0.166 seconds
[2025-02-14T08:34:53.290+0000] {processor.py:186} INFO - Started process (PID=324) to work on /opt/airflow/dags/new_dags.py
[2025-02-14T08:34:53.293+0000] {processor.py:914} INFO - Processing file /opt/airflow/dags/new_dags.py for tasks to queue
[2025-02-14T08:34:53.296+0000] {logging_mixin.py:190} INFO - [2025-02-14T08:34:53.296+0000] {dagbag.py:588} INFO - Filling up the DagBag from /opt/airflow/dags/new_dags.py
[2025-02-14T08:34:53.322+0000] {processor.py:925} INFO - DAG(s) 'welcome_dag' retrieved from /opt/airflow/dags/new_dags.py
[2025-02-14T08:34:53.357+0000] {logging_mixin.py:190} INFO - [2025-02-14T08:34:53.357+0000] {dag.py:3239} INFO - Sync 1 DAGs
[2025-02-14T08:34:53.390+0000] {logging_mixin.py:190} INFO - [2025-02-14T08:34:53.389+0000] {dag.py:4180} INFO - Setting next_dagrun for welcome_dag to 2025-02-14 08:33:00+00:00, run_after=2025-02-14 08:34:00+00:00
[2025-02-14T08:34:53.449+0000] {processor.py:208} INFO - Processing /opt/airflow/dags/new_dags.py took 0.170 seconds
[2025-02-14T08:35:25.649+0000] {processor.py:186} INFO - Started process (PID=325) to work on /opt/airflow/dags/new_dags.py
[2025-02-14T08:35:25.651+0000] {processor.py:914} INFO - Processing file /opt/airflow/dags/new_dags.py for tasks to queue
[2025-02-14T08:35:25.654+0000] {logging_mixin.py:190} INFO - [2025-02-14T08:35:25.654+0000] {dagbag.py:588} INFO - Filling up the DagBag from /opt/airflow/dags/new_dags.py
[2025-02-14T08:35:25.687+0000] {processor.py:925} INFO - DAG(s) 'welcome_dag' retrieved from /opt/airflow/dags/new_dags.py
[2025-02-14T08:35:25.724+0000] {logging_mixin.py:190} INFO - [2025-02-14T08:35:25.723+0000] {dag.py:3239} INFO - Sync 1 DAGs
[2025-02-14T08:35:25.761+0000] {logging_mixin.py:190} INFO - [2025-02-14T08:35:25.761+0000] {dag.py:4180} INFO - Setting next_dagrun for welcome_dag to 2025-02-14 08:34:00+00:00, run_after=2025-02-14 08:35:00+00:00
[2025-02-14T08:35:25.818+0000] {processor.py:208} INFO - Processing /opt/airflow/dags/new_dags.py took 0.177 seconds
[2025-02-14T08:35:58.536+0000] {processor.py:186} INFO - Started process (PID=326) to work on /opt/airflow/dags/new_dags.py
[2025-02-14T08:35:58.537+0000] {processor.py:914} INFO - Processing file /opt/airflow/dags/new_dags.py for tasks to queue
[2025-02-14T08:35:58.539+0000] {logging_mixin.py:190} INFO - [2025-02-14T08:35:58.539+0000] {dagbag.py:588} INFO - Filling up the DagBag from /opt/airflow/dags/new_dags.py
[2025-02-14T08:35:58.564+0000] {processor.py:925} INFO - DAG(s) 'welcome_dag' retrieved from /opt/airflow/dags/new_dags.py
[2025-02-14T08:35:58.590+0000] {logging_mixin.py:190} INFO - [2025-02-14T08:35:58.590+0000] {dag.py:3239} INFO - Sync 1 DAGs
[2025-02-14T08:35:58.619+0000] {logging_mixin.py:190} INFO - [2025-02-14T08:35:58.619+0000] {dag.py:4180} INFO - Setting next_dagrun for welcome_dag to 2025-02-14 08:34:00+00:00, run_after=2025-02-14 08:35:00+00:00
[2025-02-14T08:35:58.667+0000] {processor.py:208} INFO - Processing /opt/airflow/dags/new_dags.py took 0.141 seconds
[2025-02-14T08:36:31.968+0000] {processor.py:186} INFO - Started process (PID=327) to work on /opt/airflow/dags/new_dags.py
[2025-02-14T08:36:31.970+0000] {processor.py:914} INFO - Processing file /opt/airflow/dags/new_dags.py for tasks to queue
[2025-02-14T08:36:31.972+0000] {logging_mixin.py:190} INFO - [2025-02-14T08:36:31.971+0000] {dagbag.py:588} INFO - Filling up the DagBag from /opt/airflow/dags/new_dags.py
[2025-02-14T08:36:32.005+0000] {processor.py:925} INFO - DAG(s) 'welcome_dag' retrieved from /opt/airflow/dags/new_dags.py
[2025-02-14T08:36:32.042+0000] {logging_mixin.py:190} INFO - [2025-02-14T08:36:32.041+0000] {dag.py:3239} INFO - Sync 1 DAGs
[2025-02-14T08:36:32.074+0000] {logging_mixin.py:190} INFO - [2025-02-14T08:36:32.074+0000] {dag.py:4180} INFO - Setting next_dagrun for welcome_dag to 2025-02-14 08:35:00+00:00, run_after=2025-02-14 08:36:00+00:00
[2025-02-14T08:36:32.121+0000] {processor.py:208} INFO - Processing /opt/airflow/dags/new_dags.py took 0.157 seconds
[2025-02-14T08:37:04.343+0000] {processor.py:186} INFO - Started process (PID=328) to work on /opt/airflow/dags/new_dags.py
[2025-02-14T08:37:04.344+0000] {processor.py:914} INFO - Processing file /opt/airflow/dags/new_dags.py for tasks to queue
[2025-02-14T08:37:04.346+0000] {logging_mixin.py:190} INFO - [2025-02-14T08:37:04.346+0000] {dagbag.py:588} INFO - Filling up the DagBag from /opt/airflow/dags/new_dags.py
[2025-02-14T08:37:04.383+0000] {processor.py:925} INFO - DAG(s) 'welcome_dag' retrieved from /opt/airflow/dags/new_dags.py
[2025-02-14T08:37:04.420+0000] {logging_mixin.py:190} INFO - [2025-02-14T08:37:04.419+0000] {dag.py:3239} INFO - Sync 1 DAGs
[2025-02-14T08:37:04.479+0000] {logging_mixin.py:190} INFO - [2025-02-14T08:37:04.479+0000] {dag.py:4180} INFO - Setting next_dagrun for welcome_dag to 2025-02-14 08:36:00+00:00, run_after=2025-02-14 08:37:00+00:00
[2025-02-14T08:37:04.590+0000] {processor.py:208} INFO - Processing /opt/airflow/dags/new_dags.py took 0.261 seconds
[2025-02-14T08:37:36.880+0000] {processor.py:186} INFO - Started process (PID=329) to work on /opt/airflow/dags/new_dags.py
[2025-02-14T08:37:36.882+0000] {processor.py:914} INFO - Processing file /opt/airflow/dags/new_dags.py for tasks to queue
[2025-02-14T08:37:36.886+0000] {logging_mixin.py:190} INFO - [2025-02-14T08:37:36.886+0000] {dagbag.py:588} INFO - Filling up the DagBag from /opt/airflow/dags/new_dags.py
[2025-02-14T08:37:36.926+0000] {processor.py:925} INFO - DAG(s) 'welcome_dag' retrieved from /opt/airflow/dags/new_dags.py
[2025-02-14T08:37:36.974+0000] {logging_mixin.py:190} INFO - [2025-02-14T08:37:36.974+0000] {dag.py:3239} INFO - Sync 1 DAGs
[2025-02-14T08:37:37.023+0000] {logging_mixin.py:190} INFO - [2025-02-14T08:37:37.022+0000] {dag.py:4180} INFO - Setting next_dagrun for welcome_dag to 2025-02-14 08:36:00+00:00, run_after=2025-02-14 08:37:00+00:00
[2025-02-14T08:37:37.107+0000] {processor.py:208} INFO - Processing /opt/airflow/dags/new_dags.py took 0.237 seconds
[2025-02-14T08:38:08.708+0000] {processor.py:186} INFO - Started process (PID=330) to work on /opt/airflow/dags/new_dags.py
[2025-02-14T08:38:08.709+0000] {processor.py:914} INFO - Processing file /opt/airflow/dags/new_dags.py for tasks to queue
[2025-02-14T08:38:08.711+0000] {logging_mixin.py:190} INFO - [2025-02-14T08:38:08.711+0000] {dagbag.py:588} INFO - Filling up the DagBag from /opt/airflow/dags/new_dags.py
[2025-02-14T08:38:08.736+0000] {processor.py:925} INFO - DAG(s) 'welcome_dag' retrieved from /opt/airflow/dags/new_dags.py
[2025-02-14T08:38:08.771+0000] {logging_mixin.py:190} INFO - [2025-02-14T08:38:08.771+0000] {dag.py:3239} INFO - Sync 1 DAGs
[2025-02-14T08:38:08.807+0000] {logging_mixin.py:190} INFO - [2025-02-14T08:38:08.807+0000] {dag.py:4180} INFO - Setting next_dagrun for welcome_dag to 2025-02-14 08:37:00+00:00, run_after=2025-02-14 08:38:00+00:00
[2025-02-14T08:38:08.900+0000] {processor.py:208} INFO - Processing /opt/airflow/dags/new_dags.py took 0.198 seconds
[2025-02-14T08:38:41.030+0000] {processor.py:186} INFO - Started process (PID=331) to work on /opt/airflow/dags/new_dags.py
[2025-02-14T08:38:41.032+0000] {processor.py:914} INFO - Processing file /opt/airflow/dags/new_dags.py for tasks to queue
[2025-02-14T08:38:41.034+0000] {logging_mixin.py:190} INFO - [2025-02-14T08:38:41.034+0000] {dagbag.py:588} INFO - Filling up the DagBag from /opt/airflow/dags/new_dags.py
[2025-02-14T08:38:41.056+0000] {processor.py:925} INFO - DAG(s) 'welcome_dag' retrieved from /opt/airflow/dags/new_dags.py
[2025-02-14T08:38:41.081+0000] {logging_mixin.py:190} INFO - [2025-02-14T08:38:41.081+0000] {dag.py:3239} INFO - Sync 1 DAGs
[2025-02-14T08:38:41.106+0000] {logging_mixin.py:190} INFO - [2025-02-14T08:38:41.105+0000] {dag.py:4180} INFO - Setting next_dagrun for welcome_dag to 2025-02-14 08:37:00+00:00, run_after=2025-02-14 08:38:00+00:00
[2025-02-14T08:38:41.146+0000] {processor.py:208} INFO - Processing /opt/airflow/dags/new_dags.py took 0.121 seconds
[2025-02-14T08:39:13.252+0000] {processor.py:186} INFO - Started process (PID=332) to work on /opt/airflow/dags/new_dags.py
[2025-02-14T08:39:13.253+0000] {processor.py:914} INFO - Processing file /opt/airflow/dags/new_dags.py for tasks to queue
[2025-02-14T08:39:13.255+0000] {logging_mixin.py:190} INFO - [2025-02-14T08:39:13.255+0000] {dagbag.py:588} INFO - Filling up the DagBag from /opt/airflow/dags/new_dags.py
[2025-02-14T08:39:13.287+0000] {processor.py:925} INFO - DAG(s) 'welcome_dag' retrieved from /opt/airflow/dags/new_dags.py
[2025-02-14T08:39:13.323+0000] {logging_mixin.py:190} INFO - [2025-02-14T08:39:13.323+0000] {dag.py:3239} INFO - Sync 1 DAGs
[2025-02-14T08:39:13.360+0000] {logging_mixin.py:190} INFO - [2025-02-14T08:39:13.360+0000] {dag.py:4180} INFO - Setting next_dagrun for welcome_dag to 2025-02-14 08:38:00+00:00, run_after=2025-02-14 08:39:00+00:00
[2025-02-14T08:39:13.416+0000] {processor.py:208} INFO - Processing /opt/airflow/dags/new_dags.py took 0.172 seconds
[2025-02-14T08:39:46.156+0000] {processor.py:186} INFO - Started process (PID=333) to work on /opt/airflow/dags/new_dags.py
[2025-02-14T08:39:46.157+0000] {processor.py:914} INFO - Processing file /opt/airflow/dags/new_dags.py for tasks to queue
[2025-02-14T08:39:46.159+0000] {logging_mixin.py:190} INFO - [2025-02-14T08:39:46.159+0000] {dagbag.py:588} INFO - Filling up the DagBag from /opt/airflow/dags/new_dags.py
[2025-02-14T08:39:46.180+0000] {processor.py:925} INFO - DAG(s) 'welcome_dag' retrieved from /opt/airflow/dags/new_dags.py
[2025-02-14T08:39:46.207+0000] {logging_mixin.py:190} INFO - [2025-02-14T08:39:46.206+0000] {dag.py:3239} INFO - Sync 1 DAGs
[2025-02-14T08:39:46.237+0000] {logging_mixin.py:190} INFO - [2025-02-14T08:39:46.237+0000] {dag.py:4180} INFO - Setting next_dagrun for welcome_dag to 2025-02-14 08:38:00+00:00, run_after=2025-02-14 08:39:00+00:00
[2025-02-14T08:39:46.284+0000] {processor.py:208} INFO - Processing /opt/airflow/dags/new_dags.py took 0.135 seconds
[2025-02-14T08:40:19.420+0000] {processor.py:186} INFO - Started process (PID=334) to work on /opt/airflow/dags/new_dags.py
[2025-02-14T08:40:19.422+0000] {processor.py:914} INFO - Processing file /opt/airflow/dags/new_dags.py for tasks to queue
[2025-02-14T08:40:19.424+0000] {logging_mixin.py:190} INFO - [2025-02-14T08:40:19.424+0000] {dagbag.py:588} INFO - Filling up the DagBag from /opt/airflow/dags/new_dags.py
[2025-02-14T08:40:19.447+0000] {processor.py:925} INFO - DAG(s) 'welcome_dag' retrieved from /opt/airflow/dags/new_dags.py
[2025-02-14T08:40:19.477+0000] {logging_mixin.py:190} INFO - [2025-02-14T08:40:19.477+0000] {dag.py:3239} INFO - Sync 1 DAGs
[2025-02-14T08:40:19.507+0000] {logging_mixin.py:190} INFO - [2025-02-14T08:40:19.507+0000] {dag.py:4180} INFO - Setting next_dagrun for welcome_dag to 2025-02-14 08:39:00+00:00, run_after=2025-02-14 08:40:00+00:00
[2025-02-14T08:40:19.556+0000] {processor.py:208} INFO - Processing /opt/airflow/dags/new_dags.py took 0.141 seconds
[2025-02-14T08:40:51.780+0000] {processor.py:186} INFO - Started process (PID=335) to work on /opt/airflow/dags/new_dags.py
[2025-02-14T08:40:51.781+0000] {processor.py:914} INFO - Processing file /opt/airflow/dags/new_dags.py for tasks to queue
[2025-02-14T08:40:51.783+0000] {logging_mixin.py:190} INFO - [2025-02-14T08:40:51.783+0000] {dagbag.py:588} INFO - Filling up the DagBag from /opt/airflow/dags/new_dags.py
[2025-02-14T08:40:51.813+0000] {processor.py:925} INFO - DAG(s) 'welcome_dag' retrieved from /opt/airflow/dags/new_dags.py
[2025-02-14T08:40:51.851+0000] {logging_mixin.py:190} INFO - [2025-02-14T08:40:51.850+0000] {dag.py:3239} INFO - Sync 1 DAGs
[2025-02-14T08:40:51.900+0000] {logging_mixin.py:190} INFO - [2025-02-14T08:40:51.900+0000] {dag.py:4180} INFO - Setting next_dagrun for welcome_dag to 2025-02-14 08:39:00+00:00, run_after=2025-02-14 08:40:00+00:00
[2025-02-14T08:40:51.953+0000] {processor.py:208} INFO - Processing /opt/airflow/dags/new_dags.py took 0.178 seconds
[2025-02-14T08:41:25.079+0000] {processor.py:186} INFO - Started process (PID=336) to work on /opt/airflow/dags/new_dags.py
[2025-02-14T08:41:25.080+0000] {processor.py:914} INFO - Processing file /opt/airflow/dags/new_dags.py for tasks to queue
[2025-02-14T08:41:25.083+0000] {logging_mixin.py:190} INFO - [2025-02-14T08:41:25.082+0000] {dagbag.py:588} INFO - Filling up the DagBag from /opt/airflow/dags/new_dags.py
[2025-02-14T08:41:25.112+0000] {processor.py:925} INFO - DAG(s) 'welcome_dag' retrieved from /opt/airflow/dags/new_dags.py
[2025-02-14T08:41:25.144+0000] {logging_mixin.py:190} INFO - [2025-02-14T08:41:25.144+0000] {dag.py:3239} INFO - Sync 1 DAGs
[2025-02-14T08:41:25.171+0000] {logging_mixin.py:190} INFO - [2025-02-14T08:41:25.171+0000] {dag.py:4180} INFO - Setting next_dagrun for welcome_dag to 2025-02-14 08:40:00+00:00, run_after=2025-02-14 08:41:00+00:00
[2025-02-14T08:41:25.215+0000] {processor.py:208} INFO - Processing /opt/airflow/dags/new_dags.py took 0.142 seconds
[2025-02-14T08:41:57.517+0000] {processor.py:186} INFO - Started process (PID=337) to work on /opt/airflow/dags/new_dags.py
[2025-02-14T08:41:57.519+0000] {processor.py:914} INFO - Processing file /opt/airflow/dags/new_dags.py for tasks to queue
[2025-02-14T08:41:57.525+0000] {logging_mixin.py:190} INFO - [2025-02-14T08:41:57.523+0000] {dagbag.py:588} INFO - Filling up the DagBag from /opt/airflow/dags/new_dags.py
[2025-02-14T08:41:57.558+0000] {processor.py:925} INFO - DAG(s) 'welcome_dag' retrieved from /opt/airflow/dags/new_dags.py
[2025-02-14T08:41:57.604+0000] {logging_mixin.py:190} INFO - [2025-02-14T08:41:57.603+0000] {dag.py:3239} INFO - Sync 1 DAGs
[2025-02-14T08:41:57.660+0000] {logging_mixin.py:190} INFO - [2025-02-14T08:41:57.660+0000] {dag.py:4180} INFO - Setting next_dagrun for welcome_dag to 2025-02-14 08:40:00+00:00, run_after=2025-02-14 08:41:00+00:00
[2025-02-14T08:41:57.770+0000] {processor.py:208} INFO - Processing /opt/airflow/dags/new_dags.py took 0.267 seconds
[2025-02-14T08:42:29.850+0000] {processor.py:186} INFO - Started process (PID=338) to work on /opt/airflow/dags/new_dags.py
[2025-02-14T08:42:29.851+0000] {processor.py:914} INFO - Processing file /opt/airflow/dags/new_dags.py for tasks to queue
[2025-02-14T08:42:29.852+0000] {logging_mixin.py:190} INFO - [2025-02-14T08:42:29.852+0000] {dagbag.py:588} INFO - Filling up the DagBag from /opt/airflow/dags/new_dags.py
[2025-02-14T08:42:29.876+0000] {processor.py:925} INFO - DAG(s) 'welcome_dag' retrieved from /opt/airflow/dags/new_dags.py
[2025-02-14T08:42:29.906+0000] {logging_mixin.py:190} INFO - [2025-02-14T08:42:29.905+0000] {dag.py:3239} INFO - Sync 1 DAGs
[2025-02-14T08:42:29.936+0000] {logging_mixin.py:190} INFO - [2025-02-14T08:42:29.935+0000] {dag.py:4180} INFO - Setting next_dagrun for welcome_dag to 2025-02-14 08:41:00+00:00, run_after=2025-02-14 08:42:00+00:00
[2025-02-14T08:42:29.984+0000] {processor.py:208} INFO - Processing /opt/airflow/dags/new_dags.py took 0.141 seconds
[2025-02-14T08:43:03.413+0000] {processor.py:186} INFO - Started process (PID=339) to work on /opt/airflow/dags/new_dags.py
[2025-02-14T08:43:03.414+0000] {processor.py:914} INFO - Processing file /opt/airflow/dags/new_dags.py for tasks to queue
[2025-02-14T08:43:03.419+0000] {logging_mixin.py:190} INFO - [2025-02-14T08:43:03.419+0000] {dagbag.py:588} INFO - Filling up the DagBag from /opt/airflow/dags/new_dags.py
[2025-02-14T08:43:03.455+0000] {processor.py:925} INFO - DAG(s) 'welcome_dag' retrieved from /opt/airflow/dags/new_dags.py
[2025-02-14T08:43:03.489+0000] {logging_mixin.py:190} INFO - [2025-02-14T08:43:03.489+0000] {dag.py:3239} INFO - Sync 1 DAGs
[2025-02-14T08:43:03.530+0000] {logging_mixin.py:190} INFO - [2025-02-14T08:43:03.529+0000] {dag.py:4180} INFO - Setting next_dagrun for welcome_dag to 2025-02-14 08:42:00+00:00, run_after=2025-02-14 08:43:00+00:00
[2025-02-14T08:43:03.593+0000] {processor.py:208} INFO - Processing /opt/airflow/dags/new_dags.py took 0.188 seconds
[2025-02-14T08:43:35.707+0000] {processor.py:186} INFO - Started process (PID=340) to work on /opt/airflow/dags/new_dags.py
[2025-02-14T08:43:35.708+0000] {processor.py:914} INFO - Processing file /opt/airflow/dags/new_dags.py for tasks to queue
[2025-02-14T08:43:35.712+0000] {logging_mixin.py:190} INFO - [2025-02-14T08:43:35.711+0000] {dagbag.py:588} INFO - Filling up the DagBag from /opt/airflow/dags/new_dags.py
[2025-02-14T08:43:35.740+0000] {processor.py:925} INFO - DAG(s) 'welcome_dag' retrieved from /opt/airflow/dags/new_dags.py
[2025-02-14T08:43:35.783+0000] {logging_mixin.py:190} INFO - [2025-02-14T08:43:35.782+0000] {dag.py:3239} INFO - Sync 1 DAGs
[2025-02-14T08:43:35.824+0000] {logging_mixin.py:190} INFO - [2025-02-14T08:43:35.824+0000] {dag.py:4180} INFO - Setting next_dagrun for welcome_dag to 2025-02-14 08:42:00+00:00, run_after=2025-02-14 08:43:00+00:00
[2025-02-14T08:43:35.905+0000] {processor.py:208} INFO - Processing /opt/airflow/dags/new_dags.py took 0.205 seconds
[2025-02-14T08:44:07.764+0000] {processor.py:186} INFO - Started process (PID=341) to work on /opt/airflow/dags/new_dags.py
[2025-02-14T08:44:07.765+0000] {processor.py:914} INFO - Processing file /opt/airflow/dags/new_dags.py for tasks to queue
[2025-02-14T08:44:07.768+0000] {logging_mixin.py:190} INFO - [2025-02-14T08:44:07.767+0000] {dagbag.py:588} INFO - Filling up the DagBag from /opt/airflow/dags/new_dags.py
[2025-02-14T08:44:07.799+0000] {processor.py:925} INFO - DAG(s) 'welcome_dag' retrieved from /opt/airflow/dags/new_dags.py
[2025-02-14T08:44:07.835+0000] {logging_mixin.py:190} INFO - [2025-02-14T08:44:07.834+0000] {dag.py:3239} INFO - Sync 1 DAGs
[2025-02-14T08:44:07.880+0000] {logging_mixin.py:190} INFO - [2025-02-14T08:44:07.879+0000] {dag.py:4180} INFO - Setting next_dagrun for welcome_dag to 2025-02-14 08:43:00+00:00, run_after=2025-02-14 08:44:00+00:00
[2025-02-14T08:44:07.968+0000] {processor.py:208} INFO - Processing /opt/airflow/dags/new_dags.py took 0.213 seconds
[2025-02-14T08:44:40.822+0000] {processor.py:186} INFO - Started process (PID=342) to work on /opt/airflow/dags/new_dags.py
[2025-02-14T08:44:40.824+0000] {processor.py:914} INFO - Processing file /opt/airflow/dags/new_dags.py for tasks to queue
[2025-02-14T08:44:40.827+0000] {logging_mixin.py:190} INFO - [2025-02-14T08:44:40.827+0000] {dagbag.py:588} INFO - Filling up the DagBag from /opt/airflow/dags/new_dags.py
[2025-02-14T08:44:40.869+0000] {processor.py:925} INFO - DAG(s) 'welcome_dag' retrieved from /opt/airflow/dags/new_dags.py
[2025-02-14T08:44:40.919+0000] {logging_mixin.py:190} INFO - [2025-02-14T08:44:40.918+0000] {dag.py:3239} INFO - Sync 1 DAGs
[2025-02-14T08:44:40.965+0000] {logging_mixin.py:190} INFO - [2025-02-14T08:44:40.965+0000] {dag.py:4180} INFO - Setting next_dagrun for welcome_dag to 2025-02-14 08:43:00+00:00, run_after=2025-02-14 08:44:00+00:00
[2025-02-14T08:44:41.047+0000] {processor.py:208} INFO - Processing /opt/airflow/dags/new_dags.py took 0.234 seconds
[2025-02-14T08:45:13.808+0000] {processor.py:186} INFO - Started process (PID=343) to work on /opt/airflow/dags/new_dags.py
[2025-02-14T08:45:13.809+0000] {processor.py:914} INFO - Processing file /opt/airflow/dags/new_dags.py for tasks to queue
[2025-02-14T08:45:13.812+0000] {logging_mixin.py:190} INFO - [2025-02-14T08:45:13.811+0000] {dagbag.py:588} INFO - Filling up the DagBag from /opt/airflow/dags/new_dags.py
[2025-02-14T08:45:13.839+0000] {processor.py:925} INFO - DAG(s) 'welcome_dag' retrieved from /opt/airflow/dags/new_dags.py
[2025-02-14T08:45:13.869+0000] {logging_mixin.py:190} INFO - [2025-02-14T08:45:13.869+0000] {dag.py:3239} INFO - Sync 1 DAGs
[2025-02-14T08:45:13.901+0000] {logging_mixin.py:190} INFO - [2025-02-14T08:45:13.900+0000] {dag.py:4180} INFO - Setting next_dagrun for welcome_dag to 2025-02-14 08:44:00+00:00, run_after=2025-02-14 08:45:00+00:00
[2025-02-14T08:45:13.950+0000] {processor.py:208} INFO - Processing /opt/airflow/dags/new_dags.py took 0.150 seconds
[2025-02-14T08:45:46.058+0000] {processor.py:186} INFO - Started process (PID=344) to work on /opt/airflow/dags/new_dags.py
[2025-02-14T08:45:46.059+0000] {processor.py:914} INFO - Processing file /opt/airflow/dags/new_dags.py for tasks to queue
[2025-02-14T08:45:46.061+0000] {logging_mixin.py:190} INFO - [2025-02-14T08:45:46.061+0000] {dagbag.py:588} INFO - Filling up the DagBag from /opt/airflow/dags/new_dags.py
[2025-02-14T08:45:46.081+0000] {processor.py:925} INFO - DAG(s) 'welcome_dag' retrieved from /opt/airflow/dags/new_dags.py
[2025-02-14T08:45:46.108+0000] {logging_mixin.py:190} INFO - [2025-02-14T08:45:46.108+0000] {dag.py:3239} INFO - Sync 1 DAGs
[2025-02-14T08:45:46.138+0000] {logging_mixin.py:190} INFO - [2025-02-14T08:45:46.138+0000] {dag.py:4180} INFO - Setting next_dagrun for welcome_dag to 2025-02-14 08:44:00+00:00, run_after=2025-02-14 08:45:00+00:00
[2025-02-14T08:45:46.190+0000] {processor.py:208} INFO - Processing /opt/airflow/dags/new_dags.py took 0.136 seconds
[2025-02-14T08:46:19.812+0000] {processor.py:186} INFO - Started process (PID=345) to work on /opt/airflow/dags/new_dags.py
[2025-02-14T08:46:19.813+0000] {processor.py:914} INFO - Processing file /opt/airflow/dags/new_dags.py for tasks to queue
[2025-02-14T08:46:19.818+0000] {logging_mixin.py:190} INFO - [2025-02-14T08:46:19.818+0000] {dagbag.py:588} INFO - Filling up the DagBag from /opt/airflow/dags/new_dags.py
[2025-02-14T08:46:19.853+0000] {processor.py:925} INFO - DAG(s) 'welcome_dag' retrieved from /opt/airflow/dags/new_dags.py
[2025-02-14T08:46:19.887+0000] {logging_mixin.py:190} INFO - [2025-02-14T08:46:19.887+0000] {dag.py:3239} INFO - Sync 1 DAGs
[2025-02-14T08:46:19.928+0000] {logging_mixin.py:190} INFO - [2025-02-14T08:46:19.928+0000] {dag.py:4180} INFO - Setting next_dagrun for welcome_dag to 2025-02-14 08:45:00+00:00, run_after=2025-02-14 08:46:00+00:00
[2025-02-14T08:46:20.010+0000] {processor.py:208} INFO - Processing /opt/airflow/dags/new_dags.py took 0.206 seconds
[2025-02-14T08:46:51.935+0000] {processor.py:186} INFO - Started process (PID=346) to work on /opt/airflow/dags/new_dags.py
[2025-02-14T08:46:51.936+0000] {processor.py:914} INFO - Processing file /opt/airflow/dags/new_dags.py for tasks to queue
[2025-02-14T08:46:51.939+0000] {logging_mixin.py:190} INFO - [2025-02-14T08:46:51.939+0000] {dagbag.py:588} INFO - Filling up the DagBag from /opt/airflow/dags/new_dags.py
[2025-02-14T08:46:51.961+0000] {processor.py:925} INFO - DAG(s) 'welcome_dag' retrieved from /opt/airflow/dags/new_dags.py
[2025-02-14T08:46:51.991+0000] {logging_mixin.py:190} INFO - [2025-02-14T08:46:51.991+0000] {dag.py:3239} INFO - Sync 1 DAGs
[2025-02-14T08:46:52.022+0000] {logging_mixin.py:190} INFO - [2025-02-14T08:46:52.022+0000] {dag.py:4180} INFO - Setting next_dagrun for welcome_dag to 2025-02-14 08:45:00+00:00, run_after=2025-02-14 08:46:00+00:00
[2025-02-14T08:46:52.081+0000] {processor.py:208} INFO - Processing /opt/airflow/dags/new_dags.py took 0.151 seconds
[2025-02-14T08:47:24.960+0000] {processor.py:186} INFO - Started process (PID=347) to work on /opt/airflow/dags/new_dags.py
[2025-02-14T08:47:24.961+0000] {processor.py:914} INFO - Processing file /opt/airflow/dags/new_dags.py for tasks to queue
[2025-02-14T08:47:24.963+0000] {logging_mixin.py:190} INFO - [2025-02-14T08:47:24.963+0000] {dagbag.py:588} INFO - Filling up the DagBag from /opt/airflow/dags/new_dags.py
[2025-02-14T08:47:24.984+0000] {processor.py:925} INFO - DAG(s) 'welcome_dag' retrieved from /opt/airflow/dags/new_dags.py
[2025-02-14T08:47:25.015+0000] {logging_mixin.py:190} INFO - [2025-02-14T08:47:25.015+0000] {dag.py:3239} INFO - Sync 1 DAGs
[2025-02-14T08:47:25.049+0000] {logging_mixin.py:190} INFO - [2025-02-14T08:47:25.049+0000] {dag.py:4180} INFO - Setting next_dagrun for welcome_dag to 2025-02-14 08:46:00+00:00, run_after=2025-02-14 08:47:00+00:00
[2025-02-14T08:47:25.101+0000] {processor.py:208} INFO - Processing /opt/airflow/dags/new_dags.py took 0.146 seconds
[2025-02-14T08:47:56.899+0000] {processor.py:186} INFO - Started process (PID=348) to work on /opt/airflow/dags/new_dags.py
[2025-02-14T08:47:56.900+0000] {processor.py:914} INFO - Processing file /opt/airflow/dags/new_dags.py for tasks to queue
[2025-02-14T08:47:56.902+0000] {logging_mixin.py:190} INFO - [2025-02-14T08:47:56.901+0000] {dagbag.py:588} INFO - Filling up the DagBag from /opt/airflow/dags/new_dags.py
[2025-02-14T08:47:56.922+0000] {processor.py:925} INFO - DAG(s) 'welcome_dag' retrieved from /opt/airflow/dags/new_dags.py
[2025-02-14T08:47:56.946+0000] {logging_mixin.py:190} INFO - [2025-02-14T08:47:56.945+0000] {dag.py:3239} INFO - Sync 1 DAGs
[2025-02-14T08:47:56.972+0000] {logging_mixin.py:190} INFO - [2025-02-14T08:47:56.972+0000] {dag.py:4180} INFO - Setting next_dagrun for welcome_dag to 2025-02-14 08:46:00+00:00, run_after=2025-02-14 08:47:00+00:00
[2025-02-14T08:47:57.026+0000] {processor.py:208} INFO - Processing /opt/airflow/dags/new_dags.py took 0.132 seconds
[2025-02-14T08:48:30.120+0000] {processor.py:186} INFO - Started process (PID=349) to work on /opt/airflow/dags/new_dags.py
[2025-02-14T08:48:30.122+0000] {processor.py:914} INFO - Processing file /opt/airflow/dags/new_dags.py for tasks to queue
[2025-02-14T08:48:30.124+0000] {logging_mixin.py:190} INFO - [2025-02-14T08:48:30.124+0000] {dagbag.py:588} INFO - Filling up the DagBag from /opt/airflow/dags/new_dags.py
[2025-02-14T08:48:30.147+0000] {processor.py:925} INFO - DAG(s) 'welcome_dag' retrieved from /opt/airflow/dags/new_dags.py
[2025-02-14T08:48:30.175+0000] {logging_mixin.py:190} INFO - [2025-02-14T08:48:30.174+0000] {dag.py:3239} INFO - Sync 1 DAGs
[2025-02-14T08:48:30.204+0000] {logging_mixin.py:190} INFO - [2025-02-14T08:48:30.204+0000] {dag.py:4180} INFO - Setting next_dagrun for welcome_dag to 2025-02-14 08:47:00+00:00, run_after=2025-02-14 08:48:00+00:00
[2025-02-14T08:48:30.254+0000] {processor.py:208} INFO - Processing /opt/airflow/dags/new_dags.py took 0.139 seconds
[2025-02-14T08:49:03.133+0000] {processor.py:186} INFO - Started process (PID=350) to work on /opt/airflow/dags/new_dags.py
[2025-02-14T08:49:03.134+0000] {processor.py:914} INFO - Processing file /opt/airflow/dags/new_dags.py for tasks to queue
[2025-02-14T08:49:03.136+0000] {logging_mixin.py:190} INFO - [2025-02-14T08:49:03.135+0000] {dagbag.py:588} INFO - Filling up the DagBag from /opt/airflow/dags/new_dags.py
[2025-02-14T08:49:03.156+0000] {processor.py:925} INFO - DAG(s) 'welcome_dag' retrieved from /opt/airflow/dags/new_dags.py
[2025-02-14T08:49:03.181+0000] {logging_mixin.py:190} INFO - [2025-02-14T08:49:03.181+0000] {dag.py:3239} INFO - Sync 1 DAGs
[2025-02-14T08:49:03.212+0000] {logging_mixin.py:190} INFO - [2025-02-14T08:49:03.212+0000] {dag.py:4180} INFO - Setting next_dagrun for welcome_dag to 2025-02-14 08:48:00+00:00, run_after=2025-02-14 08:49:00+00:00
[2025-02-14T08:49:03.295+0000] {processor.py:208} INFO - Processing /opt/airflow/dags/new_dags.py took 0.168 seconds
[2025-02-14T08:49:36.138+0000] {processor.py:186} INFO - Started process (PID=351) to work on /opt/airflow/dags/new_dags.py
[2025-02-14T08:49:36.139+0000] {processor.py:914} INFO - Processing file /opt/airflow/dags/new_dags.py for tasks to queue
[2025-02-14T08:49:36.141+0000] {logging_mixin.py:190} INFO - [2025-02-14T08:49:36.141+0000] {dagbag.py:588} INFO - Filling up the DagBag from /opt/airflow/dags/new_dags.py
[2025-02-14T08:49:36.171+0000] {processor.py:925} INFO - DAG(s) 'welcome_dag' retrieved from /opt/airflow/dags/new_dags.py
[2025-02-14T08:49:36.210+0000] {logging_mixin.py:190} INFO - [2025-02-14T08:49:36.209+0000] {dag.py:3239} INFO - Sync 1 DAGs
[2025-02-14T08:49:36.252+0000] {logging_mixin.py:190} INFO - [2025-02-14T08:49:36.251+0000] {dag.py:4180} INFO - Setting next_dagrun for welcome_dag to 2025-02-14 08:48:00+00:00, run_after=2025-02-14 08:49:00+00:00
[2025-02-14T08:49:36.323+0000] {processor.py:208} INFO - Processing /opt/airflow/dags/new_dags.py took 0.192 seconds
[2025-02-14T08:50:07.945+0000] {processor.py:186} INFO - Started process (PID=352) to work on /opt/airflow/dags/new_dags.py
[2025-02-14T08:50:07.945+0000] {processor.py:914} INFO - Processing file /opt/airflow/dags/new_dags.py for tasks to queue
[2025-02-14T08:50:07.948+0000] {logging_mixin.py:190} INFO - [2025-02-14T08:50:07.948+0000] {dagbag.py:588} INFO - Filling up the DagBag from /opt/airflow/dags/new_dags.py
[2025-02-14T08:50:07.970+0000] {processor.py:925} INFO - DAG(s) 'welcome_dag' retrieved from /opt/airflow/dags/new_dags.py
[2025-02-14T08:50:07.996+0000] {logging_mixin.py:190} INFO - [2025-02-14T08:50:07.996+0000] {dag.py:3239} INFO - Sync 1 DAGs
[2025-02-14T08:50:08.026+0000] {logging_mixin.py:190} INFO - [2025-02-14T08:50:08.025+0000] {dag.py:4180} INFO - Setting next_dagrun for welcome_dag to 2025-02-14 08:49:00+00:00, run_after=2025-02-14 08:50:00+00:00
[2025-02-14T08:50:08.074+0000] {processor.py:208} INFO - Processing /opt/airflow/dags/new_dags.py took 0.134 seconds
[2025-02-14T08:50:40.630+0000] {processor.py:186} INFO - Started process (PID=353) to work on /opt/airflow/dags/new_dags.py
[2025-02-14T08:50:40.631+0000] {processor.py:914} INFO - Processing file /opt/airflow/dags/new_dags.py for tasks to queue
[2025-02-14T08:50:40.633+0000] {logging_mixin.py:190} INFO - [2025-02-14T08:50:40.632+0000] {dagbag.py:588} INFO - Filling up the DagBag from /opt/airflow/dags/new_dags.py
[2025-02-14T08:50:40.652+0000] {processor.py:925} INFO - DAG(s) 'welcome_dag' retrieved from /opt/airflow/dags/new_dags.py
[2025-02-14T08:50:40.687+0000] {logging_mixin.py:190} INFO - [2025-02-14T08:50:40.686+0000] {dag.py:3239} INFO - Sync 1 DAGs
[2025-02-14T08:50:40.721+0000] {logging_mixin.py:190} INFO - [2025-02-14T08:50:40.720+0000] {dag.py:4180} INFO - Setting next_dagrun for welcome_dag to 2025-02-14 08:49:00+00:00, run_after=2025-02-14 08:50:00+00:00
[2025-02-14T08:50:40.766+0000] {processor.py:208} INFO - Processing /opt/airflow/dags/new_dags.py took 0.141 seconds
[2025-02-14T08:51:13.443+0000] {processor.py:186} INFO - Started process (PID=355) to work on /opt/airflow/dags/new_dags.py
[2025-02-14T08:51:13.448+0000] {processor.py:914} INFO - Processing file /opt/airflow/dags/new_dags.py for tasks to queue
[2025-02-14T08:51:13.463+0000] {logging_mixin.py:190} INFO - [2025-02-14T08:51:13.459+0000] {dagbag.py:588} INFO - Filling up the DagBag from /opt/airflow/dags/new_dags.py
[2025-02-14T08:51:13.504+0000] {processor.py:925} INFO - DAG(s) 'welcome_dag' retrieved from /opt/airflow/dags/new_dags.py
[2025-02-14T08:51:13.544+0000] {logging_mixin.py:190} INFO - [2025-02-14T08:51:13.544+0000] {dag.py:3239} INFO - Sync 1 DAGs
[2025-02-14T08:51:13.576+0000] {logging_mixin.py:190} INFO - [2025-02-14T08:51:13.576+0000] {dag.py:4180} INFO - Setting next_dagrun for welcome_dag to 2025-02-14 08:50:00+00:00, run_after=2025-02-14 08:51:00+00:00
[2025-02-14T08:51:13.628+0000] {processor.py:208} INFO - Processing /opt/airflow/dags/new_dags.py took 0.195 seconds
[2025-02-14T08:51:46.743+0000] {processor.py:186} INFO - Started process (PID=356) to work on /opt/airflow/dags/new_dags.py
[2025-02-14T08:51:46.744+0000] {processor.py:914} INFO - Processing file /opt/airflow/dags/new_dags.py for tasks to queue
[2025-02-14T08:51:46.746+0000] {logging_mixin.py:190} INFO - [2025-02-14T08:51:46.745+0000] {dagbag.py:588} INFO - Filling up the DagBag from /opt/airflow/dags/new_dags.py
[2025-02-14T08:51:46.767+0000] {processor.py:925} INFO - DAG(s) 'welcome_dag' retrieved from /opt/airflow/dags/new_dags.py
[2025-02-14T08:51:46.791+0000] {logging_mixin.py:190} INFO - [2025-02-14T08:51:46.790+0000] {dag.py:3239} INFO - Sync 1 DAGs
[2025-02-14T08:51:46.815+0000] {logging_mixin.py:190} INFO - [2025-02-14T08:51:46.815+0000] {dag.py:4180} INFO - Setting next_dagrun for welcome_dag to 2025-02-14 08:50:00+00:00, run_after=2025-02-14 08:51:00+00:00
[2025-02-14T08:51:46.854+0000] {processor.py:208} INFO - Processing /opt/airflow/dags/new_dags.py took 0.119 seconds
[2025-02-14T08:52:19.117+0000] {processor.py:186} INFO - Started process (PID=357) to work on /opt/airflow/dags/new_dags.py
[2025-02-14T08:52:19.119+0000] {processor.py:914} INFO - Processing file /opt/airflow/dags/new_dags.py for tasks to queue
[2025-02-14T08:52:19.122+0000] {logging_mixin.py:190} INFO - [2025-02-14T08:52:19.122+0000] {dagbag.py:588} INFO - Filling up the DagBag from /opt/airflow/dags/new_dags.py
[2025-02-14T08:52:19.146+0000] {processor.py:925} INFO - DAG(s) 'welcome_dag' retrieved from /opt/airflow/dags/new_dags.py
[2025-02-14T08:52:19.177+0000] {logging_mixin.py:190} INFO - [2025-02-14T08:52:19.177+0000] {dag.py:3239} INFO - Sync 1 DAGs
[2025-02-14T08:52:19.208+0000] {logging_mixin.py:190} INFO - [2025-02-14T08:52:19.208+0000] {dag.py:4180} INFO - Setting next_dagrun for welcome_dag to 2025-02-14 08:51:00+00:00, run_after=2025-02-14 08:52:00+00:00
[2025-02-14T08:52:19.257+0000] {processor.py:208} INFO - Processing /opt/airflow/dags/new_dags.py took 0.149 seconds
[2025-02-14T08:52:52.356+0000] {processor.py:186} INFO - Started process (PID=358) to work on /opt/airflow/dags/new_dags.py
[2025-02-14T08:52:52.357+0000] {processor.py:914} INFO - Processing file /opt/airflow/dags/new_dags.py for tasks to queue
[2025-02-14T08:52:52.360+0000] {logging_mixin.py:190} INFO - [2025-02-14T08:52:52.359+0000] {dagbag.py:588} INFO - Filling up the DagBag from /opt/airflow/dags/new_dags.py
[2025-02-14T08:52:52.381+0000] {processor.py:925} INFO - DAG(s) 'welcome_dag' retrieved from /opt/airflow/dags/new_dags.py
[2025-02-14T08:52:52.416+0000] {logging_mixin.py:190} INFO - [2025-02-14T08:52:52.416+0000] {dag.py:3239} INFO - Sync 1 DAGs
[2025-02-14T08:52:52.447+0000] {logging_mixin.py:190} INFO - [2025-02-14T08:52:52.447+0000] {dag.py:4180} INFO - Setting next_dagrun for welcome_dag to 2025-02-14 08:51:00+00:00, run_after=2025-02-14 08:52:00+00:00
[2025-02-14T08:52:52.496+0000] {processor.py:208} INFO - Processing /opt/airflow/dags/new_dags.py took 0.145 seconds
[2025-02-14T08:53:24.710+0000] {processor.py:186} INFO - Started process (PID=359) to work on /opt/airflow/dags/new_dags.py
[2025-02-14T08:53:24.712+0000] {processor.py:914} INFO - Processing file /opt/airflow/dags/new_dags.py for tasks to queue
[2025-02-14T08:53:24.715+0000] {logging_mixin.py:190} INFO - [2025-02-14T08:53:24.714+0000] {dagbag.py:588} INFO - Filling up the DagBag from /opt/airflow/dags/new_dags.py
[2025-02-14T08:53:24.749+0000] {processor.py:925} INFO - DAG(s) 'welcome_dag' retrieved from /opt/airflow/dags/new_dags.py
[2025-02-14T08:53:24.784+0000] {logging_mixin.py:190} INFO - [2025-02-14T08:53:24.783+0000] {dag.py:3239} INFO - Sync 1 DAGs
[2025-02-14T08:53:24.823+0000] {logging_mixin.py:190} INFO - [2025-02-14T08:53:24.822+0000] {dag.py:4180} INFO - Setting next_dagrun for welcome_dag to 2025-02-14 08:52:00+00:00, run_after=2025-02-14 08:53:00+00:00
[2025-02-14T08:53:24.889+0000] {processor.py:208} INFO - Processing /opt/airflow/dags/new_dags.py took 0.186 seconds
[2025-02-14T08:53:57.135+0000] {processor.py:186} INFO - Started process (PID=360) to work on /opt/airflow/dags/new_dags.py
[2025-02-14T08:53:57.136+0000] {processor.py:914} INFO - Processing file /opt/airflow/dags/new_dags.py for tasks to queue
[2025-02-14T08:53:57.138+0000] {logging_mixin.py:190} INFO - [2025-02-14T08:53:57.138+0000] {dagbag.py:588} INFO - Filling up the DagBag from /opt/airflow/dags/new_dags.py
[2025-02-14T08:53:57.172+0000] {processor.py:925} INFO - DAG(s) 'welcome_dag' retrieved from /opt/airflow/dags/new_dags.py
[2025-02-14T08:53:57.214+0000] {logging_mixin.py:190} INFO - [2025-02-14T08:53:57.213+0000] {dag.py:3239} INFO - Sync 1 DAGs
[2025-02-14T08:53:57.247+0000] {logging_mixin.py:190} INFO - [2025-02-14T08:53:57.247+0000] {dag.py:4180} INFO - Setting next_dagrun for welcome_dag to 2025-02-14 08:52:00+00:00, run_after=2025-02-14 08:53:00+00:00
[2025-02-14T08:53:57.314+0000] {processor.py:208} INFO - Processing /opt/airflow/dags/new_dags.py took 0.185 seconds
[2025-02-14T08:54:30.530+0000] {processor.py:186} INFO - Started process (PID=361) to work on /opt/airflow/dags/new_dags.py
[2025-02-14T08:54:30.531+0000] {processor.py:914} INFO - Processing file /opt/airflow/dags/new_dags.py for tasks to queue
[2025-02-14T08:54:30.534+0000] {logging_mixin.py:190} INFO - [2025-02-14T08:54:30.533+0000] {dagbag.py:588} INFO - Filling up the DagBag from /opt/airflow/dags/new_dags.py
[2025-02-14T08:54:30.558+0000] {processor.py:925} INFO - DAG(s) 'welcome_dag' retrieved from /opt/airflow/dags/new_dags.py
[2025-02-14T08:54:30.586+0000] {logging_mixin.py:190} INFO - [2025-02-14T08:54:30.586+0000] {dag.py:3239} INFO - Sync 1 DAGs
[2025-02-14T08:54:30.617+0000] {logging_mixin.py:190} INFO - [2025-02-14T08:54:30.617+0000] {dag.py:4180} INFO - Setting next_dagrun for welcome_dag to 2025-02-14 08:53:00+00:00, run_after=2025-02-14 08:54:00+00:00
[2025-02-14T08:54:30.667+0000] {processor.py:208} INFO - Processing /opt/airflow/dags/new_dags.py took 0.142 seconds
[2025-02-14T08:55:02.976+0000] {processor.py:186} INFO - Started process (PID=362) to work on /opt/airflow/dags/new_dags.py
[2025-02-14T08:55:02.977+0000] {processor.py:914} INFO - Processing file /opt/airflow/dags/new_dags.py for tasks to queue
[2025-02-14T08:55:02.980+0000] {logging_mixin.py:190} INFO - [2025-02-14T08:55:02.979+0000] {dagbag.py:588} INFO - Filling up the DagBag from /opt/airflow/dags/new_dags.py
[2025-02-14T08:55:03.029+0000] {processor.py:925} INFO - DAG(s) 'welcome_dag' retrieved from /opt/airflow/dags/new_dags.py
[2025-02-14T08:55:03.065+0000] {logging_mixin.py:190} INFO - [2025-02-14T08:55:03.065+0000] {dag.py:3239} INFO - Sync 1 DAGs
[2025-02-14T08:55:03.102+0000] {logging_mixin.py:190} INFO - [2025-02-14T08:55:03.102+0000] {dag.py:4180} INFO - Setting next_dagrun for welcome_dag to 2025-02-14 08:54:00+00:00, run_after=2025-02-14 08:55:00+00:00
[2025-02-14T08:55:03.176+0000] {processor.py:208} INFO - Processing /opt/airflow/dags/new_dags.py took 0.210 seconds
[2025-02-14T08:55:36.070+0000] {processor.py:186} INFO - Started process (PID=363) to work on /opt/airflow/dags/new_dags.py
[2025-02-14T08:55:36.071+0000] {processor.py:914} INFO - Processing file /opt/airflow/dags/new_dags.py for tasks to queue
[2025-02-14T08:55:36.073+0000] {logging_mixin.py:190} INFO - [2025-02-14T08:55:36.073+0000] {dagbag.py:588} INFO - Filling up the DagBag from /opt/airflow/dags/new_dags.py
[2025-02-14T08:55:36.099+0000] {processor.py:925} INFO - DAG(s) 'welcome_dag' retrieved from /opt/airflow/dags/new_dags.py
[2025-02-14T08:55:36.131+0000] {logging_mixin.py:190} INFO - [2025-02-14T08:55:36.131+0000] {dag.py:3239} INFO - Sync 1 DAGs
[2025-02-14T08:55:36.163+0000] {logging_mixin.py:190} INFO - [2025-02-14T08:55:36.162+0000] {dag.py:4180} INFO - Setting next_dagrun for welcome_dag to 2025-02-14 08:54:00+00:00, run_after=2025-02-14 08:55:00+00:00
[2025-02-14T08:55:36.215+0000] {processor.py:208} INFO - Processing /opt/airflow/dags/new_dags.py took 0.150 seconds
[2025-02-14T08:56:08.362+0000] {processor.py:186} INFO - Started process (PID=364) to work on /opt/airflow/dags/new_dags.py
[2025-02-14T08:56:08.364+0000] {processor.py:914} INFO - Processing file /opt/airflow/dags/new_dags.py for tasks to queue
[2025-02-14T08:56:08.366+0000] {logging_mixin.py:190} INFO - [2025-02-14T08:56:08.366+0000] {dagbag.py:588} INFO - Filling up the DagBag from /opt/airflow/dags/new_dags.py
[2025-02-14T08:56:08.390+0000] {processor.py:925} INFO - DAG(s) 'welcome_dag' retrieved from /opt/airflow/dags/new_dags.py
[2025-02-14T08:56:08.422+0000] {logging_mixin.py:190} INFO - [2025-02-14T08:56:08.421+0000] {dag.py:3239} INFO - Sync 1 DAGs
[2025-02-14T08:56:08.454+0000] {logging_mixin.py:190} INFO - [2025-02-14T08:56:08.454+0000] {dag.py:4180} INFO - Setting next_dagrun for welcome_dag to 2025-02-14 08:55:00+00:00, run_after=2025-02-14 08:56:00+00:00
[2025-02-14T08:56:08.510+0000] {processor.py:208} INFO - Processing /opt/airflow/dags/new_dags.py took 0.156 seconds
[2025-02-14T08:56:40.641+0000] {processor.py:186} INFO - Started process (PID=365) to work on /opt/airflow/dags/new_dags.py
[2025-02-14T08:56:40.643+0000] {processor.py:914} INFO - Processing file /opt/airflow/dags/new_dags.py for tasks to queue
[2025-02-14T08:56:40.646+0000] {logging_mixin.py:190} INFO - [2025-02-14T08:56:40.646+0000] {dagbag.py:588} INFO - Filling up the DagBag from /opt/airflow/dags/new_dags.py
[2025-02-14T08:56:40.671+0000] {processor.py:925} INFO - DAG(s) 'welcome_dag' retrieved from /opt/airflow/dags/new_dags.py
[2025-02-14T08:56:40.703+0000] {logging_mixin.py:190} INFO - [2025-02-14T08:56:40.702+0000] {dag.py:3239} INFO - Sync 1 DAGs
[2025-02-14T08:56:40.733+0000] {logging_mixin.py:190} INFO - [2025-02-14T08:56:40.733+0000] {dag.py:4180} INFO - Setting next_dagrun for welcome_dag to 2025-02-14 08:55:00+00:00, run_after=2025-02-14 08:56:00+00:00
[2025-02-14T08:56:40.783+0000] {processor.py:208} INFO - Processing /opt/airflow/dags/new_dags.py took 0.149 seconds
[2025-02-14T08:57:14.154+0000] {processor.py:186} INFO - Started process (PID=366) to work on /opt/airflow/dags/new_dags.py
[2025-02-14T08:57:14.154+0000] {processor.py:914} INFO - Processing file /opt/airflow/dags/new_dags.py for tasks to queue
[2025-02-14T08:57:14.157+0000] {logging_mixin.py:190} INFO - [2025-02-14T08:57:14.156+0000] {dagbag.py:588} INFO - Filling up the DagBag from /opt/airflow/dags/new_dags.py
[2025-02-14T08:57:14.177+0000] {processor.py:925} INFO - DAG(s) 'welcome_dag' retrieved from /opt/airflow/dags/new_dags.py
[2025-02-14T08:57:14.202+0000] {logging_mixin.py:190} INFO - [2025-02-14T08:57:14.202+0000] {dag.py:3239} INFO - Sync 1 DAGs
[2025-02-14T08:57:14.230+0000] {logging_mixin.py:190} INFO - [2025-02-14T08:57:14.230+0000] {dag.py:4180} INFO - Setting next_dagrun for welcome_dag to 2025-02-14 08:56:00+00:00, run_after=2025-02-14 08:57:00+00:00
[2025-02-14T08:57:14.278+0000] {processor.py:208} INFO - Processing /opt/airflow/dags/new_dags.py took 0.129 seconds
[2025-02-14T08:57:46.544+0000] {processor.py:186} INFO - Started process (PID=367) to work on /opt/airflow/dags/new_dags.py
[2025-02-14T08:57:46.546+0000] {processor.py:914} INFO - Processing file /opt/airflow/dags/new_dags.py for tasks to queue
[2025-02-14T08:57:46.549+0000] {logging_mixin.py:190} INFO - [2025-02-14T08:57:46.548+0000] {dagbag.py:588} INFO - Filling up the DagBag from /opt/airflow/dags/new_dags.py
[2025-02-14T08:57:46.591+0000] {processor.py:925} INFO - DAG(s) 'welcome_dag' retrieved from /opt/airflow/dags/new_dags.py
[2025-02-14T08:57:46.634+0000] {logging_mixin.py:190} INFO - [2025-02-14T08:57:46.633+0000] {dag.py:3239} INFO - Sync 1 DAGs
[2025-02-14T08:57:46.680+0000] {logging_mixin.py:190} INFO - [2025-02-14T08:57:46.679+0000] {dag.py:4180} INFO - Setting next_dagrun for welcome_dag to 2025-02-14 08:56:00+00:00, run_after=2025-02-14 08:57:00+00:00
[2025-02-14T08:57:46.759+0000] {processor.py:208} INFO - Processing /opt/airflow/dags/new_dags.py took 0.224 seconds
[2025-02-14T08:58:18.790+0000] {processor.py:186} INFO - Started process (PID=368) to work on /opt/airflow/dags/new_dags.py
[2025-02-14T08:58:18.791+0000] {processor.py:914} INFO - Processing file /opt/airflow/dags/new_dags.py for tasks to queue
[2025-02-14T08:58:18.794+0000] {logging_mixin.py:190} INFO - [2025-02-14T08:58:18.794+0000] {dagbag.py:588} INFO - Filling up the DagBag from /opt/airflow/dags/new_dags.py
[2025-02-14T08:58:18.826+0000] {processor.py:925} INFO - DAG(s) 'welcome_dag' retrieved from /opt/airflow/dags/new_dags.py
[2025-02-14T08:58:18.868+0000] {logging_mixin.py:190} INFO - [2025-02-14T08:58:18.868+0000] {dag.py:3239} INFO - Sync 1 DAGs
[2025-02-14T08:58:18.914+0000] {logging_mixin.py:190} INFO - [2025-02-14T08:58:18.914+0000] {dag.py:4180} INFO - Setting next_dagrun for welcome_dag to 2025-02-14 08:57:00+00:00, run_after=2025-02-14 08:58:00+00:00
[2025-02-14T08:58:18.984+0000] {processor.py:208} INFO - Processing /opt/airflow/dags/new_dags.py took 0.200 seconds
[2025-02-14T08:58:52.330+0000] {processor.py:186} INFO - Started process (PID=369) to work on /opt/airflow/dags/new_dags.py
[2025-02-14T08:58:52.331+0000] {processor.py:914} INFO - Processing file /opt/airflow/dags/new_dags.py for tasks to queue
[2025-02-14T08:58:52.333+0000] {logging_mixin.py:190} INFO - [2025-02-14T08:58:52.333+0000] {dagbag.py:588} INFO - Filling up the DagBag from /opt/airflow/dags/new_dags.py
[2025-02-14T08:58:52.366+0000] {processor.py:925} INFO - DAG(s) 'welcome_dag' retrieved from /opt/airflow/dags/new_dags.py
[2025-02-14T08:58:52.410+0000] {logging_mixin.py:190} INFO - [2025-02-14T08:58:52.409+0000] {dag.py:3239} INFO - Sync 1 DAGs
[2025-02-14T08:58:52.452+0000] {logging_mixin.py:190} INFO - [2025-02-14T08:58:52.452+0000] {dag.py:4180} INFO - Setting next_dagrun for welcome_dag to 2025-02-14 08:57:00+00:00, run_after=2025-02-14 08:58:00+00:00
[2025-02-14T08:58:52.527+0000] {processor.py:208} INFO - Processing /opt/airflow/dags/new_dags.py took 0.209 seconds
[2025-02-14T08:59:24.497+0000] {processor.py:186} INFO - Started process (PID=370) to work on /opt/airflow/dags/new_dags.py
[2025-02-14T08:59:24.498+0000] {processor.py:914} INFO - Processing file /opt/airflow/dags/new_dags.py for tasks to queue
[2025-02-14T08:59:24.501+0000] {logging_mixin.py:190} INFO - [2025-02-14T08:59:24.500+0000] {dagbag.py:588} INFO - Filling up the DagBag from /opt/airflow/dags/new_dags.py
[2025-02-14T08:59:24.528+0000] {processor.py:925} INFO - DAG(s) 'welcome_dag' retrieved from /opt/airflow/dags/new_dags.py
[2025-02-14T08:59:24.562+0000] {logging_mixin.py:190} INFO - [2025-02-14T08:59:24.562+0000] {dag.py:3239} INFO - Sync 1 DAGs
[2025-02-14T08:59:24.596+0000] {logging_mixin.py:190} INFO - [2025-02-14T08:59:24.596+0000] {dag.py:4180} INFO - Setting next_dagrun for welcome_dag to 2025-02-14 08:58:00+00:00, run_after=2025-02-14 08:59:00+00:00
[2025-02-14T08:59:24.652+0000] {processor.py:208} INFO - Processing /opt/airflow/dags/new_dags.py took 0.161 seconds
[2025-02-14T08:59:56.885+0000] {processor.py:186} INFO - Started process (PID=371) to work on /opt/airflow/dags/new_dags.py
[2025-02-14T08:59:56.887+0000] {processor.py:914} INFO - Processing file /opt/airflow/dags/new_dags.py for tasks to queue
[2025-02-14T08:59:56.889+0000] {logging_mixin.py:190} INFO - [2025-02-14T08:59:56.888+0000] {dagbag.py:588} INFO - Filling up the DagBag from /opt/airflow/dags/new_dags.py
[2025-02-14T08:59:56.920+0000] {processor.py:925} INFO - DAG(s) 'welcome_dag' retrieved from /opt/airflow/dags/new_dags.py
[2025-02-14T08:59:56.958+0000] {logging_mixin.py:190} INFO - [2025-02-14T08:59:56.957+0000] {dag.py:3239} INFO - Sync 1 DAGs
[2025-02-14T08:59:56.993+0000] {logging_mixin.py:190} INFO - [2025-02-14T08:59:56.993+0000] {dag.py:4180} INFO - Setting next_dagrun for welcome_dag to 2025-02-14 08:58:00+00:00, run_after=2025-02-14 08:59:00+00:00
[2025-02-14T08:59:57.087+0000] {processor.py:208} INFO - Processing /opt/airflow/dags/new_dags.py took 0.210 seconds
[2025-02-14T09:00:30.376+0000] {processor.py:186} INFO - Started process (PID=372) to work on /opt/airflow/dags/new_dags.py
[2025-02-14T09:00:30.378+0000] {processor.py:914} INFO - Processing file /opt/airflow/dags/new_dags.py for tasks to queue
[2025-02-14T09:00:30.382+0000] {logging_mixin.py:190} INFO - [2025-02-14T09:00:30.381+0000] {dagbag.py:588} INFO - Filling up the DagBag from /opt/airflow/dags/new_dags.py
[2025-02-14T09:00:30.421+0000] {processor.py:925} INFO - DAG(s) 'welcome_dag' retrieved from /opt/airflow/dags/new_dags.py
[2025-02-14T09:00:30.465+0000] {logging_mixin.py:190} INFO - [2025-02-14T09:00:30.465+0000] {dag.py:3239} INFO - Sync 1 DAGs
[2025-02-14T09:00:30.518+0000] {logging_mixin.py:190} INFO - [2025-02-14T09:00:30.517+0000] {dag.py:4180} INFO - Setting next_dagrun for welcome_dag to 2025-02-14 08:59:00+00:00, run_after=2025-02-14 09:00:00+00:00
[2025-02-14T09:00:30.607+0000] {processor.py:208} INFO - Processing /opt/airflow/dags/new_dags.py took 0.240 seconds
[2025-02-14T09:01:02.597+0000] {processor.py:186} INFO - Started process (PID=373) to work on /opt/airflow/dags/new_dags.py
[2025-02-14T09:01:02.598+0000] {processor.py:914} INFO - Processing file /opt/airflow/dags/new_dags.py for tasks to queue
[2025-02-14T09:01:02.600+0000] {logging_mixin.py:190} INFO - [2025-02-14T09:01:02.600+0000] {dagbag.py:588} INFO - Filling up the DagBag from /opt/airflow/dags/new_dags.py
[2025-02-14T09:01:02.634+0000] {processor.py:925} INFO - DAG(s) 'welcome_dag' retrieved from /opt/airflow/dags/new_dags.py
[2025-02-14T09:01:02.667+0000] {logging_mixin.py:190} INFO - [2025-02-14T09:01:02.667+0000] {dag.py:3239} INFO - Sync 1 DAGs
[2025-02-14T09:01:02.705+0000] {logging_mixin.py:190} INFO - [2025-02-14T09:01:02.705+0000] {dag.py:4180} INFO - Setting next_dagrun for welcome_dag to 2025-02-14 09:00:00+00:00, run_after=2025-02-14 09:01:00+00:00
[2025-02-14T09:01:02.758+0000] {processor.py:208} INFO - Processing /opt/airflow/dags/new_dags.py took 0.173 seconds
[2025-02-14T09:01:35.999+0000] {processor.py:186} INFO - Started process (PID=374) to work on /opt/airflow/dags/new_dags.py
[2025-02-14T09:01:36.000+0000] {processor.py:914} INFO - Processing file /opt/airflow/dags/new_dags.py for tasks to queue
[2025-02-14T09:01:36.003+0000] {logging_mixin.py:190} INFO - [2025-02-14T09:01:36.002+0000] {dagbag.py:588} INFO - Filling up the DagBag from /opt/airflow/dags/new_dags.py
[2025-02-14T09:01:36.026+0000] {processor.py:925} INFO - DAG(s) 'welcome_dag' retrieved from /opt/airflow/dags/new_dags.py
[2025-02-14T09:01:36.057+0000] {logging_mixin.py:190} INFO - [2025-02-14T09:01:36.057+0000] {dag.py:3239} INFO - Sync 1 DAGs
[2025-02-14T09:01:36.094+0000] {logging_mixin.py:190} INFO - [2025-02-14T09:01:36.094+0000] {dag.py:4180} INFO - Setting next_dagrun for welcome_dag to 2025-02-14 09:00:00+00:00, run_after=2025-02-14 09:01:00+00:00
[2025-02-14T09:01:36.160+0000] {processor.py:208} INFO - Processing /opt/airflow/dags/new_dags.py took 0.166 seconds
[2025-02-14T09:02:08.327+0000] {processor.py:186} INFO - Started process (PID=375) to work on /opt/airflow/dags/new_dags.py
[2025-02-14T09:02:08.329+0000] {processor.py:914} INFO - Processing file /opt/airflow/dags/new_dags.py for tasks to queue
[2025-02-14T09:02:08.334+0000] {logging_mixin.py:190} INFO - [2025-02-14T09:02:08.333+0000] {dagbag.py:588} INFO - Filling up the DagBag from /opt/airflow/dags/new_dags.py
[2025-02-14T09:02:08.391+0000] {processor.py:925} INFO - DAG(s) 'welcome_dag' retrieved from /opt/airflow/dags/new_dags.py
[2025-02-14T09:02:08.430+0000] {logging_mixin.py:190} INFO - [2025-02-14T09:02:08.430+0000] {dag.py:3239} INFO - Sync 1 DAGs
[2025-02-14T09:02:08.476+0000] {logging_mixin.py:190} INFO - [2025-02-14T09:02:08.475+0000] {dag.py:4180} INFO - Setting next_dagrun for welcome_dag to 2025-02-14 09:01:00+00:00, run_after=2025-02-14 09:02:00+00:00
[2025-02-14T09:02:08.555+0000] {processor.py:208} INFO - Processing /opt/airflow/dags/new_dags.py took 0.240 seconds
[2025-02-14T09:02:40.618+0000] {processor.py:186} INFO - Started process (PID=376) to work on /opt/airflow/dags/new_dags.py
[2025-02-14T09:02:40.619+0000] {processor.py:914} INFO - Processing file /opt/airflow/dags/new_dags.py for tasks to queue
[2025-02-14T09:02:40.622+0000] {logging_mixin.py:190} INFO - [2025-02-14T09:02:40.622+0000] {dagbag.py:588} INFO - Filling up the DagBag from /opt/airflow/dags/new_dags.py
[2025-02-14T09:02:40.655+0000] {processor.py:925} INFO - DAG(s) 'welcome_dag' retrieved from /opt/airflow/dags/new_dags.py
[2025-02-14T09:02:40.696+0000] {logging_mixin.py:190} INFO - [2025-02-14T09:02:40.696+0000] {dag.py:3239} INFO - Sync 1 DAGs
[2025-02-14T09:02:40.734+0000] {logging_mixin.py:190} INFO - [2025-02-14T09:02:40.734+0000] {dag.py:4180} INFO - Setting next_dagrun for welcome_dag to 2025-02-14 09:01:00+00:00, run_after=2025-02-14 09:02:00+00:00
[2025-02-14T09:02:40.808+0000] {processor.py:208} INFO - Processing /opt/airflow/dags/new_dags.py took 0.197 seconds
[2025-02-14T09:03:13.546+0000] {processor.py:186} INFO - Started process (PID=377) to work on /opt/airflow/dags/new_dags.py
[2025-02-14T09:03:13.547+0000] {processor.py:914} INFO - Processing file /opt/airflow/dags/new_dags.py for tasks to queue
[2025-02-14T09:03:13.549+0000] {logging_mixin.py:190} INFO - [2025-02-14T09:03:13.549+0000] {dagbag.py:588} INFO - Filling up the DagBag from /opt/airflow/dags/new_dags.py
[2025-02-14T09:03:13.574+0000] {processor.py:925} INFO - DAG(s) 'welcome_dag' retrieved from /opt/airflow/dags/new_dags.py
[2025-02-14T09:03:13.608+0000] {logging_mixin.py:190} INFO - [2025-02-14T09:03:13.608+0000] {dag.py:3239} INFO - Sync 1 DAGs
[2025-02-14T09:03:13.650+0000] {logging_mixin.py:190} INFO - [2025-02-14T09:03:13.649+0000] {dag.py:4180} INFO - Setting next_dagrun for welcome_dag to 2025-02-14 09:02:00+00:00, run_after=2025-02-14 09:03:00+00:00
[2025-02-14T09:03:13.724+0000] {processor.py:208} INFO - Processing /opt/airflow/dags/new_dags.py took 0.186 seconds
[2025-02-14T09:03:46.672+0000] {processor.py:186} INFO - Started process (PID=378) to work on /opt/airflow/dags/new_dags.py
[2025-02-14T09:03:46.674+0000] {processor.py:914} INFO - Processing file /opt/airflow/dags/new_dags.py for tasks to queue
[2025-02-14T09:03:46.679+0000] {logging_mixin.py:190} INFO - [2025-02-14T09:03:46.678+0000] {dagbag.py:588} INFO - Filling up the DagBag from /opt/airflow/dags/new_dags.py
[2025-02-14T09:03:46.718+0000] {processor.py:925} INFO - DAG(s) 'welcome_dag' retrieved from /opt/airflow/dags/new_dags.py
[2025-02-14T09:03:46.757+0000] {logging_mixin.py:190} INFO - [2025-02-14T09:03:46.757+0000] {dag.py:3239} INFO - Sync 1 DAGs
[2025-02-14T09:03:46.793+0000] {logging_mixin.py:190} INFO - [2025-02-14T09:03:46.793+0000] {dag.py:4180} INFO - Setting next_dagrun for welcome_dag to 2025-02-14 09:02:00+00:00, run_after=2025-02-14 09:03:00+00:00
[2025-02-14T09:03:46.870+0000] {processor.py:208} INFO - Processing /opt/airflow/dags/new_dags.py took 0.220 seconds
[2025-02-14T09:04:19.877+0000] {processor.py:186} INFO - Started process (PID=379) to work on /opt/airflow/dags/new_dags.py
[2025-02-14T09:04:19.879+0000] {processor.py:914} INFO - Processing file /opt/airflow/dags/new_dags.py for tasks to queue
[2025-02-14T09:04:19.882+0000] {logging_mixin.py:190} INFO - [2025-02-14T09:04:19.882+0000] {dagbag.py:588} INFO - Filling up the DagBag from /opt/airflow/dags/new_dags.py
[2025-02-14T09:04:19.917+0000] {processor.py:925} INFO - DAG(s) 'welcome_dag' retrieved from /opt/airflow/dags/new_dags.py
[2025-02-14T09:04:19.948+0000] {logging_mixin.py:190} INFO - [2025-02-14T09:04:19.948+0000] {dag.py:3239} INFO - Sync 1 DAGs
[2025-02-14T09:04:19.987+0000] {logging_mixin.py:190} INFO - [2025-02-14T09:04:19.986+0000] {dag.py:4180} INFO - Setting next_dagrun for welcome_dag to 2025-02-14 09:03:00+00:00, run_after=2025-02-14 09:04:00+00:00
[2025-02-14T09:04:20.063+0000] {processor.py:208} INFO - Processing /opt/airflow/dags/new_dags.py took 0.195 seconds
[2025-02-14T09:04:51.834+0000] {processor.py:186} INFO - Started process (PID=380) to work on /opt/airflow/dags/new_dags.py
[2025-02-14T09:04:51.835+0000] {processor.py:914} INFO - Processing file /opt/airflow/dags/new_dags.py for tasks to queue
[2025-02-14T09:04:51.838+0000] {logging_mixin.py:190} INFO - [2025-02-14T09:04:51.837+0000] {dagbag.py:588} INFO - Filling up the DagBag from /opt/airflow/dags/new_dags.py
[2025-02-14T09:04:51.874+0000] {processor.py:925} INFO - DAG(s) 'welcome_dag' retrieved from /opt/airflow/dags/new_dags.py
[2025-02-14T09:04:51.914+0000] {logging_mixin.py:190} INFO - [2025-02-14T09:04:51.914+0000] {dag.py:3239} INFO - Sync 1 DAGs
[2025-02-14T09:04:51.949+0000] {logging_mixin.py:190} INFO - [2025-02-14T09:04:51.949+0000] {dag.py:4180} INFO - Setting next_dagrun for welcome_dag to 2025-02-14 09:03:00+00:00, run_after=2025-02-14 09:04:00+00:00
[2025-02-14T09:04:52.006+0000] {processor.py:208} INFO - Processing /opt/airflow/dags/new_dags.py took 0.177 seconds
[2025-02-14T09:05:24.261+0000] {processor.py:186} INFO - Started process (PID=381) to work on /opt/airflow/dags/new_dags.py
[2025-02-14T09:05:24.262+0000] {processor.py:914} INFO - Processing file /opt/airflow/dags/new_dags.py for tasks to queue
[2025-02-14T09:05:24.264+0000] {logging_mixin.py:190} INFO - [2025-02-14T09:05:24.264+0000] {dagbag.py:588} INFO - Filling up the DagBag from /opt/airflow/dags/new_dags.py
[2025-02-14T09:05:24.287+0000] {processor.py:925} INFO - DAG(s) 'welcome_dag' retrieved from /opt/airflow/dags/new_dags.py
[2025-02-14T09:05:24.318+0000] {logging_mixin.py:190} INFO - [2025-02-14T09:05:24.318+0000] {dag.py:3239} INFO - Sync 1 DAGs
[2025-02-14T09:05:24.353+0000] {logging_mixin.py:190} INFO - [2025-02-14T09:05:24.353+0000] {dag.py:4180} INFO - Setting next_dagrun for welcome_dag to 2025-02-14 09:04:00+00:00, run_after=2025-02-14 09:05:00+00:00
[2025-02-14T09:05:24.398+0000] {processor.py:208} INFO - Processing /opt/airflow/dags/new_dags.py took 0.144 seconds
[2025-02-14T09:05:57.021+0000] {processor.py:186} INFO - Started process (PID=382) to work on /opt/airflow/dags/new_dags.py
[2025-02-14T09:05:57.022+0000] {processor.py:914} INFO - Processing file /opt/airflow/dags/new_dags.py for tasks to queue
[2025-02-14T09:05:57.025+0000] {logging_mixin.py:190} INFO - [2025-02-14T09:05:57.024+0000] {dagbag.py:588} INFO - Filling up the DagBag from /opt/airflow/dags/new_dags.py
[2025-02-14T09:05:57.049+0000] {processor.py:925} INFO - DAG(s) 'welcome_dag' retrieved from /opt/airflow/dags/new_dags.py
[2025-02-14T09:05:57.081+0000] {logging_mixin.py:190} INFO - [2025-02-14T09:05:57.080+0000] {dag.py:3239} INFO - Sync 1 DAGs
[2025-02-14T09:05:57.111+0000] {logging_mixin.py:190} INFO - [2025-02-14T09:05:57.110+0000] {dag.py:4180} INFO - Setting next_dagrun for welcome_dag to 2025-02-14 09:04:00+00:00, run_after=2025-02-14 09:05:00+00:00
[2025-02-14T09:05:57.162+0000] {processor.py:208} INFO - Processing /opt/airflow/dags/new_dags.py took 0.150 seconds
[2025-02-14T09:06:30.387+0000] {processor.py:186} INFO - Started process (PID=383) to work on /opt/airflow/dags/new_dags.py
[2025-02-14T09:06:30.388+0000] {processor.py:914} INFO - Processing file /opt/airflow/dags/new_dags.py for tasks to queue
[2025-02-14T09:06:30.390+0000] {logging_mixin.py:190} INFO - [2025-02-14T09:06:30.390+0000] {dagbag.py:588} INFO - Filling up the DagBag from /opt/airflow/dags/new_dags.py
[2025-02-14T09:06:30.417+0000] {processor.py:925} INFO - DAG(s) 'welcome_dag' retrieved from /opt/airflow/dags/new_dags.py
[2025-02-14T09:06:30.448+0000] {logging_mixin.py:190} INFO - [2025-02-14T09:06:30.447+0000] {dag.py:3239} INFO - Sync 1 DAGs
[2025-02-14T09:06:30.494+0000] {logging_mixin.py:190} INFO - [2025-02-14T09:06:30.493+0000] {dag.py:4180} INFO - Setting next_dagrun for welcome_dag to 2025-02-14 09:05:00+00:00, run_after=2025-02-14 09:06:00+00:00
[2025-02-14T09:06:30.551+0000] {processor.py:208} INFO - Processing /opt/airflow/dags/new_dags.py took 0.169 seconds
[2025-02-14T09:07:02.731+0000] {processor.py:186} INFO - Started process (PID=384) to work on /opt/airflow/dags/new_dags.py
[2025-02-14T09:07:02.732+0000] {processor.py:914} INFO - Processing file /opt/airflow/dags/new_dags.py for tasks to queue
[2025-02-14T09:07:02.735+0000] {logging_mixin.py:190} INFO - [2025-02-14T09:07:02.734+0000] {dagbag.py:588} INFO - Filling up the DagBag from /opt/airflow/dags/new_dags.py
[2025-02-14T09:07:02.763+0000] {processor.py:925} INFO - DAG(s) 'welcome_dag' retrieved from /opt/airflow/dags/new_dags.py
[2025-02-14T09:07:02.797+0000] {logging_mixin.py:190} INFO - [2025-02-14T09:07:02.797+0000] {dag.py:3239} INFO - Sync 1 DAGs
[2025-02-14T09:07:02.832+0000] {logging_mixin.py:190} INFO - [2025-02-14T09:07:02.832+0000] {dag.py:4180} INFO - Setting next_dagrun for welcome_dag to 2025-02-14 09:06:00+00:00, run_after=2025-02-14 09:07:00+00:00
[2025-02-14T09:07:02.881+0000] {processor.py:208} INFO - Processing /opt/airflow/dags/new_dags.py took 0.163 seconds
[2025-02-14T09:07:44.888+0000] {processor.py:186} INFO - Started process (PID=385) to work on /opt/airflow/dags/new_dags.py
[2025-02-14T09:07:44.890+0000] {processor.py:914} INFO - Processing file /opt/airflow/dags/new_dags.py for tasks to queue
[2025-02-14T09:07:44.894+0000] {logging_mixin.py:190} INFO - [2025-02-14T09:07:44.894+0000] {dagbag.py:588} INFO - Filling up the DagBag from /opt/airflow/dags/new_dags.py
[2025-02-14T09:07:44.935+0000] {processor.py:925} INFO - DAG(s) 'welcome_dag' retrieved from /opt/airflow/dags/new_dags.py
[2025-02-14T09:07:44.979+0000] {logging_mixin.py:190} INFO - [2025-02-14T09:07:44.979+0000] {dag.py:3239} INFO - Sync 1 DAGs
[2025-02-14T09:07:45.018+0000] {logging_mixin.py:190} INFO - [2025-02-14T09:07:45.018+0000] {dag.py:4180} INFO - Setting next_dagrun for welcome_dag to 2025-02-14 09:06:00+00:00, run_after=2025-02-14 09:07:00+00:00
[2025-02-14T09:07:45.093+0000] {processor.py:208} INFO - Processing /opt/airflow/dags/new_dags.py took 0.219 seconds
[2025-02-14T09:08:16.755+0000] {processor.py:186} INFO - Started process (PID=386) to work on /opt/airflow/dags/new_dags.py
[2025-02-14T09:08:16.756+0000] {processor.py:914} INFO - Processing file /opt/airflow/dags/new_dags.py for tasks to queue
[2025-02-14T09:08:16.758+0000] {logging_mixin.py:190} INFO - [2025-02-14T09:08:16.758+0000] {dagbag.py:588} INFO - Filling up the DagBag from /opt/airflow/dags/new_dags.py
[2025-02-14T09:08:16.784+0000] {processor.py:925} INFO - DAG(s) 'welcome_dag' retrieved from /opt/airflow/dags/new_dags.py
[2025-02-14T09:08:16.817+0000] {logging_mixin.py:190} INFO - [2025-02-14T09:08:16.816+0000] {dag.py:3239} INFO - Sync 1 DAGs
[2025-02-14T09:08:16.847+0000] {logging_mixin.py:190} INFO - [2025-02-14T09:08:16.847+0000] {dag.py:4180} INFO - Setting next_dagrun for welcome_dag to 2025-02-14 09:07:00+00:00, run_after=2025-02-14 09:08:00+00:00
[2025-02-14T09:08:16.896+0000] {processor.py:208} INFO - Processing /opt/airflow/dags/new_dags.py took 0.146 seconds
[2025-02-14T09:08:49.167+0000] {processor.py:186} INFO - Started process (PID=387) to work on /opt/airflow/dags/new_dags.py
[2025-02-14T09:08:49.169+0000] {processor.py:914} INFO - Processing file /opt/airflow/dags/new_dags.py for tasks to queue
[2025-02-14T09:08:49.174+0000] {logging_mixin.py:190} INFO - [2025-02-14T09:08:49.174+0000] {dagbag.py:588} INFO - Filling up the DagBag from /opt/airflow/dags/new_dags.py
[2025-02-14T09:08:49.207+0000] {processor.py:925} INFO - DAG(s) 'welcome_dag' retrieved from /opt/airflow/dags/new_dags.py
[2025-02-14T09:08:49.303+0000] {logging_mixin.py:190} INFO - [2025-02-14T09:08:49.302+0000] {dag.py:3239} INFO - Sync 1 DAGs
[2025-02-14T09:08:49.346+0000] {logging_mixin.py:190} INFO - [2025-02-14T09:08:49.346+0000] {dag.py:4180} INFO - Setting next_dagrun for welcome_dag to 2025-02-14 09:07:00+00:00, run_after=2025-02-14 09:08:00+00:00
[2025-02-14T09:08:49.405+0000] {processor.py:208} INFO - Processing /opt/airflow/dags/new_dags.py took 0.243 seconds
[2025-02-14T09:09:21.607+0000] {processor.py:186} INFO - Started process (PID=388) to work on /opt/airflow/dags/new_dags.py
[2025-02-14T09:09:21.609+0000] {processor.py:914} INFO - Processing file /opt/airflow/dags/new_dags.py for tasks to queue
[2025-02-14T09:09:21.613+0000] {logging_mixin.py:190} INFO - [2025-02-14T09:09:21.612+0000] {dagbag.py:588} INFO - Filling up the DagBag from /opt/airflow/dags/new_dags.py
[2025-02-14T09:09:21.649+0000] {processor.py:925} INFO - DAG(s) 'welcome_dag' retrieved from /opt/airflow/dags/new_dags.py
[2025-02-14T09:09:21.687+0000] {logging_mixin.py:190} INFO - [2025-02-14T09:09:21.687+0000] {dag.py:3239} INFO - Sync 1 DAGs
[2025-02-14T09:09:21.726+0000] {logging_mixin.py:190} INFO - [2025-02-14T09:09:21.726+0000] {dag.py:4180} INFO - Setting next_dagrun for welcome_dag to 2025-02-14 09:08:00+00:00, run_after=2025-02-14 09:09:00+00:00
[2025-02-14T09:09:21.793+0000] {processor.py:208} INFO - Processing /opt/airflow/dags/new_dags.py took 0.194 seconds
[2025-02-14T09:09:54.646+0000] {processor.py:186} INFO - Started process (PID=389) to work on /opt/airflow/dags/new_dags.py
[2025-02-14T09:09:54.648+0000] {processor.py:914} INFO - Processing file /opt/airflow/dags/new_dags.py for tasks to queue
[2025-02-14T09:09:54.650+0000] {logging_mixin.py:190} INFO - [2025-02-14T09:09:54.650+0000] {dagbag.py:588} INFO - Filling up the DagBag from /opt/airflow/dags/new_dags.py
[2025-02-14T09:09:54.684+0000] {processor.py:925} INFO - DAG(s) 'welcome_dag' retrieved from /opt/airflow/dags/new_dags.py
[2025-02-14T09:09:54.726+0000] {logging_mixin.py:190} INFO - [2025-02-14T09:09:54.726+0000] {dag.py:3239} INFO - Sync 1 DAGs
[2025-02-14T09:09:54.763+0000] {logging_mixin.py:190} INFO - [2025-02-14T09:09:54.763+0000] {dag.py:4180} INFO - Setting next_dagrun for welcome_dag to 2025-02-14 09:08:00+00:00, run_after=2025-02-14 09:09:00+00:00
[2025-02-14T09:09:54.825+0000] {processor.py:208} INFO - Processing /opt/airflow/dags/new_dags.py took 0.187 seconds
[2025-02-14T09:10:26.914+0000] {processor.py:186} INFO - Started process (PID=390) to work on /opt/airflow/dags/new_dags.py
[2025-02-14T09:10:26.915+0000] {processor.py:914} INFO - Processing file /opt/airflow/dags/new_dags.py for tasks to queue
[2025-02-14T09:10:26.920+0000] {logging_mixin.py:190} INFO - [2025-02-14T09:10:26.918+0000] {dagbag.py:588} INFO - Filling up the DagBag from /opt/airflow/dags/new_dags.py
[2025-02-14T09:10:26.958+0000] {processor.py:925} INFO - DAG(s) 'welcome_dag' retrieved from /opt/airflow/dags/new_dags.py
[2025-02-14T09:10:26.994+0000] {logging_mixin.py:190} INFO - [2025-02-14T09:10:26.994+0000] {dag.py:3239} INFO - Sync 1 DAGs
[2025-02-14T09:10:27.032+0000] {logging_mixin.py:190} INFO - [2025-02-14T09:10:27.032+0000] {dag.py:4180} INFO - Setting next_dagrun for welcome_dag to 2025-02-14 09:09:00+00:00, run_after=2025-02-14 09:10:00+00:00
[2025-02-14T09:10:27.105+0000] {processor.py:208} INFO - Processing /opt/airflow/dags/new_dags.py took 0.197 seconds
[2025-02-14T09:11:00.357+0000] {processor.py:186} INFO - Started process (PID=391) to work on /opt/airflow/dags/new_dags.py
[2025-02-14T09:11:00.358+0000] {processor.py:914} INFO - Processing file /opt/airflow/dags/new_dags.py for tasks to queue
[2025-02-14T09:11:00.360+0000] {logging_mixin.py:190} INFO - [2025-02-14T09:11:00.360+0000] {dagbag.py:588} INFO - Filling up the DagBag from /opt/airflow/dags/new_dags.py
[2025-02-14T09:11:00.384+0000] {processor.py:925} INFO - DAG(s) 'welcome_dag' retrieved from /opt/airflow/dags/new_dags.py
[2025-02-14T09:11:00.414+0000] {logging_mixin.py:190} INFO - [2025-02-14T09:11:00.414+0000] {dag.py:3239} INFO - Sync 1 DAGs
[2025-02-14T09:11:00.444+0000] {logging_mixin.py:190} INFO - [2025-02-14T09:11:00.444+0000] {dag.py:4180} INFO - Setting next_dagrun for welcome_dag to 2025-02-14 09:10:00+00:00, run_after=2025-02-14 09:11:00+00:00
[2025-02-14T09:11:00.496+0000] {processor.py:208} INFO - Processing /opt/airflow/dags/new_dags.py took 0.145 seconds
[2025-02-14T09:11:33.064+0000] {processor.py:186} INFO - Started process (PID=392) to work on /opt/airflow/dags/new_dags.py
[2025-02-14T09:11:33.066+0000] {processor.py:914} INFO - Processing file /opt/airflow/dags/new_dags.py for tasks to queue
[2025-02-14T09:11:33.069+0000] {logging_mixin.py:190} INFO - [2025-02-14T09:11:33.069+0000] {dagbag.py:588} INFO - Filling up the DagBag from /opt/airflow/dags/new_dags.py
[2025-02-14T09:11:33.112+0000] {processor.py:925} INFO - DAG(s) 'welcome_dag' retrieved from /opt/airflow/dags/new_dags.py
[2025-02-14T09:11:33.169+0000] {logging_mixin.py:190} INFO - [2025-02-14T09:11:33.169+0000] {dag.py:3239} INFO - Sync 1 DAGs
[2025-02-14T09:11:33.247+0000] {logging_mixin.py:190} INFO - [2025-02-14T09:11:33.247+0000] {dag.py:4180} INFO - Setting next_dagrun for welcome_dag to 2025-02-14 09:10:00+00:00, run_after=2025-02-14 09:11:00+00:00
[2025-02-14T09:11:33.350+0000] {processor.py:208} INFO - Processing /opt/airflow/dags/new_dags.py took 0.311 seconds
[2025-02-14T09:12:05.159+0000] {processor.py:186} INFO - Started process (PID=393) to work on /opt/airflow/dags/new_dags.py
[2025-02-14T09:12:05.160+0000] {processor.py:914} INFO - Processing file /opt/airflow/dags/new_dags.py for tasks to queue
[2025-02-14T09:12:05.162+0000] {logging_mixin.py:190} INFO - [2025-02-14T09:12:05.162+0000] {dagbag.py:588} INFO - Filling up the DagBag from /opt/airflow/dags/new_dags.py
[2025-02-14T09:12:05.190+0000] {processor.py:925} INFO - DAG(s) 'welcome_dag' retrieved from /opt/airflow/dags/new_dags.py
[2025-02-14T09:12:05.227+0000] {logging_mixin.py:190} INFO - [2025-02-14T09:12:05.226+0000] {dag.py:3239} INFO - Sync 1 DAGs
[2025-02-14T09:12:05.269+0000] {logging_mixin.py:190} INFO - [2025-02-14T09:12:05.269+0000] {dag.py:4180} INFO - Setting next_dagrun for welcome_dag to 2025-02-14 09:11:00+00:00, run_after=2025-02-14 09:12:00+00:00
[2025-02-14T09:12:05.341+0000] {processor.py:208} INFO - Processing /opt/airflow/dags/new_dags.py took 0.188 seconds
[2025-02-14T09:12:38.465+0000] {processor.py:186} INFO - Started process (PID=394) to work on /opt/airflow/dags/new_dags.py
[2025-02-14T09:12:38.466+0000] {processor.py:914} INFO - Processing file /opt/airflow/dags/new_dags.py for tasks to queue
[2025-02-14T09:12:38.468+0000] {logging_mixin.py:190} INFO - [2025-02-14T09:12:38.468+0000] {dagbag.py:588} INFO - Filling up the DagBag from /opt/airflow/dags/new_dags.py
[2025-02-14T09:12:38.500+0000] {processor.py:925} INFO - DAG(s) 'welcome_dag' retrieved from /opt/airflow/dags/new_dags.py
[2025-02-14T09:12:38.541+0000] {logging_mixin.py:190} INFO - [2025-02-14T09:12:38.540+0000] {dag.py:3239} INFO - Sync 1 DAGs
[2025-02-14T09:12:38.593+0000] {logging_mixin.py:190} INFO - [2025-02-14T09:12:38.592+0000] {dag.py:4180} INFO - Setting next_dagrun for welcome_dag to 2025-02-14 09:11:00+00:00, run_after=2025-02-14 09:12:00+00:00
[2025-02-14T09:12:38.654+0000] {processor.py:208} INFO - Processing /opt/airflow/dags/new_dags.py took 0.194 seconds
[2025-02-14T09:13:10.648+0000] {processor.py:186} INFO - Started process (PID=395) to work on /opt/airflow/dags/new_dags.py
[2025-02-14T09:13:10.649+0000] {processor.py:914} INFO - Processing file /opt/airflow/dags/new_dags.py for tasks to queue
[2025-02-14T09:13:10.652+0000] {logging_mixin.py:190} INFO - [2025-02-14T09:13:10.652+0000] {dagbag.py:588} INFO - Filling up the DagBag from /opt/airflow/dags/new_dags.py
[2025-02-14T09:13:10.684+0000] {processor.py:925} INFO - DAG(s) 'welcome_dag' retrieved from /opt/airflow/dags/new_dags.py
[2025-02-14T09:13:10.716+0000] {logging_mixin.py:190} INFO - [2025-02-14T09:13:10.716+0000] {dag.py:3239} INFO - Sync 1 DAGs
[2025-02-14T09:13:10.748+0000] {logging_mixin.py:190} INFO - [2025-02-14T09:13:10.748+0000] {dag.py:4180} INFO - Setting next_dagrun for welcome_dag to 2025-02-14 09:12:00+00:00, run_after=2025-02-14 09:13:00+00:00
[2025-02-14T09:13:10.799+0000] {processor.py:208} INFO - Processing /opt/airflow/dags/new_dags.py took 0.157 seconds
[2025-02-14T09:13:43.543+0000] {processor.py:186} INFO - Started process (PID=396) to work on /opt/airflow/dags/new_dags.py
[2025-02-14T09:13:43.544+0000] {processor.py:914} INFO - Processing file /opt/airflow/dags/new_dags.py for tasks to queue
[2025-02-14T09:13:43.546+0000] {logging_mixin.py:190} INFO - [2025-02-14T09:13:43.546+0000] {dagbag.py:588} INFO - Filling up the DagBag from /opt/airflow/dags/new_dags.py
[2025-02-14T09:13:43.572+0000] {processor.py:925} INFO - DAG(s) 'welcome_dag' retrieved from /opt/airflow/dags/new_dags.py
[2025-02-14T09:13:43.606+0000] {logging_mixin.py:190} INFO - [2025-02-14T09:13:43.605+0000] {dag.py:3239} INFO - Sync 1 DAGs
[2025-02-14T09:13:43.636+0000] {logging_mixin.py:190} INFO - [2025-02-14T09:13:43.636+0000] {dag.py:4180} INFO - Setting next_dagrun for welcome_dag to 2025-02-14 09:12:00+00:00, run_after=2025-02-14 09:13:00+00:00
[2025-02-14T09:13:43.716+0000] {processor.py:208} INFO - Processing /opt/airflow/dags/new_dags.py took 0.183 seconds
[2025-02-14T09:14:17.053+0000] {processor.py:186} INFO - Started process (PID=397) to work on /opt/airflow/dags/new_dags.py
[2025-02-14T09:14:17.054+0000] {processor.py:914} INFO - Processing file /opt/airflow/dags/new_dags.py for tasks to queue
[2025-02-14T09:14:17.057+0000] {logging_mixin.py:190} INFO - [2025-02-14T09:14:17.057+0000] {dagbag.py:588} INFO - Filling up the DagBag from /opt/airflow/dags/new_dags.py
[2025-02-14T09:14:17.090+0000] {processor.py:925} INFO - DAG(s) 'welcome_dag' retrieved from /opt/airflow/dags/new_dags.py
[2025-02-14T09:14:17.131+0000] {logging_mixin.py:190} INFO - [2025-02-14T09:14:17.131+0000] {dag.py:3239} INFO - Sync 1 DAGs
[2025-02-14T09:14:17.174+0000] {logging_mixin.py:190} INFO - [2025-02-14T09:14:17.174+0000] {dag.py:4180} INFO - Setting next_dagrun for welcome_dag to 2025-02-14 09:13:00+00:00, run_after=2025-02-14 09:14:00+00:00
[2025-02-14T09:14:17.266+0000] {processor.py:208} INFO - Processing /opt/airflow/dags/new_dags.py took 0.219 seconds
[2025-02-14T09:14:49.211+0000] {processor.py:186} INFO - Started process (PID=398) to work on /opt/airflow/dags/new_dags.py
[2025-02-14T09:14:49.212+0000] {processor.py:914} INFO - Processing file /opt/airflow/dags/new_dags.py for tasks to queue
[2025-02-14T09:14:49.214+0000] {logging_mixin.py:190} INFO - [2025-02-14T09:14:49.214+0000] {dagbag.py:588} INFO - Filling up the DagBag from /opt/airflow/dags/new_dags.py
[2025-02-14T09:14:49.236+0000] {processor.py:925} INFO - DAG(s) 'welcome_dag' retrieved from /opt/airflow/dags/new_dags.py
[2025-02-14T09:14:49.266+0000] {logging_mixin.py:190} INFO - [2025-02-14T09:14:49.265+0000] {dag.py:3239} INFO - Sync 1 DAGs
[2025-02-14T09:14:49.295+0000] {logging_mixin.py:190} INFO - [2025-02-14T09:14:49.295+0000] {dag.py:4180} INFO - Setting next_dagrun for welcome_dag to 2025-02-14 09:13:00+00:00, run_after=2025-02-14 09:14:00+00:00
[2025-02-14T09:14:49.345+0000] {processor.py:208} INFO - Processing /opt/airflow/dags/new_dags.py took 0.145 seconds
[2025-02-14T09:15:21.945+0000] {processor.py:186} INFO - Started process (PID=399) to work on /opt/airflow/dags/new_dags.py
[2025-02-14T09:15:21.946+0000] {processor.py:914} INFO - Processing file /opt/airflow/dags/new_dags.py for tasks to queue
[2025-02-14T09:15:21.949+0000] {logging_mixin.py:190} INFO - [2025-02-14T09:15:21.948+0000] {dagbag.py:588} INFO - Filling up the DagBag from /opt/airflow/dags/new_dags.py
[2025-02-14T09:15:21.984+0000] {processor.py:925} INFO - DAG(s) 'welcome_dag' retrieved from /opt/airflow/dags/new_dags.py
[2025-02-14T09:15:22.019+0000] {logging_mixin.py:190} INFO - [2025-02-14T09:15:22.019+0000] {dag.py:3239} INFO - Sync 1 DAGs
[2025-02-14T09:15:22.058+0000] {logging_mixin.py:190} INFO - [2025-02-14T09:15:22.058+0000] {dag.py:4180} INFO - Setting next_dagrun for welcome_dag to 2025-02-14 09:14:00+00:00, run_after=2025-02-14 09:15:00+00:00
[2025-02-14T09:15:22.151+0000] {processor.py:208} INFO - Processing /opt/airflow/dags/new_dags.py took 0.217 seconds
[2025-02-14T09:15:55.133+0000] {processor.py:186} INFO - Started process (PID=400) to work on /opt/airflow/dags/new_dags.py
[2025-02-14T09:15:55.135+0000] {processor.py:914} INFO - Processing file /opt/airflow/dags/new_dags.py for tasks to queue
[2025-02-14T09:15:55.138+0000] {logging_mixin.py:190} INFO - [2025-02-14T09:15:55.137+0000] {dagbag.py:588} INFO - Filling up the DagBag from /opt/airflow/dags/new_dags.py
[2025-02-14T09:15:55.165+0000] {processor.py:925} INFO - DAG(s) 'welcome_dag' retrieved from /opt/airflow/dags/new_dags.py
[2025-02-14T09:15:55.200+0000] {logging_mixin.py:190} INFO - [2025-02-14T09:15:55.199+0000] {dag.py:3239} INFO - Sync 1 DAGs
[2025-02-14T09:15:55.239+0000] {logging_mixin.py:190} INFO - [2025-02-14T09:15:55.239+0000] {dag.py:4180} INFO - Setting next_dagrun for welcome_dag to 2025-02-14 09:14:00+00:00, run_after=2025-02-14 09:15:00+00:00
[2025-02-14T09:15:55.312+0000] {processor.py:208} INFO - Processing /opt/airflow/dags/new_dags.py took 0.185 seconds
[2025-02-14T09:16:28.267+0000] {processor.py:186} INFO - Started process (PID=401) to work on /opt/airflow/dags/new_dags.py
[2025-02-14T09:16:28.268+0000] {processor.py:914} INFO - Processing file /opt/airflow/dags/new_dags.py for tasks to queue
[2025-02-14T09:16:28.270+0000] {logging_mixin.py:190} INFO - [2025-02-14T09:16:28.270+0000] {dagbag.py:588} INFO - Filling up the DagBag from /opt/airflow/dags/new_dags.py
[2025-02-14T09:16:28.306+0000] {processor.py:925} INFO - DAG(s) 'welcome_dag' retrieved from /opt/airflow/dags/new_dags.py
[2025-02-14T09:16:28.350+0000] {logging_mixin.py:190} INFO - [2025-02-14T09:16:28.349+0000] {dag.py:3239} INFO - Sync 1 DAGs
[2025-02-14T09:16:28.402+0000] {logging_mixin.py:190} INFO - [2025-02-14T09:16:28.401+0000] {dag.py:4180} INFO - Setting next_dagrun for welcome_dag to 2025-02-14 09:15:00+00:00, run_after=2025-02-14 09:16:00+00:00
[2025-02-14T09:16:28.493+0000] {processor.py:208} INFO - Processing /opt/airflow/dags/new_dags.py took 0.233 seconds
[2025-02-14T09:17:00.187+0000] {processor.py:186} INFO - Started process (PID=402) to work on /opt/airflow/dags/new_dags.py
[2025-02-14T09:17:00.189+0000] {processor.py:914} INFO - Processing file /opt/airflow/dags/new_dags.py for tasks to queue
[2025-02-14T09:17:00.191+0000] {logging_mixin.py:190} INFO - [2025-02-14T09:17:00.191+0000] {dagbag.py:588} INFO - Filling up the DagBag from /opt/airflow/dags/new_dags.py
[2025-02-14T09:17:00.215+0000] {processor.py:925} INFO - DAG(s) 'welcome_dag' retrieved from /opt/airflow/dags/new_dags.py
[2025-02-14T09:17:00.247+0000] {logging_mixin.py:190} INFO - [2025-02-14T09:17:00.247+0000] {dag.py:3239} INFO - Sync 1 DAGs
[2025-02-14T09:17:00.286+0000] {logging_mixin.py:190} INFO - [2025-02-14T09:17:00.286+0000] {dag.py:4180} INFO - Setting next_dagrun for welcome_dag to 2025-02-14 09:16:00+00:00, run_after=2025-02-14 09:17:00+00:00
[2025-02-14T09:17:00.335+0000] {processor.py:208} INFO - Processing /opt/airflow/dags/new_dags.py took 0.155 seconds
[2025-02-14T09:17:33.271+0000] {processor.py:186} INFO - Started process (PID=403) to work on /opt/airflow/dags/new_dags.py
[2025-02-14T09:17:33.272+0000] {processor.py:914} INFO - Processing file /opt/airflow/dags/new_dags.py for tasks to queue
[2025-02-14T09:17:33.275+0000] {logging_mixin.py:190} INFO - [2025-02-14T09:17:33.274+0000] {dagbag.py:588} INFO - Filling up the DagBag from /opt/airflow/dags/new_dags.py
[2025-02-14T09:17:33.310+0000] {processor.py:925} INFO - DAG(s) 'welcome_dag' retrieved from /opt/airflow/dags/new_dags.py
[2025-02-14T09:17:33.350+0000] {logging_mixin.py:190} INFO - [2025-02-14T09:17:33.350+0000] {dag.py:3239} INFO - Sync 1 DAGs
[2025-02-14T09:17:33.393+0000] {logging_mixin.py:190} INFO - [2025-02-14T09:17:33.393+0000] {dag.py:4180} INFO - Setting next_dagrun for welcome_dag to 2025-02-14 09:16:00+00:00, run_after=2025-02-14 09:17:00+00:00
[2025-02-14T09:17:33.475+0000] {processor.py:208} INFO - Processing /opt/airflow/dags/new_dags.py took 0.211 seconds
[2025-02-14T09:18:05.404+0000] {processor.py:186} INFO - Started process (PID=404) to work on /opt/airflow/dags/new_dags.py
[2025-02-14T09:18:05.405+0000] {processor.py:914} INFO - Processing file /opt/airflow/dags/new_dags.py for tasks to queue
[2025-02-14T09:18:05.408+0000] {logging_mixin.py:190} INFO - [2025-02-14T09:18:05.408+0000] {dagbag.py:588} INFO - Filling up the DagBag from /opt/airflow/dags/new_dags.py
[2025-02-14T09:18:05.449+0000] {processor.py:925} INFO - DAG(s) 'welcome_dag' retrieved from /opt/airflow/dags/new_dags.py
[2025-02-14T09:18:05.490+0000] {logging_mixin.py:190} INFO - [2025-02-14T09:18:05.490+0000] {dag.py:3239} INFO - Sync 1 DAGs
[2025-02-14T09:18:05.525+0000] {logging_mixin.py:190} INFO - [2025-02-14T09:18:05.525+0000] {dag.py:4180} INFO - Setting next_dagrun for welcome_dag to 2025-02-14 09:17:00+00:00, run_after=2025-02-14 09:18:00+00:00
[2025-02-14T09:18:05.584+0000] {processor.py:208} INFO - Processing /opt/airflow/dags/new_dags.py took 0.186 seconds
[2025-02-14T09:18:38.507+0000] {processor.py:186} INFO - Started process (PID=405) to work on /opt/airflow/dags/new_dags.py
[2025-02-14T09:18:38.508+0000] {processor.py:914} INFO - Processing file /opt/airflow/dags/new_dags.py for tasks to queue
[2025-02-14T09:18:38.510+0000] {logging_mixin.py:190} INFO - [2025-02-14T09:18:38.510+0000] {dagbag.py:588} INFO - Filling up the DagBag from /opt/airflow/dags/new_dags.py
[2025-02-14T09:18:38.533+0000] {processor.py:925} INFO - DAG(s) 'welcome_dag' retrieved from /opt/airflow/dags/new_dags.py
[2025-02-14T09:18:38.559+0000] {logging_mixin.py:190} INFO - [2025-02-14T09:18:38.559+0000] {dag.py:3239} INFO - Sync 1 DAGs
[2025-02-14T09:18:38.590+0000] {logging_mixin.py:190} INFO - [2025-02-14T09:18:38.590+0000] {dag.py:4180} INFO - Setting next_dagrun for welcome_dag to 2025-02-14 09:17:00+00:00, run_after=2025-02-14 09:18:00+00:00
[2025-02-14T09:18:38.642+0000] {processor.py:208} INFO - Processing /opt/airflow/dags/new_dags.py took 0.140 seconds
[2025-02-14T09:19:11.479+0000] {processor.py:186} INFO - Started process (PID=406) to work on /opt/airflow/dags/new_dags.py
[2025-02-14T09:19:11.480+0000] {processor.py:914} INFO - Processing file /opt/airflow/dags/new_dags.py for tasks to queue
[2025-02-14T09:19:11.483+0000] {logging_mixin.py:190} INFO - [2025-02-14T09:19:11.483+0000] {dagbag.py:588} INFO - Filling up the DagBag from /opt/airflow/dags/new_dags.py
[2025-02-14T09:19:11.515+0000] {processor.py:925} INFO - DAG(s) 'welcome_dag' retrieved from /opt/airflow/dags/new_dags.py
[2025-02-14T09:19:11.547+0000] {logging_mixin.py:190} INFO - [2025-02-14T09:19:11.547+0000] {dag.py:3239} INFO - Sync 1 DAGs
[2025-02-14T09:19:11.583+0000] {logging_mixin.py:190} INFO - [2025-02-14T09:19:11.583+0000] {dag.py:4180} INFO - Setting next_dagrun for welcome_dag to 2025-02-14 09:18:00+00:00, run_after=2025-02-14 09:19:00+00:00
[2025-02-14T09:19:11.652+0000] {processor.py:208} INFO - Processing /opt/airflow/dags/new_dags.py took 0.179 seconds
[2025-02-14T09:19:43.792+0000] {processor.py:186} INFO - Started process (PID=407) to work on /opt/airflow/dags/new_dags.py
[2025-02-14T09:19:43.793+0000] {processor.py:914} INFO - Processing file /opt/airflow/dags/new_dags.py for tasks to queue
[2025-02-14T09:19:43.796+0000] {logging_mixin.py:190} INFO - [2025-02-14T09:19:43.795+0000] {dagbag.py:588} INFO - Filling up the DagBag from /opt/airflow/dags/new_dags.py
[2025-02-14T09:19:43.818+0000] {processor.py:925} INFO - DAG(s) 'welcome_dag' retrieved from /opt/airflow/dags/new_dags.py
[2025-02-14T09:19:43.844+0000] {logging_mixin.py:190} INFO - [2025-02-14T09:19:43.844+0000] {dag.py:3239} INFO - Sync 1 DAGs
[2025-02-14T09:19:43.874+0000] {logging_mixin.py:190} INFO - [2025-02-14T09:19:43.874+0000] {dag.py:4180} INFO - Setting next_dagrun for welcome_dag to 2025-02-14 09:18:00+00:00, run_after=2025-02-14 09:19:00+00:00
[2025-02-14T09:19:43.929+0000] {processor.py:208} INFO - Processing /opt/airflow/dags/new_dags.py took 0.143 seconds
[2025-02-14T09:20:17.298+0000] {processor.py:186} INFO - Started process (PID=408) to work on /opt/airflow/dags/new_dags.py
[2025-02-14T09:20:17.299+0000] {processor.py:914} INFO - Processing file /opt/airflow/dags/new_dags.py for tasks to queue
[2025-02-14T09:20:17.303+0000] {logging_mixin.py:190} INFO - [2025-02-14T09:20:17.302+0000] {dagbag.py:588} INFO - Filling up the DagBag from /opt/airflow/dags/new_dags.py
[2025-02-14T09:20:17.348+0000] {processor.py:925} INFO - DAG(s) 'welcome_dag' retrieved from /opt/airflow/dags/new_dags.py
[2025-02-14T09:20:17.409+0000] {logging_mixin.py:190} INFO - [2025-02-14T09:20:17.409+0000] {dag.py:3239} INFO - Sync 1 DAGs
[2025-02-14T09:20:17.458+0000] {logging_mixin.py:190} INFO - [2025-02-14T09:20:17.458+0000] {dag.py:4180} INFO - Setting next_dagrun for welcome_dag to 2025-02-14 09:19:00+00:00, run_after=2025-02-14 09:20:00+00:00
[2025-02-14T09:20:17.557+0000] {processor.py:208} INFO - Processing /opt/airflow/dags/new_dags.py took 0.266 seconds
[2025-02-14T09:20:49.038+0000] {processor.py:186} INFO - Started process (PID=409) to work on /opt/airflow/dags/new_dags.py
[2025-02-14T09:20:49.041+0000] {processor.py:914} INFO - Processing file /opt/airflow/dags/new_dags.py for tasks to queue
[2025-02-14T09:20:49.048+0000] {logging_mixin.py:190} INFO - [2025-02-14T09:20:49.046+0000] {dagbag.py:588} INFO - Filling up the DagBag from /opt/airflow/dags/new_dags.py
[2025-02-14T09:20:49.074+0000] {processor.py:925} INFO - DAG(s) 'welcome_dag' retrieved from /opt/airflow/dags/new_dags.py
[2025-02-14T09:20:49.109+0000] {logging_mixin.py:190} INFO - [2025-02-14T09:20:49.108+0000] {dag.py:3239} INFO - Sync 1 DAGs
[2025-02-14T09:20:49.158+0000] {logging_mixin.py:190} INFO - [2025-02-14T09:20:49.157+0000] {dag.py:4180} INFO - Setting next_dagrun for welcome_dag to 2025-02-14 09:19:00+00:00, run_after=2025-02-14 09:20:00+00:00
[2025-02-14T09:20:49.236+0000] {processor.py:208} INFO - Processing /opt/airflow/dags/new_dags.py took 0.227 seconds
[2025-02-14T09:21:19.537+0000] {processor.py:186} INFO - Started process (PID=410) to work on /opt/airflow/dags/new_dags.py
[2025-02-14T09:21:19.539+0000] {processor.py:914} INFO - Processing file /opt/airflow/dags/new_dags.py for tasks to queue
[2025-02-14T09:21:19.541+0000] {logging_mixin.py:190} INFO - [2025-02-14T09:21:19.541+0000] {dagbag.py:588} INFO - Filling up the DagBag from /opt/airflow/dags/new_dags.py
[2025-02-14T09:21:19.572+0000] {processor.py:925} INFO - DAG(s) 'welcome_dag' retrieved from /opt/airflow/dags/new_dags.py
[2025-02-14T09:21:19.604+0000] {logging_mixin.py:190} INFO - [2025-02-14T09:21:19.604+0000] {dag.py:3239} INFO - Sync 1 DAGs
[2025-02-14T09:21:19.636+0000] {logging_mixin.py:190} INFO - [2025-02-14T09:21:19.636+0000] {dag.py:4180} INFO - Setting next_dagrun for welcome_dag to 2025-02-14 09:20:00+00:00, run_after=2025-02-14 09:21:00+00:00
[2025-02-14T09:21:19.686+0000] {processor.py:208} INFO - Processing /opt/airflow/dags/new_dags.py took 0.155 seconds
[2025-02-14T09:21:52.180+0000] {processor.py:186} INFO - Started process (PID=411) to work on /opt/airflow/dags/new_dags.py
[2025-02-14T09:21:52.181+0000] {processor.py:914} INFO - Processing file /opt/airflow/dags/new_dags.py for tasks to queue
[2025-02-14T09:21:52.183+0000] {logging_mixin.py:190} INFO - [2025-02-14T09:21:52.183+0000] {dagbag.py:588} INFO - Filling up the DagBag from /opt/airflow/dags/new_dags.py
[2025-02-14T09:21:52.209+0000] {processor.py:925} INFO - DAG(s) 'welcome_dag' retrieved from /opt/airflow/dags/new_dags.py
[2025-02-14T09:21:52.242+0000] {logging_mixin.py:190} INFO - [2025-02-14T09:21:52.242+0000] {dag.py:3239} INFO - Sync 1 DAGs
[2025-02-14T09:21:52.276+0000] {logging_mixin.py:190} INFO - [2025-02-14T09:21:52.276+0000] {dag.py:4180} INFO - Setting next_dagrun for welcome_dag to 2025-02-14 09:20:00+00:00, run_after=2025-02-14 09:21:00+00:00
[2025-02-14T09:21:52.335+0000] {processor.py:208} INFO - Processing /opt/airflow/dags/new_dags.py took 0.162 seconds
[2025-02-14T09:22:25.263+0000] {processor.py:186} INFO - Started process (PID=412) to work on /opt/airflow/dags/new_dags.py
[2025-02-14T09:22:25.264+0000] {processor.py:914} INFO - Processing file /opt/airflow/dags/new_dags.py for tasks to queue
[2025-02-14T09:22:25.267+0000] {logging_mixin.py:190} INFO - [2025-02-14T09:22:25.267+0000] {dagbag.py:588} INFO - Filling up the DagBag from /opt/airflow/dags/new_dags.py
[2025-02-14T09:22:25.295+0000] {processor.py:925} INFO - DAG(s) 'welcome_dag' retrieved from /opt/airflow/dags/new_dags.py
[2025-02-14T09:22:25.326+0000] {logging_mixin.py:190} INFO - [2025-02-14T09:22:25.326+0000] {dag.py:3239} INFO - Sync 1 DAGs
[2025-02-14T09:22:25.358+0000] {logging_mixin.py:190} INFO - [2025-02-14T09:22:25.358+0000] {dag.py:4180} INFO - Setting next_dagrun for welcome_dag to 2025-02-14 09:21:00+00:00, run_after=2025-02-14 09:22:00+00:00
[2025-02-14T09:22:25.419+0000] {processor.py:208} INFO - Processing /opt/airflow/dags/new_dags.py took 0.169 seconds
[2025-02-14T09:22:58.185+0000] {processor.py:186} INFO - Started process (PID=413) to work on /opt/airflow/dags/new_dags.py
[2025-02-14T09:22:58.187+0000] {processor.py:914} INFO - Processing file /opt/airflow/dags/new_dags.py for tasks to queue
[2025-02-14T09:22:58.189+0000] {logging_mixin.py:190} INFO - [2025-02-14T09:22:58.189+0000] {dagbag.py:588} INFO - Filling up the DagBag from /opt/airflow/dags/new_dags.py
[2025-02-14T09:22:58.217+0000] {processor.py:925} INFO - DAG(s) 'welcome_dag' retrieved from /opt/airflow/dags/new_dags.py
[2025-02-14T09:22:58.248+0000] {logging_mixin.py:190} INFO - [2025-02-14T09:22:58.248+0000] {dag.py:3239} INFO - Sync 1 DAGs
[2025-02-14T09:22:58.283+0000] {logging_mixin.py:190} INFO - [2025-02-14T09:22:58.283+0000] {dag.py:4180} INFO - Setting next_dagrun for welcome_dag to 2025-02-14 09:21:00+00:00, run_after=2025-02-14 09:22:00+00:00
[2025-02-14T09:22:58.339+0000] {processor.py:208} INFO - Processing /opt/airflow/dags/new_dags.py took 0.167 seconds
[2025-02-14T09:23:30.397+0000] {processor.py:186} INFO - Started process (PID=414) to work on /opt/airflow/dags/new_dags.py
[2025-02-14T09:23:30.400+0000] {processor.py:914} INFO - Processing file /opt/airflow/dags/new_dags.py for tasks to queue
[2025-02-14T09:23:30.403+0000] {logging_mixin.py:190} INFO - [2025-02-14T09:23:30.403+0000] {dagbag.py:588} INFO - Filling up the DagBag from /opt/airflow/dags/new_dags.py
[2025-02-14T09:23:30.428+0000] {processor.py:925} INFO - DAG(s) 'welcome_dag' retrieved from /opt/airflow/dags/new_dags.py
[2025-02-14T09:23:30.460+0000] {logging_mixin.py:190} INFO - [2025-02-14T09:23:30.460+0000] {dag.py:3239} INFO - Sync 1 DAGs
[2025-02-14T09:23:30.492+0000] {logging_mixin.py:190} INFO - [2025-02-14T09:23:30.491+0000] {dag.py:4180} INFO - Setting next_dagrun for welcome_dag to 2025-02-14 09:22:00+00:00, run_after=2025-02-14 09:23:00+00:00
[2025-02-14T09:23:30.547+0000] {processor.py:208} INFO - Processing /opt/airflow/dags/new_dags.py took 0.158 seconds
[2025-02-14T09:24:03.940+0000] {processor.py:186} INFO - Started process (PID=415) to work on /opt/airflow/dags/new_dags.py
[2025-02-14T09:24:03.941+0000] {processor.py:914} INFO - Processing file /opt/airflow/dags/new_dags.py for tasks to queue
[2025-02-14T09:24:03.944+0000] {logging_mixin.py:190} INFO - [2025-02-14T09:24:03.943+0000] {dagbag.py:588} INFO - Filling up the DagBag from /opt/airflow/dags/new_dags.py
[2025-02-14T09:24:03.984+0000] {processor.py:925} INFO - DAG(s) 'welcome_dag' retrieved from /opt/airflow/dags/new_dags.py
[2025-02-14T09:24:04.029+0000] {logging_mixin.py:190} INFO - [2025-02-14T09:24:04.028+0000] {dag.py:3239} INFO - Sync 1 DAGs
[2025-02-14T09:24:04.074+0000] {logging_mixin.py:190} INFO - [2025-02-14T09:24:04.074+0000] {dag.py:4180} INFO - Setting next_dagrun for welcome_dag to 2025-02-14 09:23:00+00:00, run_after=2025-02-14 09:24:00+00:00
[2025-02-14T09:24:04.150+0000] {processor.py:208} INFO - Processing /opt/airflow/dags/new_dags.py took 0.226 seconds
[2025-02-14T09:24:36.050+0000] {processor.py:186} INFO - Started process (PID=416) to work on /opt/airflow/dags/new_dags.py
[2025-02-14T09:24:36.051+0000] {processor.py:914} INFO - Processing file /opt/airflow/dags/new_dags.py for tasks to queue
[2025-02-14T09:24:36.053+0000] {logging_mixin.py:190} INFO - [2025-02-14T09:24:36.053+0000] {dagbag.py:588} INFO - Filling up the DagBag from /opt/airflow/dags/new_dags.py
[2025-02-14T09:24:36.078+0000] {processor.py:925} INFO - DAG(s) 'welcome_dag' retrieved from /opt/airflow/dags/new_dags.py
[2025-02-14T09:24:36.112+0000] {logging_mixin.py:190} INFO - [2025-02-14T09:24:36.112+0000] {dag.py:3239} INFO - Sync 1 DAGs
[2025-02-14T09:24:36.149+0000] {logging_mixin.py:190} INFO - [2025-02-14T09:24:36.148+0000] {dag.py:4180} INFO - Setting next_dagrun for welcome_dag to 2025-02-14 09:23:00+00:00, run_after=2025-02-14 09:24:00+00:00
[2025-02-14T09:24:36.203+0000] {processor.py:208} INFO - Processing /opt/airflow/dags/new_dags.py took 0.162 seconds
[2025-02-14T09:25:09.565+0000] {processor.py:186} INFO - Started process (PID=417) to work on /opt/airflow/dags/new_dags.py
[2025-02-14T09:25:09.567+0000] {processor.py:914} INFO - Processing file /opt/airflow/dags/new_dags.py for tasks to queue
[2025-02-14T09:25:09.575+0000] {logging_mixin.py:190} INFO - [2025-02-14T09:25:09.574+0000] {dagbag.py:588} INFO - Filling up the DagBag from /opt/airflow/dags/new_dags.py
[2025-02-14T09:25:09.609+0000] {processor.py:925} INFO - DAG(s) 'welcome_dag' retrieved from /opt/airflow/dags/new_dags.py
[2025-02-14T09:25:09.649+0000] {logging_mixin.py:190} INFO - [2025-02-14T09:25:09.649+0000] {dag.py:3239} INFO - Sync 1 DAGs
[2025-02-14T09:25:09.695+0000] {logging_mixin.py:190} INFO - [2025-02-14T09:25:09.695+0000] {dag.py:4180} INFO - Setting next_dagrun for welcome_dag to 2025-02-14 09:24:00+00:00, run_after=2025-02-14 09:25:00+00:00
[2025-02-14T09:25:09.784+0000] {processor.py:208} INFO - Processing /opt/airflow/dags/new_dags.py took 0.226 seconds
[2025-02-14T09:25:41.348+0000] {processor.py:186} INFO - Started process (PID=418) to work on /opt/airflow/dags/new_dags.py
[2025-02-14T09:25:41.349+0000] {processor.py:914} INFO - Processing file /opt/airflow/dags/new_dags.py for tasks to queue
[2025-02-14T09:25:41.351+0000] {logging_mixin.py:190} INFO - [2025-02-14T09:25:41.351+0000] {dagbag.py:588} INFO - Filling up the DagBag from /opt/airflow/dags/new_dags.py
[2025-02-14T09:25:41.384+0000] {processor.py:925} INFO - DAG(s) 'welcome_dag' retrieved from /opt/airflow/dags/new_dags.py
[2025-02-14T09:25:41.417+0000] {logging_mixin.py:190} INFO - [2025-02-14T09:25:41.417+0000] {dag.py:3239} INFO - Sync 1 DAGs
[2025-02-14T09:25:41.457+0000] {logging_mixin.py:190} INFO - [2025-02-14T09:25:41.456+0000] {dag.py:4180} INFO - Setting next_dagrun for welcome_dag to 2025-02-14 09:24:00+00:00, run_after=2025-02-14 09:25:00+00:00
[2025-02-14T09:25:41.515+0000] {processor.py:208} INFO - Processing /opt/airflow/dags/new_dags.py took 0.176 seconds
[2025-02-14T09:26:14.124+0000] {processor.py:186} INFO - Started process (PID=419) to work on /opt/airflow/dags/new_dags.py
[2025-02-14T09:26:14.126+0000] {processor.py:914} INFO - Processing file /opt/airflow/dags/new_dags.py for tasks to queue
[2025-02-14T09:26:14.130+0000] {logging_mixin.py:190} INFO - [2025-02-14T09:26:14.130+0000] {dagbag.py:588} INFO - Filling up the DagBag from /opt/airflow/dags/new_dags.py
[2025-02-14T09:26:14.172+0000] {processor.py:925} INFO - DAG(s) 'welcome_dag' retrieved from /opt/airflow/dags/new_dags.py
[2025-02-14T09:26:14.230+0000] {logging_mixin.py:190} INFO - [2025-02-14T09:26:14.230+0000] {dag.py:3239} INFO - Sync 1 DAGs
[2025-02-14T09:26:14.277+0000] {logging_mixin.py:190} INFO - [2025-02-14T09:26:14.277+0000] {dag.py:4180} INFO - Setting next_dagrun for welcome_dag to 2025-02-14 09:25:00+00:00, run_after=2025-02-14 09:26:00+00:00
[2025-02-14T09:26:14.349+0000] {processor.py:208} INFO - Processing /opt/airflow/dags/new_dags.py took 0.231 seconds
[2025-02-14T09:26:47.463+0000] {processor.py:186} INFO - Started process (PID=420) to work on /opt/airflow/dags/new_dags.py
[2025-02-14T09:26:47.464+0000] {processor.py:914} INFO - Processing file /opt/airflow/dags/new_dags.py for tasks to queue
[2025-02-14T09:26:47.466+0000] {logging_mixin.py:190} INFO - [2025-02-14T09:26:47.466+0000] {dagbag.py:588} INFO - Filling up the DagBag from /opt/airflow/dags/new_dags.py
[2025-02-14T09:26:47.492+0000] {processor.py:925} INFO - DAG(s) 'welcome_dag' retrieved from /opt/airflow/dags/new_dags.py
[2025-02-14T09:26:47.553+0000] {logging_mixin.py:190} INFO - [2025-02-14T09:26:47.553+0000] {dag.py:3239} INFO - Sync 1 DAGs
[2025-02-14T09:26:47.626+0000] {logging_mixin.py:190} INFO - [2025-02-14T09:26:47.626+0000] {dag.py:4180} INFO - Setting next_dagrun for welcome_dag to 2025-02-14 09:25:00+00:00, run_after=2025-02-14 09:26:00+00:00
[2025-02-14T09:26:47.712+0000] {processor.py:208} INFO - Processing /opt/airflow/dags/new_dags.py took 0.254 seconds
[2025-02-14T09:27:20.028+0000] {processor.py:186} INFO - Started process (PID=421) to work on /opt/airflow/dags/new_dags.py
[2025-02-14T09:27:20.029+0000] {processor.py:914} INFO - Processing file /opt/airflow/dags/new_dags.py for tasks to queue
[2025-02-14T09:27:20.032+0000] {logging_mixin.py:190} INFO - [2025-02-14T09:27:20.031+0000] {dagbag.py:588} INFO - Filling up the DagBag from /opt/airflow/dags/new_dags.py
[2025-02-14T09:27:20.058+0000] {processor.py:925} INFO - DAG(s) 'welcome_dag' retrieved from /opt/airflow/dags/new_dags.py
[2025-02-14T09:27:20.085+0000] {logging_mixin.py:190} INFO - [2025-02-14T09:27:20.085+0000] {dag.py:3239} INFO - Sync 1 DAGs
[2025-02-14T09:27:20.121+0000] {logging_mixin.py:190} INFO - [2025-02-14T09:27:20.121+0000] {dag.py:4180} INFO - Setting next_dagrun for welcome_dag to 2025-02-14 09:26:00+00:00, run_after=2025-02-14 09:27:00+00:00
[2025-02-14T09:27:20.173+0000] {processor.py:208} INFO - Processing /opt/airflow/dags/new_dags.py took 0.154 seconds
[2025-02-14T09:27:53.060+0000] {processor.py:186} INFO - Started process (PID=422) to work on /opt/airflow/dags/new_dags.py
[2025-02-14T09:27:53.061+0000] {processor.py:914} INFO - Processing file /opt/airflow/dags/new_dags.py for tasks to queue
[2025-02-14T09:27:53.067+0000] {logging_mixin.py:190} INFO - [2025-02-14T09:27:53.067+0000] {dagbag.py:588} INFO - Filling up the DagBag from /opt/airflow/dags/new_dags.py
[2025-02-14T09:27:53.091+0000] {processor.py:925} INFO - DAG(s) 'welcome_dag' retrieved from /opt/airflow/dags/new_dags.py
[2025-02-14T09:27:53.124+0000] {logging_mixin.py:190} INFO - [2025-02-14T09:27:53.124+0000] {dag.py:3239} INFO - Sync 1 DAGs
[2025-02-14T09:27:53.159+0000] {logging_mixin.py:190} INFO - [2025-02-14T09:27:53.159+0000] {dag.py:4180} INFO - Setting next_dagrun for welcome_dag to 2025-02-14 09:26:00+00:00, run_after=2025-02-14 09:27:00+00:00
[2025-02-14T09:27:53.218+0000] {processor.py:208} INFO - Processing /opt/airflow/dags/new_dags.py took 0.163 seconds
[2025-02-14T09:28:25.359+0000] {processor.py:186} INFO - Started process (PID=423) to work on /opt/airflow/dags/new_dags.py
[2025-02-14T09:28:25.361+0000] {processor.py:914} INFO - Processing file /opt/airflow/dags/new_dags.py for tasks to queue
[2025-02-14T09:28:25.365+0000] {logging_mixin.py:190} INFO - [2025-02-14T09:28:25.364+0000] {dagbag.py:588} INFO - Filling up the DagBag from /opt/airflow/dags/new_dags.py
[2025-02-14T09:28:25.409+0000] {processor.py:925} INFO - DAG(s) 'welcome_dag' retrieved from /opt/airflow/dags/new_dags.py
[2025-02-14T09:28:25.455+0000] {logging_mixin.py:190} INFO - [2025-02-14T09:28:25.455+0000] {dag.py:3239} INFO - Sync 1 DAGs
[2025-02-14T09:28:25.507+0000] {logging_mixin.py:190} INFO - [2025-02-14T09:28:25.506+0000] {dag.py:4180} INFO - Setting next_dagrun for welcome_dag to 2025-02-14 09:27:00+00:00, run_after=2025-02-14 09:28:00+00:00
[2025-02-14T09:28:25.611+0000] {processor.py:208} INFO - Processing /opt/airflow/dags/new_dags.py took 0.261 seconds
[2025-02-14T09:28:57.622+0000] {processor.py:186} INFO - Started process (PID=424) to work on /opt/airflow/dags/new_dags.py
[2025-02-14T09:28:57.624+0000] {processor.py:914} INFO - Processing file /opt/airflow/dags/new_dags.py for tasks to queue
[2025-02-14T09:28:57.626+0000] {logging_mixin.py:190} INFO - [2025-02-14T09:28:57.626+0000] {dagbag.py:588} INFO - Filling up the DagBag from /opt/airflow/dags/new_dags.py
[2025-02-14T09:28:57.653+0000] {processor.py:925} INFO - DAG(s) 'welcome_dag' retrieved from /opt/airflow/dags/new_dags.py
[2025-02-14T09:28:57.690+0000] {logging_mixin.py:190} INFO - [2025-02-14T09:28:57.689+0000] {dag.py:3239} INFO - Sync 1 DAGs
[2025-02-14T09:28:57.724+0000] {logging_mixin.py:190} INFO - [2025-02-14T09:28:57.724+0000] {dag.py:4180} INFO - Setting next_dagrun for welcome_dag to 2025-02-14 09:27:00+00:00, run_after=2025-02-14 09:28:00+00:00
[2025-02-14T09:28:57.783+0000] {processor.py:208} INFO - Processing /opt/airflow/dags/new_dags.py took 0.171 seconds
[2025-02-14T09:29:31.092+0000] {processor.py:186} INFO - Started process (PID=425) to work on /opt/airflow/dags/new_dags.py
[2025-02-14T09:29:31.093+0000] {processor.py:914} INFO - Processing file /opt/airflow/dags/new_dags.py for tasks to queue
[2025-02-14T09:29:31.096+0000] {logging_mixin.py:190} INFO - [2025-02-14T09:29:31.096+0000] {dagbag.py:588} INFO - Filling up the DagBag from /opt/airflow/dags/new_dags.py
[2025-02-14T09:29:31.123+0000] {processor.py:925} INFO - DAG(s) 'welcome_dag' retrieved from /opt/airflow/dags/new_dags.py
[2025-02-14T09:29:31.157+0000] {logging_mixin.py:190} INFO - [2025-02-14T09:29:31.157+0000] {dag.py:3239} INFO - Sync 1 DAGs
[2025-02-14T09:29:31.192+0000] {logging_mixin.py:190} INFO - [2025-02-14T09:29:31.192+0000] {dag.py:4180} INFO - Setting next_dagrun for welcome_dag to 2025-02-14 09:28:00+00:00, run_after=2025-02-14 09:29:00+00:00
[2025-02-14T09:29:31.254+0000] {processor.py:208} INFO - Processing /opt/airflow/dags/new_dags.py took 0.171 seconds
[2025-02-14T09:30:03.814+0000] {processor.py:186} INFO - Started process (PID=426) to work on /opt/airflow/dags/new_dags.py
[2025-02-14T09:30:03.816+0000] {processor.py:914} INFO - Processing file /opt/airflow/dags/new_dags.py for tasks to queue
[2025-02-14T09:30:03.820+0000] {logging_mixin.py:190} INFO - [2025-02-14T09:30:03.819+0000] {dagbag.py:588} INFO - Filling up the DagBag from /opt/airflow/dags/new_dags.py
[2025-02-14T09:30:03.851+0000] {processor.py:925} INFO - DAG(s) 'welcome_dag' retrieved from /opt/airflow/dags/new_dags.py
[2025-02-14T09:30:03.879+0000] {logging_mixin.py:190} INFO - [2025-02-14T09:30:03.878+0000] {dag.py:3239} INFO - Sync 1 DAGs
[2025-02-14T09:30:03.908+0000] {logging_mixin.py:190} INFO - [2025-02-14T09:30:03.908+0000] {dag.py:4180} INFO - Setting next_dagrun for welcome_dag to 2025-02-14 09:29:00+00:00, run_after=2025-02-14 09:30:00+00:00
[2025-02-14T09:30:03.961+0000] {processor.py:208} INFO - Processing /opt/airflow/dags/new_dags.py took 0.177 seconds
[2025-02-14T09:30:36.891+0000] {processor.py:186} INFO - Started process (PID=427) to work on /opt/airflow/dags/new_dags.py
[2025-02-14T09:30:36.894+0000] {processor.py:914} INFO - Processing file /opt/airflow/dags/new_dags.py for tasks to queue
[2025-02-14T09:30:36.896+0000] {logging_mixin.py:190} INFO - [2025-02-14T09:30:36.896+0000] {dagbag.py:588} INFO - Filling up the DagBag from /opt/airflow/dags/new_dags.py
[2025-02-14T09:30:36.925+0000] {processor.py:925} INFO - DAG(s) 'welcome_dag' retrieved from /opt/airflow/dags/new_dags.py
[2025-02-14T09:30:36.958+0000] {logging_mixin.py:190} INFO - [2025-02-14T09:30:36.958+0000] {dag.py:3239} INFO - Sync 1 DAGs
[2025-02-14T09:30:36.995+0000] {logging_mixin.py:190} INFO - [2025-02-14T09:30:36.995+0000] {dag.py:4180} INFO - Setting next_dagrun for welcome_dag to 2025-02-14 09:29:00+00:00, run_after=2025-02-14 09:30:00+00:00
[2025-02-14T09:30:37.051+0000] {processor.py:208} INFO - Processing /opt/airflow/dags/new_dags.py took 0.167 seconds
[2025-02-14T09:31:09.041+0000] {processor.py:186} INFO - Started process (PID=428) to work on /opt/airflow/dags/new_dags.py
[2025-02-14T09:31:09.042+0000] {processor.py:914} INFO - Processing file /opt/airflow/dags/new_dags.py for tasks to queue
[2025-02-14T09:31:09.044+0000] {logging_mixin.py:190} INFO - [2025-02-14T09:31:09.044+0000] {dagbag.py:588} INFO - Filling up the DagBag from /opt/airflow/dags/new_dags.py
[2025-02-14T09:31:09.073+0000] {processor.py:925} INFO - DAG(s) 'welcome_dag' retrieved from /opt/airflow/dags/new_dags.py
[2025-02-14T09:31:09.107+0000] {logging_mixin.py:190} INFO - [2025-02-14T09:31:09.107+0000] {dag.py:3239} INFO - Sync 1 DAGs
[2025-02-14T09:31:09.139+0000] {logging_mixin.py:190} INFO - [2025-02-14T09:31:09.139+0000] {dag.py:4180} INFO - Setting next_dagrun for welcome_dag to 2025-02-14 09:30:00+00:00, run_after=2025-02-14 09:31:00+00:00
[2025-02-14T09:31:09.188+0000] {processor.py:208} INFO - Processing /opt/airflow/dags/new_dags.py took 0.159 seconds
[2025-02-14T09:31:41.324+0000] {processor.py:186} INFO - Started process (PID=429) to work on /opt/airflow/dags/new_dags.py
[2025-02-14T09:31:41.326+0000] {processor.py:914} INFO - Processing file /opt/airflow/dags/new_dags.py for tasks to queue
[2025-02-14T09:31:41.330+0000] {logging_mixin.py:190} INFO - [2025-02-14T09:31:41.329+0000] {dagbag.py:588} INFO - Filling up the DagBag from /opt/airflow/dags/new_dags.py
[2025-02-14T09:31:41.361+0000] {processor.py:925} INFO - DAG(s) 'welcome_dag' retrieved from /opt/airflow/dags/new_dags.py
[2025-02-14T09:31:41.393+0000] {logging_mixin.py:190} INFO - [2025-02-14T09:31:41.393+0000] {dag.py:3239} INFO - Sync 1 DAGs
[2025-02-14T09:31:41.423+0000] {logging_mixin.py:190} INFO - [2025-02-14T09:31:41.423+0000] {dag.py:4180} INFO - Setting next_dagrun for welcome_dag to 2025-02-14 09:30:00+00:00, run_after=2025-02-14 09:31:00+00:00
[2025-02-14T09:31:41.468+0000] {processor.py:208} INFO - Processing /opt/airflow/dags/new_dags.py took 0.150 seconds
[2025-02-14T09:32:14.813+0000] {processor.py:186} INFO - Started process (PID=430) to work on /opt/airflow/dags/new_dags.py
[2025-02-14T09:32:14.815+0000] {processor.py:914} INFO - Processing file /opt/airflow/dags/new_dags.py for tasks to queue
[2025-02-14T09:32:14.817+0000] {logging_mixin.py:190} INFO - [2025-02-14T09:32:14.817+0000] {dagbag.py:588} INFO - Filling up the DagBag from /opt/airflow/dags/new_dags.py
[2025-02-14T09:32:14.840+0000] {processor.py:925} INFO - DAG(s) 'welcome_dag' retrieved from /opt/airflow/dags/new_dags.py
[2025-02-14T09:32:14.867+0000] {logging_mixin.py:190} INFO - [2025-02-14T09:32:14.867+0000] {dag.py:3239} INFO - Sync 1 DAGs
[2025-02-14T09:32:14.897+0000] {logging_mixin.py:190} INFO - [2025-02-14T09:32:14.897+0000] {dag.py:4180} INFO - Setting next_dagrun for welcome_dag to 2025-02-14 09:31:00+00:00, run_after=2025-02-14 09:32:00+00:00
[2025-02-14T09:32:14.946+0000] {processor.py:208} INFO - Processing /opt/airflow/dags/new_dags.py took 0.138 seconds
[2025-02-14T09:32:46.887+0000] {processor.py:186} INFO - Started process (PID=431) to work on /opt/airflow/dags/new_dags.py
[2025-02-14T09:32:46.888+0000] {processor.py:914} INFO - Processing file /opt/airflow/dags/new_dags.py for tasks to queue
[2025-02-14T09:32:46.891+0000] {logging_mixin.py:190} INFO - [2025-02-14T09:32:46.890+0000] {dagbag.py:588} INFO - Filling up the DagBag from /opt/airflow/dags/new_dags.py
[2025-02-14T09:32:46.915+0000] {processor.py:925} INFO - DAG(s) 'welcome_dag' retrieved from /opt/airflow/dags/new_dags.py
[2025-02-14T09:32:46.946+0000] {logging_mixin.py:190} INFO - [2025-02-14T09:32:46.946+0000] {dag.py:3239} INFO - Sync 1 DAGs
[2025-02-14T09:32:46.971+0000] {logging_mixin.py:190} INFO - [2025-02-14T09:32:46.971+0000] {dag.py:4180} INFO - Setting next_dagrun for welcome_dag to 2025-02-14 09:31:00+00:00, run_after=2025-02-14 09:32:00+00:00
[2025-02-14T09:32:47.013+0000] {processor.py:208} INFO - Processing /opt/airflow/dags/new_dags.py took 0.136 seconds
[2025-02-14T09:33:19.898+0000] {processor.py:186} INFO - Started process (PID=432) to work on /opt/airflow/dags/new_dags.py
[2025-02-14T09:33:19.899+0000] {processor.py:914} INFO - Processing file /opt/airflow/dags/new_dags.py for tasks to queue
[2025-02-14T09:33:19.902+0000] {logging_mixin.py:190} INFO - [2025-02-14T09:33:19.901+0000] {dagbag.py:588} INFO - Filling up the DagBag from /opt/airflow/dags/new_dags.py
[2025-02-14T09:33:19.926+0000] {processor.py:925} INFO - DAG(s) 'welcome_dag' retrieved from /opt/airflow/dags/new_dags.py
[2025-02-14T09:33:19.957+0000] {logging_mixin.py:190} INFO - [2025-02-14T09:33:19.956+0000] {dag.py:3239} INFO - Sync 1 DAGs
[2025-02-14T09:33:19.986+0000] {logging_mixin.py:190} INFO - [2025-02-14T09:33:19.986+0000] {dag.py:4180} INFO - Setting next_dagrun for welcome_dag to 2025-02-14 09:32:00+00:00, run_after=2025-02-14 09:33:00+00:00
[2025-02-14T09:33:20.033+0000] {processor.py:208} INFO - Processing /opt/airflow/dags/new_dags.py took 0.141 seconds
[2025-02-14T09:33:52.886+0000] {processor.py:186} INFO - Started process (PID=433) to work on /opt/airflow/dags/new_dags.py
[2025-02-14T09:33:52.887+0000] {processor.py:914} INFO - Processing file /opt/airflow/dags/new_dags.py for tasks to queue
[2025-02-14T09:33:52.889+0000] {logging_mixin.py:190} INFO - [2025-02-14T09:33:52.888+0000] {dagbag.py:588} INFO - Filling up the DagBag from /opt/airflow/dags/new_dags.py
[2025-02-14T09:33:52.909+0000] {processor.py:925} INFO - DAG(s) 'welcome_dag' retrieved from /opt/airflow/dags/new_dags.py
[2025-02-14T09:33:52.934+0000] {logging_mixin.py:190} INFO - [2025-02-14T09:33:52.934+0000] {dag.py:3239} INFO - Sync 1 DAGs
[2025-02-14T09:33:52.959+0000] {logging_mixin.py:190} INFO - [2025-02-14T09:33:52.959+0000] {dag.py:4180} INFO - Setting next_dagrun for welcome_dag to 2025-02-14 09:32:00+00:00, run_after=2025-02-14 09:33:00+00:00
[2025-02-14T09:33:53.002+0000] {processor.py:208} INFO - Processing /opt/airflow/dags/new_dags.py took 0.121 seconds
[2025-02-14T09:34:25.840+0000] {processor.py:186} INFO - Started process (PID=434) to work on /opt/airflow/dags/new_dags.py
[2025-02-14T09:34:25.841+0000] {processor.py:914} INFO - Processing file /opt/airflow/dags/new_dags.py for tasks to queue
[2025-02-14T09:34:25.843+0000] {logging_mixin.py:190} INFO - [2025-02-14T09:34:25.842+0000] {dagbag.py:588} INFO - Filling up the DagBag from /opt/airflow/dags/new_dags.py
[2025-02-14T09:34:25.864+0000] {processor.py:925} INFO - DAG(s) 'welcome_dag' retrieved from /opt/airflow/dags/new_dags.py
[2025-02-14T09:34:25.890+0000] {logging_mixin.py:190} INFO - [2025-02-14T09:34:25.890+0000] {dag.py:3239} INFO - Sync 1 DAGs
[2025-02-14T09:34:25.916+0000] {logging_mixin.py:190} INFO - [2025-02-14T09:34:25.916+0000] {dag.py:4180} INFO - Setting next_dagrun for welcome_dag to 2025-02-14 09:33:00+00:00, run_after=2025-02-14 09:34:00+00:00
[2025-02-14T09:34:25.962+0000] {processor.py:208} INFO - Processing /opt/airflow/dags/new_dags.py took 0.127 seconds
[2025-02-14T09:34:57.798+0000] {processor.py:186} INFO - Started process (PID=435) to work on /opt/airflow/dags/new_dags.py
[2025-02-14T09:34:57.799+0000] {processor.py:914} INFO - Processing file /opt/airflow/dags/new_dags.py for tasks to queue
[2025-02-14T09:34:57.803+0000] {logging_mixin.py:190} INFO - [2025-02-14T09:34:57.802+0000] {dagbag.py:588} INFO - Filling up the DagBag from /opt/airflow/dags/new_dags.py
[2025-02-14T09:34:57.825+0000] {processor.py:925} INFO - DAG(s) 'welcome_dag' retrieved from /opt/airflow/dags/new_dags.py
[2025-02-14T09:34:57.849+0000] {logging_mixin.py:190} INFO - [2025-02-14T09:34:57.849+0000] {dag.py:3239} INFO - Sync 1 DAGs
[2025-02-14T09:34:57.874+0000] {logging_mixin.py:190} INFO - [2025-02-14T09:34:57.874+0000] {dag.py:4180} INFO - Setting next_dagrun for welcome_dag to 2025-02-14 09:33:00+00:00, run_after=2025-02-14 09:34:00+00:00
[2025-02-14T09:34:57.915+0000] {processor.py:208} INFO - Processing /opt/airflow/dags/new_dags.py took 0.129 seconds
[2025-02-14T09:35:31.023+0000] {processor.py:186} INFO - Started process (PID=436) to work on /opt/airflow/dags/new_dags.py
[2025-02-14T09:35:31.024+0000] {processor.py:914} INFO - Processing file /opt/airflow/dags/new_dags.py for tasks to queue
[2025-02-14T09:35:31.027+0000] {logging_mixin.py:190} INFO - [2025-02-14T09:35:31.026+0000] {dagbag.py:588} INFO - Filling up the DagBag from /opt/airflow/dags/new_dags.py
[2025-02-14T09:35:31.049+0000] {processor.py:925} INFO - DAG(s) 'welcome_dag' retrieved from /opt/airflow/dags/new_dags.py
[2025-02-14T09:35:31.075+0000] {logging_mixin.py:190} INFO - [2025-02-14T09:35:31.075+0000] {dag.py:3239} INFO - Sync 1 DAGs
[2025-02-14T09:35:31.106+0000] {logging_mixin.py:190} INFO - [2025-02-14T09:35:31.106+0000] {dag.py:4180} INFO - Setting next_dagrun for welcome_dag to 2025-02-14 09:34:00+00:00, run_after=2025-02-14 09:35:00+00:00
[2025-02-14T09:35:31.155+0000] {processor.py:208} INFO - Processing /opt/airflow/dags/new_dags.py took 0.136 seconds
[2025-02-14T09:36:03.256+0000] {processor.py:186} INFO - Started process (PID=437) to work on /opt/airflow/dags/new_dags.py
[2025-02-14T09:36:03.257+0000] {processor.py:914} INFO - Processing file /opt/airflow/dags/new_dags.py for tasks to queue
[2025-02-14T09:36:03.260+0000] {logging_mixin.py:190} INFO - [2025-02-14T09:36:03.259+0000] {dagbag.py:588} INFO - Filling up the DagBag from /opt/airflow/dags/new_dags.py
[2025-02-14T09:36:03.285+0000] {processor.py:925} INFO - DAG(s) 'welcome_dag' retrieved from /opt/airflow/dags/new_dags.py
[2025-02-14T09:36:03.319+0000] {logging_mixin.py:190} INFO - [2025-02-14T09:36:03.319+0000] {dag.py:3239} INFO - Sync 1 DAGs
[2025-02-14T09:36:03.353+0000] {logging_mixin.py:190} INFO - [2025-02-14T09:36:03.353+0000] {dag.py:4180} INFO - Setting next_dagrun for welcome_dag to 2025-02-14 09:35:00+00:00, run_after=2025-02-14 09:36:00+00:00
[2025-02-14T09:36:03.406+0000] {processor.py:208} INFO - Processing /opt/airflow/dags/new_dags.py took 0.158 seconds
[2025-02-14T09:36:34.096+0000] {processor.py:186} INFO - Started process (PID=438) to work on /opt/airflow/dags/new_dags.py
[2025-02-14T09:36:34.097+0000] {processor.py:914} INFO - Processing file /opt/airflow/dags/new_dags.py for tasks to queue
[2025-02-14T09:36:34.100+0000] {logging_mixin.py:190} INFO - [2025-02-14T09:36:34.099+0000] {dagbag.py:588} INFO - Filling up the DagBag from /opt/airflow/dags/new_dags.py
[2025-02-14T09:36:34.124+0000] {processor.py:925} INFO - DAG(s) 'welcome_dag' retrieved from /opt/airflow/dags/new_dags.py
[2025-02-14T09:36:34.150+0000] {logging_mixin.py:190} INFO - [2025-02-14T09:36:34.150+0000] {dag.py:3239} INFO - Sync 1 DAGs
[2025-02-14T09:36:34.179+0000] {logging_mixin.py:190} INFO - [2025-02-14T09:36:34.179+0000] {dag.py:4180} INFO - Setting next_dagrun for welcome_dag to 2025-02-14 09:35:00+00:00, run_after=2025-02-14 09:36:00+00:00
[2025-02-14T09:36:34.229+0000] {processor.py:208} INFO - Processing /opt/airflow/dags/new_dags.py took 0.138 seconds
[2025-02-14T09:37:07.354+0000] {processor.py:186} INFO - Started process (PID=439) to work on /opt/airflow/dags/new_dags.py
[2025-02-14T09:37:07.355+0000] {processor.py:914} INFO - Processing file /opt/airflow/dags/new_dags.py for tasks to queue
[2025-02-14T09:37:07.357+0000] {logging_mixin.py:190} INFO - [2025-02-14T09:37:07.357+0000] {dagbag.py:588} INFO - Filling up the DagBag from /opt/airflow/dags/new_dags.py
[2025-02-14T09:37:07.379+0000] {processor.py:925} INFO - DAG(s) 'welcome_dag' retrieved from /opt/airflow/dags/new_dags.py
[2025-02-14T09:37:07.409+0000] {logging_mixin.py:190} INFO - [2025-02-14T09:37:07.409+0000] {dag.py:3239} INFO - Sync 1 DAGs
[2025-02-14T09:37:07.457+0000] {logging_mixin.py:190} INFO - [2025-02-14T09:37:07.457+0000] {dag.py:4180} INFO - Setting next_dagrun for welcome_dag to 2025-02-14 09:36:00+00:00, run_after=2025-02-14 09:37:00+00:00
[2025-02-14T09:37:07.517+0000] {processor.py:208} INFO - Processing /opt/airflow/dags/new_dags.py took 0.168 seconds
[2025-02-14T09:37:39.826+0000] {processor.py:186} INFO - Started process (PID=440) to work on /opt/airflow/dags/new_dags.py
[2025-02-14T09:37:39.827+0000] {processor.py:914} INFO - Processing file /opt/airflow/dags/new_dags.py for tasks to queue
[2025-02-14T09:37:39.829+0000] {logging_mixin.py:190} INFO - [2025-02-14T09:37:39.829+0000] {dagbag.py:588} INFO - Filling up the DagBag from /opt/airflow/dags/new_dags.py
[2025-02-14T09:37:39.851+0000] {processor.py:925} INFO - DAG(s) 'welcome_dag' retrieved from /opt/airflow/dags/new_dags.py
[2025-02-14T09:37:39.874+0000] {logging_mixin.py:190} INFO - [2025-02-14T09:37:39.874+0000] {dag.py:3239} INFO - Sync 1 DAGs
[2025-02-14T09:37:39.898+0000] {logging_mixin.py:190} INFO - [2025-02-14T09:37:39.898+0000] {dag.py:4180} INFO - Setting next_dagrun for welcome_dag to 2025-02-14 09:36:00+00:00, run_after=2025-02-14 09:37:00+00:00
[2025-02-14T09:37:39.957+0000] {processor.py:208} INFO - Processing /opt/airflow/dags/new_dags.py took 0.137 seconds
[2025-02-14T09:38:13.168+0000] {processor.py:186} INFO - Started process (PID=441) to work on /opt/airflow/dags/new_dags.py
[2025-02-14T09:38:13.169+0000] {processor.py:914} INFO - Processing file /opt/airflow/dags/new_dags.py for tasks to queue
[2025-02-14T09:38:13.171+0000] {logging_mixin.py:190} INFO - [2025-02-14T09:38:13.171+0000] {dagbag.py:588} INFO - Filling up the DagBag from /opt/airflow/dags/new_dags.py
[2025-02-14T09:38:13.191+0000] {processor.py:925} INFO - DAG(s) 'welcome_dag' retrieved from /opt/airflow/dags/new_dags.py
[2025-02-14T09:38:13.221+0000] {logging_mixin.py:190} INFO - [2025-02-14T09:38:13.221+0000] {dag.py:3239} INFO - Sync 1 DAGs
[2025-02-14T09:38:13.246+0000] {logging_mixin.py:190} INFO - [2025-02-14T09:38:13.246+0000] {dag.py:4180} INFO - Setting next_dagrun for welcome_dag to 2025-02-14 09:37:00+00:00, run_after=2025-02-14 09:38:00+00:00
[2025-02-14T09:38:13.287+0000] {processor.py:208} INFO - Processing /opt/airflow/dags/new_dags.py took 0.124 seconds
[2025-02-14T09:38:45.371+0000] {processor.py:186} INFO - Started process (PID=442) to work on /opt/airflow/dags/new_dags.py
[2025-02-14T09:38:45.371+0000] {processor.py:914} INFO - Processing file /opt/airflow/dags/new_dags.py for tasks to queue
[2025-02-14T09:38:45.373+0000] {logging_mixin.py:190} INFO - [2025-02-14T09:38:45.373+0000] {dagbag.py:588} INFO - Filling up the DagBag from /opt/airflow/dags/new_dags.py
[2025-02-14T09:38:45.394+0000] {processor.py:925} INFO - DAG(s) 'welcome_dag' retrieved from /opt/airflow/dags/new_dags.py
[2025-02-14T09:38:45.420+0000] {logging_mixin.py:190} INFO - [2025-02-14T09:38:45.419+0000] {dag.py:3239} INFO - Sync 1 DAGs
[2025-02-14T09:38:45.450+0000] {logging_mixin.py:190} INFO - [2025-02-14T09:38:45.449+0000] {dag.py:4180} INFO - Setting next_dagrun for welcome_dag to 2025-02-14 09:37:00+00:00, run_after=2025-02-14 09:38:00+00:00
[2025-02-14T09:38:45.499+0000] {processor.py:208} INFO - Processing /opt/airflow/dags/new_dags.py took 0.133 seconds
[2025-02-14T09:39:18.695+0000] {processor.py:186} INFO - Started process (PID=443) to work on /opt/airflow/dags/new_dags.py
[2025-02-14T09:39:18.696+0000] {processor.py:914} INFO - Processing file /opt/airflow/dags/new_dags.py for tasks to queue
[2025-02-14T09:39:18.698+0000] {logging_mixin.py:190} INFO - [2025-02-14T09:39:18.697+0000] {dagbag.py:588} INFO - Filling up the DagBag from /opt/airflow/dags/new_dags.py
[2025-02-14T09:39:18.720+0000] {processor.py:925} INFO - DAG(s) 'welcome_dag' retrieved from /opt/airflow/dags/new_dags.py
[2025-02-14T09:39:18.748+0000] {logging_mixin.py:190} INFO - [2025-02-14T09:39:18.748+0000] {dag.py:3239} INFO - Sync 1 DAGs
[2025-02-14T09:39:18.778+0000] {logging_mixin.py:190} INFO - [2025-02-14T09:39:18.778+0000] {dag.py:4180} INFO - Setting next_dagrun for welcome_dag to 2025-02-14 09:38:00+00:00, run_after=2025-02-14 09:39:00+00:00
[2025-02-14T09:39:18.824+0000] {processor.py:208} INFO - Processing /opt/airflow/dags/new_dags.py took 0.134 seconds
[2025-02-14T09:39:50.913+0000] {processor.py:186} INFO - Started process (PID=444) to work on /opt/airflow/dags/new_dags.py
[2025-02-14T09:39:50.914+0000] {processor.py:914} INFO - Processing file /opt/airflow/dags/new_dags.py for tasks to queue
[2025-02-14T09:39:50.916+0000] {logging_mixin.py:190} INFO - [2025-02-14T09:39:50.915+0000] {dagbag.py:588} INFO - Filling up the DagBag from /opt/airflow/dags/new_dags.py
[2025-02-14T09:39:50.939+0000] {processor.py:925} INFO - DAG(s) 'welcome_dag' retrieved from /opt/airflow/dags/new_dags.py
[2025-02-14T09:39:50.966+0000] {logging_mixin.py:190} INFO - [2025-02-14T09:39:50.966+0000] {dag.py:3239} INFO - Sync 1 DAGs
[2025-02-14T09:39:50.997+0000] {logging_mixin.py:190} INFO - [2025-02-14T09:39:50.996+0000] {dag.py:4180} INFO - Setting next_dagrun for welcome_dag to 2025-02-14 09:38:00+00:00, run_after=2025-02-14 09:39:00+00:00
[2025-02-14T09:39:51.043+0000] {processor.py:208} INFO - Processing /opt/airflow/dags/new_dags.py took 0.136 seconds
[2025-02-14T09:40:24.174+0000] {processor.py:186} INFO - Started process (PID=445) to work on /opt/airflow/dags/new_dags.py
[2025-02-14T09:40:24.175+0000] {processor.py:914} INFO - Processing file /opt/airflow/dags/new_dags.py for tasks to queue
[2025-02-14T09:40:24.177+0000] {logging_mixin.py:190} INFO - [2025-02-14T09:40:24.177+0000] {dagbag.py:588} INFO - Filling up the DagBag from /opt/airflow/dags/new_dags.py
[2025-02-14T09:40:24.200+0000] {processor.py:925} INFO - DAG(s) 'welcome_dag' retrieved from /opt/airflow/dags/new_dags.py
[2025-02-14T09:40:24.228+0000] {logging_mixin.py:190} INFO - [2025-02-14T09:40:24.228+0000] {dag.py:3239} INFO - Sync 1 DAGs
[2025-02-14T09:40:24.264+0000] {logging_mixin.py:190} INFO - [2025-02-14T09:40:24.263+0000] {dag.py:4180} INFO - Setting next_dagrun for welcome_dag to 2025-02-14 09:39:00+00:00, run_after=2025-02-14 09:40:00+00:00
[2025-02-14T09:40:24.327+0000] {processor.py:208} INFO - Processing /opt/airflow/dags/new_dags.py took 0.158 seconds
[2025-02-14T09:40:56.379+0000] {processor.py:186} INFO - Started process (PID=446) to work on /opt/airflow/dags/new_dags.py
[2025-02-14T09:40:56.380+0000] {processor.py:914} INFO - Processing file /opt/airflow/dags/new_dags.py for tasks to queue
[2025-02-14T09:40:56.383+0000] {logging_mixin.py:190} INFO - [2025-02-14T09:40:56.382+0000] {dagbag.py:588} INFO - Filling up the DagBag from /opt/airflow/dags/new_dags.py
[2025-02-14T09:40:56.412+0000] {processor.py:925} INFO - DAG(s) 'welcome_dag' retrieved from /opt/airflow/dags/new_dags.py
[2025-02-14T09:40:56.443+0000] {logging_mixin.py:190} INFO - [2025-02-14T09:40:56.443+0000] {dag.py:3239} INFO - Sync 1 DAGs
[2025-02-14T09:40:56.473+0000] {logging_mixin.py:190} INFO - [2025-02-14T09:40:56.473+0000] {dag.py:4180} INFO - Setting next_dagrun for welcome_dag to 2025-02-14 09:39:00+00:00, run_after=2025-02-14 09:40:00+00:00
[2025-02-14T09:40:56.518+0000] {processor.py:208} INFO - Processing /opt/airflow/dags/new_dags.py took 0.145 seconds
[2025-02-14T09:41:29.240+0000] {processor.py:186} INFO - Started process (PID=447) to work on /opt/airflow/dags/new_dags.py
[2025-02-14T09:41:29.241+0000] {processor.py:914} INFO - Processing file /opt/airflow/dags/new_dags.py for tasks to queue
[2025-02-14T09:41:29.243+0000] {logging_mixin.py:190} INFO - [2025-02-14T09:41:29.243+0000] {dagbag.py:588} INFO - Filling up the DagBag from /opt/airflow/dags/new_dags.py
[2025-02-14T09:41:29.263+0000] {processor.py:925} INFO - DAG(s) 'welcome_dag' retrieved from /opt/airflow/dags/new_dags.py
[2025-02-14T09:41:29.286+0000] {logging_mixin.py:190} INFO - [2025-02-14T09:41:29.286+0000] {dag.py:3239} INFO - Sync 1 DAGs
[2025-02-14T09:41:29.310+0000] {logging_mixin.py:190} INFO - [2025-02-14T09:41:29.310+0000] {dag.py:4180} INFO - Setting next_dagrun for welcome_dag to 2025-02-14 09:40:00+00:00, run_after=2025-02-14 09:41:00+00:00
[2025-02-14T09:41:29.349+0000] {processor.py:208} INFO - Processing /opt/airflow/dags/new_dags.py took 0.114 seconds
[2025-02-14T09:42:01.449+0000] {processor.py:186} INFO - Started process (PID=448) to work on /opt/airflow/dags/new_dags.py
[2025-02-14T09:42:01.450+0000] {processor.py:914} INFO - Processing file /opt/airflow/dags/new_dags.py for tasks to queue
[2025-02-14T09:42:01.453+0000] {logging_mixin.py:190} INFO - [2025-02-14T09:42:01.452+0000] {dagbag.py:588} INFO - Filling up the DagBag from /opt/airflow/dags/new_dags.py
[2025-02-14T09:42:01.475+0000] {processor.py:925} INFO - DAG(s) 'welcome_dag' retrieved from /opt/airflow/dags/new_dags.py
[2025-02-14T09:42:01.504+0000] {logging_mixin.py:190} INFO - [2025-02-14T09:42:01.504+0000] {dag.py:3239} INFO - Sync 1 DAGs
[2025-02-14T09:42:01.532+0000] {logging_mixin.py:190} INFO - [2025-02-14T09:42:01.532+0000] {dag.py:4180} INFO - Setting next_dagrun for welcome_dag to 2025-02-14 09:41:00+00:00, run_after=2025-02-14 09:42:00+00:00
[2025-02-14T09:42:01.579+0000] {processor.py:208} INFO - Processing /opt/airflow/dags/new_dags.py took 0.138 seconds
[2025-02-14T09:42:34.821+0000] {processor.py:186} INFO - Started process (PID=449) to work on /opt/airflow/dags/new_dags.py
[2025-02-14T09:42:34.821+0000] {processor.py:914} INFO - Processing file /opt/airflow/dags/new_dags.py for tasks to queue
[2025-02-14T09:42:34.823+0000] {logging_mixin.py:190} INFO - [2025-02-14T09:42:34.823+0000] {dagbag.py:588} INFO - Filling up the DagBag from /opt/airflow/dags/new_dags.py
[2025-02-14T09:42:34.844+0000] {processor.py:925} INFO - DAG(s) 'welcome_dag' retrieved from /opt/airflow/dags/new_dags.py
[2025-02-14T09:42:34.876+0000] {logging_mixin.py:190} INFO - [2025-02-14T09:42:34.876+0000] {dag.py:3239} INFO - Sync 1 DAGs
[2025-02-14T09:42:34.903+0000] {logging_mixin.py:190} INFO - [2025-02-14T09:42:34.903+0000] {dag.py:4180} INFO - Setting next_dagrun for welcome_dag to 2025-02-14 09:41:00+00:00, run_after=2025-02-14 09:42:00+00:00
[2025-02-14T09:42:34.947+0000] {processor.py:208} INFO - Processing /opt/airflow/dags/new_dags.py took 0.131 seconds
[2025-02-14T09:43:07.040+0000] {processor.py:186} INFO - Started process (PID=450) to work on /opt/airflow/dags/new_dags.py
[2025-02-14T09:43:07.041+0000] {processor.py:914} INFO - Processing file /opt/airflow/dags/new_dags.py for tasks to queue
[2025-02-14T09:43:07.043+0000] {logging_mixin.py:190} INFO - [2025-02-14T09:43:07.043+0000] {dagbag.py:588} INFO - Filling up the DagBag from /opt/airflow/dags/new_dags.py
[2025-02-14T09:43:07.065+0000] {processor.py:925} INFO - DAG(s) 'welcome_dag' retrieved from /opt/airflow/dags/new_dags.py
[2025-02-14T09:43:07.094+0000] {logging_mixin.py:190} INFO - [2025-02-14T09:43:07.094+0000] {dag.py:3239} INFO - Sync 1 DAGs
[2025-02-14T09:43:07.124+0000] {logging_mixin.py:190} INFO - [2025-02-14T09:43:07.124+0000] {dag.py:4180} INFO - Setting next_dagrun for welcome_dag to 2025-02-14 09:42:00+00:00, run_after=2025-02-14 09:43:00+00:00
[2025-02-14T09:43:07.173+0000] {processor.py:208} INFO - Processing /opt/airflow/dags/new_dags.py took 0.137 seconds
[2025-02-14T09:43:40.365+0000] {processor.py:186} INFO - Started process (PID=451) to work on /opt/airflow/dags/new_dags.py
[2025-02-14T09:43:40.366+0000] {processor.py:914} INFO - Processing file /opt/airflow/dags/new_dags.py for tasks to queue
[2025-02-14T09:43:40.368+0000] {logging_mixin.py:190} INFO - [2025-02-14T09:43:40.367+0000] {dagbag.py:588} INFO - Filling up the DagBag from /opt/airflow/dags/new_dags.py
[2025-02-14T09:43:40.390+0000] {processor.py:925} INFO - DAG(s) 'welcome_dag' retrieved from /opt/airflow/dags/new_dags.py
[2025-02-14T09:43:40.423+0000] {logging_mixin.py:190} INFO - [2025-02-14T09:43:40.422+0000] {dag.py:3239} INFO - Sync 1 DAGs
[2025-02-14T09:43:40.474+0000] {logging_mixin.py:190} INFO - [2025-02-14T09:43:40.474+0000] {dag.py:4180} INFO - Setting next_dagrun for welcome_dag to 2025-02-14 09:42:00+00:00, run_after=2025-02-14 09:43:00+00:00
[2025-02-14T09:43:40.535+0000] {processor.py:208} INFO - Processing /opt/airflow/dags/new_dags.py took 0.175 seconds
[2025-02-14T09:44:12.594+0000] {processor.py:186} INFO - Started process (PID=452) to work on /opt/airflow/dags/new_dags.py
[2025-02-14T09:44:12.595+0000] {processor.py:914} INFO - Processing file /opt/airflow/dags/new_dags.py for tasks to queue
[2025-02-14T09:44:12.597+0000] {logging_mixin.py:190} INFO - [2025-02-14T09:44:12.597+0000] {dagbag.py:588} INFO - Filling up the DagBag from /opt/airflow/dags/new_dags.py
[2025-02-14T09:44:12.623+0000] {processor.py:925} INFO - DAG(s) 'welcome_dag' retrieved from /opt/airflow/dags/new_dags.py
[2025-02-14T09:44:12.660+0000] {logging_mixin.py:190} INFO - [2025-02-14T09:44:12.660+0000] {dag.py:3239} INFO - Sync 1 DAGs
[2025-02-14T09:44:12.689+0000] {logging_mixin.py:190} INFO - [2025-02-14T09:44:12.689+0000] {dag.py:4180} INFO - Setting next_dagrun for welcome_dag to 2025-02-14 09:43:00+00:00, run_after=2025-02-14 09:44:00+00:00
[2025-02-14T09:44:12.733+0000] {processor.py:208} INFO - Processing /opt/airflow/dags/new_dags.py took 0.144 seconds
[2025-02-14T09:44:45.794+0000] {processor.py:186} INFO - Started process (PID=453) to work on /opt/airflow/dags/new_dags.py
[2025-02-14T09:44:45.795+0000] {processor.py:914} INFO - Processing file /opt/airflow/dags/new_dags.py for tasks to queue
[2025-02-14T09:44:45.798+0000] {logging_mixin.py:190} INFO - [2025-02-14T09:44:45.798+0000] {dagbag.py:588} INFO - Filling up the DagBag from /opt/airflow/dags/new_dags.py
[2025-02-14T09:44:45.827+0000] {processor.py:925} INFO - DAG(s) 'welcome_dag' retrieved from /opt/airflow/dags/new_dags.py
[2025-02-14T09:44:45.862+0000] {logging_mixin.py:190} INFO - [2025-02-14T09:44:45.861+0000] {dag.py:3239} INFO - Sync 1 DAGs
[2025-02-14T09:44:45.895+0000] {logging_mixin.py:190} INFO - [2025-02-14T09:44:45.895+0000] {dag.py:4180} INFO - Setting next_dagrun for welcome_dag to 2025-02-14 09:43:00+00:00, run_after=2025-02-14 09:44:00+00:00
[2025-02-14T09:44:45.945+0000] {processor.py:208} INFO - Processing /opt/airflow/dags/new_dags.py took 0.156 seconds
[2025-02-14T09:45:17.956+0000] {processor.py:186} INFO - Started process (PID=454) to work on /opt/airflow/dags/new_dags.py
[2025-02-14T09:45:17.957+0000] {processor.py:914} INFO - Processing file /opt/airflow/dags/new_dags.py for tasks to queue
[2025-02-14T09:45:17.959+0000] {logging_mixin.py:190} INFO - [2025-02-14T09:45:17.959+0000] {dagbag.py:588} INFO - Filling up the DagBag from /opt/airflow/dags/new_dags.py
[2025-02-14T09:45:17.979+0000] {processor.py:925} INFO - DAG(s) 'welcome_dag' retrieved from /opt/airflow/dags/new_dags.py
[2025-02-14T09:45:18.004+0000] {logging_mixin.py:190} INFO - [2025-02-14T09:45:18.003+0000] {dag.py:3239} INFO - Sync 1 DAGs
[2025-02-14T09:45:18.028+0000] {logging_mixin.py:190} INFO - [2025-02-14T09:45:18.028+0000] {dag.py:4180} INFO - Setting next_dagrun for welcome_dag to 2025-02-14 09:44:00+00:00, run_after=2025-02-14 09:45:00+00:00
[2025-02-14T09:45:18.072+0000] {processor.py:208} INFO - Processing /opt/airflow/dags/new_dags.py took 0.120 seconds
[2025-02-14T09:45:50.822+0000] {processor.py:186} INFO - Started process (PID=455) to work on /opt/airflow/dags/new_dags.py
[2025-02-14T09:45:50.823+0000] {processor.py:914} INFO - Processing file /opt/airflow/dags/new_dags.py for tasks to queue
[2025-02-14T09:45:50.825+0000] {logging_mixin.py:190} INFO - [2025-02-14T09:45:50.825+0000] {dagbag.py:588} INFO - Filling up the DagBag from /opt/airflow/dags/new_dags.py
[2025-02-14T09:45:50.851+0000] {processor.py:925} INFO - DAG(s) 'welcome_dag' retrieved from /opt/airflow/dags/new_dags.py
[2025-02-14T09:45:50.885+0000] {logging_mixin.py:190} INFO - [2025-02-14T09:45:50.884+0000] {dag.py:3239} INFO - Sync 1 DAGs
[2025-02-14T09:45:50.917+0000] {logging_mixin.py:190} INFO - [2025-02-14T09:45:50.917+0000] {dag.py:4180} INFO - Setting next_dagrun for welcome_dag to 2025-02-14 09:44:00+00:00, run_after=2025-02-14 09:45:00+00:00
[2025-02-14T09:45:50.965+0000] {processor.py:208} INFO - Processing /opt/airflow/dags/new_dags.py took 0.149 seconds
[2025-02-14T09:46:23.967+0000] {processor.py:186} INFO - Started process (PID=456) to work on /opt/airflow/dags/new_dags.py
[2025-02-14T09:46:23.969+0000] {processor.py:914} INFO - Processing file /opt/airflow/dags/new_dags.py for tasks to queue
[2025-02-14T09:46:23.971+0000] {logging_mixin.py:190} INFO - [2025-02-14T09:46:23.971+0000] {dagbag.py:588} INFO - Filling up the DagBag from /opt/airflow/dags/new_dags.py
[2025-02-14T09:46:24.004+0000] {processor.py:925} INFO - DAG(s) 'welcome_dag' retrieved from /opt/airflow/dags/new_dags.py
[2025-02-14T09:46:24.038+0000] {logging_mixin.py:190} INFO - [2025-02-14T09:46:24.038+0000] {dag.py:3239} INFO - Sync 1 DAGs
[2025-02-14T09:46:24.070+0000] {logging_mixin.py:190} INFO - [2025-02-14T09:46:24.070+0000] {dag.py:4180} INFO - Setting next_dagrun for welcome_dag to 2025-02-14 09:45:00+00:00, run_after=2025-02-14 09:46:00+00:00
[2025-02-14T09:46:24.120+0000] {processor.py:208} INFO - Processing /opt/airflow/dags/new_dags.py took 0.159 seconds
[2025-02-14T09:46:56.160+0000] {processor.py:186} INFO - Started process (PID=457) to work on /opt/airflow/dags/new_dags.py
[2025-02-14T09:46:56.161+0000] {processor.py:914} INFO - Processing file /opt/airflow/dags/new_dags.py for tasks to queue
[2025-02-14T09:46:56.164+0000] {logging_mixin.py:190} INFO - [2025-02-14T09:46:56.164+0000] {dagbag.py:588} INFO - Filling up the DagBag from /opt/airflow/dags/new_dags.py
[2025-02-14T09:46:56.187+0000] {processor.py:925} INFO - DAG(s) 'welcome_dag' retrieved from /opt/airflow/dags/new_dags.py
[2025-02-14T09:46:56.210+0000] {logging_mixin.py:190} INFO - [2025-02-14T09:46:56.210+0000] {dag.py:3239} INFO - Sync 1 DAGs
[2025-02-14T09:46:56.236+0000] {logging_mixin.py:190} INFO - [2025-02-14T09:46:56.236+0000] {dag.py:4180} INFO - Setting next_dagrun for welcome_dag to 2025-02-14 09:45:00+00:00, run_after=2025-02-14 09:46:00+00:00
[2025-02-14T09:46:56.287+0000] {processor.py:208} INFO - Processing /opt/airflow/dags/new_dags.py took 0.136 seconds
[2025-02-14T09:47:29.433+0000] {processor.py:186} INFO - Started process (PID=458) to work on /opt/airflow/dags/new_dags.py
[2025-02-14T09:47:29.434+0000] {processor.py:914} INFO - Processing file /opt/airflow/dags/new_dags.py for tasks to queue
[2025-02-14T09:47:29.437+0000] {logging_mixin.py:190} INFO - [2025-02-14T09:47:29.436+0000] {dagbag.py:588} INFO - Filling up the DagBag from /opt/airflow/dags/new_dags.py
[2025-02-14T09:47:29.457+0000] {processor.py:925} INFO - DAG(s) 'welcome_dag' retrieved from /opt/airflow/dags/new_dags.py
[2025-02-14T09:47:29.489+0000] {logging_mixin.py:190} INFO - [2025-02-14T09:47:29.489+0000] {dag.py:3239} INFO - Sync 1 DAGs
[2025-02-14T09:47:29.519+0000] {logging_mixin.py:190} INFO - [2025-02-14T09:47:29.519+0000] {dag.py:4180} INFO - Setting next_dagrun for welcome_dag to 2025-02-14 09:46:00+00:00, run_after=2025-02-14 09:47:00+00:00
[2025-02-14T09:47:29.564+0000] {processor.py:208} INFO - Processing /opt/airflow/dags/new_dags.py took 0.135 seconds
[2025-02-14T09:48:01.708+0000] {processor.py:186} INFO - Started process (PID=459) to work on /opt/airflow/dags/new_dags.py
[2025-02-14T09:48:01.709+0000] {processor.py:914} INFO - Processing file /opt/airflow/dags/new_dags.py for tasks to queue
[2025-02-14T09:48:01.711+0000] {logging_mixin.py:190} INFO - [2025-02-14T09:48:01.711+0000] {dagbag.py:588} INFO - Filling up the DagBag from /opt/airflow/dags/new_dags.py
[2025-02-14T09:48:01.732+0000] {processor.py:925} INFO - DAG(s) 'welcome_dag' retrieved from /opt/airflow/dags/new_dags.py
[2025-02-14T09:48:01.755+0000] {logging_mixin.py:190} INFO - [2025-02-14T09:48:01.754+0000] {dag.py:3239} INFO - Sync 1 DAGs
[2025-02-14T09:48:01.784+0000] {logging_mixin.py:190} INFO - [2025-02-14T09:48:01.784+0000] {dag.py:4180} INFO - Setting next_dagrun for welcome_dag to 2025-02-14 09:47:00+00:00, run_after=2025-02-14 09:48:00+00:00
[2025-02-14T09:48:01.864+0000] {processor.py:208} INFO - Processing /opt/airflow/dags/new_dags.py took 0.161 seconds
[2025-02-14T09:48:35.049+0000] {processor.py:186} INFO - Started process (PID=460) to work on /opt/airflow/dags/new_dags.py
[2025-02-14T09:48:35.050+0000] {processor.py:914} INFO - Processing file /opt/airflow/dags/new_dags.py for tasks to queue
[2025-02-14T09:48:35.054+0000] {logging_mixin.py:190} INFO - [2025-02-14T09:48:35.054+0000] {dagbag.py:588} INFO - Filling up the DagBag from /opt/airflow/dags/new_dags.py
[2025-02-14T09:48:35.078+0000] {processor.py:925} INFO - DAG(s) 'welcome_dag' retrieved from /opt/airflow/dags/new_dags.py
[2025-02-14T09:48:35.102+0000] {logging_mixin.py:190} INFO - [2025-02-14T09:48:35.102+0000] {dag.py:3239} INFO - Sync 1 DAGs
[2025-02-14T09:48:35.132+0000] {logging_mixin.py:190} INFO - [2025-02-14T09:48:35.131+0000] {dag.py:4180} INFO - Setting next_dagrun for welcome_dag to 2025-02-14 09:47:00+00:00, run_after=2025-02-14 09:48:00+00:00
[2025-02-14T09:48:35.194+0000] {processor.py:208} INFO - Processing /opt/airflow/dags/new_dags.py took 0.158 seconds
[2025-02-14T09:49:07.273+0000] {processor.py:186} INFO - Started process (PID=461) to work on /opt/airflow/dags/new_dags.py
[2025-02-14T09:49:07.274+0000] {processor.py:914} INFO - Processing file /opt/airflow/dags/new_dags.py for tasks to queue
[2025-02-14T09:49:07.276+0000] {logging_mixin.py:190} INFO - [2025-02-14T09:49:07.276+0000] {dagbag.py:588} INFO - Filling up the DagBag from /opt/airflow/dags/new_dags.py
[2025-02-14T09:49:07.303+0000] {processor.py:925} INFO - DAG(s) 'welcome_dag' retrieved from /opt/airflow/dags/new_dags.py
[2025-02-14T09:49:07.334+0000] {logging_mixin.py:190} INFO - [2025-02-14T09:49:07.334+0000] {dag.py:3239} INFO - Sync 1 DAGs
[2025-02-14T09:49:07.364+0000] {logging_mixin.py:190} INFO - [2025-02-14T09:49:07.364+0000] {dag.py:4180} INFO - Setting next_dagrun for welcome_dag to 2025-02-14 09:48:00+00:00, run_after=2025-02-14 09:49:00+00:00
[2025-02-14T09:49:07.408+0000] {processor.py:208} INFO - Processing /opt/airflow/dags/new_dags.py took 0.140 seconds
[2025-02-14T09:49:40.547+0000] {processor.py:186} INFO - Started process (PID=462) to work on /opt/airflow/dags/new_dags.py
[2025-02-14T09:49:40.548+0000] {processor.py:914} INFO - Processing file /opt/airflow/dags/new_dags.py for tasks to queue
[2025-02-14T09:49:40.551+0000] {logging_mixin.py:190} INFO - [2025-02-14T09:49:40.550+0000] {dagbag.py:588} INFO - Filling up the DagBag from /opt/airflow/dags/new_dags.py
[2025-02-14T09:49:40.572+0000] {processor.py:925} INFO - DAG(s) 'welcome_dag' retrieved from /opt/airflow/dags/new_dags.py
[2025-02-14T09:49:40.597+0000] {logging_mixin.py:190} INFO - [2025-02-14T09:49:40.597+0000] {dag.py:3239} INFO - Sync 1 DAGs
[2025-02-14T09:49:40.627+0000] {logging_mixin.py:190} INFO - [2025-02-14T09:49:40.627+0000] {dag.py:4180} INFO - Setting next_dagrun for welcome_dag to 2025-02-14 09:48:00+00:00, run_after=2025-02-14 09:49:00+00:00
[2025-02-14T09:49:40.679+0000] {processor.py:208} INFO - Processing /opt/airflow/dags/new_dags.py took 0.141 seconds
[2025-02-14T09:50:12.746+0000] {processor.py:186} INFO - Started process (PID=463) to work on /opt/airflow/dags/new_dags.py
[2025-02-14T09:50:12.748+0000] {processor.py:914} INFO - Processing file /opt/airflow/dags/new_dags.py for tasks to queue
[2025-02-14T09:50:12.751+0000] {logging_mixin.py:190} INFO - [2025-02-14T09:50:12.750+0000] {dagbag.py:588} INFO - Filling up the DagBag from /opt/airflow/dags/new_dags.py
[2025-02-14T09:50:12.785+0000] {processor.py:925} INFO - DAG(s) 'welcome_dag' retrieved from /opt/airflow/dags/new_dags.py
[2025-02-14T09:50:12.819+0000] {logging_mixin.py:190} INFO - [2025-02-14T09:50:12.819+0000] {dag.py:3239} INFO - Sync 1 DAGs
[2025-02-14T09:50:12.857+0000] {logging_mixin.py:190} INFO - [2025-02-14T09:50:12.857+0000] {dag.py:4180} INFO - Setting next_dagrun for welcome_dag to 2025-02-14 09:49:00+00:00, run_after=2025-02-14 09:50:00+00:00
[2025-02-14T09:50:12.908+0000] {processor.py:208} INFO - Processing /opt/airflow/dags/new_dags.py took 0.177 seconds
[2025-02-14T09:50:45.701+0000] {processor.py:186} INFO - Started process (PID=464) to work on /opt/airflow/dags/new_dags.py
[2025-02-14T09:50:45.702+0000] {processor.py:914} INFO - Processing file /opt/airflow/dags/new_dags.py for tasks to queue
[2025-02-14T09:50:45.704+0000] {logging_mixin.py:190} INFO - [2025-02-14T09:50:45.704+0000] {dagbag.py:588} INFO - Filling up the DagBag from /opt/airflow/dags/new_dags.py
[2025-02-14T09:50:45.727+0000] {processor.py:925} INFO - DAG(s) 'welcome_dag' retrieved from /opt/airflow/dags/new_dags.py
[2025-02-14T09:50:45.756+0000] {logging_mixin.py:190} INFO - [2025-02-14T09:50:45.756+0000] {dag.py:3239} INFO - Sync 1 DAGs
[2025-02-14T09:50:45.789+0000] {logging_mixin.py:190} INFO - [2025-02-14T09:50:45.789+0000] {dag.py:4180} INFO - Setting next_dagrun for welcome_dag to 2025-02-14 09:49:00+00:00, run_after=2025-02-14 09:50:00+00:00
[2025-02-14T09:50:45.836+0000] {processor.py:208} INFO - Processing /opt/airflow/dags/new_dags.py took 0.145 seconds
[2025-02-14T09:51:19.098+0000] {processor.py:186} INFO - Started process (PID=465) to work on /opt/airflow/dags/new_dags.py
[2025-02-14T09:51:19.100+0000] {processor.py:914} INFO - Processing file /opt/airflow/dags/new_dags.py for tasks to queue
[2025-02-14T09:51:19.107+0000] {logging_mixin.py:190} INFO - [2025-02-14T09:51:19.106+0000] {dagbag.py:588} INFO - Filling up the DagBag from /opt/airflow/dags/new_dags.py
[2025-02-14T09:51:19.160+0000] {processor.py:925} INFO - DAG(s) 'welcome_dag' retrieved from /opt/airflow/dags/new_dags.py
[2025-02-14T09:51:19.210+0000] {logging_mixin.py:190} INFO - [2025-02-14T09:51:19.209+0000] {dag.py:3239} INFO - Sync 1 DAGs
[2025-02-14T09:51:19.267+0000] {logging_mixin.py:190} INFO - [2025-02-14T09:51:19.267+0000] {dag.py:4180} INFO - Setting next_dagrun for welcome_dag to 2025-02-14 09:50:00+00:00, run_after=2025-02-14 09:51:00+00:00
[2025-02-14T09:51:19.329+0000] {processor.py:208} INFO - Processing /opt/airflow/dags/new_dags.py took 0.249 seconds
[2025-02-14T09:51:50.849+0000] {processor.py:186} INFO - Started process (PID=466) to work on /opt/airflow/dags/new_dags.py
[2025-02-14T09:51:50.850+0000] {processor.py:914} INFO - Processing file /opt/airflow/dags/new_dags.py for tasks to queue
[2025-02-14T09:51:50.854+0000] {logging_mixin.py:190} INFO - [2025-02-14T09:51:50.854+0000] {dagbag.py:588} INFO - Filling up the DagBag from /opt/airflow/dags/new_dags.py
[2025-02-14T09:51:50.888+0000] {processor.py:925} INFO - DAG(s) 'welcome_dag' retrieved from /opt/airflow/dags/new_dags.py
[2025-02-14T09:51:50.930+0000] {logging_mixin.py:190} INFO - [2025-02-14T09:51:50.929+0000] {dag.py:3239} INFO - Sync 1 DAGs
[2025-02-14T09:51:50.960+0000] {logging_mixin.py:190} INFO - [2025-02-14T09:51:50.960+0000] {dag.py:4180} INFO - Setting next_dagrun for welcome_dag to 2025-02-14 09:50:00+00:00, run_after=2025-02-14 09:51:00+00:00
[2025-02-14T09:51:51.005+0000] {processor.py:208} INFO - Processing /opt/airflow/dags/new_dags.py took 0.162 seconds
[2025-02-14T09:52:23.914+0000] {processor.py:186} INFO - Started process (PID=467) to work on /opt/airflow/dags/new_dags.py
[2025-02-14T09:52:23.916+0000] {processor.py:914} INFO - Processing file /opt/airflow/dags/new_dags.py for tasks to queue
[2025-02-14T09:52:23.918+0000] {logging_mixin.py:190} INFO - [2025-02-14T09:52:23.918+0000] {dagbag.py:588} INFO - Filling up the DagBag from /opt/airflow/dags/new_dags.py
[2025-02-14T09:52:23.948+0000] {processor.py:925} INFO - DAG(s) 'welcome_dag' retrieved from /opt/airflow/dags/new_dags.py
[2025-02-14T09:52:23.991+0000] {logging_mixin.py:190} INFO - [2025-02-14T09:52:23.990+0000] {dag.py:3239} INFO - Sync 1 DAGs
[2025-02-14T09:52:24.027+0000] {logging_mixin.py:190} INFO - [2025-02-14T09:52:24.027+0000] {dag.py:4180} INFO - Setting next_dagrun for welcome_dag to 2025-02-14 09:51:00+00:00, run_after=2025-02-14 09:52:00+00:00
[2025-02-14T09:52:24.081+0000] {processor.py:208} INFO - Processing /opt/airflow/dags/new_dags.py took 0.174 seconds
[2025-02-14T09:52:56.072+0000] {processor.py:186} INFO - Started process (PID=468) to work on /opt/airflow/dags/new_dags.py
[2025-02-14T09:52:56.073+0000] {processor.py:914} INFO - Processing file /opt/airflow/dags/new_dags.py for tasks to queue
[2025-02-14T09:52:56.076+0000] {logging_mixin.py:190} INFO - [2025-02-14T09:52:56.076+0000] {dagbag.py:588} INFO - Filling up the DagBag from /opt/airflow/dags/new_dags.py
[2025-02-14T09:52:56.102+0000] {processor.py:925} INFO - DAG(s) 'welcome_dag' retrieved from /opt/airflow/dags/new_dags.py
[2025-02-14T09:52:56.138+0000] {logging_mixin.py:190} INFO - [2025-02-14T09:52:56.138+0000] {dag.py:3239} INFO - Sync 1 DAGs
[2025-02-14T09:52:56.178+0000] {logging_mixin.py:190} INFO - [2025-02-14T09:52:56.178+0000] {dag.py:4180} INFO - Setting next_dagrun for welcome_dag to 2025-02-14 09:51:00+00:00, run_after=2025-02-14 09:52:00+00:00
[2025-02-14T09:52:56.244+0000] {processor.py:208} INFO - Processing /opt/airflow/dags/new_dags.py took 0.177 seconds
[2025-02-14T09:53:29.345+0000] {processor.py:186} INFO - Started process (PID=469) to work on /opt/airflow/dags/new_dags.py
[2025-02-14T09:53:29.347+0000] {processor.py:914} INFO - Processing file /opt/airflow/dags/new_dags.py for tasks to queue
[2025-02-14T09:53:29.350+0000] {logging_mixin.py:190} INFO - [2025-02-14T09:53:29.349+0000] {dagbag.py:588} INFO - Filling up the DagBag from /opt/airflow/dags/new_dags.py
[2025-02-14T09:53:29.373+0000] {processor.py:925} INFO - DAG(s) 'welcome_dag' retrieved from /opt/airflow/dags/new_dags.py
[2025-02-14T09:53:29.399+0000] {logging_mixin.py:190} INFO - [2025-02-14T09:53:29.399+0000] {dag.py:3239} INFO - Sync 1 DAGs
[2025-02-14T09:53:29.430+0000] {logging_mixin.py:190} INFO - [2025-02-14T09:53:29.429+0000] {dag.py:4180} INFO - Setting next_dagrun for welcome_dag to 2025-02-14 09:52:00+00:00, run_after=2025-02-14 09:53:00+00:00
[2025-02-14T09:53:29.476+0000] {processor.py:208} INFO - Processing /opt/airflow/dags/new_dags.py took 0.140 seconds
[2025-02-14T09:54:01.537+0000] {processor.py:186} INFO - Started process (PID=470) to work on /opt/airflow/dags/new_dags.py
[2025-02-14T09:54:01.538+0000] {processor.py:914} INFO - Processing file /opt/airflow/dags/new_dags.py for tasks to queue
[2025-02-14T09:54:01.540+0000] {logging_mixin.py:190} INFO - [2025-02-14T09:54:01.540+0000] {dagbag.py:588} INFO - Filling up the DagBag from /opt/airflow/dags/new_dags.py
[2025-02-14T09:54:01.570+0000] {processor.py:925} INFO - DAG(s) 'welcome_dag' retrieved from /opt/airflow/dags/new_dags.py
[2025-02-14T09:54:01.602+0000] {logging_mixin.py:190} INFO - [2025-02-14T09:54:01.602+0000] {dag.py:3239} INFO - Sync 1 DAGs
[2025-02-14T09:54:01.635+0000] {logging_mixin.py:190} INFO - [2025-02-14T09:54:01.635+0000] {dag.py:4180} INFO - Setting next_dagrun for welcome_dag to 2025-02-14 09:53:00+00:00, run_after=2025-02-14 09:54:00+00:00
[2025-02-14T09:54:01.687+0000] {processor.py:208} INFO - Processing /opt/airflow/dags/new_dags.py took 0.157 seconds
[2025-02-14T09:54:34.856+0000] {processor.py:186} INFO - Started process (PID=471) to work on /opt/airflow/dags/new_dags.py
[2025-02-14T09:54:34.861+0000] {processor.py:914} INFO - Processing file /opt/airflow/dags/new_dags.py for tasks to queue
[2025-02-14T09:54:34.866+0000] {logging_mixin.py:190} INFO - [2025-02-14T09:54:34.865+0000] {dagbag.py:588} INFO - Filling up the DagBag from /opt/airflow/dags/new_dags.py
[2025-02-14T09:54:34.904+0000] {processor.py:925} INFO - DAG(s) 'welcome_dag' retrieved from /opt/airflow/dags/new_dags.py
[2025-02-14T09:54:34.952+0000] {logging_mixin.py:190} INFO - [2025-02-14T09:54:34.952+0000] {dag.py:3239} INFO - Sync 1 DAGs
[2025-02-14T09:54:34.993+0000] {logging_mixin.py:190} INFO - [2025-02-14T09:54:34.992+0000] {dag.py:4180} INFO - Setting next_dagrun for welcome_dag to 2025-02-14 09:53:00+00:00, run_after=2025-02-14 09:54:00+00:00
[2025-02-14T09:54:35.270+0000] {processor.py:208} INFO - Processing /opt/airflow/dags/new_dags.py took 0.448 seconds
[2025-02-14T09:55:07.846+0000] {processor.py:186} INFO - Started process (PID=472) to work on /opt/airflow/dags/new_dags.py
[2025-02-14T09:55:07.847+0000] {processor.py:914} INFO - Processing file /opt/airflow/dags/new_dags.py for tasks to queue
[2025-02-14T09:55:07.850+0000] {logging_mixin.py:190} INFO - [2025-02-14T09:55:07.849+0000] {dagbag.py:588} INFO - Filling up the DagBag from /opt/airflow/dags/new_dags.py
[2025-02-14T09:55:07.882+0000] {processor.py:925} INFO - DAG(s) 'welcome_dag' retrieved from /opt/airflow/dags/new_dags.py
[2025-02-14T09:55:07.920+0000] {logging_mixin.py:190} INFO - [2025-02-14T09:55:07.919+0000] {dag.py:3239} INFO - Sync 1 DAGs
[2025-02-14T09:55:07.947+0000] {logging_mixin.py:190} INFO - [2025-02-14T09:55:07.946+0000] {dag.py:4180} INFO - Setting next_dagrun for welcome_dag to 2025-02-14 09:54:00+00:00, run_after=2025-02-14 09:55:00+00:00
[2025-02-14T09:55:07.990+0000] {processor.py:208} INFO - Processing /opt/airflow/dags/new_dags.py took 0.150 seconds
[2025-02-14T09:55:39.803+0000] {processor.py:186} INFO - Started process (PID=473) to work on /opt/airflow/dags/new_dags.py
[2025-02-14T09:55:39.804+0000] {processor.py:914} INFO - Processing file /opt/airflow/dags/new_dags.py for tasks to queue
[2025-02-14T09:55:39.808+0000] {logging_mixin.py:190} INFO - [2025-02-14T09:55:39.808+0000] {dagbag.py:588} INFO - Filling up the DagBag from /opt/airflow/dags/new_dags.py
[2025-02-14T09:55:39.842+0000] {processor.py:925} INFO - DAG(s) 'welcome_dag' retrieved from /opt/airflow/dags/new_dags.py
[2025-02-14T09:55:39.874+0000] {logging_mixin.py:190} INFO - [2025-02-14T09:55:39.873+0000] {dag.py:3239} INFO - Sync 1 DAGs
[2025-02-14T09:55:39.907+0000] {logging_mixin.py:190} INFO - [2025-02-14T09:55:39.906+0000] {dag.py:4180} INFO - Setting next_dagrun for welcome_dag to 2025-02-14 09:54:00+00:00, run_after=2025-02-14 09:55:00+00:00
[2025-02-14T09:55:39.961+0000] {processor.py:208} INFO - Processing /opt/airflow/dags/new_dags.py took 0.168 seconds
[2025-02-14T09:56:13.094+0000] {processor.py:186} INFO - Started process (PID=474) to work on /opt/airflow/dags/new_dags.py
[2025-02-14T09:56:13.095+0000] {processor.py:914} INFO - Processing file /opt/airflow/dags/new_dags.py for tasks to queue
[2025-02-14T09:56:13.098+0000] {logging_mixin.py:190} INFO - [2025-02-14T09:56:13.097+0000] {dagbag.py:588} INFO - Filling up the DagBag from /opt/airflow/dags/new_dags.py
[2025-02-14T09:56:13.123+0000] {processor.py:925} INFO - DAG(s) 'welcome_dag' retrieved from /opt/airflow/dags/new_dags.py
[2025-02-14T09:56:13.160+0000] {logging_mixin.py:190} INFO - [2025-02-14T09:56:13.159+0000] {dag.py:3239} INFO - Sync 1 DAGs
[2025-02-14T09:56:13.198+0000] {logging_mixin.py:190} INFO - [2025-02-14T09:56:13.198+0000] {dag.py:4180} INFO - Setting next_dagrun for welcome_dag to 2025-02-14 09:55:00+00:00, run_after=2025-02-14 09:56:00+00:00
[2025-02-14T09:56:13.258+0000] {processor.py:208} INFO - Processing /opt/airflow/dags/new_dags.py took 0.169 seconds
[2025-02-14T09:56:45.352+0000] {processor.py:186} INFO - Started process (PID=475) to work on /opt/airflow/dags/new_dags.py
[2025-02-14T09:56:45.353+0000] {processor.py:914} INFO - Processing file /opt/airflow/dags/new_dags.py for tasks to queue
[2025-02-14T09:56:45.355+0000] {logging_mixin.py:190} INFO - [2025-02-14T09:56:45.355+0000] {dagbag.py:588} INFO - Filling up the DagBag from /opt/airflow/dags/new_dags.py
[2025-02-14T09:56:45.381+0000] {processor.py:925} INFO - DAG(s) 'welcome_dag' retrieved from /opt/airflow/dags/new_dags.py
[2025-02-14T09:56:45.416+0000] {logging_mixin.py:190} INFO - [2025-02-14T09:56:45.416+0000] {dag.py:3239} INFO - Sync 1 DAGs
[2025-02-14T09:56:45.454+0000] {logging_mixin.py:190} INFO - [2025-02-14T09:56:45.454+0000] {dag.py:4180} INFO - Setting next_dagrun for welcome_dag to 2025-02-14 09:55:00+00:00, run_after=2025-02-14 09:56:00+00:00
[2025-02-14T09:56:45.525+0000] {processor.py:208} INFO - Processing /opt/airflow/dags/new_dags.py took 0.181 seconds
[2025-02-14T09:57:18.947+0000] {processor.py:186} INFO - Started process (PID=476) to work on /opt/airflow/dags/new_dags.py
[2025-02-14T09:57:18.949+0000] {processor.py:914} INFO - Processing file /opt/airflow/dags/new_dags.py for tasks to queue
[2025-02-14T09:57:18.952+0000] {logging_mixin.py:190} INFO - [2025-02-14T09:57:18.951+0000] {dagbag.py:588} INFO - Filling up the DagBag from /opt/airflow/dags/new_dags.py
[2025-02-14T09:57:19.002+0000] {processor.py:925} INFO - DAG(s) 'welcome_dag' retrieved from /opt/airflow/dags/new_dags.py
[2025-02-14T09:57:19.066+0000] {logging_mixin.py:190} INFO - [2025-02-14T09:57:19.066+0000] {dag.py:3239} INFO - Sync 1 DAGs
[2025-02-14T09:57:19.107+0000] {logging_mixin.py:190} INFO - [2025-02-14T09:57:19.107+0000] {dag.py:4180} INFO - Setting next_dagrun for welcome_dag to 2025-02-14 09:56:00+00:00, run_after=2025-02-14 09:57:00+00:00
[2025-02-14T09:57:19.179+0000] {processor.py:208} INFO - Processing /opt/airflow/dags/new_dags.py took 0.246 seconds
[2025-02-14T09:57:51.172+0000] {processor.py:186} INFO - Started process (PID=477) to work on /opt/airflow/dags/new_dags.py
[2025-02-14T09:57:51.174+0000] {processor.py:914} INFO - Processing file /opt/airflow/dags/new_dags.py for tasks to queue
[2025-02-14T09:57:51.176+0000] {logging_mixin.py:190} INFO - [2025-02-14T09:57:51.176+0000] {dagbag.py:588} INFO - Filling up the DagBag from /opt/airflow/dags/new_dags.py
[2025-02-14T09:57:51.204+0000] {processor.py:925} INFO - DAG(s) 'welcome_dag' retrieved from /opt/airflow/dags/new_dags.py
[2025-02-14T09:57:51.242+0000] {logging_mixin.py:190} INFO - [2025-02-14T09:57:51.242+0000] {dag.py:3239} INFO - Sync 1 DAGs
[2025-02-14T09:57:51.281+0000] {logging_mixin.py:190} INFO - [2025-02-14T09:57:51.280+0000] {dag.py:4180} INFO - Setting next_dagrun for welcome_dag to 2025-02-14 09:56:00+00:00, run_after=2025-02-14 09:57:00+00:00
[2025-02-14T09:57:51.347+0000] {processor.py:208} INFO - Processing /opt/airflow/dags/new_dags.py took 0.182 seconds
[2025-02-14T09:58:24.167+0000] {processor.py:186} INFO - Started process (PID=478) to work on /opt/airflow/dags/new_dags.py
[2025-02-14T09:58:24.168+0000] {processor.py:914} INFO - Processing file /opt/airflow/dags/new_dags.py for tasks to queue
[2025-02-14T09:58:24.170+0000] {logging_mixin.py:190} INFO - [2025-02-14T09:58:24.170+0000] {dagbag.py:588} INFO - Filling up the DagBag from /opt/airflow/dags/new_dags.py
[2025-02-14T09:58:24.202+0000] {processor.py:925} INFO - DAG(s) 'welcome_dag' retrieved from /opt/airflow/dags/new_dags.py
[2025-02-14T09:58:24.237+0000] {logging_mixin.py:190} INFO - [2025-02-14T09:58:24.237+0000] {dag.py:3239} INFO - Sync 1 DAGs
[2025-02-14T09:58:24.285+0000] {logging_mixin.py:190} INFO - [2025-02-14T09:58:24.284+0000] {dag.py:4180} INFO - Setting next_dagrun for welcome_dag to 2025-02-14 09:57:00+00:00, run_after=2025-02-14 09:58:00+00:00
[2025-02-14T09:58:24.351+0000] {processor.py:208} INFO - Processing /opt/airflow/dags/new_dags.py took 0.191 seconds
