[2025-02-13T19:49:50.213+0000] {processor.py:186} INFO - Started process (PID=56) to work on /opt/airflow/dags/new_dags.py
[2025-02-13T19:49:50.215+0000] {processor.py:914} INFO - Processing file /opt/airflow/dags/new_dags.py for tasks to queue
[2025-02-13T19:49:50.217+0000] {logging_mixin.py:190} INFO - [2025-02-13T19:49:50.217+0000] {dagbag.py:588} INFO - Filling up the DagBag from /opt/airflow/dags/new_dags.py
[2025-02-13T19:49:50.266+0000] {processor.py:925} INFO - DAG(s) 'welcome_dag' retrieved from /opt/airflow/dags/new_dags.py
[2025-02-13T19:49:50.466+0000] {logging_mixin.py:190} INFO - [2025-02-13T19:49:50.465+0000] {dag.py:3239} INFO - Sync 1 DAGs
[2025-02-13T19:49:50.500+0000] {logging_mixin.py:190} INFO - [2025-02-13T19:49:50.500+0000] {dag.py:4180} INFO - Setting next_dagrun for welcome_dag to 2025-02-13 19:49:00+00:00, run_after=2025-02-13 19:50:00+00:00
[2025-02-13T19:49:50.582+0000] {processor.py:208} INFO - Processing /opt/airflow/dags/new_dags.py took 0.376 seconds
[2025-02-13T19:50:21.703+0000] {processor.py:186} INFO - Started process (PID=100) to work on /opt/airflow/dags/new_dags.py
[2025-02-13T19:50:21.705+0000] {processor.py:914} INFO - Processing file /opt/airflow/dags/new_dags.py for tasks to queue
[2025-02-13T19:50:21.712+0000] {logging_mixin.py:190} INFO - [2025-02-13T19:50:21.712+0000] {dagbag.py:588} INFO - Filling up the DagBag from /opt/airflow/dags/new_dags.py
[2025-02-13T19:50:21.742+0000] {processor.py:925} INFO - DAG(s) 'welcome_dag' retrieved from /opt/airflow/dags/new_dags.py
[2025-02-13T19:50:21.776+0000] {logging_mixin.py:190} INFO - [2025-02-13T19:50:21.775+0000] {dag.py:3239} INFO - Sync 1 DAGs
[2025-02-13T19:50:21.811+0000] {logging_mixin.py:190} INFO - [2025-02-13T19:50:21.811+0000] {dag.py:4180} INFO - Setting next_dagrun for welcome_dag to 2025-02-13 19:50:00+00:00, run_after=2025-02-13 19:51:00+00:00
[2025-02-13T19:50:21.872+0000] {processor.py:208} INFO - Processing /opt/airflow/dags/new_dags.py took 0.174 seconds
[2025-02-13T19:50:52.135+0000] {processor.py:186} INFO - Started process (PID=102) to work on /opt/airflow/dags/new_dags.py
[2025-02-13T19:50:52.136+0000] {processor.py:914} INFO - Processing file /opt/airflow/dags/new_dags.py for tasks to queue
[2025-02-13T19:50:52.138+0000] {logging_mixin.py:190} INFO - [2025-02-13T19:50:52.138+0000] {dagbag.py:588} INFO - Filling up the DagBag from /opt/airflow/dags/new_dags.py
[2025-02-13T19:50:52.171+0000] {processor.py:925} INFO - DAG(s) 'welcome_dag' retrieved from /opt/airflow/dags/new_dags.py
[2025-02-13T19:50:52.187+0000] {logging_mixin.py:190} INFO - [2025-02-13T19:50:52.187+0000] {dag.py:3239} INFO - Sync 1 DAGs
[2025-02-13T19:50:52.223+0000] {logging_mixin.py:190} INFO - [2025-02-13T19:50:52.223+0000] {dag.py:4180} INFO - Setting next_dagrun for welcome_dag to 2025-02-13 19:50:00+00:00, run_after=2025-02-13 19:51:00+00:00
[2025-02-13T19:50:52.272+0000] {processor.py:208} INFO - Processing /opt/airflow/dags/new_dags.py took 0.141 seconds
[2025-02-13T19:51:23.291+0000] {processor.py:186} INFO - Started process (PID=126) to work on /opt/airflow/dags/new_dags.py
[2025-02-13T19:51:23.292+0000] {processor.py:914} INFO - Processing file /opt/airflow/dags/new_dags.py for tasks to queue
[2025-02-13T19:51:23.294+0000] {logging_mixin.py:190} INFO - [2025-02-13T19:51:23.294+0000] {dagbag.py:588} INFO - Filling up the DagBag from /opt/airflow/dags/new_dags.py
[2025-02-13T19:51:23.316+0000] {processor.py:925} INFO - DAG(s) 'welcome_dag' retrieved from /opt/airflow/dags/new_dags.py
[2025-02-13T19:51:23.472+0000] {logging_mixin.py:190} INFO - [2025-02-13T19:51:23.472+0000] {dag.py:3239} INFO - Sync 1 DAGs
[2025-02-13T19:51:23.503+0000] {logging_mixin.py:190} INFO - [2025-02-13T19:51:23.503+0000] {dag.py:4180} INFO - Setting next_dagrun for welcome_dag to 2025-02-13 19:51:00+00:00, run_after=2025-02-13 19:52:00+00:00
[2025-02-13T19:51:23.558+0000] {processor.py:208} INFO - Processing /opt/airflow/dags/new_dags.py took 0.273 seconds
[2025-02-13T19:51:54.302+0000] {processor.py:186} INFO - Started process (PID=128) to work on /opt/airflow/dags/new_dags.py
[2025-02-13T19:51:54.303+0000] {processor.py:914} INFO - Processing file /opt/airflow/dags/new_dags.py for tasks to queue
[2025-02-13T19:51:54.305+0000] {logging_mixin.py:190} INFO - [2025-02-13T19:51:54.305+0000] {dagbag.py:588} INFO - Filling up the DagBag from /opt/airflow/dags/new_dags.py
[2025-02-13T19:51:54.326+0000] {processor.py:925} INFO - DAG(s) 'welcome_dag' retrieved from /opt/airflow/dags/new_dags.py
[2025-02-13T19:51:54.375+0000] {logging_mixin.py:190} INFO - [2025-02-13T19:51:54.374+0000] {dag.py:3239} INFO - Sync 1 DAGs
[2025-02-13T19:51:54.423+0000] {logging_mixin.py:190} INFO - [2025-02-13T19:51:54.423+0000] {dag.py:4180} INFO - Setting next_dagrun for welcome_dag to 2025-02-13 19:51:00+00:00, run_after=2025-02-13 19:52:00+00:00
[2025-02-13T19:51:54.489+0000] {processor.py:208} INFO - Processing /opt/airflow/dags/new_dags.py took 0.191 seconds
[2025-02-13T19:52:25.344+0000] {processor.py:186} INFO - Started process (PID=152) to work on /opt/airflow/dags/new_dags.py
[2025-02-13T19:52:25.345+0000] {processor.py:914} INFO - Processing file /opt/airflow/dags/new_dags.py for tasks to queue
[2025-02-13T19:52:25.347+0000] {logging_mixin.py:190} INFO - [2025-02-13T19:52:25.347+0000] {dagbag.py:588} INFO - Filling up the DagBag from /opt/airflow/dags/new_dags.py
[2025-02-13T19:52:25.368+0000] {processor.py:925} INFO - DAG(s) 'welcome_dag' retrieved from /opt/airflow/dags/new_dags.py
[2025-02-13T19:52:25.384+0000] {logging_mixin.py:190} INFO - [2025-02-13T19:52:25.383+0000] {dag.py:3239} INFO - Sync 1 DAGs
[2025-02-13T19:52:25.419+0000] {logging_mixin.py:190} INFO - [2025-02-13T19:52:25.419+0000] {dag.py:4180} INFO - Setting next_dagrun for welcome_dag to 2025-02-13 19:52:00+00:00, run_after=2025-02-13 19:53:00+00:00
[2025-02-13T19:52:25.484+0000] {processor.py:208} INFO - Processing /opt/airflow/dags/new_dags.py took 0.145 seconds
[2025-02-13T19:53:04.346+0000] {processor.py:186} INFO - Started process (PID=57) to work on /opt/airflow/dags/new_dags.py
[2025-02-13T19:53:04.348+0000] {processor.py:914} INFO - Processing file /opt/airflow/dags/new_dags.py for tasks to queue
[2025-02-13T19:53:04.351+0000] {logging_mixin.py:190} INFO - [2025-02-13T19:53:04.350+0000] {dagbag.py:588} INFO - Filling up the DagBag from /opt/airflow/dags/new_dags.py
[2025-02-13T19:53:04.388+0000] {processor.py:925} INFO - DAG(s) 'welcome_dag' retrieved from /opt/airflow/dags/new_dags.py
[2025-02-13T19:53:04.553+0000] {logging_mixin.py:190} INFO - [2025-02-13T19:53:04.553+0000] {dag.py:3239} INFO - Sync 1 DAGs
[2025-02-13T19:53:04.589+0000] {logging_mixin.py:190} INFO - [2025-02-13T19:53:04.589+0000] {dag.py:4180} INFO - Setting next_dagrun for welcome_dag to 2025-02-13 19:52:00+00:00, run_after=2025-02-13 19:53:00+00:00
[2025-02-13T19:53:04.658+0000] {processor.py:208} INFO - Processing /opt/airflow/dags/new_dags.py took 0.320 seconds
[2025-02-13T19:53:34.905+0000] {processor.py:186} INFO - Started process (PID=101) to work on /opt/airflow/dags/new_dags.py
[2025-02-13T19:53:34.906+0000] {processor.py:914} INFO - Processing file /opt/airflow/dags/new_dags.py for tasks to queue
[2025-02-13T19:53:34.910+0000] {logging_mixin.py:190} INFO - [2025-02-13T19:53:34.910+0000] {dagbag.py:588} INFO - Filling up the DagBag from /opt/airflow/dags/new_dags.py
[2025-02-13T19:53:34.932+0000] {processor.py:925} INFO - DAG(s) 'welcome_dag' retrieved from /opt/airflow/dags/new_dags.py
[2025-02-13T19:53:34.963+0000] {logging_mixin.py:190} INFO - [2025-02-13T19:53:34.963+0000] {dag.py:3239} INFO - Sync 1 DAGs
[2025-02-13T19:53:34.998+0000] {logging_mixin.py:190} INFO - [2025-02-13T19:53:34.998+0000] {dag.py:4180} INFO - Setting next_dagrun for welcome_dag to 2025-02-13 19:53:00+00:00, run_after=2025-02-13 19:54:00+00:00
[2025-02-13T19:53:35.063+0000] {processor.py:208} INFO - Processing /opt/airflow/dags/new_dags.py took 0.163 seconds
[2025-02-13T19:54:10.801+0000] {processor.py:186} INFO - Started process (PID=132) to work on /opt/airflow/dags/new_dags.py
[2025-02-13T19:54:10.801+0000] {processor.py:914} INFO - Processing file /opt/airflow/dags/new_dags.py for tasks to queue
[2025-02-13T19:54:10.803+0000] {logging_mixin.py:190} INFO - [2025-02-13T19:54:10.803+0000] {dagbag.py:588} INFO - Filling up the DagBag from /opt/airflow/dags/new_dags.py
[2025-02-13T19:54:10.825+0000] {processor.py:925} INFO - DAG(s) 'welcome_dag' retrieved from /opt/airflow/dags/new_dags.py
[2025-02-13T19:54:10.841+0000] {logging_mixin.py:190} INFO - [2025-02-13T19:54:10.841+0000] {dag.py:3239} INFO - Sync 1 DAGs
[2025-02-13T19:54:10.876+0000] {logging_mixin.py:190} INFO - [2025-02-13T19:54:10.876+0000] {dag.py:4180} INFO - Setting next_dagrun for welcome_dag to 2025-02-13 19:54:00+00:00, run_after=2025-02-13 19:55:00+00:00
[2025-02-13T19:54:10.932+0000] {processor.py:208} INFO - Processing /opt/airflow/dags/new_dags.py took 0.137 seconds
[2025-02-13T19:54:41.815+0000] {processor.py:186} INFO - Started process (PID=134) to work on /opt/airflow/dags/new_dags.py
[2025-02-13T19:54:41.816+0000] {processor.py:914} INFO - Processing file /opt/airflow/dags/new_dags.py for tasks to queue
[2025-02-13T19:54:41.819+0000] {logging_mixin.py:190} INFO - [2025-02-13T19:54:41.819+0000] {dagbag.py:588} INFO - Filling up the DagBag from /opt/airflow/dags/new_dags.py
[2025-02-13T19:54:41.861+0000] {processor.py:925} INFO - DAG(s) 'welcome_dag' retrieved from /opt/airflow/dags/new_dags.py
[2025-02-13T19:54:42.016+0000] {logging_mixin.py:190} INFO - [2025-02-13T19:54:42.015+0000] {dag.py:3239} INFO - Sync 1 DAGs
[2025-02-13T19:54:42.050+0000] {logging_mixin.py:190} INFO - [2025-02-13T19:54:42.049+0000] {dag.py:4180} INFO - Setting next_dagrun for welcome_dag to 2025-02-13 19:54:00+00:00, run_after=2025-02-13 19:55:00+00:00
[2025-02-13T19:54:42.117+0000] {processor.py:208} INFO - Processing /opt/airflow/dags/new_dags.py took 0.308 seconds
[2025-02-13T19:55:12.670+0000] {processor.py:186} INFO - Started process (PID=158) to work on /opt/airflow/dags/new_dags.py
[2025-02-13T19:55:12.671+0000] {processor.py:914} INFO - Processing file /opt/airflow/dags/new_dags.py for tasks to queue
[2025-02-13T19:55:12.673+0000] {logging_mixin.py:190} INFO - [2025-02-13T19:55:12.673+0000] {dagbag.py:588} INFO - Filling up the DagBag from /opt/airflow/dags/new_dags.py
[2025-02-13T19:55:12.696+0000] {processor.py:925} INFO - DAG(s) 'welcome_dag' retrieved from /opt/airflow/dags/new_dags.py
[2025-02-13T19:55:12.724+0000] {logging_mixin.py:190} INFO - [2025-02-13T19:55:12.724+0000] {dag.py:3239} INFO - Sync 1 DAGs
[2025-02-13T19:55:12.763+0000] {logging_mixin.py:190} INFO - [2025-02-13T19:55:12.763+0000] {dag.py:4180} INFO - Setting next_dagrun for welcome_dag to 2025-02-13 19:55:00+00:00, run_after=2025-02-13 19:56:00+00:00
[2025-02-13T19:55:12.831+0000] {processor.py:208} INFO - Processing /opt/airflow/dags/new_dags.py took 0.166 seconds
[2025-02-13T19:55:43.425+0000] {processor.py:186} INFO - Started process (PID=196) to work on /opt/airflow/dags/new_dags.py
[2025-02-13T19:55:43.427+0000] {processor.py:914} INFO - Processing file /opt/airflow/dags/new_dags.py for tasks to queue
[2025-02-13T19:55:43.429+0000] {logging_mixin.py:190} INFO - [2025-02-13T19:55:43.429+0000] {dagbag.py:588} INFO - Filling up the DagBag from /opt/airflow/dags/new_dags.py
[2025-02-13T19:55:43.459+0000] {processor.py:925} INFO - DAG(s) 'welcome_dag' retrieved from /opt/airflow/dags/new_dags.py
[2025-02-13T19:55:43.477+0000] {logging_mixin.py:190} INFO - [2025-02-13T19:55:43.477+0000] {dag.py:3239} INFO - Sync 1 DAGs
[2025-02-13T19:55:43.516+0000] {logging_mixin.py:190} INFO - [2025-02-13T19:55:43.516+0000] {dag.py:4180} INFO - Setting next_dagrun for welcome_dag to 2025-02-13 19:55:00+00:00, run_after=2025-02-13 19:56:00+00:00
[2025-02-13T19:55:43.577+0000] {processor.py:208} INFO - Processing /opt/airflow/dags/new_dags.py took 0.157 seconds
[2025-02-13T19:56:15.596+0000] {processor.py:186} INFO - Started process (PID=220) to work on /opt/airflow/dags/new_dags.py
[2025-02-13T19:56:15.597+0000] {processor.py:914} INFO - Processing file /opt/airflow/dags/new_dags.py for tasks to queue
[2025-02-13T19:56:15.599+0000] {logging_mixin.py:190} INFO - [2025-02-13T19:56:15.599+0000] {dagbag.py:588} INFO - Filling up the DagBag from /opt/airflow/dags/new_dags.py
[2025-02-13T19:56:15.622+0000] {processor.py:925} INFO - DAG(s) 'welcome_dag' retrieved from /opt/airflow/dags/new_dags.py
[2025-02-13T19:56:15.771+0000] {logging_mixin.py:190} INFO - [2025-02-13T19:56:15.771+0000] {dag.py:3239} INFO - Sync 1 DAGs
[2025-02-13T19:56:15.801+0000] {logging_mixin.py:190} INFO - [2025-02-13T19:56:15.801+0000] {dag.py:4180} INFO - Setting next_dagrun for welcome_dag to 2025-02-13 19:56:00+00:00, run_after=2025-02-13 19:57:00+00:00
[2025-02-13T19:56:15.870+0000] {processor.py:208} INFO - Processing /opt/airflow/dags/new_dags.py took 0.279 seconds
[2025-02-13T19:56:46.899+0000] {processor.py:186} INFO - Started process (PID=222) to work on /opt/airflow/dags/new_dags.py
[2025-02-13T19:56:46.901+0000] {processor.py:914} INFO - Processing file /opt/airflow/dags/new_dags.py for tasks to queue
[2025-02-13T19:56:46.905+0000] {logging_mixin.py:190} INFO - [2025-02-13T19:56:46.905+0000] {dagbag.py:588} INFO - Filling up the DagBag from /opt/airflow/dags/new_dags.py
[2025-02-13T19:56:46.966+0000] {processor.py:925} INFO - DAG(s) 'welcome_dag' retrieved from /opt/airflow/dags/new_dags.py
[2025-02-13T19:56:47.016+0000] {logging_mixin.py:190} INFO - [2025-02-13T19:56:47.015+0000] {dag.py:3239} INFO - Sync 1 DAGs
[2025-02-13T19:56:47.055+0000] {logging_mixin.py:190} INFO - [2025-02-13T19:56:47.055+0000] {dag.py:4180} INFO - Setting next_dagrun for welcome_dag to 2025-02-13 19:56:00+00:00, run_after=2025-02-13 19:57:00+00:00
[2025-02-13T19:56:47.112+0000] {processor.py:208} INFO - Processing /opt/airflow/dags/new_dags.py took 0.222 seconds
[2025-02-13T19:57:20.108+0000] {processor.py:186} INFO - Started process (PID=282) to work on /opt/airflow/dags/new_dags.py
[2025-02-13T19:57:20.109+0000] {processor.py:914} INFO - Processing file /opt/airflow/dags/new_dags.py for tasks to queue
[2025-02-13T19:57:20.111+0000] {logging_mixin.py:190} INFO - [2025-02-13T19:57:20.111+0000] {dagbag.py:588} INFO - Filling up the DagBag from /opt/airflow/dags/new_dags.py
[2025-02-13T19:57:20.135+0000] {processor.py:925} INFO - DAG(s) 'welcome_dag' retrieved from /opt/airflow/dags/new_dags.py
[2025-02-13T19:57:20.155+0000] {logging_mixin.py:190} INFO - [2025-02-13T19:57:20.155+0000] {dag.py:3239} INFO - Sync 1 DAGs
[2025-02-13T19:57:20.190+0000] {logging_mixin.py:190} INFO - [2025-02-13T19:57:20.190+0000] {dag.py:4180} INFO - Setting next_dagrun for welcome_dag to 2025-02-13 19:57:00+00:00, run_after=2025-02-13 19:58:00+00:00
[2025-02-13T19:57:20.257+0000] {processor.py:208} INFO - Processing /opt/airflow/dags/new_dags.py took 0.154 seconds
[2025-02-13T19:57:51.104+0000] {processor.py:186} INFO - Started process (PID=306) to work on /opt/airflow/dags/new_dags.py
[2025-02-13T19:57:51.106+0000] {processor.py:914} INFO - Processing file /opt/airflow/dags/new_dags.py for tasks to queue
[2025-02-13T19:57:51.108+0000] {logging_mixin.py:190} INFO - [2025-02-13T19:57:51.108+0000] {dagbag.py:588} INFO - Filling up the DagBag from /opt/airflow/dags/new_dags.py
[2025-02-13T19:57:51.132+0000] {processor.py:925} INFO - DAG(s) 'welcome_dag' retrieved from /opt/airflow/dags/new_dags.py
[2025-02-13T19:57:51.275+0000] {logging_mixin.py:190} INFO - [2025-02-13T19:57:51.274+0000] {dag.py:3239} INFO - Sync 1 DAGs
[2025-02-13T19:57:51.315+0000] {logging_mixin.py:190} INFO - [2025-02-13T19:57:51.315+0000] {dag.py:4180} INFO - Setting next_dagrun for welcome_dag to 2025-02-13 19:57:00+00:00, run_after=2025-02-13 19:58:00+00:00
[2025-02-13T19:57:51.394+0000] {processor.py:208} INFO - Processing /opt/airflow/dags/new_dags.py took 0.296 seconds
[2025-02-13T19:58:26.390+0000] {processor.py:186} INFO - Started process (PID=366) to work on /opt/airflow/dags/new_dags.py
[2025-02-13T19:58:26.392+0000] {processor.py:914} INFO - Processing file /opt/airflow/dags/new_dags.py for tasks to queue
[2025-02-13T19:58:26.395+0000] {logging_mixin.py:190} INFO - [2025-02-13T19:58:26.394+0000] {dagbag.py:588} INFO - Filling up the DagBag from /opt/airflow/dags/new_dags.py
[2025-02-13T19:58:26.426+0000] {processor.py:925} INFO - DAG(s) 'welcome_dag' retrieved from /opt/airflow/dags/new_dags.py
[2025-02-13T19:58:26.448+0000] {logging_mixin.py:190} INFO - [2025-02-13T19:58:26.447+0000] {dag.py:3239} INFO - Sync 1 DAGs
[2025-02-13T19:58:26.492+0000] {logging_mixin.py:190} INFO - [2025-02-13T19:58:26.492+0000] {dag.py:4180} INFO - Setting next_dagrun for welcome_dag to 2025-02-13 19:58:00+00:00, run_after=2025-02-13 19:59:00+00:00
[2025-02-13T19:58:26.577+0000] {processor.py:208} INFO - Processing /opt/airflow/dags/new_dags.py took 0.195 seconds
[2025-02-13T19:58:57.140+0000] {processor.py:186} INFO - Started process (PID=368) to work on /opt/airflow/dags/new_dags.py
[2025-02-13T19:58:57.142+0000] {processor.py:914} INFO - Processing file /opt/airflow/dags/new_dags.py for tasks to queue
[2025-02-13T19:58:57.145+0000] {logging_mixin.py:190} INFO - [2025-02-13T19:58:57.145+0000] {dagbag.py:588} INFO - Filling up the DagBag from /opt/airflow/dags/new_dags.py
[2025-02-13T19:58:57.172+0000] {processor.py:925} INFO - DAG(s) 'welcome_dag' retrieved from /opt/airflow/dags/new_dags.py
[2025-02-13T19:58:57.315+0000] {logging_mixin.py:190} INFO - [2025-02-13T19:58:57.314+0000] {dag.py:3239} INFO - Sync 1 DAGs
[2025-02-13T19:58:57.347+0000] {logging_mixin.py:190} INFO - [2025-02-13T19:58:57.347+0000] {dag.py:4180} INFO - Setting next_dagrun for welcome_dag to 2025-02-13 19:58:00+00:00, run_after=2025-02-13 19:59:00+00:00
[2025-02-13T19:58:57.421+0000] {processor.py:208} INFO - Processing /opt/airflow/dags/new_dags.py took 0.291 seconds
[2025-02-13T19:59:27.573+0000] {processor.py:186} INFO - Started process (PID=400) to work on /opt/airflow/dags/new_dags.py
[2025-02-13T19:59:27.574+0000] {processor.py:914} INFO - Processing file /opt/airflow/dags/new_dags.py for tasks to queue
[2025-02-13T19:59:27.576+0000] {logging_mixin.py:190} INFO - [2025-02-13T19:59:27.576+0000] {dagbag.py:588} INFO - Filling up the DagBag from /opt/airflow/dags/new_dags.py
[2025-02-13T19:59:27.599+0000] {processor.py:925} INFO - DAG(s) 'welcome_dag' retrieved from /opt/airflow/dags/new_dags.py
[2025-02-13T19:59:27.634+0000] {logging_mixin.py:190} INFO - [2025-02-13T19:59:27.634+0000] {dag.py:3239} INFO - Sync 1 DAGs
[2025-02-13T19:59:27.671+0000] {logging_mixin.py:190} INFO - [2025-02-13T19:59:27.671+0000] {dag.py:4180} INFO - Setting next_dagrun for welcome_dag to 2025-02-13 19:59:00+00:00, run_after=2025-02-13 20:00:00+00:00
[2025-02-13T19:59:27.738+0000] {processor.py:208} INFO - Processing /opt/airflow/dags/new_dags.py took 0.170 seconds
[2025-02-13T20:00:00.128+0000] {processor.py:186} INFO - Started process (PID=416) to work on /opt/airflow/dags/new_dags.py
[2025-02-13T20:00:00.131+0000] {processor.py:914} INFO - Processing file /opt/airflow/dags/new_dags.py for tasks to queue
[2025-02-13T20:00:00.141+0000] {logging_mixin.py:190} INFO - [2025-02-13T20:00:00.140+0000] {dagbag.py:588} INFO - Filling up the DagBag from /opt/airflow/dags/new_dags.py
[2025-02-13T20:00:00.216+0000] {processor.py:925} INFO - DAG(s) 'welcome_dag' retrieved from /opt/airflow/dags/new_dags.py
[2025-02-13T20:00:00.281+0000] {logging_mixin.py:190} INFO - [2025-02-13T20:00:00.280+0000] {dag.py:3239} INFO - Sync 1 DAGs
[2025-02-13T20:00:00.341+0000] {logging_mixin.py:190} INFO - [2025-02-13T20:00:00.340+0000] {dag.py:4180} INFO - Setting next_dagrun for welcome_dag to 2025-02-13 19:59:00+00:00, run_after=2025-02-13 20:00:00+00:00
[2025-02-13T20:00:00.456+0000] {processor.py:208} INFO - Processing /opt/airflow/dags/new_dags.py took 0.342 seconds
[2025-02-13T20:10:25.950+0000] {processor.py:186} INFO - Started process (PID=56) to work on /opt/airflow/dags/new_dags.py
[2025-02-13T20:10:25.951+0000] {processor.py:914} INFO - Processing file /opt/airflow/dags/new_dags.py for tasks to queue
[2025-02-13T20:10:25.954+0000] {logging_mixin.py:190} INFO - [2025-02-13T20:10:25.953+0000] {dagbag.py:588} INFO - Filling up the DagBag from /opt/airflow/dags/new_dags.py
[2025-02-13T20:10:25.986+0000] {processor.py:925} INFO - DAG(s) 'welcome_dag' retrieved from /opt/airflow/dags/new_dags.py
[2025-02-13T20:10:26.030+0000] {logging_mixin.py:190} INFO - [2025-02-13T20:10:26.030+0000] {dag.py:3239} INFO - Sync 1 DAGs
[2025-02-13T20:10:26.074+0000] {logging_mixin.py:190} INFO - [2025-02-13T20:10:26.074+0000] {dag.py:4180} INFO - Setting next_dagrun for welcome_dag to 2025-02-13 20:09:00+00:00, run_after=2025-02-13 20:10:00+00:00
[2025-02-13T20:10:26.145+0000] {processor.py:208} INFO - Processing /opt/airflow/dags/new_dags.py took 0.202 seconds
[2025-02-13T20:10:57.282+0000] {processor.py:186} INFO - Started process (PID=77) to work on /opt/airflow/dags/new_dags.py
[2025-02-13T20:10:57.283+0000] {processor.py:914} INFO - Processing file /opt/airflow/dags/new_dags.py for tasks to queue
[2025-02-13T20:10:57.285+0000] {logging_mixin.py:190} INFO - [2025-02-13T20:10:57.285+0000] {dagbag.py:588} INFO - Filling up the DagBag from /opt/airflow/dags/new_dags.py
[2025-02-13T20:10:57.305+0000] {processor.py:925} INFO - DAG(s) 'welcome_dag' retrieved from /opt/airflow/dags/new_dags.py
[2025-02-13T20:10:57.334+0000] {logging_mixin.py:190} INFO - [2025-02-13T20:10:57.334+0000] {dag.py:3239} INFO - Sync 1 DAGs
[2025-02-13T20:10:57.370+0000] {logging_mixin.py:190} INFO - [2025-02-13T20:10:57.370+0000] {dag.py:4180} INFO - Setting next_dagrun for welcome_dag to 2025-02-13 20:09:00+00:00, run_after=2025-02-13 20:10:00+00:00
[2025-02-13T20:10:57.436+0000] {processor.py:208} INFO - Processing /opt/airflow/dags/new_dags.py took 0.158 seconds
[2025-02-13T20:11:27.554+0000] {processor.py:186} INFO - Started process (PID=78) to work on /opt/airflow/dags/new_dags.py
[2025-02-13T20:11:27.555+0000] {processor.py:914} INFO - Processing file /opt/airflow/dags/new_dags.py for tasks to queue
[2025-02-13T20:11:27.559+0000] {logging_mixin.py:190} INFO - [2025-02-13T20:11:27.558+0000] {dagbag.py:588} INFO - Filling up the DagBag from /opt/airflow/dags/new_dags.py
[2025-02-13T20:11:27.582+0000] {processor.py:925} INFO - DAG(s) 'welcome_dag' retrieved from /opt/airflow/dags/new_dags.py
[2025-02-13T20:11:27.614+0000] {logging_mixin.py:190} INFO - [2025-02-13T20:11:27.614+0000] {dag.py:3239} INFO - Sync 1 DAGs
[2025-02-13T20:11:27.659+0000] {logging_mixin.py:190} INFO - [2025-02-13T20:11:27.659+0000] {dag.py:4180} INFO - Setting next_dagrun for welcome_dag to 2025-02-13 20:10:00+00:00, run_after=2025-02-13 20:11:00+00:00
[2025-02-13T20:11:27.717+0000] {processor.py:208} INFO - Processing /opt/airflow/dags/new_dags.py took 0.169 seconds
[2025-02-13T20:11:58.482+0000] {processor.py:186} INFO - Started process (PID=79) to work on /opt/airflow/dags/new_dags.py
[2025-02-13T20:11:58.483+0000] {processor.py:914} INFO - Processing file /opt/airflow/dags/new_dags.py for tasks to queue
[2025-02-13T20:11:58.485+0000] {logging_mixin.py:190} INFO - [2025-02-13T20:11:58.485+0000] {dagbag.py:588} INFO - Filling up the DagBag from /opt/airflow/dags/new_dags.py
[2025-02-13T20:11:58.520+0000] {processor.py:925} INFO - DAG(s) 'welcome_dag' retrieved from /opt/airflow/dags/new_dags.py
[2025-02-13T20:11:58.562+0000] {logging_mixin.py:190} INFO - [2025-02-13T20:11:58.561+0000] {dag.py:3239} INFO - Sync 1 DAGs
[2025-02-13T20:11:58.605+0000] {logging_mixin.py:190} INFO - [2025-02-13T20:11:58.605+0000] {dag.py:4180} INFO - Setting next_dagrun for welcome_dag to 2025-02-13 20:10:00+00:00, run_after=2025-02-13 20:11:00+00:00
[2025-02-13T20:11:58.668+0000] {processor.py:208} INFO - Processing /opt/airflow/dags/new_dags.py took 0.191 seconds
[2025-02-13T20:12:30.885+0000] {processor.py:186} INFO - Started process (PID=80) to work on /opt/airflow/dags/new_dags.py
[2025-02-13T20:12:30.886+0000] {processor.py:914} INFO - Processing file /opt/airflow/dags/new_dags.py for tasks to queue
[2025-02-13T20:12:30.887+0000] {logging_mixin.py:190} INFO - [2025-02-13T20:12:30.887+0000] {dagbag.py:588} INFO - Filling up the DagBag from /opt/airflow/dags/new_dags.py
[2025-02-13T20:12:30.919+0000] {processor.py:925} INFO - DAG(s) 'welcome_dag' retrieved from /opt/airflow/dags/new_dags.py
[2025-02-13T20:12:30.959+0000] {logging_mixin.py:190} INFO - [2025-02-13T20:12:30.959+0000] {dag.py:3239} INFO - Sync 1 DAGs
[2025-02-13T20:12:31.001+0000] {logging_mixin.py:190} INFO - [2025-02-13T20:12:31.001+0000] {dag.py:4180} INFO - Setting next_dagrun for welcome_dag to 2025-02-13 20:11:00+00:00, run_after=2025-02-13 20:12:00+00:00
[2025-02-13T20:12:31.064+0000] {processor.py:208} INFO - Processing /opt/airflow/dags/new_dags.py took 0.184 seconds
[2025-02-13T20:13:04.448+0000] {processor.py:186} INFO - Started process (PID=81) to work on /opt/airflow/dags/new_dags.py
[2025-02-13T20:13:04.450+0000] {processor.py:914} INFO - Processing file /opt/airflow/dags/new_dags.py for tasks to queue
[2025-02-13T20:13:04.452+0000] {logging_mixin.py:190} INFO - [2025-02-13T20:13:04.452+0000] {dagbag.py:588} INFO - Filling up the DagBag from /opt/airflow/dags/new_dags.py
[2025-02-13T20:13:04.482+0000] {processor.py:925} INFO - DAG(s) 'welcome_dag' retrieved from /opt/airflow/dags/new_dags.py
[2025-02-13T20:13:04.517+0000] {logging_mixin.py:190} INFO - [2025-02-13T20:13:04.517+0000] {dag.py:3239} INFO - Sync 1 DAGs
[2025-02-13T20:13:04.558+0000] {logging_mixin.py:190} INFO - [2025-02-13T20:13:04.558+0000] {dag.py:4180} INFO - Setting next_dagrun for welcome_dag to 2025-02-13 20:12:00+00:00, run_after=2025-02-13 20:13:00+00:00
[2025-02-13T20:13:04.638+0000] {processor.py:208} INFO - Processing /opt/airflow/dags/new_dags.py took 0.195 seconds
[2025-02-13T20:13:36.428+0000] {processor.py:186} INFO - Started process (PID=82) to work on /opt/airflow/dags/new_dags.py
[2025-02-13T20:13:36.429+0000] {processor.py:914} INFO - Processing file /opt/airflow/dags/new_dags.py for tasks to queue
[2025-02-13T20:13:36.432+0000] {logging_mixin.py:190} INFO - [2025-02-13T20:13:36.432+0000] {dagbag.py:588} INFO - Filling up the DagBag from /opt/airflow/dags/new_dags.py
[2025-02-13T20:13:36.462+0000] {processor.py:925} INFO - DAG(s) 'welcome_dag' retrieved from /opt/airflow/dags/new_dags.py
[2025-02-13T20:13:36.509+0000] {logging_mixin.py:190} INFO - [2025-02-13T20:13:36.509+0000] {dag.py:3239} INFO - Sync 1 DAGs
[2025-02-13T20:13:36.551+0000] {logging_mixin.py:190} INFO - [2025-02-13T20:13:36.551+0000] {dag.py:4180} INFO - Setting next_dagrun for welcome_dag to 2025-02-13 20:12:00+00:00, run_after=2025-02-13 20:13:00+00:00
[2025-02-13T20:13:36.620+0000] {processor.py:208} INFO - Processing /opt/airflow/dags/new_dags.py took 0.197 seconds
[2025-02-13T20:14:09.628+0000] {processor.py:186} INFO - Started process (PID=83) to work on /opt/airflow/dags/new_dags.py
[2025-02-13T20:14:09.629+0000] {processor.py:914} INFO - Processing file /opt/airflow/dags/new_dags.py for tasks to queue
[2025-02-13T20:14:09.634+0000] {logging_mixin.py:190} INFO - [2025-02-13T20:14:09.632+0000] {dagbag.py:588} INFO - Filling up the DagBag from /opt/airflow/dags/new_dags.py
[2025-02-13T20:14:09.670+0000] {processor.py:925} INFO - DAG(s) 'welcome_dag' retrieved from /opt/airflow/dags/new_dags.py
[2025-02-13T20:14:09.710+0000] {logging_mixin.py:190} INFO - [2025-02-13T20:14:09.709+0000] {dag.py:3239} INFO - Sync 1 DAGs
[2025-02-13T20:14:09.749+0000] {logging_mixin.py:190} INFO - [2025-02-13T20:14:09.749+0000] {dag.py:4180} INFO - Setting next_dagrun for welcome_dag to 2025-02-13 20:13:00+00:00, run_after=2025-02-13 20:14:00+00:00
[2025-02-13T20:14:09.821+0000] {processor.py:208} INFO - Processing /opt/airflow/dags/new_dags.py took 0.198 seconds
[2025-02-13T20:14:41.657+0000] {processor.py:186} INFO - Started process (PID=84) to work on /opt/airflow/dags/new_dags.py
[2025-02-13T20:14:41.658+0000] {processor.py:914} INFO - Processing file /opt/airflow/dags/new_dags.py for tasks to queue
[2025-02-13T20:14:41.660+0000] {logging_mixin.py:190} INFO - [2025-02-13T20:14:41.660+0000] {dagbag.py:588} INFO - Filling up the DagBag from /opt/airflow/dags/new_dags.py
[2025-02-13T20:14:41.692+0000] {processor.py:925} INFO - DAG(s) 'welcome_dag' retrieved from /opt/airflow/dags/new_dags.py
[2025-02-13T20:14:41.735+0000] {logging_mixin.py:190} INFO - [2025-02-13T20:14:41.734+0000] {dag.py:3239} INFO - Sync 1 DAGs
[2025-02-13T20:14:41.776+0000] {logging_mixin.py:190} INFO - [2025-02-13T20:14:41.776+0000] {dag.py:4180} INFO - Setting next_dagrun for welcome_dag to 2025-02-13 20:13:00+00:00, run_after=2025-02-13 20:14:00+00:00
[2025-02-13T20:14:41.844+0000] {processor.py:208} INFO - Processing /opt/airflow/dags/new_dags.py took 0.193 seconds
[2025-02-13T20:15:14.778+0000] {processor.py:186} INFO - Started process (PID=85) to work on /opt/airflow/dags/new_dags.py
[2025-02-13T20:15:14.779+0000] {processor.py:914} INFO - Processing file /opt/airflow/dags/new_dags.py for tasks to queue
[2025-02-13T20:15:14.783+0000] {logging_mixin.py:190} INFO - [2025-02-13T20:15:14.782+0000] {dagbag.py:588} INFO - Filling up the DagBag from /opt/airflow/dags/new_dags.py
[2025-02-13T20:15:14.817+0000] {processor.py:925} INFO - DAG(s) 'welcome_dag' retrieved from /opt/airflow/dags/new_dags.py
[2025-02-13T20:15:14.852+0000] {logging_mixin.py:190} INFO - [2025-02-13T20:15:14.852+0000] {dag.py:3239} INFO - Sync 1 DAGs
[2025-02-13T20:15:14.899+0000] {logging_mixin.py:190} INFO - [2025-02-13T20:15:14.899+0000] {dag.py:4180} INFO - Setting next_dagrun for welcome_dag to 2025-02-13 20:14:00+00:00, run_after=2025-02-13 20:15:00+00:00
[2025-02-13T20:15:14.968+0000] {processor.py:208} INFO - Processing /opt/airflow/dags/new_dags.py took 0.197 seconds
[2025-02-13T20:15:47.923+0000] {processor.py:186} INFO - Started process (PID=86) to work on /opt/airflow/dags/new_dags.py
[2025-02-13T20:15:47.924+0000] {processor.py:914} INFO - Processing file /opt/airflow/dags/new_dags.py for tasks to queue
[2025-02-13T20:15:47.927+0000] {logging_mixin.py:190} INFO - [2025-02-13T20:15:47.926+0000] {dagbag.py:588} INFO - Filling up the DagBag from /opt/airflow/dags/new_dags.py
[2025-02-13T20:15:47.979+0000] {processor.py:925} INFO - DAG(s) 'welcome_dag' retrieved from /opt/airflow/dags/new_dags.py
[2025-02-13T20:15:48.028+0000] {logging_mixin.py:190} INFO - [2025-02-13T20:15:48.027+0000] {dag.py:3239} INFO - Sync 1 DAGs
[2025-02-13T20:15:48.066+0000] {logging_mixin.py:190} INFO - [2025-02-13T20:15:48.066+0000] {dag.py:4180} INFO - Setting next_dagrun for welcome_dag to 2025-02-13 20:14:00+00:00, run_after=2025-02-13 20:15:00+00:00
[2025-02-13T20:15:48.130+0000] {processor.py:208} INFO - Processing /opt/airflow/dags/new_dags.py took 0.217 seconds
[2025-02-13T20:16:19.891+0000] {processor.py:186} INFO - Started process (PID=87) to work on /opt/airflow/dags/new_dags.py
[2025-02-13T20:16:19.893+0000] {processor.py:914} INFO - Processing file /opt/airflow/dags/new_dags.py for tasks to queue
[2025-02-13T20:16:19.895+0000] {logging_mixin.py:190} INFO - [2025-02-13T20:16:19.895+0000] {dagbag.py:588} INFO - Filling up the DagBag from /opt/airflow/dags/new_dags.py
[2025-02-13T20:16:19.925+0000] {processor.py:925} INFO - DAG(s) 'welcome_dag' retrieved from /opt/airflow/dags/new_dags.py
[2025-02-13T20:16:19.965+0000] {logging_mixin.py:190} INFO - [2025-02-13T20:16:19.964+0000] {dag.py:3239} INFO - Sync 1 DAGs
[2025-02-13T20:16:20.012+0000] {logging_mixin.py:190} INFO - [2025-02-13T20:16:20.012+0000] {dag.py:4180} INFO - Setting next_dagrun for welcome_dag to 2025-02-13 20:15:00+00:00, run_after=2025-02-13 20:16:00+00:00
[2025-02-13T20:16:20.093+0000] {processor.py:208} INFO - Processing /opt/airflow/dags/new_dags.py took 0.210 seconds
[2025-02-13T20:16:52.979+0000] {processor.py:186} INFO - Started process (PID=88) to work on /opt/airflow/dags/new_dags.py
[2025-02-13T20:16:52.980+0000] {processor.py:914} INFO - Processing file /opt/airflow/dags/new_dags.py for tasks to queue
[2025-02-13T20:16:52.983+0000] {logging_mixin.py:190} INFO - [2025-02-13T20:16:52.982+0000] {dagbag.py:588} INFO - Filling up the DagBag from /opt/airflow/dags/new_dags.py
[2025-02-13T20:16:53.012+0000] {processor.py:925} INFO - DAG(s) 'welcome_dag' retrieved from /opt/airflow/dags/new_dags.py
[2025-02-13T20:16:53.045+0000] {logging_mixin.py:190} INFO - [2025-02-13T20:16:53.045+0000] {dag.py:3239} INFO - Sync 1 DAGs
[2025-02-13T20:16:53.090+0000] {logging_mixin.py:190} INFO - [2025-02-13T20:16:53.090+0000] {dag.py:4180} INFO - Setting next_dagrun for welcome_dag to 2025-02-13 20:15:00+00:00, run_after=2025-02-13 20:16:00+00:00
[2025-02-13T20:16:53.159+0000] {processor.py:208} INFO - Processing /opt/airflow/dags/new_dags.py took 0.188 seconds
[2025-02-13T20:17:26.049+0000] {processor.py:186} INFO - Started process (PID=89) to work on /opt/airflow/dags/new_dags.py
[2025-02-13T20:17:26.050+0000] {processor.py:914} INFO - Processing file /opt/airflow/dags/new_dags.py for tasks to queue
[2025-02-13T20:17:26.052+0000] {logging_mixin.py:190} INFO - [2025-02-13T20:17:26.052+0000] {dagbag.py:588} INFO - Filling up the DagBag from /opt/airflow/dags/new_dags.py
[2025-02-13T20:17:26.082+0000] {processor.py:925} INFO - DAG(s) 'welcome_dag' retrieved from /opt/airflow/dags/new_dags.py
[2025-02-13T20:17:26.127+0000] {logging_mixin.py:190} INFO - [2025-02-13T20:17:26.126+0000] {dag.py:3239} INFO - Sync 1 DAGs
[2025-02-13T20:17:26.170+0000] {logging_mixin.py:190} INFO - [2025-02-13T20:17:26.169+0000] {dag.py:4180} INFO - Setting next_dagrun for welcome_dag to 2025-02-13 20:16:00+00:00, run_after=2025-02-13 20:17:00+00:00
[2025-02-13T20:17:26.240+0000] {processor.py:208} INFO - Processing /opt/airflow/dags/new_dags.py took 0.197 seconds
[2025-02-13T20:17:58.654+0000] {processor.py:186} INFO - Started process (PID=90) to work on /opt/airflow/dags/new_dags.py
[2025-02-13T20:17:58.656+0000] {processor.py:914} INFO - Processing file /opt/airflow/dags/new_dags.py for tasks to queue
[2025-02-13T20:17:58.658+0000] {logging_mixin.py:190} INFO - [2025-02-13T20:17:58.658+0000] {dagbag.py:588} INFO - Filling up the DagBag from /opt/airflow/dags/new_dags.py
[2025-02-13T20:17:58.696+0000] {processor.py:925} INFO - DAG(s) 'welcome_dag' retrieved from /opt/airflow/dags/new_dags.py
[2025-02-13T20:17:58.753+0000] {logging_mixin.py:190} INFO - [2025-02-13T20:17:58.753+0000] {dag.py:3239} INFO - Sync 1 DAGs
[2025-02-13T20:17:58.808+0000] {logging_mixin.py:190} INFO - [2025-02-13T20:17:58.808+0000] {dag.py:4180} INFO - Setting next_dagrun for welcome_dag to 2025-02-13 20:16:00+00:00, run_after=2025-02-13 20:17:00+00:00
[2025-02-13T20:17:58.932+0000] {processor.py:208} INFO - Processing /opt/airflow/dags/new_dags.py took 0.284 seconds
[2025-02-13T20:18:31.186+0000] {processor.py:186} INFO - Started process (PID=91) to work on /opt/airflow/dags/new_dags.py
[2025-02-13T20:18:31.188+0000] {processor.py:914} INFO - Processing file /opt/airflow/dags/new_dags.py for tasks to queue
[2025-02-13T20:18:31.191+0000] {logging_mixin.py:190} INFO - [2025-02-13T20:18:31.190+0000] {dagbag.py:588} INFO - Filling up the DagBag from /opt/airflow/dags/new_dags.py
[2025-02-13T20:18:31.233+0000] {processor.py:925} INFO - DAG(s) 'welcome_dag' retrieved from /opt/airflow/dags/new_dags.py
[2025-02-13T20:18:31.289+0000] {logging_mixin.py:190} INFO - [2025-02-13T20:18:31.289+0000] {dag.py:3239} INFO - Sync 1 DAGs
[2025-02-13T20:18:31.343+0000] {logging_mixin.py:190} INFO - [2025-02-13T20:18:31.343+0000] {dag.py:4180} INFO - Setting next_dagrun for welcome_dag to 2025-02-13 20:17:00+00:00, run_after=2025-02-13 20:18:00+00:00
[2025-02-13T20:18:31.472+0000] {processor.py:208} INFO - Processing /opt/airflow/dags/new_dags.py took 0.294 seconds
[2025-02-13T20:19:03.970+0000] {processor.py:186} INFO - Started process (PID=92) to work on /opt/airflow/dags/new_dags.py
[2025-02-13T20:19:03.971+0000] {processor.py:914} INFO - Processing file /opt/airflow/dags/new_dags.py for tasks to queue
[2025-02-13T20:19:03.978+0000] {logging_mixin.py:190} INFO - [2025-02-13T20:19:03.975+0000] {dagbag.py:588} INFO - Filling up the DagBag from /opt/airflow/dags/new_dags.py
[2025-02-13T20:19:04.016+0000] {processor.py:925} INFO - DAG(s) 'welcome_dag' retrieved from /opt/airflow/dags/new_dags.py
[2025-02-13T20:19:04.061+0000] {logging_mixin.py:190} INFO - [2025-02-13T20:19:04.061+0000] {dag.py:3239} INFO - Sync 1 DAGs
[2025-02-13T20:19:04.110+0000] {logging_mixin.py:190} INFO - [2025-02-13T20:19:04.110+0000] {dag.py:4180} INFO - Setting next_dagrun for welcome_dag to 2025-02-13 20:18:00+00:00, run_after=2025-02-13 20:19:00+00:00
[2025-02-13T20:19:04.180+0000] {processor.py:208} INFO - Processing /opt/airflow/dags/new_dags.py took 0.222 seconds
[2025-02-13T20:19:36.614+0000] {processor.py:186} INFO - Started process (PID=93) to work on /opt/airflow/dags/new_dags.py
[2025-02-13T20:19:36.615+0000] {processor.py:914} INFO - Processing file /opt/airflow/dags/new_dags.py for tasks to queue
[2025-02-13T20:19:36.617+0000] {logging_mixin.py:190} INFO - [2025-02-13T20:19:36.617+0000] {dagbag.py:588} INFO - Filling up the DagBag from /opt/airflow/dags/new_dags.py
[2025-02-13T20:19:36.658+0000] {processor.py:925} INFO - DAG(s) 'welcome_dag' retrieved from /opt/airflow/dags/new_dags.py
[2025-02-13T20:19:36.704+0000] {logging_mixin.py:190} INFO - [2025-02-13T20:19:36.704+0000] {dag.py:3239} INFO - Sync 1 DAGs
[2025-02-13T20:19:36.749+0000] {logging_mixin.py:190} INFO - [2025-02-13T20:19:36.749+0000] {dag.py:4180} INFO - Setting next_dagrun for welcome_dag to 2025-02-13 20:18:00+00:00, run_after=2025-02-13 20:19:00+00:00
[2025-02-13T20:19:36.830+0000] {processor.py:208} INFO - Processing /opt/airflow/dags/new_dags.py took 0.222 seconds
[2025-02-13T20:20:09.806+0000] {processor.py:186} INFO - Started process (PID=94) to work on /opt/airflow/dags/new_dags.py
[2025-02-13T20:20:09.807+0000] {processor.py:914} INFO - Processing file /opt/airflow/dags/new_dags.py for tasks to queue
[2025-02-13T20:20:09.809+0000] {logging_mixin.py:190} INFO - [2025-02-13T20:20:09.809+0000] {dagbag.py:588} INFO - Filling up the DagBag from /opt/airflow/dags/new_dags.py
[2025-02-13T20:20:09.839+0000] {processor.py:925} INFO - DAG(s) 'welcome_dag' retrieved from /opt/airflow/dags/new_dags.py
[2025-02-13T20:20:09.881+0000] {logging_mixin.py:190} INFO - [2025-02-13T20:20:09.881+0000] {dag.py:3239} INFO - Sync 1 DAGs
[2025-02-13T20:20:09.925+0000] {logging_mixin.py:190} INFO - [2025-02-13T20:20:09.924+0000] {dag.py:4180} INFO - Setting next_dagrun for welcome_dag to 2025-02-13 20:19:00+00:00, run_after=2025-02-13 20:20:00+00:00
[2025-02-13T20:20:10.006+0000] {processor.py:208} INFO - Processing /opt/airflow/dags/new_dags.py took 0.204 seconds
[2025-02-13T20:20:42.233+0000] {processor.py:186} INFO - Started process (PID=95) to work on /opt/airflow/dags/new_dags.py
[2025-02-13T20:20:42.235+0000] {processor.py:914} INFO - Processing file /opt/airflow/dags/new_dags.py for tasks to queue
[2025-02-13T20:20:42.238+0000] {logging_mixin.py:190} INFO - [2025-02-13T20:20:42.237+0000] {dagbag.py:588} INFO - Filling up the DagBag from /opt/airflow/dags/new_dags.py
[2025-02-13T20:20:42.283+0000] {processor.py:925} INFO - DAG(s) 'welcome_dag' retrieved from /opt/airflow/dags/new_dags.py
[2025-02-13T20:20:42.334+0000] {logging_mixin.py:190} INFO - [2025-02-13T20:20:42.334+0000] {dag.py:3239} INFO - Sync 1 DAGs
[2025-02-13T20:20:42.387+0000] {logging_mixin.py:190} INFO - [2025-02-13T20:20:42.386+0000] {dag.py:4180} INFO - Setting next_dagrun for welcome_dag to 2025-02-13 20:19:00+00:00, run_after=2025-02-13 20:20:00+00:00
[2025-02-13T20:20:42.472+0000] {processor.py:208} INFO - Processing /opt/airflow/dags/new_dags.py took 0.250 seconds
[2025-02-13T20:21:14.907+0000] {processor.py:186} INFO - Started process (PID=96) to work on /opt/airflow/dags/new_dags.py
[2025-02-13T20:21:14.908+0000] {processor.py:914} INFO - Processing file /opt/airflow/dags/new_dags.py for tasks to queue
[2025-02-13T20:21:14.910+0000] {logging_mixin.py:190} INFO - [2025-02-13T20:21:14.910+0000] {dagbag.py:588} INFO - Filling up the DagBag from /opt/airflow/dags/new_dags.py
[2025-02-13T20:21:14.941+0000] {processor.py:925} INFO - DAG(s) 'welcome_dag' retrieved from /opt/airflow/dags/new_dags.py
[2025-02-13T20:21:14.978+0000] {logging_mixin.py:190} INFO - [2025-02-13T20:21:14.978+0000] {dag.py:3239} INFO - Sync 1 DAGs
[2025-02-13T20:21:15.019+0000] {logging_mixin.py:190} INFO - [2025-02-13T20:21:15.019+0000] {dag.py:4180} INFO - Setting next_dagrun for welcome_dag to 2025-02-13 20:20:00+00:00, run_after=2025-02-13 20:21:00+00:00
[2025-02-13T20:21:15.091+0000] {processor.py:208} INFO - Processing /opt/airflow/dags/new_dags.py took 0.202 seconds
[2025-02-13T20:21:47.299+0000] {processor.py:186} INFO - Started process (PID=97) to work on /opt/airflow/dags/new_dags.py
[2025-02-13T20:21:47.301+0000] {processor.py:914} INFO - Processing file /opt/airflow/dags/new_dags.py for tasks to queue
[2025-02-13T20:21:47.308+0000] {logging_mixin.py:190} INFO - [2025-02-13T20:21:47.307+0000] {dagbag.py:588} INFO - Filling up the DagBag from /opt/airflow/dags/new_dags.py
[2025-02-13T20:21:47.343+0000] {processor.py:925} INFO - DAG(s) 'welcome_dag' retrieved from /opt/airflow/dags/new_dags.py
[2025-02-13T20:21:47.384+0000] {logging_mixin.py:190} INFO - [2025-02-13T20:21:47.383+0000] {dag.py:3239} INFO - Sync 1 DAGs
[2025-02-13T20:21:47.431+0000] {logging_mixin.py:190} INFO - [2025-02-13T20:21:47.430+0000] {dag.py:4180} INFO - Setting next_dagrun for welcome_dag to 2025-02-13 20:20:00+00:00, run_after=2025-02-13 20:21:00+00:00
[2025-02-13T20:21:47.508+0000] {processor.py:208} INFO - Processing /opt/airflow/dags/new_dags.py took 0.218 seconds
[2025-02-13T20:22:20.834+0000] {processor.py:186} INFO - Started process (PID=98) to work on /opt/airflow/dags/new_dags.py
[2025-02-13T20:22:20.836+0000] {processor.py:914} INFO - Processing file /opt/airflow/dags/new_dags.py for tasks to queue
[2025-02-13T20:22:20.838+0000] {logging_mixin.py:190} INFO - [2025-02-13T20:22:20.838+0000] {dagbag.py:588} INFO - Filling up the DagBag from /opt/airflow/dags/new_dags.py
[2025-02-13T20:22:20.871+0000] {processor.py:925} INFO - DAG(s) 'welcome_dag' retrieved from /opt/airflow/dags/new_dags.py
[2025-02-13T20:22:20.916+0000] {logging_mixin.py:190} INFO - [2025-02-13T20:22:20.915+0000] {dag.py:3239} INFO - Sync 1 DAGs
[2025-02-13T20:22:20.964+0000] {logging_mixin.py:190} INFO - [2025-02-13T20:22:20.964+0000] {dag.py:4180} INFO - Setting next_dagrun for welcome_dag to 2025-02-13 20:21:00+00:00, run_after=2025-02-13 20:22:00+00:00
[2025-02-13T20:22:21.051+0000] {processor.py:208} INFO - Processing /opt/airflow/dags/new_dags.py took 0.226 seconds
[2025-02-13T20:22:52.807+0000] {processor.py:186} INFO - Started process (PID=99) to work on /opt/airflow/dags/new_dags.py
[2025-02-13T20:22:52.808+0000] {processor.py:914} INFO - Processing file /opt/airflow/dags/new_dags.py for tasks to queue
[2025-02-13T20:22:52.811+0000] {logging_mixin.py:190} INFO - [2025-02-13T20:22:52.811+0000] {dagbag.py:588} INFO - Filling up the DagBag from /opt/airflow/dags/new_dags.py
[2025-02-13T20:22:52.848+0000] {processor.py:925} INFO - DAG(s) 'welcome_dag' retrieved from /opt/airflow/dags/new_dags.py
[2025-02-13T20:22:52.891+0000] {logging_mixin.py:190} INFO - [2025-02-13T20:22:52.891+0000] {dag.py:3239} INFO - Sync 1 DAGs
[2025-02-13T20:22:52.938+0000] {logging_mixin.py:190} INFO - [2025-02-13T20:22:52.938+0000] {dag.py:4180} INFO - Setting next_dagrun for welcome_dag to 2025-02-13 20:21:00+00:00, run_after=2025-02-13 20:22:00+00:00
[2025-02-13T20:22:53.021+0000] {processor.py:208} INFO - Processing /opt/airflow/dags/new_dags.py took 0.230 seconds
[2025-02-13T20:23:25.729+0000] {processor.py:186} INFO - Started process (PID=100) to work on /opt/airflow/dags/new_dags.py
[2025-02-13T20:23:25.731+0000] {processor.py:914} INFO - Processing file /opt/airflow/dags/new_dags.py for tasks to queue
[2025-02-13T20:23:25.733+0000] {logging_mixin.py:190} INFO - [2025-02-13T20:23:25.732+0000] {dagbag.py:588} INFO - Filling up the DagBag from /opt/airflow/dags/new_dags.py
[2025-02-13T20:23:25.766+0000] {processor.py:925} INFO - DAG(s) 'welcome_dag' retrieved from /opt/airflow/dags/new_dags.py
[2025-02-13T20:23:25.808+0000] {logging_mixin.py:190} INFO - [2025-02-13T20:23:25.808+0000] {dag.py:3239} INFO - Sync 1 DAGs
[2025-02-13T20:23:25.852+0000] {logging_mixin.py:190} INFO - [2025-02-13T20:23:25.851+0000] {dag.py:4180} INFO - Setting next_dagrun for welcome_dag to 2025-02-13 20:22:00+00:00, run_after=2025-02-13 20:23:00+00:00
[2025-02-13T20:23:25.934+0000] {processor.py:208} INFO - Processing /opt/airflow/dags/new_dags.py took 0.210 seconds
[2025-02-13T20:23:58.776+0000] {processor.py:186} INFO - Started process (PID=101) to work on /opt/airflow/dags/new_dags.py
[2025-02-13T20:23:58.780+0000] {processor.py:914} INFO - Processing file /opt/airflow/dags/new_dags.py for tasks to queue
[2025-02-13T20:23:58.782+0000] {logging_mixin.py:190} INFO - [2025-02-13T20:23:58.782+0000] {dagbag.py:588} INFO - Filling up the DagBag from /opt/airflow/dags/new_dags.py
[2025-02-13T20:23:58.813+0000] {processor.py:925} INFO - DAG(s) 'welcome_dag' retrieved from /opt/airflow/dags/new_dags.py
[2025-02-13T20:23:58.851+0000] {logging_mixin.py:190} INFO - [2025-02-13T20:23:58.850+0000] {dag.py:3239} INFO - Sync 1 DAGs
[2025-02-13T20:23:58.891+0000] {logging_mixin.py:190} INFO - [2025-02-13T20:23:58.891+0000] {dag.py:4180} INFO - Setting next_dagrun for welcome_dag to 2025-02-13 20:22:00+00:00, run_after=2025-02-13 20:23:00+00:00
[2025-02-13T20:23:58.954+0000] {processor.py:208} INFO - Processing /opt/airflow/dags/new_dags.py took 0.184 seconds
[2025-02-13T20:24:30.940+0000] {processor.py:186} INFO - Started process (PID=102) to work on /opt/airflow/dags/new_dags.py
[2025-02-13T20:24:30.942+0000] {processor.py:914} INFO - Processing file /opt/airflow/dags/new_dags.py for tasks to queue
[2025-02-13T20:24:30.944+0000] {logging_mixin.py:190} INFO - [2025-02-13T20:24:30.944+0000] {dagbag.py:588} INFO - Filling up the DagBag from /opt/airflow/dags/new_dags.py
[2025-02-13T20:24:30.986+0000] {processor.py:925} INFO - DAG(s) 'welcome_dag' retrieved from /opt/airflow/dags/new_dags.py
[2025-02-13T20:24:31.039+0000] {logging_mixin.py:190} INFO - [2025-02-13T20:24:31.038+0000] {dag.py:3239} INFO - Sync 1 DAGs
[2025-02-13T20:24:31.086+0000] {logging_mixin.py:190} INFO - [2025-02-13T20:24:31.085+0000] {dag.py:4180} INFO - Setting next_dagrun for welcome_dag to 2025-02-13 20:23:00+00:00, run_after=2025-02-13 20:24:00+00:00
[2025-02-13T20:24:31.164+0000] {processor.py:208} INFO - Processing /opt/airflow/dags/new_dags.py took 0.237 seconds
[2025-02-13T20:25:03.703+0000] {processor.py:186} INFO - Started process (PID=103) to work on /opt/airflow/dags/new_dags.py
[2025-02-13T20:25:03.705+0000] {processor.py:914} INFO - Processing file /opt/airflow/dags/new_dags.py for tasks to queue
[2025-02-13T20:25:03.707+0000] {logging_mixin.py:190} INFO - [2025-02-13T20:25:03.706+0000] {dagbag.py:588} INFO - Filling up the DagBag from /opt/airflow/dags/new_dags.py
[2025-02-13T20:25:03.739+0000] {processor.py:925} INFO - DAG(s) 'welcome_dag' retrieved from /opt/airflow/dags/new_dags.py
[2025-02-13T20:25:03.775+0000] {logging_mixin.py:190} INFO - [2025-02-13T20:25:03.775+0000] {dag.py:3239} INFO - Sync 1 DAGs
[2025-02-13T20:25:03.817+0000] {logging_mixin.py:190} INFO - [2025-02-13T20:25:03.816+0000] {dag.py:4180} INFO - Setting next_dagrun for welcome_dag to 2025-02-13 20:24:00+00:00, run_after=2025-02-13 20:25:00+00:00
[2025-02-13T20:25:03.887+0000] {processor.py:208} INFO - Processing /opt/airflow/dags/new_dags.py took 0.191 seconds
[2025-02-13T20:25:36.510+0000] {processor.py:186} INFO - Started process (PID=104) to work on /opt/airflow/dags/new_dags.py
[2025-02-13T20:25:36.511+0000] {processor.py:914} INFO - Processing file /opt/airflow/dags/new_dags.py for tasks to queue
[2025-02-13T20:25:36.513+0000] {logging_mixin.py:190} INFO - [2025-02-13T20:25:36.513+0000] {dagbag.py:588} INFO - Filling up the DagBag from /opt/airflow/dags/new_dags.py
[2025-02-13T20:25:36.557+0000] {processor.py:925} INFO - DAG(s) 'welcome_dag' retrieved from /opt/airflow/dags/new_dags.py
[2025-02-13T20:25:36.598+0000] {logging_mixin.py:190} INFO - [2025-02-13T20:25:36.598+0000] {dag.py:3239} INFO - Sync 1 DAGs
[2025-02-13T20:25:36.643+0000] {logging_mixin.py:190} INFO - [2025-02-13T20:25:36.643+0000] {dag.py:4180} INFO - Setting next_dagrun for welcome_dag to 2025-02-13 20:24:00+00:00, run_after=2025-02-13 20:25:00+00:00
[2025-02-13T20:25:36.711+0000] {processor.py:208} INFO - Processing /opt/airflow/dags/new_dags.py took 0.207 seconds
[2025-02-13T20:26:10.164+0000] {processor.py:186} INFO - Started process (PID=105) to work on /opt/airflow/dags/new_dags.py
[2025-02-13T20:26:10.166+0000] {processor.py:914} INFO - Processing file /opt/airflow/dags/new_dags.py for tasks to queue
[2025-02-13T20:26:10.170+0000] {logging_mixin.py:190} INFO - [2025-02-13T20:26:10.169+0000] {dagbag.py:588} INFO - Filling up the DagBag from /opt/airflow/dags/new_dags.py
[2025-02-13T20:26:10.226+0000] {processor.py:925} INFO - DAG(s) 'welcome_dag' retrieved from /opt/airflow/dags/new_dags.py
[2025-02-13T20:26:10.273+0000] {logging_mixin.py:190} INFO - [2025-02-13T20:26:10.272+0000] {dag.py:3239} INFO - Sync 1 DAGs
[2025-02-13T20:26:10.313+0000] {logging_mixin.py:190} INFO - [2025-02-13T20:26:10.312+0000] {dag.py:4180} INFO - Setting next_dagrun for welcome_dag to 2025-02-13 20:25:00+00:00, run_after=2025-02-13 20:26:00+00:00
[2025-02-13T20:26:10.423+0000] {processor.py:208} INFO - Processing /opt/airflow/dags/new_dags.py took 0.264 seconds
[2025-02-13T20:26:41.444+0000] {processor.py:186} INFO - Started process (PID=106) to work on /opt/airflow/dags/new_dags.py
[2025-02-13T20:26:41.445+0000] {processor.py:914} INFO - Processing file /opt/airflow/dags/new_dags.py for tasks to queue
[2025-02-13T20:26:41.447+0000] {logging_mixin.py:190} INFO - [2025-02-13T20:26:41.447+0000] {dagbag.py:588} INFO - Filling up the DagBag from /opt/airflow/dags/new_dags.py
[2025-02-13T20:26:41.493+0000] {processor.py:925} INFO - DAG(s) 'welcome_dag' retrieved from /opt/airflow/dags/new_dags.py
[2025-02-13T20:26:41.530+0000] {logging_mixin.py:190} INFO - [2025-02-13T20:26:41.529+0000] {dag.py:3239} INFO - Sync 1 DAGs
[2025-02-13T20:26:41.568+0000] {logging_mixin.py:190} INFO - [2025-02-13T20:26:41.568+0000] {dag.py:4180} INFO - Setting next_dagrun for welcome_dag to 2025-02-13 20:25:00+00:00, run_after=2025-02-13 20:26:00+00:00
[2025-02-13T20:26:41.664+0000] {processor.py:208} INFO - Processing /opt/airflow/dags/new_dags.py took 0.227 seconds
[2025-02-13T20:27:13.261+0000] {processor.py:186} INFO - Started process (PID=107) to work on /opt/airflow/dags/new_dags.py
[2025-02-13T20:27:13.262+0000] {processor.py:914} INFO - Processing file /opt/airflow/dags/new_dags.py for tasks to queue
[2025-02-13T20:27:13.265+0000] {logging_mixin.py:190} INFO - [2025-02-13T20:27:13.264+0000] {dagbag.py:588} INFO - Filling up the DagBag from /opt/airflow/dags/new_dags.py
[2025-02-13T20:27:13.288+0000] {processor.py:925} INFO - DAG(s) 'welcome_dag' retrieved from /opt/airflow/dags/new_dags.py
[2025-02-13T20:27:13.313+0000] {logging_mixin.py:190} INFO - [2025-02-13T20:27:13.313+0000] {dag.py:3239} INFO - Sync 1 DAGs
[2025-02-13T20:27:13.340+0000] {logging_mixin.py:190} INFO - [2025-02-13T20:27:13.339+0000] {dag.py:4180} INFO - Setting next_dagrun for welcome_dag to 2025-02-13 20:26:00+00:00, run_after=2025-02-13 20:27:00+00:00
[2025-02-13T20:27:13.399+0000] {processor.py:208} INFO - Processing /opt/airflow/dags/new_dags.py took 0.149 seconds
[2025-02-13T20:27:45.295+0000] {processor.py:186} INFO - Started process (PID=108) to work on /opt/airflow/dags/new_dags.py
[2025-02-13T20:27:45.297+0000] {processor.py:914} INFO - Processing file /opt/airflow/dags/new_dags.py for tasks to queue
[2025-02-13T20:27:45.300+0000] {logging_mixin.py:190} INFO - [2025-02-13T20:27:45.299+0000] {dagbag.py:588} INFO - Filling up the DagBag from /opt/airflow/dags/new_dags.py
[2025-02-13T20:27:45.335+0000] {processor.py:925} INFO - DAG(s) 'welcome_dag' retrieved from /opt/airflow/dags/new_dags.py
[2025-02-13T20:27:45.372+0000] {logging_mixin.py:190} INFO - [2025-02-13T20:27:45.372+0000] {dag.py:3239} INFO - Sync 1 DAGs
[2025-02-13T20:27:45.404+0000] {logging_mixin.py:190} INFO - [2025-02-13T20:27:45.404+0000] {dag.py:4180} INFO - Setting next_dagrun for welcome_dag to 2025-02-13 20:26:00+00:00, run_after=2025-02-13 20:27:00+00:00
[2025-02-13T20:27:45.491+0000] {processor.py:208} INFO - Processing /opt/airflow/dags/new_dags.py took 0.214 seconds
[2025-02-13T20:28:18.623+0000] {processor.py:186} INFO - Started process (PID=109) to work on /opt/airflow/dags/new_dags.py
[2025-02-13T20:28:18.624+0000] {processor.py:914} INFO - Processing file /opt/airflow/dags/new_dags.py for tasks to queue
[2025-02-13T20:28:18.627+0000] {logging_mixin.py:190} INFO - [2025-02-13T20:28:18.627+0000] {dagbag.py:588} INFO - Filling up the DagBag from /opt/airflow/dags/new_dags.py
[2025-02-13T20:28:18.687+0000] {processor.py:925} INFO - DAG(s) 'welcome_dag' retrieved from /opt/airflow/dags/new_dags.py
[2025-02-13T20:28:18.727+0000] {logging_mixin.py:190} INFO - [2025-02-13T20:28:18.727+0000] {dag.py:3239} INFO - Sync 1 DAGs
[2025-02-13T20:28:18.764+0000] {logging_mixin.py:190} INFO - [2025-02-13T20:28:18.763+0000] {dag.py:4180} INFO - Setting next_dagrun for welcome_dag to 2025-02-13 20:27:00+00:00, run_after=2025-02-13 20:28:00+00:00
[2025-02-13T20:28:18.869+0000] {processor.py:208} INFO - Processing /opt/airflow/dags/new_dags.py took 0.254 seconds
[2025-02-13T20:28:50.867+0000] {processor.py:186} INFO - Started process (PID=110) to work on /opt/airflow/dags/new_dags.py
[2025-02-13T20:28:50.868+0000] {processor.py:914} INFO - Processing file /opt/airflow/dags/new_dags.py for tasks to queue
[2025-02-13T20:28:50.872+0000] {logging_mixin.py:190} INFO - [2025-02-13T20:28:50.871+0000] {dagbag.py:588} INFO - Filling up the DagBag from /opt/airflow/dags/new_dags.py
[2025-02-13T20:28:50.908+0000] {processor.py:925} INFO - DAG(s) 'welcome_dag' retrieved from /opt/airflow/dags/new_dags.py
[2025-02-13T20:28:50.959+0000] {logging_mixin.py:190} INFO - [2025-02-13T20:28:50.959+0000] {dag.py:3239} INFO - Sync 1 DAGs
[2025-02-13T20:28:51.003+0000] {logging_mixin.py:190} INFO - [2025-02-13T20:28:51.003+0000] {dag.py:4180} INFO - Setting next_dagrun for welcome_dag to 2025-02-13 20:27:00+00:00, run_after=2025-02-13 20:28:00+00:00
[2025-02-13T20:28:51.107+0000] {processor.py:208} INFO - Processing /opt/airflow/dags/new_dags.py took 0.246 seconds
[2025-02-13T20:29:23.586+0000] {processor.py:186} INFO - Started process (PID=111) to work on /opt/airflow/dags/new_dags.py
[2025-02-13T20:29:23.588+0000] {processor.py:914} INFO - Processing file /opt/airflow/dags/new_dags.py for tasks to queue
[2025-02-13T20:29:23.590+0000] {logging_mixin.py:190} INFO - [2025-02-13T20:29:23.590+0000] {dagbag.py:588} INFO - Filling up the DagBag from /opt/airflow/dags/new_dags.py
[2025-02-13T20:29:23.635+0000] {processor.py:925} INFO - DAG(s) 'welcome_dag' retrieved from /opt/airflow/dags/new_dags.py
[2025-02-13T20:29:23.684+0000] {logging_mixin.py:190} INFO - [2025-02-13T20:29:23.684+0000] {dag.py:3239} INFO - Sync 1 DAGs
[2025-02-13T20:29:23.753+0000] {logging_mixin.py:190} INFO - [2025-02-13T20:29:23.752+0000] {dag.py:4180} INFO - Setting next_dagrun for welcome_dag to 2025-02-13 20:28:00+00:00, run_after=2025-02-13 20:29:00+00:00
[2025-02-13T20:29:23.860+0000] {processor.py:208} INFO - Processing /opt/airflow/dags/new_dags.py took 0.280 seconds
[2025-02-13T20:29:56.330+0000] {processor.py:186} INFO - Started process (PID=112) to work on /opt/airflow/dags/new_dags.py
[2025-02-13T20:29:56.331+0000] {processor.py:914} INFO - Processing file /opt/airflow/dags/new_dags.py for tasks to queue
[2025-02-13T20:29:56.334+0000] {logging_mixin.py:190} INFO - [2025-02-13T20:29:56.333+0000] {dagbag.py:588} INFO - Filling up the DagBag from /opt/airflow/dags/new_dags.py
[2025-02-13T20:29:56.392+0000] {processor.py:925} INFO - DAG(s) 'welcome_dag' retrieved from /opt/airflow/dags/new_dags.py
[2025-02-13T20:29:56.458+0000] {logging_mixin.py:190} INFO - [2025-02-13T20:29:56.457+0000] {dag.py:3239} INFO - Sync 1 DAGs
[2025-02-13T20:29:56.507+0000] {logging_mixin.py:190} INFO - [2025-02-13T20:29:56.507+0000] {dag.py:4180} INFO - Setting next_dagrun for welcome_dag to 2025-02-13 20:28:00+00:00, run_after=2025-02-13 20:29:00+00:00
[2025-02-13T20:29:56.643+0000] {processor.py:208} INFO - Processing /opt/airflow/dags/new_dags.py took 0.319 seconds
[2025-02-13T20:30:43.256+0000] {processor.py:186} INFO - Started process (PID=113) to work on /opt/airflow/dags/new_dags.py
[2025-02-13T20:30:43.258+0000] {processor.py:914} INFO - Processing file /opt/airflow/dags/new_dags.py for tasks to queue
[2025-02-13T20:30:43.262+0000] {logging_mixin.py:190} INFO - [2025-02-13T20:30:43.261+0000] {dagbag.py:588} INFO - Filling up the DagBag from /opt/airflow/dags/new_dags.py
[2025-02-13T20:30:43.318+0000] {processor.py:925} INFO - DAG(s) 'welcome_dag' retrieved from /opt/airflow/dags/new_dags.py
[2025-02-13T20:30:43.364+0000] {logging_mixin.py:190} INFO - [2025-02-13T20:30:43.363+0000] {dag.py:3239} INFO - Sync 1 DAGs
[2025-02-13T20:30:43.400+0000] {logging_mixin.py:190} INFO - [2025-02-13T20:30:43.399+0000] {dag.py:4180} INFO - Setting next_dagrun for welcome_dag to 2025-02-13 20:29:00+00:00, run_after=2025-02-13 20:30:00+00:00
[2025-02-13T20:30:43.474+0000] {processor.py:208} INFO - Processing /opt/airflow/dags/new_dags.py took 0.227 seconds
[2025-02-13T20:31:13.874+0000] {processor.py:186} INFO - Started process (PID=114) to work on /opt/airflow/dags/new_dags.py
[2025-02-13T20:31:13.879+0000] {processor.py:914} INFO - Processing file /opt/airflow/dags/new_dags.py for tasks to queue
[2025-02-13T20:31:13.883+0000] {logging_mixin.py:190} INFO - [2025-02-13T20:31:13.882+0000] {dagbag.py:588} INFO - Filling up the DagBag from /opt/airflow/dags/new_dags.py
[2025-02-13T20:31:13.960+0000] {processor.py:925} INFO - DAG(s) 'welcome_dag' retrieved from /opt/airflow/dags/new_dags.py
[2025-02-13T20:31:14.050+0000] {logging_mixin.py:190} INFO - [2025-02-13T20:31:14.049+0000] {dag.py:3239} INFO - Sync 1 DAGs
[2025-02-13T20:31:14.101+0000] {logging_mixin.py:190} INFO - [2025-02-13T20:31:14.101+0000] {dag.py:4180} INFO - Setting next_dagrun for welcome_dag to 2025-02-13 20:30:00+00:00, run_after=2025-02-13 20:31:00+00:00
[2025-02-13T20:31:14.292+0000] {processor.py:208} INFO - Processing /opt/airflow/dags/new_dags.py took 0.444 seconds
[2025-02-13T20:31:44.823+0000] {processor.py:186} INFO - Started process (PID=115) to work on /opt/airflow/dags/new_dags.py
[2025-02-13T20:31:44.826+0000] {processor.py:914} INFO - Processing file /opt/airflow/dags/new_dags.py for tasks to queue
[2025-02-13T20:31:44.829+0000] {logging_mixin.py:190} INFO - [2025-02-13T20:31:44.829+0000] {dagbag.py:588} INFO - Filling up the DagBag from /opt/airflow/dags/new_dags.py
[2025-02-13T20:31:44.921+0000] {processor.py:925} INFO - DAG(s) 'welcome_dag' retrieved from /opt/airflow/dags/new_dags.py
[2025-02-13T20:31:44.990+0000] {logging_mixin.py:190} INFO - [2025-02-13T20:31:44.990+0000] {dag.py:3239} INFO - Sync 1 DAGs
[2025-02-13T20:31:45.037+0000] {logging_mixin.py:190} INFO - [2025-02-13T20:31:45.036+0000] {dag.py:4180} INFO - Setting next_dagrun for welcome_dag to 2025-02-13 20:30:00+00:00, run_after=2025-02-13 20:31:00+00:00
[2025-02-13T20:31:45.161+0000] {processor.py:208} INFO - Processing /opt/airflow/dags/new_dags.py took 0.357 seconds
[2025-02-13T20:32:15.963+0000] {processor.py:186} INFO - Started process (PID=116) to work on /opt/airflow/dags/new_dags.py
[2025-02-13T20:32:15.967+0000] {processor.py:914} INFO - Processing file /opt/airflow/dags/new_dags.py for tasks to queue
[2025-02-13T20:32:15.980+0000] {logging_mixin.py:190} INFO - [2025-02-13T20:32:15.980+0000] {dagbag.py:588} INFO - Filling up the DagBag from /opt/airflow/dags/new_dags.py
[2025-02-13T20:32:16.037+0000] {processor.py:925} INFO - DAG(s) 'welcome_dag' retrieved from /opt/airflow/dags/new_dags.py
[2025-02-13T20:32:16.087+0000] {logging_mixin.py:190} INFO - [2025-02-13T20:32:16.085+0000] {dag.py:3239} INFO - Sync 1 DAGs
[2025-02-13T20:32:16.165+0000] {logging_mixin.py:190} INFO - [2025-02-13T20:32:16.165+0000] {dag.py:4180} INFO - Setting next_dagrun for welcome_dag to 2025-02-13 20:31:00+00:00, run_after=2025-02-13 20:32:00+00:00
[2025-02-13T20:32:16.306+0000] {processor.py:208} INFO - Processing /opt/airflow/dags/new_dags.py took 0.350 seconds
[2025-02-13T20:32:47.188+0000] {processor.py:186} INFO - Started process (PID=117) to work on /opt/airflow/dags/new_dags.py
[2025-02-13T20:32:47.190+0000] {processor.py:914} INFO - Processing file /opt/airflow/dags/new_dags.py for tasks to queue
[2025-02-13T20:32:47.194+0000] {logging_mixin.py:190} INFO - [2025-02-13T20:32:47.193+0000] {dagbag.py:588} INFO - Filling up the DagBag from /opt/airflow/dags/new_dags.py
[2025-02-13T20:32:47.236+0000] {processor.py:925} INFO - DAG(s) 'welcome_dag' retrieved from /opt/airflow/dags/new_dags.py
[2025-02-13T20:32:47.282+0000] {logging_mixin.py:190} INFO - [2025-02-13T20:32:47.281+0000] {dag.py:3239} INFO - Sync 1 DAGs
[2025-02-13T20:32:47.318+0000] {logging_mixin.py:190} INFO - [2025-02-13T20:32:47.318+0000] {dag.py:4180} INFO - Setting next_dagrun for welcome_dag to 2025-02-13 20:31:00+00:00, run_after=2025-02-13 20:32:00+00:00
[2025-02-13T20:32:47.407+0000] {processor.py:208} INFO - Processing /opt/airflow/dags/new_dags.py took 0.239 seconds
[2025-02-13T20:33:17.744+0000] {processor.py:186} INFO - Started process (PID=118) to work on /opt/airflow/dags/new_dags.py
[2025-02-13T20:33:17.746+0000] {processor.py:914} INFO - Processing file /opt/airflow/dags/new_dags.py for tasks to queue
[2025-02-13T20:33:17.748+0000] {logging_mixin.py:190} INFO - [2025-02-13T20:33:17.747+0000] {dagbag.py:588} INFO - Filling up the DagBag from /opt/airflow/dags/new_dags.py
[2025-02-13T20:33:17.790+0000] {processor.py:925} INFO - DAG(s) 'welcome_dag' retrieved from /opt/airflow/dags/new_dags.py
[2025-02-13T20:33:17.831+0000] {logging_mixin.py:190} INFO - [2025-02-13T20:33:17.831+0000] {dag.py:3239} INFO - Sync 1 DAGs
[2025-02-13T20:33:17.862+0000] {logging_mixin.py:190} INFO - [2025-02-13T20:33:17.862+0000] {dag.py:4180} INFO - Setting next_dagrun for welcome_dag to 2025-02-13 20:32:00+00:00, run_after=2025-02-13 20:33:00+00:00
[2025-02-13T20:33:17.947+0000] {processor.py:208} INFO - Processing /opt/airflow/dags/new_dags.py took 0.211 seconds
[2025-02-13T20:33:48.639+0000] {processor.py:186} INFO - Started process (PID=119) to work on /opt/airflow/dags/new_dags.py
[2025-02-13T20:33:48.642+0000] {processor.py:914} INFO - Processing file /opt/airflow/dags/new_dags.py for tasks to queue
[2025-02-13T20:33:48.646+0000] {logging_mixin.py:190} INFO - [2025-02-13T20:33:48.646+0000] {dagbag.py:588} INFO - Filling up the DagBag from /opt/airflow/dags/new_dags.py
[2025-02-13T20:33:48.695+0000] {processor.py:925} INFO - DAG(s) 'welcome_dag' retrieved from /opt/airflow/dags/new_dags.py
[2025-02-13T20:33:48.773+0000] {logging_mixin.py:190} INFO - [2025-02-13T20:33:48.773+0000] {dag.py:3239} INFO - Sync 1 DAGs
[2025-02-13T20:33:48.840+0000] {logging_mixin.py:190} INFO - [2025-02-13T20:33:48.840+0000] {dag.py:4180} INFO - Setting next_dagrun for welcome_dag to 2025-02-13 20:32:00+00:00, run_after=2025-02-13 20:33:00+00:00
[2025-02-13T20:33:48.941+0000] {processor.py:208} INFO - Processing /opt/airflow/dags/new_dags.py took 0.316 seconds
[2025-02-13T20:34:19.990+0000] {processor.py:186} INFO - Started process (PID=120) to work on /opt/airflow/dags/new_dags.py
[2025-02-13T20:34:19.992+0000] {processor.py:914} INFO - Processing file /opt/airflow/dags/new_dags.py for tasks to queue
[2025-02-13T20:34:19.997+0000] {logging_mixin.py:190} INFO - [2025-02-13T20:34:19.996+0000] {dagbag.py:588} INFO - Filling up the DagBag from /opt/airflow/dags/new_dags.py
[2025-02-13T20:34:20.056+0000] {processor.py:925} INFO - DAG(s) 'welcome_dag' retrieved from /opt/airflow/dags/new_dags.py
[2025-02-13T20:34:20.119+0000] {logging_mixin.py:190} INFO - [2025-02-13T20:34:20.119+0000] {dag.py:3239} INFO - Sync 1 DAGs
[2025-02-13T20:34:20.190+0000] {logging_mixin.py:190} INFO - [2025-02-13T20:34:20.189+0000] {dag.py:4180} INFO - Setting next_dagrun for welcome_dag to 2025-02-13 20:33:00+00:00, run_after=2025-02-13 20:34:00+00:00
[2025-02-13T20:34:20.274+0000] {processor.py:208} INFO - Processing /opt/airflow/dags/new_dags.py took 0.293 seconds
[2025-02-13T20:34:50.841+0000] {processor.py:186} INFO - Started process (PID=121) to work on /opt/airflow/dags/new_dags.py
[2025-02-13T20:34:50.843+0000] {processor.py:914} INFO - Processing file /opt/airflow/dags/new_dags.py for tasks to queue
[2025-02-13T20:34:50.849+0000] {logging_mixin.py:190} INFO - [2025-02-13T20:34:50.848+0000] {dagbag.py:588} INFO - Filling up the DagBag from /opt/airflow/dags/new_dags.py
[2025-02-13T20:34:50.914+0000] {processor.py:925} INFO - DAG(s) 'welcome_dag' retrieved from /opt/airflow/dags/new_dags.py
[2025-02-13T20:34:50.995+0000] {logging_mixin.py:190} INFO - [2025-02-13T20:34:50.995+0000] {dag.py:3239} INFO - Sync 1 DAGs
[2025-02-13T20:34:51.041+0000] {logging_mixin.py:190} INFO - [2025-02-13T20:34:51.041+0000] {dag.py:4180} INFO - Setting next_dagrun for welcome_dag to 2025-02-13 20:33:00+00:00, run_after=2025-02-13 20:34:00+00:00
[2025-02-13T20:34:51.130+0000] {processor.py:208} INFO - Processing /opt/airflow/dags/new_dags.py took 0.302 seconds
[2025-02-13T20:35:21.627+0000] {processor.py:186} INFO - Started process (PID=122) to work on /opt/airflow/dags/new_dags.py
[2025-02-13T20:35:21.629+0000] {processor.py:914} INFO - Processing file /opt/airflow/dags/new_dags.py for tasks to queue
[2025-02-13T20:35:21.632+0000] {logging_mixin.py:190} INFO - [2025-02-13T20:35:21.631+0000] {dagbag.py:588} INFO - Filling up the DagBag from /opt/airflow/dags/new_dags.py
[2025-02-13T20:35:21.678+0000] {processor.py:925} INFO - DAG(s) 'welcome_dag' retrieved from /opt/airflow/dags/new_dags.py
[2025-02-13T20:35:21.716+0000] {logging_mixin.py:190} INFO - [2025-02-13T20:35:21.716+0000] {dag.py:3239} INFO - Sync 1 DAGs
[2025-02-13T20:35:21.754+0000] {logging_mixin.py:190} INFO - [2025-02-13T20:35:21.754+0000] {dag.py:4180} INFO - Setting next_dagrun for welcome_dag to 2025-02-13 20:34:00+00:00, run_after=2025-02-13 20:35:00+00:00
[2025-02-13T20:35:21.851+0000] {processor.py:208} INFO - Processing /opt/airflow/dags/new_dags.py took 0.229 seconds
[2025-02-13T20:35:52.776+0000] {processor.py:186} INFO - Started process (PID=123) to work on /opt/airflow/dags/new_dags.py
[2025-02-13T20:35:52.777+0000] {processor.py:914} INFO - Processing file /opt/airflow/dags/new_dags.py for tasks to queue
[2025-02-13T20:35:52.781+0000] {logging_mixin.py:190} INFO - [2025-02-13T20:35:52.780+0000] {dagbag.py:588} INFO - Filling up the DagBag from /opt/airflow/dags/new_dags.py
[2025-02-13T20:35:52.816+0000] {processor.py:925} INFO - DAG(s) 'welcome_dag' retrieved from /opt/airflow/dags/new_dags.py
[2025-02-13T20:35:52.858+0000] {logging_mixin.py:190} INFO - [2025-02-13T20:35:52.857+0000] {dag.py:3239} INFO - Sync 1 DAGs
[2025-02-13T20:35:52.916+0000] {logging_mixin.py:190} INFO - [2025-02-13T20:35:52.915+0000] {dag.py:4180} INFO - Setting next_dagrun for welcome_dag to 2025-02-13 20:34:00+00:00, run_after=2025-02-13 20:35:00+00:00
[2025-02-13T20:35:53.052+0000] {processor.py:208} INFO - Processing /opt/airflow/dags/new_dags.py took 0.283 seconds
[2025-02-13T20:36:24.095+0000] {processor.py:186} INFO - Started process (PID=124) to work on /opt/airflow/dags/new_dags.py
[2025-02-13T20:36:24.096+0000] {processor.py:914} INFO - Processing file /opt/airflow/dags/new_dags.py for tasks to queue
[2025-02-13T20:36:24.098+0000] {logging_mixin.py:190} INFO - [2025-02-13T20:36:24.098+0000] {dagbag.py:588} INFO - Filling up the DagBag from /opt/airflow/dags/new_dags.py
[2025-02-13T20:36:24.124+0000] {processor.py:925} INFO - DAG(s) 'welcome_dag' retrieved from /opt/airflow/dags/new_dags.py
[2025-02-13T20:36:24.157+0000] {logging_mixin.py:190} INFO - [2025-02-13T20:36:24.157+0000] {dag.py:3239} INFO - Sync 1 DAGs
[2025-02-13T20:36:24.197+0000] {logging_mixin.py:190} INFO - [2025-02-13T20:36:24.197+0000] {dag.py:4180} INFO - Setting next_dagrun for welcome_dag to 2025-02-13 20:35:00+00:00, run_after=2025-02-13 20:36:00+00:00
[2025-02-13T20:36:24.294+0000] {processor.py:208} INFO - Processing /opt/airflow/dags/new_dags.py took 0.204 seconds
[2025-02-13T20:36:55.447+0000] {processor.py:186} INFO - Started process (PID=125) to work on /opt/airflow/dags/new_dags.py
[2025-02-13T20:36:55.449+0000] {processor.py:914} INFO - Processing file /opt/airflow/dags/new_dags.py for tasks to queue
[2025-02-13T20:36:55.452+0000] {logging_mixin.py:190} INFO - [2025-02-13T20:36:55.451+0000] {dagbag.py:588} INFO - Filling up the DagBag from /opt/airflow/dags/new_dags.py
[2025-02-13T20:36:55.499+0000] {processor.py:925} INFO - DAG(s) 'welcome_dag' retrieved from /opt/airflow/dags/new_dags.py
[2025-02-13T20:36:55.537+0000] {logging_mixin.py:190} INFO - [2025-02-13T20:36:55.537+0000] {dag.py:3239} INFO - Sync 1 DAGs
[2025-02-13T20:36:55.564+0000] {logging_mixin.py:190} INFO - [2025-02-13T20:36:55.564+0000] {dag.py:4180} INFO - Setting next_dagrun for welcome_dag to 2025-02-13 20:35:00+00:00, run_after=2025-02-13 20:36:00+00:00
[2025-02-13T20:36:55.618+0000] {processor.py:208} INFO - Processing /opt/airflow/dags/new_dags.py took 0.176 seconds
[2025-02-13T20:37:28.599+0000] {processor.py:186} INFO - Started process (PID=126) to work on /opt/airflow/dags/new_dags.py
[2025-02-13T20:37:28.601+0000] {processor.py:914} INFO - Processing file /opt/airflow/dags/new_dags.py for tasks to queue
[2025-02-13T20:37:28.604+0000] {logging_mixin.py:190} INFO - [2025-02-13T20:37:28.603+0000] {dagbag.py:588} INFO - Filling up the DagBag from /opt/airflow/dags/new_dags.py
[2025-02-13T20:37:28.641+0000] {processor.py:925} INFO - DAG(s) 'welcome_dag' retrieved from /opt/airflow/dags/new_dags.py
[2025-02-13T20:37:28.681+0000] {logging_mixin.py:190} INFO - [2025-02-13T20:37:28.680+0000] {dag.py:3239} INFO - Sync 1 DAGs
[2025-02-13T20:37:28.722+0000] {logging_mixin.py:190} INFO - [2025-02-13T20:37:28.721+0000] {dag.py:4180} INFO - Setting next_dagrun for welcome_dag to 2025-02-13 20:36:00+00:00, run_after=2025-02-13 20:37:00+00:00
[2025-02-13T20:37:28.830+0000] {processor.py:208} INFO - Processing /opt/airflow/dags/new_dags.py took 0.236 seconds
[2025-02-13T20:38:00.775+0000] {processor.py:186} INFO - Started process (PID=127) to work on /opt/airflow/dags/new_dags.py
[2025-02-13T20:38:00.777+0000] {processor.py:914} INFO - Processing file /opt/airflow/dags/new_dags.py for tasks to queue
[2025-02-13T20:38:00.783+0000] {logging_mixin.py:190} INFO - [2025-02-13T20:38:00.782+0000] {dagbag.py:588} INFO - Filling up the DagBag from /opt/airflow/dags/new_dags.py
[2025-02-13T20:38:00.828+0000] {processor.py:925} INFO - DAG(s) 'welcome_dag' retrieved from /opt/airflow/dags/new_dags.py
[2025-02-13T20:38:00.887+0000] {logging_mixin.py:190} INFO - [2025-02-13T20:38:00.886+0000] {dag.py:3239} INFO - Sync 1 DAGs
[2025-02-13T20:38:00.933+0000] {logging_mixin.py:190} INFO - [2025-02-13T20:38:00.932+0000] {dag.py:4180} INFO - Setting next_dagrun for welcome_dag to 2025-02-13 20:37:00+00:00, run_after=2025-02-13 20:38:00+00:00
[2025-02-13T20:38:01.090+0000] {processor.py:208} INFO - Processing /opt/airflow/dags/new_dags.py took 0.324 seconds
[2025-02-13T20:38:34.248+0000] {processor.py:186} INFO - Started process (PID=128) to work on /opt/airflow/dags/new_dags.py
[2025-02-13T20:38:34.250+0000] {processor.py:914} INFO - Processing file /opt/airflow/dags/new_dags.py for tasks to queue
[2025-02-13T20:38:34.254+0000] {logging_mixin.py:190} INFO - [2025-02-13T20:38:34.254+0000] {dagbag.py:588} INFO - Filling up the DagBag from /opt/airflow/dags/new_dags.py
[2025-02-13T20:38:34.339+0000] {processor.py:925} INFO - DAG(s) 'welcome_dag' retrieved from /opt/airflow/dags/new_dags.py
[2025-02-13T20:38:34.396+0000] {logging_mixin.py:190} INFO - [2025-02-13T20:38:34.395+0000] {dag.py:3239} INFO - Sync 1 DAGs
[2025-02-13T20:38:34.449+0000] {logging_mixin.py:190} INFO - [2025-02-13T20:38:34.449+0000] {dag.py:4180} INFO - Setting next_dagrun for welcome_dag to 2025-02-13 20:37:00+00:00, run_after=2025-02-13 20:38:00+00:00
[2025-02-13T20:38:34.584+0000] {processor.py:208} INFO - Processing /opt/airflow/dags/new_dags.py took 0.345 seconds
[2025-02-13T20:39:06.433+0000] {processor.py:186} INFO - Started process (PID=129) to work on /opt/airflow/dags/new_dags.py
[2025-02-13T20:39:06.434+0000] {processor.py:914} INFO - Processing file /opt/airflow/dags/new_dags.py for tasks to queue
[2025-02-13T20:39:06.438+0000] {logging_mixin.py:190} INFO - [2025-02-13T20:39:06.438+0000] {dagbag.py:588} INFO - Filling up the DagBag from /opt/airflow/dags/new_dags.py
[2025-02-13T20:39:06.501+0000] {processor.py:925} INFO - DAG(s) 'welcome_dag' retrieved from /opt/airflow/dags/new_dags.py
[2025-02-13T20:39:06.543+0000] {logging_mixin.py:190} INFO - [2025-02-13T20:39:06.543+0000] {dag.py:3239} INFO - Sync 1 DAGs
[2025-02-13T20:39:06.598+0000] {logging_mixin.py:190} INFO - [2025-02-13T20:39:06.597+0000] {dag.py:4180} INFO - Setting next_dagrun for welcome_dag to 2025-02-13 20:38:00+00:00, run_after=2025-02-13 20:39:00+00:00
[2025-02-13T20:39:06.697+0000] {processor.py:208} INFO - Processing /opt/airflow/dags/new_dags.py took 0.270 seconds
[2025-02-13T20:39:39.182+0000] {processor.py:186} INFO - Started process (PID=130) to work on /opt/airflow/dags/new_dags.py
[2025-02-13T20:39:39.183+0000] {processor.py:914} INFO - Processing file /opt/airflow/dags/new_dags.py for tasks to queue
[2025-02-13T20:39:39.186+0000] {logging_mixin.py:190} INFO - [2025-02-13T20:39:39.186+0000] {dagbag.py:588} INFO - Filling up the DagBag from /opt/airflow/dags/new_dags.py
[2025-02-13T20:39:39.227+0000] {processor.py:925} INFO - DAG(s) 'welcome_dag' retrieved from /opt/airflow/dags/new_dags.py
[2025-02-13T20:39:39.268+0000] {logging_mixin.py:190} INFO - [2025-02-13T20:39:39.268+0000] {dag.py:3239} INFO - Sync 1 DAGs
[2025-02-13T20:39:39.310+0000] {logging_mixin.py:190} INFO - [2025-02-13T20:39:39.309+0000] {dag.py:4180} INFO - Setting next_dagrun for welcome_dag to 2025-02-13 20:38:00+00:00, run_after=2025-02-13 20:39:00+00:00
[2025-02-13T20:39:39.391+0000] {processor.py:208} INFO - Processing /opt/airflow/dags/new_dags.py took 0.214 seconds
[2025-02-13T20:40:11.770+0000] {processor.py:186} INFO - Started process (PID=131) to work on /opt/airflow/dags/new_dags.py
[2025-02-13T20:40:11.771+0000] {processor.py:914} INFO - Processing file /opt/airflow/dags/new_dags.py for tasks to queue
[2025-02-13T20:40:11.774+0000] {logging_mixin.py:190} INFO - [2025-02-13T20:40:11.773+0000] {dagbag.py:588} INFO - Filling up the DagBag from /opt/airflow/dags/new_dags.py
[2025-02-13T20:40:11.806+0000] {processor.py:925} INFO - DAG(s) 'welcome_dag' retrieved from /opt/airflow/dags/new_dags.py
[2025-02-13T20:40:11.844+0000] {logging_mixin.py:190} INFO - [2025-02-13T20:40:11.843+0000] {dag.py:3239} INFO - Sync 1 DAGs
[2025-02-13T20:40:11.879+0000] {logging_mixin.py:190} INFO - [2025-02-13T20:40:11.879+0000] {dag.py:4180} INFO - Setting next_dagrun for welcome_dag to 2025-02-13 20:39:00+00:00, run_after=2025-02-13 20:40:00+00:00
[2025-02-13T20:40:11.974+0000] {processor.py:208} INFO - Processing /opt/airflow/dags/new_dags.py took 0.210 seconds
[2025-02-13T20:40:45.325+0000] {processor.py:186} INFO - Started process (PID=132) to work on /opt/airflow/dags/new_dags.py
[2025-02-13T20:40:45.327+0000] {processor.py:914} INFO - Processing file /opt/airflow/dags/new_dags.py for tasks to queue
[2025-02-13T20:40:45.329+0000] {logging_mixin.py:190} INFO - [2025-02-13T20:40:45.329+0000] {dagbag.py:588} INFO - Filling up the DagBag from /opt/airflow/dags/new_dags.py
[2025-02-13T20:40:45.382+0000] {processor.py:925} INFO - DAG(s) 'welcome_dag' retrieved from /opt/airflow/dags/new_dags.py
[2025-02-13T20:40:45.425+0000] {logging_mixin.py:190} INFO - [2025-02-13T20:40:45.425+0000] {dag.py:3239} INFO - Sync 1 DAGs
[2025-02-13T20:40:45.462+0000] {logging_mixin.py:190} INFO - [2025-02-13T20:40:45.462+0000] {dag.py:4180} INFO - Setting next_dagrun for welcome_dag to 2025-02-13 20:39:00+00:00, run_after=2025-02-13 20:40:00+00:00
[2025-02-13T20:40:45.549+0000] {processor.py:208} INFO - Processing /opt/airflow/dags/new_dags.py took 0.240 seconds
[2025-02-13T20:41:15.963+0000] {processor.py:186} INFO - Started process (PID=133) to work on /opt/airflow/dags/new_dags.py
[2025-02-13T20:41:15.965+0000] {processor.py:914} INFO - Processing file /opt/airflow/dags/new_dags.py for tasks to queue
[2025-02-13T20:41:15.970+0000] {logging_mixin.py:190} INFO - [2025-02-13T20:41:15.969+0000] {dagbag.py:588} INFO - Filling up the DagBag from /opt/airflow/dags/new_dags.py
[2025-02-13T20:41:16.014+0000] {processor.py:925} INFO - DAG(s) 'welcome_dag' retrieved from /opt/airflow/dags/new_dags.py
[2025-02-13T20:41:16.052+0000] {logging_mixin.py:190} INFO - [2025-02-13T20:41:16.051+0000] {dag.py:3239} INFO - Sync 1 DAGs
[2025-02-13T20:41:16.080+0000] {logging_mixin.py:190} INFO - [2025-02-13T20:41:16.080+0000] {dag.py:4180} INFO - Setting next_dagrun for welcome_dag to 2025-02-13 20:40:00+00:00, run_after=2025-02-13 20:41:00+00:00
[2025-02-13T20:41:16.175+0000] {processor.py:208} INFO - Processing /opt/airflow/dags/new_dags.py took 0.219 seconds
[2025-02-13T20:41:48.211+0000] {processor.py:186} INFO - Started process (PID=134) to work on /opt/airflow/dags/new_dags.py
[2025-02-13T20:41:48.212+0000] {processor.py:914} INFO - Processing file /opt/airflow/dags/new_dags.py for tasks to queue
[2025-02-13T20:41:48.215+0000] {logging_mixin.py:190} INFO - [2025-02-13T20:41:48.214+0000] {dagbag.py:588} INFO - Filling up the DagBag from /opt/airflow/dags/new_dags.py
[2025-02-13T20:41:48.261+0000] {processor.py:925} INFO - DAG(s) 'welcome_dag' retrieved from /opt/airflow/dags/new_dags.py
[2025-02-13T20:41:48.299+0000] {logging_mixin.py:190} INFO - [2025-02-13T20:41:48.298+0000] {dag.py:3239} INFO - Sync 1 DAGs
[2025-02-13T20:41:48.334+0000] {logging_mixin.py:190} INFO - [2025-02-13T20:41:48.333+0000] {dag.py:4180} INFO - Setting next_dagrun for welcome_dag to 2025-02-13 20:40:00+00:00, run_after=2025-02-13 20:41:00+00:00
[2025-02-13T20:41:48.452+0000] {processor.py:208} INFO - Processing /opt/airflow/dags/new_dags.py took 0.253 seconds
[2025-02-13T20:42:21.169+0000] {processor.py:186} INFO - Started process (PID=135) to work on /opt/airflow/dags/new_dags.py
[2025-02-13T20:42:21.171+0000] {processor.py:914} INFO - Processing file /opt/airflow/dags/new_dags.py for tasks to queue
[2025-02-13T20:42:21.181+0000] {logging_mixin.py:190} INFO - [2025-02-13T20:42:21.181+0000] {dagbag.py:588} INFO - Filling up the DagBag from /opt/airflow/dags/new_dags.py
[2025-02-13T20:42:21.232+0000] {processor.py:925} INFO - DAG(s) 'welcome_dag' retrieved from /opt/airflow/dags/new_dags.py
[2025-02-13T20:42:21.280+0000] {logging_mixin.py:190} INFO - [2025-02-13T20:42:21.279+0000] {dag.py:3239} INFO - Sync 1 DAGs
[2025-02-13T20:42:21.327+0000] {logging_mixin.py:190} INFO - [2025-02-13T20:42:21.327+0000] {dag.py:4180} INFO - Setting next_dagrun for welcome_dag to 2025-02-13 20:41:00+00:00, run_after=2025-02-13 20:42:00+00:00
[2025-02-13T20:42:21.415+0000] {processor.py:208} INFO - Processing /opt/airflow/dags/new_dags.py took 0.254 seconds
[2025-02-13T20:42:53.857+0000] {processor.py:186} INFO - Started process (PID=136) to work on /opt/airflow/dags/new_dags.py
[2025-02-13T20:42:53.858+0000] {processor.py:914} INFO - Processing file /opt/airflow/dags/new_dags.py for tasks to queue
[2025-02-13T20:42:53.861+0000] {logging_mixin.py:190} INFO - [2025-02-13T20:42:53.861+0000] {dagbag.py:588} INFO - Filling up the DagBag from /opt/airflow/dags/new_dags.py
[2025-02-13T20:42:53.892+0000] {processor.py:925} INFO - DAG(s) 'welcome_dag' retrieved from /opt/airflow/dags/new_dags.py
[2025-02-13T20:42:53.934+0000] {logging_mixin.py:190} INFO - [2025-02-13T20:42:53.933+0000] {dag.py:3239} INFO - Sync 1 DAGs
[2025-02-13T20:42:53.973+0000] {logging_mixin.py:190} INFO - [2025-02-13T20:42:53.973+0000] {dag.py:4180} INFO - Setting next_dagrun for welcome_dag to 2025-02-13 20:41:00+00:00, run_after=2025-02-13 20:42:00+00:00
[2025-02-13T20:42:54.077+0000] {processor.py:208} INFO - Processing /opt/airflow/dags/new_dags.py took 0.229 seconds
[2025-02-13T20:43:26.507+0000] {processor.py:186} INFO - Started process (PID=137) to work on /opt/airflow/dags/new_dags.py
[2025-02-13T20:43:26.509+0000] {processor.py:914} INFO - Processing file /opt/airflow/dags/new_dags.py for tasks to queue
[2025-02-13T20:43:26.511+0000] {logging_mixin.py:190} INFO - [2025-02-13T20:43:26.511+0000] {dagbag.py:588} INFO - Filling up the DagBag from /opt/airflow/dags/new_dags.py
[2025-02-13T20:43:26.552+0000] {processor.py:925} INFO - DAG(s) 'welcome_dag' retrieved from /opt/airflow/dags/new_dags.py
[2025-02-13T20:43:26.588+0000] {logging_mixin.py:190} INFO - [2025-02-13T20:43:26.588+0000] {dag.py:3239} INFO - Sync 1 DAGs
[2025-02-13T20:43:26.626+0000] {logging_mixin.py:190} INFO - [2025-02-13T20:43:26.626+0000] {dag.py:4180} INFO - Setting next_dagrun for welcome_dag to 2025-02-13 20:42:00+00:00, run_after=2025-02-13 20:43:00+00:00
[2025-02-13T20:43:26.747+0000] {processor.py:208} INFO - Processing /opt/airflow/dags/new_dags.py took 0.253 seconds
[2025-02-13T20:43:58.771+0000] {processor.py:186} INFO - Started process (PID=138) to work on /opt/airflow/dags/new_dags.py
[2025-02-13T20:43:58.773+0000] {processor.py:914} INFO - Processing file /opt/airflow/dags/new_dags.py for tasks to queue
[2025-02-13T20:43:58.775+0000] {logging_mixin.py:190} INFO - [2025-02-13T20:43:58.775+0000] {dagbag.py:588} INFO - Filling up the DagBag from /opt/airflow/dags/new_dags.py
[2025-02-13T20:43:58.813+0000] {processor.py:925} INFO - DAG(s) 'welcome_dag' retrieved from /opt/airflow/dags/new_dags.py
[2025-02-13T20:43:58.855+0000] {logging_mixin.py:190} INFO - [2025-02-13T20:43:58.855+0000] {dag.py:3239} INFO - Sync 1 DAGs
[2025-02-13T20:43:58.885+0000] {logging_mixin.py:190} INFO - [2025-02-13T20:43:58.885+0000] {dag.py:4180} INFO - Setting next_dagrun for welcome_dag to 2025-02-13 20:42:00+00:00, run_after=2025-02-13 20:43:00+00:00
[2025-02-13T20:43:58.986+0000] {processor.py:208} INFO - Processing /opt/airflow/dags/new_dags.py took 0.227 seconds
[2025-02-13T20:44:32.140+0000] {processor.py:186} INFO - Started process (PID=139) to work on /opt/airflow/dags/new_dags.py
[2025-02-13T20:44:32.142+0000] {processor.py:914} INFO - Processing file /opt/airflow/dags/new_dags.py for tasks to queue
[2025-02-13T20:44:32.145+0000] {logging_mixin.py:190} INFO - [2025-02-13T20:44:32.144+0000] {dagbag.py:588} INFO - Filling up the DagBag from /opt/airflow/dags/new_dags.py
[2025-02-13T20:44:32.175+0000] {processor.py:925} INFO - DAG(s) 'welcome_dag' retrieved from /opt/airflow/dags/new_dags.py
[2025-02-13T20:44:32.208+0000] {logging_mixin.py:190} INFO - [2025-02-13T20:44:32.207+0000] {dag.py:3239} INFO - Sync 1 DAGs
[2025-02-13T20:44:32.247+0000] {logging_mixin.py:190} INFO - [2025-02-13T20:44:32.247+0000] {dag.py:4180} INFO - Setting next_dagrun for welcome_dag to 2025-02-13 20:43:00+00:00, run_after=2025-02-13 20:44:00+00:00
[2025-02-13T20:44:32.318+0000] {processor.py:208} INFO - Processing /opt/airflow/dags/new_dags.py took 0.185 seconds
[2025-02-13T20:45:04.451+0000] {processor.py:186} INFO - Started process (PID=140) to work on /opt/airflow/dags/new_dags.py
[2025-02-13T20:45:04.453+0000] {processor.py:914} INFO - Processing file /opt/airflow/dags/new_dags.py for tasks to queue
[2025-02-13T20:45:04.455+0000] {logging_mixin.py:190} INFO - [2025-02-13T20:45:04.455+0000] {dagbag.py:588} INFO - Filling up the DagBag from /opt/airflow/dags/new_dags.py
[2025-02-13T20:45:04.499+0000] {processor.py:925} INFO - DAG(s) 'welcome_dag' retrieved from /opt/airflow/dags/new_dags.py
[2025-02-13T20:45:04.536+0000] {logging_mixin.py:190} INFO - [2025-02-13T20:45:04.536+0000] {dag.py:3239} INFO - Sync 1 DAGs
[2025-02-13T20:45:04.574+0000] {logging_mixin.py:190} INFO - [2025-02-13T20:45:04.574+0000] {dag.py:4180} INFO - Setting next_dagrun for welcome_dag to 2025-02-13 20:44:00+00:00, run_after=2025-02-13 20:45:00+00:00
[2025-02-13T20:45:04.671+0000] {processor.py:208} INFO - Processing /opt/airflow/dags/new_dags.py took 0.224 seconds
[2025-02-13T20:45:36.905+0000] {processor.py:186} INFO - Started process (PID=141) to work on /opt/airflow/dags/new_dags.py
[2025-02-13T20:45:36.907+0000] {processor.py:914} INFO - Processing file /opt/airflow/dags/new_dags.py for tasks to queue
[2025-02-13T20:45:36.913+0000] {logging_mixin.py:190} INFO - [2025-02-13T20:45:36.912+0000] {dagbag.py:588} INFO - Filling up the DagBag from /opt/airflow/dags/new_dags.py
[2025-02-13T20:45:36.971+0000] {processor.py:925} INFO - DAG(s) 'welcome_dag' retrieved from /opt/airflow/dags/new_dags.py
[2025-02-13T20:45:37.010+0000] {logging_mixin.py:190} INFO - [2025-02-13T20:45:37.010+0000] {dag.py:3239} INFO - Sync 1 DAGs
[2025-02-13T20:45:37.050+0000] {logging_mixin.py:190} INFO - [2025-02-13T20:45:37.050+0000] {dag.py:4180} INFO - Setting next_dagrun for welcome_dag to 2025-02-13 20:44:00+00:00, run_after=2025-02-13 20:45:00+00:00
[2025-02-13T20:45:37.116+0000] {processor.py:208} INFO - Processing /opt/airflow/dags/new_dags.py took 0.220 seconds
[2025-02-13T20:46:10.039+0000] {processor.py:186} INFO - Started process (PID=142) to work on /opt/airflow/dags/new_dags.py
[2025-02-13T20:46:10.041+0000] {processor.py:914} INFO - Processing file /opt/airflow/dags/new_dags.py for tasks to queue
[2025-02-13T20:46:10.043+0000] {logging_mixin.py:190} INFO - [2025-02-13T20:46:10.043+0000] {dagbag.py:588} INFO - Filling up the DagBag from /opt/airflow/dags/new_dags.py
[2025-02-13T20:46:10.088+0000] {processor.py:925} INFO - DAG(s) 'welcome_dag' retrieved from /opt/airflow/dags/new_dags.py
[2025-02-13T20:46:10.115+0000] {logging_mixin.py:190} INFO - [2025-02-13T20:46:10.115+0000] {dag.py:3239} INFO - Sync 1 DAGs
[2025-02-13T20:46:10.143+0000] {logging_mixin.py:190} INFO - [2025-02-13T20:46:10.143+0000] {dag.py:4180} INFO - Setting next_dagrun for welcome_dag to 2025-02-13 20:45:00+00:00, run_after=2025-02-13 20:46:00+00:00
[2025-02-13T20:46:10.193+0000] {processor.py:208} INFO - Processing /opt/airflow/dags/new_dags.py took 0.159 seconds
[2025-02-13T20:46:42.532+0000] {processor.py:186} INFO - Started process (PID=143) to work on /opt/airflow/dags/new_dags.py
[2025-02-13T20:46:42.533+0000] {processor.py:914} INFO - Processing file /opt/airflow/dags/new_dags.py for tasks to queue
[2025-02-13T20:46:42.535+0000] {logging_mixin.py:190} INFO - [2025-02-13T20:46:42.535+0000] {dagbag.py:588} INFO - Filling up the DagBag from /opt/airflow/dags/new_dags.py
[2025-02-13T20:46:42.565+0000] {processor.py:925} INFO - DAG(s) 'welcome_dag' retrieved from /opt/airflow/dags/new_dags.py
[2025-02-13T20:46:42.594+0000] {logging_mixin.py:190} INFO - [2025-02-13T20:46:42.594+0000] {dag.py:3239} INFO - Sync 1 DAGs
[2025-02-13T20:46:42.638+0000] {logging_mixin.py:190} INFO - [2025-02-13T20:46:42.638+0000] {dag.py:4180} INFO - Setting next_dagrun for welcome_dag to 2025-02-13 20:45:00+00:00, run_after=2025-02-13 20:46:00+00:00
[2025-02-13T20:46:42.694+0000] {processor.py:208} INFO - Processing /opt/airflow/dags/new_dags.py took 0.168 seconds
[2025-02-13T20:47:15.890+0000] {processor.py:186} INFO - Started process (PID=144) to work on /opt/airflow/dags/new_dags.py
[2025-02-13T20:47:15.892+0000] {processor.py:914} INFO - Processing file /opt/airflow/dags/new_dags.py for tasks to queue
[2025-02-13T20:47:15.896+0000] {logging_mixin.py:190} INFO - [2025-02-13T20:47:15.895+0000] {dagbag.py:588} INFO - Filling up the DagBag from /opt/airflow/dags/new_dags.py
[2025-02-13T20:47:15.940+0000] {processor.py:925} INFO - DAG(s) 'welcome_dag' retrieved from /opt/airflow/dags/new_dags.py
[2025-02-13T20:47:15.972+0000] {logging_mixin.py:190} INFO - [2025-02-13T20:47:15.972+0000] {dag.py:3239} INFO - Sync 1 DAGs
[2025-02-13T20:47:16.003+0000] {logging_mixin.py:190} INFO - [2025-02-13T20:47:16.003+0000] {dag.py:4180} INFO - Setting next_dagrun for welcome_dag to 2025-02-13 20:46:00+00:00, run_after=2025-02-13 20:47:00+00:00
[2025-02-13T20:47:16.073+0000] {processor.py:208} INFO - Processing /opt/airflow/dags/new_dags.py took 0.190 seconds
[2025-02-13T20:47:47.860+0000] {processor.py:186} INFO - Started process (PID=145) to work on /opt/airflow/dags/new_dags.py
[2025-02-13T20:47:47.862+0000] {processor.py:914} INFO - Processing file /opt/airflow/dags/new_dags.py for tasks to queue
[2025-02-13T20:47:47.867+0000] {logging_mixin.py:190} INFO - [2025-02-13T20:47:47.866+0000] {dagbag.py:588} INFO - Filling up the DagBag from /opt/airflow/dags/new_dags.py
[2025-02-13T20:47:47.915+0000] {processor.py:925} INFO - DAG(s) 'welcome_dag' retrieved from /opt/airflow/dags/new_dags.py
[2025-02-13T20:47:47.954+0000] {logging_mixin.py:190} INFO - [2025-02-13T20:47:47.954+0000] {dag.py:3239} INFO - Sync 1 DAGs
[2025-02-13T20:47:47.997+0000] {logging_mixin.py:190} INFO - [2025-02-13T20:47:47.997+0000] {dag.py:4180} INFO - Setting next_dagrun for welcome_dag to 2025-02-13 20:46:00+00:00, run_after=2025-02-13 20:47:00+00:00
[2025-02-13T20:47:48.105+0000] {processor.py:208} INFO - Processing /opt/airflow/dags/new_dags.py took 0.253 seconds
[2025-02-13T20:48:21.426+0000] {processor.py:186} INFO - Started process (PID=146) to work on /opt/airflow/dags/new_dags.py
[2025-02-13T20:48:21.427+0000] {processor.py:914} INFO - Processing file /opt/airflow/dags/new_dags.py for tasks to queue
[2025-02-13T20:48:21.429+0000] {logging_mixin.py:190} INFO - [2025-02-13T20:48:21.429+0000] {dagbag.py:588} INFO - Filling up the DagBag from /opt/airflow/dags/new_dags.py
[2025-02-13T20:48:21.452+0000] {processor.py:925} INFO - DAG(s) 'welcome_dag' retrieved from /opt/airflow/dags/new_dags.py
[2025-02-13T20:48:21.491+0000] {logging_mixin.py:190} INFO - [2025-02-13T20:48:21.490+0000] {dag.py:3239} INFO - Sync 1 DAGs
[2025-02-13T20:48:21.527+0000] {logging_mixin.py:190} INFO - [2025-02-13T20:48:21.527+0000] {dag.py:4180} INFO - Setting next_dagrun for welcome_dag to 2025-02-13 20:47:00+00:00, run_after=2025-02-13 20:48:00+00:00
[2025-02-13T20:48:21.607+0000] {processor.py:208} INFO - Processing /opt/airflow/dags/new_dags.py took 0.186 seconds
[2025-02-13T20:48:54.044+0000] {processor.py:186} INFO - Started process (PID=147) to work on /opt/airflow/dags/new_dags.py
[2025-02-13T20:48:54.045+0000] {processor.py:914} INFO - Processing file /opt/airflow/dags/new_dags.py for tasks to queue
[2025-02-13T20:48:54.048+0000] {logging_mixin.py:190} INFO - [2025-02-13T20:48:54.047+0000] {dagbag.py:588} INFO - Filling up the DagBag from /opt/airflow/dags/new_dags.py
[2025-02-13T20:48:54.071+0000] {processor.py:925} INFO - DAG(s) 'welcome_dag' retrieved from /opt/airflow/dags/new_dags.py
[2025-02-13T20:48:54.103+0000] {logging_mixin.py:190} INFO - [2025-02-13T20:48:54.102+0000] {dag.py:3239} INFO - Sync 1 DAGs
[2025-02-13T20:48:54.137+0000] {logging_mixin.py:190} INFO - [2025-02-13T20:48:54.137+0000] {dag.py:4180} INFO - Setting next_dagrun for welcome_dag to 2025-02-13 20:47:00+00:00, run_after=2025-02-13 20:48:00+00:00
[2025-02-13T20:48:54.240+0000] {processor.py:208} INFO - Processing /opt/airflow/dags/new_dags.py took 0.200 seconds
[2025-02-13T20:49:26.026+0000] {processor.py:186} INFO - Started process (PID=148) to work on /opt/airflow/dags/new_dags.py
[2025-02-13T20:49:26.028+0000] {processor.py:914} INFO - Processing file /opt/airflow/dags/new_dags.py for tasks to queue
[2025-02-13T20:49:26.032+0000] {logging_mixin.py:190} INFO - [2025-02-13T20:49:26.031+0000] {dagbag.py:588} INFO - Filling up the DagBag from /opt/airflow/dags/new_dags.py
[2025-02-13T20:49:26.071+0000] {processor.py:925} INFO - DAG(s) 'welcome_dag' retrieved from /opt/airflow/dags/new_dags.py
[2025-02-13T20:49:26.136+0000] {logging_mixin.py:190} INFO - [2025-02-13T20:49:26.136+0000] {dag.py:3239} INFO - Sync 1 DAGs
[2025-02-13T20:49:26.195+0000] {logging_mixin.py:190} INFO - [2025-02-13T20:49:26.194+0000] {dag.py:4180} INFO - Setting next_dagrun for welcome_dag to 2025-02-13 20:48:00+00:00, run_after=2025-02-13 20:49:00+00:00
[2025-02-13T20:49:26.285+0000] {processor.py:208} INFO - Processing /opt/airflow/dags/new_dags.py took 0.267 seconds
[2025-02-13T20:49:59.027+0000] {processor.py:186} INFO - Started process (PID=149) to work on /opt/airflow/dags/new_dags.py
[2025-02-13T20:49:59.029+0000] {processor.py:914} INFO - Processing file /opt/airflow/dags/new_dags.py for tasks to queue
[2025-02-13T20:49:59.033+0000] {logging_mixin.py:190} INFO - [2025-02-13T20:49:59.032+0000] {dagbag.py:588} INFO - Filling up the DagBag from /opt/airflow/dags/new_dags.py
[2025-02-13T20:49:59.085+0000] {processor.py:925} INFO - DAG(s) 'welcome_dag' retrieved from /opt/airflow/dags/new_dags.py
[2025-02-13T20:49:59.133+0000] {logging_mixin.py:190} INFO - [2025-02-13T20:49:59.133+0000] {dag.py:3239} INFO - Sync 1 DAGs
[2025-02-13T20:49:59.183+0000] {logging_mixin.py:190} INFO - [2025-02-13T20:49:59.183+0000] {dag.py:4180} INFO - Setting next_dagrun for welcome_dag to 2025-02-13 20:48:00+00:00, run_after=2025-02-13 20:49:00+00:00
[2025-02-13T20:49:59.287+0000] {processor.py:208} INFO - Processing /opt/airflow/dags/new_dags.py took 0.267 seconds
[2025-02-13T20:50:31.724+0000] {processor.py:186} INFO - Started process (PID=150) to work on /opt/airflow/dags/new_dags.py
[2025-02-13T20:50:31.726+0000] {processor.py:914} INFO - Processing file /opt/airflow/dags/new_dags.py for tasks to queue
[2025-02-13T20:50:31.732+0000] {logging_mixin.py:190} INFO - [2025-02-13T20:50:31.731+0000] {dagbag.py:588} INFO - Filling up the DagBag from /opt/airflow/dags/new_dags.py
[2025-02-13T20:50:31.780+0000] {processor.py:925} INFO - DAG(s) 'welcome_dag' retrieved from /opt/airflow/dags/new_dags.py
[2025-02-13T20:50:31.836+0000] {logging_mixin.py:190} INFO - [2025-02-13T20:50:31.835+0000] {dag.py:3239} INFO - Sync 1 DAGs
[2025-02-13T20:50:31.895+0000] {logging_mixin.py:190} INFO - [2025-02-13T20:50:31.895+0000] {dag.py:4180} INFO - Setting next_dagrun for welcome_dag to 2025-02-13 20:49:00+00:00, run_after=2025-02-13 20:50:00+00:00
[2025-02-13T20:50:32.024+0000] {processor.py:208} INFO - Processing /opt/airflow/dags/new_dags.py took 0.311 seconds
[2025-02-13T20:51:04.740+0000] {processor.py:186} INFO - Started process (PID=151) to work on /opt/airflow/dags/new_dags.py
[2025-02-13T20:51:04.741+0000] {processor.py:914} INFO - Processing file /opt/airflow/dags/new_dags.py for tasks to queue
[2025-02-13T20:51:04.745+0000] {logging_mixin.py:190} INFO - [2025-02-13T20:51:04.744+0000] {dagbag.py:588} INFO - Filling up the DagBag from /opt/airflow/dags/new_dags.py
[2025-02-13T20:51:04.783+0000] {processor.py:925} INFO - DAG(s) 'welcome_dag' retrieved from /opt/airflow/dags/new_dags.py
[2025-02-13T20:51:04.831+0000] {logging_mixin.py:190} INFO - [2025-02-13T20:51:04.831+0000] {dag.py:3239} INFO - Sync 1 DAGs
[2025-02-13T20:51:04.883+0000] {logging_mixin.py:190} INFO - [2025-02-13T20:51:04.882+0000] {dag.py:4180} INFO - Setting next_dagrun for welcome_dag to 2025-02-13 20:50:00+00:00, run_after=2025-02-13 20:51:00+00:00
[2025-02-13T20:51:05.004+0000] {processor.py:208} INFO - Processing /opt/airflow/dags/new_dags.py took 0.272 seconds
[2025-02-13T20:51:37.670+0000] {processor.py:186} INFO - Started process (PID=152) to work on /opt/airflow/dags/new_dags.py
[2025-02-13T20:51:37.671+0000] {processor.py:914} INFO - Processing file /opt/airflow/dags/new_dags.py for tasks to queue
[2025-02-13T20:51:37.674+0000] {logging_mixin.py:190} INFO - [2025-02-13T20:51:37.674+0000] {dagbag.py:588} INFO - Filling up the DagBag from /opt/airflow/dags/new_dags.py
[2025-02-13T20:51:37.739+0000] {processor.py:925} INFO - DAG(s) 'welcome_dag' retrieved from /opt/airflow/dags/new_dags.py
[2025-02-13T20:51:37.786+0000] {logging_mixin.py:190} INFO - [2025-02-13T20:51:37.785+0000] {dag.py:3239} INFO - Sync 1 DAGs
[2025-02-13T20:51:37.834+0000] {logging_mixin.py:190} INFO - [2025-02-13T20:51:37.833+0000] {dag.py:4180} INFO - Setting next_dagrun for welcome_dag to 2025-02-13 20:50:00+00:00, run_after=2025-02-13 20:51:00+00:00
[2025-02-13T20:51:37.965+0000] {processor.py:208} INFO - Processing /opt/airflow/dags/new_dags.py took 0.304 seconds
[2025-02-13T20:52:10.678+0000] {processor.py:186} INFO - Started process (PID=153) to work on /opt/airflow/dags/new_dags.py
[2025-02-13T20:52:10.680+0000] {processor.py:914} INFO - Processing file /opt/airflow/dags/new_dags.py for tasks to queue
[2025-02-13T20:52:10.682+0000] {logging_mixin.py:190} INFO - [2025-02-13T20:52:10.682+0000] {dagbag.py:588} INFO - Filling up the DagBag from /opt/airflow/dags/new_dags.py
[2025-02-13T20:52:10.717+0000] {processor.py:925} INFO - DAG(s) 'welcome_dag' retrieved from /opt/airflow/dags/new_dags.py
[2025-02-13T20:52:10.758+0000] {logging_mixin.py:190} INFO - [2025-02-13T20:52:10.758+0000] {dag.py:3239} INFO - Sync 1 DAGs
[2025-02-13T20:52:10.807+0000] {logging_mixin.py:190} INFO - [2025-02-13T20:52:10.807+0000] {dag.py:4180} INFO - Setting next_dagrun for welcome_dag to 2025-02-13 20:51:00+00:00, run_after=2025-02-13 20:52:00+00:00
[2025-02-13T20:52:10.907+0000] {processor.py:208} INFO - Processing /opt/airflow/dags/new_dags.py took 0.237 seconds
[2025-02-13T20:52:43.085+0000] {processor.py:186} INFO - Started process (PID=154) to work on /opt/airflow/dags/new_dags.py
[2025-02-13T20:52:43.087+0000] {processor.py:914} INFO - Processing file /opt/airflow/dags/new_dags.py for tasks to queue
[2025-02-13T20:52:43.091+0000] {logging_mixin.py:190} INFO - [2025-02-13T20:52:43.090+0000] {dagbag.py:588} INFO - Filling up the DagBag from /opt/airflow/dags/new_dags.py
[2025-02-13T20:52:43.148+0000] {processor.py:925} INFO - DAG(s) 'welcome_dag' retrieved from /opt/airflow/dags/new_dags.py
[2025-02-13T20:52:43.196+0000] {logging_mixin.py:190} INFO - [2025-02-13T20:52:43.196+0000] {dag.py:3239} INFO - Sync 1 DAGs
[2025-02-13T20:52:43.248+0000] {logging_mixin.py:190} INFO - [2025-02-13T20:52:43.248+0000] {dag.py:4180} INFO - Setting next_dagrun for welcome_dag to 2025-02-13 20:51:00+00:00, run_after=2025-02-13 20:52:00+00:00
[2025-02-13T20:52:43.343+0000] {processor.py:208} INFO - Processing /opt/airflow/dags/new_dags.py took 0.274 seconds
[2025-02-13T20:53:15.979+0000] {processor.py:186} INFO - Started process (PID=155) to work on /opt/airflow/dags/new_dags.py
[2025-02-13T20:53:15.981+0000] {processor.py:914} INFO - Processing file /opt/airflow/dags/new_dags.py for tasks to queue
[2025-02-13T20:53:15.984+0000] {logging_mixin.py:190} INFO - [2025-02-13T20:53:15.983+0000] {dagbag.py:588} INFO - Filling up the DagBag from /opt/airflow/dags/new_dags.py
[2025-02-13T20:53:16.039+0000] {processor.py:925} INFO - DAG(s) 'welcome_dag' retrieved from /opt/airflow/dags/new_dags.py
[2025-02-13T20:53:16.098+0000] {logging_mixin.py:190} INFO - [2025-02-13T20:53:16.097+0000] {dag.py:3239} INFO - Sync 1 DAGs
[2025-02-13T20:53:16.150+0000] {logging_mixin.py:190} INFO - [2025-02-13T20:53:16.149+0000] {dag.py:4180} INFO - Setting next_dagrun for welcome_dag to 2025-02-13 20:52:00+00:00, run_after=2025-02-13 20:53:00+00:00
[2025-02-13T20:53:16.271+0000] {processor.py:208} INFO - Processing /opt/airflow/dags/new_dags.py took 0.298 seconds
[2025-02-13T20:53:48.738+0000] {processor.py:186} INFO - Started process (PID=156) to work on /opt/airflow/dags/new_dags.py
[2025-02-13T20:53:48.740+0000] {processor.py:914} INFO - Processing file /opt/airflow/dags/new_dags.py for tasks to queue
[2025-02-13T20:53:48.745+0000] {logging_mixin.py:190} INFO - [2025-02-13T20:53:48.744+0000] {dagbag.py:588} INFO - Filling up the DagBag from /opt/airflow/dags/new_dags.py
[2025-02-13T20:53:48.800+0000] {processor.py:925} INFO - DAG(s) 'welcome_dag' retrieved from /opt/airflow/dags/new_dags.py
[2025-02-13T20:53:48.850+0000] {logging_mixin.py:190} INFO - [2025-02-13T20:53:48.849+0000] {dag.py:3239} INFO - Sync 1 DAGs
[2025-02-13T20:53:48.906+0000] {logging_mixin.py:190} INFO - [2025-02-13T20:53:48.906+0000] {dag.py:4180} INFO - Setting next_dagrun for welcome_dag to 2025-02-13 20:52:00+00:00, run_after=2025-02-13 20:53:00+00:00
[2025-02-13T20:53:49.016+0000] {processor.py:208} INFO - Processing /opt/airflow/dags/new_dags.py took 0.286 seconds
[2025-02-13T20:54:21.574+0000] {processor.py:186} INFO - Started process (PID=157) to work on /opt/airflow/dags/new_dags.py
[2025-02-13T20:54:21.579+0000] {processor.py:914} INFO - Processing file /opt/airflow/dags/new_dags.py for tasks to queue
[2025-02-13T20:54:21.604+0000] {logging_mixin.py:190} INFO - [2025-02-13T20:54:21.603+0000] {dagbag.py:588} INFO - Filling up the DagBag from /opt/airflow/dags/new_dags.py
[2025-02-13T20:54:21.707+0000] {processor.py:925} INFO - DAG(s) 'welcome_dag' retrieved from /opt/airflow/dags/new_dags.py
[2025-02-13T20:54:22.008+0000] {logging_mixin.py:190} INFO - [2025-02-13T20:54:22.007+0000] {dag.py:3239} INFO - Sync 1 DAGs
[2025-02-13T20:54:22.395+0000] {logging_mixin.py:190} INFO - [2025-02-13T20:54:22.394+0000] {dag.py:4180} INFO - Setting next_dagrun for welcome_dag to 2025-02-13 20:53:00+00:00, run_after=2025-02-13 20:54:00+00:00
[2025-02-13T20:54:22.533+0000] {processor.py:208} INFO - Processing /opt/airflow/dags/new_dags.py took 1.034 seconds
[2025-02-13T20:54:54.162+0000] {processor.py:186} INFO - Started process (PID=158) to work on /opt/airflow/dags/new_dags.py
[2025-02-13T20:54:54.164+0000] {processor.py:914} INFO - Processing file /opt/airflow/dags/new_dags.py for tasks to queue
[2025-02-13T20:54:54.168+0000] {logging_mixin.py:190} INFO - [2025-02-13T20:54:54.168+0000] {dagbag.py:588} INFO - Filling up the DagBag from /opt/airflow/dags/new_dags.py
[2025-02-13T20:54:54.224+0000] {processor.py:925} INFO - DAG(s) 'welcome_dag' retrieved from /opt/airflow/dags/new_dags.py
[2025-02-13T20:54:54.304+0000] {logging_mixin.py:190} INFO - [2025-02-13T20:54:54.304+0000] {dag.py:3239} INFO - Sync 1 DAGs
[2025-02-13T20:54:54.352+0000] {logging_mixin.py:190} INFO - [2025-02-13T20:54:54.351+0000] {dag.py:4180} INFO - Setting next_dagrun for welcome_dag to 2025-02-13 20:53:00+00:00, run_after=2025-02-13 20:54:00+00:00
[2025-02-13T20:54:54.468+0000] {processor.py:208} INFO - Processing /opt/airflow/dags/new_dags.py took 0.321 seconds
[2025-02-13T20:55:26.404+0000] {processor.py:186} INFO - Started process (PID=159) to work on /opt/airflow/dags/new_dags.py
[2025-02-13T20:55:26.406+0000] {processor.py:914} INFO - Processing file /opt/airflow/dags/new_dags.py for tasks to queue
[2025-02-13T20:55:26.411+0000] {logging_mixin.py:190} INFO - [2025-02-13T20:55:26.410+0000] {dagbag.py:588} INFO - Filling up the DagBag from /opt/airflow/dags/new_dags.py
[2025-02-13T20:55:26.459+0000] {processor.py:925} INFO - DAG(s) 'welcome_dag' retrieved from /opt/airflow/dags/new_dags.py
[2025-02-13T20:55:26.511+0000] {logging_mixin.py:190} INFO - [2025-02-13T20:55:26.511+0000] {dag.py:3239} INFO - Sync 1 DAGs
[2025-02-13T20:55:26.555+0000] {logging_mixin.py:190} INFO - [2025-02-13T20:55:26.555+0000] {dag.py:4180} INFO - Setting next_dagrun for welcome_dag to 2025-02-13 20:54:00+00:00, run_after=2025-02-13 20:55:00+00:00
[2025-02-13T20:55:26.660+0000] {processor.py:208} INFO - Processing /opt/airflow/dags/new_dags.py took 0.265 seconds
[2025-02-13T20:55:59.803+0000] {processor.py:186} INFO - Started process (PID=160) to work on /opt/airflow/dags/new_dags.py
[2025-02-13T20:55:59.805+0000] {processor.py:914} INFO - Processing file /opt/airflow/dags/new_dags.py for tasks to queue
[2025-02-13T20:55:59.809+0000] {logging_mixin.py:190} INFO - [2025-02-13T20:55:59.809+0000] {dagbag.py:588} INFO - Filling up the DagBag from /opt/airflow/dags/new_dags.py
[2025-02-13T20:55:59.869+0000] {processor.py:925} INFO - DAG(s) 'welcome_dag' retrieved from /opt/airflow/dags/new_dags.py
[2025-02-13T20:55:59.918+0000] {logging_mixin.py:190} INFO - [2025-02-13T20:55:59.918+0000] {dag.py:3239} INFO - Sync 1 DAGs
[2025-02-13T20:55:59.974+0000] {logging_mixin.py:190} INFO - [2025-02-13T20:55:59.974+0000] {dag.py:4180} INFO - Setting next_dagrun for welcome_dag to 2025-02-13 20:54:00+00:00, run_after=2025-02-13 20:55:00+00:00
[2025-02-13T20:56:00.100+0000] {processor.py:208} INFO - Processing /opt/airflow/dags/new_dags.py took 0.305 seconds
[2025-02-13T20:56:31.716+0000] {processor.py:186} INFO - Started process (PID=161) to work on /opt/airflow/dags/new_dags.py
[2025-02-13T20:56:31.718+0000] {processor.py:914} INFO - Processing file /opt/airflow/dags/new_dags.py for tasks to queue
[2025-02-13T20:56:31.722+0000] {logging_mixin.py:190} INFO - [2025-02-13T20:56:31.722+0000] {dagbag.py:588} INFO - Filling up the DagBag from /opt/airflow/dags/new_dags.py
[2025-02-13T20:56:31.767+0000] {processor.py:925} INFO - DAG(s) 'welcome_dag' retrieved from /opt/airflow/dags/new_dags.py
[2025-02-13T20:56:31.805+0000] {logging_mixin.py:190} INFO - [2025-02-13T20:56:31.805+0000] {dag.py:3239} INFO - Sync 1 DAGs
[2025-02-13T20:56:31.859+0000] {logging_mixin.py:190} INFO - [2025-02-13T20:56:31.859+0000] {dag.py:4180} INFO - Setting next_dagrun for welcome_dag to 2025-02-13 20:55:00+00:00, run_after=2025-02-13 20:56:00+00:00
[2025-02-13T20:56:31.972+0000] {processor.py:208} INFO - Processing /opt/airflow/dags/new_dags.py took 0.263 seconds
[2025-02-13T20:57:04.497+0000] {processor.py:186} INFO - Started process (PID=162) to work on /opt/airflow/dags/new_dags.py
[2025-02-13T20:57:04.499+0000] {processor.py:914} INFO - Processing file /opt/airflow/dags/new_dags.py for tasks to queue
[2025-02-13T20:57:04.504+0000] {logging_mixin.py:190} INFO - [2025-02-13T20:57:04.503+0000] {dagbag.py:588} INFO - Filling up the DagBag from /opt/airflow/dags/new_dags.py
[2025-02-13T20:57:04.562+0000] {processor.py:925} INFO - DAG(s) 'welcome_dag' retrieved from /opt/airflow/dags/new_dags.py
[2025-02-13T20:57:04.625+0000] {logging_mixin.py:190} INFO - [2025-02-13T20:57:04.624+0000] {dag.py:3239} INFO - Sync 1 DAGs
[2025-02-13T20:57:04.694+0000] {logging_mixin.py:190} INFO - [2025-02-13T20:57:04.693+0000] {dag.py:4180} INFO - Setting next_dagrun for welcome_dag to 2025-02-13 20:56:00+00:00, run_after=2025-02-13 20:57:00+00:00
[2025-02-13T20:57:04.795+0000] {processor.py:208} INFO - Processing /opt/airflow/dags/new_dags.py took 0.311 seconds
[2025-02-13T20:57:37.306+0000] {processor.py:186} INFO - Started process (PID=163) to work on /opt/airflow/dags/new_dags.py
[2025-02-13T20:57:37.308+0000] {processor.py:914} INFO - Processing file /opt/airflow/dags/new_dags.py for tasks to queue
[2025-02-13T20:57:37.312+0000] {logging_mixin.py:190} INFO - [2025-02-13T20:57:37.311+0000] {dagbag.py:588} INFO - Filling up the DagBag from /opt/airflow/dags/new_dags.py
[2025-02-13T20:57:37.353+0000] {processor.py:925} INFO - DAG(s) 'welcome_dag' retrieved from /opt/airflow/dags/new_dags.py
[2025-02-13T20:57:37.396+0000] {logging_mixin.py:190} INFO - [2025-02-13T20:57:37.396+0000] {dag.py:3239} INFO - Sync 1 DAGs
[2025-02-13T20:57:37.445+0000] {logging_mixin.py:190} INFO - [2025-02-13T20:57:37.445+0000] {dag.py:4180} INFO - Setting next_dagrun for welcome_dag to 2025-02-13 20:56:00+00:00, run_after=2025-02-13 20:57:00+00:00
[2025-02-13T20:57:37.563+0000] {processor.py:208} INFO - Processing /opt/airflow/dags/new_dags.py took 0.265 seconds
[2025-02-13T20:58:10.100+0000] {processor.py:186} INFO - Started process (PID=164) to work on /opt/airflow/dags/new_dags.py
[2025-02-13T20:58:10.102+0000] {processor.py:914} INFO - Processing file /opt/airflow/dags/new_dags.py for tasks to queue
[2025-02-13T20:58:10.105+0000] {logging_mixin.py:190} INFO - [2025-02-13T20:58:10.104+0000] {dagbag.py:588} INFO - Filling up the DagBag from /opt/airflow/dags/new_dags.py
[2025-02-13T20:58:10.153+0000] {processor.py:925} INFO - DAG(s) 'welcome_dag' retrieved from /opt/airflow/dags/new_dags.py
[2025-02-13T20:58:10.208+0000] {logging_mixin.py:190} INFO - [2025-02-13T20:58:10.207+0000] {dag.py:3239} INFO - Sync 1 DAGs
[2025-02-13T20:58:10.278+0000] {logging_mixin.py:190} INFO - [2025-02-13T20:58:10.277+0000] {dag.py:4180} INFO - Setting next_dagrun for welcome_dag to 2025-02-13 20:57:00+00:00, run_after=2025-02-13 20:58:00+00:00
[2025-02-13T20:58:10.373+0000] {processor.py:208} INFO - Processing /opt/airflow/dags/new_dags.py took 0.283 seconds
[2025-02-13T20:58:42.863+0000] {processor.py:186} INFO - Started process (PID=165) to work on /opt/airflow/dags/new_dags.py
[2025-02-13T20:58:42.865+0000] {processor.py:914} INFO - Processing file /opt/airflow/dags/new_dags.py for tasks to queue
[2025-02-13T20:58:42.870+0000] {logging_mixin.py:190} INFO - [2025-02-13T20:58:42.870+0000] {dagbag.py:588} INFO - Filling up the DagBag from /opt/airflow/dags/new_dags.py
[2025-02-13T20:58:42.926+0000] {processor.py:925} INFO - DAG(s) 'welcome_dag' retrieved from /opt/airflow/dags/new_dags.py
[2025-02-13T20:58:42.986+0000] {logging_mixin.py:190} INFO - [2025-02-13T20:58:42.986+0000] {dag.py:3239} INFO - Sync 1 DAGs
[2025-02-13T20:58:43.051+0000] {logging_mixin.py:190} INFO - [2025-02-13T20:58:43.051+0000] {dag.py:4180} INFO - Setting next_dagrun for welcome_dag to 2025-02-13 20:57:00+00:00, run_after=2025-02-13 20:58:00+00:00
[2025-02-13T20:58:43.167+0000] {processor.py:208} INFO - Processing /opt/airflow/dags/new_dags.py took 0.315 seconds
[2025-02-13T20:59:15.844+0000] {processor.py:186} INFO - Started process (PID=166) to work on /opt/airflow/dags/new_dags.py
[2025-02-13T20:59:15.846+0000] {processor.py:914} INFO - Processing file /opt/airflow/dags/new_dags.py for tasks to queue
[2025-02-13T20:59:15.850+0000] {logging_mixin.py:190} INFO - [2025-02-13T20:59:15.850+0000] {dagbag.py:588} INFO - Filling up the DagBag from /opt/airflow/dags/new_dags.py
[2025-02-13T20:59:15.903+0000] {processor.py:925} INFO - DAG(s) 'welcome_dag' retrieved from /opt/airflow/dags/new_dags.py
[2025-02-13T20:59:15.942+0000] {logging_mixin.py:190} INFO - [2025-02-13T20:59:15.941+0000] {dag.py:3239} INFO - Sync 1 DAGs
[2025-02-13T20:59:15.982+0000] {logging_mixin.py:190} INFO - [2025-02-13T20:59:15.982+0000] {dag.py:4180} INFO - Setting next_dagrun for welcome_dag to 2025-02-13 20:58:00+00:00, run_after=2025-02-13 20:59:00+00:00
[2025-02-13T20:59:16.095+0000] {processor.py:208} INFO - Processing /opt/airflow/dags/new_dags.py took 0.257 seconds
[2025-02-13T20:59:48.443+0000] {processor.py:186} INFO - Started process (PID=167) to work on /opt/airflow/dags/new_dags.py
[2025-02-13T20:59:48.444+0000] {processor.py:914} INFO - Processing file /opt/airflow/dags/new_dags.py for tasks to queue
[2025-02-13T20:59:48.448+0000] {logging_mixin.py:190} INFO - [2025-02-13T20:59:48.447+0000] {dagbag.py:588} INFO - Filling up the DagBag from /opt/airflow/dags/new_dags.py
[2025-02-13T20:59:48.481+0000] {processor.py:925} INFO - DAG(s) 'welcome_dag' retrieved from /opt/airflow/dags/new_dags.py
[2025-02-13T20:59:48.517+0000] {logging_mixin.py:190} INFO - [2025-02-13T20:59:48.516+0000] {dag.py:3239} INFO - Sync 1 DAGs
[2025-02-13T20:59:48.563+0000] {logging_mixin.py:190} INFO - [2025-02-13T20:59:48.563+0000] {dag.py:4180} INFO - Setting next_dagrun for welcome_dag to 2025-02-13 20:58:00+00:00, run_after=2025-02-13 20:59:00+00:00
[2025-02-13T20:59:48.676+0000] {processor.py:208} INFO - Processing /opt/airflow/dags/new_dags.py took 0.251 seconds
[2025-02-13T21:00:21.136+0000] {processor.py:186} INFO - Started process (PID=168) to work on /opt/airflow/dags/new_dags.py
[2025-02-13T21:00:21.138+0000] {processor.py:914} INFO - Processing file /opt/airflow/dags/new_dags.py for tasks to queue
[2025-02-13T21:00:21.142+0000] {logging_mixin.py:190} INFO - [2025-02-13T21:00:21.142+0000] {dagbag.py:588} INFO - Filling up the DagBag from /opt/airflow/dags/new_dags.py
[2025-02-13T21:00:21.186+0000] {processor.py:925} INFO - DAG(s) 'welcome_dag' retrieved from /opt/airflow/dags/new_dags.py
[2025-02-13T21:00:21.236+0000] {logging_mixin.py:190} INFO - [2025-02-13T21:00:21.235+0000] {dag.py:3239} INFO - Sync 1 DAGs
[2025-02-13T21:00:21.295+0000] {logging_mixin.py:190} INFO - [2025-02-13T21:00:21.294+0000] {dag.py:4180} INFO - Setting next_dagrun for welcome_dag to 2025-02-13 20:59:00+00:00, run_after=2025-02-13 21:00:00+00:00
[2025-02-13T21:00:21.398+0000] {processor.py:208} INFO - Processing /opt/airflow/dags/new_dags.py took 0.291 seconds
[2025-02-13T21:00:53.700+0000] {processor.py:186} INFO - Started process (PID=169) to work on /opt/airflow/dags/new_dags.py
[2025-02-13T21:00:53.702+0000] {processor.py:914} INFO - Processing file /opt/airflow/dags/new_dags.py for tasks to queue
[2025-02-13T21:00:53.708+0000] {logging_mixin.py:190} INFO - [2025-02-13T21:00:53.707+0000] {dagbag.py:588} INFO - Filling up the DagBag from /opt/airflow/dags/new_dags.py
[2025-02-13T21:00:53.758+0000] {processor.py:925} INFO - DAG(s) 'welcome_dag' retrieved from /opt/airflow/dags/new_dags.py
[2025-02-13T21:00:53.799+0000] {logging_mixin.py:190} INFO - [2025-02-13T21:00:53.799+0000] {dag.py:3239} INFO - Sync 1 DAGs
[2025-02-13T21:00:53.843+0000] {logging_mixin.py:190} INFO - [2025-02-13T21:00:53.842+0000] {dag.py:4180} INFO - Setting next_dagrun for welcome_dag to 2025-02-13 20:59:00+00:00, run_after=2025-02-13 21:00:00+00:00
[2025-02-13T21:00:53.932+0000] {processor.py:208} INFO - Processing /opt/airflow/dags/new_dags.py took 0.240 seconds
[2025-02-13T21:01:27.301+0000] {processor.py:186} INFO - Started process (PID=170) to work on /opt/airflow/dags/new_dags.py
[2025-02-13T21:01:27.304+0000] {processor.py:914} INFO - Processing file /opt/airflow/dags/new_dags.py for tasks to queue
[2025-02-13T21:01:27.309+0000] {logging_mixin.py:190} INFO - [2025-02-13T21:01:27.308+0000] {dagbag.py:588} INFO - Filling up the DagBag from /opt/airflow/dags/new_dags.py
[2025-02-13T21:01:27.357+0000] {processor.py:925} INFO - DAG(s) 'welcome_dag' retrieved from /opt/airflow/dags/new_dags.py
[2025-02-13T21:01:27.407+0000] {logging_mixin.py:190} INFO - [2025-02-13T21:01:27.406+0000] {dag.py:3239} INFO - Sync 1 DAGs
[2025-02-13T21:01:27.463+0000] {logging_mixin.py:190} INFO - [2025-02-13T21:01:27.463+0000] {dag.py:4180} INFO - Setting next_dagrun for welcome_dag to 2025-02-13 21:00:00+00:00, run_after=2025-02-13 21:01:00+00:00
[2025-02-13T21:01:27.586+0000] {processor.py:208} INFO - Processing /opt/airflow/dags/new_dags.py took 0.298 seconds
[2025-02-13T21:01:58.879+0000] {processor.py:186} INFO - Started process (PID=171) to work on /opt/airflow/dags/new_dags.py
[2025-02-13T21:01:58.881+0000] {processor.py:914} INFO - Processing file /opt/airflow/dags/new_dags.py for tasks to queue
[2025-02-13T21:01:58.889+0000] {logging_mixin.py:190} INFO - [2025-02-13T21:01:58.888+0000] {dagbag.py:588} INFO - Filling up the DagBag from /opt/airflow/dags/new_dags.py
[2025-02-13T21:01:58.974+0000] {processor.py:925} INFO - DAG(s) 'welcome_dag' retrieved from /opt/airflow/dags/new_dags.py
[2025-02-13T21:01:59.051+0000] {logging_mixin.py:190} INFO - [2025-02-13T21:01:59.050+0000] {dag.py:3239} INFO - Sync 1 DAGs
[2025-02-13T21:01:59.111+0000] {logging_mixin.py:190} INFO - [2025-02-13T21:01:59.111+0000] {dag.py:4180} INFO - Setting next_dagrun for welcome_dag to 2025-02-13 21:00:00+00:00, run_after=2025-02-13 21:01:00+00:00
[2025-02-13T21:01:59.202+0000] {processor.py:208} INFO - Processing /opt/airflow/dags/new_dags.py took 0.335 seconds
[2025-02-13T21:02:31.673+0000] {processor.py:186} INFO - Started process (PID=172) to work on /opt/airflow/dags/new_dags.py
[2025-02-13T21:02:31.674+0000] {processor.py:914} INFO - Processing file /opt/airflow/dags/new_dags.py for tasks to queue
[2025-02-13T21:02:31.678+0000] {logging_mixin.py:190} INFO - [2025-02-13T21:02:31.677+0000] {dagbag.py:588} INFO - Filling up the DagBag from /opt/airflow/dags/new_dags.py
[2025-02-13T21:02:31.727+0000] {processor.py:925} INFO - DAG(s) 'welcome_dag' retrieved from /opt/airflow/dags/new_dags.py
[2025-02-13T21:02:31.781+0000] {logging_mixin.py:190} INFO - [2025-02-13T21:02:31.781+0000] {dag.py:3239} INFO - Sync 1 DAGs
[2025-02-13T21:02:31.840+0000] {logging_mixin.py:190} INFO - [2025-02-13T21:02:31.840+0000] {dag.py:4180} INFO - Setting next_dagrun for welcome_dag to 2025-02-13 21:01:00+00:00, run_after=2025-02-13 21:02:00+00:00
[2025-02-13T21:02:31.948+0000] {processor.py:208} INFO - Processing /opt/airflow/dags/new_dags.py took 0.285 seconds
[2025-02-13T21:03:05.331+0000] {processor.py:186} INFO - Started process (PID=173) to work on /opt/airflow/dags/new_dags.py
[2025-02-13T21:03:05.334+0000] {processor.py:914} INFO - Processing file /opt/airflow/dags/new_dags.py for tasks to queue
[2025-02-13T21:03:05.340+0000] {logging_mixin.py:190} INFO - [2025-02-13T21:03:05.340+0000] {dagbag.py:588} INFO - Filling up the DagBag from /opt/airflow/dags/new_dags.py
[2025-02-13T21:03:05.392+0000] {processor.py:925} INFO - DAG(s) 'welcome_dag' retrieved from /opt/airflow/dags/new_dags.py
[2025-02-13T21:03:05.449+0000] {logging_mixin.py:190} INFO - [2025-02-13T21:03:05.449+0000] {dag.py:3239} INFO - Sync 1 DAGs
[2025-02-13T21:03:05.505+0000] {logging_mixin.py:190} INFO - [2025-02-13T21:03:05.504+0000] {dag.py:4180} INFO - Setting next_dagrun for welcome_dag to 2025-02-13 21:02:00+00:00, run_after=2025-02-13 21:03:00+00:00
[2025-02-13T21:03:05.620+0000] {processor.py:208} INFO - Processing /opt/airflow/dags/new_dags.py took 0.305 seconds
[2025-02-13T21:03:37.525+0000] {processor.py:186} INFO - Started process (PID=174) to work on /opt/airflow/dags/new_dags.py
[2025-02-13T21:03:37.527+0000] {processor.py:914} INFO - Processing file /opt/airflow/dags/new_dags.py for tasks to queue
[2025-02-13T21:03:37.530+0000] {logging_mixin.py:190} INFO - [2025-02-13T21:03:37.530+0000] {dagbag.py:588} INFO - Filling up the DagBag from /opt/airflow/dags/new_dags.py
[2025-02-13T21:03:37.601+0000] {processor.py:925} INFO - DAG(s) 'welcome_dag' retrieved from /opt/airflow/dags/new_dags.py
[2025-02-13T21:03:37.659+0000] {logging_mixin.py:190} INFO - [2025-02-13T21:03:37.659+0000] {dag.py:3239} INFO - Sync 1 DAGs
[2025-02-13T21:03:37.720+0000] {logging_mixin.py:190} INFO - [2025-02-13T21:03:37.720+0000] {dag.py:4180} INFO - Setting next_dagrun for welcome_dag to 2025-02-13 21:02:00+00:00, run_after=2025-02-13 21:03:00+00:00
[2025-02-13T21:03:37.840+0000] {processor.py:208} INFO - Processing /opt/airflow/dags/new_dags.py took 0.329 seconds
[2025-02-13T21:04:09.770+0000] {processor.py:186} INFO - Started process (PID=175) to work on /opt/airflow/dags/new_dags.py
[2025-02-13T21:04:09.773+0000] {processor.py:914} INFO - Processing file /opt/airflow/dags/new_dags.py for tasks to queue
[2025-02-13T21:04:09.779+0000] {logging_mixin.py:190} INFO - [2025-02-13T21:04:09.779+0000] {dagbag.py:588} INFO - Filling up the DagBag from /opt/airflow/dags/new_dags.py
[2025-02-13T21:04:09.835+0000] {processor.py:925} INFO - DAG(s) 'welcome_dag' retrieved from /opt/airflow/dags/new_dags.py
[2025-02-13T21:04:09.879+0000] {logging_mixin.py:190} INFO - [2025-02-13T21:04:09.879+0000] {dag.py:3239} INFO - Sync 1 DAGs
[2025-02-13T21:04:09.927+0000] {logging_mixin.py:190} INFO - [2025-02-13T21:04:09.927+0000] {dag.py:4180} INFO - Setting next_dagrun for welcome_dag to 2025-02-13 21:03:00+00:00, run_after=2025-02-13 21:04:00+00:00
[2025-02-13T21:04:10.029+0000] {processor.py:208} INFO - Processing /opt/airflow/dags/new_dags.py took 0.270 seconds
[2025-02-13T21:04:42.528+0000] {processor.py:186} INFO - Started process (PID=176) to work on /opt/airflow/dags/new_dags.py
[2025-02-13T21:04:42.530+0000] {processor.py:914} INFO - Processing file /opt/airflow/dags/new_dags.py for tasks to queue
[2025-02-13T21:04:42.535+0000] {logging_mixin.py:190} INFO - [2025-02-13T21:04:42.534+0000] {dagbag.py:588} INFO - Filling up the DagBag from /opt/airflow/dags/new_dags.py
[2025-02-13T21:04:42.596+0000] {processor.py:925} INFO - DAG(s) 'welcome_dag' retrieved from /opt/airflow/dags/new_dags.py
[2025-02-13T21:04:42.647+0000] {logging_mixin.py:190} INFO - [2025-02-13T21:04:42.646+0000] {dag.py:3239} INFO - Sync 1 DAGs
[2025-02-13T21:04:42.702+0000] {logging_mixin.py:190} INFO - [2025-02-13T21:04:42.701+0000] {dag.py:4180} INFO - Setting next_dagrun for welcome_dag to 2025-02-13 21:03:00+00:00, run_after=2025-02-13 21:04:00+00:00
[2025-02-13T21:04:42.839+0000] {processor.py:208} INFO - Processing /opt/airflow/dags/new_dags.py took 0.316 seconds
[2025-02-13T21:05:16.193+0000] {processor.py:186} INFO - Started process (PID=177) to work on /opt/airflow/dags/new_dags.py
[2025-02-13T21:05:16.196+0000] {processor.py:914} INFO - Processing file /opt/airflow/dags/new_dags.py for tasks to queue
[2025-02-13T21:05:16.199+0000] {logging_mixin.py:190} INFO - [2025-02-13T21:05:16.198+0000] {dagbag.py:588} INFO - Filling up the DagBag from /opt/airflow/dags/new_dags.py
[2025-02-13T21:05:16.257+0000] {processor.py:925} INFO - DAG(s) 'welcome_dag' retrieved from /opt/airflow/dags/new_dags.py
[2025-02-13T21:05:16.315+0000] {logging_mixin.py:190} INFO - [2025-02-13T21:05:16.314+0000] {dag.py:3239} INFO - Sync 1 DAGs
[2025-02-13T21:05:16.364+0000] {logging_mixin.py:190} INFO - [2025-02-13T21:05:16.364+0000] {dag.py:4180} INFO - Setting next_dagrun for welcome_dag to 2025-02-13 21:04:00+00:00, run_after=2025-02-13 21:05:00+00:00
[2025-02-13T21:05:16.463+0000] {processor.py:208} INFO - Processing /opt/airflow/dags/new_dags.py took 0.281 seconds
[2025-02-13T21:05:48.492+0000] {processor.py:186} INFO - Started process (PID=178) to work on /opt/airflow/dags/new_dags.py
[2025-02-13T21:05:48.494+0000] {processor.py:914} INFO - Processing file /opt/airflow/dags/new_dags.py for tasks to queue
[2025-02-13T21:05:48.497+0000] {logging_mixin.py:190} INFO - [2025-02-13T21:05:48.497+0000] {dagbag.py:588} INFO - Filling up the DagBag from /opt/airflow/dags/new_dags.py
[2025-02-13T21:05:48.546+0000] {processor.py:925} INFO - DAG(s) 'welcome_dag' retrieved from /opt/airflow/dags/new_dags.py
[2025-02-13T21:05:48.606+0000] {logging_mixin.py:190} INFO - [2025-02-13T21:05:48.605+0000] {dag.py:3239} INFO - Sync 1 DAGs
[2025-02-13T21:05:48.677+0000] {logging_mixin.py:190} INFO - [2025-02-13T21:05:48.676+0000] {dag.py:4180} INFO - Setting next_dagrun for welcome_dag to 2025-02-13 21:04:00+00:00, run_after=2025-02-13 21:05:00+00:00
[2025-02-13T21:05:48.762+0000] {processor.py:208} INFO - Processing /opt/airflow/dags/new_dags.py took 0.278 seconds
[2025-02-13T21:06:21.514+0000] {processor.py:186} INFO - Started process (PID=179) to work on /opt/airflow/dags/new_dags.py
[2025-02-13T21:06:21.516+0000] {processor.py:914} INFO - Processing file /opt/airflow/dags/new_dags.py for tasks to queue
[2025-02-13T21:06:21.520+0000] {logging_mixin.py:190} INFO - [2025-02-13T21:06:21.519+0000] {dagbag.py:588} INFO - Filling up the DagBag from /opt/airflow/dags/new_dags.py
[2025-02-13T21:06:21.566+0000] {processor.py:925} INFO - DAG(s) 'welcome_dag' retrieved from /opt/airflow/dags/new_dags.py
[2025-02-13T21:06:21.611+0000] {logging_mixin.py:190} INFO - [2025-02-13T21:06:21.611+0000] {dag.py:3239} INFO - Sync 1 DAGs
[2025-02-13T21:06:21.650+0000] {logging_mixin.py:190} INFO - [2025-02-13T21:06:21.650+0000] {dag.py:4180} INFO - Setting next_dagrun for welcome_dag to 2025-02-13 21:05:00+00:00, run_after=2025-02-13 21:06:00+00:00
[2025-02-13T21:06:21.751+0000] {processor.py:208} INFO - Processing /opt/airflow/dags/new_dags.py took 0.242 seconds
[2025-02-13T21:06:53.949+0000] {processor.py:186} INFO - Started process (PID=180) to work on /opt/airflow/dags/new_dags.py
[2025-02-13T21:06:53.950+0000] {processor.py:914} INFO - Processing file /opt/airflow/dags/new_dags.py for tasks to queue
[2025-02-13T21:06:53.954+0000] {logging_mixin.py:190} INFO - [2025-02-13T21:06:53.954+0000] {dagbag.py:588} INFO - Filling up the DagBag from /opt/airflow/dags/new_dags.py
[2025-02-13T21:06:53.996+0000] {processor.py:925} INFO - DAG(s) 'welcome_dag' retrieved from /opt/airflow/dags/new_dags.py
[2025-02-13T21:06:54.041+0000] {logging_mixin.py:190} INFO - [2025-02-13T21:06:54.040+0000] {dag.py:3239} INFO - Sync 1 DAGs
[2025-02-13T21:06:54.084+0000] {logging_mixin.py:190} INFO - [2025-02-13T21:06:54.084+0000] {dag.py:4180} INFO - Setting next_dagrun for welcome_dag to 2025-02-13 21:05:00+00:00, run_after=2025-02-13 21:06:00+00:00
[2025-02-13T21:06:54.176+0000] {processor.py:208} INFO - Processing /opt/airflow/dags/new_dags.py took 0.247 seconds
[2025-02-13T21:07:26.854+0000] {processor.py:186} INFO - Started process (PID=181) to work on /opt/airflow/dags/new_dags.py
[2025-02-13T21:07:26.855+0000] {processor.py:914} INFO - Processing file /opt/airflow/dags/new_dags.py for tasks to queue
[2025-02-13T21:07:26.858+0000] {logging_mixin.py:190} INFO - [2025-02-13T21:07:26.858+0000] {dagbag.py:588} INFO - Filling up the DagBag from /opt/airflow/dags/new_dags.py
[2025-02-13T21:07:26.909+0000] {processor.py:925} INFO - DAG(s) 'welcome_dag' retrieved from /opt/airflow/dags/new_dags.py
[2025-02-13T21:07:26.950+0000] {logging_mixin.py:190} INFO - [2025-02-13T21:07:26.950+0000] {dag.py:3239} INFO - Sync 1 DAGs
[2025-02-13T21:07:26.980+0000] {logging_mixin.py:190} INFO - [2025-02-13T21:07:26.980+0000] {dag.py:4180} INFO - Setting next_dagrun for welcome_dag to 2025-02-13 21:06:00+00:00, run_after=2025-02-13 21:07:00+00:00
[2025-02-13T21:07:27.086+0000] {processor.py:208} INFO - Processing /opt/airflow/dags/new_dags.py took 0.236 seconds
[2025-02-13T21:57:59.415+0000] {processor.py:186} INFO - Started process (PID=182) to work on /opt/airflow/dags/new_dags.py
[2025-02-13T21:57:59.417+0000] {processor.py:914} INFO - Processing file /opt/airflow/dags/new_dags.py for tasks to queue
[2025-02-13T21:57:59.421+0000] {logging_mixin.py:190} INFO - [2025-02-13T21:57:59.421+0000] {dagbag.py:588} INFO - Filling up the DagBag from /opt/airflow/dags/new_dags.py
[2025-02-13T21:57:59.469+0000] {processor.py:925} INFO - DAG(s) 'welcome_dag' retrieved from /opt/airflow/dags/new_dags.py
[2025-02-13T21:57:59.518+0000] {logging_mixin.py:190} INFO - [2025-02-13T21:57:59.517+0000] {dag.py:3239} INFO - Sync 1 DAGs
[2025-02-13T21:57:59.561+0000] {logging_mixin.py:190} INFO - [2025-02-13T21:57:59.561+0000] {dag.py:4180} INFO - Setting next_dagrun for welcome_dag to 2025-02-13 21:56:00+00:00, run_after=2025-02-13 21:57:00+00:00
[2025-02-13T21:57:59.686+0000] {processor.py:208} INFO - Processing /opt/airflow/dags/new_dags.py took 0.281 seconds
[2025-02-13T21:59:53.734+0000] {processor.py:186} INFO - Started process (PID=183) to work on /opt/airflow/dags/new_dags.py
[2025-02-13T21:59:53.746+0000] {processor.py:914} INFO - Processing file /opt/airflow/dags/new_dags.py for tasks to queue
[2025-02-13T21:59:53.762+0000] {logging_mixin.py:190} INFO - [2025-02-13T21:59:53.751+0000] {dagbag.py:588} INFO - Filling up the DagBag from /opt/airflow/dags/new_dags.py
[2025-02-13T21:59:53.957+0000] {processor.py:925} INFO - DAG(s) 'welcome_dag' retrieved from /opt/airflow/dags/new_dags.py
[2025-02-13T21:59:54.442+0000] {logging_mixin.py:190} INFO - [2025-02-13T21:59:54.441+0000] {dag.py:3239} INFO - Sync 1 DAGs
[2025-02-13T21:59:54.655+0000] {logging_mixin.py:190} INFO - [2025-02-13T21:59:54.654+0000] {dag.py:4180} INFO - Setting next_dagrun for welcome_dag to 2025-02-13 21:58:00+00:00, run_after=2025-02-13 21:59:00+00:00
[2025-02-13T21:59:54.987+0000] {processor.py:208} INFO - Processing /opt/airflow/dags/new_dags.py took 1.289 seconds
[2025-02-13T22:00:25.983+0000] {processor.py:186} INFO - Started process (PID=184) to work on /opt/airflow/dags/new_dags.py
[2025-02-13T22:00:25.987+0000] {processor.py:914} INFO - Processing file /opt/airflow/dags/new_dags.py for tasks to queue
[2025-02-13T22:00:25.995+0000] {logging_mixin.py:190} INFO - [2025-02-13T22:00:25.994+0000] {dagbag.py:588} INFO - Filling up the DagBag from /opt/airflow/dags/new_dags.py
[2025-02-13T22:00:26.066+0000] {processor.py:925} INFO - DAG(s) 'welcome_dag' retrieved from /opt/airflow/dags/new_dags.py
[2025-02-13T22:00:26.133+0000] {logging_mixin.py:190} INFO - [2025-02-13T22:00:26.133+0000] {dag.py:3239} INFO - Sync 1 DAGs
[2025-02-13T22:00:26.194+0000] {logging_mixin.py:190} INFO - [2025-02-13T22:00:26.194+0000] {dag.py:4180} INFO - Setting next_dagrun for welcome_dag to 2025-02-13 21:59:00+00:00, run_after=2025-02-13 22:00:00+00:00
[2025-02-13T22:00:26.323+0000] {processor.py:208} INFO - Processing /opt/airflow/dags/new_dags.py took 0.357 seconds
[2025-02-13T22:00:56.932+0000] {processor.py:186} INFO - Started process (PID=185) to work on /opt/airflow/dags/new_dags.py
[2025-02-13T22:00:56.933+0000] {processor.py:914} INFO - Processing file /opt/airflow/dags/new_dags.py for tasks to queue
[2025-02-13T22:00:56.936+0000] {logging_mixin.py:190} INFO - [2025-02-13T22:00:56.936+0000] {dagbag.py:588} INFO - Filling up the DagBag from /opt/airflow/dags/new_dags.py
[2025-02-13T22:00:56.996+0000] {processor.py:925} INFO - DAG(s) 'welcome_dag' retrieved from /opt/airflow/dags/new_dags.py
[2025-02-13T22:00:57.046+0000] {logging_mixin.py:190} INFO - [2025-02-13T22:00:57.045+0000] {dag.py:3239} INFO - Sync 1 DAGs
[2025-02-13T22:00:57.098+0000] {logging_mixin.py:190} INFO - [2025-02-13T22:00:57.098+0000] {dag.py:4180} INFO - Setting next_dagrun for welcome_dag to 2025-02-13 21:59:00+00:00, run_after=2025-02-13 22:00:00+00:00
[2025-02-13T22:00:57.203+0000] {processor.py:208} INFO - Processing /opt/airflow/dags/new_dags.py took 0.278 seconds
[2025-02-13T22:01:27.511+0000] {processor.py:186} INFO - Started process (PID=186) to work on /opt/airflow/dags/new_dags.py
[2025-02-13T22:01:27.513+0000] {processor.py:914} INFO - Processing file /opt/airflow/dags/new_dags.py for tasks to queue
[2025-02-13T22:01:27.516+0000] {logging_mixin.py:190} INFO - [2025-02-13T22:01:27.516+0000] {dagbag.py:588} INFO - Filling up the DagBag from /opt/airflow/dags/new_dags.py
[2025-02-13T22:01:27.556+0000] {processor.py:925} INFO - DAG(s) 'welcome_dag' retrieved from /opt/airflow/dags/new_dags.py
[2025-02-13T22:01:27.598+0000] {logging_mixin.py:190} INFO - [2025-02-13T22:01:27.597+0000] {dag.py:3239} INFO - Sync 1 DAGs
[2025-02-13T22:01:27.636+0000] {logging_mixin.py:190} INFO - [2025-02-13T22:01:27.636+0000] {dag.py:4180} INFO - Setting next_dagrun for welcome_dag to 2025-02-13 22:00:00+00:00, run_after=2025-02-13 22:01:00+00:00
[2025-02-13T22:01:27.717+0000] {processor.py:208} INFO - Processing /opt/airflow/dags/new_dags.py took 0.212 seconds
[2025-02-13T22:01:58.501+0000] {processor.py:186} INFO - Started process (PID=187) to work on /opt/airflow/dags/new_dags.py
[2025-02-13T22:01:58.503+0000] {processor.py:914} INFO - Processing file /opt/airflow/dags/new_dags.py for tasks to queue
[2025-02-13T22:01:58.506+0000] {logging_mixin.py:190} INFO - [2025-02-13T22:01:58.506+0000] {dagbag.py:588} INFO - Filling up the DagBag from /opt/airflow/dags/new_dags.py
[2025-02-13T22:01:58.547+0000] {processor.py:925} INFO - DAG(s) 'welcome_dag' retrieved from /opt/airflow/dags/new_dags.py
[2025-02-13T22:01:58.590+0000] {logging_mixin.py:190} INFO - [2025-02-13T22:01:58.590+0000] {dag.py:3239} INFO - Sync 1 DAGs
[2025-02-13T22:01:58.619+0000] {logging_mixin.py:190} INFO - [2025-02-13T22:01:58.619+0000] {dag.py:4180} INFO - Setting next_dagrun for welcome_dag to 2025-02-13 22:00:00+00:00, run_after=2025-02-13 22:01:00+00:00
[2025-02-13T22:01:58.678+0000] {processor.py:208} INFO - Processing /opt/airflow/dags/new_dags.py took 0.184 seconds
[2025-02-13T23:02:09.151+0000] {processor.py:186} INFO - Started process (PID=188) to work on /opt/airflow/dags/new_dags.py
[2025-02-13T23:02:09.152+0000] {processor.py:914} INFO - Processing file /opt/airflow/dags/new_dags.py for tasks to queue
[2025-02-13T23:02:09.155+0000] {logging_mixin.py:190} INFO - [2025-02-13T23:02:09.154+0000] {dagbag.py:588} INFO - Filling up the DagBag from /opt/airflow/dags/new_dags.py
[2025-02-13T23:02:09.206+0000] {processor.py:925} INFO - DAG(s) 'welcome_dag' retrieved from /opt/airflow/dags/new_dags.py
[2025-02-13T23:02:09.252+0000] {logging_mixin.py:190} INFO - [2025-02-13T23:02:09.252+0000] {dag.py:3239} INFO - Sync 1 DAGs
[2025-02-13T23:02:09.295+0000] {logging_mixin.py:190} INFO - [2025-02-13T23:02:09.295+0000] {dag.py:4180} INFO - Setting next_dagrun for welcome_dag to 2025-02-13 23:01:00+00:00, run_after=2025-02-13 23:02:00+00:00
[2025-02-13T23:02:09.369+0000] {processor.py:208} INFO - Processing /opt/airflow/dags/new_dags.py took 0.223 seconds
[2025-02-13T23:02:40.506+0000] {processor.py:186} INFO - Started process (PID=189) to work on /opt/airflow/dags/new_dags.py
[2025-02-13T23:02:40.507+0000] {processor.py:914} INFO - Processing file /opt/airflow/dags/new_dags.py for tasks to queue
[2025-02-13T23:02:40.511+0000] {logging_mixin.py:190} INFO - [2025-02-13T23:02:40.510+0000] {dagbag.py:588} INFO - Filling up the DagBag from /opt/airflow/dags/new_dags.py
[2025-02-13T23:02:40.555+0000] {processor.py:925} INFO - DAG(s) 'welcome_dag' retrieved from /opt/airflow/dags/new_dags.py
[2025-02-13T23:02:40.598+0000] {logging_mixin.py:190} INFO - [2025-02-13T23:02:40.597+0000] {dag.py:3239} INFO - Sync 1 DAGs
[2025-02-13T23:02:40.648+0000] {logging_mixin.py:190} INFO - [2025-02-13T23:02:40.647+0000] {dag.py:4180} INFO - Setting next_dagrun for welcome_dag to 2025-02-13 23:01:00+00:00, run_after=2025-02-13 23:02:00+00:00
[2025-02-13T23:02:40.747+0000] {processor.py:208} INFO - Processing /opt/airflow/dags/new_dags.py took 0.248 seconds
[2025-02-13T23:03:11.588+0000] {processor.py:186} INFO - Started process (PID=190) to work on /opt/airflow/dags/new_dags.py
[2025-02-13T23:03:11.593+0000] {processor.py:914} INFO - Processing file /opt/airflow/dags/new_dags.py for tasks to queue
[2025-02-13T23:03:11.608+0000] {logging_mixin.py:190} INFO - [2025-02-13T23:03:11.606+0000] {dagbag.py:588} INFO - Filling up the DagBag from /opt/airflow/dags/new_dags.py
[2025-02-13T23:03:11.689+0000] {processor.py:925} INFO - DAG(s) 'welcome_dag' retrieved from /opt/airflow/dags/new_dags.py
[2025-02-13T23:03:11.791+0000] {logging_mixin.py:190} INFO - [2025-02-13T23:03:11.791+0000] {dag.py:3239} INFO - Sync 1 DAGs
[2025-02-13T23:03:11.882+0000] {logging_mixin.py:190} INFO - [2025-02-13T23:03:11.881+0000] {dag.py:4180} INFO - Setting next_dagrun for welcome_dag to 2025-02-13 23:02:00+00:00, run_after=2025-02-13 23:03:00+00:00
[2025-02-13T23:03:11.991+0000] {processor.py:208} INFO - Processing /opt/airflow/dags/new_dags.py took 0.437 seconds
[2025-02-13T23:03:42.329+0000] {processor.py:186} INFO - Started process (PID=191) to work on /opt/airflow/dags/new_dags.py
[2025-02-13T23:03:42.330+0000] {processor.py:914} INFO - Processing file /opt/airflow/dags/new_dags.py for tasks to queue
[2025-02-13T23:03:42.332+0000] {logging_mixin.py:190} INFO - [2025-02-13T23:03:42.332+0000] {dagbag.py:588} INFO - Filling up the DagBag from /opt/airflow/dags/new_dags.py
[2025-02-13T23:03:42.360+0000] {processor.py:925} INFO - DAG(s) 'welcome_dag' retrieved from /opt/airflow/dags/new_dags.py
[2025-02-13T23:03:42.396+0000] {logging_mixin.py:190} INFO - [2025-02-13T23:03:42.395+0000] {dag.py:3239} INFO - Sync 1 DAGs
[2025-02-13T23:03:42.434+0000] {logging_mixin.py:190} INFO - [2025-02-13T23:03:42.433+0000] {dag.py:4180} INFO - Setting next_dagrun for welcome_dag to 2025-02-13 23:02:00+00:00, run_after=2025-02-13 23:03:00+00:00
[2025-02-13T23:03:42.505+0000] {processor.py:208} INFO - Processing /opt/airflow/dags/new_dags.py took 0.187 seconds
[2025-02-13T23:05:15.858+0000] {processor.py:186} INFO - Started process (PID=192) to work on /opt/airflow/dags/new_dags.py
[2025-02-13T23:05:15.860+0000] {processor.py:914} INFO - Processing file /opt/airflow/dags/new_dags.py for tasks to queue
[2025-02-13T23:05:15.863+0000] {logging_mixin.py:190} INFO - [2025-02-13T23:05:15.863+0000] {dagbag.py:588} INFO - Filling up the DagBag from /opt/airflow/dags/new_dags.py
[2025-02-13T23:05:15.917+0000] {processor.py:925} INFO - DAG(s) 'welcome_dag' retrieved from /opt/airflow/dags/new_dags.py
[2025-02-13T23:05:15.963+0000] {logging_mixin.py:190} INFO - [2025-02-13T23:05:15.962+0000] {dag.py:3239} INFO - Sync 1 DAGs
[2025-02-13T23:05:16.025+0000] {logging_mixin.py:190} INFO - [2025-02-13T23:05:16.025+0000] {dag.py:4180} INFO - Setting next_dagrun for welcome_dag to 2025-02-13 23:04:00+00:00, run_after=2025-02-13 23:05:00+00:00
[2025-02-13T23:05:16.179+0000] {processor.py:208} INFO - Processing /opt/airflow/dags/new_dags.py took 0.328 seconds
[2025-02-13T23:05:47.414+0000] {processor.py:186} INFO - Started process (PID=193) to work on /opt/airflow/dags/new_dags.py
[2025-02-13T23:05:47.416+0000] {processor.py:914} INFO - Processing file /opt/airflow/dags/new_dags.py for tasks to queue
[2025-02-13T23:05:47.419+0000] {logging_mixin.py:190} INFO - [2025-02-13T23:05:47.419+0000] {dagbag.py:588} INFO - Filling up the DagBag from /opt/airflow/dags/new_dags.py
[2025-02-13T23:05:47.469+0000] {processor.py:925} INFO - DAG(s) 'welcome_dag' retrieved from /opt/airflow/dags/new_dags.py
[2025-02-13T23:05:47.506+0000] {logging_mixin.py:190} INFO - [2025-02-13T23:05:47.506+0000] {dag.py:3239} INFO - Sync 1 DAGs
[2025-02-13T23:05:47.551+0000] {logging_mixin.py:190} INFO - [2025-02-13T23:05:47.551+0000] {dag.py:4180} INFO - Setting next_dagrun for welcome_dag to 2025-02-13 23:04:00+00:00, run_after=2025-02-13 23:05:00+00:00
[2025-02-13T23:05:47.659+0000] {processor.py:208} INFO - Processing /opt/airflow/dags/new_dags.py took 0.257 seconds
[2025-02-13T23:06:19.189+0000] {processor.py:186} INFO - Started process (PID=194) to work on /opt/airflow/dags/new_dags.py
[2025-02-13T23:06:19.191+0000] {processor.py:914} INFO - Processing file /opt/airflow/dags/new_dags.py for tasks to queue
[2025-02-13T23:06:19.194+0000] {logging_mixin.py:190} INFO - [2025-02-13T23:06:19.193+0000] {dagbag.py:588} INFO - Filling up the DagBag from /opt/airflow/dags/new_dags.py
[2025-02-13T23:06:19.225+0000] {processor.py:925} INFO - DAG(s) 'welcome_dag' retrieved from /opt/airflow/dags/new_dags.py
[2025-02-13T23:06:19.254+0000] {logging_mixin.py:190} INFO - [2025-02-13T23:06:19.254+0000] {dag.py:3239} INFO - Sync 1 DAGs
[2025-02-13T23:06:19.281+0000] {logging_mixin.py:190} INFO - [2025-02-13T23:06:19.280+0000] {dag.py:4180} INFO - Setting next_dagrun for welcome_dag to 2025-02-13 23:05:00+00:00, run_after=2025-02-13 23:06:00+00:00
[2025-02-13T23:06:19.359+0000] {processor.py:208} INFO - Processing /opt/airflow/dags/new_dags.py took 0.179 seconds
[2025-02-13T23:06:52.816+0000] {processor.py:186} INFO - Started process (PID=195) to work on /opt/airflow/dags/new_dags.py
[2025-02-13T23:06:52.817+0000] {processor.py:914} INFO - Processing file /opt/airflow/dags/new_dags.py for tasks to queue
[2025-02-13T23:06:52.820+0000] {logging_mixin.py:190} INFO - [2025-02-13T23:06:52.820+0000] {dagbag.py:588} INFO - Filling up the DagBag from /opt/airflow/dags/new_dags.py
[2025-02-13T23:06:52.858+0000] {processor.py:925} INFO - DAG(s) 'welcome_dag' retrieved from /opt/airflow/dags/new_dags.py
[2025-02-13T23:06:52.894+0000] {logging_mixin.py:190} INFO - [2025-02-13T23:06:52.893+0000] {dag.py:3239} INFO - Sync 1 DAGs
[2025-02-13T23:06:52.928+0000] {logging_mixin.py:190} INFO - [2025-02-13T23:06:52.928+0000] {dag.py:4180} INFO - Setting next_dagrun for welcome_dag to 2025-02-13 23:05:00+00:00, run_after=2025-02-13 23:06:00+00:00
[2025-02-13T23:06:53.016+0000] {processor.py:208} INFO - Processing /opt/airflow/dags/new_dags.py took 0.205 seconds
[2025-02-13T23:07:25.188+0000] {processor.py:186} INFO - Started process (PID=196) to work on /opt/airflow/dags/new_dags.py
[2025-02-13T23:07:25.190+0000] {processor.py:914} INFO - Processing file /opt/airflow/dags/new_dags.py for tasks to queue
[2025-02-13T23:07:25.192+0000] {logging_mixin.py:190} INFO - [2025-02-13T23:07:25.192+0000] {dagbag.py:588} INFO - Filling up the DagBag from /opt/airflow/dags/new_dags.py
[2025-02-13T23:07:25.232+0000] {processor.py:925} INFO - DAG(s) 'welcome_dag' retrieved from /opt/airflow/dags/new_dags.py
[2025-02-13T23:07:25.275+0000] {logging_mixin.py:190} INFO - [2025-02-13T23:07:25.275+0000] {dag.py:3239} INFO - Sync 1 DAGs
[2025-02-13T23:07:25.310+0000] {logging_mixin.py:190} INFO - [2025-02-13T23:07:25.310+0000] {dag.py:4180} INFO - Setting next_dagrun for welcome_dag to 2025-02-13 23:06:00+00:00, run_after=2025-02-13 23:07:00+00:00
[2025-02-13T23:07:25.374+0000] {processor.py:208} INFO - Processing /opt/airflow/dags/new_dags.py took 0.193 seconds
[2025-02-13T23:07:57.745+0000] {processor.py:186} INFO - Started process (PID=197) to work on /opt/airflow/dags/new_dags.py
[2025-02-13T23:07:57.747+0000] {processor.py:914} INFO - Processing file /opt/airflow/dags/new_dags.py for tasks to queue
[2025-02-13T23:07:57.750+0000] {logging_mixin.py:190} INFO - [2025-02-13T23:07:57.749+0000] {dagbag.py:588} INFO - Filling up the DagBag from /opt/airflow/dags/new_dags.py
[2025-02-13T23:07:57.786+0000] {processor.py:925} INFO - DAG(s) 'welcome_dag' retrieved from /opt/airflow/dags/new_dags.py
[2025-02-13T23:07:57.847+0000] {logging_mixin.py:190} INFO - [2025-02-13T23:07:57.847+0000] {dag.py:3239} INFO - Sync 1 DAGs
[2025-02-13T23:07:57.889+0000] {logging_mixin.py:190} INFO - [2025-02-13T23:07:57.889+0000] {dag.py:4180} INFO - Setting next_dagrun for welcome_dag to 2025-02-13 23:06:00+00:00, run_after=2025-02-13 23:07:00+00:00
[2025-02-13T23:07:58.005+0000] {processor.py:208} INFO - Processing /opt/airflow/dags/new_dags.py took 0.265 seconds
[2025-02-13T23:08:28.423+0000] {processor.py:186} INFO - Started process (PID=198) to work on /opt/airflow/dags/new_dags.py
[2025-02-13T23:08:28.424+0000] {processor.py:914} INFO - Processing file /opt/airflow/dags/new_dags.py for tasks to queue
[2025-02-13T23:08:28.427+0000] {logging_mixin.py:190} INFO - [2025-02-13T23:08:28.426+0000] {dagbag.py:588} INFO - Filling up the DagBag from /opt/airflow/dags/new_dags.py
[2025-02-13T23:08:28.450+0000] {processor.py:925} INFO - DAG(s) 'welcome_dag' retrieved from /opt/airflow/dags/new_dags.py
[2025-02-13T23:08:28.477+0000] {logging_mixin.py:190} INFO - [2025-02-13T23:08:28.477+0000] {dag.py:3239} INFO - Sync 1 DAGs
[2025-02-13T23:08:28.502+0000] {logging_mixin.py:190} INFO - [2025-02-13T23:08:28.501+0000] {dag.py:4180} INFO - Setting next_dagrun for welcome_dag to 2025-02-13 23:07:00+00:00, run_after=2025-02-13 23:08:00+00:00
[2025-02-13T23:08:28.549+0000] {processor.py:208} INFO - Processing /opt/airflow/dags/new_dags.py took 0.131 seconds
[2025-02-13T23:09:01.058+0000] {processor.py:186} INFO - Started process (PID=199) to work on /opt/airflow/dags/new_dags.py
[2025-02-13T23:09:01.059+0000] {processor.py:914} INFO - Processing file /opt/airflow/dags/new_dags.py for tasks to queue
[2025-02-13T23:09:01.063+0000] {logging_mixin.py:190} INFO - [2025-02-13T23:09:01.062+0000] {dagbag.py:588} INFO - Filling up the DagBag from /opt/airflow/dags/new_dags.py
[2025-02-13T23:09:01.101+0000] {processor.py:925} INFO - DAG(s) 'welcome_dag' retrieved from /opt/airflow/dags/new_dags.py
[2025-02-13T23:09:01.137+0000] {logging_mixin.py:190} INFO - [2025-02-13T23:09:01.137+0000] {dag.py:3239} INFO - Sync 1 DAGs
[2025-02-13T23:09:01.167+0000] {logging_mixin.py:190} INFO - [2025-02-13T23:09:01.167+0000] {dag.py:4180} INFO - Setting next_dagrun for welcome_dag to 2025-02-13 23:08:00+00:00, run_after=2025-02-13 23:09:00+00:00
[2025-02-13T23:09:01.226+0000] {processor.py:208} INFO - Processing /opt/airflow/dags/new_dags.py took 0.173 seconds
[2025-02-13T23:09:34.555+0000] {processor.py:186} INFO - Started process (PID=200) to work on /opt/airflow/dags/new_dags.py
[2025-02-13T23:09:34.556+0000] {processor.py:914} INFO - Processing file /opt/airflow/dags/new_dags.py for tasks to queue
[2025-02-13T23:09:34.558+0000] {logging_mixin.py:190} INFO - [2025-02-13T23:09:34.557+0000] {dagbag.py:588} INFO - Filling up the DagBag from /opt/airflow/dags/new_dags.py
[2025-02-13T23:09:34.580+0000] {processor.py:925} INFO - DAG(s) 'welcome_dag' retrieved from /opt/airflow/dags/new_dags.py
[2025-02-13T23:09:34.606+0000] {logging_mixin.py:190} INFO - [2025-02-13T23:09:34.605+0000] {dag.py:3239} INFO - Sync 1 DAGs
[2025-02-13T23:09:34.630+0000] {logging_mixin.py:190} INFO - [2025-02-13T23:09:34.630+0000] {dag.py:4180} INFO - Setting next_dagrun for welcome_dag to 2025-02-13 23:08:00+00:00, run_after=2025-02-13 23:09:00+00:00
[2025-02-13T23:09:34.675+0000] {processor.py:208} INFO - Processing /opt/airflow/dags/new_dags.py took 0.126 seconds
[2025-02-13T23:10:07.448+0000] {processor.py:186} INFO - Started process (PID=201) to work on /opt/airflow/dags/new_dags.py
[2025-02-13T23:10:07.450+0000] {processor.py:914} INFO - Processing file /opt/airflow/dags/new_dags.py for tasks to queue
[2025-02-13T23:10:07.454+0000] {logging_mixin.py:190} INFO - [2025-02-13T23:10:07.454+0000] {dagbag.py:588} INFO - Filling up the DagBag from /opt/airflow/dags/new_dags.py
[2025-02-13T23:10:07.516+0000] {processor.py:925} INFO - DAG(s) 'welcome_dag' retrieved from /opt/airflow/dags/new_dags.py
[2025-02-13T23:10:07.565+0000] {logging_mixin.py:190} INFO - [2025-02-13T23:10:07.565+0000] {dag.py:3239} INFO - Sync 1 DAGs
[2025-02-13T23:10:07.612+0000] {logging_mixin.py:190} INFO - [2025-02-13T23:10:07.612+0000] {dag.py:4180} INFO - Setting next_dagrun for welcome_dag to 2025-02-13 23:09:00+00:00, run_after=2025-02-13 23:10:00+00:00
[2025-02-13T23:10:07.744+0000] {processor.py:208} INFO - Processing /opt/airflow/dags/new_dags.py took 0.311 seconds
[2025-02-13T23:10:40.153+0000] {processor.py:186} INFO - Started process (PID=202) to work on /opt/airflow/dags/new_dags.py
[2025-02-13T23:10:40.155+0000] {processor.py:914} INFO - Processing file /opt/airflow/dags/new_dags.py for tasks to queue
[2025-02-13T23:10:40.168+0000] {logging_mixin.py:190} INFO - [2025-02-13T23:10:40.162+0000] {dagbag.py:588} INFO - Filling up the DagBag from /opt/airflow/dags/new_dags.py
[2025-02-13T23:10:40.240+0000] {processor.py:925} INFO - DAG(s) 'welcome_dag' retrieved from /opt/airflow/dags/new_dags.py
[2025-02-13T23:10:40.289+0000] {logging_mixin.py:190} INFO - [2025-02-13T23:10:40.289+0000] {dag.py:3239} INFO - Sync 1 DAGs
[2025-02-13T23:10:40.335+0000] {logging_mixin.py:190} INFO - [2025-02-13T23:10:40.335+0000] {dag.py:4180} INFO - Setting next_dagrun for welcome_dag to 2025-02-13 23:09:00+00:00, run_after=2025-02-13 23:10:00+00:00
[2025-02-13T23:10:40.447+0000] {processor.py:208} INFO - Processing /opt/airflow/dags/new_dags.py took 0.326 seconds
[2025-02-13T23:12:36.049+0000] {processor.py:186} INFO - Started process (PID=203) to work on /opt/airflow/dags/new_dags.py
[2025-02-13T23:12:36.051+0000] {processor.py:914} INFO - Processing file /opt/airflow/dags/new_dags.py for tasks to queue
[2025-02-13T23:12:36.054+0000] {logging_mixin.py:190} INFO - [2025-02-13T23:12:36.053+0000] {dagbag.py:588} INFO - Filling up the DagBag from /opt/airflow/dags/new_dags.py
[2025-02-13T23:12:36.086+0000] {processor.py:925} INFO - DAG(s) 'welcome_dag' retrieved from /opt/airflow/dags/new_dags.py
[2025-02-13T23:12:36.124+0000] {logging_mixin.py:190} INFO - [2025-02-13T23:12:36.124+0000] {dag.py:3239} INFO - Sync 1 DAGs
[2025-02-13T23:12:36.160+0000] {logging_mixin.py:190} INFO - [2025-02-13T23:12:36.160+0000] {dag.py:4180} INFO - Setting next_dagrun for welcome_dag to 2025-02-13 23:11:00+00:00, run_after=2025-02-13 23:12:00+00:00
[2025-02-13T23:12:36.249+0000] {processor.py:208} INFO - Processing /opt/airflow/dags/new_dags.py took 0.212 seconds
[2025-02-13T23:13:07.388+0000] {processor.py:186} INFO - Started process (PID=204) to work on /opt/airflow/dags/new_dags.py
[2025-02-13T23:13:07.390+0000] {processor.py:914} INFO - Processing file /opt/airflow/dags/new_dags.py for tasks to queue
[2025-02-13T23:13:07.393+0000] {logging_mixin.py:190} INFO - [2025-02-13T23:13:07.393+0000] {dagbag.py:588} INFO - Filling up the DagBag from /opt/airflow/dags/new_dags.py
[2025-02-13T23:13:07.433+0000] {processor.py:925} INFO - DAG(s) 'welcome_dag' retrieved from /opt/airflow/dags/new_dags.py
[2025-02-13T23:13:07.472+0000] {logging_mixin.py:190} INFO - [2025-02-13T23:13:07.472+0000] {dag.py:3239} INFO - Sync 1 DAGs
[2025-02-13T23:13:07.510+0000] {logging_mixin.py:190} INFO - [2025-02-13T23:13:07.509+0000] {dag.py:4180} INFO - Setting next_dagrun for welcome_dag to 2025-02-13 23:12:00+00:00, run_after=2025-02-13 23:13:00+00:00
[2025-02-13T23:13:07.630+0000] {processor.py:208} INFO - Processing /opt/airflow/dags/new_dags.py took 0.248 seconds
[2025-02-13T23:13:38.289+0000] {processor.py:186} INFO - Started process (PID=205) to work on /opt/airflow/dags/new_dags.py
[2025-02-13T23:13:38.292+0000] {processor.py:914} INFO - Processing file /opt/airflow/dags/new_dags.py for tasks to queue
[2025-02-13T23:13:38.299+0000] {logging_mixin.py:190} INFO - [2025-02-13T23:13:38.298+0000] {dagbag.py:588} INFO - Filling up the DagBag from /opt/airflow/dags/new_dags.py
[2025-02-13T23:13:38.363+0000] {processor.py:925} INFO - DAG(s) 'welcome_dag' retrieved from /opt/airflow/dags/new_dags.py
[2025-02-13T23:13:38.411+0000] {logging_mixin.py:190} INFO - [2025-02-13T23:13:38.410+0000] {dag.py:3239} INFO - Sync 1 DAGs
[2025-02-13T23:13:38.474+0000] {logging_mixin.py:190} INFO - [2025-02-13T23:13:38.474+0000] {dag.py:4180} INFO - Setting next_dagrun for welcome_dag to 2025-02-13 23:12:00+00:00, run_after=2025-02-13 23:13:00+00:00
[2025-02-13T23:13:38.562+0000] {processor.py:208} INFO - Processing /opt/airflow/dags/new_dags.py took 0.299 seconds
[2025-02-13T23:14:09.479+0000] {processor.py:186} INFO - Started process (PID=206) to work on /opt/airflow/dags/new_dags.py
[2025-02-13T23:14:09.481+0000] {processor.py:914} INFO - Processing file /opt/airflow/dags/new_dags.py for tasks to queue
[2025-02-13T23:14:09.483+0000] {logging_mixin.py:190} INFO - [2025-02-13T23:14:09.483+0000] {dagbag.py:588} INFO - Filling up the DagBag from /opt/airflow/dags/new_dags.py
[2025-02-13T23:14:09.508+0000] {processor.py:925} INFO - DAG(s) 'welcome_dag' retrieved from /opt/airflow/dags/new_dags.py
[2025-02-13T23:14:09.549+0000] {logging_mixin.py:190} INFO - [2025-02-13T23:14:09.548+0000] {dag.py:3239} INFO - Sync 1 DAGs
[2025-02-13T23:14:09.586+0000] {logging_mixin.py:190} INFO - [2025-02-13T23:14:09.586+0000] {dag.py:4180} INFO - Setting next_dagrun for welcome_dag to 2025-02-13 23:13:00+00:00, run_after=2025-02-13 23:14:00+00:00
[2025-02-13T23:14:09.636+0000] {processor.py:208} INFO - Processing /opt/airflow/dags/new_dags.py took 0.163 seconds
[2025-02-13T23:14:39.853+0000] {processor.py:186} INFO - Started process (PID=207) to work on /opt/airflow/dags/new_dags.py
[2025-02-13T23:14:39.854+0000] {processor.py:914} INFO - Processing file /opt/airflow/dags/new_dags.py for tasks to queue
[2025-02-13T23:14:39.857+0000] {logging_mixin.py:190} INFO - [2025-02-13T23:14:39.857+0000] {dagbag.py:588} INFO - Filling up the DagBag from /opt/airflow/dags/new_dags.py
[2025-02-13T23:14:39.899+0000] {processor.py:925} INFO - DAG(s) 'welcome_dag' retrieved from /opt/airflow/dags/new_dags.py
[2025-02-13T23:14:39.940+0000] {logging_mixin.py:190} INFO - [2025-02-13T23:14:39.940+0000] {dag.py:3239} INFO - Sync 1 DAGs
[2025-02-13T23:14:39.985+0000] {logging_mixin.py:190} INFO - [2025-02-13T23:14:39.984+0000] {dag.py:4180} INFO - Setting next_dagrun for welcome_dag to 2025-02-13 23:13:00+00:00, run_after=2025-02-13 23:14:00+00:00
[2025-02-13T23:14:40.090+0000] {processor.py:208} INFO - Processing /opt/airflow/dags/new_dags.py took 0.245 seconds
[2025-02-13T23:15:10.584+0000] {processor.py:186} INFO - Started process (PID=208) to work on /opt/airflow/dags/new_dags.py
[2025-02-13T23:15:10.586+0000] {processor.py:914} INFO - Processing file /opt/airflow/dags/new_dags.py for tasks to queue
[2025-02-13T23:15:10.590+0000] {logging_mixin.py:190} INFO - [2025-02-13T23:15:10.589+0000] {dagbag.py:588} INFO - Filling up the DagBag from /opt/airflow/dags/new_dags.py
[2025-02-13T23:15:10.644+0000] {processor.py:925} INFO - DAG(s) 'welcome_dag' retrieved from /opt/airflow/dags/new_dags.py
[2025-02-13T23:15:10.693+0000] {logging_mixin.py:190} INFO - [2025-02-13T23:15:10.692+0000] {dag.py:3239} INFO - Sync 1 DAGs
[2025-02-13T23:15:10.746+0000] {logging_mixin.py:190} INFO - [2025-02-13T23:15:10.745+0000] {dag.py:4180} INFO - Setting next_dagrun for welcome_dag to 2025-02-13 23:14:00+00:00, run_after=2025-02-13 23:15:00+00:00
[2025-02-13T23:15:10.869+0000] {processor.py:208} INFO - Processing /opt/airflow/dags/new_dags.py took 0.292 seconds
[2025-02-13T23:15:42.155+0000] {processor.py:186} INFO - Started process (PID=209) to work on /opt/airflow/dags/new_dags.py
[2025-02-13T23:15:42.157+0000] {processor.py:914} INFO - Processing file /opt/airflow/dags/new_dags.py for tasks to queue
[2025-02-13T23:15:42.167+0000] {logging_mixin.py:190} INFO - [2025-02-13T23:15:42.165+0000] {dagbag.py:588} INFO - Filling up the DagBag from /opt/airflow/dags/new_dags.py
[2025-02-13T23:15:42.243+0000] {processor.py:925} INFO - DAG(s) 'welcome_dag' retrieved from /opt/airflow/dags/new_dags.py
[2025-02-13T23:15:42.303+0000] {logging_mixin.py:190} INFO - [2025-02-13T23:15:42.303+0000] {dag.py:3239} INFO - Sync 1 DAGs
[2025-02-13T23:15:42.351+0000] {logging_mixin.py:190} INFO - [2025-02-13T23:15:42.351+0000] {dag.py:4180} INFO - Setting next_dagrun for welcome_dag to 2025-02-13 23:14:00+00:00, run_after=2025-02-13 23:15:00+00:00
[2025-02-13T23:15:42.469+0000] {processor.py:208} INFO - Processing /opt/airflow/dags/new_dags.py took 0.329 seconds
[2025-02-13T23:16:13.419+0000] {processor.py:186} INFO - Started process (PID=210) to work on /opt/airflow/dags/new_dags.py
[2025-02-13T23:16:13.422+0000] {processor.py:914} INFO - Processing file /opt/airflow/dags/new_dags.py for tasks to queue
[2025-02-13T23:16:13.426+0000] {logging_mixin.py:190} INFO - [2025-02-13T23:16:13.426+0000] {dagbag.py:588} INFO - Filling up the DagBag from /opt/airflow/dags/new_dags.py
[2025-02-13T23:16:13.477+0000] {processor.py:925} INFO - DAG(s) 'welcome_dag' retrieved from /opt/airflow/dags/new_dags.py
[2025-02-13T23:16:13.509+0000] {logging_mixin.py:190} INFO - [2025-02-13T23:16:13.509+0000] {dag.py:3239} INFO - Sync 1 DAGs
[2025-02-13T23:16:13.551+0000] {logging_mixin.py:190} INFO - [2025-02-13T23:16:13.551+0000] {dag.py:4180} INFO - Setting next_dagrun for welcome_dag to 2025-02-13 23:15:00+00:00, run_after=2025-02-13 23:16:00+00:00
[2025-02-13T23:16:13.641+0000] {processor.py:208} INFO - Processing /opt/airflow/dags/new_dags.py took 0.234 seconds
[2025-02-13T23:16:44.606+0000] {processor.py:186} INFO - Started process (PID=211) to work on /opt/airflow/dags/new_dags.py
[2025-02-13T23:16:44.607+0000] {processor.py:914} INFO - Processing file /opt/airflow/dags/new_dags.py for tasks to queue
[2025-02-13T23:16:44.610+0000] {logging_mixin.py:190} INFO - [2025-02-13T23:16:44.610+0000] {dagbag.py:588} INFO - Filling up the DagBag from /opt/airflow/dags/new_dags.py
[2025-02-13T23:16:44.643+0000] {processor.py:925} INFO - DAG(s) 'welcome_dag' retrieved from /opt/airflow/dags/new_dags.py
[2025-02-13T23:16:44.693+0000] {logging_mixin.py:190} INFO - [2025-02-13T23:16:44.692+0000] {dag.py:3239} INFO - Sync 1 DAGs
[2025-02-13T23:16:44.743+0000] {logging_mixin.py:190} INFO - [2025-02-13T23:16:44.743+0000] {dag.py:4180} INFO - Setting next_dagrun for welcome_dag to 2025-02-13 23:15:00+00:00, run_after=2025-02-13 23:16:00+00:00
[2025-02-13T23:16:44.860+0000] {processor.py:208} INFO - Processing /opt/airflow/dags/new_dags.py took 0.266 seconds
[2025-02-13T23:17:15.957+0000] {processor.py:186} INFO - Started process (PID=212) to work on /opt/airflow/dags/new_dags.py
[2025-02-13T23:17:15.959+0000] {processor.py:914} INFO - Processing file /opt/airflow/dags/new_dags.py for tasks to queue
[2025-02-13T23:17:15.962+0000] {logging_mixin.py:190} INFO - [2025-02-13T23:17:15.962+0000] {dagbag.py:588} INFO - Filling up the DagBag from /opt/airflow/dags/new_dags.py
[2025-02-13T23:17:16.027+0000] {processor.py:925} INFO - DAG(s) 'welcome_dag' retrieved from /opt/airflow/dags/new_dags.py
[2025-02-13T23:17:16.078+0000] {logging_mixin.py:190} INFO - [2025-02-13T23:17:16.077+0000] {dag.py:3239} INFO - Sync 1 DAGs
[2025-02-13T23:17:16.122+0000] {logging_mixin.py:190} INFO - [2025-02-13T23:17:16.122+0000] {dag.py:4180} INFO - Setting next_dagrun for welcome_dag to 2025-02-13 23:16:00+00:00, run_after=2025-02-13 23:17:00+00:00
[2025-02-13T23:17:16.227+0000] {processor.py:208} INFO - Processing /opt/airflow/dags/new_dags.py took 0.289 seconds
[2025-02-13T23:17:46.403+0000] {processor.py:186} INFO - Started process (PID=213) to work on /opt/airflow/dags/new_dags.py
[2025-02-13T23:17:46.404+0000] {processor.py:914} INFO - Processing file /opt/airflow/dags/new_dags.py for tasks to queue
[2025-02-13T23:17:46.408+0000] {logging_mixin.py:190} INFO - [2025-02-13T23:17:46.408+0000] {dagbag.py:588} INFO - Filling up the DagBag from /opt/airflow/dags/new_dags.py
[2025-02-13T23:17:46.464+0000] {processor.py:925} INFO - DAG(s) 'welcome_dag' retrieved from /opt/airflow/dags/new_dags.py
[2025-02-13T23:17:46.554+0000] {logging_mixin.py:190} INFO - [2025-02-13T23:17:46.553+0000] {dag.py:3239} INFO - Sync 1 DAGs
[2025-02-13T23:17:46.608+0000] {logging_mixin.py:190} INFO - [2025-02-13T23:17:46.608+0000] {dag.py:4180} INFO - Setting next_dagrun for welcome_dag to 2025-02-13 23:16:00+00:00, run_after=2025-02-13 23:17:00+00:00
[2025-02-13T23:17:46.728+0000] {processor.py:208} INFO - Processing /opt/airflow/dags/new_dags.py took 0.334 seconds
[2025-02-13T23:18:16.928+0000] {processor.py:186} INFO - Started process (PID=214) to work on /opt/airflow/dags/new_dags.py
[2025-02-13T23:18:16.930+0000] {processor.py:914} INFO - Processing file /opt/airflow/dags/new_dags.py for tasks to queue
[2025-02-13T23:18:16.933+0000] {logging_mixin.py:190} INFO - [2025-02-13T23:18:16.932+0000] {dagbag.py:588} INFO - Filling up the DagBag from /opt/airflow/dags/new_dags.py
[2025-02-13T23:18:16.969+0000] {processor.py:925} INFO - DAG(s) 'welcome_dag' retrieved from /opt/airflow/dags/new_dags.py
[2025-02-13T23:18:17.008+0000] {logging_mixin.py:190} INFO - [2025-02-13T23:18:17.008+0000] {dag.py:3239} INFO - Sync 1 DAGs
[2025-02-13T23:18:17.047+0000] {logging_mixin.py:190} INFO - [2025-02-13T23:18:17.047+0000] {dag.py:4180} INFO - Setting next_dagrun for welcome_dag to 2025-02-13 23:17:00+00:00, run_after=2025-02-13 23:18:00+00:00
[2025-02-13T23:18:17.117+0000] {processor.py:208} INFO - Processing /opt/airflow/dags/new_dags.py took 0.204 seconds
[2025-02-13T23:18:48.363+0000] {processor.py:186} INFO - Started process (PID=215) to work on /opt/airflow/dags/new_dags.py
[2025-02-13T23:18:48.365+0000] {processor.py:914} INFO - Processing file /opt/airflow/dags/new_dags.py for tasks to queue
[2025-02-13T23:18:48.368+0000] {logging_mixin.py:190} INFO - [2025-02-13T23:18:48.367+0000] {dagbag.py:588} INFO - Filling up the DagBag from /opt/airflow/dags/new_dags.py
[2025-02-13T23:18:48.423+0000] {processor.py:925} INFO - DAG(s) 'welcome_dag' retrieved from /opt/airflow/dags/new_dags.py
[2025-02-13T23:18:48.468+0000] {logging_mixin.py:190} INFO - [2025-02-13T23:18:48.467+0000] {dag.py:3239} INFO - Sync 1 DAGs
[2025-02-13T23:18:48.507+0000] {logging_mixin.py:190} INFO - [2025-02-13T23:18:48.506+0000] {dag.py:4180} INFO - Setting next_dagrun for welcome_dag to 2025-02-13 23:17:00+00:00, run_after=2025-02-13 23:18:00+00:00
[2025-02-13T23:18:48.611+0000] {processor.py:208} INFO - Processing /opt/airflow/dags/new_dags.py took 0.265 seconds
[2025-02-13T23:19:19.887+0000] {processor.py:186} INFO - Started process (PID=216) to work on /opt/airflow/dags/new_dags.py
[2025-02-13T23:19:19.890+0000] {processor.py:914} INFO - Processing file /opt/airflow/dags/new_dags.py for tasks to queue
[2025-02-13T23:19:19.894+0000] {logging_mixin.py:190} INFO - [2025-02-13T23:19:19.893+0000] {dagbag.py:588} INFO - Filling up the DagBag from /opt/airflow/dags/new_dags.py
[2025-02-13T23:19:19.954+0000] {processor.py:925} INFO - DAG(s) 'welcome_dag' retrieved from /opt/airflow/dags/new_dags.py
[2025-02-13T23:19:20.008+0000] {logging_mixin.py:190} INFO - [2025-02-13T23:19:20.008+0000] {dag.py:3239} INFO - Sync 1 DAGs
[2025-02-13T23:19:20.065+0000] {logging_mixin.py:190} INFO - [2025-02-13T23:19:20.065+0000] {dag.py:4180} INFO - Setting next_dagrun for welcome_dag to 2025-02-13 23:18:00+00:00, run_after=2025-02-13 23:19:00+00:00
[2025-02-13T23:19:20.230+0000] {processor.py:208} INFO - Processing /opt/airflow/dags/new_dags.py took 0.363 seconds
[2025-02-13T23:19:51.511+0000] {processor.py:186} INFO - Started process (PID=217) to work on /opt/airflow/dags/new_dags.py
[2025-02-13T23:19:51.513+0000] {processor.py:914} INFO - Processing file /opt/airflow/dags/new_dags.py for tasks to queue
[2025-02-13T23:19:51.515+0000] {logging_mixin.py:190} INFO - [2025-02-13T23:19:51.515+0000] {dagbag.py:588} INFO - Filling up the DagBag from /opt/airflow/dags/new_dags.py
[2025-02-13T23:19:51.563+0000] {processor.py:925} INFO - DAG(s) 'welcome_dag' retrieved from /opt/airflow/dags/new_dags.py
[2025-02-13T23:19:51.607+0000] {logging_mixin.py:190} INFO - [2025-02-13T23:19:51.607+0000] {dag.py:3239} INFO - Sync 1 DAGs
[2025-02-13T23:19:51.650+0000] {logging_mixin.py:190} INFO - [2025-02-13T23:19:51.650+0000] {dag.py:4180} INFO - Setting next_dagrun for welcome_dag to 2025-02-13 23:18:00+00:00, run_after=2025-02-13 23:19:00+00:00
[2025-02-13T23:19:51.747+0000] {processor.py:208} INFO - Processing /opt/airflow/dags/new_dags.py took 0.243 seconds
[2025-02-13T23:20:22.391+0000] {processor.py:186} INFO - Started process (PID=218) to work on /opt/airflow/dags/new_dags.py
[2025-02-13T23:20:22.394+0000] {processor.py:914} INFO - Processing file /opt/airflow/dags/new_dags.py for tasks to queue
[2025-02-13T23:20:22.400+0000] {logging_mixin.py:190} INFO - [2025-02-13T23:20:22.399+0000] {dagbag.py:588} INFO - Filling up the DagBag from /opt/airflow/dags/new_dags.py
[2025-02-13T23:20:22.488+0000] {processor.py:925} INFO - DAG(s) 'welcome_dag' retrieved from /opt/airflow/dags/new_dags.py
[2025-02-13T23:20:22.565+0000] {logging_mixin.py:190} INFO - [2025-02-13T23:20:22.565+0000] {dag.py:3239} INFO - Sync 1 DAGs
[2025-02-13T23:20:22.650+0000] {logging_mixin.py:190} INFO - [2025-02-13T23:20:22.650+0000] {dag.py:4180} INFO - Setting next_dagrun for welcome_dag to 2025-02-13 23:19:00+00:00, run_after=2025-02-13 23:20:00+00:00
[2025-02-13T23:20:22.768+0000] {processor.py:208} INFO - Processing /opt/airflow/dags/new_dags.py took 0.390 seconds
[2025-02-13T23:20:53.549+0000] {processor.py:186} INFO - Started process (PID=219) to work on /opt/airflow/dags/new_dags.py
[2025-02-13T23:20:53.553+0000] {processor.py:914} INFO - Processing file /opt/airflow/dags/new_dags.py for tasks to queue
[2025-02-13T23:20:53.556+0000] {logging_mixin.py:190} INFO - [2025-02-13T23:20:53.556+0000] {dagbag.py:588} INFO - Filling up the DagBag from /opt/airflow/dags/new_dags.py
[2025-02-13T23:20:53.604+0000] {processor.py:925} INFO - DAG(s) 'welcome_dag' retrieved from /opt/airflow/dags/new_dags.py
[2025-02-13T23:20:53.656+0000] {logging_mixin.py:190} INFO - [2025-02-13T23:20:53.656+0000] {dag.py:3239} INFO - Sync 1 DAGs
[2025-02-13T23:20:53.710+0000] {logging_mixin.py:190} INFO - [2025-02-13T23:20:53.709+0000] {dag.py:4180} INFO - Setting next_dagrun for welcome_dag to 2025-02-13 23:19:00+00:00, run_after=2025-02-13 23:20:00+00:00
[2025-02-13T23:20:53.814+0000] {processor.py:208} INFO - Processing /opt/airflow/dags/new_dags.py took 0.273 seconds
[2025-02-13T23:21:24.946+0000] {processor.py:186} INFO - Started process (PID=220) to work on /opt/airflow/dags/new_dags.py
[2025-02-13T23:21:24.949+0000] {processor.py:914} INFO - Processing file /opt/airflow/dags/new_dags.py for tasks to queue
[2025-02-13T23:21:24.955+0000] {logging_mixin.py:190} INFO - [2025-02-13T23:21:24.954+0000] {dagbag.py:588} INFO - Filling up the DagBag from /opt/airflow/dags/new_dags.py
[2025-02-13T23:21:25.033+0000] {processor.py:925} INFO - DAG(s) 'welcome_dag' retrieved from /opt/airflow/dags/new_dags.py
[2025-02-13T23:21:25.087+0000] {logging_mixin.py:190} INFO - [2025-02-13T23:21:25.087+0000] {dag.py:3239} INFO - Sync 1 DAGs
[2025-02-13T23:21:25.142+0000] {logging_mixin.py:190} INFO - [2025-02-13T23:21:25.141+0000] {dag.py:4180} INFO - Setting next_dagrun for welcome_dag to 2025-02-13 23:20:00+00:00, run_after=2025-02-13 23:21:00+00:00
[2025-02-13T23:21:25.260+0000] {processor.py:208} INFO - Processing /opt/airflow/dags/new_dags.py took 0.356 seconds
[2025-02-13T23:21:56.262+0000] {processor.py:186} INFO - Started process (PID=221) to work on /opt/airflow/dags/new_dags.py
[2025-02-13T23:21:56.264+0000] {processor.py:914} INFO - Processing file /opt/airflow/dags/new_dags.py for tasks to queue
[2025-02-13T23:21:56.266+0000] {logging_mixin.py:190} INFO - [2025-02-13T23:21:56.266+0000] {dagbag.py:588} INFO - Filling up the DagBag from /opt/airflow/dags/new_dags.py
[2025-02-13T23:21:56.316+0000] {processor.py:925} INFO - DAG(s) 'welcome_dag' retrieved from /opt/airflow/dags/new_dags.py
[2025-02-13T23:21:56.359+0000] {logging_mixin.py:190} INFO - [2025-02-13T23:21:56.359+0000] {dag.py:3239} INFO - Sync 1 DAGs
[2025-02-13T23:21:56.408+0000] {logging_mixin.py:190} INFO - [2025-02-13T23:21:56.408+0000] {dag.py:4180} INFO - Setting next_dagrun for welcome_dag to 2025-02-13 23:20:00+00:00, run_after=2025-02-13 23:21:00+00:00
[2025-02-13T23:21:56.534+0000] {processor.py:208} INFO - Processing /opt/airflow/dags/new_dags.py took 0.280 seconds
[2025-02-13T23:22:27.580+0000] {processor.py:186} INFO - Started process (PID=222) to work on /opt/airflow/dags/new_dags.py
[2025-02-13T23:22:27.582+0000] {processor.py:914} INFO - Processing file /opt/airflow/dags/new_dags.py for tasks to queue
[2025-02-13T23:22:27.585+0000] {logging_mixin.py:190} INFO - [2025-02-13T23:22:27.584+0000] {dagbag.py:588} INFO - Filling up the DagBag from /opt/airflow/dags/new_dags.py
[2025-02-13T23:22:27.630+0000] {processor.py:925} INFO - DAG(s) 'welcome_dag' retrieved from /opt/airflow/dags/new_dags.py
[2025-02-13T23:22:27.671+0000] {logging_mixin.py:190} INFO - [2025-02-13T23:22:27.671+0000] {dag.py:3239} INFO - Sync 1 DAGs
[2025-02-13T23:22:27.722+0000] {logging_mixin.py:190} INFO - [2025-02-13T23:22:27.721+0000] {dag.py:4180} INFO - Setting next_dagrun for welcome_dag to 2025-02-13 23:21:00+00:00, run_after=2025-02-13 23:22:00+00:00
[2025-02-13T23:22:27.814+0000] {processor.py:208} INFO - Processing /opt/airflow/dags/new_dags.py took 0.250 seconds
[2025-02-13T23:22:58.018+0000] {processor.py:186} INFO - Started process (PID=223) to work on /opt/airflow/dags/new_dags.py
[2025-02-13T23:22:58.019+0000] {processor.py:914} INFO - Processing file /opt/airflow/dags/new_dags.py for tasks to queue
[2025-02-13T23:22:58.022+0000] {logging_mixin.py:190} INFO - [2025-02-13T23:22:58.021+0000] {dagbag.py:588} INFO - Filling up the DagBag from /opt/airflow/dags/new_dags.py
[2025-02-13T23:22:58.075+0000] {processor.py:925} INFO - DAG(s) 'welcome_dag' retrieved from /opt/airflow/dags/new_dags.py
[2025-02-13T23:22:58.127+0000] {logging_mixin.py:190} INFO - [2025-02-13T23:22:58.127+0000] {dag.py:3239} INFO - Sync 1 DAGs
[2025-02-13T23:22:58.182+0000] {logging_mixin.py:190} INFO - [2025-02-13T23:22:58.182+0000] {dag.py:4180} INFO - Setting next_dagrun for welcome_dag to 2025-02-13 23:21:00+00:00, run_after=2025-02-13 23:22:00+00:00
[2025-02-13T23:22:58.313+0000] {processor.py:208} INFO - Processing /opt/airflow/dags/new_dags.py took 0.304 seconds
[2025-02-13T23:23:33.742+0000] {processor.py:186} INFO - Started process (PID=224) to work on /opt/airflow/dags/new_dags.py
[2025-02-13T23:23:33.744+0000] {processor.py:914} INFO - Processing file /opt/airflow/dags/new_dags.py for tasks to queue
[2025-02-13T23:23:33.748+0000] {logging_mixin.py:190} INFO - [2025-02-13T23:23:33.748+0000] {dagbag.py:588} INFO - Filling up the DagBag from /opt/airflow/dags/new_dags.py
[2025-02-13T23:23:33.810+0000] {processor.py:925} INFO - DAG(s) 'welcome_dag' retrieved from /opt/airflow/dags/new_dags.py
[2025-02-13T23:23:33.863+0000] {logging_mixin.py:190} INFO - [2025-02-13T23:23:33.863+0000] {dag.py:3239} INFO - Sync 1 DAGs
[2025-02-13T23:23:33.918+0000] {logging_mixin.py:190} INFO - [2025-02-13T23:23:33.917+0000] {dag.py:4180} INFO - Setting next_dagrun for welcome_dag to 2025-02-13 23:22:00+00:00, run_after=2025-02-13 23:23:00+00:00
[2025-02-13T23:23:34.044+0000] {processor.py:208} INFO - Processing /opt/airflow/dags/new_dags.py took 0.313 seconds
[2025-02-13T23:24:04.484+0000] {processor.py:186} INFO - Started process (PID=225) to work on /opt/airflow/dags/new_dags.py
[2025-02-13T23:24:04.489+0000] {processor.py:914} INFO - Processing file /opt/airflow/dags/new_dags.py for tasks to queue
[2025-02-13T23:24:04.493+0000] {logging_mixin.py:190} INFO - [2025-02-13T23:24:04.492+0000] {dagbag.py:588} INFO - Filling up the DagBag from /opt/airflow/dags/new_dags.py
[2025-02-13T23:24:04.584+0000] {processor.py:925} INFO - DAG(s) 'welcome_dag' retrieved from /opt/airflow/dags/new_dags.py
[2025-02-13T23:24:04.654+0000] {logging_mixin.py:190} INFO - [2025-02-13T23:24:04.653+0000] {dag.py:3239} INFO - Sync 1 DAGs
[2025-02-13T23:24:04.731+0000] {logging_mixin.py:190} INFO - [2025-02-13T23:24:04.731+0000] {dag.py:4180} INFO - Setting next_dagrun for welcome_dag to 2025-02-13 23:23:00+00:00, run_after=2025-02-13 23:24:00+00:00
[2025-02-13T23:24:04.868+0000] {processor.py:208} INFO - Processing /opt/airflow/dags/new_dags.py took 0.397 seconds
[2025-02-13T23:24:35.354+0000] {processor.py:186} INFO - Started process (PID=226) to work on /opt/airflow/dags/new_dags.py
[2025-02-13T23:24:35.356+0000] {processor.py:914} INFO - Processing file /opt/airflow/dags/new_dags.py for tasks to queue
[2025-02-13T23:24:35.360+0000] {logging_mixin.py:190} INFO - [2025-02-13T23:24:35.359+0000] {dagbag.py:588} INFO - Filling up the DagBag from /opt/airflow/dags/new_dags.py
[2025-02-13T23:24:35.418+0000] {processor.py:925} INFO - DAG(s) 'welcome_dag' retrieved from /opt/airflow/dags/new_dags.py
[2025-02-13T23:24:35.489+0000] {logging_mixin.py:190} INFO - [2025-02-13T23:24:35.488+0000] {dag.py:3239} INFO - Sync 1 DAGs
[2025-02-13T23:24:35.565+0000] {logging_mixin.py:190} INFO - [2025-02-13T23:24:35.564+0000] {dag.py:4180} INFO - Setting next_dagrun for welcome_dag to 2025-02-13 23:23:00+00:00, run_after=2025-02-13 23:24:00+00:00
[2025-02-13T23:24:36.015+0000] {processor.py:208} INFO - Processing /opt/airflow/dags/new_dags.py took 0.669 seconds
[2025-02-13T23:25:07.202+0000] {processor.py:186} INFO - Started process (PID=227) to work on /opt/airflow/dags/new_dags.py
[2025-02-13T23:25:07.204+0000] {processor.py:914} INFO - Processing file /opt/airflow/dags/new_dags.py for tasks to queue
[2025-02-13T23:25:07.209+0000] {logging_mixin.py:190} INFO - [2025-02-13T23:25:07.208+0000] {dagbag.py:588} INFO - Filling up the DagBag from /opt/airflow/dags/new_dags.py
[2025-02-13T23:25:07.271+0000] {processor.py:925} INFO - DAG(s) 'welcome_dag' retrieved from /opt/airflow/dags/new_dags.py
[2025-02-13T23:25:07.325+0000] {logging_mixin.py:190} INFO - [2025-02-13T23:25:07.325+0000] {dag.py:3239} INFO - Sync 1 DAGs
[2025-02-13T23:25:07.376+0000] {logging_mixin.py:190} INFO - [2025-02-13T23:25:07.375+0000] {dag.py:4180} INFO - Setting next_dagrun for welcome_dag to 2025-02-13 23:24:00+00:00, run_after=2025-02-13 23:25:00+00:00
[2025-02-13T23:25:07.515+0000] {processor.py:208} INFO - Processing /opt/airflow/dags/new_dags.py took 0.319 seconds
[2025-02-13T23:25:38.054+0000] {processor.py:186} INFO - Started process (PID=228) to work on /opt/airflow/dags/new_dags.py
[2025-02-13T23:25:38.056+0000] {processor.py:914} INFO - Processing file /opt/airflow/dags/new_dags.py for tasks to queue
[2025-02-13T23:25:38.059+0000] {logging_mixin.py:190} INFO - [2025-02-13T23:25:38.058+0000] {dagbag.py:588} INFO - Filling up the DagBag from /opt/airflow/dags/new_dags.py
[2025-02-13T23:25:38.103+0000] {processor.py:925} INFO - DAG(s) 'welcome_dag' retrieved from /opt/airflow/dags/new_dags.py
[2025-02-13T23:25:38.153+0000] {logging_mixin.py:190} INFO - [2025-02-13T23:25:38.153+0000] {dag.py:3239} INFO - Sync 1 DAGs
[2025-02-13T23:25:38.215+0000] {logging_mixin.py:190} INFO - [2025-02-13T23:25:38.215+0000] {dag.py:4180} INFO - Setting next_dagrun for welcome_dag to 2025-02-13 23:24:00+00:00, run_after=2025-02-13 23:25:00+00:00
[2025-02-13T23:25:38.308+0000] {processor.py:208} INFO - Processing /opt/airflow/dags/new_dags.py took 0.266 seconds
[2025-02-13T23:26:08.569+0000] {processor.py:186} INFO - Started process (PID=229) to work on /opt/airflow/dags/new_dags.py
[2025-02-13T23:26:08.571+0000] {processor.py:914} INFO - Processing file /opt/airflow/dags/new_dags.py for tasks to queue
[2025-02-13T23:26:08.576+0000] {logging_mixin.py:190} INFO - [2025-02-13T23:26:08.575+0000] {dagbag.py:588} INFO - Filling up the DagBag from /opt/airflow/dags/new_dags.py
[2025-02-13T23:26:08.637+0000] {processor.py:925} INFO - DAG(s) 'welcome_dag' retrieved from /opt/airflow/dags/new_dags.py
[2025-02-13T23:26:08.698+0000] {logging_mixin.py:190} INFO - [2025-02-13T23:26:08.698+0000] {dag.py:3239} INFO - Sync 1 DAGs
[2025-02-13T23:26:08.767+0000] {logging_mixin.py:190} INFO - [2025-02-13T23:26:08.767+0000] {dag.py:4180} INFO - Setting next_dagrun for welcome_dag to 2025-02-13 23:25:00+00:00, run_after=2025-02-13 23:26:00+00:00
[2025-02-13T23:26:08.923+0000] {processor.py:208} INFO - Processing /opt/airflow/dags/new_dags.py took 0.364 seconds
[2025-02-13T23:26:39.841+0000] {processor.py:186} INFO - Started process (PID=230) to work on /opt/airflow/dags/new_dags.py
[2025-02-13T23:26:39.842+0000] {processor.py:914} INFO - Processing file /opt/airflow/dags/new_dags.py for tasks to queue
[2025-02-13T23:26:39.845+0000] {logging_mixin.py:190} INFO - [2025-02-13T23:26:39.844+0000] {dagbag.py:588} INFO - Filling up the DagBag from /opt/airflow/dags/new_dags.py
[2025-02-13T23:26:39.895+0000] {processor.py:925} INFO - DAG(s) 'welcome_dag' retrieved from /opt/airflow/dags/new_dags.py
[2025-02-13T23:26:39.947+0000] {logging_mixin.py:190} INFO - [2025-02-13T23:26:39.945+0000] {dag.py:3239} INFO - Sync 1 DAGs
[2025-02-13T23:26:39.992+0000] {logging_mixin.py:190} INFO - [2025-02-13T23:26:39.992+0000] {dag.py:4180} INFO - Setting next_dagrun for welcome_dag to 2025-02-13 23:25:00+00:00, run_after=2025-02-13 23:26:00+00:00
[2025-02-13T23:26:40.079+0000] {processor.py:208} INFO - Processing /opt/airflow/dags/new_dags.py took 0.247 seconds
[2025-02-13T23:27:11.260+0000] {processor.py:186} INFO - Started process (PID=231) to work on /opt/airflow/dags/new_dags.py
[2025-02-13T23:27:11.262+0000] {processor.py:914} INFO - Processing file /opt/airflow/dags/new_dags.py for tasks to queue
[2025-02-13T23:27:11.267+0000] {logging_mixin.py:190} INFO - [2025-02-13T23:27:11.267+0000] {dagbag.py:588} INFO - Filling up the DagBag from /opt/airflow/dags/new_dags.py
[2025-02-13T23:27:11.324+0000] {processor.py:925} INFO - DAG(s) 'welcome_dag' retrieved from /opt/airflow/dags/new_dags.py
[2025-02-13T23:27:11.392+0000] {logging_mixin.py:190} INFO - [2025-02-13T23:27:11.391+0000] {dag.py:3239} INFO - Sync 1 DAGs
[2025-02-13T23:27:11.454+0000] {logging_mixin.py:190} INFO - [2025-02-13T23:27:11.453+0000] {dag.py:4180} INFO - Setting next_dagrun for welcome_dag to 2025-02-13 23:26:00+00:00, run_after=2025-02-13 23:27:00+00:00
[2025-02-13T23:27:11.581+0000] {processor.py:208} INFO - Processing /opt/airflow/dags/new_dags.py took 0.328 seconds
[2025-02-13T23:27:42.311+0000] {processor.py:186} INFO - Started process (PID=232) to work on /opt/airflow/dags/new_dags.py
[2025-02-13T23:27:42.315+0000] {processor.py:914} INFO - Processing file /opt/airflow/dags/new_dags.py for tasks to queue
[2025-02-13T23:27:42.320+0000] {logging_mixin.py:190} INFO - [2025-02-13T23:27:42.320+0000] {dagbag.py:588} INFO - Filling up the DagBag from /opt/airflow/dags/new_dags.py
[2025-02-13T23:27:42.375+0000] {processor.py:925} INFO - DAG(s) 'welcome_dag' retrieved from /opt/airflow/dags/new_dags.py
[2025-02-13T23:27:42.430+0000] {logging_mixin.py:190} INFO - [2025-02-13T23:27:42.430+0000] {dag.py:3239} INFO - Sync 1 DAGs
[2025-02-13T23:27:42.482+0000] {logging_mixin.py:190} INFO - [2025-02-13T23:27:42.481+0000] {dag.py:4180} INFO - Setting next_dagrun for welcome_dag to 2025-02-13 23:26:00+00:00, run_after=2025-02-13 23:27:00+00:00
[2025-02-13T23:27:42.606+0000] {processor.py:208} INFO - Processing /opt/airflow/dags/new_dags.py took 0.312 seconds
[2025-02-13T23:28:13.963+0000] {processor.py:186} INFO - Started process (PID=233) to work on /opt/airflow/dags/new_dags.py
[2025-02-13T23:28:13.966+0000] {processor.py:914} INFO - Processing file /opt/airflow/dags/new_dags.py for tasks to queue
[2025-02-13T23:28:13.970+0000] {logging_mixin.py:190} INFO - [2025-02-13T23:28:13.969+0000] {dagbag.py:588} INFO - Filling up the DagBag from /opt/airflow/dags/new_dags.py
[2025-02-13T23:28:14.037+0000] {processor.py:925} INFO - DAG(s) 'welcome_dag' retrieved from /opt/airflow/dags/new_dags.py
[2025-02-13T23:28:14.092+0000] {logging_mixin.py:190} INFO - [2025-02-13T23:28:14.092+0000] {dag.py:3239} INFO - Sync 1 DAGs
[2025-02-13T23:28:14.151+0000] {logging_mixin.py:190} INFO - [2025-02-13T23:28:14.151+0000] {dag.py:4180} INFO - Setting next_dagrun for welcome_dag to 2025-02-13 23:27:00+00:00, run_after=2025-02-13 23:28:00+00:00
[2025-02-13T23:28:14.280+0000] {processor.py:208} INFO - Processing /opt/airflow/dags/new_dags.py took 0.330 seconds
[2025-02-13T23:28:44.652+0000] {processor.py:186} INFO - Started process (PID=234) to work on /opt/airflow/dags/new_dags.py
[2025-02-13T23:28:44.653+0000] {processor.py:914} INFO - Processing file /opt/airflow/dags/new_dags.py for tasks to queue
[2025-02-13T23:28:44.657+0000] {logging_mixin.py:190} INFO - [2025-02-13T23:28:44.656+0000] {dagbag.py:588} INFO - Filling up the DagBag from /opt/airflow/dags/new_dags.py
[2025-02-13T23:28:44.713+0000] {processor.py:925} INFO - DAG(s) 'welcome_dag' retrieved from /opt/airflow/dags/new_dags.py
[2025-02-13T23:28:44.771+0000] {logging_mixin.py:190} INFO - [2025-02-13T23:28:44.770+0000] {dag.py:3239} INFO - Sync 1 DAGs
[2025-02-13T23:28:44.836+0000] {logging_mixin.py:190} INFO - [2025-02-13T23:28:44.836+0000] {dag.py:4180} INFO - Setting next_dagrun for welcome_dag to 2025-02-13 23:27:00+00:00, run_after=2025-02-13 23:28:00+00:00
[2025-02-13T23:28:44.955+0000] {processor.py:208} INFO - Processing /opt/airflow/dags/new_dags.py took 0.310 seconds
[2025-02-13T23:29:16.124+0000] {processor.py:186} INFO - Started process (PID=235) to work on /opt/airflow/dags/new_dags.py
[2025-02-13T23:29:16.128+0000] {processor.py:914} INFO - Processing file /opt/airflow/dags/new_dags.py for tasks to queue
[2025-02-13T23:29:16.135+0000] {logging_mixin.py:190} INFO - [2025-02-13T23:29:16.134+0000] {dagbag.py:588} INFO - Filling up the DagBag from /opt/airflow/dags/new_dags.py
[2025-02-13T23:29:16.194+0000] {processor.py:925} INFO - DAG(s) 'welcome_dag' retrieved from /opt/airflow/dags/new_dags.py
[2025-02-13T23:29:16.251+0000] {logging_mixin.py:190} INFO - [2025-02-13T23:29:16.250+0000] {dag.py:3239} INFO - Sync 1 DAGs
[2025-02-13T23:29:16.298+0000] {logging_mixin.py:190} INFO - [2025-02-13T23:29:16.298+0000] {dag.py:4180} INFO - Setting next_dagrun for welcome_dag to 2025-02-13 23:28:00+00:00, run_after=2025-02-13 23:29:00+00:00
[2025-02-13T23:29:16.406+0000] {processor.py:208} INFO - Processing /opt/airflow/dags/new_dags.py took 0.289 seconds
[2025-02-13T23:29:46.841+0000] {processor.py:186} INFO - Started process (PID=236) to work on /opt/airflow/dags/new_dags.py
[2025-02-13T23:29:46.842+0000] {processor.py:914} INFO - Processing file /opt/airflow/dags/new_dags.py for tasks to queue
[2025-02-13T23:29:46.845+0000] {logging_mixin.py:190} INFO - [2025-02-13T23:29:46.845+0000] {dagbag.py:588} INFO - Filling up the DagBag from /opt/airflow/dags/new_dags.py
[2025-02-13T23:29:46.898+0000] {processor.py:925} INFO - DAG(s) 'welcome_dag' retrieved from /opt/airflow/dags/new_dags.py
[2025-02-13T23:29:46.953+0000] {logging_mixin.py:190} INFO - [2025-02-13T23:29:46.953+0000] {dag.py:3239} INFO - Sync 1 DAGs
[2025-02-13T23:29:46.998+0000] {logging_mixin.py:190} INFO - [2025-02-13T23:29:46.998+0000] {dag.py:4180} INFO - Setting next_dagrun for welcome_dag to 2025-02-13 23:28:00+00:00, run_after=2025-02-13 23:29:00+00:00
[2025-02-13T23:29:47.099+0000] {processor.py:208} INFO - Processing /opt/airflow/dags/new_dags.py took 0.264 seconds
[2025-02-13T23:30:18.437+0000] {processor.py:186} INFO - Started process (PID=237) to work on /opt/airflow/dags/new_dags.py
[2025-02-13T23:30:18.438+0000] {processor.py:914} INFO - Processing file /opt/airflow/dags/new_dags.py for tasks to queue
[2025-02-13T23:30:18.441+0000] {logging_mixin.py:190} INFO - [2025-02-13T23:30:18.441+0000] {dagbag.py:588} INFO - Filling up the DagBag from /opt/airflow/dags/new_dags.py
[2025-02-13T23:30:18.509+0000] {processor.py:925} INFO - DAG(s) 'welcome_dag' retrieved from /opt/airflow/dags/new_dags.py
[2025-02-13T23:30:18.555+0000] {logging_mixin.py:190} INFO - [2025-02-13T23:30:18.554+0000] {dag.py:3239} INFO - Sync 1 DAGs
[2025-02-13T23:30:18.609+0000] {logging_mixin.py:190} INFO - [2025-02-13T23:30:18.609+0000] {dag.py:4180} INFO - Setting next_dagrun for welcome_dag to 2025-02-13 23:29:00+00:00, run_after=2025-02-13 23:30:00+00:00
[2025-02-13T23:30:18.730+0000] {processor.py:208} INFO - Processing /opt/airflow/dags/new_dags.py took 0.308 seconds
[2025-02-13T23:30:48.941+0000] {processor.py:186} INFO - Started process (PID=238) to work on /opt/airflow/dags/new_dags.py
[2025-02-13T23:30:48.943+0000] {processor.py:914} INFO - Processing file /opt/airflow/dags/new_dags.py for tasks to queue
[2025-02-13T23:30:48.947+0000] {logging_mixin.py:190} INFO - [2025-02-13T23:30:48.946+0000] {dagbag.py:588} INFO - Filling up the DagBag from /opt/airflow/dags/new_dags.py
[2025-02-13T23:30:49.004+0000] {processor.py:925} INFO - DAG(s) 'welcome_dag' retrieved from /opt/airflow/dags/new_dags.py
[2025-02-13T23:30:49.074+0000] {logging_mixin.py:190} INFO - [2025-02-13T23:30:49.073+0000] {dag.py:3239} INFO - Sync 1 DAGs
[2025-02-13T23:30:49.133+0000] {logging_mixin.py:190} INFO - [2025-02-13T23:30:49.133+0000] {dag.py:4180} INFO - Setting next_dagrun for welcome_dag to 2025-02-13 23:29:00+00:00, run_after=2025-02-13 23:30:00+00:00
[2025-02-13T23:30:49.233+0000] {processor.py:208} INFO - Processing /opt/airflow/dags/new_dags.py took 0.302 seconds
[2025-02-13T23:33:04.305+0000] {processor.py:186} INFO - Started process (PID=239) to work on /opt/airflow/dags/new_dags.py
[2025-02-13T23:33:04.307+0000] {processor.py:914} INFO - Processing file /opt/airflow/dags/new_dags.py for tasks to queue
[2025-02-13T23:33:04.311+0000] {logging_mixin.py:190} INFO - [2025-02-13T23:33:04.311+0000] {dagbag.py:588} INFO - Filling up the DagBag from /opt/airflow/dags/new_dags.py
[2025-02-13T23:33:04.366+0000] {processor.py:925} INFO - DAG(s) 'welcome_dag' retrieved from /opt/airflow/dags/new_dags.py
[2025-02-13T23:33:04.423+0000] {logging_mixin.py:190} INFO - [2025-02-13T23:33:04.423+0000] {dag.py:3239} INFO - Sync 1 DAGs
[2025-02-13T23:33:04.491+0000] {logging_mixin.py:190} INFO - [2025-02-13T23:33:04.490+0000] {dag.py:4180} INFO - Setting next_dagrun for welcome_dag to 2025-02-13 23:32:00+00:00, run_after=2025-02-13 23:33:00+00:00
[2025-02-13T23:33:04.613+0000] {processor.py:208} INFO - Processing /opt/airflow/dags/new_dags.py took 0.323 seconds
