[2025-02-13T18:53:14.916+0000] {processor.py:186} INFO - Started process (PID=77) to work on /opt/airflow/dags/welcome_dag.py
[2025-02-13T18:53:14.918+0000] {processor.py:914} INFO - Processing file /opt/airflow/dags/welcome_dag.py for tasks to queue
[2025-02-13T18:53:14.923+0000] {logging_mixin.py:190} INFO - [2025-02-13T18:53:14.922+0000] {dagbag.py:588} INFO - Filling up the DagBag from /opt/airflow/dags/welcome_dag.py
[2025-02-13T18:53:14.987+0000] {processor.py:925} INFO - DAG(s) 'welcome_dag' retrieved from /opt/airflow/dags/welcome_dag.py
[2025-02-13T18:53:15.220+0000] {logging_mixin.py:190} INFO - [2025-02-13T18:53:15.219+0000] {override.py:1912} INFO - Created Permission View: can read on DAG:welcome_dag
[2025-02-13T18:53:15.258+0000] {logging_mixin.py:190} INFO - [2025-02-13T18:53:15.258+0000] {override.py:1912} INFO - Created Permission View: can delete on DAG:welcome_dag
[2025-02-13T18:53:15.294+0000] {logging_mixin.py:190} INFO - [2025-02-13T18:53:15.294+0000] {override.py:1912} INFO - Created Permission View: can edit on DAG:welcome_dag
[2025-02-13T18:53:15.342+0000] {logging_mixin.py:190} INFO - [2025-02-13T18:53:15.342+0000] {override.py:1912} INFO - Created Permission View: can read on DAG Run:welcome_dag
[2025-02-13T18:53:15.371+0000] {logging_mixin.py:190} INFO - [2025-02-13T18:53:15.370+0000] {override.py:1912} INFO - Created Permission View: can delete on DAG Run:welcome_dag
[2025-02-13T18:53:15.399+0000] {logging_mixin.py:190} INFO - [2025-02-13T18:53:15.399+0000] {override.py:1912} INFO - Created Permission View: menu access on DAG Run:welcome_dag
[2025-02-13T18:53:15.429+0000] {logging_mixin.py:190} INFO - [2025-02-13T18:53:15.429+0000] {override.py:1912} INFO - Created Permission View: can create on DAG Run:welcome_dag
[2025-02-13T18:53:15.430+0000] {logging_mixin.py:190} INFO - [2025-02-13T18:53:15.430+0000] {dag.py:3239} INFO - Sync 1 DAGs
[2025-02-13T18:53:15.532+0000] {logging_mixin.py:190} INFO - [2025-02-13T18:53:15.532+0000] {dag.py:3262} INFO - Creating ORM DAG for welcome_dag
[2025-02-13T18:53:15.557+0000] {logging_mixin.py:190} INFO - [2025-02-13T18:53:15.557+0000] {dag.py:4180} INFO - Setting next_dagrun for welcome_dag to 2025-02-12 23:00:00+00:00, run_after=2025-02-13 23:00:00+00:00
[2025-02-13T18:53:15.615+0000] {processor.py:208} INFO - Processing /opt/airflow/dags/welcome_dag.py took 0.705 seconds
[2025-02-13T18:53:46.224+0000] {processor.py:186} INFO - Started process (PID=78) to work on /opt/airflow/dags/welcome_dag.py
[2025-02-13T18:53:46.226+0000] {processor.py:914} INFO - Processing file /opt/airflow/dags/welcome_dag.py for tasks to queue
[2025-02-13T18:53:46.228+0000] {logging_mixin.py:190} INFO - [2025-02-13T18:53:46.228+0000] {dagbag.py:588} INFO - Filling up the DagBag from /opt/airflow/dags/welcome_dag.py
[2025-02-13T18:53:46.251+0000] {processor.py:925} INFO - DAG(s) 'welcome_dag' retrieved from /opt/airflow/dags/welcome_dag.py
[2025-02-13T18:53:46.288+0000] {logging_mixin.py:190} INFO - [2025-02-13T18:53:46.288+0000] {dag.py:3239} INFO - Sync 1 DAGs
[2025-02-13T18:53:46.328+0000] {logging_mixin.py:190} INFO - [2025-02-13T18:53:46.327+0000] {dag.py:4180} INFO - Setting next_dagrun for welcome_dag to 2025-02-12 23:00:00+00:00, run_after=2025-02-13 23:00:00+00:00
[2025-02-13T18:53:46.411+0000] {processor.py:208} INFO - Processing /opt/airflow/dags/welcome_dag.py took 0.192 seconds
[2025-02-13T18:54:17.446+0000] {processor.py:186} INFO - Started process (PID=79) to work on /opt/airflow/dags/welcome_dag.py
[2025-02-13T18:54:17.450+0000] {processor.py:914} INFO - Processing file /opt/airflow/dags/welcome_dag.py for tasks to queue
[2025-02-13T18:54:17.458+0000] {logging_mixin.py:190} INFO - [2025-02-13T18:54:17.457+0000] {dagbag.py:588} INFO - Filling up the DagBag from /opt/airflow/dags/welcome_dag.py
[2025-02-13T18:54:17.499+0000] {processor.py:925} INFO - DAG(s) 'welcome_dag' retrieved from /opt/airflow/dags/welcome_dag.py
[2025-02-13T18:54:17.543+0000] {logging_mixin.py:190} INFO - [2025-02-13T18:54:17.543+0000] {dag.py:3239} INFO - Sync 1 DAGs
[2025-02-13T18:54:17.582+0000] {logging_mixin.py:190} INFO - [2025-02-13T18:54:17.581+0000] {dag.py:4180} INFO - Setting next_dagrun for welcome_dag to 2025-02-12 23:00:00+00:00, run_after=2025-02-13 23:00:00+00:00
[2025-02-13T18:54:17.676+0000] {processor.py:208} INFO - Processing /opt/airflow/dags/welcome_dag.py took 0.238 seconds
[2025-02-13T18:54:48.175+0000] {processor.py:186} INFO - Started process (PID=80) to work on /opt/airflow/dags/welcome_dag.py
[2025-02-13T18:54:48.176+0000] {processor.py:914} INFO - Processing file /opt/airflow/dags/welcome_dag.py for tasks to queue
[2025-02-13T18:54:48.179+0000] {logging_mixin.py:190} INFO - [2025-02-13T18:54:48.179+0000] {dagbag.py:588} INFO - Filling up the DagBag from /opt/airflow/dags/welcome_dag.py
[2025-02-13T18:54:48.206+0000] {processor.py:925} INFO - DAG(s) 'welcome_dag' retrieved from /opt/airflow/dags/welcome_dag.py
[2025-02-13T18:54:48.249+0000] {logging_mixin.py:190} INFO - [2025-02-13T18:54:48.248+0000] {dag.py:3239} INFO - Sync 1 DAGs
[2025-02-13T18:54:48.281+0000] {logging_mixin.py:190} INFO - [2025-02-13T18:54:48.281+0000] {dag.py:4180} INFO - Setting next_dagrun for welcome_dag to 2025-02-12 23:00:00+00:00, run_after=2025-02-13 23:00:00+00:00
[2025-02-13T18:54:48.346+0000] {processor.py:208} INFO - Processing /opt/airflow/dags/welcome_dag.py took 0.177 seconds
[2025-02-13T18:55:18.807+0000] {processor.py:186} INFO - Started process (PID=81) to work on /opt/airflow/dags/welcome_dag.py
[2025-02-13T18:55:18.808+0000] {processor.py:914} INFO - Processing file /opt/airflow/dags/welcome_dag.py for tasks to queue
[2025-02-13T18:55:18.811+0000] {logging_mixin.py:190} INFO - [2025-02-13T18:55:18.810+0000] {dagbag.py:588} INFO - Filling up the DagBag from /opt/airflow/dags/welcome_dag.py
[2025-02-13T18:55:18.835+0000] {processor.py:925} INFO - DAG(s) 'welcome_dag' retrieved from /opt/airflow/dags/welcome_dag.py
[2025-02-13T18:55:18.872+0000] {logging_mixin.py:190} INFO - [2025-02-13T18:55:18.872+0000] {dag.py:3239} INFO - Sync 1 DAGs
[2025-02-13T18:55:18.908+0000] {logging_mixin.py:190} INFO - [2025-02-13T18:55:18.908+0000] {dag.py:4180} INFO - Setting next_dagrun for welcome_dag to 2025-02-12 23:00:00+00:00, run_after=2025-02-13 23:00:00+00:00
[2025-02-13T18:55:18.971+0000] {processor.py:208} INFO - Processing /opt/airflow/dags/welcome_dag.py took 0.170 seconds
[2025-02-13T18:55:49.971+0000] {processor.py:186} INFO - Started process (PID=82) to work on /opt/airflow/dags/welcome_dag.py
[2025-02-13T18:55:49.972+0000] {processor.py:914} INFO - Processing file /opt/airflow/dags/welcome_dag.py for tasks to queue
[2025-02-13T18:55:49.975+0000] {logging_mixin.py:190} INFO - [2025-02-13T18:55:49.975+0000] {dagbag.py:588} INFO - Filling up the DagBag from /opt/airflow/dags/welcome_dag.py
[2025-02-13T18:55:49.999+0000] {processor.py:925} INFO - DAG(s) 'welcome_dag' retrieved from /opt/airflow/dags/welcome_dag.py
[2025-02-13T18:55:50.034+0000] {logging_mixin.py:190} INFO - [2025-02-13T18:55:50.033+0000] {dag.py:3239} INFO - Sync 1 DAGs
[2025-02-13T18:55:50.065+0000] {logging_mixin.py:190} INFO - [2025-02-13T18:55:50.065+0000] {dag.py:4180} INFO - Setting next_dagrun for welcome_dag to 2025-02-12 23:00:00+00:00, run_after=2025-02-13 23:00:00+00:00
[2025-02-13T18:55:50.118+0000] {processor.py:208} INFO - Processing /opt/airflow/dags/welcome_dag.py took 0.152 seconds
[2025-02-13T18:56:21.367+0000] {processor.py:186} INFO - Started process (PID=83) to work on /opt/airflow/dags/welcome_dag.py
[2025-02-13T18:56:21.368+0000] {processor.py:914} INFO - Processing file /opt/airflow/dags/welcome_dag.py for tasks to queue
[2025-02-13T18:56:21.371+0000] {logging_mixin.py:190} INFO - [2025-02-13T18:56:21.371+0000] {dagbag.py:588} INFO - Filling up the DagBag from /opt/airflow/dags/welcome_dag.py
[2025-02-13T18:56:21.418+0000] {processor.py:925} INFO - DAG(s) 'welcome_dag' retrieved from /opt/airflow/dags/welcome_dag.py
[2025-02-13T18:56:21.467+0000] {logging_mixin.py:190} INFO - [2025-02-13T18:56:21.466+0000] {dag.py:3239} INFO - Sync 1 DAGs
[2025-02-13T18:56:21.520+0000] {logging_mixin.py:190} INFO - [2025-02-13T18:56:21.519+0000] {dag.py:4180} INFO - Setting next_dagrun for welcome_dag to 2025-02-12 23:00:00+00:00, run_after=2025-02-13 23:00:00+00:00
[2025-02-13T18:56:21.580+0000] {processor.py:208} INFO - Processing /opt/airflow/dags/welcome_dag.py took 0.231 seconds
[2025-02-13T18:56:52.016+0000] {processor.py:186} INFO - Started process (PID=84) to work on /opt/airflow/dags/welcome_dag.py
[2025-02-13T18:56:52.019+0000] {processor.py:914} INFO - Processing file /opt/airflow/dags/welcome_dag.py for tasks to queue
[2025-02-13T18:56:52.023+0000] {logging_mixin.py:190} INFO - [2025-02-13T18:56:52.023+0000] {dagbag.py:588} INFO - Filling up the DagBag from /opt/airflow/dags/welcome_dag.py
[2025-02-13T18:56:52.115+0000] {processor.py:925} INFO - DAG(s) 'welcome_dag' retrieved from /opt/airflow/dags/welcome_dag.py
[2025-02-13T18:56:52.311+0000] {logging_mixin.py:190} INFO - [2025-02-13T18:56:52.310+0000] {dag.py:3239} INFO - Sync 1 DAGs
[2025-02-13T18:56:52.444+0000] {logging_mixin.py:190} INFO - [2025-02-13T18:56:52.443+0000] {dag.py:4180} INFO - Setting next_dagrun for welcome_dag to 2025-02-12 23:00:00+00:00, run_after=2025-02-13 23:00:00+00:00
[2025-02-13T18:56:52.651+0000] {processor.py:208} INFO - Processing /opt/airflow/dags/welcome_dag.py took 0.649 seconds
[2025-02-13T18:57:23.475+0000] {processor.py:186} INFO - Started process (PID=85) to work on /opt/airflow/dags/welcome_dag.py
[2025-02-13T18:57:23.478+0000] {processor.py:914} INFO - Processing file /opt/airflow/dags/welcome_dag.py for tasks to queue
[2025-02-13T18:57:23.482+0000] {logging_mixin.py:190} INFO - [2025-02-13T18:57:23.482+0000] {dagbag.py:588} INFO - Filling up the DagBag from /opt/airflow/dags/welcome_dag.py
[2025-02-13T18:57:23.532+0000] {processor.py:925} INFO - DAG(s) 'welcome_dag' retrieved from /opt/airflow/dags/welcome_dag.py
[2025-02-13T18:57:23.681+0000] {logging_mixin.py:190} INFO - [2025-02-13T18:57:23.681+0000] {dag.py:3239} INFO - Sync 1 DAGs
[2025-02-13T18:57:23.816+0000] {logging_mixin.py:190} INFO - [2025-02-13T18:57:23.815+0000] {dag.py:4180} INFO - Setting next_dagrun for welcome_dag to 2025-02-12 23:00:00+00:00, run_after=2025-02-13 23:00:00+00:00
[2025-02-13T18:57:23.976+0000] {processor.py:208} INFO - Processing /opt/airflow/dags/welcome_dag.py took 0.510 seconds
[2025-02-13T18:57:56.862+0000] {processor.py:186} INFO - Started process (PID=86) to work on /opt/airflow/dags/welcome_dag.py
[2025-02-13T18:57:56.863+0000] {processor.py:914} INFO - Processing file /opt/airflow/dags/welcome_dag.py for tasks to queue
[2025-02-13T18:57:56.865+0000] {logging_mixin.py:190} INFO - [2025-02-13T18:57:56.865+0000] {dagbag.py:588} INFO - Filling up the DagBag from /opt/airflow/dags/welcome_dag.py
[2025-02-13T18:57:56.894+0000] {processor.py:925} INFO - DAG(s) 'welcome_dag' retrieved from /opt/airflow/dags/welcome_dag.py
[2025-02-13T18:57:56.928+0000] {logging_mixin.py:190} INFO - [2025-02-13T18:57:56.928+0000] {dag.py:3239} INFO - Sync 1 DAGs
[2025-02-13T18:57:56.957+0000] {logging_mixin.py:190} INFO - [2025-02-13T18:57:56.957+0000] {dag.py:4180} INFO - Setting next_dagrun for welcome_dag to 2025-02-12 23:00:00+00:00, run_after=2025-02-13 23:00:00+00:00
[2025-02-13T18:57:57.018+0000] {processor.py:208} INFO - Processing /opt/airflow/dags/welcome_dag.py took 0.162 seconds
[2025-02-13T18:58:29.080+0000] {processor.py:186} INFO - Started process (PID=87) to work on /opt/airflow/dags/welcome_dag.py
[2025-02-13T18:58:29.082+0000] {processor.py:914} INFO - Processing file /opt/airflow/dags/welcome_dag.py for tasks to queue
[2025-02-13T18:58:29.085+0000] {logging_mixin.py:190} INFO - [2025-02-13T18:58:29.085+0000] {dagbag.py:588} INFO - Filling up the DagBag from /opt/airflow/dags/welcome_dag.py
[2025-02-13T18:58:29.117+0000] {processor.py:925} INFO - DAG(s) 'welcome_dag' retrieved from /opt/airflow/dags/welcome_dag.py
[2025-02-13T18:58:29.160+0000] {logging_mixin.py:190} INFO - [2025-02-13T18:58:29.160+0000] {dag.py:3239} INFO - Sync 1 DAGs
[2025-02-13T18:58:29.196+0000] {logging_mixin.py:190} INFO - [2025-02-13T18:58:29.196+0000] {dag.py:4180} INFO - Setting next_dagrun for welcome_dag to 2025-02-12 23:00:00+00:00, run_after=2025-02-13 23:00:00+00:00
[2025-02-13T18:58:29.264+0000] {processor.py:208} INFO - Processing /opt/airflow/dags/welcome_dag.py took 0.191 seconds
[2025-02-13T18:59:01.447+0000] {processor.py:186} INFO - Started process (PID=88) to work on /opt/airflow/dags/welcome_dag.py
[2025-02-13T18:59:01.449+0000] {processor.py:914} INFO - Processing file /opt/airflow/dags/welcome_dag.py for tasks to queue
[2025-02-13T18:59:01.453+0000] {logging_mixin.py:190} INFO - [2025-02-13T18:59:01.452+0000] {dagbag.py:588} INFO - Filling up the DagBag from /opt/airflow/dags/welcome_dag.py
[2025-02-13T18:59:01.481+0000] {processor.py:925} INFO - DAG(s) 'welcome_dag' retrieved from /opt/airflow/dags/welcome_dag.py
[2025-02-13T18:59:01.517+0000] {logging_mixin.py:190} INFO - [2025-02-13T18:59:01.516+0000] {dag.py:3239} INFO - Sync 1 DAGs
[2025-02-13T18:59:01.549+0000] {logging_mixin.py:190} INFO - [2025-02-13T18:59:01.549+0000] {dag.py:4180} INFO - Setting next_dagrun for welcome_dag to 2025-02-12 23:00:00+00:00, run_after=2025-02-13 23:00:00+00:00
[2025-02-13T18:59:01.610+0000] {processor.py:208} INFO - Processing /opt/airflow/dags/welcome_dag.py took 0.172 seconds
[2025-02-13T18:59:34.835+0000] {processor.py:186} INFO - Started process (PID=89) to work on /opt/airflow/dags/welcome_dag.py
[2025-02-13T18:59:34.837+0000] {processor.py:914} INFO - Processing file /opt/airflow/dags/welcome_dag.py for tasks to queue
[2025-02-13T18:59:34.842+0000] {logging_mixin.py:190} INFO - [2025-02-13T18:59:34.842+0000] {dagbag.py:588} INFO - Filling up the DagBag from /opt/airflow/dags/welcome_dag.py
[2025-02-13T18:59:34.868+0000] {processor.py:925} INFO - DAG(s) 'welcome_dag' retrieved from /opt/airflow/dags/welcome_dag.py
[2025-02-13T18:59:34.901+0000] {logging_mixin.py:190} INFO - [2025-02-13T18:59:34.901+0000] {dag.py:3239} INFO - Sync 1 DAGs
[2025-02-13T18:59:34.934+0000] {logging_mixin.py:190} INFO - [2025-02-13T18:59:34.933+0000] {dag.py:4180} INFO - Setting next_dagrun for welcome_dag to 2025-02-12 23:00:00+00:00, run_after=2025-02-13 23:00:00+00:00
[2025-02-13T18:59:34.996+0000] {processor.py:208} INFO - Processing /opt/airflow/dags/welcome_dag.py took 0.172 seconds
[2025-02-13T19:00:07.102+0000] {processor.py:186} INFO - Started process (PID=90) to work on /opt/airflow/dags/welcome_dag.py
[2025-02-13T19:00:07.103+0000] {processor.py:914} INFO - Processing file /opt/airflow/dags/welcome_dag.py for tasks to queue
[2025-02-13T19:00:07.106+0000] {logging_mixin.py:190} INFO - [2025-02-13T19:00:07.106+0000] {dagbag.py:588} INFO - Filling up the DagBag from /opt/airflow/dags/welcome_dag.py
[2025-02-13T19:00:07.133+0000] {processor.py:925} INFO - DAG(s) 'welcome_dag' retrieved from /opt/airflow/dags/welcome_dag.py
[2025-02-13T19:00:07.172+0000] {logging_mixin.py:190} INFO - [2025-02-13T19:00:07.172+0000] {dag.py:3239} INFO - Sync 1 DAGs
[2025-02-13T19:00:07.208+0000] {logging_mixin.py:190} INFO - [2025-02-13T19:00:07.208+0000] {dag.py:4180} INFO - Setting next_dagrun for welcome_dag to 2025-02-12 23:00:00+00:00, run_after=2025-02-13 23:00:00+00:00
[2025-02-13T19:00:07.269+0000] {processor.py:208} INFO - Processing /opt/airflow/dags/welcome_dag.py took 0.172 seconds
[2025-02-13T19:00:40.824+0000] {processor.py:186} INFO - Started process (PID=157) to work on /opt/airflow/dags/welcome_dag.py
[2025-02-13T19:00:40.825+0000] {processor.py:914} INFO - Processing file /opt/airflow/dags/welcome_dag.py for tasks to queue
[2025-02-13T19:00:40.828+0000] {logging_mixin.py:190} INFO - [2025-02-13T19:00:40.827+0000] {dagbag.py:588} INFO - Filling up the DagBag from /opt/airflow/dags/welcome_dag.py
[2025-02-13T19:00:40.856+0000] {processor.py:925} INFO - DAG(s) 'welcome_dag' retrieved from /opt/airflow/dags/welcome_dag.py
[2025-02-13T19:00:40.907+0000] {logging_mixin.py:190} INFO - [2025-02-13T19:00:40.907+0000] {dag.py:3239} INFO - Sync 1 DAGs
[2025-02-13T19:00:40.938+0000] {logging_mixin.py:190} INFO - [2025-02-13T19:00:40.938+0000] {dag.py:4180} INFO - Setting next_dagrun for welcome_dag to 2025-02-12 23:00:00+00:00, run_after=2025-02-13 23:00:00+00:00
[2025-02-13T19:00:40.999+0000] {processor.py:208} INFO - Processing /opt/airflow/dags/welcome_dag.py took 0.180 seconds
[2025-02-13T19:02:21.774+0000] {processor.py:186} INFO - Started process (PID=56) to work on /opt/airflow/dags/welcome_dag.py
[2025-02-13T19:02:21.776+0000] {processor.py:914} INFO - Processing file /opt/airflow/dags/welcome_dag.py for tasks to queue
[2025-02-13T19:02:21.781+0000] {logging_mixin.py:190} INFO - [2025-02-13T19:02:21.780+0000] {dagbag.py:588} INFO - Filling up the DagBag from /opt/airflow/dags/welcome_dag.py
[2025-02-13T19:02:21.884+0000] {processor.py:925} INFO - DAG(s) 'welcome_dag' retrieved from /opt/airflow/dags/welcome_dag.py
[2025-02-13T19:02:21.989+0000] {logging_mixin.py:190} INFO - [2025-02-13T19:02:21.989+0000] {dag.py:3239} INFO - Sync 1 DAGs
[2025-02-13T19:02:22.040+0000] {logging_mixin.py:190} INFO - [2025-02-13T19:02:22.040+0000] {dag.py:4180} INFO - Setting next_dagrun for welcome_dag to 2025-02-12 23:00:00+00:00, run_after=2025-02-13 23:00:00+00:00
[2025-02-13T19:02:22.110+0000] {processor.py:208} INFO - Processing /opt/airflow/dags/welcome_dag.py took 0.356 seconds
[2025-02-13T19:02:52.982+0000] {processor.py:186} INFO - Started process (PID=66) to work on /opt/airflow/dags/welcome_dag.py
[2025-02-13T19:02:52.985+0000] {processor.py:914} INFO - Processing file /opt/airflow/dags/welcome_dag.py for tasks to queue
[2025-02-13T19:02:52.989+0000] {logging_mixin.py:190} INFO - [2025-02-13T19:02:52.989+0000] {dagbag.py:588} INFO - Filling up the DagBag from /opt/airflow/dags/welcome_dag.py
[2025-02-13T19:02:53.051+0000] {processor.py:925} INFO - DAG(s) 'welcome_dag' retrieved from /opt/airflow/dags/welcome_dag.py
[2025-02-13T19:02:53.104+0000] {logging_mixin.py:190} INFO - [2025-02-13T19:02:53.104+0000] {dag.py:3239} INFO - Sync 1 DAGs
[2025-02-13T19:02:53.131+0000] {logging_mixin.py:190} INFO - [2025-02-13T19:02:53.131+0000] {dag.py:4180} INFO - Setting next_dagrun for welcome_dag to 2025-02-12 23:00:00+00:00, run_after=2025-02-13 23:00:00+00:00
[2025-02-13T19:02:53.178+0000] {processor.py:208} INFO - Processing /opt/airflow/dags/welcome_dag.py took 0.206 seconds
[2025-02-13T19:03:24.330+0000] {processor.py:186} INFO - Started process (PID=67) to work on /opt/airflow/dags/welcome_dag.py
[2025-02-13T19:03:24.331+0000] {processor.py:914} INFO - Processing file /opt/airflow/dags/welcome_dag.py for tasks to queue
[2025-02-13T19:03:24.333+0000] {logging_mixin.py:190} INFO - [2025-02-13T19:03:24.333+0000] {dagbag.py:588} INFO - Filling up the DagBag from /opt/airflow/dags/welcome_dag.py
[2025-02-13T19:03:24.356+0000] {processor.py:925} INFO - DAG(s) 'welcome_dag' retrieved from /opt/airflow/dags/welcome_dag.py
[2025-02-13T19:03:24.385+0000] {logging_mixin.py:190} INFO - [2025-02-13T19:03:24.384+0000] {dag.py:3239} INFO - Sync 1 DAGs
[2025-02-13T19:03:24.413+0000] {logging_mixin.py:190} INFO - [2025-02-13T19:03:24.413+0000] {dag.py:4180} INFO - Setting next_dagrun for welcome_dag to 2025-02-12 23:00:00+00:00, run_after=2025-02-13 23:00:00+00:00
[2025-02-13T19:03:24.467+0000] {processor.py:208} INFO - Processing /opt/airflow/dags/welcome_dag.py took 0.143 seconds
[2025-02-13T19:05:50.080+0000] {processor.py:186} INFO - Started process (PID=56) to work on /opt/airflow/dags/welcome_dag.py
[2025-02-13T19:05:50.081+0000] {processor.py:914} INFO - Processing file /opt/airflow/dags/welcome_dag.py for tasks to queue
[2025-02-13T19:05:50.084+0000] {logging_mixin.py:190} INFO - [2025-02-13T19:05:50.083+0000] {dagbag.py:588} INFO - Filling up the DagBag from /opt/airflow/dags/welcome_dag.py
[2025-02-13T19:05:50.132+0000] {processor.py:925} INFO - DAG(s) 'welcome_dag' retrieved from /opt/airflow/dags/welcome_dag.py
[2025-02-13T19:05:50.195+0000] {logging_mixin.py:190} INFO - [2025-02-13T19:05:50.194+0000] {dag.py:3239} INFO - Sync 1 DAGs
[2025-02-13T19:05:50.235+0000] {logging_mixin.py:190} INFO - [2025-02-13T19:05:50.234+0000] {dag.py:4180} INFO - Setting next_dagrun for welcome_dag to 2025-02-12 23:00:00+00:00, run_after=2025-02-13 23:00:00+00:00
[2025-02-13T19:05:50.310+0000] {processor.py:208} INFO - Processing /opt/airflow/dags/welcome_dag.py took 0.240 seconds
[2025-02-13T19:06:21.271+0000] {processor.py:186} INFO - Started process (PID=77) to work on /opt/airflow/dags/welcome_dag.py
[2025-02-13T19:06:21.272+0000] {processor.py:914} INFO - Processing file /opt/airflow/dags/welcome_dag.py for tasks to queue
[2025-02-13T19:06:21.275+0000] {logging_mixin.py:190} INFO - [2025-02-13T19:06:21.275+0000] {dagbag.py:588} INFO - Filling up the DagBag from /opt/airflow/dags/welcome_dag.py
[2025-02-13T19:06:21.311+0000] {processor.py:925} INFO - DAG(s) 'welcome_dag' retrieved from /opt/airflow/dags/welcome_dag.py
[2025-02-13T19:06:21.355+0000] {logging_mixin.py:190} INFO - [2025-02-13T19:06:21.355+0000] {dag.py:3239} INFO - Sync 1 DAGs
[2025-02-13T19:06:21.396+0000] {logging_mixin.py:190} INFO - [2025-02-13T19:06:21.396+0000] {dag.py:4180} INFO - Setting next_dagrun for welcome_dag to 2025-02-12 23:00:00+00:00, run_after=2025-02-13 23:00:00+00:00
[2025-02-13T19:06:21.462+0000] {processor.py:208} INFO - Processing /opt/airflow/dags/welcome_dag.py took 0.199 seconds
[2025-02-13T19:06:52.658+0000] {processor.py:186} INFO - Started process (PID=78) to work on /opt/airflow/dags/welcome_dag.py
[2025-02-13T19:06:52.659+0000] {processor.py:914} INFO - Processing file /opt/airflow/dags/welcome_dag.py for tasks to queue
[2025-02-13T19:06:52.663+0000] {logging_mixin.py:190} INFO - [2025-02-13T19:06:52.662+0000] {dagbag.py:588} INFO - Filling up the DagBag from /opt/airflow/dags/welcome_dag.py
[2025-02-13T19:06:52.701+0000] {processor.py:925} INFO - DAG(s) 'welcome_dag' retrieved from /opt/airflow/dags/welcome_dag.py
[2025-02-13T19:06:52.759+0000] {logging_mixin.py:190} INFO - [2025-02-13T19:06:52.759+0000] {dag.py:3239} INFO - Sync 1 DAGs
[2025-02-13T19:06:52.811+0000] {logging_mixin.py:190} INFO - [2025-02-13T19:06:52.810+0000] {dag.py:4180} INFO - Setting next_dagrun for welcome_dag to 2025-02-12 23:00:00+00:00, run_after=2025-02-13 23:00:00+00:00
[2025-02-13T19:06:52.955+0000] {processor.py:208} INFO - Processing /opt/airflow/dags/welcome_dag.py took 0.302 seconds
[2025-02-13T19:07:23.344+0000] {processor.py:186} INFO - Started process (PID=79) to work on /opt/airflow/dags/welcome_dag.py
[2025-02-13T19:07:23.346+0000] {processor.py:914} INFO - Processing file /opt/airflow/dags/welcome_dag.py for tasks to queue
[2025-02-13T19:07:23.351+0000] {logging_mixin.py:190} INFO - [2025-02-13T19:07:23.350+0000] {dagbag.py:588} INFO - Filling up the DagBag from /opt/airflow/dags/welcome_dag.py
[2025-02-13T19:07:23.408+0000] {processor.py:925} INFO - DAG(s) 'welcome_dag' retrieved from /opt/airflow/dags/welcome_dag.py
[2025-02-13T19:07:23.491+0000] {logging_mixin.py:190} INFO - [2025-02-13T19:07:23.490+0000] {dag.py:3239} INFO - Sync 1 DAGs
[2025-02-13T19:07:23.536+0000] {logging_mixin.py:190} INFO - [2025-02-13T19:07:23.536+0000] {dag.py:4180} INFO - Setting next_dagrun for welcome_dag to 2025-02-12 23:00:00+00:00, run_after=2025-02-13 23:00:00+00:00
[2025-02-13T19:07:23.621+0000] {processor.py:208} INFO - Processing /opt/airflow/dags/welcome_dag.py took 0.286 seconds
[2025-02-13T19:07:54.580+0000] {processor.py:186} INFO - Started process (PID=80) to work on /opt/airflow/dags/welcome_dag.py
[2025-02-13T19:07:54.581+0000] {processor.py:914} INFO - Processing file /opt/airflow/dags/welcome_dag.py for tasks to queue
[2025-02-13T19:07:54.584+0000] {logging_mixin.py:190} INFO - [2025-02-13T19:07:54.584+0000] {dagbag.py:588} INFO - Filling up the DagBag from /opt/airflow/dags/welcome_dag.py
[2025-02-13T19:07:54.613+0000] {processor.py:925} INFO - DAG(s) 'welcome_dag' retrieved from /opt/airflow/dags/welcome_dag.py
[2025-02-13T19:07:54.652+0000] {logging_mixin.py:190} INFO - [2025-02-13T19:07:54.651+0000] {dag.py:3239} INFO - Sync 1 DAGs
[2025-02-13T19:07:54.685+0000] {logging_mixin.py:190} INFO - [2025-02-13T19:07:54.685+0000] {dag.py:4180} INFO - Setting next_dagrun for welcome_dag to 2025-02-12 23:00:00+00:00, run_after=2025-02-13 23:00:00+00:00
[2025-02-13T19:07:54.785+0000] {processor.py:208} INFO - Processing /opt/airflow/dags/welcome_dag.py took 0.210 seconds
[2025-02-13T19:08:25.163+0000] {processor.py:186} INFO - Started process (PID=81) to work on /opt/airflow/dags/welcome_dag.py
[2025-02-13T19:08:25.164+0000] {processor.py:914} INFO - Processing file /opt/airflow/dags/welcome_dag.py for tasks to queue
[2025-02-13T19:08:25.168+0000] {logging_mixin.py:190} INFO - [2025-02-13T19:08:25.167+0000] {dagbag.py:588} INFO - Filling up the DagBag from /opt/airflow/dags/welcome_dag.py
[2025-02-13T19:08:25.203+0000] {processor.py:925} INFO - DAG(s) 'welcome_dag' retrieved from /opt/airflow/dags/welcome_dag.py
[2025-02-13T19:08:25.233+0000] {logging_mixin.py:190} INFO - [2025-02-13T19:08:25.232+0000] {dag.py:3239} INFO - Sync 1 DAGs
[2025-02-13T19:08:25.259+0000] {logging_mixin.py:190} INFO - [2025-02-13T19:08:25.259+0000] {dag.py:4180} INFO - Setting next_dagrun for welcome_dag to 2025-02-12 23:00:00+00:00, run_after=2025-02-13 23:00:00+00:00
[2025-02-13T19:08:25.305+0000] {processor.py:208} INFO - Processing /opt/airflow/dags/welcome_dag.py took 0.148 seconds
[2025-02-13T19:08:56.359+0000] {processor.py:186} INFO - Started process (PID=82) to work on /opt/airflow/dags/welcome_dag.py
[2025-02-13T19:08:56.360+0000] {processor.py:914} INFO - Processing file /opt/airflow/dags/welcome_dag.py for tasks to queue
[2025-02-13T19:08:56.363+0000] {logging_mixin.py:190} INFO - [2025-02-13T19:08:56.362+0000] {dagbag.py:588} INFO - Filling up the DagBag from /opt/airflow/dags/welcome_dag.py
[2025-02-13T19:08:56.389+0000] {processor.py:925} INFO - DAG(s) 'welcome_dag' retrieved from /opt/airflow/dags/welcome_dag.py
[2025-02-13T19:08:56.424+0000] {logging_mixin.py:190} INFO - [2025-02-13T19:08:56.424+0000] {dag.py:3239} INFO - Sync 1 DAGs
[2025-02-13T19:08:56.460+0000] {logging_mixin.py:190} INFO - [2025-02-13T19:08:56.460+0000] {dag.py:4180} INFO - Setting next_dagrun for welcome_dag to 2025-02-12 23:00:00+00:00, run_after=2025-02-13 23:00:00+00:00
[2025-02-13T19:08:56.513+0000] {processor.py:208} INFO - Processing /opt/airflow/dags/welcome_dag.py took 0.161 seconds
[2025-02-13T19:09:27.694+0000] {processor.py:186} INFO - Started process (PID=83) to work on /opt/airflow/dags/welcome_dag.py
[2025-02-13T19:09:27.696+0000] {processor.py:914} INFO - Processing file /opt/airflow/dags/welcome_dag.py for tasks to queue
[2025-02-13T19:09:27.701+0000] {logging_mixin.py:190} INFO - [2025-02-13T19:09:27.700+0000] {dagbag.py:588} INFO - Filling up the DagBag from /opt/airflow/dags/welcome_dag.py
[2025-02-13T19:09:27.757+0000] {processor.py:925} INFO - DAG(s) 'welcome_dag' retrieved from /opt/airflow/dags/welcome_dag.py
[2025-02-13T19:09:27.815+0000] {logging_mixin.py:190} INFO - [2025-02-13T19:09:27.815+0000] {dag.py:3239} INFO - Sync 1 DAGs
[2025-02-13T19:09:27.866+0000] {logging_mixin.py:190} INFO - [2025-02-13T19:09:27.866+0000] {dag.py:4180} INFO - Setting next_dagrun for welcome_dag to 2025-02-12 23:00:00+00:00, run_after=2025-02-13 23:00:00+00:00
[2025-02-13T19:09:27.937+0000] {processor.py:208} INFO - Processing /opt/airflow/dags/welcome_dag.py took 0.253 seconds
[2025-02-13T19:10:01.115+0000] {processor.py:186} INFO - Started process (PID=117) to work on /opt/airflow/dags/welcome_dag.py
[2025-02-13T19:10:01.116+0000] {processor.py:914} INFO - Processing file /opt/airflow/dags/welcome_dag.py for tasks to queue
[2025-02-13T19:10:01.118+0000] {logging_mixin.py:190} INFO - [2025-02-13T19:10:01.118+0000] {dagbag.py:588} INFO - Filling up the DagBag from /opt/airflow/dags/welcome_dag.py
[2025-02-13T19:10:01.144+0000] {processor.py:925} INFO - DAG(s) 'welcome_dag' retrieved from /opt/airflow/dags/welcome_dag.py
[2025-02-13T19:10:01.182+0000] {logging_mixin.py:190} INFO - [2025-02-13T19:10:01.181+0000] {dag.py:3239} INFO - Sync 1 DAGs
[2025-02-13T19:10:01.215+0000] {logging_mixin.py:190} INFO - [2025-02-13T19:10:01.215+0000] {dag.py:4180} INFO - Setting next_dagrun for welcome_dag to 2025-02-12 23:00:00+00:00, run_after=2025-02-13 23:00:00+00:00
[2025-02-13T19:10:01.282+0000] {processor.py:208} INFO - Processing /opt/airflow/dags/welcome_dag.py took 0.171 seconds
[2025-02-13T19:11:08.853+0000] {processor.py:186} INFO - Started process (PID=118) to work on /opt/airflow/dags/welcome_dag.py
[2025-02-13T19:11:08.855+0000] {processor.py:914} INFO - Processing file /opt/airflow/dags/welcome_dag.py for tasks to queue
[2025-02-13T19:11:08.859+0000] {logging_mixin.py:190} INFO - [2025-02-13T19:11:08.858+0000] {dagbag.py:588} INFO - Filling up the DagBag from /opt/airflow/dags/welcome_dag.py
[2025-02-13T19:11:08.905+0000] {processor.py:925} INFO - DAG(s) 'welcome_dag' retrieved from /opt/airflow/dags/welcome_dag.py
[2025-02-13T19:11:08.986+0000] {logging_mixin.py:190} INFO - [2025-02-13T19:11:08.986+0000] {dag.py:3239} INFO - Sync 1 DAGs
[2025-02-13T19:11:09.048+0000] {logging_mixin.py:190} INFO - [2025-02-13T19:11:09.048+0000] {dag.py:4180} INFO - Setting next_dagrun for welcome_dag to 2025-02-12 23:00:00+00:00, run_after=2025-02-13 23:00:00+00:00
[2025-02-13T19:11:09.132+0000] {processor.py:208} INFO - Processing /opt/airflow/dags/welcome_dag.py took 0.290 seconds
[2025-02-13T19:11:39.736+0000] {processor.py:186} INFO - Started process (PID=119) to work on /opt/airflow/dags/welcome_dag.py
[2025-02-13T19:11:39.737+0000] {processor.py:914} INFO - Processing file /opt/airflow/dags/welcome_dag.py for tasks to queue
[2025-02-13T19:11:39.740+0000] {logging_mixin.py:190} INFO - [2025-02-13T19:11:39.739+0000] {dagbag.py:588} INFO - Filling up the DagBag from /opt/airflow/dags/welcome_dag.py
[2025-02-13T19:11:39.763+0000] {processor.py:925} INFO - DAG(s) 'welcome_dag' retrieved from /opt/airflow/dags/welcome_dag.py
[2025-02-13T19:11:39.801+0000] {logging_mixin.py:190} INFO - [2025-02-13T19:11:39.801+0000] {dag.py:3239} INFO - Sync 1 DAGs
[2025-02-13T19:11:39.832+0000] {logging_mixin.py:190} INFO - [2025-02-13T19:11:39.832+0000] {dag.py:4180} INFO - Setting next_dagrun for welcome_dag to 2025-02-12 23:00:00+00:00, run_after=2025-02-13 23:00:00+00:00
[2025-02-13T19:11:39.890+0000] {processor.py:208} INFO - Processing /opt/airflow/dags/welcome_dag.py took 0.159 seconds
[2025-02-13T19:12:10.114+0000] {processor.py:186} INFO - Started process (PID=120) to work on /opt/airflow/dags/welcome_dag.py
[2025-02-13T19:12:10.115+0000] {processor.py:914} INFO - Processing file /opt/airflow/dags/welcome_dag.py for tasks to queue
[2025-02-13T19:12:10.117+0000] {logging_mixin.py:190} INFO - [2025-02-13T19:12:10.117+0000] {dagbag.py:588} INFO - Filling up the DagBag from /opt/airflow/dags/welcome_dag.py
[2025-02-13T19:12:10.139+0000] {processor.py:925} INFO - DAG(s) 'welcome_dag' retrieved from /opt/airflow/dags/welcome_dag.py
[2025-02-13T19:12:10.171+0000] {logging_mixin.py:190} INFO - [2025-02-13T19:12:10.171+0000] {dag.py:3239} INFO - Sync 1 DAGs
[2025-02-13T19:12:10.205+0000] {logging_mixin.py:190} INFO - [2025-02-13T19:12:10.205+0000] {dag.py:4180} INFO - Setting next_dagrun for welcome_dag to 2025-02-12 23:00:00+00:00, run_after=2025-02-13 23:00:00+00:00
[2025-02-13T19:12:10.270+0000] {processor.py:208} INFO - Processing /opt/airflow/dags/welcome_dag.py took 0.161 seconds
[2025-02-13T19:12:40.604+0000] {processor.py:186} INFO - Started process (PID=121) to work on /opt/airflow/dags/welcome_dag.py
[2025-02-13T19:12:40.605+0000] {processor.py:914} INFO - Processing file /opt/airflow/dags/welcome_dag.py for tasks to queue
[2025-02-13T19:12:40.608+0000] {logging_mixin.py:190} INFO - [2025-02-13T19:12:40.608+0000] {dagbag.py:588} INFO - Filling up the DagBag from /opt/airflow/dags/welcome_dag.py
[2025-02-13T19:12:40.649+0000] {processor.py:925} INFO - DAG(s) 'welcome_dag' retrieved from /opt/airflow/dags/welcome_dag.py
[2025-02-13T19:12:40.688+0000] {logging_mixin.py:190} INFO - [2025-02-13T19:12:40.688+0000] {dag.py:3239} INFO - Sync 1 DAGs
[2025-02-13T19:12:40.738+0000] {logging_mixin.py:190} INFO - [2025-02-13T19:12:40.738+0000] {dag.py:4180} INFO - Setting next_dagrun for welcome_dag to 2025-02-12 23:00:00+00:00, run_after=2025-02-13 23:00:00+00:00
[2025-02-13T19:12:40.798+0000] {processor.py:208} INFO - Processing /opt/airflow/dags/welcome_dag.py took 0.201 seconds
[2025-02-13T19:13:11.649+0000] {processor.py:186} INFO - Started process (PID=122) to work on /opt/airflow/dags/welcome_dag.py
[2025-02-13T19:13:11.678+0000] {processor.py:914} INFO - Processing file /opt/airflow/dags/welcome_dag.py for tasks to queue
[2025-02-13T19:13:11.693+0000] {logging_mixin.py:190} INFO - [2025-02-13T19:13:11.692+0000] {dagbag.py:588} INFO - Filling up the DagBag from /opt/airflow/dags/welcome_dag.py
[2025-02-13T19:13:11.734+0000] {processor.py:925} INFO - DAG(s) 'welcome_dag' retrieved from /opt/airflow/dags/welcome_dag.py
[2025-02-13T19:13:11.767+0000] {logging_mixin.py:190} INFO - [2025-02-13T19:13:11.767+0000] {dag.py:3239} INFO - Sync 1 DAGs
[2025-02-13T19:13:11.799+0000] {logging_mixin.py:190} INFO - [2025-02-13T19:13:11.799+0000] {dag.py:4180} INFO - Setting next_dagrun for welcome_dag to 2025-02-12 23:00:00+00:00, run_after=2025-02-13 23:00:00+00:00
[2025-02-13T19:13:11.850+0000] {processor.py:208} INFO - Processing /opt/airflow/dags/welcome_dag.py took 0.216 seconds
[2025-02-13T19:13:42.894+0000] {processor.py:186} INFO - Started process (PID=123) to work on /opt/airflow/dags/welcome_dag.py
[2025-02-13T19:13:42.895+0000] {processor.py:914} INFO - Processing file /opt/airflow/dags/welcome_dag.py for tasks to queue
[2025-02-13T19:13:42.898+0000] {logging_mixin.py:190} INFO - [2025-02-13T19:13:42.897+0000] {dagbag.py:588} INFO - Filling up the DagBag from /opt/airflow/dags/welcome_dag.py
[2025-02-13T19:13:42.934+0000] {processor.py:925} INFO - DAG(s) 'welcome_dag' retrieved from /opt/airflow/dags/welcome_dag.py
[2025-02-13T19:13:43.083+0000] {logging_mixin.py:190} INFO - [2025-02-13T19:13:43.083+0000] {dag.py:3239} INFO - Sync 1 DAGs
[2025-02-13T19:13:43.113+0000] {logging_mixin.py:190} INFO - [2025-02-13T19:13:43.113+0000] {dag.py:4180} INFO - Setting next_dagrun for welcome_dag to 2025-02-12 23:00:00+00:00, run_after=2025-02-13 23:00:00+00:00
[2025-02-13T19:13:43.168+0000] {processor.py:208} INFO - Processing /opt/airflow/dags/welcome_dag.py took 0.280 seconds
[2025-02-13T19:14:13.364+0000] {processor.py:186} INFO - Started process (PID=146) to work on /opt/airflow/dags/welcome_dag.py
[2025-02-13T19:14:13.365+0000] {processor.py:914} INFO - Processing file /opt/airflow/dags/welcome_dag.py for tasks to queue
[2025-02-13T19:14:13.368+0000] {logging_mixin.py:190} INFO - [2025-02-13T19:14:13.367+0000] {dagbag.py:588} INFO - Filling up the DagBag from /opt/airflow/dags/welcome_dag.py
[2025-02-13T19:14:13.397+0000] {processor.py:925} INFO - DAG(s) 'welcome_dag' retrieved from /opt/airflow/dags/welcome_dag.py
[2025-02-13T19:14:13.440+0000] {logging_mixin.py:190} INFO - [2025-02-13T19:14:13.439+0000] {dag.py:3239} INFO - Sync 1 DAGs
[2025-02-13T19:14:13.471+0000] {logging_mixin.py:190} INFO - [2025-02-13T19:14:13.471+0000] {dag.py:4180} INFO - Setting next_dagrun for welcome_dag to 2025-02-12 23:00:00+00:00, run_after=2025-02-13 23:00:00+00:00
[2025-02-13T19:14:13.535+0000] {processor.py:208} INFO - Processing /opt/airflow/dags/welcome_dag.py took 0.176 seconds
[2025-02-13T19:14:43.770+0000] {processor.py:186} INFO - Started process (PID=147) to work on /opt/airflow/dags/welcome_dag.py
[2025-02-13T19:14:43.772+0000] {processor.py:914} INFO - Processing file /opt/airflow/dags/welcome_dag.py for tasks to queue
[2025-02-13T19:14:43.775+0000] {logging_mixin.py:190} INFO - [2025-02-13T19:14:43.774+0000] {dagbag.py:588} INFO - Filling up the DagBag from /opt/airflow/dags/welcome_dag.py
[2025-02-13T19:14:43.806+0000] {processor.py:925} INFO - DAG(s) 'welcome_dag' retrieved from /opt/airflow/dags/welcome_dag.py
[2025-02-13T19:14:43.847+0000] {logging_mixin.py:190} INFO - [2025-02-13T19:14:43.846+0000] {dag.py:3239} INFO - Sync 1 DAGs
[2025-02-13T19:14:43.880+0000] {logging_mixin.py:190} INFO - [2025-02-13T19:14:43.880+0000] {dag.py:4180} INFO - Setting next_dagrun for welcome_dag to 2025-02-12 23:00:00+00:00, run_after=2025-02-13 23:00:00+00:00
[2025-02-13T19:14:43.939+0000] {processor.py:208} INFO - Processing /opt/airflow/dags/welcome_dag.py took 0.175 seconds
[2025-02-13T19:15:14.540+0000] {processor.py:186} INFO - Started process (PID=170) to work on /opt/airflow/dags/welcome_dag.py
[2025-02-13T19:15:14.541+0000] {processor.py:914} INFO - Processing file /opt/airflow/dags/welcome_dag.py for tasks to queue
[2025-02-13T19:15:14.543+0000] {logging_mixin.py:190} INFO - [2025-02-13T19:15:14.543+0000] {dagbag.py:588} INFO - Filling up the DagBag from /opt/airflow/dags/welcome_dag.py
[2025-02-13T19:15:14.572+0000] {processor.py:925} INFO - DAG(s) 'welcome_dag' retrieved from /opt/airflow/dags/welcome_dag.py
[2025-02-13T19:15:14.615+0000] {logging_mixin.py:190} INFO - [2025-02-13T19:15:14.615+0000] {dag.py:3239} INFO - Sync 1 DAGs
[2025-02-13T19:15:14.650+0000] {logging_mixin.py:190} INFO - [2025-02-13T19:15:14.649+0000] {dag.py:4180} INFO - Setting next_dagrun for welcome_dag to 2025-02-12 23:00:00+00:00, run_after=2025-02-13 23:00:00+00:00
[2025-02-13T19:15:14.708+0000] {processor.py:208} INFO - Processing /opt/airflow/dags/welcome_dag.py took 0.175 seconds
[2025-02-13T19:15:46.802+0000] {processor.py:186} INFO - Started process (PID=171) to work on /opt/airflow/dags/welcome_dag.py
[2025-02-13T19:15:46.803+0000] {processor.py:914} INFO - Processing file /opt/airflow/dags/welcome_dag.py for tasks to queue
[2025-02-13T19:15:46.805+0000] {logging_mixin.py:190} INFO - [2025-02-13T19:15:46.805+0000] {dagbag.py:588} INFO - Filling up the DagBag from /opt/airflow/dags/welcome_dag.py
[2025-02-13T19:15:46.840+0000] {processor.py:925} INFO - DAG(s) 'welcome_dag' retrieved from /opt/airflow/dags/welcome_dag.py
[2025-02-13T19:15:46.980+0000] {logging_mixin.py:190} INFO - [2025-02-13T19:15:46.980+0000] {dag.py:3239} INFO - Sync 1 DAGs
[2025-02-13T19:15:46.991+0000] {logging_mixin.py:190} INFO - [2025-02-13T19:15:46.991+0000] {dag.py:3262} INFO - Creating ORM DAG for welcome_dag
[2025-02-13T19:15:47.006+0000] {logging_mixin.py:190} INFO - [2025-02-13T19:15:47.005+0000] {dag.py:4180} INFO - Setting next_dagrun for welcome_dag to 2025-02-12 23:00:00+00:00, run_after=2025-02-13 23:00:00+00:00
[2025-02-13T19:15:47.082+0000] {processor.py:208} INFO - Processing /opt/airflow/dags/welcome_dag.py took 0.286 seconds
[2025-02-13T19:16:19.406+0000] {processor.py:186} INFO - Started process (PID=172) to work on /opt/airflow/dags/welcome_dag.py
[2025-02-13T19:16:19.408+0000] {processor.py:914} INFO - Processing file /opt/airflow/dags/welcome_dag.py for tasks to queue
[2025-02-13T19:16:19.412+0000] {logging_mixin.py:190} INFO - [2025-02-13T19:16:19.411+0000] {dagbag.py:588} INFO - Filling up the DagBag from /opt/airflow/dags/welcome_dag.py
[2025-02-13T19:16:19.442+0000] {processor.py:925} INFO - DAG(s) 'welcome_dag' retrieved from /opt/airflow/dags/welcome_dag.py
[2025-02-13T19:16:19.485+0000] {logging_mixin.py:190} INFO - [2025-02-13T19:16:19.485+0000] {dag.py:3239} INFO - Sync 1 DAGs
[2025-02-13T19:16:19.524+0000] {logging_mixin.py:190} INFO - [2025-02-13T19:16:19.523+0000] {dag.py:4180} INFO - Setting next_dagrun for welcome_dag to 2025-02-12 23:00:00+00:00, run_after=2025-02-13 23:00:00+00:00
[2025-02-13T19:16:19.587+0000] {processor.py:208} INFO - Processing /opt/airflow/dags/welcome_dag.py took 0.187 seconds
[2025-02-13T19:16:52.776+0000] {processor.py:186} INFO - Started process (PID=173) to work on /opt/airflow/dags/welcome_dag.py
[2025-02-13T19:16:52.778+0000] {processor.py:914} INFO - Processing file /opt/airflow/dags/welcome_dag.py for tasks to queue
[2025-02-13T19:16:52.782+0000] {logging_mixin.py:190} INFO - [2025-02-13T19:16:52.781+0000] {dagbag.py:588} INFO - Filling up the DagBag from /opt/airflow/dags/welcome_dag.py
[2025-02-13T19:16:52.817+0000] {processor.py:925} INFO - DAG(s) 'welcome_dag' retrieved from /opt/airflow/dags/welcome_dag.py
[2025-02-13T19:16:52.862+0000] {logging_mixin.py:190} INFO - [2025-02-13T19:16:52.862+0000] {dag.py:3239} INFO - Sync 1 DAGs
[2025-02-13T19:16:52.910+0000] {logging_mixin.py:190} INFO - [2025-02-13T19:16:52.909+0000] {dag.py:4180} INFO - Setting next_dagrun for welcome_dag to 2025-02-12 23:00:00+00:00, run_after=2025-02-13 23:00:00+00:00
[2025-02-13T19:16:52.987+0000] {processor.py:208} INFO - Processing /opt/airflow/dags/welcome_dag.py took 0.217 seconds
[2025-02-13T19:17:25.342+0000] {processor.py:186} INFO - Started process (PID=174) to work on /opt/airflow/dags/welcome_dag.py
[2025-02-13T19:17:25.343+0000] {processor.py:914} INFO - Processing file /opt/airflow/dags/welcome_dag.py for tasks to queue
[2025-02-13T19:17:25.346+0000] {logging_mixin.py:190} INFO - [2025-02-13T19:17:25.346+0000] {dagbag.py:588} INFO - Filling up the DagBag from /opt/airflow/dags/welcome_dag.py
[2025-02-13T19:17:25.389+0000] {processor.py:925} INFO - DAG(s) 'welcome_dag' retrieved from /opt/airflow/dags/welcome_dag.py
[2025-02-13T19:17:25.436+0000] {logging_mixin.py:190} INFO - [2025-02-13T19:17:25.435+0000] {dag.py:3239} INFO - Sync 1 DAGs
[2025-02-13T19:17:25.476+0000] {logging_mixin.py:190} INFO - [2025-02-13T19:17:25.475+0000] {dag.py:4180} INFO - Setting next_dagrun for welcome_dag to 2025-02-12 23:00:00+00:00, run_after=2025-02-13 23:00:00+00:00
[2025-02-13T19:17:25.555+0000] {processor.py:208} INFO - Processing /opt/airflow/dags/welcome_dag.py took 0.220 seconds
[2025-02-13T19:17:57.704+0000] {processor.py:186} INFO - Started process (PID=175) to work on /opt/airflow/dags/welcome_dag.py
[2025-02-13T19:17:57.706+0000] {processor.py:914} INFO - Processing file /opt/airflow/dags/welcome_dag.py for tasks to queue
[2025-02-13T19:17:57.708+0000] {logging_mixin.py:190} INFO - [2025-02-13T19:17:57.708+0000] {dagbag.py:588} INFO - Filling up the DagBag from /opt/airflow/dags/welcome_dag.py
[2025-02-13T19:17:57.740+0000] {processor.py:925} INFO - DAG(s) 'welcome_dag' retrieved from /opt/airflow/dags/welcome_dag.py
[2025-02-13T19:17:57.777+0000] {logging_mixin.py:190} INFO - [2025-02-13T19:17:57.777+0000] {dag.py:3239} INFO - Sync 1 DAGs
[2025-02-13T19:17:57.824+0000] {logging_mixin.py:190} INFO - [2025-02-13T19:17:57.823+0000] {dag.py:4180} INFO - Setting next_dagrun for welcome_dag to 2025-02-12 23:00:00+00:00, run_after=2025-02-13 23:00:00+00:00
[2025-02-13T19:17:57.897+0000] {processor.py:208} INFO - Processing /opt/airflow/dags/welcome_dag.py took 0.200 seconds
[2025-02-13T19:18:31.048+0000] {processor.py:186} INFO - Started process (PID=176) to work on /opt/airflow/dags/welcome_dag.py
[2025-02-13T19:18:31.049+0000] {processor.py:914} INFO - Processing file /opt/airflow/dags/welcome_dag.py for tasks to queue
[2025-02-13T19:18:31.052+0000] {logging_mixin.py:190} INFO - [2025-02-13T19:18:31.051+0000] {dagbag.py:588} INFO - Filling up the DagBag from /opt/airflow/dags/welcome_dag.py
[2025-02-13T19:18:31.079+0000] {processor.py:925} INFO - DAG(s) 'welcome_dag' retrieved from /opt/airflow/dags/welcome_dag.py
[2025-02-13T19:18:31.117+0000] {logging_mixin.py:190} INFO - [2025-02-13T19:18:31.117+0000] {dag.py:3239} INFO - Sync 1 DAGs
[2025-02-13T19:18:31.155+0000] {logging_mixin.py:190} INFO - [2025-02-13T19:18:31.154+0000] {dag.py:4180} INFO - Setting next_dagrun for welcome_dag to 2025-02-12 23:00:00+00:00, run_after=2025-02-13 23:00:00+00:00
[2025-02-13T19:18:31.221+0000] {processor.py:208} INFO - Processing /opt/airflow/dags/welcome_dag.py took 0.178 seconds
[2025-02-13T19:19:03.439+0000] {processor.py:186} INFO - Started process (PID=177) to work on /opt/airflow/dags/welcome_dag.py
[2025-02-13T19:19:03.440+0000] {processor.py:914} INFO - Processing file /opt/airflow/dags/welcome_dag.py for tasks to queue
[2025-02-13T19:19:03.443+0000] {logging_mixin.py:190} INFO - [2025-02-13T19:19:03.442+0000] {dagbag.py:588} INFO - Filling up the DagBag from /opt/airflow/dags/welcome_dag.py
[2025-02-13T19:19:03.473+0000] {processor.py:925} INFO - DAG(s) 'welcome_dag' retrieved from /opt/airflow/dags/welcome_dag.py
[2025-02-13T19:19:03.513+0000] {logging_mixin.py:190} INFO - [2025-02-13T19:19:03.513+0000] {dag.py:3239} INFO - Sync 1 DAGs
[2025-02-13T19:19:03.550+0000] {logging_mixin.py:190} INFO - [2025-02-13T19:19:03.549+0000] {dag.py:4180} INFO - Setting next_dagrun for welcome_dag to 2025-02-12 23:00:00+00:00, run_after=2025-02-13 23:00:00+00:00
[2025-02-13T19:19:03.627+0000] {processor.py:208} INFO - Processing /opt/airflow/dags/welcome_dag.py took 0.193 seconds
[2025-02-13T19:19:36.563+0000] {processor.py:186} INFO - Started process (PID=178) to work on /opt/airflow/dags/welcome_dag.py
[2025-02-13T19:19:36.564+0000] {processor.py:914} INFO - Processing file /opt/airflow/dags/welcome_dag.py for tasks to queue
[2025-02-13T19:19:36.571+0000] {logging_mixin.py:190} INFO - [2025-02-13T19:19:36.570+0000] {dagbag.py:588} INFO - Filling up the DagBag from /opt/airflow/dags/welcome_dag.py
[2025-02-13T19:19:36.599+0000] {processor.py:925} INFO - DAG(s) 'welcome_dag' retrieved from /opt/airflow/dags/welcome_dag.py
[2025-02-13T19:19:36.640+0000] {logging_mixin.py:190} INFO - [2025-02-13T19:19:36.639+0000] {dag.py:3239} INFO - Sync 1 DAGs
[2025-02-13T19:19:36.684+0000] {logging_mixin.py:190} INFO - [2025-02-13T19:19:36.683+0000] {dag.py:4180} INFO - Setting next_dagrun for welcome_dag to 2025-02-12 23:00:00+00:00, run_after=2025-02-13 23:00:00+00:00
[2025-02-13T19:19:36.758+0000] {processor.py:208} INFO - Processing /opt/airflow/dags/welcome_dag.py took 0.200 seconds
[2025-02-13T19:20:09.047+0000] {processor.py:186} INFO - Started process (PID=179) to work on /opt/airflow/dags/welcome_dag.py
[2025-02-13T19:20:09.048+0000] {processor.py:914} INFO - Processing file /opt/airflow/dags/welcome_dag.py for tasks to queue
[2025-02-13T19:20:09.050+0000] {logging_mixin.py:190} INFO - [2025-02-13T19:20:09.050+0000] {dagbag.py:588} INFO - Filling up the DagBag from /opt/airflow/dags/welcome_dag.py
[2025-02-13T19:20:09.079+0000] {processor.py:925} INFO - DAG(s) 'welcome_dag' retrieved from /opt/airflow/dags/welcome_dag.py
[2025-02-13T19:20:09.115+0000] {logging_mixin.py:190} INFO - [2025-02-13T19:20:09.114+0000] {dag.py:3239} INFO - Sync 1 DAGs
[2025-02-13T19:20:09.154+0000] {logging_mixin.py:190} INFO - [2025-02-13T19:20:09.154+0000] {dag.py:4180} INFO - Setting next_dagrun for welcome_dag to 2025-02-12 23:00:00+00:00, run_after=2025-02-13 23:00:00+00:00
[2025-02-13T19:20:09.229+0000] {processor.py:208} INFO - Processing /opt/airflow/dags/welcome_dag.py took 0.188 seconds
[2025-02-13T19:20:41.458+0000] {processor.py:186} INFO - Started process (PID=180) to work on /opt/airflow/dags/welcome_dag.py
[2025-02-13T19:20:41.459+0000] {processor.py:914} INFO - Processing file /opt/airflow/dags/welcome_dag.py for tasks to queue
[2025-02-13T19:20:41.462+0000] {logging_mixin.py:190} INFO - [2025-02-13T19:20:41.461+0000] {dagbag.py:588} INFO - Filling up the DagBag from /opt/airflow/dags/welcome_dag.py
[2025-02-13T19:20:41.492+0000] {processor.py:925} INFO - DAG(s) 'welcome_dag' retrieved from /opt/airflow/dags/welcome_dag.py
[2025-02-13T19:20:41.532+0000] {logging_mixin.py:190} INFO - [2025-02-13T19:20:41.532+0000] {dag.py:3239} INFO - Sync 1 DAGs
[2025-02-13T19:20:41.568+0000] {logging_mixin.py:190} INFO - [2025-02-13T19:20:41.568+0000] {dag.py:4180} INFO - Setting next_dagrun for welcome_dag to 2025-02-12 23:00:00+00:00, run_after=2025-02-13 23:00:00+00:00
[2025-02-13T19:20:41.635+0000] {processor.py:208} INFO - Processing /opt/airflow/dags/welcome_dag.py took 0.182 seconds
[2025-02-13T19:21:14.890+0000] {processor.py:186} INFO - Started process (PID=181) to work on /opt/airflow/dags/welcome_dag.py
[2025-02-13T19:21:14.891+0000] {processor.py:914} INFO - Processing file /opt/airflow/dags/welcome_dag.py for tasks to queue
[2025-02-13T19:21:14.894+0000] {logging_mixin.py:190} INFO - [2025-02-13T19:21:14.893+0000] {dagbag.py:588} INFO - Filling up the DagBag from /opt/airflow/dags/welcome_dag.py
[2025-02-13T19:21:14.922+0000] {processor.py:925} INFO - DAG(s) 'welcome_dag' retrieved from /opt/airflow/dags/welcome_dag.py
[2025-02-13T19:21:14.960+0000] {logging_mixin.py:190} INFO - [2025-02-13T19:21:14.959+0000] {dag.py:3239} INFO - Sync 1 DAGs
[2025-02-13T19:21:14.995+0000] {logging_mixin.py:190} INFO - [2025-02-13T19:21:14.995+0000] {dag.py:4180} INFO - Setting next_dagrun for welcome_dag to 2025-02-12 23:00:00+00:00, run_after=2025-02-13 23:00:00+00:00
[2025-02-13T19:21:15.070+0000] {processor.py:208} INFO - Processing /opt/airflow/dags/welcome_dag.py took 0.185 seconds
[2025-02-13T19:21:47.402+0000] {processor.py:186} INFO - Started process (PID=182) to work on /opt/airflow/dags/welcome_dag.py
[2025-02-13T19:21:47.404+0000] {processor.py:914} INFO - Processing file /opt/airflow/dags/welcome_dag.py for tasks to queue
[2025-02-13T19:21:47.409+0000] {logging_mixin.py:190} INFO - [2025-02-13T19:21:47.408+0000] {dagbag.py:588} INFO - Filling up the DagBag from /opt/airflow/dags/welcome_dag.py
[2025-02-13T19:21:47.454+0000] {processor.py:925} INFO - DAG(s) 'welcome_dag' retrieved from /opt/airflow/dags/welcome_dag.py
[2025-02-13T19:21:47.507+0000] {logging_mixin.py:190} INFO - [2025-02-13T19:21:47.506+0000] {dag.py:3239} INFO - Sync 1 DAGs
[2025-02-13T19:21:47.549+0000] {logging_mixin.py:190} INFO - [2025-02-13T19:21:47.549+0000] {dag.py:4180} INFO - Setting next_dagrun for welcome_dag to 2025-02-12 23:00:00+00:00, run_after=2025-02-13 23:00:00+00:00
[2025-02-13T19:21:47.670+0000] {processor.py:208} INFO - Processing /opt/airflow/dags/welcome_dag.py took 0.274 seconds
[2025-02-13T19:22:19.630+0000] {processor.py:186} INFO - Started process (PID=183) to work on /opt/airflow/dags/welcome_dag.py
[2025-02-13T19:22:19.632+0000] {processor.py:914} INFO - Processing file /opt/airflow/dags/welcome_dag.py for tasks to queue
[2025-02-13T19:22:19.635+0000] {logging_mixin.py:190} INFO - [2025-02-13T19:22:19.635+0000] {dagbag.py:588} INFO - Filling up the DagBag from /opt/airflow/dags/welcome_dag.py
[2025-02-13T19:22:19.675+0000] {processor.py:925} INFO - DAG(s) 'welcome_dag' retrieved from /opt/airflow/dags/welcome_dag.py
[2025-02-13T19:22:19.720+0000] {logging_mixin.py:190} INFO - [2025-02-13T19:22:19.720+0000] {dag.py:3239} INFO - Sync 1 DAGs
[2025-02-13T19:22:19.759+0000] {logging_mixin.py:190} INFO - [2025-02-13T19:22:19.759+0000] {dag.py:4180} INFO - Setting next_dagrun for welcome_dag to 2025-02-12 23:00:00+00:00, run_after=2025-02-13 23:00:00+00:00
[2025-02-13T19:22:19.858+0000] {processor.py:208} INFO - Processing /opt/airflow/dags/welcome_dag.py took 0.234 seconds
[2025-02-13T19:22:52.690+0000] {processor.py:186} INFO - Started process (PID=184) to work on /opt/airflow/dags/welcome_dag.py
[2025-02-13T19:22:52.691+0000] {processor.py:914} INFO - Processing file /opt/airflow/dags/welcome_dag.py for tasks to queue
[2025-02-13T19:22:52.693+0000] {logging_mixin.py:190} INFO - [2025-02-13T19:22:52.693+0000] {dagbag.py:588} INFO - Filling up the DagBag from /opt/airflow/dags/welcome_dag.py
[2025-02-13T19:22:52.722+0000] {processor.py:925} INFO - DAG(s) 'welcome_dag' retrieved from /opt/airflow/dags/welcome_dag.py
[2025-02-13T19:22:52.767+0000] {logging_mixin.py:190} INFO - [2025-02-13T19:22:52.766+0000] {dag.py:3239} INFO - Sync 1 DAGs
[2025-02-13T19:22:52.804+0000] {logging_mixin.py:190} INFO - [2025-02-13T19:22:52.804+0000] {dag.py:4180} INFO - Setting next_dagrun for welcome_dag to 2025-02-12 23:00:00+00:00, run_after=2025-02-13 23:00:00+00:00
[2025-02-13T19:22:52.868+0000] {processor.py:208} INFO - Processing /opt/airflow/dags/welcome_dag.py took 0.183 seconds
[2025-02-13T19:23:25.705+0000] {processor.py:186} INFO - Started process (PID=185) to work on /opt/airflow/dags/welcome_dag.py
[2025-02-13T19:23:25.706+0000] {processor.py:914} INFO - Processing file /opt/airflow/dags/welcome_dag.py for tasks to queue
[2025-02-13T19:23:25.709+0000] {logging_mixin.py:190} INFO - [2025-02-13T19:23:25.709+0000] {dagbag.py:588} INFO - Filling up the DagBag from /opt/airflow/dags/welcome_dag.py
[2025-02-13T19:23:25.747+0000] {processor.py:925} INFO - DAG(s) 'welcome_dag' retrieved from /opt/airflow/dags/welcome_dag.py
[2025-02-13T19:23:25.791+0000] {logging_mixin.py:190} INFO - [2025-02-13T19:23:25.789+0000] {dag.py:3239} INFO - Sync 1 DAGs
[2025-02-13T19:23:25.829+0000] {logging_mixin.py:190} INFO - [2025-02-13T19:23:25.829+0000] {dag.py:4180} INFO - Setting next_dagrun for welcome_dag to 2025-02-12 23:00:00+00:00, run_after=2025-02-13 23:00:00+00:00
[2025-02-13T19:23:25.895+0000] {processor.py:208} INFO - Processing /opt/airflow/dags/welcome_dag.py took 0.195 seconds
[2025-02-13T19:23:57.907+0000] {processor.py:186} INFO - Started process (PID=186) to work on /opt/airflow/dags/welcome_dag.py
[2025-02-13T19:23:57.908+0000] {processor.py:914} INFO - Processing file /opt/airflow/dags/welcome_dag.py for tasks to queue
[2025-02-13T19:23:57.911+0000] {logging_mixin.py:190} INFO - [2025-02-13T19:23:57.910+0000] {dagbag.py:588} INFO - Filling up the DagBag from /opt/airflow/dags/welcome_dag.py
[2025-02-13T19:23:57.936+0000] {processor.py:925} INFO - DAG(s) 'welcome_dag' retrieved from /opt/airflow/dags/welcome_dag.py
[2025-02-13T19:23:57.970+0000] {logging_mixin.py:190} INFO - [2025-02-13T19:23:57.970+0000] {dag.py:3239} INFO - Sync 1 DAGs
[2025-02-13T19:23:58.010+0000] {logging_mixin.py:190} INFO - [2025-02-13T19:23:58.009+0000] {dag.py:4180} INFO - Setting next_dagrun for welcome_dag to 2025-02-12 23:00:00+00:00, run_after=2025-02-13 23:00:00+00:00
[2025-02-13T19:23:58.076+0000] {processor.py:208} INFO - Processing /opt/airflow/dags/welcome_dag.py took 0.180 seconds
[2025-02-13T19:24:30.385+0000] {processor.py:186} INFO - Started process (PID=187) to work on /opt/airflow/dags/welcome_dag.py
[2025-02-13T19:24:30.386+0000] {processor.py:914} INFO - Processing file /opt/airflow/dags/welcome_dag.py for tasks to queue
[2025-02-13T19:24:30.395+0000] {logging_mixin.py:190} INFO - [2025-02-13T19:24:30.392+0000] {dagbag.py:588} INFO - Filling up the DagBag from /opt/airflow/dags/welcome_dag.py
[2025-02-13T19:24:30.430+0000] {processor.py:925} INFO - DAG(s) 'welcome_dag' retrieved from /opt/airflow/dags/welcome_dag.py
[2025-02-13T19:24:30.463+0000] {logging_mixin.py:190} INFO - [2025-02-13T19:24:30.462+0000] {dag.py:3239} INFO - Sync 1 DAGs
[2025-02-13T19:24:30.507+0000] {logging_mixin.py:190} INFO - [2025-02-13T19:24:30.507+0000] {dag.py:4180} INFO - Setting next_dagrun for welcome_dag to 2025-02-12 23:00:00+00:00, run_after=2025-02-13 23:00:00+00:00
[2025-02-13T19:24:30.581+0000] {processor.py:208} INFO - Processing /opt/airflow/dags/welcome_dag.py took 0.204 seconds
[2025-02-13T19:25:03.762+0000] {processor.py:186} INFO - Started process (PID=188) to work on /opt/airflow/dags/welcome_dag.py
[2025-02-13T19:25:03.763+0000] {processor.py:914} INFO - Processing file /opt/airflow/dags/welcome_dag.py for tasks to queue
[2025-02-13T19:25:03.766+0000] {logging_mixin.py:190} INFO - [2025-02-13T19:25:03.766+0000] {dagbag.py:588} INFO - Filling up the DagBag from /opt/airflow/dags/welcome_dag.py
[2025-02-13T19:25:03.794+0000] {processor.py:925} INFO - DAG(s) 'welcome_dag' retrieved from /opt/airflow/dags/welcome_dag.py
[2025-02-13T19:25:03.831+0000] {logging_mixin.py:190} INFO - [2025-02-13T19:25:03.831+0000] {dag.py:3239} INFO - Sync 1 DAGs
[2025-02-13T19:25:03.869+0000] {logging_mixin.py:190} INFO - [2025-02-13T19:25:03.869+0000] {dag.py:4180} INFO - Setting next_dagrun for welcome_dag to 2025-02-12 23:00:00+00:00, run_after=2025-02-13 23:00:00+00:00
[2025-02-13T19:25:03.944+0000] {processor.py:208} INFO - Processing /opt/airflow/dags/welcome_dag.py took 0.187 seconds
[2025-02-13T19:25:36.083+0000] {processor.py:186} INFO - Started process (PID=189) to work on /opt/airflow/dags/welcome_dag.py
[2025-02-13T19:25:36.084+0000] {processor.py:914} INFO - Processing file /opt/airflow/dags/welcome_dag.py for tasks to queue
[2025-02-13T19:25:36.086+0000] {logging_mixin.py:190} INFO - [2025-02-13T19:25:36.086+0000] {dagbag.py:588} INFO - Filling up the DagBag from /opt/airflow/dags/welcome_dag.py
[2025-02-13T19:25:36.115+0000] {processor.py:925} INFO - DAG(s) 'welcome_dag' retrieved from /opt/airflow/dags/welcome_dag.py
[2025-02-13T19:25:36.158+0000] {logging_mixin.py:190} INFO - [2025-02-13T19:25:36.158+0000] {dag.py:3239} INFO - Sync 1 DAGs
[2025-02-13T19:25:36.198+0000] {logging_mixin.py:190} INFO - [2025-02-13T19:25:36.198+0000] {dag.py:4180} INFO - Setting next_dagrun for welcome_dag to 2025-02-12 23:00:00+00:00, run_after=2025-02-13 23:00:00+00:00
[2025-02-13T19:25:36.258+0000] {processor.py:208} INFO - Processing /opt/airflow/dags/welcome_dag.py took 0.182 seconds
[2025-02-13T19:26:09.347+0000] {processor.py:186} INFO - Started process (PID=190) to work on /opt/airflow/dags/welcome_dag.py
[2025-02-13T19:26:09.348+0000] {processor.py:914} INFO - Processing file /opt/airflow/dags/welcome_dag.py for tasks to queue
[2025-02-13T19:26:09.351+0000] {logging_mixin.py:190} INFO - [2025-02-13T19:26:09.350+0000] {dagbag.py:588} INFO - Filling up the DagBag from /opt/airflow/dags/welcome_dag.py
[2025-02-13T19:26:09.392+0000] {processor.py:925} INFO - DAG(s) 'welcome_dag' retrieved from /opt/airflow/dags/welcome_dag.py
[2025-02-13T19:26:09.435+0000] {logging_mixin.py:190} INFO - [2025-02-13T19:26:09.435+0000] {dag.py:3239} INFO - Sync 1 DAGs
[2025-02-13T19:26:09.473+0000] {logging_mixin.py:190} INFO - [2025-02-13T19:26:09.473+0000] {dag.py:4180} INFO - Setting next_dagrun for welcome_dag to 2025-02-12 23:00:00+00:00, run_after=2025-02-13 23:00:00+00:00
[2025-02-13T19:26:09.541+0000] {processor.py:208} INFO - Processing /opt/airflow/dags/welcome_dag.py took 0.206 seconds
[2025-02-13T19:26:42.359+0000] {processor.py:186} INFO - Started process (PID=191) to work on /opt/airflow/dags/welcome_dag.py
[2025-02-13T19:26:42.361+0000] {processor.py:914} INFO - Processing file /opt/airflow/dags/welcome_dag.py for tasks to queue
[2025-02-13T19:26:42.363+0000] {logging_mixin.py:190} INFO - [2025-02-13T19:26:42.363+0000] {dagbag.py:588} INFO - Filling up the DagBag from /opt/airflow/dags/welcome_dag.py
[2025-02-13T19:26:42.392+0000] {processor.py:925} INFO - DAG(s) 'welcome_dag' retrieved from /opt/airflow/dags/welcome_dag.py
[2025-02-13T19:26:42.429+0000] {logging_mixin.py:190} INFO - [2025-02-13T19:26:42.428+0000] {dag.py:3239} INFO - Sync 1 DAGs
[2025-02-13T19:26:42.464+0000] {logging_mixin.py:190} INFO - [2025-02-13T19:26:42.463+0000] {dag.py:4180} INFO - Setting next_dagrun for welcome_dag to 2025-02-12 23:00:00+00:00, run_after=2025-02-13 23:00:00+00:00
[2025-02-13T19:26:42.539+0000] {processor.py:208} INFO - Processing /opt/airflow/dags/welcome_dag.py took 0.184 seconds
[2025-02-13T19:27:14.183+0000] {processor.py:186} INFO - Started process (PID=192) to work on /opt/airflow/dags/welcome_dag.py
[2025-02-13T19:27:14.184+0000] {processor.py:914} INFO - Processing file /opt/airflow/dags/welcome_dag.py for tasks to queue
[2025-02-13T19:27:14.186+0000] {logging_mixin.py:190} INFO - [2025-02-13T19:27:14.185+0000] {dagbag.py:588} INFO - Filling up the DagBag from /opt/airflow/dags/welcome_dag.py
[2025-02-13T19:27:14.213+0000] {processor.py:925} INFO - DAG(s) 'welcome_dag' retrieved from /opt/airflow/dags/welcome_dag.py
[2025-02-13T19:27:14.255+0000] {logging_mixin.py:190} INFO - [2025-02-13T19:27:14.255+0000] {dag.py:3239} INFO - Sync 1 DAGs
[2025-02-13T19:27:14.292+0000] {logging_mixin.py:190} INFO - [2025-02-13T19:27:14.292+0000] {dag.py:4180} INFO - Setting next_dagrun for welcome_dag to 2025-02-12 23:00:00+00:00, run_after=2025-02-13 23:00:00+00:00
[2025-02-13T19:27:14.368+0000] {processor.py:208} INFO - Processing /opt/airflow/dags/welcome_dag.py took 0.190 seconds
[2025-02-13T19:27:47.166+0000] {processor.py:186} INFO - Started process (PID=193) to work on /opt/airflow/dags/welcome_dag.py
[2025-02-13T19:27:47.167+0000] {processor.py:914} INFO - Processing file /opt/airflow/dags/welcome_dag.py for tasks to queue
[2025-02-13T19:27:47.169+0000] {logging_mixin.py:190} INFO - [2025-02-13T19:27:47.169+0000] {dagbag.py:588} INFO - Filling up the DagBag from /opt/airflow/dags/welcome_dag.py
[2025-02-13T19:27:47.198+0000] {processor.py:925} INFO - DAG(s) 'welcome_dag' retrieved from /opt/airflow/dags/welcome_dag.py
[2025-02-13T19:27:47.235+0000] {logging_mixin.py:190} INFO - [2025-02-13T19:27:47.235+0000] {dag.py:3239} INFO - Sync 1 DAGs
[2025-02-13T19:27:47.272+0000] {logging_mixin.py:190} INFO - [2025-02-13T19:27:47.272+0000] {dag.py:4180} INFO - Setting next_dagrun for welcome_dag to 2025-02-12 23:00:00+00:00, run_after=2025-02-13 23:00:00+00:00
[2025-02-13T19:27:47.340+0000] {processor.py:208} INFO - Processing /opt/airflow/dags/welcome_dag.py took 0.179 seconds
[2025-02-13T19:28:20.088+0000] {processor.py:186} INFO - Started process (PID=194) to work on /opt/airflow/dags/welcome_dag.py
[2025-02-13T19:28:20.089+0000] {processor.py:914} INFO - Processing file /opt/airflow/dags/welcome_dag.py for tasks to queue
[2025-02-13T19:28:20.093+0000] {logging_mixin.py:190} INFO - [2025-02-13T19:28:20.093+0000] {dagbag.py:588} INFO - Filling up the DagBag from /opt/airflow/dags/welcome_dag.py
[2025-02-13T19:28:20.141+0000] {processor.py:925} INFO - DAG(s) 'welcome_dag' retrieved from /opt/airflow/dags/welcome_dag.py
[2025-02-13T19:28:20.180+0000] {logging_mixin.py:190} INFO - [2025-02-13T19:28:20.178+0000] {dag.py:3239} INFO - Sync 1 DAGs
[2025-02-13T19:28:20.219+0000] {logging_mixin.py:190} INFO - [2025-02-13T19:28:20.219+0000] {dag.py:4180} INFO - Setting next_dagrun for welcome_dag to 2025-02-12 23:00:00+00:00, run_after=2025-02-13 23:00:00+00:00
[2025-02-13T19:28:20.296+0000] {processor.py:208} INFO - Processing /opt/airflow/dags/welcome_dag.py took 0.213 seconds
[2025-02-13T19:28:52.375+0000] {processor.py:186} INFO - Started process (PID=195) to work on /opt/airflow/dags/welcome_dag.py
[2025-02-13T19:28:52.376+0000] {processor.py:914} INFO - Processing file /opt/airflow/dags/welcome_dag.py for tasks to queue
[2025-02-13T19:28:52.380+0000] {logging_mixin.py:190} INFO - [2025-02-13T19:28:52.379+0000] {dagbag.py:588} INFO - Filling up the DagBag from /opt/airflow/dags/welcome_dag.py
[2025-02-13T19:28:52.411+0000] {processor.py:925} INFO - DAG(s) 'welcome_dag' retrieved from /opt/airflow/dags/welcome_dag.py
[2025-02-13T19:28:52.450+0000] {logging_mixin.py:190} INFO - [2025-02-13T19:28:52.450+0000] {dag.py:3239} INFO - Sync 1 DAGs
[2025-02-13T19:28:52.488+0000] {logging_mixin.py:190} INFO - [2025-02-13T19:28:52.488+0000] {dag.py:4180} INFO - Setting next_dagrun for welcome_dag to 2025-02-12 23:00:00+00:00, run_after=2025-02-13 23:00:00+00:00
[2025-02-13T19:28:52.557+0000] {processor.py:208} INFO - Processing /opt/airflow/dags/welcome_dag.py took 0.187 seconds
[2025-02-13T19:29:24.951+0000] {processor.py:186} INFO - Started process (PID=196) to work on /opt/airflow/dags/welcome_dag.py
[2025-02-13T19:29:24.953+0000] {processor.py:914} INFO - Processing file /opt/airflow/dags/welcome_dag.py for tasks to queue
[2025-02-13T19:29:24.956+0000] {logging_mixin.py:190} INFO - [2025-02-13T19:29:24.955+0000] {dagbag.py:588} INFO - Filling up the DagBag from /opt/airflow/dags/welcome_dag.py
[2025-02-13T19:29:24.997+0000] {processor.py:925} INFO - DAG(s) 'welcome_dag' retrieved from /opt/airflow/dags/welcome_dag.py
[2025-02-13T19:29:25.052+0000] {logging_mixin.py:190} INFO - [2025-02-13T19:29:25.051+0000] {dag.py:3239} INFO - Sync 1 DAGs
[2025-02-13T19:29:25.086+0000] {logging_mixin.py:190} INFO - [2025-02-13T19:29:25.086+0000] {dag.py:4180} INFO - Setting next_dagrun for welcome_dag to 2025-02-12 23:00:00+00:00, run_after=2025-02-13 23:00:00+00:00
[2025-02-13T19:29:25.151+0000] {processor.py:208} INFO - Processing /opt/airflow/dags/welcome_dag.py took 0.211 seconds
[2025-02-13T19:29:58.298+0000] {processor.py:186} INFO - Started process (PID=197) to work on /opt/airflow/dags/welcome_dag.py
[2025-02-13T19:29:58.300+0000] {processor.py:914} INFO - Processing file /opt/airflow/dags/welcome_dag.py for tasks to queue
[2025-02-13T19:29:58.302+0000] {logging_mixin.py:190} INFO - [2025-02-13T19:29:58.302+0000] {dagbag.py:588} INFO - Filling up the DagBag from /opt/airflow/dags/welcome_dag.py
[2025-02-13T19:29:58.330+0000] {processor.py:925} INFO - DAG(s) 'welcome_dag' retrieved from /opt/airflow/dags/welcome_dag.py
[2025-02-13T19:29:58.372+0000] {logging_mixin.py:190} INFO - [2025-02-13T19:29:58.371+0000] {dag.py:3239} INFO - Sync 1 DAGs
[2025-02-13T19:29:58.410+0000] {logging_mixin.py:190} INFO - [2025-02-13T19:29:58.410+0000] {dag.py:4180} INFO - Setting next_dagrun for welcome_dag to 2025-02-12 23:00:00+00:00, run_after=2025-02-13 23:00:00+00:00
[2025-02-13T19:29:58.479+0000] {processor.py:208} INFO - Processing /opt/airflow/dags/welcome_dag.py took 0.189 seconds
[2025-02-13T19:30:31.538+0000] {processor.py:186} INFO - Started process (PID=198) to work on /opt/airflow/dags/welcome_dag.py
[2025-02-13T19:30:31.539+0000] {processor.py:914} INFO - Processing file /opt/airflow/dags/welcome_dag.py for tasks to queue
[2025-02-13T19:30:31.542+0000] {logging_mixin.py:190} INFO - [2025-02-13T19:30:31.541+0000] {dagbag.py:588} INFO - Filling up the DagBag from /opt/airflow/dags/welcome_dag.py
[2025-02-13T19:30:31.572+0000] {processor.py:925} INFO - DAG(s) 'welcome_dag' retrieved from /opt/airflow/dags/welcome_dag.py
[2025-02-13T19:30:31.625+0000] {logging_mixin.py:190} INFO - [2025-02-13T19:30:31.625+0000] {dag.py:3239} INFO - Sync 1 DAGs
[2025-02-13T19:30:31.663+0000] {logging_mixin.py:190} INFO - [2025-02-13T19:30:31.663+0000] {dag.py:4180} INFO - Setting next_dagrun for welcome_dag to 2025-02-12 23:00:00+00:00, run_after=2025-02-13 23:00:00+00:00
[2025-02-13T19:30:31.727+0000] {processor.py:208} INFO - Processing /opt/airflow/dags/welcome_dag.py took 0.205 seconds
[2025-02-13T19:31:03.525+0000] {processor.py:186} INFO - Started process (PID=199) to work on /opt/airflow/dags/welcome_dag.py
[2025-02-13T19:31:03.526+0000] {processor.py:914} INFO - Processing file /opt/airflow/dags/welcome_dag.py for tasks to queue
[2025-02-13T19:31:03.528+0000] {logging_mixin.py:190} INFO - [2025-02-13T19:31:03.528+0000] {dagbag.py:588} INFO - Filling up the DagBag from /opt/airflow/dags/welcome_dag.py
[2025-02-13T19:31:03.560+0000] {processor.py:925} INFO - DAG(s) 'welcome_dag' retrieved from /opt/airflow/dags/welcome_dag.py
[2025-02-13T19:31:03.599+0000] {logging_mixin.py:190} INFO - [2025-02-13T19:31:03.599+0000] {dag.py:3239} INFO - Sync 1 DAGs
[2025-02-13T19:31:03.636+0000] {logging_mixin.py:190} INFO - [2025-02-13T19:31:03.635+0000] {dag.py:4180} INFO - Setting next_dagrun for welcome_dag to 2025-02-12 23:00:00+00:00, run_after=2025-02-13 23:00:00+00:00
[2025-02-13T19:31:03.696+0000] {processor.py:208} INFO - Processing /opt/airflow/dags/welcome_dag.py took 0.179 seconds
[2025-02-13T19:31:36.476+0000] {processor.py:186} INFO - Started process (PID=200) to work on /opt/airflow/dags/welcome_dag.py
[2025-02-13T19:31:36.477+0000] {processor.py:914} INFO - Processing file /opt/airflow/dags/welcome_dag.py for tasks to queue
[2025-02-13T19:31:36.480+0000] {logging_mixin.py:190} INFO - [2025-02-13T19:31:36.479+0000] {dagbag.py:588} INFO - Filling up the DagBag from /opt/airflow/dags/welcome_dag.py
[2025-02-13T19:31:36.509+0000] {processor.py:925} INFO - DAG(s) 'welcome_dag' retrieved from /opt/airflow/dags/welcome_dag.py
[2025-02-13T19:31:36.548+0000] {logging_mixin.py:190} INFO - [2025-02-13T19:31:36.548+0000] {dag.py:3239} INFO - Sync 1 DAGs
[2025-02-13T19:31:36.586+0000] {logging_mixin.py:190} INFO - [2025-02-13T19:31:36.585+0000] {dag.py:4180} INFO - Setting next_dagrun for welcome_dag to 2025-02-12 23:00:00+00:00, run_after=2025-02-13 23:00:00+00:00
[2025-02-13T19:31:36.659+0000] {processor.py:208} INFO - Processing /opt/airflow/dags/welcome_dag.py took 0.189 seconds
[2025-02-13T19:32:08.829+0000] {processor.py:186} INFO - Started process (PID=201) to work on /opt/airflow/dags/welcome_dag.py
[2025-02-13T19:32:08.831+0000] {processor.py:914} INFO - Processing file /opt/airflow/dags/welcome_dag.py for tasks to queue
[2025-02-13T19:32:08.834+0000] {logging_mixin.py:190} INFO - [2025-02-13T19:32:08.833+0000] {dagbag.py:588} INFO - Filling up the DagBag from /opt/airflow/dags/welcome_dag.py
[2025-02-13T19:32:08.866+0000] {processor.py:925} INFO - DAG(s) 'welcome_dag' retrieved from /opt/airflow/dags/welcome_dag.py
[2025-02-13T19:32:08.906+0000] {logging_mixin.py:190} INFO - [2025-02-13T19:32:08.906+0000] {dag.py:3239} INFO - Sync 1 DAGs
[2025-02-13T19:32:08.947+0000] {logging_mixin.py:190} INFO - [2025-02-13T19:32:08.947+0000] {dag.py:4180} INFO - Setting next_dagrun for welcome_dag to 2025-02-12 23:00:00+00:00, run_after=2025-02-13 23:00:00+00:00
[2025-02-13T19:32:09.025+0000] {processor.py:208} INFO - Processing /opt/airflow/dags/welcome_dag.py took 0.202 seconds
[2025-02-13T19:32:42.221+0000] {processor.py:186} INFO - Started process (PID=202) to work on /opt/airflow/dags/welcome_dag.py
[2025-02-13T19:32:42.222+0000] {processor.py:914} INFO - Processing file /opt/airflow/dags/welcome_dag.py for tasks to queue
[2025-02-13T19:32:42.229+0000] {logging_mixin.py:190} INFO - [2025-02-13T19:32:42.229+0000] {dagbag.py:588} INFO - Filling up the DagBag from /opt/airflow/dags/welcome_dag.py
[2025-02-13T19:32:42.275+0000] {processor.py:925} INFO - DAG(s) 'welcome_dag' retrieved from /opt/airflow/dags/welcome_dag.py
[2025-02-13T19:32:42.318+0000] {logging_mixin.py:190} INFO - [2025-02-13T19:32:42.317+0000] {dag.py:3239} INFO - Sync 1 DAGs
[2025-02-13T19:32:42.351+0000] {logging_mixin.py:190} INFO - [2025-02-13T19:32:42.351+0000] {dag.py:4180} INFO - Setting next_dagrun for welcome_dag to 2025-02-12 23:00:00+00:00, run_after=2025-02-13 23:00:00+00:00
[2025-02-13T19:32:42.424+0000] {processor.py:208} INFO - Processing /opt/airflow/dags/welcome_dag.py took 0.208 seconds
[2025-02-13T19:33:14.779+0000] {processor.py:186} INFO - Started process (PID=203) to work on /opt/airflow/dags/welcome_dag.py
[2025-02-13T19:33:14.780+0000] {processor.py:914} INFO - Processing file /opt/airflow/dags/welcome_dag.py for tasks to queue
[2025-02-13T19:33:14.783+0000] {logging_mixin.py:190} INFO - [2025-02-13T19:33:14.782+0000] {dagbag.py:588} INFO - Filling up the DagBag from /opt/airflow/dags/welcome_dag.py
[2025-02-13T19:33:14.812+0000] {processor.py:925} INFO - DAG(s) 'welcome_dag' retrieved from /opt/airflow/dags/welcome_dag.py
[2025-02-13T19:33:14.851+0000] {logging_mixin.py:190} INFO - [2025-02-13T19:33:14.851+0000] {dag.py:3239} INFO - Sync 1 DAGs
[2025-02-13T19:33:14.892+0000] {logging_mixin.py:190} INFO - [2025-02-13T19:33:14.892+0000] {dag.py:4180} INFO - Setting next_dagrun for welcome_dag to 2025-02-12 23:00:00+00:00, run_after=2025-02-13 23:00:00+00:00
[2025-02-13T19:33:14.951+0000] {processor.py:208} INFO - Processing /opt/airflow/dags/welcome_dag.py took 0.177 seconds
[2025-02-13T19:33:47.179+0000] {processor.py:186} INFO - Started process (PID=204) to work on /opt/airflow/dags/welcome_dag.py
[2025-02-13T19:33:47.180+0000] {processor.py:914} INFO - Processing file /opt/airflow/dags/welcome_dag.py for tasks to queue
[2025-02-13T19:33:47.183+0000] {logging_mixin.py:190} INFO - [2025-02-13T19:33:47.183+0000] {dagbag.py:588} INFO - Filling up the DagBag from /opt/airflow/dags/welcome_dag.py
[2025-02-13T19:33:47.206+0000] {processor.py:925} INFO - DAG(s) 'welcome_dag' retrieved from /opt/airflow/dags/welcome_dag.py
[2025-02-13T19:33:47.233+0000] {logging_mixin.py:190} INFO - [2025-02-13T19:33:47.233+0000] {dag.py:3239} INFO - Sync 1 DAGs
[2025-02-13T19:33:47.266+0000] {logging_mixin.py:190} INFO - [2025-02-13T19:33:47.266+0000] {dag.py:4180} INFO - Setting next_dagrun for welcome_dag to 2025-02-12 23:00:00+00:00, run_after=2025-02-13 23:00:00+00:00
[2025-02-13T19:33:47.331+0000] {processor.py:208} INFO - Processing /opt/airflow/dags/welcome_dag.py took 0.159 seconds
[2025-02-13T19:34:19.555+0000] {processor.py:186} INFO - Started process (PID=205) to work on /opt/airflow/dags/welcome_dag.py
[2025-02-13T19:34:19.556+0000] {processor.py:914} INFO - Processing file /opt/airflow/dags/welcome_dag.py for tasks to queue
[2025-02-13T19:34:19.559+0000] {logging_mixin.py:190} INFO - [2025-02-13T19:34:19.558+0000] {dagbag.py:588} INFO - Filling up the DagBag from /opt/airflow/dags/welcome_dag.py
[2025-02-13T19:34:19.580+0000] {processor.py:925} INFO - DAG(s) 'welcome_dag' retrieved from /opt/airflow/dags/welcome_dag.py
[2025-02-13T19:34:19.610+0000] {logging_mixin.py:190} INFO - [2025-02-13T19:34:19.609+0000] {dag.py:3239} INFO - Sync 1 DAGs
[2025-02-13T19:34:19.643+0000] {logging_mixin.py:190} INFO - [2025-02-13T19:34:19.642+0000] {dag.py:4180} INFO - Setting next_dagrun for welcome_dag to 2025-02-12 23:00:00+00:00, run_after=2025-02-13 23:00:00+00:00
[2025-02-13T19:34:19.704+0000] {processor.py:208} INFO - Processing /opt/airflow/dags/welcome_dag.py took 0.154 seconds
[2025-02-13T19:34:53.097+0000] {processor.py:186} INFO - Started process (PID=206) to work on /opt/airflow/dags/welcome_dag.py
[2025-02-13T19:34:53.099+0000] {processor.py:914} INFO - Processing file /opt/airflow/dags/welcome_dag.py for tasks to queue
[2025-02-13T19:34:53.101+0000] {logging_mixin.py:190} INFO - [2025-02-13T19:34:53.101+0000] {dagbag.py:588} INFO - Filling up the DagBag from /opt/airflow/dags/welcome_dag.py
[2025-02-13T19:34:53.131+0000] {processor.py:925} INFO - DAG(s) 'welcome_dag' retrieved from /opt/airflow/dags/welcome_dag.py
[2025-02-13T19:34:53.168+0000] {logging_mixin.py:190} INFO - [2025-02-13T19:34:53.168+0000] {dag.py:3239} INFO - Sync 1 DAGs
[2025-02-13T19:34:53.202+0000] {logging_mixin.py:190} INFO - [2025-02-13T19:34:53.202+0000] {dag.py:4180} INFO - Setting next_dagrun for welcome_dag to 2025-02-12 23:00:00+00:00, run_after=2025-02-13 23:00:00+00:00
[2025-02-13T19:34:53.298+0000] {processor.py:208} INFO - Processing /opt/airflow/dags/welcome_dag.py took 0.208 seconds
[2025-02-13T19:35:25.298+0000] {processor.py:186} INFO - Started process (PID=214) to work on /opt/airflow/dags/welcome_dag.py
[2025-02-13T19:35:25.299+0000] {processor.py:914} INFO - Processing file /opt/airflow/dags/welcome_dag.py for tasks to queue
[2025-02-13T19:35:25.302+0000] {logging_mixin.py:190} INFO - [2025-02-13T19:35:25.301+0000] {dagbag.py:588} INFO - Filling up the DagBag from /opt/airflow/dags/welcome_dag.py
[2025-02-13T19:35:25.325+0000] {processor.py:925} INFO - DAG(s) 'welcome_dag' retrieved from /opt/airflow/dags/welcome_dag.py
[2025-02-13T19:35:25.354+0000] {logging_mixin.py:190} INFO - [2025-02-13T19:35:25.354+0000] {dag.py:3239} INFO - Sync 1 DAGs
[2025-02-13T19:35:25.384+0000] {logging_mixin.py:190} INFO - [2025-02-13T19:35:25.384+0000] {dag.py:4180} INFO - Setting next_dagrun for welcome_dag to 2025-02-12 23:00:00+00:00, run_after=2025-02-13 23:00:00+00:00
[2025-02-13T19:35:25.434+0000] {processor.py:208} INFO - Processing /opt/airflow/dags/welcome_dag.py took 0.142 seconds
[2025-02-13T19:35:58.379+0000] {processor.py:186} INFO - Started process (PID=217) to work on /opt/airflow/dags/welcome_dag.py
[2025-02-13T19:35:58.381+0000] {processor.py:914} INFO - Processing file /opt/airflow/dags/welcome_dag.py for tasks to queue
[2025-02-13T19:35:58.383+0000] {logging_mixin.py:190} INFO - [2025-02-13T19:35:58.383+0000] {dagbag.py:588} INFO - Filling up the DagBag from /opt/airflow/dags/welcome_dag.py
[2025-02-13T19:35:58.412+0000] {processor.py:925} INFO - DAG(s) 'welcome_dag' retrieved from /opt/airflow/dags/welcome_dag.py
[2025-02-13T19:35:58.446+0000] {logging_mixin.py:190} INFO - [2025-02-13T19:35:58.446+0000] {dag.py:3239} INFO - Sync 1 DAGs
[2025-02-13T19:35:58.476+0000] {logging_mixin.py:190} INFO - [2025-02-13T19:35:58.476+0000] {dag.py:4180} INFO - Setting next_dagrun for welcome_dag to 2025-02-12 23:00:00+00:00, run_after=2025-02-13 23:00:00+00:00
[2025-02-13T19:35:58.529+0000] {processor.py:208} INFO - Processing /opt/airflow/dags/welcome_dag.py took 0.161 seconds
[2025-02-13T19:36:30.890+0000] {processor.py:186} INFO - Started process (PID=230) to work on /opt/airflow/dags/welcome_dag.py
[2025-02-13T19:36:30.891+0000] {processor.py:914} INFO - Processing file /opt/airflow/dags/welcome_dag.py for tasks to queue
[2025-02-13T19:36:30.894+0000] {logging_mixin.py:190} INFO - [2025-02-13T19:36:30.893+0000] {dagbag.py:588} INFO - Filling up the DagBag from /opt/airflow/dags/welcome_dag.py
[2025-02-13T19:36:30.927+0000] {processor.py:925} INFO - DAG(s) 'welcome_dag' retrieved from /opt/airflow/dags/welcome_dag.py
[2025-02-13T19:36:30.956+0000] {logging_mixin.py:190} INFO - [2025-02-13T19:36:30.955+0000] {dag.py:3239} INFO - Sync 1 DAGs
[2025-02-13T19:36:30.989+0000] {logging_mixin.py:190} INFO - [2025-02-13T19:36:30.989+0000] {dag.py:4180} INFO - Setting next_dagrun for welcome_dag to 2025-02-12 23:00:00+00:00, run_after=2025-02-13 23:00:00+00:00
[2025-02-13T19:36:31.044+0000] {processor.py:208} INFO - Processing /opt/airflow/dags/welcome_dag.py took 0.159 seconds
[2025-02-13T19:37:03.219+0000] {processor.py:186} INFO - Started process (PID=231) to work on /opt/airflow/dags/welcome_dag.py
[2025-02-13T19:37:03.221+0000] {processor.py:914} INFO - Processing file /opt/airflow/dags/welcome_dag.py for tasks to queue
[2025-02-13T19:37:03.224+0000] {logging_mixin.py:190} INFO - [2025-02-13T19:37:03.224+0000] {dagbag.py:588} INFO - Filling up the DagBag from /opt/airflow/dags/welcome_dag.py
[2025-02-13T19:37:03.253+0000] {processor.py:925} INFO - DAG(s) 'welcome_dag' retrieved from /opt/airflow/dags/welcome_dag.py
[2025-02-13T19:37:03.288+0000] {logging_mixin.py:190} INFO - [2025-02-13T19:37:03.288+0000] {dag.py:3239} INFO - Sync 1 DAGs
[2025-02-13T19:37:03.319+0000] {logging_mixin.py:190} INFO - [2025-02-13T19:37:03.318+0000] {dag.py:4180} INFO - Setting next_dagrun for welcome_dag to 2025-02-12 23:00:00+00:00, run_after=2025-02-13 23:00:00+00:00
[2025-02-13T19:37:03.390+0000] {processor.py:208} INFO - Processing /opt/airflow/dags/welcome_dag.py took 0.177 seconds
[2025-02-13T19:37:42.953+0000] {processor.py:186} INFO - Started process (PID=56) to work on /opt/airflow/dags/welcome_dag.py
[2025-02-13T19:37:42.955+0000] {processor.py:914} INFO - Processing file /opt/airflow/dags/welcome_dag.py for tasks to queue
[2025-02-13T19:37:42.957+0000] {logging_mixin.py:190} INFO - [2025-02-13T19:37:42.957+0000] {dagbag.py:588} INFO - Filling up the DagBag from /opt/airflow/dags/welcome_dag.py
[2025-02-13T19:37:43.000+0000] {processor.py:925} INFO - DAG(s) 'welcome_dag' retrieved from /opt/airflow/dags/welcome_dag.py
[2025-02-13T19:37:43.062+0000] {logging_mixin.py:190} INFO - [2025-02-13T19:37:43.062+0000] {dag.py:3239} INFO - Sync 1 DAGs
[2025-02-13T19:37:43.114+0000] {logging_mixin.py:190} INFO - [2025-02-13T19:37:43.113+0000] {dag.py:4180} INFO - Setting next_dagrun for welcome_dag to 2025-02-12 23:00:00+00:00, run_after=2025-02-13 23:00:00+00:00
[2025-02-13T19:37:43.180+0000] {processor.py:208} INFO - Processing /opt/airflow/dags/welcome_dag.py took 0.233 seconds
[2025-02-13T19:38:13.390+0000] {processor.py:186} INFO - Started process (PID=77) to work on /opt/airflow/dags/welcome_dag.py
[2025-02-13T19:38:13.391+0000] {processor.py:914} INFO - Processing file /opt/airflow/dags/welcome_dag.py for tasks to queue
[2025-02-13T19:38:13.394+0000] {logging_mixin.py:190} INFO - [2025-02-13T19:38:13.394+0000] {dagbag.py:588} INFO - Filling up the DagBag from /opt/airflow/dags/welcome_dag.py
[2025-02-13T19:38:13.422+0000] {processor.py:925} INFO - DAG(s) 'welcome_dag' retrieved from /opt/airflow/dags/welcome_dag.py
[2025-02-13T19:38:13.460+0000] {logging_mixin.py:190} INFO - [2025-02-13T19:38:13.460+0000] {dag.py:3239} INFO - Sync 1 DAGs
[2025-02-13T19:38:13.493+0000] {logging_mixin.py:190} INFO - [2025-02-13T19:38:13.493+0000] {dag.py:4180} INFO - Setting next_dagrun for welcome_dag to 2025-02-12 23:00:00+00:00, run_after=2025-02-13 23:00:00+00:00
[2025-02-13T19:38:13.549+0000] {processor.py:208} INFO - Processing /opt/airflow/dags/welcome_dag.py took 0.166 seconds
[2025-02-13T19:38:44.112+0000] {processor.py:186} INFO - Started process (PID=78) to work on /opt/airflow/dags/welcome_dag.py
[2025-02-13T19:38:44.114+0000] {processor.py:914} INFO - Processing file /opt/airflow/dags/welcome_dag.py for tasks to queue
[2025-02-13T19:38:44.117+0000] {logging_mixin.py:190} INFO - [2025-02-13T19:38:44.117+0000] {dagbag.py:588} INFO - Filling up the DagBag from /opt/airflow/dags/welcome_dag.py
[2025-02-13T19:38:44.153+0000] {processor.py:925} INFO - DAG(s) 'welcome_dag' retrieved from /opt/airflow/dags/welcome_dag.py
[2025-02-13T19:38:44.187+0000] {logging_mixin.py:190} INFO - [2025-02-13T19:38:44.187+0000] {dag.py:3239} INFO - Sync 1 DAGs
[2025-02-13T19:38:44.223+0000] {logging_mixin.py:190} INFO - [2025-02-13T19:38:44.223+0000] {dag.py:4180} INFO - Setting next_dagrun for welcome_dag to 2025-02-12 23:00:00+00:00, run_after=2025-02-13 23:00:00+00:00
[2025-02-13T19:38:44.300+0000] {processor.py:208} INFO - Processing /opt/airflow/dags/welcome_dag.py took 0.194 seconds
[2025-02-13T19:39:15.399+0000] {processor.py:186} INFO - Started process (PID=79) to work on /opt/airflow/dags/welcome_dag.py
[2025-02-13T19:39:15.401+0000] {processor.py:914} INFO - Processing file /opt/airflow/dags/welcome_dag.py for tasks to queue
[2025-02-13T19:39:15.404+0000] {logging_mixin.py:190} INFO - [2025-02-13T19:39:15.404+0000] {dagbag.py:588} INFO - Filling up the DagBag from /opt/airflow/dags/welcome_dag.py
[2025-02-13T19:39:15.436+0000] {processor.py:925} INFO - DAG(s) 'welcome_dag' retrieved from /opt/airflow/dags/welcome_dag.py
[2025-02-13T19:39:15.473+0000] {logging_mixin.py:190} INFO - [2025-02-13T19:39:15.472+0000] {dag.py:3239} INFO - Sync 1 DAGs
[2025-02-13T19:39:15.510+0000] {logging_mixin.py:190} INFO - [2025-02-13T19:39:15.510+0000] {dag.py:4180} INFO - Setting next_dagrun for welcome_dag to 2025-02-12 23:00:00+00:00, run_after=2025-02-13 23:00:00+00:00
[2025-02-13T19:39:15.576+0000] {processor.py:208} INFO - Processing /opt/airflow/dags/welcome_dag.py took 0.185 seconds
[2025-02-13T19:39:47.458+0000] {processor.py:186} INFO - Started process (PID=80) to work on /opt/airflow/dags/welcome_dag.py
[2025-02-13T19:39:47.460+0000] {processor.py:914} INFO - Processing file /opt/airflow/dags/welcome_dag.py for tasks to queue
[2025-02-13T19:39:47.463+0000] {logging_mixin.py:190} INFO - [2025-02-13T19:39:47.462+0000] {dagbag.py:588} INFO - Filling up the DagBag from /opt/airflow/dags/welcome_dag.py
[2025-02-13T19:39:47.509+0000] {processor.py:925} INFO - DAG(s) 'welcome_dag' retrieved from /opt/airflow/dags/welcome_dag.py
[2025-02-13T19:39:47.677+0000] {logging_mixin.py:190} INFO - [2025-02-13T19:39:47.677+0000] {dag.py:3239} INFO - Sync 1 DAGs
[2025-02-13T19:39:47.709+0000] {logging_mixin.py:190} INFO - [2025-02-13T19:39:47.709+0000] {dag.py:4180} INFO - Setting next_dagrun for welcome_dag to 2025-02-13 19:38:00+00:00, run_after=2025-02-13 19:39:00+00:00
[2025-02-13T19:39:47.785+0000] {processor.py:208} INFO - Processing /opt/airflow/dags/welcome_dag.py took 0.333 seconds
[2025-02-13T19:40:00.717+0000] {processor.py:186} INFO - Started process (PID=98) to work on /opt/airflow/dags/welcome_dag.py
[2025-02-13T19:40:00.718+0000] {processor.py:914} INFO - Processing file /opt/airflow/dags/welcome_dag.py for tasks to queue
[2025-02-13T19:40:00.721+0000] {logging_mixin.py:190} INFO - [2025-02-13T19:40:00.720+0000] {dagbag.py:588} INFO - Filling up the DagBag from /opt/airflow/dags/welcome_dag.py
[2025-02-13T19:40:00.747+0000] {processor.py:925} INFO - DAG(s) 'welcome_dag' retrieved from /opt/airflow/dags/welcome_dag.py
[2025-02-13T19:40:00.767+0000] {logging_mixin.py:190} INFO - [2025-02-13T19:40:00.767+0000] {dag.py:3239} INFO - Sync 1 DAGs
[2025-02-13T19:40:00.807+0000] {logging_mixin.py:190} INFO - [2025-02-13T19:40:00.806+0000] {dag.py:4180} INFO - Setting next_dagrun for welcome_dag to 2025-02-13 19:39:00+00:00, run_after=2025-02-13 19:40:00+00:00
[2025-02-13T19:40:00.879+0000] {processor.py:208} INFO - Processing /opt/airflow/dags/welcome_dag.py took 0.167 seconds
[2025-02-13T19:40:19.784+0000] {processor.py:186} INFO - Started process (PID=99) to work on /opt/airflow/dags/welcome_dag.py
[2025-02-13T19:40:19.786+0000] {processor.py:914} INFO - Processing file /opt/airflow/dags/welcome_dag.py for tasks to queue
[2025-02-13T19:40:19.789+0000] {logging_mixin.py:190} INFO - [2025-02-13T19:40:19.789+0000] {dagbag.py:588} INFO - Filling up the DagBag from /opt/airflow/dags/welcome_dag.py
[2025-02-13T19:40:19.819+0000] {processor.py:925} INFO - DAG(s) 'welcome_dag' retrieved from /opt/airflow/dags/welcome_dag.py
[2025-02-13T19:40:19.859+0000] {logging_mixin.py:190} INFO - [2025-02-13T19:40:19.859+0000] {dag.py:3239} INFO - Sync 1 DAGs
[2025-02-13T19:40:19.898+0000] {logging_mixin.py:190} INFO - [2025-02-13T19:40:19.898+0000] {dag.py:4180} INFO - Setting next_dagrun for welcome_dag to 2025-02-13 19:39:00+00:00, run_after=2025-02-13 19:40:00+00:00
[2025-02-13T19:40:19.983+0000] {processor.py:208} INFO - Processing /opt/airflow/dags/welcome_dag.py took 0.204 seconds
[2025-02-13T19:40:31.010+0000] {processor.py:186} INFO - Started process (PID=100) to work on /opt/airflow/dags/welcome_dag.py
[2025-02-13T19:40:31.011+0000] {processor.py:914} INFO - Processing file /opt/airflow/dags/welcome_dag.py for tasks to queue
[2025-02-13T19:40:31.013+0000] {logging_mixin.py:190} INFO - [2025-02-13T19:40:31.013+0000] {dagbag.py:588} INFO - Filling up the DagBag from /opt/airflow/dags/welcome_dag.py
[2025-02-13T19:40:31.043+0000] {processor.py:925} INFO - DAG(s) 'welcome_dag' retrieved from /opt/airflow/dags/welcome_dag.py
[2025-02-13T19:40:31.077+0000] {logging_mixin.py:190} INFO - [2025-02-13T19:40:31.077+0000] {dag.py:3239} INFO - Sync 1 DAGs
[2025-02-13T19:40:31.114+0000] {logging_mixin.py:190} INFO - [2025-02-13T19:40:31.114+0000] {dag.py:4180} INFO - Setting next_dagrun for welcome_dag to 2025-02-13 19:39:00+00:00, run_after=2025-02-13 19:40:00+00:00
[2025-02-13T19:40:31.176+0000] {processor.py:208} INFO - Processing /opt/airflow/dags/welcome_dag.py took 0.175 seconds
[2025-02-13T19:40:53.035+0000] {processor.py:186} INFO - Started process (PID=101) to work on /opt/airflow/dags/welcome_dag.py
[2025-02-13T19:40:53.036+0000] {processor.py:914} INFO - Processing file /opt/airflow/dags/welcome_dag.py for tasks to queue
[2025-02-13T19:40:53.038+0000] {logging_mixin.py:190} INFO - [2025-02-13T19:40:53.038+0000] {dagbag.py:588} INFO - Filling up the DagBag from /opt/airflow/dags/welcome_dag.py
[2025-02-13T19:40:53.060+0000] {processor.py:925} INFO - DAG(s) 'welcome_dag' retrieved from /opt/airflow/dags/welcome_dag.py
[2025-02-13T19:40:53.098+0000] {logging_mixin.py:190} INFO - [2025-02-13T19:40:53.097+0000] {dag.py:3239} INFO - Sync 1 DAGs
[2025-02-13T19:40:53.133+0000] {logging_mixin.py:190} INFO - [2025-02-13T19:40:53.133+0000] {dag.py:4180} INFO - Setting next_dagrun for welcome_dag to 2025-02-13 19:39:00+00:00, run_after=2025-02-13 19:40:00+00:00
[2025-02-13T19:40:53.206+0000] {processor.py:208} INFO - Processing /opt/airflow/dags/welcome_dag.py took 0.175 seconds
[2025-02-13T19:41:25.076+0000] {processor.py:186} INFO - Started process (PID=111) to work on /opt/airflow/dags/welcome_dag.py
[2025-02-13T19:41:25.078+0000] {processor.py:914} INFO - Processing file /opt/airflow/dags/welcome_dag.py for tasks to queue
[2025-02-13T19:41:25.080+0000] {logging_mixin.py:190} INFO - [2025-02-13T19:41:25.080+0000] {dagbag.py:588} INFO - Filling up the DagBag from /opt/airflow/dags/welcome_dag.py
[2025-02-13T19:41:25.121+0000] {processor.py:925} INFO - DAG(s) 'welcome_dag' retrieved from /opt/airflow/dags/welcome_dag.py
[2025-02-13T19:41:25.160+0000] {logging_mixin.py:190} INFO - [2025-02-13T19:41:25.160+0000] {dag.py:3239} INFO - Sync 1 DAGs
[2025-02-13T19:41:25.196+0000] {logging_mixin.py:190} INFO - [2025-02-13T19:41:25.196+0000] {dag.py:4180} INFO - Setting next_dagrun for welcome_dag to 2025-02-13 19:40:00+00:00, run_after=2025-02-13 19:41:00+00:00
[2025-02-13T19:41:25.260+0000] {processor.py:208} INFO - Processing /opt/airflow/dags/welcome_dag.py took 0.190 seconds
[2025-02-13T19:41:58.095+0000] {processor.py:186} INFO - Started process (PID=112) to work on /opt/airflow/dags/welcome_dag.py
[2025-02-13T19:41:58.096+0000] {processor.py:914} INFO - Processing file /opt/airflow/dags/welcome_dag.py for tasks to queue
[2025-02-13T19:41:58.098+0000] {logging_mixin.py:190} INFO - [2025-02-13T19:41:58.097+0000] {dagbag.py:588} INFO - Filling up the DagBag from /opt/airflow/dags/welcome_dag.py
[2025-02-13T19:41:58.121+0000] {processor.py:925} INFO - DAG(s) 'welcome_dag' retrieved from /opt/airflow/dags/welcome_dag.py
[2025-02-13T19:41:58.148+0000] {logging_mixin.py:190} INFO - [2025-02-13T19:41:58.148+0000] {dag.py:3239} INFO - Sync 1 DAGs
[2025-02-13T19:41:58.185+0000] {logging_mixin.py:190} INFO - [2025-02-13T19:41:58.185+0000] {dag.py:4180} INFO - Setting next_dagrun for welcome_dag to 2025-02-13 19:40:00+00:00, run_after=2025-02-13 19:41:00+00:00
[2025-02-13T19:41:58.247+0000] {processor.py:208} INFO - Processing /opt/airflow/dags/welcome_dag.py took 0.158 seconds
[2025-02-13T19:42:40.827+0000] {processor.py:186} INFO - Started process (PID=168) to work on /opt/airflow/dags/welcome_dag.py
[2025-02-13T19:42:40.828+0000] {processor.py:914} INFO - Processing file /opt/airflow/dags/welcome_dag.py for tasks to queue
[2025-02-13T19:42:40.830+0000] {logging_mixin.py:190} INFO - [2025-02-13T19:42:40.830+0000] {dagbag.py:588} INFO - Filling up the DagBag from /opt/airflow/dags/welcome_dag.py
[2025-02-13T19:42:40.856+0000] {processor.py:925} INFO - DAG(s) 'welcome_dag' retrieved from /opt/airflow/dags/welcome_dag.py
[2025-02-13T19:42:40.891+0000] {logging_mixin.py:190} INFO - [2025-02-13T19:42:40.891+0000] {dag.py:3239} INFO - Sync 1 DAGs
[2025-02-13T19:42:40.954+0000] {logging_mixin.py:190} INFO - [2025-02-13T19:42:40.954+0000] {dag.py:4180} INFO - Setting next_dagrun for welcome_dag to 2025-02-13 19:42:00+00:00, run_after=2025-02-13 19:43:00+00:00
[2025-02-13T19:42:41.043+0000] {processor.py:208} INFO - Processing /opt/airflow/dags/welcome_dag.py took 0.222 seconds
[2025-02-13T19:43:12.408+0000] {processor.py:186} INFO - Started process (PID=202) to work on /opt/airflow/dags/welcome_dag.py
[2025-02-13T19:43:12.409+0000] {processor.py:914} INFO - Processing file /opt/airflow/dags/welcome_dag.py for tasks to queue
[2025-02-13T19:43:12.412+0000] {logging_mixin.py:190} INFO - [2025-02-13T19:43:12.412+0000] {dagbag.py:588} INFO - Filling up the DagBag from /opt/airflow/dags/welcome_dag.py
[2025-02-13T19:43:12.442+0000] {processor.py:925} INFO - DAG(s) 'welcome_dag' retrieved from /opt/airflow/dags/welcome_dag.py
[2025-02-13T19:43:12.490+0000] {logging_mixin.py:190} INFO - [2025-02-13T19:43:12.489+0000] {dag.py:3239} INFO - Sync 1 DAGs
[2025-02-13T19:43:12.525+0000] {logging_mixin.py:190} INFO - [2025-02-13T19:43:12.525+0000] {dag.py:4180} INFO - Setting next_dagrun for welcome_dag to 2025-02-13 19:43:00+00:00, run_after=2025-02-13 19:44:00+00:00
[2025-02-13T19:43:12.577+0000] {processor.py:208} INFO - Processing /opt/airflow/dags/welcome_dag.py took 0.176 seconds
[2025-02-13T19:43:42.883+0000] {processor.py:186} INFO - Started process (PID=203) to work on /opt/airflow/dags/welcome_dag.py
[2025-02-13T19:43:42.884+0000] {processor.py:914} INFO - Processing file /opt/airflow/dags/welcome_dag.py for tasks to queue
[2025-02-13T19:43:42.886+0000] {logging_mixin.py:190} INFO - [2025-02-13T19:43:42.886+0000] {dagbag.py:588} INFO - Filling up the DagBag from /opt/airflow/dags/welcome_dag.py
[2025-02-13T19:43:42.909+0000] {processor.py:925} INFO - DAG(s) 'welcome_dag' retrieved from /opt/airflow/dags/welcome_dag.py
[2025-02-13T19:43:42.941+0000] {logging_mixin.py:190} INFO - [2025-02-13T19:43:42.941+0000] {dag.py:3239} INFO - Sync 1 DAGs
[2025-02-13T19:43:42.976+0000] {logging_mixin.py:190} INFO - [2025-02-13T19:43:42.976+0000] {dag.py:4180} INFO - Setting next_dagrun for welcome_dag to 2025-02-13 19:43:00+00:00, run_after=2025-02-13 19:44:00+00:00
[2025-02-13T19:43:43.032+0000] {processor.py:208} INFO - Processing /opt/airflow/dags/welcome_dag.py took 0.155 seconds
[2025-02-13T19:44:15.063+0000] {processor.py:186} INFO - Started process (PID=226) to work on /opt/airflow/dags/welcome_dag.py
[2025-02-13T19:44:15.065+0000] {processor.py:914} INFO - Processing file /opt/airflow/dags/welcome_dag.py for tasks to queue
[2025-02-13T19:44:15.070+0000] {logging_mixin.py:190} INFO - [2025-02-13T19:44:15.069+0000] {dagbag.py:588} INFO - Filling up the DagBag from /opt/airflow/dags/welcome_dag.py
[2025-02-13T19:44:15.105+0000] {processor.py:925} INFO - DAG(s) 'welcome_dag' retrieved from /opt/airflow/dags/welcome_dag.py
[2025-02-13T19:44:15.154+0000] {logging_mixin.py:190} INFO - [2025-02-13T19:44:15.153+0000] {dag.py:3239} INFO - Sync 1 DAGs
[2025-02-13T19:44:15.208+0000] {logging_mixin.py:190} INFO - [2025-02-13T19:44:15.207+0000] {dag.py:4180} INFO - Setting next_dagrun for welcome_dag to 2025-02-13 19:44:00+00:00, run_after=2025-02-13 19:45:00+00:00
[2025-02-13T19:44:15.278+0000] {processor.py:208} INFO - Processing /opt/airflow/dags/welcome_dag.py took 0.223 seconds
[2025-02-13T19:44:48.394+0000] {processor.py:186} INFO - Started process (PID=247) to work on /opt/airflow/dags/welcome_dag.py
[2025-02-13T19:44:48.396+0000] {processor.py:914} INFO - Processing file /opt/airflow/dags/welcome_dag.py for tasks to queue
[2025-02-13T19:44:48.399+0000] {logging_mixin.py:190} INFO - [2025-02-13T19:44:48.399+0000] {dagbag.py:588} INFO - Filling up the DagBag from /opt/airflow/dags/welcome_dag.py
[2025-02-13T19:44:48.439+0000] {processor.py:925} INFO - DAG(s) 'welcome_dag' retrieved from /opt/airflow/dags/welcome_dag.py
[2025-02-13T19:44:48.485+0000] {logging_mixin.py:190} INFO - [2025-02-13T19:44:48.485+0000] {dag.py:3239} INFO - Sync 1 DAGs
[2025-02-13T19:44:48.530+0000] {logging_mixin.py:190} INFO - [2025-02-13T19:44:48.530+0000] {dag.py:4180} INFO - Setting next_dagrun for welcome_dag to 2025-02-13 19:44:00+00:00, run_after=2025-02-13 19:45:00+00:00
[2025-02-13T19:44:48.635+0000] {processor.py:208} INFO - Processing /opt/airflow/dags/welcome_dag.py took 0.246 seconds
[2025-02-13T19:45:18.972+0000] {processor.py:186} INFO - Started process (PID=281) to work on /opt/airflow/dags/welcome_dag.py
[2025-02-13T19:45:18.973+0000] {processor.py:914} INFO - Processing file /opt/airflow/dags/welcome_dag.py for tasks to queue
[2025-02-13T19:45:18.975+0000] {logging_mixin.py:190} INFO - [2025-02-13T19:45:18.975+0000] {dagbag.py:588} INFO - Filling up the DagBag from /opt/airflow/dags/welcome_dag.py
[2025-02-13T19:45:18.999+0000] {processor.py:925} INFO - DAG(s) 'welcome_dag' retrieved from /opt/airflow/dags/welcome_dag.py
[2025-02-13T19:45:19.034+0000] {logging_mixin.py:190} INFO - [2025-02-13T19:45:19.034+0000] {dag.py:3239} INFO - Sync 1 DAGs
[2025-02-13T19:45:19.069+0000] {logging_mixin.py:190} INFO - [2025-02-13T19:45:19.068+0000] {dag.py:4180} INFO - Setting next_dagrun for welcome_dag to 2025-02-13 19:45:00+00:00, run_after=2025-02-13 19:46:00+00:00
[2025-02-13T19:45:19.120+0000] {processor.py:208} INFO - Processing /opt/airflow/dags/welcome_dag.py took 0.153 seconds
[2025-02-13T19:45:49.719+0000] {processor.py:186} INFO - Started process (PID=282) to work on /opt/airflow/dags/welcome_dag.py
[2025-02-13T19:45:49.721+0000] {processor.py:914} INFO - Processing file /opt/airflow/dags/welcome_dag.py for tasks to queue
[2025-02-13T19:45:49.723+0000] {logging_mixin.py:190} INFO - [2025-02-13T19:45:49.723+0000] {dagbag.py:588} INFO - Filling up the DagBag from /opt/airflow/dags/welcome_dag.py
[2025-02-13T19:45:49.750+0000] {processor.py:925} INFO - DAG(s) 'welcome_dag' retrieved from /opt/airflow/dags/welcome_dag.py
[2025-02-13T19:45:49.787+0000] {logging_mixin.py:190} INFO - [2025-02-13T19:45:49.787+0000] {dag.py:3239} INFO - Sync 1 DAGs
[2025-02-13T19:45:49.827+0000] {logging_mixin.py:190} INFO - [2025-02-13T19:45:49.826+0000] {dag.py:4180} INFO - Setting next_dagrun for welcome_dag to 2025-02-13 19:45:00+00:00, run_after=2025-02-13 19:46:00+00:00
[2025-02-13T19:45:49.925+0000] {processor.py:208} INFO - Processing /opt/airflow/dags/welcome_dag.py took 0.211 seconds
[2025-02-13T19:46:20.636+0000] {processor.py:186} INFO - Started process (PID=305) to work on /opt/airflow/dags/welcome_dag.py
[2025-02-13T19:46:20.638+0000] {processor.py:914} INFO - Processing file /opt/airflow/dags/welcome_dag.py for tasks to queue
[2025-02-13T19:46:20.641+0000] {logging_mixin.py:190} INFO - [2025-02-13T19:46:20.640+0000] {dagbag.py:588} INFO - Filling up the DagBag from /opt/airflow/dags/welcome_dag.py
[2025-02-13T19:46:20.670+0000] {processor.py:925} INFO - DAG(s) 'welcome_dag' retrieved from /opt/airflow/dags/welcome_dag.py
[2025-02-13T19:46:20.709+0000] {logging_mixin.py:190} INFO - [2025-02-13T19:46:20.709+0000] {dag.py:3239} INFO - Sync 1 DAGs
[2025-02-13T19:46:20.749+0000] {logging_mixin.py:190} INFO - [2025-02-13T19:46:20.749+0000] {dag.py:4180} INFO - Setting next_dagrun for welcome_dag to 2025-02-13 19:46:00+00:00, run_after=2025-02-13 19:47:00+00:00
[2025-02-13T19:46:20.804+0000] {processor.py:208} INFO - Processing /opt/airflow/dags/welcome_dag.py took 0.174 seconds
[2025-02-13T19:46:52.933+0000] {processor.py:186} INFO - Started process (PID=306) to work on /opt/airflow/dags/welcome_dag.py
[2025-02-13T19:46:52.935+0000] {processor.py:914} INFO - Processing file /opt/airflow/dags/welcome_dag.py for tasks to queue
[2025-02-13T19:46:52.937+0000] {logging_mixin.py:190} INFO - [2025-02-13T19:46:52.937+0000] {dagbag.py:588} INFO - Filling up the DagBag from /opt/airflow/dags/welcome_dag.py
[2025-02-13T19:46:52.969+0000] {processor.py:925} INFO - DAG(s) 'welcome_dag' retrieved from /opt/airflow/dags/welcome_dag.py
[2025-02-13T19:46:53.006+0000] {logging_mixin.py:190} INFO - [2025-02-13T19:46:53.006+0000] {dag.py:3239} INFO - Sync 1 DAGs
[2025-02-13T19:46:53.045+0000] {logging_mixin.py:190} INFO - [2025-02-13T19:46:53.045+0000] {dag.py:4180} INFO - Setting next_dagrun for welcome_dag to 2025-02-13 19:46:00+00:00, run_after=2025-02-13 19:47:00+00:00
[2025-02-13T19:46:53.112+0000] {processor.py:208} INFO - Processing /opt/airflow/dags/welcome_dag.py took 0.185 seconds
[2025-02-13T19:47:26.130+0000] {processor.py:186} INFO - Started process (PID=329) to work on /opt/airflow/dags/welcome_dag.py
[2025-02-13T19:47:26.131+0000] {processor.py:914} INFO - Processing file /opt/airflow/dags/welcome_dag.py for tasks to queue
[2025-02-13T19:47:26.133+0000] {logging_mixin.py:190} INFO - [2025-02-13T19:47:26.133+0000] {dagbag.py:588} INFO - Filling up the DagBag from /opt/airflow/dags/welcome_dag.py
[2025-02-13T19:47:26.163+0000] {processor.py:925} INFO - DAG(s) 'welcome_dag' retrieved from /opt/airflow/dags/welcome_dag.py
[2025-02-13T19:47:26.203+0000] {logging_mixin.py:190} INFO - [2025-02-13T19:47:26.203+0000] {dag.py:3239} INFO - Sync 1 DAGs
[2025-02-13T19:47:26.243+0000] {logging_mixin.py:190} INFO - [2025-02-13T19:47:26.243+0000] {dag.py:4180} INFO - Setting next_dagrun for welcome_dag to 2025-02-13 19:47:00+00:00, run_after=2025-02-13 19:48:00+00:00
[2025-02-13T19:47:26.343+0000] {processor.py:208} INFO - Processing /opt/airflow/dags/welcome_dag.py took 0.220 seconds
[2025-02-13T19:47:58.701+0000] {processor.py:186} INFO - Started process (PID=330) to work on /opt/airflow/dags/welcome_dag.py
[2025-02-13T19:47:58.702+0000] {processor.py:914} INFO - Processing file /opt/airflow/dags/welcome_dag.py for tasks to queue
[2025-02-13T19:47:58.706+0000] {logging_mixin.py:190} INFO - [2025-02-13T19:47:58.705+0000] {dagbag.py:588} INFO - Filling up the DagBag from /opt/airflow/dags/welcome_dag.py
[2025-02-13T19:47:58.756+0000] {processor.py:925} INFO - DAG(s) 'welcome_dag' retrieved from /opt/airflow/dags/welcome_dag.py
[2025-02-13T19:47:58.796+0000] {logging_mixin.py:190} INFO - [2025-02-13T19:47:58.795+0000] {dag.py:3239} INFO - Sync 1 DAGs
[2025-02-13T19:47:58.841+0000] {logging_mixin.py:190} INFO - [2025-02-13T19:47:58.841+0000] {dag.py:4180} INFO - Setting next_dagrun for welcome_dag to 2025-02-13 19:47:00+00:00, run_after=2025-02-13 19:48:00+00:00
[2025-02-13T19:47:58.913+0000] {processor.py:208} INFO - Processing /opt/airflow/dags/welcome_dag.py took 0.219 seconds
[2025-02-13T19:48:31.130+0000] {processor.py:186} INFO - Started process (PID=353) to work on /opt/airflow/dags/welcome_dag.py
[2025-02-13T19:48:31.131+0000] {processor.py:914} INFO - Processing file /opt/airflow/dags/welcome_dag.py for tasks to queue
[2025-02-13T19:48:31.134+0000] {logging_mixin.py:190} INFO - [2025-02-13T19:48:31.133+0000] {dagbag.py:588} INFO - Filling up the DagBag from /opt/airflow/dags/welcome_dag.py
[2025-02-13T19:48:31.162+0000] {processor.py:925} INFO - DAG(s) 'welcome_dag' retrieved from /opt/airflow/dags/welcome_dag.py
[2025-02-13T19:48:31.193+0000] {logging_mixin.py:190} INFO - [2025-02-13T19:48:31.192+0000] {dag.py:3239} INFO - Sync 1 DAGs
[2025-02-13T19:48:31.227+0000] {logging_mixin.py:190} INFO - [2025-02-13T19:48:31.227+0000] {dag.py:4180} INFO - Setting next_dagrun for welcome_dag to 2025-02-13 19:48:00+00:00, run_after=2025-02-13 19:49:00+00:00
[2025-02-13T19:48:31.283+0000] {processor.py:208} INFO - Processing /opt/airflow/dags/welcome_dag.py took 0.158 seconds
[2025-02-13T19:49:03.529+0000] {processor.py:186} INFO - Started process (PID=354) to work on /opt/airflow/dags/welcome_dag.py
[2025-02-13T19:49:03.531+0000] {processor.py:914} INFO - Processing file /opt/airflow/dags/welcome_dag.py for tasks to queue
[2025-02-13T19:49:03.533+0000] {logging_mixin.py:190} INFO - [2025-02-13T19:49:03.532+0000] {dagbag.py:588} INFO - Filling up the DagBag from /opt/airflow/dags/welcome_dag.py
[2025-02-13T19:49:03.575+0000] {processor.py:925} INFO - DAG(s) 'welcome_dag' retrieved from /opt/airflow/dags/welcome_dag.py
[2025-02-13T19:49:03.616+0000] {logging_mixin.py:190} INFO - [2025-02-13T19:49:03.615+0000] {dag.py:3239} INFO - Sync 1 DAGs
[2025-02-13T19:49:03.654+0000] {logging_mixin.py:190} INFO - [2025-02-13T19:49:03.654+0000] {dag.py:4180} INFO - Setting next_dagrun for welcome_dag to 2025-02-13 19:48:00+00:00, run_after=2025-02-13 19:49:00+00:00
[2025-02-13T19:49:03.729+0000] {processor.py:208} INFO - Processing /opt/airflow/dags/welcome_dag.py took 0.210 seconds
[2025-02-13T19:49:51.784+0000] {processor.py:186} INFO - Started process (PID=57) to work on /opt/airflow/dags/welcome_dag.py
[2025-02-13T19:49:51.786+0000] {processor.py:914} INFO - Processing file /opt/airflow/dags/welcome_dag.py for tasks to queue
[2025-02-13T19:49:51.788+0000] {logging_mixin.py:190} INFO - [2025-02-13T19:49:51.788+0000] {dagbag.py:588} INFO - Filling up the DagBag from /opt/airflow/dags/welcome_dag.py
[2025-02-13T19:49:51.843+0000] {processor.py:925} INFO - DAG(s) 'welcome_dag' retrieved from /opt/airflow/dags/welcome_dag.py
[2025-02-13T19:49:51.866+0000] {logging_mixin.py:190} INFO - [2025-02-13T19:49:51.865+0000] {dag.py:3239} INFO - Sync 1 DAGs
[2025-02-13T19:49:51.914+0000] {logging_mixin.py:190} INFO - [2025-02-13T19:49:51.914+0000] {dag.py:4180} INFO - Setting next_dagrun for welcome_dag to 2025-02-13 19:49:00+00:00, run_after=2025-02-13 19:50:00+00:00
[2025-02-13T19:49:51.991+0000] {processor.py:208} INFO - Processing /opt/airflow/dags/welcome_dag.py took 0.216 seconds
[2025-02-13T19:50:23.019+0000] {processor.py:186} INFO - Started process (PID=101) to work on /opt/airflow/dags/welcome_dag.py
[2025-02-13T19:50:23.021+0000] {processor.py:914} INFO - Processing file /opt/airflow/dags/welcome_dag.py for tasks to queue
[2025-02-13T19:50:23.028+0000] {logging_mixin.py:190} INFO - [2025-02-13T19:50:23.027+0000] {dagbag.py:588} INFO - Filling up the DagBag from /opt/airflow/dags/welcome_dag.py
[2025-02-13T19:50:23.061+0000] {processor.py:925} INFO - DAG(s) 'welcome_dag' retrieved from /opt/airflow/dags/welcome_dag.py
[2025-02-13T19:50:23.278+0000] {logging_mixin.py:190} INFO - [2025-02-13T19:50:23.277+0000] {dag.py:3239} INFO - Sync 1 DAGs
[2025-02-13T19:50:23.323+0000] {logging_mixin.py:190} INFO - [2025-02-13T19:50:23.323+0000] {dag.py:4180} INFO - Setting next_dagrun for welcome_dag to 2025-02-13 19:50:00+00:00, run_after=2025-02-13 19:51:00+00:00
[2025-02-13T19:50:23.443+0000] {processor.py:208} INFO - Processing /opt/airflow/dags/welcome_dag.py took 0.430 seconds
[2025-02-13T19:50:53.982+0000] {processor.py:186} INFO - Started process (PID=103) to work on /opt/airflow/dags/welcome_dag.py
[2025-02-13T19:50:53.983+0000] {processor.py:914} INFO - Processing file /opt/airflow/dags/welcome_dag.py for tasks to queue
[2025-02-13T19:50:53.986+0000] {logging_mixin.py:190} INFO - [2025-02-13T19:50:53.986+0000] {dagbag.py:588} INFO - Filling up the DagBag from /opt/airflow/dags/welcome_dag.py
[2025-02-13T19:50:54.008+0000] {processor.py:925} INFO - DAG(s) 'welcome_dag' retrieved from /opt/airflow/dags/welcome_dag.py
[2025-02-13T19:50:54.037+0000] {logging_mixin.py:190} INFO - [2025-02-13T19:50:54.037+0000] {dag.py:3239} INFO - Sync 1 DAGs
[2025-02-13T19:50:54.073+0000] {logging_mixin.py:190} INFO - [2025-02-13T19:50:54.073+0000] {dag.py:4180} INFO - Setting next_dagrun for welcome_dag to 2025-02-13 19:50:00+00:00, run_after=2025-02-13 19:51:00+00:00
[2025-02-13T19:50:54.159+0000] {processor.py:208} INFO - Processing /opt/airflow/dags/welcome_dag.py took 0.182 seconds
[2025-02-13T19:51:24.730+0000] {processor.py:186} INFO - Started process (PID=127) to work on /opt/airflow/dags/welcome_dag.py
[2025-02-13T19:51:24.731+0000] {processor.py:914} INFO - Processing file /opt/airflow/dags/welcome_dag.py for tasks to queue
[2025-02-13T19:51:24.732+0000] {logging_mixin.py:190} INFO - [2025-02-13T19:51:24.732+0000] {dagbag.py:588} INFO - Filling up the DagBag from /opt/airflow/dags/welcome_dag.py
[2025-02-13T19:51:24.758+0000] {processor.py:925} INFO - DAG(s) 'welcome_dag' retrieved from /opt/airflow/dags/welcome_dag.py
[2025-02-13T19:51:24.774+0000] {logging_mixin.py:190} INFO - [2025-02-13T19:51:24.773+0000] {dag.py:3239} INFO - Sync 1 DAGs
[2025-02-13T19:51:24.807+0000] {logging_mixin.py:190} INFO - [2025-02-13T19:51:24.807+0000] {dag.py:4180} INFO - Setting next_dagrun for welcome_dag to 2025-02-13 19:51:00+00:00, run_after=2025-02-13 19:52:00+00:00
[2025-02-13T19:51:24.879+0000] {processor.py:208} INFO - Processing /opt/airflow/dags/welcome_dag.py took 0.155 seconds
[2025-02-13T19:51:55.438+0000] {processor.py:186} INFO - Started process (PID=129) to work on /opt/airflow/dags/welcome_dag.py
[2025-02-13T19:51:55.439+0000] {processor.py:914} INFO - Processing file /opt/airflow/dags/welcome_dag.py for tasks to queue
[2025-02-13T19:51:55.442+0000] {logging_mixin.py:190} INFO - [2025-02-13T19:51:55.441+0000] {dagbag.py:588} INFO - Filling up the DagBag from /opt/airflow/dags/welcome_dag.py
[2025-02-13T19:51:55.470+0000] {processor.py:925} INFO - DAG(s) 'welcome_dag' retrieved from /opt/airflow/dags/welcome_dag.py
[2025-02-13T19:51:55.645+0000] {logging_mixin.py:190} INFO - [2025-02-13T19:51:55.644+0000] {dag.py:3239} INFO - Sync 1 DAGs
[2025-02-13T19:51:55.678+0000] {logging_mixin.py:190} INFO - [2025-02-13T19:51:55.678+0000] {dag.py:4180} INFO - Setting next_dagrun for welcome_dag to 2025-02-13 19:51:00+00:00, run_after=2025-02-13 19:52:00+00:00
[2025-02-13T19:51:55.732+0000] {processor.py:208} INFO - Processing /opt/airflow/dags/welcome_dag.py took 0.298 seconds
[2025-02-13T19:52:26.688+0000] {processor.py:186} INFO - Started process (PID=153) to work on /opt/airflow/dags/welcome_dag.py
[2025-02-13T19:52:26.689+0000] {processor.py:914} INFO - Processing file /opt/airflow/dags/welcome_dag.py for tasks to queue
[2025-02-13T19:52:26.691+0000] {logging_mixin.py:190} INFO - [2025-02-13T19:52:26.690+0000] {dagbag.py:588} INFO - Filling up the DagBag from /opt/airflow/dags/welcome_dag.py
[2025-02-13T19:52:26.724+0000] {processor.py:925} INFO - DAG(s) 'welcome_dag' retrieved from /opt/airflow/dags/welcome_dag.py
[2025-02-13T19:52:26.878+0000] {logging_mixin.py:190} INFO - [2025-02-13T19:52:26.878+0000] {dag.py:3239} INFO - Sync 1 DAGs
[2025-02-13T19:52:26.893+0000] {logging_mixin.py:190} INFO - [2025-02-13T19:52:26.893+0000] {dag.py:4180} INFO - Setting next_dagrun for welcome_dag to None, run_after=None
[2025-02-13T19:52:26.946+0000] {processor.py:208} INFO - Processing /opt/airflow/dags/welcome_dag.py took 0.263 seconds
[2025-02-13T19:53:02.915+0000] {processor.py:186} INFO - Started process (PID=56) to work on /opt/airflow/dags/welcome_dag.py
[2025-02-13T19:53:02.917+0000] {processor.py:914} INFO - Processing file /opt/airflow/dags/welcome_dag.py for tasks to queue
[2025-02-13T19:53:02.921+0000] {logging_mixin.py:190} INFO - [2025-02-13T19:53:02.920+0000] {dagbag.py:588} INFO - Filling up the DagBag from /opt/airflow/dags/welcome_dag.py
[2025-02-13T19:53:02.954+0000] {processor.py:925} INFO - DAG(s) 'welcome_dag' retrieved from /opt/airflow/dags/welcome_dag.py
[2025-02-13T19:53:02.998+0000] {logging_mixin.py:190} INFO - [2025-02-13T19:53:02.997+0000] {dag.py:3239} INFO - Sync 1 DAGs
[2025-02-13T19:53:03.021+0000] {logging_mixin.py:190} INFO - [2025-02-13T19:53:03.020+0000] {dag.py:4180} INFO - Setting next_dagrun for welcome_dag to None, run_after=None
[2025-02-13T19:53:03.094+0000] {processor.py:208} INFO - Processing /opt/airflow/dags/welcome_dag.py took 0.186 seconds
[2025-02-13T19:53:33.568+0000] {processor.py:186} INFO - Started process (PID=100) to work on /opt/airflow/dags/welcome_dag.py
[2025-02-13T19:53:33.570+0000] {processor.py:914} INFO - Processing file /opt/airflow/dags/welcome_dag.py for tasks to queue
[2025-02-13T19:53:33.576+0000] {logging_mixin.py:190} INFO - [2025-02-13T19:53:33.572+0000] {dagbag.py:588} INFO - Filling up the DagBag from /opt/airflow/dags/welcome_dag.py
[2025-02-13T19:53:33.598+0000] {processor.py:925} INFO - DAG(s) 'welcome_dag' retrieved from /opt/airflow/dags/welcome_dag.py
[2025-02-13T19:53:33.612+0000] {logging_mixin.py:190} INFO - [2025-02-13T19:53:33.611+0000] {dag.py:3239} INFO - Sync 1 DAGs
[2025-02-13T19:53:33.628+0000] {logging_mixin.py:190} INFO - [2025-02-13T19:53:33.628+0000] {dag.py:4180} INFO - Setting next_dagrun for welcome_dag to None, run_after=None
[2025-02-13T19:53:33.683+0000] {processor.py:208} INFO - Processing /opt/airflow/dags/welcome_dag.py took 0.126 seconds
[2025-02-13T19:54:06.145+0000] {processor.py:186} INFO - Started process (PID=120) to work on /opt/airflow/dags/welcome_dag.py
[2025-02-13T19:54:06.146+0000] {processor.py:914} INFO - Processing file /opt/airflow/dags/welcome_dag.py for tasks to queue
[2025-02-13T19:54:06.149+0000] {logging_mixin.py:190} INFO - [2025-02-13T19:54:06.148+0000] {dagbag.py:588} INFO - Filling up the DagBag from /opt/airflow/dags/welcome_dag.py
[2025-02-13T19:54:06.179+0000] {processor.py:925} INFO - DAG(s) 'welcome_dag' retrieved from /opt/airflow/dags/welcome_dag.py
[2025-02-13T19:54:06.373+0000] {logging_mixin.py:190} INFO - [2025-02-13T19:54:06.372+0000] {dag.py:3239} INFO - Sync 1 DAGs
[2025-02-13T19:54:06.398+0000] {logging_mixin.py:190} INFO - [2025-02-13T19:54:06.398+0000] {dag.py:4180} INFO - Setting next_dagrun for welcome_dag to None, run_after=None
[2025-02-13T19:54:06.459+0000] {processor.py:208} INFO - Processing /opt/airflow/dags/welcome_dag.py took 0.322 seconds
[2025-02-13T19:54:36.692+0000] {processor.py:186} INFO - Started process (PID=133) to work on /opt/airflow/dags/welcome_dag.py
[2025-02-13T19:54:36.693+0000] {processor.py:914} INFO - Processing file /opt/airflow/dags/welcome_dag.py for tasks to queue
[2025-02-13T19:54:36.695+0000] {logging_mixin.py:190} INFO - [2025-02-13T19:54:36.695+0000] {dagbag.py:588} INFO - Filling up the DagBag from /opt/airflow/dags/welcome_dag.py
[2025-02-13T19:54:36.717+0000] {processor.py:925} INFO - DAG(s) 'welcome_dag' retrieved from /opt/airflow/dags/welcome_dag.py
[2025-02-13T19:54:36.745+0000] {logging_mixin.py:190} INFO - [2025-02-13T19:54:36.745+0000] {dag.py:3239} INFO - Sync 1 DAGs
[2025-02-13T19:54:36.762+0000] {logging_mixin.py:190} INFO - [2025-02-13T19:54:36.762+0000] {dag.py:4180} INFO - Setting next_dagrun for welcome_dag to None, run_after=None
[2025-02-13T19:54:36.817+0000] {processor.py:208} INFO - Processing /opt/airflow/dags/welcome_dag.py took 0.136 seconds
[2025-02-13T19:55:08.549+0000] {processor.py:186} INFO - Started process (PID=146) to work on /opt/airflow/dags/welcome_dag.py
[2025-02-13T19:55:08.550+0000] {processor.py:914} INFO - Processing file /opt/airflow/dags/welcome_dag.py for tasks to queue
[2025-02-13T19:55:08.556+0000] {logging_mixin.py:190} INFO - [2025-02-13T19:55:08.555+0000] {dagbag.py:588} INFO - Filling up the DagBag from /opt/airflow/dags/welcome_dag.py
[2025-02-13T19:55:08.577+0000] {processor.py:925} INFO - DAG(s) 'welcome_dag' retrieved from /opt/airflow/dags/welcome_dag.py
[2025-02-13T19:55:08.593+0000] {logging_mixin.py:190} INFO - [2025-02-13T19:55:08.592+0000] {dag.py:3239} INFO - Sync 1 DAGs
[2025-02-13T19:55:08.611+0000] {logging_mixin.py:190} INFO - [2025-02-13T19:55:08.611+0000] {dag.py:4180} INFO - Setting next_dagrun for welcome_dag to None, run_after=None
[2025-02-13T19:55:08.703+0000] {processor.py:208} INFO - Processing /opt/airflow/dags/welcome_dag.py took 0.162 seconds
[2025-02-13T19:55:41.400+0000] {processor.py:186} INFO - Started process (PID=195) to work on /opt/airflow/dags/welcome_dag.py
[2025-02-13T19:55:41.401+0000] {processor.py:914} INFO - Processing file /opt/airflow/dags/welcome_dag.py for tasks to queue
[2025-02-13T19:55:41.404+0000] {logging_mixin.py:190} INFO - [2025-02-13T19:55:41.404+0000] {dagbag.py:588} INFO - Filling up the DagBag from /opt/airflow/dags/welcome_dag.py
[2025-02-13T19:55:41.426+0000] {processor.py:925} INFO - DAG(s) 'welcome_dag' retrieved from /opt/airflow/dags/welcome_dag.py
[2025-02-13T19:55:41.556+0000] {logging_mixin.py:190} INFO - [2025-02-13T19:55:41.556+0000] {dag.py:3239} INFO - Sync 1 DAGs
[2025-02-13T19:55:41.569+0000] {logging_mixin.py:190} INFO - [2025-02-13T19:55:41.569+0000] {dag.py:4180} INFO - Setting next_dagrun for welcome_dag to None, run_after=None
[2025-02-13T19:55:41.625+0000] {processor.py:208} INFO - Processing /opt/airflow/dags/welcome_dag.py took 0.231 seconds
[2025-02-13T19:56:14.038+0000] {processor.py:186} INFO - Started process (PID=219) to work on /opt/airflow/dags/welcome_dag.py
[2025-02-13T19:56:14.040+0000] {processor.py:914} INFO - Processing file /opt/airflow/dags/welcome_dag.py for tasks to queue
[2025-02-13T19:56:14.043+0000] {logging_mixin.py:190} INFO - [2025-02-13T19:56:14.043+0000] {dagbag.py:588} INFO - Filling up the DagBag from /opt/airflow/dags/welcome_dag.py
[2025-02-13T19:56:14.079+0000] {processor.py:925} INFO - DAG(s) 'welcome_dag' retrieved from /opt/airflow/dags/welcome_dag.py
[2025-02-13T19:56:14.127+0000] {logging_mixin.py:190} INFO - [2025-02-13T19:56:14.127+0000] {dag.py:3239} INFO - Sync 1 DAGs
[2025-02-13T19:56:14.151+0000] {logging_mixin.py:190} INFO - [2025-02-13T19:56:14.151+0000] {dag.py:4180} INFO - Setting next_dagrun for welcome_dag to None, run_after=None
[2025-02-13T19:56:14.264+0000] {processor.py:208} INFO - Processing /opt/airflow/dags/welcome_dag.py took 0.232 seconds
[2025-02-13T19:56:44.450+0000] {processor.py:186} INFO - Started process (PID=221) to work on /opt/airflow/dags/welcome_dag.py
[2025-02-13T19:56:44.451+0000] {processor.py:914} INFO - Processing file /opt/airflow/dags/welcome_dag.py for tasks to queue
[2025-02-13T19:56:44.454+0000] {logging_mixin.py:190} INFO - [2025-02-13T19:56:44.453+0000] {dagbag.py:588} INFO - Filling up the DagBag from /opt/airflow/dags/welcome_dag.py
[2025-02-13T19:56:44.484+0000] {processor.py:925} INFO - DAG(s) 'welcome_dag' retrieved from /opt/airflow/dags/welcome_dag.py
[2025-02-13T19:56:44.502+0000] {logging_mixin.py:190} INFO - [2025-02-13T19:56:44.501+0000] {dag.py:3239} INFO - Sync 1 DAGs
[2025-02-13T19:56:44.520+0000] {logging_mixin.py:190} INFO - [2025-02-13T19:56:44.520+0000] {dag.py:4180} INFO - Setting next_dagrun for welcome_dag to None, run_after=None
[2025-02-13T19:56:44.575+0000] {processor.py:208} INFO - Processing /opt/airflow/dags/welcome_dag.py took 0.132 seconds
[2025-02-13T19:57:18.642+0000] {processor.py:186} INFO - Started process (PID=281) to work on /opt/airflow/dags/welcome_dag.py
[2025-02-13T19:57:18.643+0000] {processor.py:914} INFO - Processing file /opt/airflow/dags/welcome_dag.py for tasks to queue
[2025-02-13T19:57:18.646+0000] {logging_mixin.py:190} INFO - [2025-02-13T19:57:18.646+0000] {dagbag.py:588} INFO - Filling up the DagBag from /opt/airflow/dags/welcome_dag.py
[2025-02-13T19:57:18.667+0000] {processor.py:925} INFO - DAG(s) 'welcome_dag' retrieved from /opt/airflow/dags/welcome_dag.py
[2025-02-13T19:57:18.823+0000] {logging_mixin.py:190} INFO - [2025-02-13T19:57:18.822+0000] {dag.py:3239} INFO - Sync 1 DAGs
[2025-02-13T19:57:18.841+0000] {logging_mixin.py:190} INFO - [2025-02-13T19:57:18.840+0000] {dag.py:4180} INFO - Setting next_dagrun for welcome_dag to None, run_after=None
[2025-02-13T19:57:18.899+0000] {processor.py:208} INFO - Processing /opt/airflow/dags/welcome_dag.py took 0.262 seconds
[2025-02-13T19:57:50.000+0000] {processor.py:186} INFO - Started process (PID=305) to work on /opt/airflow/dags/welcome_dag.py
[2025-02-13T19:57:50.001+0000] {processor.py:914} INFO - Processing file /opt/airflow/dags/welcome_dag.py for tasks to queue
[2025-02-13T19:57:50.006+0000] {logging_mixin.py:190} INFO - [2025-02-13T19:57:50.006+0000] {dagbag.py:588} INFO - Filling up the DagBag from /opt/airflow/dags/welcome_dag.py
[2025-02-13T19:57:50.038+0000] {processor.py:925} INFO - DAG(s) 'welcome_dag' retrieved from /opt/airflow/dags/welcome_dag.py
[2025-02-13T19:57:50.083+0000] {logging_mixin.py:190} INFO - [2025-02-13T19:57:50.082+0000] {dag.py:3239} INFO - Sync 1 DAGs
[2025-02-13T19:57:50.104+0000] {logging_mixin.py:190} INFO - [2025-02-13T19:57:50.104+0000] {dag.py:4180} INFO - Setting next_dagrun for welcome_dag to None, run_after=None
[2025-02-13T19:57:50.171+0000] {processor.py:208} INFO - Processing /opt/airflow/dags/welcome_dag.py took 0.181 seconds
[2025-02-13T19:58:24.716+0000] {processor.py:186} INFO - Started process (PID=365) to work on /opt/airflow/dags/welcome_dag.py
[2025-02-13T19:58:24.717+0000] {processor.py:914} INFO - Processing file /opt/airflow/dags/welcome_dag.py for tasks to queue
[2025-02-13T19:58:24.721+0000] {logging_mixin.py:190} INFO - [2025-02-13T19:58:24.721+0000] {dagbag.py:588} INFO - Filling up the DagBag from /opt/airflow/dags/welcome_dag.py
[2025-02-13T19:58:24.756+0000] {processor.py:925} INFO - DAG(s) 'welcome_dag' retrieved from /opt/airflow/dags/welcome_dag.py
[2025-02-13T19:58:24.919+0000] {logging_mixin.py:190} INFO - [2025-02-13T19:58:24.919+0000] {dag.py:3239} INFO - Sync 1 DAGs
[2025-02-13T19:58:24.931+0000] {logging_mixin.py:190} INFO - [2025-02-13T19:58:24.930+0000] {dag.py:4180} INFO - Setting next_dagrun for welcome_dag to None, run_after=None
[2025-02-13T19:58:25.029+0000] {processor.py:208} INFO - Processing /opt/airflow/dags/welcome_dag.py took 0.318 seconds
[2025-02-13T19:58:55.421+0000] {processor.py:186} INFO - Started process (PID=367) to work on /opt/airflow/dags/welcome_dag.py
[2025-02-13T19:58:55.422+0000] {processor.py:914} INFO - Processing file /opt/airflow/dags/welcome_dag.py for tasks to queue
[2025-02-13T19:58:55.425+0000] {logging_mixin.py:190} INFO - [2025-02-13T19:58:55.425+0000] {dagbag.py:588} INFO - Filling up the DagBag from /opt/airflow/dags/welcome_dag.py
[2025-02-13T19:58:55.462+0000] {processor.py:925} INFO - DAG(s) 'infinite_hello_dag' retrieved from /opt/airflow/dags/welcome_dag.py
[2025-02-13T19:58:55.632+0000] {logging_mixin.py:190} INFO - [2025-02-13T19:58:55.631+0000] {override.py:1912} INFO - Created Permission View: can delete on DAG:infinite_hello_dag
[2025-02-13T19:58:55.671+0000] {logging_mixin.py:190} INFO - [2025-02-13T19:58:55.671+0000] {override.py:1912} INFO - Created Permission View: can read on DAG:infinite_hello_dag
[2025-02-13T19:58:55.709+0000] {logging_mixin.py:190} INFO - [2025-02-13T19:58:55.708+0000] {override.py:1912} INFO - Created Permission View: can edit on DAG:infinite_hello_dag
[2025-02-13T19:58:55.769+0000] {logging_mixin.py:190} INFO - [2025-02-13T19:58:55.768+0000] {override.py:1912} INFO - Created Permission View: can delete on DAG Run:infinite_hello_dag
[2025-02-13T19:58:55.809+0000] {logging_mixin.py:190} INFO - [2025-02-13T19:58:55.809+0000] {override.py:1912} INFO - Created Permission View: can read on DAG Run:infinite_hello_dag
[2025-02-13T19:58:55.847+0000] {logging_mixin.py:190} INFO - [2025-02-13T19:58:55.847+0000] {override.py:1912} INFO - Created Permission View: menu access on DAG Run:infinite_hello_dag
[2025-02-13T19:58:55.877+0000] {logging_mixin.py:190} INFO - [2025-02-13T19:58:55.877+0000] {override.py:1912} INFO - Created Permission View: can create on DAG Run:infinite_hello_dag
[2025-02-13T19:58:55.878+0000] {logging_mixin.py:190} INFO - [2025-02-13T19:58:55.877+0000] {dag.py:3239} INFO - Sync 1 DAGs
[2025-02-13T19:58:55.896+0000] {logging_mixin.py:190} INFO - [2025-02-13T19:58:55.895+0000] {dag.py:3262} INFO - Creating ORM DAG for infinite_hello_dag
[2025-02-13T19:58:55.896+0000] {logging_mixin.py:190} INFO - [2025-02-13T19:58:55.896+0000] {dag.py:4180} INFO - Setting next_dagrun for infinite_hello_dag to None, run_after=None
[2025-02-13T19:58:55.953+0000] {processor.py:208} INFO - Processing /opt/airflow/dags/welcome_dag.py took 0.537 seconds
[2025-02-13T19:59:26.211+0000] {processor.py:186} INFO - Started process (PID=399) to work on /opt/airflow/dags/welcome_dag.py
[2025-02-13T19:59:26.212+0000] {processor.py:914} INFO - Processing file /opt/airflow/dags/welcome_dag.py for tasks to queue
[2025-02-13T19:59:26.214+0000] {logging_mixin.py:190} INFO - [2025-02-13T19:59:26.214+0000] {dagbag.py:588} INFO - Filling up the DagBag from /opt/airflow/dags/welcome_dag.py
[2025-02-13T19:59:26.235+0000] {processor.py:925} INFO - DAG(s) 'infinite_hello_dag' retrieved from /opt/airflow/dags/welcome_dag.py
[2025-02-13T19:59:26.267+0000] {logging_mixin.py:190} INFO - [2025-02-13T19:59:26.267+0000] {dag.py:3239} INFO - Sync 1 DAGs
[2025-02-13T19:59:26.284+0000] {logging_mixin.py:190} INFO - [2025-02-13T19:59:26.284+0000] {dag.py:4180} INFO - Setting next_dagrun for infinite_hello_dag to None, run_after=None
[2025-02-13T19:59:26.341+0000] {processor.py:208} INFO - Processing /opt/airflow/dags/welcome_dag.py took 0.135 seconds
[2025-02-13T19:59:58.590+0000] {processor.py:186} INFO - Started process (PID=415) to work on /opt/airflow/dags/welcome_dag.py
[2025-02-13T19:59:58.593+0000] {processor.py:914} INFO - Processing file /opt/airflow/dags/welcome_dag.py for tasks to queue
[2025-02-13T19:59:58.597+0000] {logging_mixin.py:190} INFO - [2025-02-13T19:59:58.596+0000] {dagbag.py:588} INFO - Filling up the DagBag from /opt/airflow/dags/welcome_dag.py
[2025-02-13T19:59:58.648+0000] {processor.py:925} INFO - DAG(s) 'infinite_hello_dag' retrieved from /opt/airflow/dags/welcome_dag.py
[2025-02-13T19:59:58.696+0000] {logging_mixin.py:190} INFO - [2025-02-13T19:59:58.696+0000] {dag.py:3239} INFO - Sync 1 DAGs
[2025-02-13T19:59:58.724+0000] {logging_mixin.py:190} INFO - [2025-02-13T19:59:58.723+0000] {dag.py:4180} INFO - Setting next_dagrun for infinite_hello_dag to None, run_after=None
[2025-02-13T19:59:58.815+0000] {processor.py:208} INFO - Processing /opt/airflow/dags/welcome_dag.py took 0.231 seconds
