[2025-03-14T10:07:20.849+0000] {processor.py:157} INFO - Started process (PID=178) to work on /opt/airflow/dags/ingest_historique.py
[2025-03-14T10:07:20.853+0000] {processor.py:829} INFO - Processing file /opt/airflow/dags/ingest_historique.py for tasks to queue
[2025-03-14T10:07:20.855+0000] {logging_mixin.py:151} INFO - [2025-03-14T10:07:20.855+0000] {dagbag.py:539} INFO - Filling up the DagBag from /opt/airflow/dags/ingest_historique.py
[2025-03-14T10:07:23.681+0000] {processor.py:839} INFO - DAG(s) dict_keys(['yfinance_ingestion_historique_gold']) retrieved from /opt/airflow/dags/ingest_historique.py
[2025-03-14T10:07:23.794+0000] {logging_mixin.py:151} INFO - [2025-03-14T10:07:23.790+0000] {dag.py:2915} INFO - Sync 1 DAGs
[2025-03-14T10:07:23.854+0000] {logging_mixin.py:151} INFO - [2025-03-14T10:07:23.854+0000] {dag.py:3696} INFO - Setting next_dagrun for yfinance_ingestion_historique_gold to 2025-03-14T00:00:00+00:00, run_after=2025-03-15T00:00:00+00:00
[2025-03-14T10:07:23.893+0000] {processor.py:179} INFO - Processing /opt/airflow/dags/ingest_historique.py took 3.056 seconds
[2025-03-14T10:07:54.359+0000] {processor.py:157} INFO - Started process (PID=230) to work on /opt/airflow/dags/ingest_historique.py
[2025-03-14T10:07:54.362+0000] {processor.py:829} INFO - Processing file /opt/airflow/dags/ingest_historique.py for tasks to queue
[2025-03-14T10:07:54.364+0000] {logging_mixin.py:151} INFO - [2025-03-14T10:07:54.364+0000] {dagbag.py:539} INFO - Filling up the DagBag from /opt/airflow/dags/ingest_historique.py
[2025-03-14T10:07:55.204+0000] {processor.py:839} INFO - DAG(s) dict_keys(['yfinance_ingestion_historique_gold']) retrieved from /opt/airflow/dags/ingest_historique.py
[2025-03-14T10:07:55.239+0000] {logging_mixin.py:151} INFO - [2025-03-14T10:07:55.238+0000] {dag.py:2915} INFO - Sync 1 DAGs
[2025-03-14T10:07:55.274+0000] {logging_mixin.py:151} INFO - [2025-03-14T10:07:55.274+0000] {dag.py:3696} INFO - Setting next_dagrun for yfinance_ingestion_historique_gold to 2025-03-14T00:00:00+00:00, run_after=2025-03-15T00:00:00+00:00
[2025-03-14T10:07:55.302+0000] {processor.py:179} INFO - Processing /opt/airflow/dags/ingest_historique.py took 0.955 seconds
[2025-03-14T10:08:25.962+0000] {processor.py:157} INFO - Started process (PID=242) to work on /opt/airflow/dags/ingest_historique.py
[2025-03-14T10:08:25.964+0000] {processor.py:829} INFO - Processing file /opt/airflow/dags/ingest_historique.py for tasks to queue
[2025-03-14T10:08:25.966+0000] {logging_mixin.py:151} INFO - [2025-03-14T10:08:25.966+0000] {dagbag.py:539} INFO - Filling up the DagBag from /opt/airflow/dags/ingest_historique.py
[2025-03-14T10:08:26.072+0000] {processor.py:839} INFO - DAG(s) dict_keys(['yfinance_ingestion_historique_gold']) retrieved from /opt/airflow/dags/ingest_historique.py
[2025-03-14T10:08:26.101+0000] {logging_mixin.py:151} INFO - [2025-03-14T10:08:26.100+0000] {dag.py:2915} INFO - Sync 1 DAGs
[2025-03-14T10:08:26.124+0000] {logging_mixin.py:151} INFO - [2025-03-14T10:08:26.124+0000] {dag.py:3696} INFO - Setting next_dagrun for yfinance_ingestion_historique_gold to 2025-03-14T00:00:00+00:00, run_after=2025-03-15T00:00:00+00:00
[2025-03-14T10:08:26.151+0000] {processor.py:179} INFO - Processing /opt/airflow/dags/ingest_historique.py took 1.023 seconds
[2025-03-14T10:08:56.686+0000] {processor.py:157} INFO - Started process (PID=254) to work on /opt/airflow/dags/ingest_historique.py
[2025-03-14T10:08:56.688+0000] {processor.py:829} INFO - Processing file /opt/airflow/dags/ingest_historique.py for tasks to queue
[2025-03-14T10:08:56.690+0000] {logging_mixin.py:151} INFO - [2025-03-14T10:08:56.689+0000] {dagbag.py:539} INFO - Filling up the DagBag from /opt/airflow/dags/ingest_historique.py
[2025-03-14T10:08:58.104+0000] {processor.py:839} INFO - DAG(s) dict_keys(['yfinance_ingestion_historique_gold']) retrieved from /opt/airflow/dags/ingest_historique.py
[2025-03-14T10:08:58.196+0000] {logging_mixin.py:151} INFO - [2025-03-14T10:08:58.193+0000] {dag.py:2915} INFO - Sync 1 DAGs
[2025-03-14T10:08:58.285+0000] {logging_mixin.py:151} INFO - [2025-03-14T10:08:58.284+0000] {dag.py:3696} INFO - Setting next_dagrun for yfinance_ingestion_historique_gold to 2025-03-14T00:00:00+00:00, run_after=2025-03-15T00:00:00+00:00
[2025-03-14T10:08:58.360+0000] {processor.py:179} INFO - Processing /opt/airflow/dags/ingest_historique.py took 1.680 seconds
[2025-03-14T10:09:29.001+0000] {processor.py:157} INFO - Started process (PID=266) to work on /opt/airflow/dags/ingest_historique.py
[2025-03-14T10:09:29.003+0000] {processor.py:829} INFO - Processing file /opt/airflow/dags/ingest_historique.py for tasks to queue
[2025-03-14T10:09:29.006+0000] {logging_mixin.py:151} INFO - [2025-03-14T10:09:29.005+0000] {dagbag.py:539} INFO - Filling up the DagBag from /opt/airflow/dags/ingest_historique.py
[2025-03-14T10:09:29.942+0000] {processor.py:839} INFO - DAG(s) dict_keys(['yfinance_ingestion_historique_gold']) retrieved from /opt/airflow/dags/ingest_historique.py
[2025-03-14T10:09:29.976+0000] {logging_mixin.py:151} INFO - [2025-03-14T10:09:29.975+0000] {dag.py:2915} INFO - Sync 1 DAGs
[2025-03-14T10:09:30.029+0000] {logging_mixin.py:151} INFO - [2025-03-14T10:09:30.029+0000] {dag.py:3696} INFO - Setting next_dagrun for yfinance_ingestion_historique_gold to 2025-03-14T00:00:00+00:00, run_after=2025-03-15T00:00:00+00:00
[2025-03-14T10:09:30.068+0000] {processor.py:179} INFO - Processing /opt/airflow/dags/ingest_historique.py took 1.074 seconds
[2025-03-14T10:10:00.612+0000] {processor.py:157} INFO - Started process (PID=278) to work on /opt/airflow/dags/ingest_historique.py
[2025-03-14T10:10:00.615+0000] {processor.py:829} INFO - Processing file /opt/airflow/dags/ingest_historique.py for tasks to queue
[2025-03-14T10:10:00.616+0000] {logging_mixin.py:151} INFO - [2025-03-14T10:10:00.616+0000] {dagbag.py:539} INFO - Filling up the DagBag from /opt/airflow/dags/ingest_historique.py
[2025-03-14T10:10:01.573+0000] {processor.py:839} INFO - DAG(s) dict_keys(['yfinance_ingestion_historique_gold']) retrieved from /opt/airflow/dags/ingest_historique.py
[2025-03-14T10:10:01.612+0000] {logging_mixin.py:151} INFO - [2025-03-14T10:10:01.611+0000] {dag.py:2915} INFO - Sync 1 DAGs
[2025-03-14T10:10:01.643+0000] {logging_mixin.py:151} INFO - [2025-03-14T10:10:01.643+0000] {dag.py:3696} INFO - Setting next_dagrun for yfinance_ingestion_historique_gold to 2025-03-14T00:00:00+00:00, run_after=2025-03-15T00:00:00+00:00
[2025-03-14T10:10:01.671+0000] {processor.py:179} INFO - Processing /opt/airflow/dags/ingest_historique.py took 1.064 seconds
[2025-03-14T10:10:32.263+0000] {processor.py:157} INFO - Started process (PID=290) to work on /opt/airflow/dags/ingest_historique.py
[2025-03-14T10:10:32.265+0000] {processor.py:829} INFO - Processing file /opt/airflow/dags/ingest_historique.py for tasks to queue
[2025-03-14T10:10:32.268+0000] {logging_mixin.py:151} INFO - [2025-03-14T10:10:32.266+0000] {dagbag.py:539} INFO - Filling up the DagBag from /opt/airflow/dags/ingest_historique.py
[2025-03-14T10:10:33.079+0000] {processor.py:839} INFO - DAG(s) dict_keys(['yfinance_ingestion_historique_gold']) retrieved from /opt/airflow/dags/ingest_historique.py
[2025-03-14T10:10:33.117+0000] {logging_mixin.py:151} INFO - [2025-03-14T10:10:33.116+0000] {dag.py:2915} INFO - Sync 1 DAGs
[2025-03-14T10:10:33.160+0000] {logging_mixin.py:151} INFO - [2025-03-14T10:10:33.159+0000] {dag.py:3696} INFO - Setting next_dagrun for yfinance_ingestion_historique_gold to 2025-03-14T00:00:00+00:00, run_after=2025-03-15T00:00:00+00:00
[2025-03-14T10:10:33.200+0000] {processor.py:179} INFO - Processing /opt/airflow/dags/ingest_historique.py took 0.944 seconds
[2025-03-14T10:11:03.779+0000] {processor.py:157} INFO - Started process (PID=302) to work on /opt/airflow/dags/ingest_historique.py
[2025-03-14T10:11:03.780+0000] {processor.py:829} INFO - Processing file /opt/airflow/dags/ingest_historique.py for tasks to queue
[2025-03-14T10:11:03.782+0000] {logging_mixin.py:151} INFO - [2025-03-14T10:11:03.782+0000] {dagbag.py:539} INFO - Filling up the DagBag from /opt/airflow/dags/ingest_historique.py
[2025-03-14T10:11:04.525+0000] {processor.py:839} INFO - DAG(s) dict_keys(['yfinance_ingestion_historique_gold']) retrieved from /opt/airflow/dags/ingest_historique.py
[2025-03-14T10:11:04.563+0000] {logging_mixin.py:151} INFO - [2025-03-14T10:11:04.562+0000] {dag.py:2915} INFO - Sync 1 DAGs
[2025-03-14T10:11:04.604+0000] {logging_mixin.py:151} INFO - [2025-03-14T10:11:04.603+0000] {dag.py:3696} INFO - Setting next_dagrun for yfinance_ingestion_historique_gold to 2025-03-14T00:00:00+00:00, run_after=2025-03-15T00:00:00+00:00
[2025-03-14T10:11:04.631+0000] {processor.py:179} INFO - Processing /opt/airflow/dags/ingest_historique.py took 0.857 seconds
[2025-03-14T10:11:35.416+0000] {processor.py:157} INFO - Started process (PID=314) to work on /opt/airflow/dags/ingest_historique.py
[2025-03-14T10:11:35.417+0000] {processor.py:829} INFO - Processing file /opt/airflow/dags/ingest_historique.py for tasks to queue
[2025-03-14T10:11:35.419+0000] {logging_mixin.py:151} INFO - [2025-03-14T10:11:35.419+0000] {dagbag.py:539} INFO - Filling up the DagBag from /opt/airflow/dags/ingest_historique.py
[2025-03-14T10:11:36.044+0000] {processor.py:839} INFO - DAG(s) dict_keys(['yfinance_ingestion_historique_gold']) retrieved from /opt/airflow/dags/ingest_historique.py
[2025-03-14T10:11:36.083+0000] {logging_mixin.py:151} INFO - [2025-03-14T10:11:36.083+0000] {dag.py:2915} INFO - Sync 1 DAGs
[2025-03-14T10:11:36.119+0000] {logging_mixin.py:151} INFO - [2025-03-14T10:11:36.118+0000] {dag.py:3696} INFO - Setting next_dagrun for yfinance_ingestion_historique_gold to 2025-03-14T00:00:00+00:00, run_after=2025-03-15T00:00:00+00:00
[2025-03-14T10:11:36.150+0000] {processor.py:179} INFO - Processing /opt/airflow/dags/ingest_historique.py took 0.739 seconds
[2025-03-14T10:12:06.743+0000] {processor.py:157} INFO - Started process (PID=326) to work on /opt/airflow/dags/ingest_historique.py
[2025-03-14T10:12:06.745+0000] {processor.py:829} INFO - Processing file /opt/airflow/dags/ingest_historique.py for tasks to queue
[2025-03-14T10:12:06.747+0000] {logging_mixin.py:151} INFO - [2025-03-14T10:12:06.747+0000] {dagbag.py:539} INFO - Filling up the DagBag from /opt/airflow/dags/ingest_historique.py
[2025-03-14T10:12:07.830+0000] {processor.py:839} INFO - DAG(s) dict_keys(['yfinance_ingestion_historique_gold']) retrieved from /opt/airflow/dags/ingest_historique.py
[2025-03-14T10:12:07.916+0000] {logging_mixin.py:151} INFO - [2025-03-14T10:12:07.913+0000] {dag.py:2915} INFO - Sync 1 DAGs
[2025-03-14T10:12:08.049+0000] {logging_mixin.py:151} INFO - [2025-03-14T10:12:08.049+0000] {dag.py:3696} INFO - Setting next_dagrun for yfinance_ingestion_historique_gold to 2025-03-14T00:00:00+00:00, run_after=2025-03-15T00:00:00+00:00
[2025-03-14T10:12:08.106+0000] {processor.py:179} INFO - Processing /opt/airflow/dags/ingest_historique.py took 1.368 seconds
[2025-03-14T10:12:38.711+0000] {processor.py:157} INFO - Started process (PID=338) to work on /opt/airflow/dags/ingest_historique.py
[2025-03-14T10:12:38.713+0000] {processor.py:829} INFO - Processing file /opt/airflow/dags/ingest_historique.py for tasks to queue
[2025-03-14T10:12:38.715+0000] {logging_mixin.py:151} INFO - [2025-03-14T10:12:38.715+0000] {dagbag.py:539} INFO - Filling up the DagBag from /opt/airflow/dags/ingest_historique.py
[2025-03-14T10:12:39.346+0000] {processor.py:839} INFO - DAG(s) dict_keys(['yfinance_ingestion_historique_gold']) retrieved from /opt/airflow/dags/ingest_historique.py
[2025-03-14T10:12:39.385+0000] {logging_mixin.py:151} INFO - [2025-03-14T10:12:39.385+0000] {dag.py:2915} INFO - Sync 1 DAGs
[2025-03-14T10:12:39.414+0000] {logging_mixin.py:151} INFO - [2025-03-14T10:12:39.414+0000] {dag.py:3696} INFO - Setting next_dagrun for yfinance_ingestion_historique_gold to 2025-03-14T00:00:00+00:00, run_after=2025-03-15T00:00:00+00:00
[2025-03-14T10:12:39.446+0000] {processor.py:179} INFO - Processing /opt/airflow/dags/ingest_historique.py took 0.742 seconds
[2025-03-14T10:13:10.022+0000] {processor.py:157} INFO - Started process (PID=350) to work on /opt/airflow/dags/ingest_historique.py
[2025-03-14T10:13:10.027+0000] {processor.py:829} INFO - Processing file /opt/airflow/dags/ingest_historique.py for tasks to queue
[2025-03-14T10:13:10.030+0000] {logging_mixin.py:151} INFO - [2025-03-14T10:13:10.029+0000] {dagbag.py:539} INFO - Filling up the DagBag from /opt/airflow/dags/ingest_historique.py
[2025-03-14T10:13:10.896+0000] {processor.py:839} INFO - DAG(s) dict_keys(['yfinance_ingestion_historique_gold']) retrieved from /opt/airflow/dags/ingest_historique.py
[2025-03-14T10:13:10.968+0000] {logging_mixin.py:151} INFO - [2025-03-14T10:13:10.967+0000] {dag.py:2915} INFO - Sync 1 DAGs
[2025-03-14T10:13:11.027+0000] {logging_mixin.py:151} INFO - [2025-03-14T10:13:11.026+0000] {dag.py:3696} INFO - Setting next_dagrun for yfinance_ingestion_historique_gold to 2025-03-14T00:00:00+00:00, run_after=2025-03-15T00:00:00+00:00
[2025-03-14T10:13:11.064+0000] {processor.py:179} INFO - Processing /opt/airflow/dags/ingest_historique.py took 1.061 seconds
[2025-03-14T10:13:41.291+0000] {processor.py:157} INFO - Started process (PID=362) to work on /opt/airflow/dags/ingest_historique.py
[2025-03-14T10:13:41.298+0000] {processor.py:829} INFO - Processing file /opt/airflow/dags/ingest_historique.py for tasks to queue
[2025-03-14T10:13:41.300+0000] {logging_mixin.py:151} INFO - [2025-03-14T10:13:41.299+0000] {dagbag.py:539} INFO - Filling up the DagBag from /opt/airflow/dags/ingest_historique.py
[2025-03-14T10:13:43.410+0000] {processor.py:839} INFO - DAG(s) dict_keys(['yfinance_ingestion_historique_gold']) retrieved from /opt/airflow/dags/ingest_historique.py
[2025-03-14T10:13:43.537+0000] {logging_mixin.py:151} INFO - [2025-03-14T10:13:43.536+0000] {dag.py:2915} INFO - Sync 1 DAGs
[2025-03-14T10:13:43.629+0000] {logging_mixin.py:151} INFO - [2025-03-14T10:13:43.628+0000] {dag.py:3696} INFO - Setting next_dagrun for yfinance_ingestion_historique_gold to 2025-03-14T00:00:00+00:00, run_after=2025-03-15T00:00:00+00:00
[2025-03-14T10:13:43.707+0000] {processor.py:179} INFO - Processing /opt/airflow/dags/ingest_historique.py took 2.424 seconds
[2025-03-14T10:14:14.371+0000] {processor.py:157} INFO - Started process (PID=374) to work on /opt/airflow/dags/ingest_historique.py
[2025-03-14T10:14:14.373+0000] {processor.py:829} INFO - Processing file /opt/airflow/dags/ingest_historique.py for tasks to queue
[2025-03-14T10:14:14.375+0000] {logging_mixin.py:151} INFO - [2025-03-14T10:14:14.375+0000] {dagbag.py:539} INFO - Filling up the DagBag from /opt/airflow/dags/ingest_historique.py
[2025-03-14T10:14:15.342+0000] {processor.py:839} INFO - DAG(s) dict_keys(['yfinance_ingestion_historique_gold']) retrieved from /opt/airflow/dags/ingest_historique.py
[2025-03-14T10:14:15.481+0000] {logging_mixin.py:151} INFO - [2025-03-14T10:14:15.479+0000] {dag.py:2915} INFO - Sync 1 DAGs
[2025-03-14T10:14:15.607+0000] {logging_mixin.py:151} INFO - [2025-03-14T10:14:15.606+0000] {dag.py:3696} INFO - Setting next_dagrun for yfinance_ingestion_historique_gold to 2025-03-14T00:00:00+00:00, run_after=2025-03-15T00:00:00+00:00
[2025-03-14T10:14:15.759+0000] {processor.py:179} INFO - Processing /opt/airflow/dags/ingest_historique.py took 2.283 seconds
[2025-03-14T10:14:46.408+0000] {processor.py:157} INFO - Started process (PID=386) to work on /opt/airflow/dags/ingest_historique.py
[2025-03-14T10:14:46.411+0000] {processor.py:829} INFO - Processing file /opt/airflow/dags/ingest_historique.py for tasks to queue
[2025-03-14T10:14:46.414+0000] {logging_mixin.py:151} INFO - [2025-03-14T10:14:46.412+0000] {dagbag.py:539} INFO - Filling up the DagBag from /opt/airflow/dags/ingest_historique.py
[2025-03-14T10:14:47.716+0000] {processor.py:839} INFO - DAG(s) dict_keys(['yfinance_ingestion_historique_gold']) retrieved from /opt/airflow/dags/ingest_historique.py
[2025-03-14T10:14:47.793+0000] {logging_mixin.py:151} INFO - [2025-03-14T10:14:47.787+0000] {dag.py:2915} INFO - Sync 1 DAGs
[2025-03-14T10:14:47.862+0000] {logging_mixin.py:151} INFO - [2025-03-14T10:14:47.862+0000] {dag.py:3696} INFO - Setting next_dagrun for yfinance_ingestion_historique_gold to 2025-03-14T00:00:00+00:00, run_after=2025-03-15T00:00:00+00:00
[2025-03-14T10:14:47.929+0000] {processor.py:179} INFO - Processing /opt/airflow/dags/ingest_historique.py took 1.534 seconds
[2025-03-14T10:15:18.343+0000] {processor.py:157} INFO - Started process (PID=398) to work on /opt/airflow/dags/ingest_historique.py
[2025-03-14T10:15:18.346+0000] {processor.py:829} INFO - Processing file /opt/airflow/dags/ingest_historique.py for tasks to queue
[2025-03-14T10:15:18.348+0000] {logging_mixin.py:151} INFO - [2025-03-14T10:15:18.347+0000] {dagbag.py:539} INFO - Filling up the DagBag from /opt/airflow/dags/ingest_historique.py
[2025-03-14T10:15:19.024+0000] {processor.py:839} INFO - DAG(s) dict_keys(['yfinance_ingestion_historique_gold']) retrieved from /opt/airflow/dags/ingest_historique.py
[2025-03-14T10:15:19.055+0000] {logging_mixin.py:151} INFO - [2025-03-14T10:15:19.054+0000] {dag.py:2915} INFO - Sync 1 DAGs
[2025-03-14T10:15:19.082+0000] {logging_mixin.py:151} INFO - [2025-03-14T10:15:19.081+0000] {dag.py:3696} INFO - Setting next_dagrun for yfinance_ingestion_historique_gold to 2025-03-14T00:00:00+00:00, run_after=2025-03-15T00:00:00+00:00
[2025-03-14T10:15:19.113+0000] {processor.py:179} INFO - Processing /opt/airflow/dags/ingest_historique.py took 0.776 seconds
[2025-03-14T10:15:49.665+0000] {processor.py:157} INFO - Started process (PID=410) to work on /opt/airflow/dags/ingest_historique.py
[2025-03-14T10:15:49.670+0000] {processor.py:829} INFO - Processing file /opt/airflow/dags/ingest_historique.py for tasks to queue
[2025-03-14T10:15:49.673+0000] {logging_mixin.py:151} INFO - [2025-03-14T10:15:49.672+0000] {dagbag.py:539} INFO - Filling up the DagBag from /opt/airflow/dags/ingest_historique.py
[2025-03-14T10:15:50.187+0000] {processor.py:839} INFO - DAG(s) dict_keys(['yfinance_ingestion_historique_gold']) retrieved from /opt/airflow/dags/ingest_historique.py
[2025-03-14T10:15:50.227+0000] {logging_mixin.py:151} INFO - [2025-03-14T10:15:50.226+0000] {dag.py:2915} INFO - Sync 1 DAGs
[2025-03-14T10:15:50.253+0000] {logging_mixin.py:151} INFO - [2025-03-14T10:15:50.253+0000] {dag.py:3696} INFO - Setting next_dagrun for yfinance_ingestion_historique_gold to 2025-03-14T00:00:00+00:00, run_after=2025-03-15T00:00:00+00:00
[2025-03-14T10:15:50.283+0000] {processor.py:179} INFO - Processing /opt/airflow/dags/ingest_historique.py took 0.622 seconds
[2025-03-14T10:16:20.358+0000] {processor.py:157} INFO - Started process (PID=422) to work on /opt/airflow/dags/ingest_historique.py
[2025-03-14T10:16:20.360+0000] {processor.py:829} INFO - Processing file /opt/airflow/dags/ingest_historique.py for tasks to queue
[2025-03-14T10:16:20.363+0000] {logging_mixin.py:151} INFO - [2025-03-14T10:16:20.362+0000] {dagbag.py:539} INFO - Filling up the DagBag from /opt/airflow/dags/ingest_historique.py
[2025-03-14T10:16:21.518+0000] {processor.py:839} INFO - DAG(s) dict_keys(['yfinance_ingestion_historique_gold']) retrieved from /opt/airflow/dags/ingest_historique.py
[2025-03-14T10:16:21.633+0000] {logging_mixin.py:151} INFO - [2025-03-14T10:16:21.632+0000] {dag.py:2915} INFO - Sync 1 DAGs
[2025-03-14T10:16:21.702+0000] {logging_mixin.py:151} INFO - [2025-03-14T10:16:21.702+0000] {dag.py:3696} INFO - Setting next_dagrun for yfinance_ingestion_historique_gold to 2025-03-14T00:00:00+00:00, run_after=2025-03-15T00:00:00+00:00
[2025-03-14T10:16:21.737+0000] {processor.py:179} INFO - Processing /opt/airflow/dags/ingest_historique.py took 1.394 seconds
[2025-03-14T10:16:51.997+0000] {processor.py:157} INFO - Started process (PID=434) to work on /opt/airflow/dags/ingest_historique.py
[2025-03-14T10:16:52.000+0000] {processor.py:829} INFO - Processing file /opt/airflow/dags/ingest_historique.py for tasks to queue
[2025-03-14T10:16:52.005+0000] {logging_mixin.py:151} INFO - [2025-03-14T10:16:52.004+0000] {dagbag.py:539} INFO - Filling up the DagBag from /opt/airflow/dags/ingest_historique.py
[2025-03-14T10:16:53.171+0000] {processor.py:839} INFO - DAG(s) dict_keys(['yfinance_ingestion_historique_gold']) retrieved from /opt/airflow/dags/ingest_historique.py
[2025-03-14T10:16:53.239+0000] {logging_mixin.py:151} INFO - [2025-03-14T10:16:53.238+0000] {dag.py:2915} INFO - Sync 1 DAGs
[2025-03-14T10:16:53.290+0000] {logging_mixin.py:151} INFO - [2025-03-14T10:16:53.289+0000] {dag.py:3696} INFO - Setting next_dagrun for yfinance_ingestion_historique_gold to 2025-03-14T00:00:00+00:00, run_after=2025-03-15T00:00:00+00:00
[2025-03-14T10:16:53.348+0000] {processor.py:179} INFO - Processing /opt/airflow/dags/ingest_historique.py took 1.370 seconds
[2025-03-14T10:17:23.766+0000] {processor.py:157} INFO - Started process (PID=446) to work on /opt/airflow/dags/ingest_historique.py
[2025-03-14T10:17:23.768+0000] {processor.py:829} INFO - Processing file /opt/airflow/dags/ingest_historique.py for tasks to queue
[2025-03-14T10:17:23.772+0000] {logging_mixin.py:151} INFO - [2025-03-14T10:17:23.771+0000] {dagbag.py:539} INFO - Filling up the DagBag from /opt/airflow/dags/ingest_historique.py
[2025-03-14T10:17:24.921+0000] {processor.py:839} INFO - DAG(s) dict_keys(['yfinance_ingestion_historique_gold']) retrieved from /opt/airflow/dags/ingest_historique.py
[2025-03-14T10:17:25.012+0000] {logging_mixin.py:151} INFO - [2025-03-14T10:17:25.010+0000] {dag.py:2915} INFO - Sync 1 DAGs
[2025-03-14T10:17:25.066+0000] {logging_mixin.py:151} INFO - [2025-03-14T10:17:25.066+0000] {dag.py:3696} INFO - Setting next_dagrun for yfinance_ingestion_historique_gold to 2025-03-14T00:00:00+00:00, run_after=2025-03-15T00:00:00+00:00
[2025-03-14T10:17:25.114+0000] {processor.py:179} INFO - Processing /opt/airflow/dags/ingest_historique.py took 1.357 seconds
[2025-03-14T10:17:55.236+0000] {processor.py:157} INFO - Started process (PID=458) to work on /opt/airflow/dags/ingest_historique.py
[2025-03-14T10:17:55.240+0000] {processor.py:829} INFO - Processing file /opt/airflow/dags/ingest_historique.py for tasks to queue
[2025-03-14T10:17:55.242+0000] {logging_mixin.py:151} INFO - [2025-03-14T10:17:55.242+0000] {dagbag.py:539} INFO - Filling up the DagBag from /opt/airflow/dags/ingest_historique.py
[2025-03-14T10:17:56.329+0000] {processor.py:839} INFO - DAG(s) dict_keys(['yfinance_ingestion_historique_gold']) retrieved from /opt/airflow/dags/ingest_historique.py
[2025-03-14T10:17:56.397+0000] {logging_mixin.py:151} INFO - [2025-03-14T10:17:56.395+0000] {dag.py:2915} INFO - Sync 1 DAGs
[2025-03-14T10:17:56.448+0000] {logging_mixin.py:151} INFO - [2025-03-14T10:17:56.447+0000] {dag.py:3696} INFO - Setting next_dagrun for yfinance_ingestion_historique_gold to 2025-03-14T00:00:00+00:00, run_after=2025-03-15T00:00:00+00:00
[2025-03-14T10:17:56.498+0000] {processor.py:179} INFO - Processing /opt/airflow/dags/ingest_historique.py took 1.269 seconds
[2025-03-14T10:18:26.719+0000] {processor.py:157} INFO - Started process (PID=470) to work on /opt/airflow/dags/ingest_historique.py
[2025-03-14T10:18:26.724+0000] {processor.py:829} INFO - Processing file /opt/airflow/dags/ingest_historique.py for tasks to queue
[2025-03-14T10:18:26.727+0000] {logging_mixin.py:151} INFO - [2025-03-14T10:18:26.726+0000] {dagbag.py:539} INFO - Filling up the DagBag from /opt/airflow/dags/ingest_historique.py
[2025-03-14T10:18:28.033+0000] {processor.py:839} INFO - DAG(s) dict_keys(['yfinance_ingestion_historique_gold']) retrieved from /opt/airflow/dags/ingest_historique.py
[2025-03-14T10:18:28.103+0000] {logging_mixin.py:151} INFO - [2025-03-14T10:18:28.101+0000] {dag.py:2915} INFO - Sync 1 DAGs
[2025-03-14T10:18:28.169+0000] {logging_mixin.py:151} INFO - [2025-03-14T10:18:28.168+0000] {dag.py:3696} INFO - Setting next_dagrun for yfinance_ingestion_historique_gold to 2025-03-14T00:00:00+00:00, run_after=2025-03-15T00:00:00+00:00
[2025-03-14T10:18:28.241+0000] {processor.py:179} INFO - Processing /opt/airflow/dags/ingest_historique.py took 1.531 seconds
[2025-03-14T10:18:58.686+0000] {processor.py:157} INFO - Started process (PID=482) to work on /opt/airflow/dags/ingest_historique.py
[2025-03-14T10:18:58.690+0000] {processor.py:829} INFO - Processing file /opt/airflow/dags/ingest_historique.py for tasks to queue
[2025-03-14T10:18:58.697+0000] {logging_mixin.py:151} INFO - [2025-03-14T10:18:58.694+0000] {dagbag.py:539} INFO - Filling up the DagBag from /opt/airflow/dags/ingest_historique.py
[2025-03-14T10:19:00.137+0000] {processor.py:839} INFO - DAG(s) dict_keys(['yfinance_ingestion_historique_gold']) retrieved from /opt/airflow/dags/ingest_historique.py
[2025-03-14T10:19:00.196+0000] {logging_mixin.py:151} INFO - [2025-03-14T10:19:00.195+0000] {dag.py:2915} INFO - Sync 1 DAGs
[2025-03-14T10:19:00.260+0000] {logging_mixin.py:151} INFO - [2025-03-14T10:19:00.259+0000] {dag.py:3696} INFO - Setting next_dagrun for yfinance_ingestion_historique_gold to 2025-03-14T00:00:00+00:00, run_after=2025-03-15T00:00:00+00:00
[2025-03-14T10:19:00.303+0000] {processor.py:179} INFO - Processing /opt/airflow/dags/ingest_historique.py took 1.632 seconds
[2025-03-14T10:19:30.464+0000] {processor.py:157} INFO - Started process (PID=494) to work on /opt/airflow/dags/ingest_historique.py
[2025-03-14T10:19:30.466+0000] {processor.py:829} INFO - Processing file /opt/airflow/dags/ingest_historique.py for tasks to queue
[2025-03-14T10:19:30.470+0000] {logging_mixin.py:151} INFO - [2025-03-14T10:19:30.468+0000] {dagbag.py:539} INFO - Filling up the DagBag from /opt/airflow/dags/ingest_historique.py
[2025-03-14T10:19:31.703+0000] {processor.py:839} INFO - DAG(s) dict_keys(['yfinance_ingestion_historique_gold']) retrieved from /opt/airflow/dags/ingest_historique.py
[2025-03-14T10:19:31.768+0000] {logging_mixin.py:151} INFO - [2025-03-14T10:19:31.768+0000] {dag.py:2915} INFO - Sync 1 DAGs
[2025-03-14T10:19:31.853+0000] {logging_mixin.py:151} INFO - [2025-03-14T10:19:31.853+0000] {dag.py:3696} INFO - Setting next_dagrun for yfinance_ingestion_historique_gold to 2025-03-14T00:00:00+00:00, run_after=2025-03-15T00:00:00+00:00
[2025-03-14T10:19:31.898+0000] {processor.py:179} INFO - Processing /opt/airflow/dags/ingest_historique.py took 1.440 seconds
[2025-03-14T10:20:02.263+0000] {processor.py:157} INFO - Started process (PID=506) to work on /opt/airflow/dags/ingest_historique.py
[2025-03-14T10:20:02.266+0000] {processor.py:829} INFO - Processing file /opt/airflow/dags/ingest_historique.py for tasks to queue
[2025-03-14T10:20:02.269+0000] {logging_mixin.py:151} INFO - [2025-03-14T10:20:02.268+0000] {dagbag.py:539} INFO - Filling up the DagBag from /opt/airflow/dags/ingest_historique.py
[2025-03-14T10:20:02.613+0000] {processor.py:839} INFO - DAG(s) dict_keys(['yfinance_ingestion_historique_gold']) retrieved from /opt/airflow/dags/ingest_historique.py
[2025-03-14T10:20:02.671+0000] {logging_mixin.py:151} INFO - [2025-03-14T10:20:02.670+0000] {dag.py:2915} INFO - Sync 1 DAGs
[2025-03-14T10:20:02.721+0000] {logging_mixin.py:151} INFO - [2025-03-14T10:20:02.721+0000] {dag.py:3696} INFO - Setting next_dagrun for yfinance_ingestion_historique_gold to 2025-03-14T00:00:00+00:00, run_after=2025-03-15T00:00:00+00:00
[2025-03-14T10:20:02.776+0000] {processor.py:179} INFO - Processing /opt/airflow/dags/ingest_historique.py took 1.748 seconds
[2025-03-14T10:20:33.054+0000] {processor.py:157} INFO - Started process (PID=518) to work on /opt/airflow/dags/ingest_historique.py
[2025-03-14T10:20:33.056+0000] {processor.py:829} INFO - Processing file /opt/airflow/dags/ingest_historique.py for tasks to queue
[2025-03-14T10:20:33.058+0000] {logging_mixin.py:151} INFO - [2025-03-14T10:20:33.057+0000] {dagbag.py:539} INFO - Filling up the DagBag from /opt/airflow/dags/ingest_historique.py
[2025-03-14T10:20:34.459+0000] {processor.py:839} INFO - DAG(s) dict_keys(['yfinance_ingestion_historique_gold']) retrieved from /opt/airflow/dags/ingest_historique.py
[2025-03-14T10:20:34.570+0000] {logging_mixin.py:151} INFO - [2025-03-14T10:20:34.569+0000] {dag.py:2915} INFO - Sync 1 DAGs
[2025-03-14T10:20:34.674+0000] {logging_mixin.py:151} INFO - [2025-03-14T10:20:34.673+0000] {dag.py:3696} INFO - Setting next_dagrun for yfinance_ingestion_historique_gold to 2025-03-14T00:00:00+00:00, run_after=2025-03-15T00:00:00+00:00
[2025-03-14T10:20:34.741+0000] {processor.py:179} INFO - Processing /opt/airflow/dags/ingest_historique.py took 1.700 seconds
[2025-03-14T10:21:05.041+0000] {processor.py:157} INFO - Started process (PID=530) to work on /opt/airflow/dags/ingest_historique.py
[2025-03-14T10:21:05.047+0000] {processor.py:829} INFO - Processing file /opt/airflow/dags/ingest_historique.py for tasks to queue
[2025-03-14T10:21:05.049+0000] {logging_mixin.py:151} INFO - [2025-03-14T10:21:05.048+0000] {dagbag.py:539} INFO - Filling up the DagBag from /opt/airflow/dags/ingest_historique.py
[2025-03-14T10:21:06.540+0000] {processor.py:839} INFO - DAG(s) dict_keys(['yfinance_ingestion_historique_gold']) retrieved from /opt/airflow/dags/ingest_historique.py
[2025-03-14T10:21:06.618+0000] {logging_mixin.py:151} INFO - [2025-03-14T10:21:06.617+0000] {dag.py:2915} INFO - Sync 1 DAGs
[2025-03-14T10:21:06.747+0000] {logging_mixin.py:151} INFO - [2025-03-14T10:21:06.747+0000] {dag.py:3696} INFO - Setting next_dagrun for yfinance_ingestion_historique_gold to 2025-03-14T00:00:00+00:00, run_after=2025-03-15T00:00:00+00:00
[2025-03-14T10:21:06.828+0000] {processor.py:179} INFO - Processing /opt/airflow/dags/ingest_historique.py took 1.797 seconds
[2025-03-14T10:21:37.075+0000] {processor.py:157} INFO - Started process (PID=542) to work on /opt/airflow/dags/ingest_historique.py
[2025-03-14T10:21:37.077+0000] {processor.py:829} INFO - Processing file /opt/airflow/dags/ingest_historique.py for tasks to queue
[2025-03-14T10:21:37.079+0000] {logging_mixin.py:151} INFO - [2025-03-14T10:21:37.079+0000] {dagbag.py:539} INFO - Filling up the DagBag from /opt/airflow/dags/ingest_historique.py
[2025-03-14T10:21:37.822+0000] {processor.py:839} INFO - DAG(s) dict_keys(['yfinance_ingestion_historique_gold']) retrieved from /opt/airflow/dags/ingest_historique.py
[2025-03-14T10:21:37.901+0000] {logging_mixin.py:151} INFO - [2025-03-14T10:21:37.900+0000] {dag.py:2915} INFO - Sync 1 DAGs
[2025-03-14T10:21:37.966+0000] {logging_mixin.py:151} INFO - [2025-03-14T10:21:37.965+0000] {dag.py:3696} INFO - Setting next_dagrun for yfinance_ingestion_historique_gold to 2025-03-14T00:00:00+00:00, run_after=2025-03-15T00:00:00+00:00
[2025-03-14T10:21:38.009+0000] {processor.py:179} INFO - Processing /opt/airflow/dags/ingest_historique.py took 0.939 seconds
[2025-03-14T10:22:08.272+0000] {processor.py:157} INFO - Started process (PID=554) to work on /opt/airflow/dags/ingest_historique.py
[2025-03-14T10:22:08.274+0000] {processor.py:829} INFO - Processing file /opt/airflow/dags/ingest_historique.py for tasks to queue
[2025-03-14T10:22:08.277+0000] {logging_mixin.py:151} INFO - [2025-03-14T10:22:08.276+0000] {dagbag.py:539} INFO - Filling up the DagBag from /opt/airflow/dags/ingest_historique.py
[2025-03-14T10:22:09.122+0000] {processor.py:839} INFO - DAG(s) dict_keys(['yfinance_ingestion_historique_gold']) retrieved from /opt/airflow/dags/ingest_historique.py
[2025-03-14T10:22:09.182+0000] {logging_mixin.py:151} INFO - [2025-03-14T10:22:09.181+0000] {dag.py:2915} INFO - Sync 1 DAGs
[2025-03-14T10:22:09.245+0000] {logging_mixin.py:151} INFO - [2025-03-14T10:22:09.245+0000] {dag.py:3696} INFO - Setting next_dagrun for yfinance_ingestion_historique_gold to 2025-03-14T00:00:00+00:00, run_after=2025-03-15T00:00:00+00:00
[2025-03-14T10:22:09.298+0000] {processor.py:179} INFO - Processing /opt/airflow/dags/ingest_historique.py took 1.033 seconds
[2025-03-14T10:22:39.588+0000] {processor.py:157} INFO - Started process (PID=566) to work on /opt/airflow/dags/ingest_historique.py
[2025-03-14T10:22:39.591+0000] {processor.py:829} INFO - Processing file /opt/airflow/dags/ingest_historique.py for tasks to queue
[2025-03-14T10:22:39.593+0000] {logging_mixin.py:151} INFO - [2025-03-14T10:22:39.592+0000] {dagbag.py:539} INFO - Filling up the DagBag from /opt/airflow/dags/ingest_historique.py
[2025-03-14T10:22:40.371+0000] {processor.py:839} INFO - DAG(s) dict_keys(['yfinance_ingestion_historique_gold']) retrieved from /opt/airflow/dags/ingest_historique.py
[2025-03-14T10:22:40.478+0000] {logging_mixin.py:151} INFO - [2025-03-14T10:22:40.477+0000] {dag.py:2915} INFO - Sync 1 DAGs
[2025-03-14T10:22:40.556+0000] {logging_mixin.py:151} INFO - [2025-03-14T10:22:40.556+0000] {dag.py:3696} INFO - Setting next_dagrun for yfinance_ingestion_historique_gold to 2025-03-14T00:00:00+00:00, run_after=2025-03-15T00:00:00+00:00
[2025-03-14T10:22:40.591+0000] {processor.py:179} INFO - Processing /opt/airflow/dags/ingest_historique.py took 1.011 seconds
[2025-03-14T10:23:10.914+0000] {processor.py:157} INFO - Started process (PID=578) to work on /opt/airflow/dags/ingest_historique.py
[2025-03-14T10:23:10.916+0000] {processor.py:829} INFO - Processing file /opt/airflow/dags/ingest_historique.py for tasks to queue
[2025-03-14T10:23:10.919+0000] {logging_mixin.py:151} INFO - [2025-03-14T10:23:10.918+0000] {dagbag.py:539} INFO - Filling up the DagBag from /opt/airflow/dags/ingest_historique.py
[2025-03-14T10:23:11.652+0000] {processor.py:839} INFO - DAG(s) dict_keys(['yfinance_ingestion_historique_gold']) retrieved from /opt/airflow/dags/ingest_historique.py
[2025-03-14T10:23:11.693+0000] {logging_mixin.py:151} INFO - [2025-03-14T10:23:11.692+0000] {dag.py:2915} INFO - Sync 1 DAGs
[2025-03-14T10:23:11.732+0000] {logging_mixin.py:151} INFO - [2025-03-14T10:23:11.731+0000] {dag.py:3696} INFO - Setting next_dagrun for yfinance_ingestion_historique_gold to 2025-03-14T00:00:00+00:00, run_after=2025-03-15T00:00:00+00:00
[2025-03-14T10:23:11.776+0000] {processor.py:179} INFO - Processing /opt/airflow/dags/ingest_historique.py took 0.869 seconds
[2025-03-14T10:23:42.073+0000] {processor.py:157} INFO - Started process (PID=590) to work on /opt/airflow/dags/ingest_historique.py
[2025-03-14T10:23:42.075+0000] {processor.py:829} INFO - Processing file /opt/airflow/dags/ingest_historique.py for tasks to queue
[2025-03-14T10:23:42.077+0000] {logging_mixin.py:151} INFO - [2025-03-14T10:23:42.077+0000] {dagbag.py:539} INFO - Filling up the DagBag from /opt/airflow/dags/ingest_historique.py
[2025-03-14T10:23:42.901+0000] {processor.py:839} INFO - DAG(s) dict_keys(['yfinance_ingestion_historique_gold']) retrieved from /opt/airflow/dags/ingest_historique.py
[2025-03-14T10:23:42.939+0000] {logging_mixin.py:151} INFO - [2025-03-14T10:23:42.938+0000] {dag.py:2915} INFO - Sync 1 DAGs
[2025-03-14T10:23:42.974+0000] {logging_mixin.py:151} INFO - [2025-03-14T10:23:42.974+0000] {dag.py:3696} INFO - Setting next_dagrun for yfinance_ingestion_historique_gold to 2025-03-14T00:00:00+00:00, run_after=2025-03-15T00:00:00+00:00
[2025-03-14T10:23:43.006+0000] {processor.py:179} INFO - Processing /opt/airflow/dags/ingest_historique.py took 0.939 seconds
[2025-03-14T10:24:13.260+0000] {processor.py:157} INFO - Started process (PID=602) to work on /opt/airflow/dags/ingest_historique.py
[2025-03-14T10:24:13.262+0000] {processor.py:829} INFO - Processing file /opt/airflow/dags/ingest_historique.py for tasks to queue
[2025-03-14T10:24:13.263+0000] {logging_mixin.py:151} INFO - [2025-03-14T10:24:13.263+0000] {dagbag.py:539} INFO - Filling up the DagBag from /opt/airflow/dags/ingest_historique.py
[2025-03-14T10:24:13.897+0000] {processor.py:839} INFO - DAG(s) dict_keys(['yfinance_ingestion_historique_gold']) retrieved from /opt/airflow/dags/ingest_historique.py
[2025-03-14T10:24:13.929+0000] {logging_mixin.py:151} INFO - [2025-03-14T10:24:13.929+0000] {dag.py:2915} INFO - Sync 1 DAGs
[2025-03-14T10:24:13.959+0000] {logging_mixin.py:151} INFO - [2025-03-14T10:24:13.959+0000] {dag.py:3696} INFO - Setting next_dagrun for yfinance_ingestion_historique_gold to 2025-03-14T00:00:00+00:00, run_after=2025-03-15T00:00:00+00:00
[2025-03-14T10:24:13.996+0000] {processor.py:179} INFO - Processing /opt/airflow/dags/ingest_historique.py took 0.740 seconds
[2025-03-14T10:24:44.135+0000] {processor.py:157} INFO - Started process (PID=614) to work on /opt/airflow/dags/ingest_historique.py
[2025-03-14T10:24:44.137+0000] {processor.py:829} INFO - Processing file /opt/airflow/dags/ingest_historique.py for tasks to queue
[2025-03-14T10:24:44.139+0000] {logging_mixin.py:151} INFO - [2025-03-14T10:24:44.138+0000] {dagbag.py:539} INFO - Filling up the DagBag from /opt/airflow/dags/ingest_historique.py
[2025-03-14T10:24:44.867+0000] {processor.py:839} INFO - DAG(s) dict_keys(['yfinance_ingestion_historique_gold']) retrieved from /opt/airflow/dags/ingest_historique.py
[2025-03-14T10:24:44.936+0000] {logging_mixin.py:151} INFO - [2025-03-14T10:24:44.935+0000] {dag.py:2915} INFO - Sync 1 DAGs
[2025-03-14T10:24:44.996+0000] {logging_mixin.py:151} INFO - [2025-03-14T10:24:44.996+0000] {dag.py:3696} INFO - Setting next_dagrun for yfinance_ingestion_historique_gold to 2025-03-14T00:00:00+00:00, run_after=2025-03-15T00:00:00+00:00
[2025-03-14T10:24:45.045+0000] {processor.py:179} INFO - Processing /opt/airflow/dags/ingest_historique.py took 0.917 seconds
[2025-03-14T10:25:15.341+0000] {processor.py:157} INFO - Started process (PID=626) to work on /opt/airflow/dags/ingest_historique.py
[2025-03-14T10:25:15.342+0000] {processor.py:829} INFO - Processing file /opt/airflow/dags/ingest_historique.py for tasks to queue
[2025-03-14T10:25:15.344+0000] {logging_mixin.py:151} INFO - [2025-03-14T10:25:15.344+0000] {dagbag.py:539} INFO - Filling up the DagBag from /opt/airflow/dags/ingest_historique.py
[2025-03-14T10:25:16.340+0000] {processor.py:839} INFO - DAG(s) dict_keys(['yfinance_ingestion_historique_gold']) retrieved from /opt/airflow/dags/ingest_historique.py
[2025-03-14T10:25:16.405+0000] {logging_mixin.py:151} INFO - [2025-03-14T10:25:16.404+0000] {dag.py:2915} INFO - Sync 1 DAGs
[2025-03-14T10:25:16.443+0000] {logging_mixin.py:151} INFO - [2025-03-14T10:25:16.442+0000] {dag.py:3696} INFO - Setting next_dagrun for yfinance_ingestion_historique_gold to 2025-03-14T00:00:00+00:00, run_after=2025-03-15T00:00:00+00:00
[2025-03-14T10:25:16.484+0000] {processor.py:179} INFO - Processing /opt/airflow/dags/ingest_historique.py took 1.147 seconds
[2025-03-14T10:25:46.565+0000] {processor.py:157} INFO - Started process (PID=638) to work on /opt/airflow/dags/ingest_historique.py
[2025-03-14T10:25:46.567+0000] {processor.py:829} INFO - Processing file /opt/airflow/dags/ingest_historique.py for tasks to queue
[2025-03-14T10:25:46.568+0000] {logging_mixin.py:151} INFO - [2025-03-14T10:25:46.568+0000] {dagbag.py:539} INFO - Filling up the DagBag from /opt/airflow/dags/ingest_historique.py
[2025-03-14T10:25:47.288+0000] {processor.py:839} INFO - DAG(s) dict_keys(['yfinance_ingestion_historique_gold']) retrieved from /opt/airflow/dags/ingest_historique.py
[2025-03-14T10:25:47.339+0000] {logging_mixin.py:151} INFO - [2025-03-14T10:25:47.338+0000] {dag.py:2915} INFO - Sync 1 DAGs
[2025-03-14T10:25:47.377+0000] {logging_mixin.py:151} INFO - [2025-03-14T10:25:47.377+0000] {dag.py:3696} INFO - Setting next_dagrun for yfinance_ingestion_historique_gold to 2025-03-14T00:00:00+00:00, run_after=2025-03-15T00:00:00+00:00
[2025-03-14T10:25:47.414+0000] {processor.py:179} INFO - Processing /opt/airflow/dags/ingest_historique.py took 0.853 seconds
[2025-03-14T10:26:17.554+0000] {processor.py:157} INFO - Started process (PID=650) to work on /opt/airflow/dags/ingest_historique.py
[2025-03-14T10:26:17.557+0000] {processor.py:829} INFO - Processing file /opt/airflow/dags/ingest_historique.py for tasks to queue
[2025-03-14T10:26:17.559+0000] {logging_mixin.py:151} INFO - [2025-03-14T10:26:17.559+0000] {dagbag.py:539} INFO - Filling up the DagBag from /opt/airflow/dags/ingest_historique.py
[2025-03-14T10:26:18.393+0000] {processor.py:839} INFO - DAG(s) dict_keys(['yfinance_ingestion_historique_gold']) retrieved from /opt/airflow/dags/ingest_historique.py
[2025-03-14T10:26:18.435+0000] {logging_mixin.py:151} INFO - [2025-03-14T10:26:18.435+0000] {dag.py:2915} INFO - Sync 1 DAGs
[2025-03-14T10:26:18.497+0000] {logging_mixin.py:151} INFO - [2025-03-14T10:26:18.496+0000] {dag.py:3696} INFO - Setting next_dagrun for yfinance_ingestion_historique_gold to 2025-03-14T00:00:00+00:00, run_after=2025-03-15T00:00:00+00:00
[2025-03-14T10:26:18.537+0000] {processor.py:179} INFO - Processing /opt/airflow/dags/ingest_historique.py took 0.992 seconds
[2025-03-14T10:26:48.745+0000] {processor.py:157} INFO - Started process (PID=662) to work on /opt/airflow/dags/ingest_historique.py
[2025-03-14T10:26:48.747+0000] {processor.py:829} INFO - Processing file /opt/airflow/dags/ingest_historique.py for tasks to queue
[2025-03-14T10:26:48.749+0000] {logging_mixin.py:151} INFO - [2025-03-14T10:26:48.748+0000] {dagbag.py:539} INFO - Filling up the DagBag from /opt/airflow/dags/ingest_historique.py
[2025-03-14T10:26:49.607+0000] {processor.py:839} INFO - DAG(s) dict_keys(['yfinance_ingestion_historique_gold']) retrieved from /opt/airflow/dags/ingest_historique.py
[2025-03-14T10:26:49.642+0000] {logging_mixin.py:151} INFO - [2025-03-14T10:26:49.642+0000] {dag.py:2915} INFO - Sync 1 DAGs
[2025-03-14T10:26:49.676+0000] {logging_mixin.py:151} INFO - [2025-03-14T10:26:49.675+0000] {dag.py:3696} INFO - Setting next_dagrun for yfinance_ingestion_historique_gold to 2025-03-14T00:00:00+00:00, run_after=2025-03-15T00:00:00+00:00
[2025-03-14T10:26:49.708+0000] {processor.py:179} INFO - Processing /opt/airflow/dags/ingest_historique.py took 0.969 seconds
[2025-03-14T10:27:19.966+0000] {processor.py:157} INFO - Started process (PID=674) to work on /opt/airflow/dags/ingest_historique.py
[2025-03-14T10:27:19.968+0000] {processor.py:829} INFO - Processing file /opt/airflow/dags/ingest_historique.py for tasks to queue
[2025-03-14T10:27:19.970+0000] {logging_mixin.py:151} INFO - [2025-03-14T10:27:19.970+0000] {dagbag.py:539} INFO - Filling up the DagBag from /opt/airflow/dags/ingest_historique.py
[2025-03-14T10:27:20.498+0000] {processor.py:839} INFO - DAG(s) dict_keys(['yfinance_ingestion_historique_gold']) retrieved from /opt/airflow/dags/ingest_historique.py
[2025-03-14T10:27:20.543+0000] {logging_mixin.py:151} INFO - [2025-03-14T10:27:20.542+0000] {dag.py:2915} INFO - Sync 1 DAGs
[2025-03-14T10:27:20.584+0000] {logging_mixin.py:151} INFO - [2025-03-14T10:27:20.584+0000] {dag.py:3696} INFO - Setting next_dagrun for yfinance_ingestion_historique_gold to 2025-03-14T00:00:00+00:00, run_after=2025-03-15T00:00:00+00:00
[2025-03-14T10:27:20.616+0000] {processor.py:179} INFO - Processing /opt/airflow/dags/ingest_historique.py took 0.656 seconds
[2025-03-14T10:27:50.863+0000] {processor.py:157} INFO - Started process (PID=686) to work on /opt/airflow/dags/ingest_historique.py
[2025-03-14T10:27:50.865+0000] {processor.py:829} INFO - Processing file /opt/airflow/dags/ingest_historique.py for tasks to queue
[2025-03-14T10:27:50.867+0000] {logging_mixin.py:151} INFO - [2025-03-14T10:27:50.866+0000] {dagbag.py:539} INFO - Filling up the DagBag from /opt/airflow/dags/ingest_historique.py
[2025-03-14T10:27:51.481+0000] {processor.py:839} INFO - DAG(s) dict_keys(['yfinance_ingestion_historique_gold']) retrieved from /opt/airflow/dags/ingest_historique.py
[2025-03-14T10:27:51.523+0000] {logging_mixin.py:151} INFO - [2025-03-14T10:27:51.522+0000] {dag.py:2915} INFO - Sync 1 DAGs
[2025-03-14T10:27:51.572+0000] {logging_mixin.py:151} INFO - [2025-03-14T10:27:51.572+0000] {dag.py:3696} INFO - Setting next_dagrun for yfinance_ingestion_historique_gold to 2025-03-14T00:00:00+00:00, run_after=2025-03-15T00:00:00+00:00
[2025-03-14T10:27:51.613+0000] {processor.py:179} INFO - Processing /opt/airflow/dags/ingest_historique.py took 0.756 seconds
[2025-03-14T10:28:21.678+0000] {processor.py:157} INFO - Started process (PID=698) to work on /opt/airflow/dags/ingest_historique.py
[2025-03-14T10:28:21.680+0000] {processor.py:829} INFO - Processing file /opt/airflow/dags/ingest_historique.py for tasks to queue
[2025-03-14T10:28:21.682+0000] {logging_mixin.py:151} INFO - [2025-03-14T10:28:21.682+0000] {dagbag.py:539} INFO - Filling up the DagBag from /opt/airflow/dags/ingest_historique.py
[2025-03-14T10:28:22.228+0000] {processor.py:839} INFO - DAG(s) dict_keys(['yfinance_ingestion_historique_gold']) retrieved from /opt/airflow/dags/ingest_historique.py
[2025-03-14T10:28:22.265+0000] {logging_mixin.py:151} INFO - [2025-03-14T10:28:22.264+0000] {dag.py:2915} INFO - Sync 1 DAGs
[2025-03-14T10:28:22.297+0000] {logging_mixin.py:151} INFO - [2025-03-14T10:28:22.297+0000] {dag.py:3696} INFO - Setting next_dagrun for yfinance_ingestion_historique_gold to 2025-03-14T00:00:00+00:00, run_after=2025-03-15T00:00:00+00:00
[2025-03-14T10:28:22.330+0000] {processor.py:179} INFO - Processing /opt/airflow/dags/ingest_historique.py took 0.656 seconds
[2025-03-14T10:28:52.854+0000] {processor.py:157} INFO - Started process (PID=710) to work on /opt/airflow/dags/ingest_historique.py
[2025-03-14T10:28:52.856+0000] {processor.py:829} INFO - Processing file /opt/airflow/dags/ingest_historique.py for tasks to queue
[2025-03-14T10:28:52.857+0000] {logging_mixin.py:151} INFO - [2025-03-14T10:28:52.857+0000] {dagbag.py:539} INFO - Filling up the DagBag from /opt/airflow/dags/ingest_historique.py
[2025-03-14T10:28:53.399+0000] {processor.py:839} INFO - DAG(s) dict_keys(['yfinance_ingestion_historique_gold']) retrieved from /opt/airflow/dags/ingest_historique.py
[2025-03-14T10:28:53.431+0000] {logging_mixin.py:151} INFO - [2025-03-14T10:28:53.431+0000] {dag.py:2915} INFO - Sync 1 DAGs
[2025-03-14T10:28:53.460+0000] {logging_mixin.py:151} INFO - [2025-03-14T10:28:53.460+0000] {dag.py:3696} INFO - Setting next_dagrun for yfinance_ingestion_historique_gold to 2025-03-14T00:00:00+00:00, run_after=2025-03-15T00:00:00+00:00
[2025-03-14T10:28:53.491+0000] {processor.py:179} INFO - Processing /opt/airflow/dags/ingest_historique.py took 0.641 seconds
[2025-03-14T10:29:23.636+0000] {processor.py:157} INFO - Started process (PID=722) to work on /opt/airflow/dags/ingest_historique.py
[2025-03-14T10:29:23.637+0000] {processor.py:829} INFO - Processing file /opt/airflow/dags/ingest_historique.py for tasks to queue
[2025-03-14T10:29:23.638+0000] {logging_mixin.py:151} INFO - [2025-03-14T10:29:23.638+0000] {dagbag.py:539} INFO - Filling up the DagBag from /opt/airflow/dags/ingest_historique.py
[2025-03-14T10:29:24.278+0000] {processor.py:839} INFO - DAG(s) dict_keys(['yfinance_ingestion_historique_gold']) retrieved from /opt/airflow/dags/ingest_historique.py
[2025-03-14T10:29:24.314+0000] {logging_mixin.py:151} INFO - [2025-03-14T10:29:24.313+0000] {dag.py:2915} INFO - Sync 1 DAGs
[2025-03-14T10:29:24.340+0000] {logging_mixin.py:151} INFO - [2025-03-14T10:29:24.340+0000] {dag.py:3696} INFO - Setting next_dagrun for yfinance_ingestion_historique_gold to 2025-03-14T00:00:00+00:00, run_after=2025-03-15T00:00:00+00:00
[2025-03-14T10:29:24.368+0000] {processor.py:179} INFO - Processing /opt/airflow/dags/ingest_historique.py took 0.736 seconds
[2025-03-14T10:29:54.596+0000] {processor.py:157} INFO - Started process (PID=734) to work on /opt/airflow/dags/ingest_historique.py
[2025-03-14T10:29:54.598+0000] {processor.py:829} INFO - Processing file /opt/airflow/dags/ingest_historique.py for tasks to queue
[2025-03-14T10:29:54.600+0000] {logging_mixin.py:151} INFO - [2025-03-14T10:29:54.600+0000] {dagbag.py:539} INFO - Filling up the DagBag from /opt/airflow/dags/ingest_historique.py
[2025-03-14T10:29:55.221+0000] {processor.py:839} INFO - DAG(s) dict_keys(['yfinance_ingestion_historique_gold']) retrieved from /opt/airflow/dags/ingest_historique.py
[2025-03-14T10:29:55.262+0000] {logging_mixin.py:151} INFO - [2025-03-14T10:29:55.261+0000] {dag.py:2915} INFO - Sync 1 DAGs
[2025-03-14T10:29:55.287+0000] {logging_mixin.py:151} INFO - [2025-03-14T10:29:55.287+0000] {dag.py:3696} INFO - Setting next_dagrun for yfinance_ingestion_historique_gold to 2025-03-14T00:00:00+00:00, run_after=2025-03-15T00:00:00+00:00
[2025-03-14T10:29:55.312+0000] {processor.py:179} INFO - Processing /opt/airflow/dags/ingest_historique.py took 0.719 seconds
[2025-03-14T10:30:25.459+0000] {processor.py:157} INFO - Started process (PID=746) to work on /opt/airflow/dags/ingest_historique.py
[2025-03-14T10:30:25.461+0000] {processor.py:829} INFO - Processing file /opt/airflow/dags/ingest_historique.py for tasks to queue
[2025-03-14T10:30:25.463+0000] {logging_mixin.py:151} INFO - [2025-03-14T10:30:25.462+0000] {dagbag.py:539} INFO - Filling up the DagBag from /opt/airflow/dags/ingest_historique.py
[2025-03-14T10:30:26.047+0000] {processor.py:839} INFO - DAG(s) dict_keys(['yfinance_ingestion_historique_gold']) retrieved from /opt/airflow/dags/ingest_historique.py
[2025-03-14T10:30:26.133+0000] {logging_mixin.py:151} INFO - [2025-03-14T10:30:26.132+0000] {dag.py:2915} INFO - Sync 1 DAGs
[2025-03-14T10:30:26.206+0000] {logging_mixin.py:151} INFO - [2025-03-14T10:30:26.206+0000] {dag.py:3696} INFO - Setting next_dagrun for yfinance_ingestion_historique_gold to 2025-03-14T00:00:00+00:00, run_after=2025-03-15T00:00:00+00:00
[2025-03-14T10:30:26.252+0000] {processor.py:179} INFO - Processing /opt/airflow/dags/ingest_historique.py took 0.796 seconds
[2025-03-14T10:30:56.406+0000] {processor.py:157} INFO - Started process (PID=758) to work on /opt/airflow/dags/ingest_historique.py
[2025-03-14T10:30:56.408+0000] {processor.py:829} INFO - Processing file /opt/airflow/dags/ingest_historique.py for tasks to queue
[2025-03-14T10:30:56.410+0000] {logging_mixin.py:151} INFO - [2025-03-14T10:30:56.409+0000] {dagbag.py:539} INFO - Filling up the DagBag from /opt/airflow/dags/ingest_historique.py
[2025-03-14T10:30:57.106+0000] {processor.py:839} INFO - DAG(s) dict_keys(['yfinance_ingestion_historique_gold']) retrieved from /opt/airflow/dags/ingest_historique.py
[2025-03-14T10:30:57.165+0000] {logging_mixin.py:151} INFO - [2025-03-14T10:30:57.164+0000] {dag.py:2915} INFO - Sync 1 DAGs
[2025-03-14T10:30:57.240+0000] {logging_mixin.py:151} INFO - [2025-03-14T10:30:57.239+0000] {dag.py:3696} INFO - Setting next_dagrun for yfinance_ingestion_historique_gold to 2025-03-14T00:00:00+00:00, run_after=2025-03-15T00:00:00+00:00
[2025-03-14T10:30:57.287+0000] {processor.py:179} INFO - Processing /opt/airflow/dags/ingest_historique.py took 0.885 seconds
[2025-03-14T10:31:27.411+0000] {processor.py:157} INFO - Started process (PID=770) to work on /opt/airflow/dags/ingest_historique.py
[2025-03-14T10:31:27.413+0000] {processor.py:829} INFO - Processing file /opt/airflow/dags/ingest_historique.py for tasks to queue
[2025-03-14T10:31:27.414+0000] {logging_mixin.py:151} INFO - [2025-03-14T10:31:27.414+0000] {dagbag.py:539} INFO - Filling up the DagBag from /opt/airflow/dags/ingest_historique.py
[2025-03-14T10:31:28.375+0000] {processor.py:839} INFO - DAG(s) dict_keys(['yfinance_ingestion_historique_gold']) retrieved from /opt/airflow/dags/ingest_historique.py
[2025-03-14T10:31:28.435+0000] {logging_mixin.py:151} INFO - [2025-03-14T10:31:28.434+0000] {dag.py:2915} INFO - Sync 1 DAGs
[2025-03-14T10:31:28.475+0000] {logging_mixin.py:151} INFO - [2025-03-14T10:31:28.474+0000] {dag.py:3696} INFO - Setting next_dagrun for yfinance_ingestion_historique_gold to 2025-03-14T00:00:00+00:00, run_after=2025-03-15T00:00:00+00:00
[2025-03-14T10:31:28.517+0000] {processor.py:179} INFO - Processing /opt/airflow/dags/ingest_historique.py took 1.111 seconds
[2025-03-14T10:31:58.628+0000] {processor.py:157} INFO - Started process (PID=782) to work on /opt/airflow/dags/ingest_historique.py
[2025-03-14T10:31:58.630+0000] {processor.py:829} INFO - Processing file /opt/airflow/dags/ingest_historique.py for tasks to queue
[2025-03-14T10:31:58.632+0000] {logging_mixin.py:151} INFO - [2025-03-14T10:31:58.631+0000] {dagbag.py:539} INFO - Filling up the DagBag from /opt/airflow/dags/ingest_historique.py
[2025-03-14T10:31:59.245+0000] {processor.py:839} INFO - DAG(s) dict_keys(['yfinance_ingestion_historique_gold']) retrieved from /opt/airflow/dags/ingest_historique.py
[2025-03-14T10:31:59.281+0000] {logging_mixin.py:151} INFO - [2025-03-14T10:31:59.280+0000] {dag.py:2915} INFO - Sync 1 DAGs
[2025-03-14T10:31:59.318+0000] {logging_mixin.py:151} INFO - [2025-03-14T10:31:59.314+0000] {dag.py:3696} INFO - Setting next_dagrun for yfinance_ingestion_historique_gold to 2025-03-14T00:00:00+00:00, run_after=2025-03-15T00:00:00+00:00
[2025-03-14T10:31:59.349+0000] {processor.py:179} INFO - Processing /opt/airflow/dags/ingest_historique.py took 0.725 seconds
[2025-03-14T10:32:29.610+0000] {processor.py:157} INFO - Started process (PID=794) to work on /opt/airflow/dags/ingest_historique.py
[2025-03-14T10:32:29.612+0000] {processor.py:829} INFO - Processing file /opt/airflow/dags/ingest_historique.py for tasks to queue
[2025-03-14T10:32:29.614+0000] {logging_mixin.py:151} INFO - [2025-03-14T10:32:29.613+0000] {dagbag.py:539} INFO - Filling up the DagBag from /opt/airflow/dags/ingest_historique.py
[2025-03-14T10:32:30.166+0000] {processor.py:839} INFO - DAG(s) dict_keys(['yfinance_ingestion_historique_gold']) retrieved from /opt/airflow/dags/ingest_historique.py
[2025-03-14T10:32:30.205+0000] {logging_mixin.py:151} INFO - [2025-03-14T10:32:30.204+0000] {dag.py:2915} INFO - Sync 1 DAGs
[2025-03-14T10:32:30.234+0000] {logging_mixin.py:151} INFO - [2025-03-14T10:32:30.234+0000] {dag.py:3696} INFO - Setting next_dagrun for yfinance_ingestion_historique_gold to 2025-03-14T00:00:00+00:00, run_after=2025-03-15T00:00:00+00:00
[2025-03-14T10:32:30.265+0000] {processor.py:179} INFO - Processing /opt/airflow/dags/ingest_historique.py took 0.659 seconds
[2025-03-14T10:33:00.414+0000] {processor.py:157} INFO - Started process (PID=810) to work on /opt/airflow/dags/ingest_historique.py
[2025-03-14T10:33:00.416+0000] {processor.py:829} INFO - Processing file /opt/airflow/dags/ingest_historique.py for tasks to queue
[2025-03-14T10:33:00.420+0000] {logging_mixin.py:151} INFO - [2025-03-14T10:33:00.419+0000] {dagbag.py:539} INFO - Filling up the DagBag from /opt/airflow/dags/ingest_historique.py
[2025-03-14T10:33:01.109+0000] {processor.py:839} INFO - DAG(s) dict_keys(['yfinance_ingestion_historique_gold']) retrieved from /opt/airflow/dags/ingest_historique.py
[2025-03-14T10:33:01.138+0000] {logging_mixin.py:151} INFO - [2025-03-14T10:33:01.137+0000] {dag.py:2915} INFO - Sync 1 DAGs
[2025-03-14T10:33:01.163+0000] {logging_mixin.py:151} INFO - [2025-03-14T10:33:01.163+0000] {dag.py:3696} INFO - Setting next_dagrun for yfinance_ingestion_historique_gold to 2025-03-14T00:00:00+00:00, run_after=2025-03-15T00:00:00+00:00
[2025-03-14T10:33:01.193+0000] {processor.py:179} INFO - Processing /opt/airflow/dags/ingest_historique.py took 0.786 seconds
[2025-03-14T10:33:31.309+0000] {processor.py:157} INFO - Started process (PID=822) to work on /opt/airflow/dags/ingest_historique.py
[2025-03-14T10:33:31.313+0000] {processor.py:829} INFO - Processing file /opt/airflow/dags/ingest_historique.py for tasks to queue
[2025-03-14T10:33:31.314+0000] {logging_mixin.py:151} INFO - [2025-03-14T10:33:31.314+0000] {dagbag.py:539} INFO - Filling up the DagBag from /opt/airflow/dags/ingest_historique.py
[2025-03-14T10:33:31.910+0000] {processor.py:839} INFO - DAG(s) dict_keys(['yfinance_ingestion_historique_gold']) retrieved from /opt/airflow/dags/ingest_historique.py
[2025-03-14T10:33:31.940+0000] {logging_mixin.py:151} INFO - [2025-03-14T10:33:31.939+0000] {dag.py:2915} INFO - Sync 1 DAGs
[2025-03-14T10:33:31.965+0000] {logging_mixin.py:151} INFO - [2025-03-14T10:33:31.965+0000] {dag.py:3696} INFO - Setting next_dagrun for yfinance_ingestion_historique_gold to 2025-03-14T00:00:00+00:00, run_after=2025-03-15T00:00:00+00:00
[2025-03-14T10:33:32.009+0000] {processor.py:179} INFO - Processing /opt/airflow/dags/ingest_historique.py took 0.705 seconds
[2025-03-14T10:34:02.181+0000] {processor.py:157} INFO - Started process (PID=834) to work on /opt/airflow/dags/ingest_historique.py
[2025-03-14T10:34:02.183+0000] {processor.py:829} INFO - Processing file /opt/airflow/dags/ingest_historique.py for tasks to queue
[2025-03-14T10:34:02.184+0000] {logging_mixin.py:151} INFO - [2025-03-14T10:34:02.184+0000] {dagbag.py:539} INFO - Filling up the DagBag from /opt/airflow/dags/ingest_historique.py
[2025-03-14T10:34:02.826+0000] {processor.py:839} INFO - DAG(s) dict_keys(['yfinance_ingestion_historique_gold']) retrieved from /opt/airflow/dags/ingest_historique.py
[2025-03-14T10:34:02.861+0000] {logging_mixin.py:151} INFO - [2025-03-14T10:34:02.860+0000] {dag.py:2915} INFO - Sync 1 DAGs
[2025-03-14T10:34:02.894+0000] {logging_mixin.py:151} INFO - [2025-03-14T10:34:02.893+0000] {dag.py:3696} INFO - Setting next_dagrun for yfinance_ingestion_historique_gold to 2025-03-14T00:00:00+00:00, run_after=2025-03-15T00:00:00+00:00
[2025-03-14T10:34:02.921+0000] {processor.py:179} INFO - Processing /opt/airflow/dags/ingest_historique.py took 0.744 seconds
[2025-03-14T10:34:33.078+0000] {processor.py:157} INFO - Started process (PID=845) to work on /opt/airflow/dags/ingest_historique.py
[2025-03-14T10:34:33.080+0000] {processor.py:829} INFO - Processing file /opt/airflow/dags/ingest_historique.py for tasks to queue
[2025-03-14T10:34:33.083+0000] {logging_mixin.py:151} INFO - [2025-03-14T10:34:33.082+0000] {dagbag.py:539} INFO - Filling up the DagBag from /opt/airflow/dags/ingest_historique.py
[2025-03-14T10:34:33.700+0000] {processor.py:839} INFO - DAG(s) dict_keys(['yfinance_ingestion_historique_gold']) retrieved from /opt/airflow/dags/ingest_historique.py
[2025-03-14T10:34:33.739+0000] {logging_mixin.py:151} INFO - [2025-03-14T10:34:33.738+0000] {dag.py:2915} INFO - Sync 1 DAGs
[2025-03-14T10:34:33.763+0000] {logging_mixin.py:151} INFO - [2025-03-14T10:34:33.763+0000] {dag.py:3696} INFO - Setting next_dagrun for yfinance_ingestion_historique_gold to 2025-03-14T00:00:00+00:00, run_after=2025-03-15T00:00:00+00:00
[2025-03-14T10:34:33.799+0000] {processor.py:179} INFO - Processing /opt/airflow/dags/ingest_historique.py took 0.726 seconds
[2025-03-14T10:35:04.666+0000] {processor.py:157} INFO - Started process (PID=860) to work on /opt/airflow/dags/ingest_historique.py
[2025-03-14T10:35:04.668+0000] {processor.py:829} INFO - Processing file /opt/airflow/dags/ingest_historique.py for tasks to queue
[2025-03-14T10:35:04.669+0000] {logging_mixin.py:151} INFO - [2025-03-14T10:35:04.668+0000] {dagbag.py:539} INFO - Filling up the DagBag from /opt/airflow/dags/ingest_historique.py
[2025-03-14T10:35:05.254+0000] {processor.py:839} INFO - DAG(s) dict_keys(['yfinance_ingestion_historique_gold']) retrieved from /opt/airflow/dags/ingest_historique.py
[2025-03-14T10:35:05.290+0000] {logging_mixin.py:151} INFO - [2025-03-14T10:35:05.290+0000] {dag.py:2915} INFO - Sync 1 DAGs
[2025-03-14T10:35:05.323+0000] {logging_mixin.py:151} INFO - [2025-03-14T10:35:05.323+0000] {dag.py:3696} INFO - Setting next_dagrun for yfinance_ingestion_historique_gold to 2025-03-14T00:00:00+00:00, run_after=2025-03-15T00:00:00+00:00
[2025-03-14T10:35:05.352+0000] {processor.py:179} INFO - Processing /opt/airflow/dags/ingest_historique.py took 0.690 seconds
[2025-03-14T10:35:35.473+0000] {processor.py:157} INFO - Started process (PID=870) to work on /opt/airflow/dags/ingest_historique.py
[2025-03-14T10:35:35.475+0000] {processor.py:829} INFO - Processing file /opt/airflow/dags/ingest_historique.py for tasks to queue
[2025-03-14T10:35:35.478+0000] {logging_mixin.py:151} INFO - [2025-03-14T10:35:35.477+0000] {dagbag.py:539} INFO - Filling up the DagBag from /opt/airflow/dags/ingest_historique.py
[2025-03-14T10:35:36.024+0000] {processor.py:839} INFO - DAG(s) dict_keys(['yfinance_ingestion_historique_gold']) retrieved from /opt/airflow/dags/ingest_historique.py
[2025-03-14T10:35:36.062+0000] {logging_mixin.py:151} INFO - [2025-03-14T10:35:36.061+0000] {dag.py:2915} INFO - Sync 1 DAGs
[2025-03-14T10:35:36.088+0000] {logging_mixin.py:151} INFO - [2025-03-14T10:35:36.088+0000] {dag.py:3696} INFO - Setting next_dagrun for yfinance_ingestion_historique_gold to 2025-03-14T00:00:00+00:00, run_after=2025-03-15T00:00:00+00:00
[2025-03-14T10:35:36.120+0000] {processor.py:179} INFO - Processing /opt/airflow/dags/ingest_historique.py took 0.652 seconds
[2025-03-14T10:36:06.687+0000] {processor.py:157} INFO - Started process (PID=882) to work on /opt/airflow/dags/ingest_historique.py
[2025-03-14T10:36:06.689+0000] {processor.py:829} INFO - Processing file /opt/airflow/dags/ingest_historique.py for tasks to queue
[2025-03-14T10:36:06.691+0000] {logging_mixin.py:151} INFO - [2025-03-14T10:36:06.690+0000] {dagbag.py:539} INFO - Filling up the DagBag from /opt/airflow/dags/ingest_historique.py
[2025-03-14T10:36:07.232+0000] {processor.py:839} INFO - DAG(s) dict_keys(['yfinance_ingestion_historique_gold']) retrieved from /opt/airflow/dags/ingest_historique.py
[2025-03-14T10:36:07.265+0000] {logging_mixin.py:151} INFO - [2025-03-14T10:36:07.265+0000] {dag.py:2915} INFO - Sync 1 DAGs
[2025-03-14T10:36:07.290+0000] {logging_mixin.py:151} INFO - [2025-03-14T10:36:07.289+0000] {dag.py:3696} INFO - Setting next_dagrun for yfinance_ingestion_historique_gold to 2025-03-14T00:00:00+00:00, run_after=2025-03-15T00:00:00+00:00
[2025-03-14T10:36:07.318+0000] {processor.py:179} INFO - Processing /opt/airflow/dags/ingest_historique.py took 0.635 seconds
[2025-03-14T10:36:37.451+0000] {processor.py:157} INFO - Started process (PID=894) to work on /opt/airflow/dags/ingest_historique.py
[2025-03-14T10:36:37.453+0000] {processor.py:829} INFO - Processing file /opt/airflow/dags/ingest_historique.py for tasks to queue
[2025-03-14T10:36:37.454+0000] {logging_mixin.py:151} INFO - [2025-03-14T10:36:37.454+0000] {dagbag.py:539} INFO - Filling up the DagBag from /opt/airflow/dags/ingest_historique.py
[2025-03-14T10:36:37.942+0000] {processor.py:839} INFO - DAG(s) dict_keys(['yfinance_ingestion_historique_gold']) retrieved from /opt/airflow/dags/ingest_historique.py
[2025-03-14T10:36:37.973+0000] {logging_mixin.py:151} INFO - [2025-03-14T10:36:37.972+0000] {dag.py:2915} INFO - Sync 1 DAGs
[2025-03-14T10:36:37.999+0000] {logging_mixin.py:151} INFO - [2025-03-14T10:36:37.999+0000] {dag.py:3696} INFO - Setting next_dagrun for yfinance_ingestion_historique_gold to 2025-03-14T00:00:00+00:00, run_after=2025-03-15T00:00:00+00:00
[2025-03-14T10:36:38.028+0000] {processor.py:179} INFO - Processing /opt/airflow/dags/ingest_historique.py took 0.582 seconds
[2025-03-14T10:37:08.108+0000] {processor.py:157} INFO - Started process (PID=906) to work on /opt/airflow/dags/ingest_historique.py
[2025-03-14T10:37:08.110+0000] {processor.py:829} INFO - Processing file /opt/airflow/dags/ingest_historique.py for tasks to queue
[2025-03-14T10:37:08.112+0000] {logging_mixin.py:151} INFO - [2025-03-14T10:37:08.112+0000] {dagbag.py:539} INFO - Filling up the DagBag from /opt/airflow/dags/ingest_historique.py
[2025-03-14T10:37:08.751+0000] {processor.py:839} INFO - DAG(s) dict_keys(['yfinance_ingestion_historique_gold']) retrieved from /opt/airflow/dags/ingest_historique.py
[2025-03-14T10:37:08.794+0000] {logging_mixin.py:151} INFO - [2025-03-14T10:37:08.793+0000] {dag.py:2915} INFO - Sync 1 DAGs
[2025-03-14T10:37:08.828+0000] {logging_mixin.py:151} INFO - [2025-03-14T10:37:08.828+0000] {dag.py:3696} INFO - Setting next_dagrun for yfinance_ingestion_historique_gold to 2025-03-14T00:00:00+00:00, run_after=2025-03-15T00:00:00+00:00
[2025-03-14T10:37:08.860+0000] {processor.py:179} INFO - Processing /opt/airflow/dags/ingest_historique.py took 0.759 seconds
[2025-03-14T10:37:39.020+0000] {processor.py:157} INFO - Started process (PID=918) to work on /opt/airflow/dags/ingest_historique.py
[2025-03-14T10:37:39.022+0000] {processor.py:829} INFO - Processing file /opt/airflow/dags/ingest_historique.py for tasks to queue
[2025-03-14T10:37:39.024+0000] {logging_mixin.py:151} INFO - [2025-03-14T10:37:39.024+0000] {dagbag.py:539} INFO - Filling up the DagBag from /opt/airflow/dags/ingest_historique.py
[2025-03-14T10:37:39.521+0000] {processor.py:839} INFO - DAG(s) dict_keys(['yfinance_ingestion_historique_gold']) retrieved from /opt/airflow/dags/ingest_historique.py
[2025-03-14T10:37:39.551+0000] {logging_mixin.py:151} INFO - [2025-03-14T10:37:39.550+0000] {dag.py:2915} INFO - Sync 1 DAGs
[2025-03-14T10:37:39.574+0000] {logging_mixin.py:151} INFO - [2025-03-14T10:37:39.574+0000] {dag.py:3696} INFO - Setting next_dagrun for yfinance_ingestion_historique_gold to 2025-03-14T00:00:00+00:00, run_after=2025-03-15T00:00:00+00:00
[2025-03-14T10:37:39.603+0000] {processor.py:179} INFO - Processing /opt/airflow/dags/ingest_historique.py took 0.589 seconds
[2025-03-14T10:38:09.685+0000] {processor.py:157} INFO - Started process (PID=930) to work on /opt/airflow/dags/ingest_historique.py
[2025-03-14T10:38:09.687+0000] {processor.py:829} INFO - Processing file /opt/airflow/dags/ingest_historique.py for tasks to queue
[2025-03-14T10:38:09.689+0000] {logging_mixin.py:151} INFO - [2025-03-14T10:38:09.688+0000] {dagbag.py:539} INFO - Filling up the DagBag from /opt/airflow/dags/ingest_historique.py
[2025-03-14T10:38:10.245+0000] {processor.py:839} INFO - DAG(s) dict_keys(['yfinance_ingestion_historique_gold']) retrieved from /opt/airflow/dags/ingest_historique.py
[2025-03-14T10:38:10.278+0000] {logging_mixin.py:151} INFO - [2025-03-14T10:38:10.277+0000] {dag.py:2915} INFO - Sync 1 DAGs
[2025-03-14T10:38:10.311+0000] {logging_mixin.py:151} INFO - [2025-03-14T10:38:10.310+0000] {dag.py:3696} INFO - Setting next_dagrun for yfinance_ingestion_historique_gold to 2025-03-14T00:00:00+00:00, run_after=2025-03-15T00:00:00+00:00
[2025-03-14T10:38:10.350+0000] {processor.py:179} INFO - Processing /opt/airflow/dags/ingest_historique.py took 0.669 seconds
[2025-03-14T10:38:40.500+0000] {processor.py:157} INFO - Started process (PID=944) to work on /opt/airflow/dags/ingest_historique.py
[2025-03-14T10:38:40.502+0000] {processor.py:829} INFO - Processing file /opt/airflow/dags/ingest_historique.py for tasks to queue
[2025-03-14T10:38:40.503+0000] {logging_mixin.py:151} INFO - [2025-03-14T10:38:40.503+0000] {dagbag.py:539} INFO - Filling up the DagBag from /opt/airflow/dags/ingest_historique.py
[2025-03-14T10:38:41.035+0000] {processor.py:839} INFO - DAG(s) dict_keys(['yfinance_ingestion_historique_gold']) retrieved from /opt/airflow/dags/ingest_historique.py
[2025-03-14T10:38:41.073+0000] {logging_mixin.py:151} INFO - [2025-03-14T10:38:41.071+0000] {dag.py:2915} INFO - Sync 1 DAGs
[2025-03-14T10:38:41.102+0000] {logging_mixin.py:151} INFO - [2025-03-14T10:38:41.102+0000] {dag.py:3696} INFO - Setting next_dagrun for yfinance_ingestion_historique_gold to 2025-03-14T00:00:00+00:00, run_after=2025-03-15T00:00:00+00:00
[2025-03-14T10:38:41.137+0000] {processor.py:179} INFO - Processing /opt/airflow/dags/ingest_historique.py took 0.642 seconds
[2025-03-14T10:39:11.252+0000] {processor.py:157} INFO - Started process (PID=956) to work on /opt/airflow/dags/ingest_historique.py
[2025-03-14T10:39:11.254+0000] {processor.py:829} INFO - Processing file /opt/airflow/dags/ingest_historique.py for tasks to queue
[2025-03-14T10:39:11.256+0000] {logging_mixin.py:151} INFO - [2025-03-14T10:39:11.255+0000] {dagbag.py:539} INFO - Filling up the DagBag from /opt/airflow/dags/ingest_historique.py
[2025-03-14T10:39:11.809+0000] {processor.py:839} INFO - DAG(s) dict_keys(['yfinance_ingestion_historique_gold']) retrieved from /opt/airflow/dags/ingest_historique.py
[2025-03-14T10:39:11.844+0000] {logging_mixin.py:151} INFO - [2025-03-14T10:39:11.844+0000] {dag.py:2915} INFO - Sync 1 DAGs
[2025-03-14T10:39:11.881+0000] {logging_mixin.py:151} INFO - [2025-03-14T10:39:11.880+0000] {dag.py:3696} INFO - Setting next_dagrun for yfinance_ingestion_historique_gold to 2025-03-14T00:00:00+00:00, run_after=2025-03-15T00:00:00+00:00
[2025-03-14T10:39:11.916+0000] {processor.py:179} INFO - Processing /opt/airflow/dags/ingest_historique.py took 0.668 seconds
[2025-03-14T10:39:42.612+0000] {processor.py:157} INFO - Started process (PID=968) to work on /opt/airflow/dags/ingest_historique.py
[2025-03-14T10:39:42.613+0000] {processor.py:829} INFO - Processing file /opt/airflow/dags/ingest_historique.py for tasks to queue
[2025-03-14T10:39:42.615+0000] {logging_mixin.py:151} INFO - [2025-03-14T10:39:42.615+0000] {dagbag.py:539} INFO - Filling up the DagBag from /opt/airflow/dags/ingest_historique.py
[2025-03-14T10:39:43.117+0000] {processor.py:839} INFO - DAG(s) dict_keys(['yfinance_ingestion_historique_gold']) retrieved from /opt/airflow/dags/ingest_historique.py
[2025-03-14T10:39:43.154+0000] {logging_mixin.py:151} INFO - [2025-03-14T10:39:43.153+0000] {dag.py:2915} INFO - Sync 1 DAGs
[2025-03-14T10:39:43.181+0000] {logging_mixin.py:151} INFO - [2025-03-14T10:39:43.181+0000] {dag.py:3696} INFO - Setting next_dagrun for yfinance_ingestion_historique_gold to 2025-03-14T00:00:00+00:00, run_after=2025-03-15T00:00:00+00:00
[2025-03-14T10:39:43.209+0000] {processor.py:179} INFO - Processing /opt/airflow/dags/ingest_historique.py took 0.601 seconds
[2025-03-14T10:40:13.886+0000] {processor.py:157} INFO - Started process (PID=980) to work on /opt/airflow/dags/ingest_historique.py
[2025-03-14T10:40:13.887+0000] {processor.py:829} INFO - Processing file /opt/airflow/dags/ingest_historique.py for tasks to queue
[2025-03-14T10:40:13.889+0000] {logging_mixin.py:151} INFO - [2025-03-14T10:40:13.889+0000] {dagbag.py:539} INFO - Filling up the DagBag from /opt/airflow/dags/ingest_historique.py
[2025-03-14T10:40:14.393+0000] {processor.py:839} INFO - DAG(s) dict_keys(['yfinance_ingestion_historique_gold']) retrieved from /opt/airflow/dags/ingest_historique.py
[2025-03-14T10:40:14.424+0000] {logging_mixin.py:151} INFO - [2025-03-14T10:40:14.424+0000] {dag.py:2915} INFO - Sync 1 DAGs
[2025-03-14T10:40:14.448+0000] {logging_mixin.py:151} INFO - [2025-03-14T10:40:14.448+0000] {dag.py:3696} INFO - Setting next_dagrun for yfinance_ingestion_historique_gold to 2025-03-14T00:00:00+00:00, run_after=2025-03-15T00:00:00+00:00
[2025-03-14T10:40:14.476+0000] {processor.py:179} INFO - Processing /opt/airflow/dags/ingest_historique.py took 0.595 seconds
[2025-03-14T10:40:44.563+0000] {processor.py:157} INFO - Started process (PID=992) to work on /opt/airflow/dags/ingest_historique.py
[2025-03-14T10:40:44.565+0000] {processor.py:829} INFO - Processing file /opt/airflow/dags/ingest_historique.py for tasks to queue
[2025-03-14T10:40:44.567+0000] {logging_mixin.py:151} INFO - [2025-03-14T10:40:44.567+0000] {dagbag.py:539} INFO - Filling up the DagBag from /opt/airflow/dags/ingest_historique.py
[2025-03-14T10:40:45.237+0000] {processor.py:839} INFO - DAG(s) dict_keys(['yfinance_ingestion_historique_gold']) retrieved from /opt/airflow/dags/ingest_historique.py
[2025-03-14T10:40:45.271+0000] {logging_mixin.py:151} INFO - [2025-03-14T10:40:45.270+0000] {dag.py:2915} INFO - Sync 1 DAGs
[2025-03-14T10:40:45.304+0000] {logging_mixin.py:151} INFO - [2025-03-14T10:40:45.304+0000] {dag.py:3696} INFO - Setting next_dagrun for yfinance_ingestion_historique_gold to 2025-03-14T00:00:00+00:00, run_after=2025-03-15T00:00:00+00:00
[2025-03-14T10:40:45.342+0000] {processor.py:179} INFO - Processing /opt/airflow/dags/ingest_historique.py took 0.784 seconds
[2025-03-14T10:41:15.431+0000] {processor.py:157} INFO - Started process (PID=1004) to work on /opt/airflow/dags/ingest_historique.py
[2025-03-14T10:41:15.432+0000] {processor.py:829} INFO - Processing file /opt/airflow/dags/ingest_historique.py for tasks to queue
[2025-03-14T10:41:15.434+0000] {logging_mixin.py:151} INFO - [2025-03-14T10:41:15.433+0000] {dagbag.py:539} INFO - Filling up the DagBag from /opt/airflow/dags/ingest_historique.py
[2025-03-14T10:41:15.935+0000] {processor.py:839} INFO - DAG(s) dict_keys(['yfinance_ingestion_historique_gold']) retrieved from /opt/airflow/dags/ingest_historique.py
[2025-03-14T10:41:15.977+0000] {logging_mixin.py:151} INFO - [2025-03-14T10:41:15.976+0000] {dag.py:2915} INFO - Sync 1 DAGs
[2025-03-14T10:41:16.009+0000] {logging_mixin.py:151} INFO - [2025-03-14T10:41:16.009+0000] {dag.py:3696} INFO - Setting next_dagrun for yfinance_ingestion_historique_gold to 2025-03-14T00:00:00+00:00, run_after=2025-03-15T00:00:00+00:00
[2025-03-14T10:41:16.036+0000] {processor.py:179} INFO - Processing /opt/airflow/dags/ingest_historique.py took 0.612 seconds
[2025-03-14T10:41:46.749+0000] {processor.py:157} INFO - Started process (PID=1016) to work on /opt/airflow/dags/ingest_historique.py
[2025-03-14T10:41:46.752+0000] {processor.py:829} INFO - Processing file /opt/airflow/dags/ingest_historique.py for tasks to queue
[2025-03-14T10:41:46.754+0000] {logging_mixin.py:151} INFO - [2025-03-14T10:41:46.754+0000] {dagbag.py:539} INFO - Filling up the DagBag from /opt/airflow/dags/ingest_historique.py
[2025-03-14T10:41:47.376+0000] {processor.py:839} INFO - DAG(s) dict_keys(['yfinance_ingestion_historique_gold']) retrieved from /opt/airflow/dags/ingest_historique.py
[2025-03-14T10:41:47.404+0000] {logging_mixin.py:151} INFO - [2025-03-14T10:41:47.404+0000] {dag.py:2915} INFO - Sync 1 DAGs
[2025-03-14T10:41:47.428+0000] {logging_mixin.py:151} INFO - [2025-03-14T10:41:47.428+0000] {dag.py:3696} INFO - Setting next_dagrun for yfinance_ingestion_historique_gold to 2025-03-14T00:00:00+00:00, run_after=2025-03-15T00:00:00+00:00
[2025-03-14T10:41:47.459+0000] {processor.py:179} INFO - Processing /opt/airflow/dags/ingest_historique.py took 0.723 seconds
[2025-03-14T10:42:17.613+0000] {processor.py:157} INFO - Started process (PID=1028) to work on /opt/airflow/dags/ingest_historique.py
[2025-03-14T10:42:17.615+0000] {processor.py:829} INFO - Processing file /opt/airflow/dags/ingest_historique.py for tasks to queue
[2025-03-14T10:42:17.616+0000] {logging_mixin.py:151} INFO - [2025-03-14T10:42:17.616+0000] {dagbag.py:539} INFO - Filling up the DagBag from /opt/airflow/dags/ingest_historique.py
[2025-03-14T10:42:18.116+0000] {processor.py:839} INFO - DAG(s) dict_keys(['yfinance_ingestion_historique_gold']) retrieved from /opt/airflow/dags/ingest_historique.py
[2025-03-14T10:42:18.149+0000] {logging_mixin.py:151} INFO - [2025-03-14T10:42:18.149+0000] {dag.py:2915} INFO - Sync 1 DAGs
[2025-03-14T10:42:18.193+0000] {logging_mixin.py:151} INFO - [2025-03-14T10:42:18.193+0000] {dag.py:3696} INFO - Setting next_dagrun for yfinance_ingestion_historique_gold to 2025-03-14T00:00:00+00:00, run_after=2025-03-15T00:00:00+00:00
[2025-03-14T10:42:18.223+0000] {processor.py:179} INFO - Processing /opt/airflow/dags/ingest_historique.py took 0.613 seconds
[2025-03-14T10:42:48.901+0000] {processor.py:157} INFO - Started process (PID=1040) to work on /opt/airflow/dags/ingest_historique.py
[2025-03-14T10:42:48.903+0000] {processor.py:829} INFO - Processing file /opt/airflow/dags/ingest_historique.py for tasks to queue
[2025-03-14T10:42:48.908+0000] {logging_mixin.py:151} INFO - [2025-03-14T10:42:48.905+0000] {dagbag.py:539} INFO - Filling up the DagBag from /opt/airflow/dags/ingest_historique.py
[2025-03-14T10:42:49.842+0000] {processor.py:839} INFO - DAG(s) dict_keys(['yfinance_ingestion_historique_gold']) retrieved from /opt/airflow/dags/ingest_historique.py
[2025-03-14T10:42:49.892+0000] {logging_mixin.py:151} INFO - [2025-03-14T10:42:49.891+0000] {dag.py:2915} INFO - Sync 1 DAGs
[2025-03-14T10:42:49.940+0000] {logging_mixin.py:151} INFO - [2025-03-14T10:42:49.940+0000] {dag.py:3696} INFO - Setting next_dagrun for yfinance_ingestion_historique_gold to 2025-03-14T00:00:00+00:00, run_after=2025-03-15T00:00:00+00:00
[2025-03-14T10:42:49.997+0000] {processor.py:179} INFO - Processing /opt/airflow/dags/ingest_historique.py took 1.102 seconds
[2025-03-14T10:43:20.113+0000] {processor.py:157} INFO - Started process (PID=1052) to work on /opt/airflow/dags/ingest_historique.py
[2025-03-14T10:43:20.115+0000] {processor.py:829} INFO - Processing file /opt/airflow/dags/ingest_historique.py for tasks to queue
[2025-03-14T10:43:20.120+0000] {logging_mixin.py:151} INFO - [2025-03-14T10:43:20.120+0000] {dagbag.py:539} INFO - Filling up the DagBag from /opt/airflow/dags/ingest_historique.py
[2025-03-14T10:43:20.847+0000] {processor.py:839} INFO - DAG(s) dict_keys(['yfinance_ingestion_historique_gold']) retrieved from /opt/airflow/dags/ingest_historique.py
[2025-03-14T10:43:20.881+0000] {logging_mixin.py:151} INFO - [2025-03-14T10:43:20.881+0000] {dag.py:2915} INFO - Sync 1 DAGs
[2025-03-14T10:43:20.923+0000] {logging_mixin.py:151} INFO - [2025-03-14T10:43:20.923+0000] {dag.py:3696} INFO - Setting next_dagrun for yfinance_ingestion_historique_gold to 2025-03-14T00:00:00+00:00, run_after=2025-03-15T00:00:00+00:00
[2025-03-14T10:43:20.969+0000] {processor.py:179} INFO - Processing /opt/airflow/dags/ingest_historique.py took 0.860 seconds
[2025-03-14T10:43:51.634+0000] {processor.py:157} INFO - Started process (PID=1064) to work on /opt/airflow/dags/ingest_historique.py
[2025-03-14T10:43:51.636+0000] {processor.py:829} INFO - Processing file /opt/airflow/dags/ingest_historique.py for tasks to queue
[2025-03-14T10:43:51.638+0000] {logging_mixin.py:151} INFO - [2025-03-14T10:43:51.637+0000] {dagbag.py:539} INFO - Filling up the DagBag from /opt/airflow/dags/ingest_historique.py
[2025-03-14T10:43:52.204+0000] {processor.py:839} INFO - DAG(s) dict_keys(['yfinance_ingestion_historique_gold']) retrieved from /opt/airflow/dags/ingest_historique.py
[2025-03-14T10:43:52.231+0000] {logging_mixin.py:151} INFO - [2025-03-14T10:43:52.230+0000] {dag.py:2915} INFO - Sync 1 DAGs
[2025-03-14T10:43:52.256+0000] {logging_mixin.py:151} INFO - [2025-03-14T10:43:52.256+0000] {dag.py:3696} INFO - Setting next_dagrun for yfinance_ingestion_historique_gold to 2025-03-14T00:00:00+00:00, run_after=2025-03-15T00:00:00+00:00
[2025-03-14T10:43:52.284+0000] {processor.py:179} INFO - Processing /opt/airflow/dags/ingest_historique.py took 0.654 seconds
[2025-03-14T10:44:22.388+0000] {processor.py:157} INFO - Started process (PID=1076) to work on /opt/airflow/dags/ingest_historique.py
[2025-03-14T10:44:22.390+0000] {processor.py:829} INFO - Processing file /opt/airflow/dags/ingest_historique.py for tasks to queue
[2025-03-14T10:44:22.392+0000] {logging_mixin.py:151} INFO - [2025-03-14T10:44:22.391+0000] {dagbag.py:539} INFO - Filling up the DagBag from /opt/airflow/dags/ingest_historique.py
[2025-03-14T10:44:22.941+0000] {processor.py:839} INFO - DAG(s) dict_keys(['yfinance_ingestion_historique_gold']) retrieved from /opt/airflow/dags/ingest_historique.py
[2025-03-14T10:44:22.978+0000] {logging_mixin.py:151} INFO - [2025-03-14T10:44:22.977+0000] {dag.py:2915} INFO - Sync 1 DAGs
[2025-03-14T10:44:23.008+0000] {logging_mixin.py:151} INFO - [2025-03-14T10:44:23.007+0000] {dag.py:3696} INFO - Setting next_dagrun for yfinance_ingestion_historique_gold to 2025-03-14T00:00:00+00:00, run_after=2025-03-15T00:00:00+00:00
[2025-03-14T10:44:23.038+0000] {processor.py:179} INFO - Processing /opt/airflow/dags/ingest_historique.py took 0.653 seconds
[2025-03-14T10:44:53.674+0000] {processor.py:157} INFO - Started process (PID=1088) to work on /opt/airflow/dags/ingest_historique.py
[2025-03-14T10:44:53.676+0000] {processor.py:829} INFO - Processing file /opt/airflow/dags/ingest_historique.py for tasks to queue
[2025-03-14T10:44:53.678+0000] {logging_mixin.py:151} INFO - [2025-03-14T10:44:53.678+0000] {dagbag.py:539} INFO - Filling up the DagBag from /opt/airflow/dags/ingest_historique.py
[2025-03-14T10:44:54.173+0000] {processor.py:839} INFO - DAG(s) dict_keys(['yfinance_ingestion_historique_gold']) retrieved from /opt/airflow/dags/ingest_historique.py
[2025-03-14T10:44:54.206+0000] {logging_mixin.py:151} INFO - [2025-03-14T10:44:54.206+0000] {dag.py:2915} INFO - Sync 1 DAGs
[2025-03-14T10:44:54.234+0000] {logging_mixin.py:151} INFO - [2025-03-14T10:44:54.234+0000] {dag.py:3696} INFO - Setting next_dagrun for yfinance_ingestion_historique_gold to 2025-03-14T00:00:00+00:00, run_after=2025-03-15T00:00:00+00:00
[2025-03-14T10:44:54.265+0000] {processor.py:179} INFO - Processing /opt/airflow/dags/ingest_historique.py took 0.595 seconds
[2025-03-14T10:45:24.762+0000] {processor.py:157} INFO - Started process (PID=1100) to work on /opt/airflow/dags/ingest_historique.py
[2025-03-14T10:45:24.764+0000] {processor.py:829} INFO - Processing file /opt/airflow/dags/ingest_historique.py for tasks to queue
[2025-03-14T10:45:24.766+0000] {logging_mixin.py:151} INFO - [2025-03-14T10:45:24.766+0000] {dagbag.py:539} INFO - Filling up the DagBag from /opt/airflow/dags/ingest_historique.py
[2025-03-14T10:45:23.917+0000] {processor.py:839} INFO - DAG(s) dict_keys(['yfinance_ingestion_historique_gold']) retrieved from /opt/airflow/dags/ingest_historique.py
[2025-03-14T10:45:23.950+0000] {logging_mixin.py:151} INFO - [2025-03-14T10:45:23.949+0000] {dag.py:2915} INFO - Sync 1 DAGs
[2025-03-14T10:45:23.974+0000] {logging_mixin.py:151} INFO - [2025-03-14T10:45:23.974+0000] {dag.py:3696} INFO - Setting next_dagrun for yfinance_ingestion_historique_gold to 2025-03-14T00:00:00+00:00, run_after=2025-03-15T00:00:00+00:00
[2025-03-14T10:45:24.004+0000] {processor.py:179} INFO - Processing /opt/airflow/dags/ingest_historique.py took 0.604 seconds
[2025-03-14T10:45:54.766+0000] {processor.py:157} INFO - Started process (PID=1112) to work on /opt/airflow/dags/ingest_historique.py
[2025-03-14T10:45:54.767+0000] {processor.py:829} INFO - Processing file /opt/airflow/dags/ingest_historique.py for tasks to queue
[2025-03-14T10:45:54.769+0000] {logging_mixin.py:151} INFO - [2025-03-14T10:45:54.769+0000] {dagbag.py:539} INFO - Filling up the DagBag from /opt/airflow/dags/ingest_historique.py
[2025-03-14T10:45:55.231+0000] {processor.py:839} INFO - DAG(s) dict_keys(['yfinance_ingestion_historique_gold']) retrieved from /opt/airflow/dags/ingest_historique.py
[2025-03-14T10:45:55.269+0000] {logging_mixin.py:151} INFO - [2025-03-14T10:45:55.269+0000] {dag.py:2915} INFO - Sync 1 DAGs
[2025-03-14T10:45:55.308+0000] {logging_mixin.py:151} INFO - [2025-03-14T10:45:55.308+0000] {dag.py:3696} INFO - Setting next_dagrun for yfinance_ingestion_historique_gold to 2025-03-14T00:00:00+00:00, run_after=2025-03-15T00:00:00+00:00
[2025-03-14T10:45:55.481+0000] {processor.py:179} INFO - Processing /opt/airflow/dags/ingest_historique.py took 0.719 seconds
[2025-03-14T10:46:25.550+0000] {processor.py:157} INFO - Started process (PID=1122) to work on /opt/airflow/dags/ingest_historique.py
[2025-03-14T10:46:25.552+0000] {processor.py:829} INFO - Processing file /opt/airflow/dags/ingest_historique.py for tasks to queue
[2025-03-14T10:46:25.553+0000] {logging_mixin.py:151} INFO - [2025-03-14T10:46:25.553+0000] {dagbag.py:539} INFO - Filling up the DagBag from /opt/airflow/dags/ingest_historique.py
[2025-03-14T10:46:26.053+0000] {processor.py:839} INFO - DAG(s) dict_keys(['yfinance_ingestion_historique_gold']) retrieved from /opt/airflow/dags/ingest_historique.py
[2025-03-14T10:46:26.089+0000] {logging_mixin.py:151} INFO - [2025-03-14T10:46:26.088+0000] {dag.py:2915} INFO - Sync 1 DAGs
[2025-03-14T10:46:26.114+0000] {logging_mixin.py:151} INFO - [2025-03-14T10:46:26.114+0000] {dag.py:3696} INFO - Setting next_dagrun for yfinance_ingestion_historique_gold to 2025-03-14T00:00:00+00:00, run_after=2025-03-15T00:00:00+00:00
[2025-03-14T10:46:26.141+0000] {processor.py:179} INFO - Processing /opt/airflow/dags/ingest_historique.py took 0.596 seconds
[2025-03-14T10:46:56.693+0000] {processor.py:157} INFO - Started process (PID=1134) to work on /opt/airflow/dags/ingest_historique.py
[2025-03-14T10:46:56.695+0000] {processor.py:829} INFO - Processing file /opt/airflow/dags/ingest_historique.py for tasks to queue
[2025-03-14T10:46:56.696+0000] {logging_mixin.py:151} INFO - [2025-03-14T10:46:56.696+0000] {dagbag.py:539} INFO - Filling up the DagBag from /opt/airflow/dags/ingest_historique.py
[2025-03-14T10:46:57.191+0000] {processor.py:839} INFO - DAG(s) dict_keys(['yfinance_ingestion_historique_gold']) retrieved from /opt/airflow/dags/ingest_historique.py
[2025-03-14T10:46:57.225+0000] {logging_mixin.py:151} INFO - [2025-03-14T10:46:57.224+0000] {dag.py:2915} INFO - Sync 1 DAGs
[2025-03-14T10:46:57.251+0000] {logging_mixin.py:151} INFO - [2025-03-14T10:46:57.251+0000] {dag.py:3696} INFO - Setting next_dagrun for yfinance_ingestion_historique_gold to 2025-03-14T00:00:00+00:00, run_after=2025-03-15T00:00:00+00:00
[2025-03-14T10:46:57.281+0000] {processor.py:179} INFO - Processing /opt/airflow/dags/ingest_historique.py took 0.592 seconds
[2025-03-14T10:47:27.363+0000] {processor.py:157} INFO - Started process (PID=1142) to work on /opt/airflow/dags/ingest_historique.py
[2025-03-14T10:47:27.364+0000] {processor.py:829} INFO - Processing file /opt/airflow/dags/ingest_historique.py for tasks to queue
[2025-03-14T10:47:27.366+0000] {logging_mixin.py:151} INFO - [2025-03-14T10:47:27.365+0000] {dagbag.py:539} INFO - Filling up the DagBag from /opt/airflow/dags/ingest_historique.py
[2025-03-14T10:47:27.992+0000] {processor.py:839} INFO - DAG(s) dict_keys(['yfinance_ingestion_historique_gold']) retrieved from /opt/airflow/dags/ingest_historique.py
[2025-03-14T10:47:28.055+0000] {logging_mixin.py:151} INFO - [2025-03-14T10:47:28.054+0000] {dag.py:2915} INFO - Sync 1 DAGs
[2025-03-14T10:47:28.108+0000] {logging_mixin.py:151} INFO - [2025-03-14T10:47:28.108+0000] {dag.py:3696} INFO - Setting next_dagrun for yfinance_ingestion_historique_gold to 2025-03-14T00:00:00+00:00, run_after=2025-03-15T00:00:00+00:00
[2025-03-14T10:47:28.472+0000] {processor.py:179} INFO - Processing /opt/airflow/dags/ingest_historique.py took 1.114 seconds
[2025-03-14T10:47:59.532+0000] {processor.py:157} INFO - Started process (PID=1154) to work on /opt/airflow/dags/ingest_historique.py
[2025-03-14T10:47:59.534+0000] {processor.py:829} INFO - Processing file /opt/airflow/dags/ingest_historique.py for tasks to queue
[2025-03-14T10:47:59.536+0000] {logging_mixin.py:151} INFO - [2025-03-14T10:47:59.536+0000] {dagbag.py:539} INFO - Filling up the DagBag from /opt/airflow/dags/ingest_historique.py
[2025-03-14T10:48:00.133+0000] {processor.py:839} INFO - DAG(s) dict_keys(['yfinance_ingestion_historique_gold']) retrieved from /opt/airflow/dags/ingest_historique.py
[2025-03-14T10:48:00.167+0000] {logging_mixin.py:151} INFO - [2025-03-14T10:48:00.167+0000] {dag.py:2915} INFO - Sync 1 DAGs
[2025-03-14T10:48:00.198+0000] {logging_mixin.py:151} INFO - [2025-03-14T10:48:00.198+0000] {dag.py:3696} INFO - Setting next_dagrun for yfinance_ingestion_historique_gold to 2025-03-14T00:00:00+00:00, run_after=2025-03-15T00:00:00+00:00
[2025-03-14T10:48:00.232+0000] {processor.py:179} INFO - Processing /opt/airflow/dags/ingest_historique.py took 0.707 seconds
[2025-03-14T10:48:30.521+0000] {processor.py:157} INFO - Started process (PID=1170) to work on /opt/airflow/dags/ingest_historique.py
[2025-03-14T10:48:30.523+0000] {processor.py:829} INFO - Processing file /opt/airflow/dags/ingest_historique.py for tasks to queue
[2025-03-14T10:48:30.526+0000] {logging_mixin.py:151} INFO - [2025-03-14T10:48:30.525+0000] {dagbag.py:539} INFO - Filling up the DagBag from /opt/airflow/dags/ingest_historique.py
[2025-03-14T10:48:31.510+0000] {processor.py:839} INFO - DAG(s) dict_keys(['yfinance_ingestion_historique_gold']) retrieved from /opt/airflow/dags/ingest_historique.py
[2025-03-14T10:48:31.554+0000] {logging_mixin.py:151} INFO - [2025-03-14T10:48:31.554+0000] {dag.py:2915} INFO - Sync 1 DAGs
[2025-03-14T10:48:31.584+0000] {logging_mixin.py:151} INFO - [2025-03-14T10:48:31.584+0000] {dag.py:3696} INFO - Setting next_dagrun for yfinance_ingestion_historique_gold to 2025-03-14T00:00:00+00:00, run_after=2025-03-15T00:00:00+00:00
[2025-03-14T10:48:31.658+0000] {processor.py:179} INFO - Processing /opt/airflow/dags/ingest_historique.py took 1.146 seconds
[2025-03-14T10:49:02.308+0000] {processor.py:157} INFO - Started process (PID=1184) to work on /opt/airflow/dags/ingest_historique.py
[2025-03-14T10:49:02.310+0000] {processor.py:829} INFO - Processing file /opt/airflow/dags/ingest_historique.py for tasks to queue
[2025-03-14T10:49:02.312+0000] {logging_mixin.py:151} INFO - [2025-03-14T10:49:02.311+0000] {dagbag.py:539} INFO - Filling up the DagBag from /opt/airflow/dags/ingest_historique.py
[2025-03-14T10:49:02.776+0000] {processor.py:839} INFO - DAG(s) dict_keys(['yfinance_ingestion_historique_gold']) retrieved from /opt/airflow/dags/ingest_historique.py
[2025-03-14T10:49:02.805+0000] {logging_mixin.py:151} INFO - [2025-03-14T10:49:02.805+0000] {dag.py:2915} INFO - Sync 1 DAGs
[2025-03-14T10:49:02.834+0000] {logging_mixin.py:151} INFO - [2025-03-14T10:49:02.834+0000] {dag.py:3696} INFO - Setting next_dagrun for yfinance_ingestion_historique_gold to 2025-03-14T00:00:00+00:00, run_after=2025-03-15T00:00:00+00:00
[2025-03-14T10:49:02.871+0000] {processor.py:179} INFO - Processing /opt/airflow/dags/ingest_historique.py took 0.567 seconds
[2025-03-14T10:49:33.516+0000] {processor.py:157} INFO - Started process (PID=1196) to work on /opt/airflow/dags/ingest_historique.py
[2025-03-14T10:49:33.518+0000] {processor.py:829} INFO - Processing file /opt/airflow/dags/ingest_historique.py for tasks to queue
[2025-03-14T10:49:33.519+0000] {logging_mixin.py:151} INFO - [2025-03-14T10:49:33.519+0000] {dagbag.py:539} INFO - Filling up the DagBag from /opt/airflow/dags/ingest_historique.py
[2025-03-14T10:49:34.044+0000] {processor.py:839} INFO - DAG(s) dict_keys(['yfinance_ingestion_historique_gold']) retrieved from /opt/airflow/dags/ingest_historique.py
[2025-03-14T10:49:34.074+0000] {logging_mixin.py:151} INFO - [2025-03-14T10:49:34.074+0000] {dag.py:2915} INFO - Sync 1 DAGs
[2025-03-14T10:49:34.099+0000] {logging_mixin.py:151} INFO - [2025-03-14T10:49:34.099+0000] {dag.py:3696} INFO - Setting next_dagrun for yfinance_ingestion_historique_gold to 2025-03-14T00:00:00+00:00, run_after=2025-03-15T00:00:00+00:00
[2025-03-14T10:49:34.129+0000] {processor.py:179} INFO - Processing /opt/airflow/dags/ingest_historique.py took 0.617 seconds
[2025-03-14T10:50:04.654+0000] {processor.py:157} INFO - Started process (PID=1208) to work on /opt/airflow/dags/ingest_historique.py
[2025-03-14T10:50:04.655+0000] {processor.py:829} INFO - Processing file /opt/airflow/dags/ingest_historique.py for tasks to queue
[2025-03-14T10:50:04.657+0000] {logging_mixin.py:151} INFO - [2025-03-14T10:50:04.657+0000] {dagbag.py:539} INFO - Filling up the DagBag from /opt/airflow/dags/ingest_historique.py
[2025-03-14T10:50:05.183+0000] {processor.py:839} INFO - DAG(s) dict_keys(['yfinance_ingestion_historique_gold']) retrieved from /opt/airflow/dags/ingest_historique.py
[2025-03-14T10:50:05.214+0000] {logging_mixin.py:151} INFO - [2025-03-14T10:50:05.214+0000] {dag.py:2915} INFO - Sync 1 DAGs
[2025-03-14T10:50:05.246+0000] {logging_mixin.py:151} INFO - [2025-03-14T10:50:05.245+0000] {dag.py:3696} INFO - Setting next_dagrun for yfinance_ingestion_historique_gold to 2025-03-14T00:00:00+00:00, run_after=2025-03-15T00:00:00+00:00
[2025-03-14T10:50:05.271+0000] {processor.py:179} INFO - Processing /opt/airflow/dags/ingest_historique.py took 0.621 seconds
[2025-03-14T10:50:35.887+0000] {processor.py:157} INFO - Started process (PID=1220) to work on /opt/airflow/dags/ingest_historique.py
[2025-03-14T10:50:35.890+0000] {processor.py:829} INFO - Processing file /opt/airflow/dags/ingest_historique.py for tasks to queue
[2025-03-14T10:50:35.892+0000] {logging_mixin.py:151} INFO - [2025-03-14T10:50:35.891+0000] {dagbag.py:539} INFO - Filling up the DagBag from /opt/airflow/dags/ingest_historique.py
[2025-03-14T10:50:36.408+0000] {processor.py:839} INFO - DAG(s) dict_keys(['yfinance_ingestion_historique_gold']) retrieved from /opt/airflow/dags/ingest_historique.py
[2025-03-14T10:50:36.439+0000] {logging_mixin.py:151} INFO - [2025-03-14T10:50:36.438+0000] {dag.py:2915} INFO - Sync 1 DAGs
[2025-03-14T10:50:36.468+0000] {logging_mixin.py:151} INFO - [2025-03-14T10:50:36.468+0000] {dag.py:3696} INFO - Setting next_dagrun for yfinance_ingestion_historique_gold to 2025-03-14T00:00:00+00:00, run_after=2025-03-15T00:00:00+00:00
[2025-03-14T10:50:36.497+0000] {processor.py:179} INFO - Processing /opt/airflow/dags/ingest_historique.py took 0.615 seconds
[2025-03-14T10:51:07.177+0000] {processor.py:157} INFO - Started process (PID=1232) to work on /opt/airflow/dags/ingest_historique.py
[2025-03-14T10:51:07.180+0000] {processor.py:829} INFO - Processing file /opt/airflow/dags/ingest_historique.py for tasks to queue
[2025-03-14T10:51:07.182+0000] {logging_mixin.py:151} INFO - [2025-03-14T10:51:07.182+0000] {dagbag.py:539} INFO - Filling up the DagBag from /opt/airflow/dags/ingest_historique.py
[2025-03-14T10:51:07.784+0000] {processor.py:839} INFO - DAG(s) dict_keys(['yfinance_ingestion_historique_gold']) retrieved from /opt/airflow/dags/ingest_historique.py
[2025-03-14T10:51:07.824+0000] {logging_mixin.py:151} INFO - [2025-03-14T10:51:07.823+0000] {dag.py:2915} INFO - Sync 1 DAGs
[2025-03-14T10:51:07.860+0000] {logging_mixin.py:151} INFO - [2025-03-14T10:51:07.860+0000] {dag.py:3696} INFO - Setting next_dagrun for yfinance_ingestion_historique_gold to 2025-03-14T00:00:00+00:00, run_after=2025-03-15T00:00:00+00:00
[2025-03-14T10:51:07.897+0000] {processor.py:179} INFO - Processing /opt/airflow/dags/ingest_historique.py took 0.724 seconds
[2025-03-14T10:51:38.104+0000] {processor.py:157} INFO - Started process (PID=1242) to work on /opt/airflow/dags/ingest_historique.py
[2025-03-14T10:51:38.105+0000] {processor.py:829} INFO - Processing file /opt/airflow/dags/ingest_historique.py for tasks to queue
[2025-03-14T10:51:38.107+0000] {logging_mixin.py:151} INFO - [2025-03-14T10:51:38.106+0000] {dagbag.py:539} INFO - Filling up the DagBag from /opt/airflow/dags/ingest_historique.py
[2025-03-14T10:51:38.566+0000] {processor.py:839} INFO - DAG(s) dict_keys(['yfinance_ingestion_historique_gold']) retrieved from /opt/airflow/dags/ingest_historique.py
[2025-03-14T10:51:38.600+0000] {logging_mixin.py:151} INFO - [2025-03-14T10:51:38.599+0000] {dag.py:2915} INFO - Sync 1 DAGs
[2025-03-14T10:51:38.628+0000] {logging_mixin.py:151} INFO - [2025-03-14T10:51:38.628+0000] {dag.py:3696} INFO - Setting next_dagrun for yfinance_ingestion_historique_gold to 2025-03-14T00:00:00+00:00, run_after=2025-03-15T00:00:00+00:00
[2025-03-14T10:51:38.670+0000] {processor.py:179} INFO - Processing /opt/airflow/dags/ingest_historique.py took 0.571 seconds
[2025-03-14T10:52:09.250+0000] {processor.py:157} INFO - Started process (PID=1254) to work on /opt/airflow/dags/ingest_historique.py
[2025-03-14T10:52:09.252+0000] {processor.py:829} INFO - Processing file /opt/airflow/dags/ingest_historique.py for tasks to queue
[2025-03-14T10:52:09.253+0000] {logging_mixin.py:151} INFO - [2025-03-14T10:52:09.253+0000] {dagbag.py:539} INFO - Filling up the DagBag from /opt/airflow/dags/ingest_historique.py
[2025-03-14T10:52:09.713+0000] {processor.py:839} INFO - DAG(s) dict_keys(['yfinance_ingestion_historique_gold']) retrieved from /opt/airflow/dags/ingest_historique.py
[2025-03-14T10:52:09.743+0000] {logging_mixin.py:151} INFO - [2025-03-14T10:52:09.743+0000] {dag.py:2915} INFO - Sync 1 DAGs
[2025-03-14T10:52:09.768+0000] {logging_mixin.py:151} INFO - [2025-03-14T10:52:09.767+0000] {dag.py:3696} INFO - Setting next_dagrun for yfinance_ingestion_historique_gold to 2025-03-14T00:00:00+00:00, run_after=2025-03-15T00:00:00+00:00
[2025-03-14T10:52:09.796+0000] {processor.py:179} INFO - Processing /opt/airflow/dags/ingest_historique.py took 0.550 seconds
[2025-03-14T10:52:39.893+0000] {processor.py:157} INFO - Started process (PID=1266) to work on /opt/airflow/dags/ingest_historique.py
[2025-03-14T10:52:39.895+0000] {processor.py:829} INFO - Processing file /opt/airflow/dags/ingest_historique.py for tasks to queue
[2025-03-14T10:52:39.896+0000] {logging_mixin.py:151} INFO - [2025-03-14T10:52:39.896+0000] {dagbag.py:539} INFO - Filling up the DagBag from /opt/airflow/dags/ingest_historique.py
[2025-03-14T10:52:40.655+0000] {processor.py:839} INFO - DAG(s) dict_keys(['yfinance_ingestion_historique_gold']) retrieved from /opt/airflow/dags/ingest_historique.py
[2025-03-14T10:52:40.684+0000] {logging_mixin.py:151} INFO - [2025-03-14T10:52:40.684+0000] {dag.py:2915} INFO - Sync 1 DAGs
[2025-03-14T10:52:40.709+0000] {logging_mixin.py:151} INFO - [2025-03-14T10:52:40.708+0000] {dag.py:3696} INFO - Setting next_dagrun for yfinance_ingestion_historique_gold to 2025-03-14T00:00:00+00:00, run_after=2025-03-15T00:00:00+00:00
[2025-03-14T10:52:40.739+0000] {processor.py:179} INFO - Processing /opt/airflow/dags/ingest_historique.py took 0.853 seconds
[2025-03-14T10:53:10.861+0000] {processor.py:157} INFO - Started process (PID=1278) to work on /opt/airflow/dags/ingest_historique.py
[2025-03-14T10:53:10.863+0000] {processor.py:829} INFO - Processing file /opt/airflow/dags/ingest_historique.py for tasks to queue
[2025-03-14T10:53:10.864+0000] {logging_mixin.py:151} INFO - [2025-03-14T10:53:10.864+0000] {dagbag.py:539} INFO - Filling up the DagBag from /opt/airflow/dags/ingest_historique.py
[2025-03-14T10:53:11.460+0000] {processor.py:839} INFO - DAG(s) dict_keys(['yfinance_ingestion_historique_gold']) retrieved from /opt/airflow/dags/ingest_historique.py
[2025-03-14T10:53:11.492+0000] {logging_mixin.py:151} INFO - [2025-03-14T10:53:11.492+0000] {dag.py:2915} INFO - Sync 1 DAGs
[2025-03-14T10:53:11.515+0000] {logging_mixin.py:151} INFO - [2025-03-14T10:53:11.515+0000] {dag.py:3696} INFO - Setting next_dagrun for yfinance_ingestion_historique_gold to 2025-03-14T00:00:00+00:00, run_after=2025-03-15T00:00:00+00:00
[2025-03-14T10:53:11.546+0000] {processor.py:179} INFO - Processing /opt/airflow/dags/ingest_historique.py took 0.690 seconds
[2025-03-14T10:53:42.351+0000] {processor.py:157} INFO - Started process (PID=1290) to work on /opt/airflow/dags/ingest_historique.py
[2025-03-14T10:53:42.353+0000] {processor.py:829} INFO - Processing file /opt/airflow/dags/ingest_historique.py for tasks to queue
[2025-03-14T10:53:42.354+0000] {logging_mixin.py:151} INFO - [2025-03-14T10:53:42.354+0000] {dagbag.py:539} INFO - Filling up the DagBag from /opt/airflow/dags/ingest_historique.py
[2025-03-14T10:53:43.067+0000] {processor.py:839} INFO - DAG(s) dict_keys(['yfinance_ingestion_historique_gold']) retrieved from /opt/airflow/dags/ingest_historique.py
[2025-03-14T10:53:43.098+0000] {logging_mixin.py:151} INFO - [2025-03-14T10:53:43.098+0000] {dag.py:2915} INFO - Sync 1 DAGs
[2025-03-14T10:53:43.126+0000] {logging_mixin.py:151} INFO - [2025-03-14T10:53:43.126+0000] {dag.py:3696} INFO - Setting next_dagrun for yfinance_ingestion_historique_gold to 2025-03-14T00:00:00+00:00, run_after=2025-03-15T00:00:00+00:00
[2025-03-14T10:53:43.156+0000] {processor.py:179} INFO - Processing /opt/airflow/dags/ingest_historique.py took 0.810 seconds
[2025-03-14T10:54:13.711+0000] {processor.py:157} INFO - Started process (PID=1302) to work on /opt/airflow/dags/ingest_historique.py
[2025-03-14T10:54:13.713+0000] {processor.py:829} INFO - Processing file /opt/airflow/dags/ingest_historique.py for tasks to queue
[2025-03-14T10:54:13.715+0000] {logging_mixin.py:151} INFO - [2025-03-14T10:54:13.715+0000] {dagbag.py:539} INFO - Filling up the DagBag from /opt/airflow/dags/ingest_historique.py
[2025-03-14T10:54:14.515+0000] {processor.py:839} INFO - DAG(s) dict_keys(['yfinance_ingestion_historique_gold']) retrieved from /opt/airflow/dags/ingest_historique.py
[2025-03-14T10:54:14.549+0000] {logging_mixin.py:151} INFO - [2025-03-14T10:54:14.549+0000] {dag.py:2915} INFO - Sync 1 DAGs
[2025-03-14T10:54:14.586+0000] {logging_mixin.py:151} INFO - [2025-03-14T10:54:14.585+0000] {dag.py:3696} INFO - Setting next_dagrun for yfinance_ingestion_historique_gold to 2025-03-14T00:00:00+00:00, run_after=2025-03-15T00:00:00+00:00
[2025-03-14T10:54:14.623+0000] {processor.py:179} INFO - Processing /opt/airflow/dags/ingest_historique.py took 0.916 seconds
[2025-03-14T10:54:45.276+0000] {processor.py:157} INFO - Started process (PID=1314) to work on /opt/airflow/dags/ingest_historique.py
[2025-03-14T10:54:45.278+0000] {processor.py:829} INFO - Processing file /opt/airflow/dags/ingest_historique.py for tasks to queue
[2025-03-14T10:54:45.280+0000] {logging_mixin.py:151} INFO - [2025-03-14T10:54:45.279+0000] {dagbag.py:539} INFO - Filling up the DagBag from /opt/airflow/dags/ingest_historique.py
[2025-03-14T10:54:45.892+0000] {processor.py:839} INFO - DAG(s) dict_keys(['yfinance_ingestion_historique_gold']) retrieved from /opt/airflow/dags/ingest_historique.py
[2025-03-14T10:54:45.926+0000] {logging_mixin.py:151} INFO - [2025-03-14T10:54:45.925+0000] {dag.py:2915} INFO - Sync 1 DAGs
[2025-03-14T10:54:45.951+0000] {logging_mixin.py:151} INFO - [2025-03-14T10:54:45.951+0000] {dag.py:3696} INFO - Setting next_dagrun for yfinance_ingestion_historique_gold to 2025-03-14T00:00:00+00:00, run_after=2025-03-15T00:00:00+00:00
[2025-03-14T10:54:45.982+0000] {processor.py:179} INFO - Processing /opt/airflow/dags/ingest_historique.py took 0.712 seconds
[2025-03-14T10:55:16.051+0000] {processor.py:157} INFO - Started process (PID=1322) to work on /opt/airflow/dags/ingest_historique.py
[2025-03-14T10:55:16.053+0000] {processor.py:829} INFO - Processing file /opt/airflow/dags/ingest_historique.py for tasks to queue
[2025-03-14T10:55:16.055+0000] {logging_mixin.py:151} INFO - [2025-03-14T10:55:16.054+0000] {dagbag.py:539} INFO - Filling up the DagBag from /opt/airflow/dags/ingest_historique.py
[2025-03-14T10:55:16.606+0000] {processor.py:839} INFO - DAG(s) dict_keys(['yfinance_ingestion_historique_gold']) retrieved from /opt/airflow/dags/ingest_historique.py
[2025-03-14T10:55:16.642+0000] {logging_mixin.py:151} INFO - [2025-03-14T10:55:16.641+0000] {dag.py:2915} INFO - Sync 1 DAGs
[2025-03-14T10:55:16.669+0000] {logging_mixin.py:151} INFO - [2025-03-14T10:55:16.669+0000] {dag.py:3696} INFO - Setting next_dagrun for yfinance_ingestion_historique_gold to 2025-03-14T00:00:00+00:00, run_after=2025-03-15T00:00:00+00:00
[2025-03-14T10:55:16.699+0000] {processor.py:179} INFO - Processing /opt/airflow/dags/ingest_historique.py took 0.653 seconds
[2025-03-14T10:55:47.362+0000] {processor.py:157} INFO - Started process (PID=1334) to work on /opt/airflow/dags/ingest_historique.py
[2025-03-14T10:55:47.364+0000] {processor.py:829} INFO - Processing file /opt/airflow/dags/ingest_historique.py for tasks to queue
[2025-03-14T10:55:47.366+0000] {logging_mixin.py:151} INFO - [2025-03-14T10:55:47.366+0000] {dagbag.py:539} INFO - Filling up the DagBag from /opt/airflow/dags/ingest_historique.py
[2025-03-14T10:55:47.999+0000] {processor.py:839} INFO - DAG(s) dict_keys(['yfinance_ingestion_historique_gold']) retrieved from /opt/airflow/dags/ingest_historique.py
[2025-03-14T10:55:48.036+0000] {logging_mixin.py:151} INFO - [2025-03-14T10:55:48.035+0000] {dag.py:2915} INFO - Sync 1 DAGs
[2025-03-14T10:55:48.074+0000] {logging_mixin.py:151} INFO - [2025-03-14T10:55:48.073+0000] {dag.py:3696} INFO - Setting next_dagrun for yfinance_ingestion_historique_gold to 2025-03-14T00:00:00+00:00, run_after=2025-03-15T00:00:00+00:00
[2025-03-14T10:55:48.437+0000] {processor.py:179} INFO - Processing /opt/airflow/dags/ingest_historique.py took 1.083 seconds
[2025-03-14T10:56:19.436+0000] {processor.py:157} INFO - Started process (PID=1346) to work on /opt/airflow/dags/ingest_historique.py
[2025-03-14T10:56:19.439+0000] {processor.py:829} INFO - Processing file /opt/airflow/dags/ingest_historique.py for tasks to queue
[2025-03-14T10:56:19.441+0000] {logging_mixin.py:151} INFO - [2025-03-14T10:56:19.440+0000] {dagbag.py:539} INFO - Filling up the DagBag from /opt/airflow/dags/ingest_historique.py
[2025-03-14T10:56:20.082+0000] {processor.py:839} INFO - DAG(s) dict_keys(['yfinance_ingestion_historique_gold']) retrieved from /opt/airflow/dags/ingest_historique.py
[2025-03-14T10:56:20.124+0000] {logging_mixin.py:151} INFO - [2025-03-14T10:56:20.123+0000] {dag.py:2915} INFO - Sync 1 DAGs
[2025-03-14T10:56:20.156+0000] {logging_mixin.py:151} INFO - [2025-03-14T10:56:20.155+0000] {dag.py:3696} INFO - Setting next_dagrun for yfinance_ingestion_historique_gold to 2025-03-14T00:00:00+00:00, run_after=2025-03-15T00:00:00+00:00
[2025-03-14T10:56:20.193+0000] {processor.py:179} INFO - Processing /opt/airflow/dags/ingest_historique.py took 0.763 seconds
[2025-03-14T10:56:50.390+0000] {processor.py:157} INFO - Started process (PID=1358) to work on /opt/airflow/dags/ingest_historique.py
[2025-03-14T10:56:50.393+0000] {processor.py:829} INFO - Processing file /opt/airflow/dags/ingest_historique.py for tasks to queue
[2025-03-14T10:56:50.394+0000] {logging_mixin.py:151} INFO - [2025-03-14T10:56:50.394+0000] {dagbag.py:539} INFO - Filling up the DagBag from /opt/airflow/dags/ingest_historique.py
[2025-03-14T10:56:51.011+0000] {processor.py:839} INFO - DAG(s) dict_keys(['yfinance_ingestion_historique_gold']) retrieved from /opt/airflow/dags/ingest_historique.py
[2025-03-14T10:56:51.046+0000] {logging_mixin.py:151} INFO - [2025-03-14T10:56:51.046+0000] {dag.py:2915} INFO - Sync 1 DAGs
[2025-03-14T10:56:51.084+0000] {logging_mixin.py:151} INFO - [2025-03-14T10:56:51.084+0000] {dag.py:3696} INFO - Setting next_dagrun for yfinance_ingestion_historique_gold to 2025-03-14T00:00:00+00:00, run_after=2025-03-15T00:00:00+00:00
[2025-03-14T10:56:51.134+0000] {processor.py:179} INFO - Processing /opt/airflow/dags/ingest_historique.py took 0.749 seconds
[2025-03-14T10:57:21.792+0000] {processor.py:157} INFO - Started process (PID=1370) to work on /opt/airflow/dags/ingest_historique.py
[2025-03-14T10:57:21.794+0000] {processor.py:829} INFO - Processing file /opt/airflow/dags/ingest_historique.py for tasks to queue
[2025-03-14T10:57:21.796+0000] {logging_mixin.py:151} INFO - [2025-03-14T10:57:21.795+0000] {dagbag.py:539} INFO - Filling up the DagBag from /opt/airflow/dags/ingest_historique.py
[2025-03-14T10:57:22.330+0000] {processor.py:839} INFO - DAG(s) dict_keys(['yfinance_ingestion_historique_gold']) retrieved from /opt/airflow/dags/ingest_historique.py
[2025-03-14T10:57:22.364+0000] {logging_mixin.py:151} INFO - [2025-03-14T10:57:22.363+0000] {dag.py:2915} INFO - Sync 1 DAGs
[2025-03-14T10:57:22.403+0000] {logging_mixin.py:151} INFO - [2025-03-14T10:57:22.402+0000] {dag.py:3696} INFO - Setting next_dagrun for yfinance_ingestion_historique_gold to 2025-03-14T00:00:00+00:00, run_after=2025-03-15T00:00:00+00:00
[2025-03-14T10:57:22.438+0000] {processor.py:179} INFO - Processing /opt/airflow/dags/ingest_historique.py took 0.652 seconds
[2025-03-14T10:57:52.538+0000] {processor.py:157} INFO - Started process (PID=1382) to work on /opt/airflow/dags/ingest_historique.py
[2025-03-14T10:57:52.541+0000] {processor.py:829} INFO - Processing file /opt/airflow/dags/ingest_historique.py for tasks to queue
[2025-03-14T10:57:52.543+0000] {logging_mixin.py:151} INFO - [2025-03-14T10:57:52.542+0000] {dagbag.py:539} INFO - Filling up the DagBag from /opt/airflow/dags/ingest_historique.py
[2025-03-14T10:57:53.255+0000] {processor.py:839} INFO - DAG(s) dict_keys(['yfinance_ingestion_historique_gold']) retrieved from /opt/airflow/dags/ingest_historique.py
[2025-03-14T10:57:53.287+0000] {logging_mixin.py:151} INFO - [2025-03-14T10:57:53.287+0000] {dag.py:2915} INFO - Sync 1 DAGs
[2025-03-14T10:57:53.320+0000] {logging_mixin.py:151} INFO - [2025-03-14T10:57:53.319+0000] {dag.py:3696} INFO - Setting next_dagrun for yfinance_ingestion_historique_gold to 2025-03-14T00:00:00+00:00, run_after=2025-03-15T00:00:00+00:00
[2025-03-14T10:57:53.513+0000] {processor.py:179} INFO - Processing /opt/airflow/dags/ingest_historique.py took 0.985 seconds
[2025-03-14T10:58:23.591+0000] {processor.py:157} INFO - Started process (PID=1394) to work on /opt/airflow/dags/ingest_historique.py
[2025-03-14T10:58:23.593+0000] {processor.py:829} INFO - Processing file /opt/airflow/dags/ingest_historique.py for tasks to queue
[2025-03-14T10:58:23.595+0000] {logging_mixin.py:151} INFO - [2025-03-14T10:58:23.595+0000] {dagbag.py:539} INFO - Filling up the DagBag from /opt/airflow/dags/ingest_historique.py
[2025-03-14T10:58:24.253+0000] {processor.py:839} INFO - DAG(s) dict_keys(['yfinance_ingestion_historique_gold']) retrieved from /opt/airflow/dags/ingest_historique.py
[2025-03-14T10:58:24.292+0000] {logging_mixin.py:151} INFO - [2025-03-14T10:58:24.291+0000] {dag.py:2915} INFO - Sync 1 DAGs
[2025-03-14T10:58:24.331+0000] {logging_mixin.py:151} INFO - [2025-03-14T10:58:24.330+0000] {dag.py:3696} INFO - Setting next_dagrun for yfinance_ingestion_historique_gold to 2025-03-14T00:00:00+00:00, run_after=2025-03-15T00:00:00+00:00
[2025-03-14T10:58:24.361+0000] {processor.py:179} INFO - Processing /opt/airflow/dags/ingest_historique.py took 0.777 seconds
[2025-03-14T10:58:55.430+0000] {processor.py:157} INFO - Started process (PID=1406) to work on /opt/airflow/dags/ingest_historique.py
[2025-03-14T10:58:55.432+0000] {processor.py:829} INFO - Processing file /opt/airflow/dags/ingest_historique.py for tasks to queue
[2025-03-14T10:58:55.434+0000] {logging_mixin.py:151} INFO - [2025-03-14T10:58:55.433+0000] {dagbag.py:539} INFO - Filling up the DagBag from /opt/airflow/dags/ingest_historique.py
[2025-03-14T10:58:56.144+0000] {processor.py:839} INFO - DAG(s) dict_keys(['yfinance_ingestion_historique_gold']) retrieved from /opt/airflow/dags/ingest_historique.py
[2025-03-14T10:58:56.188+0000] {logging_mixin.py:151} INFO - [2025-03-14T10:58:56.187+0000] {dag.py:2915} INFO - Sync 1 DAGs
[2025-03-14T10:58:56.222+0000] {logging_mixin.py:151} INFO - [2025-03-14T10:58:56.222+0000] {dag.py:3696} INFO - Setting next_dagrun for yfinance_ingestion_historique_gold to 2025-03-14T00:00:00+00:00, run_after=2025-03-15T00:00:00+00:00
[2025-03-14T10:58:56.256+0000] {processor.py:179} INFO - Processing /opt/airflow/dags/ingest_historique.py took 0.833 seconds
[2025-03-14T10:59:27.326+0000] {processor.py:157} INFO - Started process (PID=1418) to work on /opt/airflow/dags/ingest_historique.py
[2025-03-14T10:59:27.328+0000] {processor.py:829} INFO - Processing file /opt/airflow/dags/ingest_historique.py for tasks to queue
[2025-03-14T10:59:27.330+0000] {logging_mixin.py:151} INFO - [2025-03-14T10:59:27.330+0000] {dagbag.py:539} INFO - Filling up the DagBag from /opt/airflow/dags/ingest_historique.py
[2025-03-14T10:59:27.946+0000] {processor.py:839} INFO - DAG(s) dict_keys(['yfinance_ingestion_historique_gold']) retrieved from /opt/airflow/dags/ingest_historique.py
[2025-03-14T10:59:27.986+0000] {logging_mixin.py:151} INFO - [2025-03-14T10:59:27.986+0000] {dag.py:2915} INFO - Sync 1 DAGs
[2025-03-14T10:59:28.022+0000] {logging_mixin.py:151} INFO - [2025-03-14T10:59:28.022+0000] {dag.py:3696} INFO - Setting next_dagrun for yfinance_ingestion_historique_gold to 2025-03-14T00:00:00+00:00, run_after=2025-03-15T00:00:00+00:00
[2025-03-14T10:59:28.065+0000] {processor.py:179} INFO - Processing /opt/airflow/dags/ingest_historique.py took 0.744 seconds
[2025-03-14T10:59:58.165+0000] {processor.py:157} INFO - Started process (PID=1430) to work on /opt/airflow/dags/ingest_historique.py
[2025-03-14T10:59:58.167+0000] {processor.py:829} INFO - Processing file /opt/airflow/dags/ingest_historique.py for tasks to queue
[2025-03-14T10:59:58.169+0000] {logging_mixin.py:151} INFO - [2025-03-14T10:59:58.168+0000] {dagbag.py:539} INFO - Filling up the DagBag from /opt/airflow/dags/ingest_historique.py
[2025-03-14T10:59:58.693+0000] {processor.py:839} INFO - DAG(s) dict_keys(['yfinance_ingestion_historique_gold']) retrieved from /opt/airflow/dags/ingest_historique.py
[2025-03-14T10:59:58.725+0000] {logging_mixin.py:151} INFO - [2025-03-14T10:59:58.724+0000] {dag.py:2915} INFO - Sync 1 DAGs
[2025-03-14T10:59:58.952+0000] {logging_mixin.py:151} INFO - [2025-03-14T10:59:58.952+0000] {dag.py:3696} INFO - Setting next_dagrun for yfinance_ingestion_historique_gold to 2025-03-14T00:00:00+00:00, run_after=2025-03-15T00:00:00+00:00
[2025-03-14T10:59:58.982+0000] {processor.py:179} INFO - Processing /opt/airflow/dags/ingest_historique.py took 0.821 seconds
[2025-03-14T11:00:29.241+0000] {processor.py:157} INFO - Started process (PID=1442) to work on /opt/airflow/dags/ingest_historique.py
[2025-03-14T11:00:29.243+0000] {processor.py:829} INFO - Processing file /opt/airflow/dags/ingest_historique.py for tasks to queue
[2025-03-14T11:00:29.245+0000] {logging_mixin.py:151} INFO - [2025-03-14T11:00:29.244+0000] {dagbag.py:539} INFO - Filling up the DagBag from /opt/airflow/dags/ingest_historique.py
[2025-03-14T11:00:30.354+0000] {processor.py:839} INFO - DAG(s) dict_keys(['yfinance_ingestion_historique_gold']) retrieved from /opt/airflow/dags/ingest_historique.py
[2025-03-14T11:00:30.421+0000] {logging_mixin.py:151} INFO - [2025-03-14T11:00:30.419+0000] {dag.py:2915} INFO - Sync 1 DAGs
[2025-03-14T11:00:30.483+0000] {logging_mixin.py:151} INFO - [2025-03-14T11:00:30.482+0000] {dag.py:3696} INFO - Setting next_dagrun for yfinance_ingestion_historique_gold to 2025-03-14T00:00:00+00:00, run_after=2025-03-15T00:00:00+00:00
[2025-03-14T11:00:30.542+0000] {processor.py:179} INFO - Processing /opt/airflow/dags/ingest_historique.py took 1.308 seconds
[2025-03-14T11:01:01.570+0000] {processor.py:157} INFO - Started process (PID=1454) to work on /opt/airflow/dags/ingest_historique.py
[2025-03-14T11:01:01.572+0000] {processor.py:829} INFO - Processing file /opt/airflow/dags/ingest_historique.py for tasks to queue
[2025-03-14T11:01:01.574+0000] {logging_mixin.py:151} INFO - [2025-03-14T11:01:01.573+0000] {dagbag.py:539} INFO - Filling up the DagBag from /opt/airflow/dags/ingest_historique.py
[2025-03-14T11:01:02.175+0000] {processor.py:839} INFO - DAG(s) dict_keys(['yfinance_ingestion_historique_gold']) retrieved from /opt/airflow/dags/ingest_historique.py
[2025-03-14T11:01:02.206+0000] {logging_mixin.py:151} INFO - [2025-03-14T11:01:02.206+0000] {dag.py:2915} INFO - Sync 1 DAGs
[2025-03-14T11:01:02.238+0000] {logging_mixin.py:151} INFO - [2025-03-14T11:01:02.238+0000] {dag.py:3696} INFO - Setting next_dagrun for yfinance_ingestion_historique_gold to 2025-03-14T00:00:00+00:00, run_after=2025-03-15T00:00:00+00:00
[2025-03-14T11:01:02.266+0000] {processor.py:179} INFO - Processing /opt/airflow/dags/ingest_historique.py took 0.701 seconds
[2025-03-14T11:01:32.472+0000] {processor.py:157} INFO - Started process (PID=1466) to work on /opt/airflow/dags/ingest_historique.py
[2025-03-14T11:01:32.474+0000] {processor.py:829} INFO - Processing file /opt/airflow/dags/ingest_historique.py for tasks to queue
[2025-03-14T11:01:32.476+0000] {logging_mixin.py:151} INFO - [2025-03-14T11:01:32.475+0000] {dagbag.py:539} INFO - Filling up the DagBag from /opt/airflow/dags/ingest_historique.py
[2025-03-14T11:01:33.240+0000] {processor.py:839} INFO - DAG(s) dict_keys(['yfinance_ingestion_historique_gold']) retrieved from /opt/airflow/dags/ingest_historique.py
[2025-03-14T11:01:33.285+0000] {logging_mixin.py:151} INFO - [2025-03-14T11:01:33.284+0000] {dag.py:2915} INFO - Sync 1 DAGs
[2025-03-14T11:01:33.340+0000] {logging_mixin.py:151} INFO - [2025-03-14T11:01:33.340+0000] {dag.py:3696} INFO - Setting next_dagrun for yfinance_ingestion_historique_gold to 2025-03-14T00:00:00+00:00, run_after=2025-03-15T00:00:00+00:00
[2025-03-14T11:01:33.375+0000] {processor.py:179} INFO - Processing /opt/airflow/dags/ingest_historique.py took 0.908 seconds
[2025-03-14T11:02:04.415+0000] {processor.py:157} INFO - Started process (PID=1478) to work on /opt/airflow/dags/ingest_historique.py
[2025-03-14T11:02:04.416+0000] {processor.py:829} INFO - Processing file /opt/airflow/dags/ingest_historique.py for tasks to queue
[2025-03-14T11:02:04.418+0000] {logging_mixin.py:151} INFO - [2025-03-14T11:02:04.417+0000] {dagbag.py:539} INFO - Filling up the DagBag from /opt/airflow/dags/ingest_historique.py
[2025-03-14T11:02:05.013+0000] {processor.py:839} INFO - DAG(s) dict_keys(['yfinance_ingestion_historique_gold']) retrieved from /opt/airflow/dags/ingest_historique.py
[2025-03-14T11:02:05.049+0000] {logging_mixin.py:151} INFO - [2025-03-14T11:02:05.048+0000] {dag.py:2915} INFO - Sync 1 DAGs
[2025-03-14T11:02:05.234+0000] {logging_mixin.py:151} INFO - [2025-03-14T11:02:05.234+0000] {dag.py:3696} INFO - Setting next_dagrun for yfinance_ingestion_historique_gold to 2025-03-14T00:00:00+00:00, run_after=2025-03-15T00:00:00+00:00
[2025-03-14T11:02:05.271+0000] {processor.py:179} INFO - Processing /opt/airflow/dags/ingest_historique.py took 0.860 seconds
[2025-03-14T11:02:35.984+0000] {processor.py:157} INFO - Started process (PID=1490) to work on /opt/airflow/dags/ingest_historique.py
[2025-03-14T11:02:35.986+0000] {processor.py:829} INFO - Processing file /opt/airflow/dags/ingest_historique.py for tasks to queue
[2025-03-14T11:02:35.988+0000] {logging_mixin.py:151} INFO - [2025-03-14T11:02:35.987+0000] {dagbag.py:539} INFO - Filling up the DagBag from /opt/airflow/dags/ingest_historique.py
[2025-03-14T11:02:36.741+0000] {processor.py:839} INFO - DAG(s) dict_keys(['yfinance_ingestion_historique_gold']) retrieved from /opt/airflow/dags/ingest_historique.py
[2025-03-14T11:02:36.799+0000] {logging_mixin.py:151} INFO - [2025-03-14T11:02:36.798+0000] {dag.py:2915} INFO - Sync 1 DAGs
[2025-03-14T11:02:36.835+0000] {logging_mixin.py:151} INFO - [2025-03-14T11:02:36.834+0000] {dag.py:3696} INFO - Setting next_dagrun for yfinance_ingestion_historique_gold to 2025-03-14T00:00:00+00:00, run_after=2025-03-15T00:00:00+00:00
[2025-03-14T11:02:36.877+0000] {processor.py:179} INFO - Processing /opt/airflow/dags/ingest_historique.py took 0.911 seconds
[2025-03-14T11:03:07.030+0000] {processor.py:157} INFO - Started process (PID=1502) to work on /opt/airflow/dags/ingest_historique.py
[2025-03-14T11:03:07.033+0000] {processor.py:829} INFO - Processing file /opt/airflow/dags/ingest_historique.py for tasks to queue
[2025-03-14T11:03:07.035+0000] {logging_mixin.py:151} INFO - [2025-03-14T11:03:07.035+0000] {dagbag.py:539} INFO - Filling up the DagBag from /opt/airflow/dags/ingest_historique.py
[2025-03-14T11:03:07.938+0000] {processor.py:839} INFO - DAG(s) dict_keys(['yfinance_ingestion_historique_gold']) retrieved from /opt/airflow/dags/ingest_historique.py
[2025-03-14T11:03:07.978+0000] {logging_mixin.py:151} INFO - [2025-03-14T11:03:07.978+0000] {dag.py:2915} INFO - Sync 1 DAGs
[2025-03-14T11:03:08.009+0000] {logging_mixin.py:151} INFO - [2025-03-14T11:03:08.009+0000] {dag.py:3696} INFO - Setting next_dagrun for yfinance_ingestion_historique_gold to 2025-03-14T00:00:00+00:00, run_after=2025-03-15T00:00:00+00:00
[2025-03-14T11:03:08.037+0000] {processor.py:179} INFO - Processing /opt/airflow/dags/ingest_historique.py took 1.014 seconds
[2025-03-14T11:03:38.136+0000] {processor.py:157} INFO - Started process (PID=1514) to work on /opt/airflow/dags/ingest_historique.py
[2025-03-14T11:03:38.138+0000] {processor.py:829} INFO - Processing file /opt/airflow/dags/ingest_historique.py for tasks to queue
[2025-03-14T11:03:38.140+0000] {logging_mixin.py:151} INFO - [2025-03-14T11:03:38.139+0000] {dagbag.py:539} INFO - Filling up the DagBag from /opt/airflow/dags/ingest_historique.py
[2025-03-14T11:03:38.783+0000] {processor.py:839} INFO - DAG(s) dict_keys(['yfinance_ingestion_historique_gold']) retrieved from /opt/airflow/dags/ingest_historique.py
[2025-03-14T11:03:38.820+0000] {logging_mixin.py:151} INFO - [2025-03-14T11:03:38.819+0000] {dag.py:2915} INFO - Sync 1 DAGs
[2025-03-14T11:03:38.849+0000] {logging_mixin.py:151} INFO - [2025-03-14T11:03:38.849+0000] {dag.py:3696} INFO - Setting next_dagrun for yfinance_ingestion_historique_gold to 2025-03-14T00:00:00+00:00, run_after=2025-03-15T00:00:00+00:00
[2025-03-14T11:03:38.882+0000] {processor.py:179} INFO - Processing /opt/airflow/dags/ingest_historique.py took 0.753 seconds
[2025-03-14T11:04:09.114+0000] {processor.py:157} INFO - Started process (PID=1526) to work on /opt/airflow/dags/ingest_historique.py
[2025-03-14T11:04:09.116+0000] {processor.py:829} INFO - Processing file /opt/airflow/dags/ingest_historique.py for tasks to queue
[2025-03-14T11:04:09.118+0000] {logging_mixin.py:151} INFO - [2025-03-14T11:04:09.117+0000] {dagbag.py:539} INFO - Filling up the DagBag from /opt/airflow/dags/ingest_historique.py
[2025-03-14T11:04:09.771+0000] {processor.py:839} INFO - DAG(s) dict_keys(['yfinance_ingestion_historique_gold']) retrieved from /opt/airflow/dags/ingest_historique.py
[2025-03-14T11:04:09.817+0000] {logging_mixin.py:151} INFO - [2025-03-14T11:04:09.816+0000] {dag.py:2915} INFO - Sync 1 DAGs
[2025-03-14T11:04:10.035+0000] {logging_mixin.py:151} INFO - [2025-03-14T11:04:10.035+0000] {dag.py:3696} INFO - Setting next_dagrun for yfinance_ingestion_historique_gold to 2025-03-14T00:00:00+00:00, run_after=2025-03-15T00:00:00+00:00
[2025-03-14T11:04:10.066+0000] {processor.py:179} INFO - Processing /opt/airflow/dags/ingest_historique.py took 0.957 seconds
[2025-03-14T11:04:41.015+0000] {processor.py:157} INFO - Started process (PID=1538) to work on /opt/airflow/dags/ingest_historique.py
[2025-03-14T11:04:41.017+0000] {processor.py:829} INFO - Processing file /opt/airflow/dags/ingest_historique.py for tasks to queue
[2025-03-14T11:04:41.020+0000] {logging_mixin.py:151} INFO - [2025-03-14T11:04:41.019+0000] {dagbag.py:539} INFO - Filling up the DagBag from /opt/airflow/dags/ingest_historique.py
[2025-03-14T11:04:41.824+0000] {processor.py:839} INFO - DAG(s) dict_keys(['yfinance_ingestion_historique_gold']) retrieved from /opt/airflow/dags/ingest_historique.py
[2025-03-14T11:04:41.861+0000] {logging_mixin.py:151} INFO - [2025-03-14T11:04:41.860+0000] {dag.py:2915} INFO - Sync 1 DAGs
[2025-03-14T11:04:41.892+0000] {logging_mixin.py:151} INFO - [2025-03-14T11:04:41.892+0000] {dag.py:3696} INFO - Setting next_dagrun for yfinance_ingestion_historique_gold to 2025-03-14T00:00:00+00:00, run_after=2025-03-15T00:00:00+00:00
[2025-03-14T11:04:41.923+0000] {processor.py:179} INFO - Processing /opt/airflow/dags/ingest_historique.py took 0.916 seconds
[2025-03-14T11:05:12.883+0000] {processor.py:157} INFO - Started process (PID=1550) to work on /opt/airflow/dags/ingest_historique.py
[2025-03-14T11:05:12.887+0000] {processor.py:829} INFO - Processing file /opt/airflow/dags/ingest_historique.py for tasks to queue
[2025-03-14T11:05:12.889+0000] {logging_mixin.py:151} INFO - [2025-03-14T11:05:12.889+0000] {dagbag.py:539} INFO - Filling up the DagBag from /opt/airflow/dags/ingest_historique.py
[2025-03-14T11:05:13.548+0000] {processor.py:839} INFO - DAG(s) dict_keys(['yfinance_ingestion_historique_gold']) retrieved from /opt/airflow/dags/ingest_historique.py
[2025-03-14T11:05:13.600+0000] {logging_mixin.py:151} INFO - [2025-03-14T11:05:13.599+0000] {dag.py:2915} INFO - Sync 1 DAGs
[2025-03-14T11:05:13.631+0000] {logging_mixin.py:151} INFO - [2025-03-14T11:05:13.631+0000] {dag.py:3696} INFO - Setting next_dagrun for yfinance_ingestion_historique_gold to 2025-03-14T00:00:00+00:00, run_after=2025-03-15T00:00:00+00:00
[2025-03-14T11:05:13.662+0000] {processor.py:179} INFO - Processing /opt/airflow/dags/ingest_historique.py took 0.785 seconds
[2025-03-14T11:05:44.726+0000] {processor.py:157} INFO - Started process (PID=1562) to work on /opt/airflow/dags/ingest_historique.py
[2025-03-14T11:05:44.728+0000] {processor.py:829} INFO - Processing file /opt/airflow/dags/ingest_historique.py for tasks to queue
[2025-03-14T11:05:44.731+0000] {logging_mixin.py:151} INFO - [2025-03-14T11:05:44.730+0000] {dagbag.py:539} INFO - Filling up the DagBag from /opt/airflow/dags/ingest_historique.py
[2025-03-14T11:05:45.368+0000] {processor.py:839} INFO - DAG(s) dict_keys(['yfinance_ingestion_historique_gold']) retrieved from /opt/airflow/dags/ingest_historique.py
[2025-03-14T11:05:45.404+0000] {logging_mixin.py:151} INFO - [2025-03-14T11:05:45.403+0000] {dag.py:2915} INFO - Sync 1 DAGs
[2025-03-14T11:05:45.439+0000] {logging_mixin.py:151} INFO - [2025-03-14T11:05:45.438+0000] {dag.py:3696} INFO - Setting next_dagrun for yfinance_ingestion_historique_gold to 2025-03-14T00:00:00+00:00, run_after=2025-03-15T00:00:00+00:00
[2025-03-14T11:05:45.475+0000] {processor.py:179} INFO - Processing /opt/airflow/dags/ingest_historique.py took 0.756 seconds
[2025-03-14T11:06:15.763+0000] {processor.py:157} INFO - Started process (PID=1574) to work on /opt/airflow/dags/ingest_historique.py
[2025-03-14T11:06:15.764+0000] {processor.py:829} INFO - Processing file /opt/airflow/dags/ingest_historique.py for tasks to queue
[2025-03-14T11:06:15.766+0000] {logging_mixin.py:151} INFO - [2025-03-14T11:06:15.766+0000] {dagbag.py:539} INFO - Filling up the DagBag from /opt/airflow/dags/ingest_historique.py
[2025-03-14T11:06:16.718+0000] {processor.py:839} INFO - DAG(s) dict_keys(['yfinance_ingestion_historique_gold']) retrieved from /opt/airflow/dags/ingest_historique.py
[2025-03-14T11:06:16.754+0000] {logging_mixin.py:151} INFO - [2025-03-14T11:06:16.753+0000] {dag.py:2915} INFO - Sync 1 DAGs
[2025-03-14T11:06:17.053+0000] {logging_mixin.py:151} INFO - [2025-03-14T11:06:17.053+0000] {dag.py:3696} INFO - Setting next_dagrun for yfinance_ingestion_historique_gold to 2025-03-14T00:00:00+00:00, run_after=2025-03-15T00:00:00+00:00
[2025-03-14T11:06:17.075+0000] {processor.py:179} INFO - Processing /opt/airflow/dags/ingest_historique.py took 1.317 seconds
[2025-03-14T11:06:48.004+0000] {processor.py:157} INFO - Started process (PID=1586) to work on /opt/airflow/dags/ingest_historique.py
[2025-03-14T11:06:48.006+0000] {processor.py:829} INFO - Processing file /opt/airflow/dags/ingest_historique.py for tasks to queue
[2025-03-14T11:06:48.008+0000] {logging_mixin.py:151} INFO - [2025-03-14T11:06:48.007+0000] {dagbag.py:539} INFO - Filling up the DagBag from /opt/airflow/dags/ingest_historique.py
[2025-03-14T11:06:48.613+0000] {processor.py:839} INFO - DAG(s) dict_keys(['yfinance_ingestion_historique_gold']) retrieved from /opt/airflow/dags/ingest_historique.py
[2025-03-14T11:06:48.655+0000] {logging_mixin.py:151} INFO - [2025-03-14T11:06:48.654+0000] {dag.py:2915} INFO - Sync 1 DAGs
[2025-03-14T11:06:48.683+0000] {logging_mixin.py:151} INFO - [2025-03-14T11:06:48.682+0000] {dag.py:3696} INFO - Setting next_dagrun for yfinance_ingestion_historique_gold to 2025-03-14T00:00:00+00:00, run_after=2025-03-15T00:00:00+00:00
[2025-03-14T11:06:48.716+0000] {processor.py:179} INFO - Processing /opt/airflow/dags/ingest_historique.py took 0.719 seconds
[2025-03-14T11:07:18.948+0000] {processor.py:157} INFO - Started process (PID=1598) to work on /opt/airflow/dags/ingest_historique.py
[2025-03-14T11:07:18.950+0000] {processor.py:829} INFO - Processing file /opt/airflow/dags/ingest_historique.py for tasks to queue
[2025-03-14T11:07:18.952+0000] {logging_mixin.py:151} INFO - [2025-03-14T11:07:18.952+0000] {dagbag.py:539} INFO - Filling up the DagBag from /opt/airflow/dags/ingest_historique.py
[2025-03-14T11:07:19.546+0000] {processor.py:839} INFO - DAG(s) dict_keys(['yfinance_ingestion_historique_gold']) retrieved from /opt/airflow/dags/ingest_historique.py
[2025-03-14T11:07:19.590+0000] {logging_mixin.py:151} INFO - [2025-03-14T11:07:19.589+0000] {dag.py:2915} INFO - Sync 1 DAGs
[2025-03-14T11:07:19.621+0000] {logging_mixin.py:151} INFO - [2025-03-14T11:07:19.621+0000] {dag.py:3696} INFO - Setting next_dagrun for yfinance_ingestion_historique_gold to 2025-03-14T00:00:00+00:00, run_after=2025-03-15T00:00:00+00:00
[2025-03-14T11:07:19.656+0000] {processor.py:179} INFO - Processing /opt/airflow/dags/ingest_historique.py took 0.713 seconds
[2025-03-14T11:07:50.263+0000] {processor.py:157} INFO - Started process (PID=1610) to work on /opt/airflow/dags/ingest_historique.py
[2025-03-14T11:07:50.265+0000] {processor.py:829} INFO - Processing file /opt/airflow/dags/ingest_historique.py for tasks to queue
[2025-03-14T11:07:50.266+0000] {logging_mixin.py:151} INFO - [2025-03-14T11:07:50.266+0000] {dagbag.py:539} INFO - Filling up the DagBag from /opt/airflow/dags/ingest_historique.py
[2025-03-14T11:07:50.843+0000] {processor.py:839} INFO - DAG(s) dict_keys(['yfinance_ingestion_historique_gold']) retrieved from /opt/airflow/dags/ingest_historique.py
[2025-03-14T11:07:50.903+0000] {logging_mixin.py:151} INFO - [2025-03-14T11:07:50.902+0000] {dag.py:2915} INFO - Sync 1 DAGs
[2025-03-14T11:07:50.984+0000] {logging_mixin.py:151} INFO - [2025-03-14T11:07:50.983+0000] {dag.py:3696} INFO - Setting next_dagrun for yfinance_ingestion_historique_gold to 2025-03-14T00:00:00+00:00, run_after=2025-03-15T00:00:00+00:00
[2025-03-14T11:07:51.048+0000] {processor.py:179} INFO - Processing /opt/airflow/dags/ingest_historique.py took 0.790 seconds
[2025-03-14T11:08:22.081+0000] {processor.py:157} INFO - Started process (PID=1622) to work on /opt/airflow/dags/ingest_historique.py
[2025-03-14T11:08:22.084+0000] {processor.py:829} INFO - Processing file /opt/airflow/dags/ingest_historique.py for tasks to queue
[2025-03-14T11:08:22.087+0000] {logging_mixin.py:151} INFO - [2025-03-14T11:08:22.086+0000] {dagbag.py:539} INFO - Filling up the DagBag from /opt/airflow/dags/ingest_historique.py
[2025-03-14T11:08:22.703+0000] {processor.py:839} INFO - DAG(s) dict_keys(['yfinance_ingestion_historique_gold']) retrieved from /opt/airflow/dags/ingest_historique.py
[2025-03-14T11:08:22.741+0000] {logging_mixin.py:151} INFO - [2025-03-14T11:08:22.740+0000] {dag.py:2915} INFO - Sync 1 DAGs
[2025-03-14T11:08:23.059+0000] {logging_mixin.py:151} INFO - [2025-03-14T11:08:23.058+0000] {dag.py:3696} INFO - Setting next_dagrun for yfinance_ingestion_historique_gold to 2025-03-14T00:00:00+00:00, run_after=2025-03-15T00:00:00+00:00
[2025-03-14T11:08:23.103+0000] {processor.py:179} INFO - Processing /opt/airflow/dags/ingest_historique.py took 1.027 seconds
[2025-03-14T11:08:54.165+0000] {processor.py:157} INFO - Started process (PID=1634) to work on /opt/airflow/dags/ingest_historique.py
[2025-03-14T11:08:54.168+0000] {processor.py:829} INFO - Processing file /opt/airflow/dags/ingest_historique.py for tasks to queue
[2025-03-14T11:08:54.169+0000] {logging_mixin.py:151} INFO - [2025-03-14T11:08:54.169+0000] {dagbag.py:539} INFO - Filling up the DagBag from /opt/airflow/dags/ingest_historique.py
[2025-03-14T11:08:54.752+0000] {processor.py:839} INFO - DAG(s) dict_keys(['yfinance_ingestion_historique_gold']) retrieved from /opt/airflow/dags/ingest_historique.py
[2025-03-14T11:08:54.802+0000] {logging_mixin.py:151} INFO - [2025-03-14T11:08:54.802+0000] {dag.py:2915} INFO - Sync 1 DAGs
[2025-03-14T11:08:54.834+0000] {logging_mixin.py:151} INFO - [2025-03-14T11:08:54.834+0000] {dag.py:3696} INFO - Setting next_dagrun for yfinance_ingestion_historique_gold to 2025-03-14T00:00:00+00:00, run_after=2025-03-15T00:00:00+00:00
[2025-03-14T11:08:54.863+0000] {processor.py:179} INFO - Processing /opt/airflow/dags/ingest_historique.py took 0.706 seconds
[2025-03-14T11:09:25.830+0000] {processor.py:157} INFO - Started process (PID=1646) to work on /opt/airflow/dags/ingest_historique.py
[2025-03-14T11:09:25.832+0000] {processor.py:829} INFO - Processing file /opt/airflow/dags/ingest_historique.py for tasks to queue
[2025-03-14T11:09:25.834+0000] {logging_mixin.py:151} INFO - [2025-03-14T11:09:25.834+0000] {dagbag.py:539} INFO - Filling up the DagBag from /opt/airflow/dags/ingest_historique.py
[2025-03-14T11:09:26.738+0000] {processor.py:839} INFO - DAG(s) dict_keys(['yfinance_ingestion_historique_gold']) retrieved from /opt/airflow/dags/ingest_historique.py
[2025-03-14T11:09:26.778+0000] {logging_mixin.py:151} INFO - [2025-03-14T11:09:26.774+0000] {dag.py:2915} INFO - Sync 1 DAGs
[2025-03-14T11:09:26.824+0000] {logging_mixin.py:151} INFO - [2025-03-14T11:09:26.824+0000] {dag.py:3696} INFO - Setting next_dagrun for yfinance_ingestion_historique_gold to 2025-03-14T00:00:00+00:00, run_after=2025-03-15T00:00:00+00:00
[2025-03-14T11:09:26.861+0000] {processor.py:179} INFO - Processing /opt/airflow/dags/ingest_historique.py took 1.036 seconds
[2025-03-14T11:09:57.844+0000] {processor.py:157} INFO - Started process (PID=1658) to work on /opt/airflow/dags/ingest_historique.py
[2025-03-14T11:09:57.846+0000] {processor.py:829} INFO - Processing file /opt/airflow/dags/ingest_historique.py for tasks to queue
[2025-03-14T11:09:57.848+0000] {logging_mixin.py:151} INFO - [2025-03-14T11:09:57.848+0000] {dagbag.py:539} INFO - Filling up the DagBag from /opt/airflow/dags/ingest_historique.py
[2025-03-14T11:09:58.474+0000] {processor.py:839} INFO - DAG(s) dict_keys(['yfinance_ingestion_historique_gold']) retrieved from /opt/airflow/dags/ingest_historique.py
[2025-03-14T11:09:58.509+0000] {logging_mixin.py:151} INFO - [2025-03-14T11:09:58.508+0000] {dag.py:2915} INFO - Sync 1 DAGs
[2025-03-14T11:09:58.539+0000] {logging_mixin.py:151} INFO - [2025-03-14T11:09:58.538+0000] {dag.py:3696} INFO - Setting next_dagrun for yfinance_ingestion_historique_gold to 2025-03-14T00:00:00+00:00, run_after=2025-03-15T00:00:00+00:00
[2025-03-14T11:09:58.568+0000] {processor.py:179} INFO - Processing /opt/airflow/dags/ingest_historique.py took 0.731 seconds
[2025-03-14T11:10:28.808+0000] {processor.py:157} INFO - Started process (PID=1670) to work on /opt/airflow/dags/ingest_historique.py
[2025-03-14T11:10:28.810+0000] {processor.py:829} INFO - Processing file /opt/airflow/dags/ingest_historique.py for tasks to queue
[2025-03-14T11:10:28.812+0000] {logging_mixin.py:151} INFO - [2025-03-14T11:10:28.812+0000] {dagbag.py:539} INFO - Filling up the DagBag from /opt/airflow/dags/ingest_historique.py
[2025-03-14T11:10:29.568+0000] {processor.py:839} INFO - DAG(s) dict_keys(['yfinance_ingestion_historique_gold']) retrieved from /opt/airflow/dags/ingest_historique.py
[2025-03-14T11:10:29.629+0000] {logging_mixin.py:151} INFO - [2025-03-14T11:10:29.628+0000] {dag.py:2915} INFO - Sync 1 DAGs
[2025-03-14T11:10:29.859+0000] {logging_mixin.py:151} INFO - [2025-03-14T11:10:29.858+0000] {dag.py:3696} INFO - Setting next_dagrun for yfinance_ingestion_historique_gold to 2025-03-14T00:00:00+00:00, run_after=2025-03-15T00:00:00+00:00
[2025-03-14T11:10:29.894+0000] {processor.py:179} INFO - Processing /opt/airflow/dags/ingest_historique.py took 1.092 seconds
[2025-03-14T11:11:00.078+0000] {processor.py:157} INFO - Started process (PID=1682) to work on /opt/airflow/dags/ingest_historique.py
[2025-03-14T11:11:00.081+0000] {processor.py:829} INFO - Processing file /opt/airflow/dags/ingest_historique.py for tasks to queue
[2025-03-14T11:11:00.083+0000] {logging_mixin.py:151} INFO - [2025-03-14T11:11:00.083+0000] {dagbag.py:539} INFO - Filling up the DagBag from /opt/airflow/dags/ingest_historique.py
[2025-03-14T11:11:00.733+0000] {processor.py:839} INFO - DAG(s) dict_keys(['yfinance_ingestion_historique_gold']) retrieved from /opt/airflow/dags/ingest_historique.py
[2025-03-14T11:11:00.781+0000] {logging_mixin.py:151} INFO - [2025-03-14T11:11:00.781+0000] {dag.py:2915} INFO - Sync 1 DAGs
[2025-03-14T11:11:00.814+0000] {logging_mixin.py:151} INFO - [2025-03-14T11:11:00.814+0000] {dag.py:3696} INFO - Setting next_dagrun for yfinance_ingestion_historique_gold to 2025-03-14T00:00:00+00:00, run_after=2025-03-15T00:00:00+00:00
[2025-03-14T11:11:00.848+0000] {processor.py:179} INFO - Processing /opt/airflow/dags/ingest_historique.py took 0.777 seconds
[2025-03-14T11:11:30.981+0000] {processor.py:157} INFO - Started process (PID=1700) to work on /opt/airflow/dags/ingest_historique.py
[2025-03-14T11:11:30.983+0000] {processor.py:829} INFO - Processing file /opt/airflow/dags/ingest_historique.py for tasks to queue
[2025-03-14T11:11:30.985+0000] {logging_mixin.py:151} INFO - [2025-03-14T11:11:30.985+0000] {dagbag.py:539} INFO - Filling up the DagBag from /opt/airflow/dags/ingest_historique.py
[2025-03-14T11:11:32.275+0000] {processor.py:839} INFO - DAG(s) dict_keys(['yfinance_ingestion_historique_gold']) retrieved from /opt/airflow/dags/ingest_historique.py
[2025-03-14T11:11:32.377+0000] {logging_mixin.py:151} INFO - [2025-03-14T11:11:32.364+0000] {dag.py:2915} INFO - Sync 1 DAGs
[2025-03-14T11:11:32.462+0000] {logging_mixin.py:151} INFO - [2025-03-14T11:11:32.461+0000] {dag.py:3696} INFO - Setting next_dagrun for yfinance_ingestion_historique_gold to 2025-03-14T00:00:00+00:00, run_after=2025-03-15T00:00:00+00:00
[2025-03-14T11:11:32.541+0000] {processor.py:179} INFO - Processing /opt/airflow/dags/ingest_historique.py took 1.566 seconds
[2025-03-14T11:12:03.082+0000] {processor.py:157} INFO - Started process (PID=1712) to work on /opt/airflow/dags/ingest_historique.py
[2025-03-14T11:12:03.084+0000] {processor.py:829} INFO - Processing file /opt/airflow/dags/ingest_historique.py for tasks to queue
[2025-03-14T11:12:03.088+0000] {logging_mixin.py:151} INFO - [2025-03-14T11:12:03.087+0000] {dagbag.py:539} INFO - Filling up the DagBag from /opt/airflow/dags/ingest_historique.py
[2025-03-14T11:12:03.806+0000] {processor.py:839} INFO - DAG(s) dict_keys(['yfinance_ingestion_historique_gold']) retrieved from /opt/airflow/dags/ingest_historique.py
[2025-03-14T11:12:03.842+0000] {logging_mixin.py:151} INFO - [2025-03-14T11:12:03.842+0000] {dag.py:2915} INFO - Sync 1 DAGs
[2025-03-14T11:12:03.871+0000] {logging_mixin.py:151} INFO - [2025-03-14T11:12:03.871+0000] {dag.py:3696} INFO - Setting next_dagrun for yfinance_ingestion_historique_gold to 2025-03-14T00:00:00+00:00, run_after=2025-03-15T00:00:00+00:00
[2025-03-14T11:12:04.169+0000] {processor.py:179} INFO - Processing /opt/airflow/dags/ingest_historique.py took 1.119 seconds
[2025-03-14T11:12:34.683+0000] {processor.py:157} INFO - Started process (PID=1724) to work on /opt/airflow/dags/ingest_historique.py
[2025-03-14T11:12:34.685+0000] {processor.py:829} INFO - Processing file /opt/airflow/dags/ingest_historique.py for tasks to queue
[2025-03-14T11:12:34.686+0000] {logging_mixin.py:151} INFO - [2025-03-14T11:12:34.686+0000] {dagbag.py:539} INFO - Filling up the DagBag from /opt/airflow/dags/ingest_historique.py
[2025-03-14T11:12:35.332+0000] {processor.py:839} INFO - DAG(s) dict_keys(['yfinance_ingestion_historique_gold']) retrieved from /opt/airflow/dags/ingest_historique.py
[2025-03-14T11:12:35.375+0000] {logging_mixin.py:151} INFO - [2025-03-14T11:12:35.374+0000] {dag.py:2915} INFO - Sync 1 DAGs
[2025-03-14T11:12:35.418+0000] {logging_mixin.py:151} INFO - [2025-03-14T11:12:35.417+0000] {dag.py:3696} INFO - Setting next_dagrun for yfinance_ingestion_historique_gold to 2025-03-14T00:00:00+00:00, run_after=2025-03-15T00:00:00+00:00
[2025-03-14T11:12:35.451+0000] {processor.py:179} INFO - Processing /opt/airflow/dags/ingest_historique.py took 0.771 seconds
[2025-03-14T11:13:05.675+0000] {processor.py:157} INFO - Started process (PID=1736) to work on /opt/airflow/dags/ingest_historique.py
[2025-03-14T11:13:05.689+0000] {processor.py:829} INFO - Processing file /opt/airflow/dags/ingest_historique.py for tasks to queue
[2025-03-14T11:13:05.693+0000] {logging_mixin.py:151} INFO - [2025-03-14T11:13:05.691+0000] {dagbag.py:539} INFO - Filling up the DagBag from /opt/airflow/dags/ingest_historique.py
[2025-03-14T11:13:06.622+0000] {processor.py:839} INFO - DAG(s) dict_keys(['yfinance_ingestion_historique_gold']) retrieved from /opt/airflow/dags/ingest_historique.py
[2025-03-14T11:13:06.705+0000] {logging_mixin.py:151} INFO - [2025-03-14T11:13:06.704+0000] {dag.py:2915} INFO - Sync 1 DAGs
[2025-03-14T11:13:06.777+0000] {logging_mixin.py:151} INFO - [2025-03-14T11:13:06.776+0000] {dag.py:3696} INFO - Setting next_dagrun for yfinance_ingestion_historique_gold to 2025-03-14T00:00:00+00:00, run_after=2025-03-15T00:00:00+00:00
[2025-03-14T11:13:06.818+0000] {processor.py:179} INFO - Processing /opt/airflow/dags/ingest_historique.py took 1.170 seconds
[2025-03-14T11:13:37.306+0000] {processor.py:157} INFO - Started process (PID=1748) to work on /opt/airflow/dags/ingest_historique.py
[2025-03-14T11:13:37.308+0000] {processor.py:829} INFO - Processing file /opt/airflow/dags/ingest_historique.py for tasks to queue
[2025-03-14T11:13:37.313+0000] {logging_mixin.py:151} INFO - [2025-03-14T11:13:37.312+0000] {dagbag.py:539} INFO - Filling up the DagBag from /opt/airflow/dags/ingest_historique.py
[2025-03-14T11:13:38.918+0000] {processor.py:839} INFO - DAG(s) dict_keys(['yfinance_ingestion_historique_gold']) retrieved from /opt/airflow/dags/ingest_historique.py
[2025-03-14T11:13:39.093+0000] {logging_mixin.py:151} INFO - [2025-03-14T11:13:39.091+0000] {dag.py:2915} INFO - Sync 1 DAGs
[2025-03-14T11:13:39.260+0000] {logging_mixin.py:151} INFO - [2025-03-14T11:13:39.259+0000] {dag.py:3696} INFO - Setting next_dagrun for yfinance_ingestion_historique_gold to 2025-03-14T00:00:00+00:00, run_after=2025-03-15T00:00:00+00:00
[2025-03-14T11:13:40.659+0000] {processor.py:179} INFO - Processing /opt/airflow/dags/ingest_historique.py took 3.357 seconds
[2025-03-14T11:14:43.651+0000] {processor.py:157} INFO - Started process (PID=170) to work on /opt/airflow/dags/ingest_historique.py
[2025-03-14T11:14:43.660+0000] {processor.py:829} INFO - Processing file /opt/airflow/dags/ingest_historique.py for tasks to queue
[2025-03-14T11:14:43.664+0000] {logging_mixin.py:151} INFO - [2025-03-14T11:14:43.663+0000] {dagbag.py:539} INFO - Filling up the DagBag from /opt/airflow/dags/ingest_historique.py
[2025-03-14T11:14:47.294+0000] {processor.py:839} INFO - DAG(s) dict_keys(['yfinance_ingestion_historique_gold']) retrieved from /opt/airflow/dags/ingest_historique.py
[2025-03-14T11:14:47.945+0000] {logging_mixin.py:151} INFO - [2025-03-14T11:14:47.936+0000] {security.py:708} INFO - Not syncing DAG-level permissions for DAG 'DAG:yfinance_ingestion_historique_gold' as access control is unset.
[2025-03-14T11:14:47.951+0000] {logging_mixin.py:151} INFO - [2025-03-14T11:14:47.949+0000] {dag.py:2915} INFO - Sync 1 DAGs
[2025-03-14T11:14:48.083+0000] {logging_mixin.py:151} INFO - [2025-03-14T11:14:48.082+0000] {dag.py:3696} INFO - Setting next_dagrun for yfinance_ingestion_historique_gold to 2025-03-14T00:00:00+00:00, run_after=2025-03-15T00:00:00+00:00
[2025-03-14T11:14:48.171+0000] {processor.py:179} INFO - Processing /opt/airflow/dags/ingest_historique.py took 4.535 seconds
[2025-03-14T11:15:18.334+0000] {processor.py:157} INFO - Started process (PID=179) to work on /opt/airflow/dags/ingest_historique.py
[2025-03-14T11:15:18.339+0000] {processor.py:829} INFO - Processing file /opt/airflow/dags/ingest_historique.py for tasks to queue
[2025-03-14T11:15:18.341+0000] {logging_mixin.py:151} INFO - [2025-03-14T11:15:18.340+0000] {dagbag.py:539} INFO - Filling up the DagBag from /opt/airflow/dags/ingest_historique.py
[2025-03-14T11:15:20.413+0000] {processor.py:839} INFO - DAG(s) dict_keys(['yfinance_ingestion_historique_gold']) retrieved from /opt/airflow/dags/ingest_historique.py
[2025-03-14T11:15:20.478+0000] {logging_mixin.py:151} INFO - [2025-03-14T11:15:20.477+0000] {dag.py:2915} INFO - Sync 1 DAGs
[2025-03-14T11:15:20.546+0000] {logging_mixin.py:151} INFO - [2025-03-14T11:15:20.545+0000] {dag.py:3696} INFO - Setting next_dagrun for yfinance_ingestion_historique_gold to 2025-03-14T00:00:00+00:00, run_after=2025-03-15T00:00:00+00:00
[2025-03-14T11:15:20.601+0000] {processor.py:179} INFO - Processing /opt/airflow/dags/ingest_historique.py took 2.278 seconds
[2025-03-14T11:15:50.744+0000] {processor.py:157} INFO - Started process (PID=191) to work on /opt/airflow/dags/ingest_historique.py
[2025-03-14T11:15:50.746+0000] {processor.py:829} INFO - Processing file /opt/airflow/dags/ingest_historique.py for tasks to queue
[2025-03-14T11:15:50.748+0000] {logging_mixin.py:151} INFO - [2025-03-14T11:15:50.747+0000] {dagbag.py:539} INFO - Filling up the DagBag from /opt/airflow/dags/ingest_historique.py
[2025-03-14T11:15:52.254+0000] {processor.py:839} INFO - DAG(s) dict_keys(['yfinance_ingestion_historique_gold']) retrieved from /opt/airflow/dags/ingest_historique.py
[2025-03-14T11:15:52.314+0000] {logging_mixin.py:151} INFO - [2025-03-14T11:15:52.310+0000] {dag.py:2915} INFO - Sync 1 DAGs
[2025-03-14T11:15:52.377+0000] {logging_mixin.py:151} INFO - [2025-03-14T11:15:52.377+0000] {dag.py:3696} INFO - Setting next_dagrun for yfinance_ingestion_historique_gold to 2025-03-14T00:00:00+00:00, run_after=2025-03-15T00:00:00+00:00
[2025-03-14T11:15:52.430+0000] {processor.py:179} INFO - Processing /opt/airflow/dags/ingest_historique.py took 1.694 seconds
[2025-03-14T11:16:23.110+0000] {processor.py:157} INFO - Started process (PID=206) to work on /opt/airflow/dags/ingest_historique.py
[2025-03-14T11:16:23.113+0000] {processor.py:829} INFO - Processing file /opt/airflow/dags/ingest_historique.py for tasks to queue
[2025-03-14T11:16:23.115+0000] {logging_mixin.py:151} INFO - [2025-03-14T11:16:23.115+0000] {dagbag.py:539} INFO - Filling up the DagBag from /opt/airflow/dags/ingest_historique.py
[2025-03-14T11:16:24.343+0000] {processor.py:839} INFO - DAG(s) dict_keys(['yfinance_ingestion_historique_gold']) retrieved from /opt/airflow/dags/ingest_historique.py
[2025-03-14T11:16:24.409+0000] {logging_mixin.py:151} INFO - [2025-03-14T11:16:24.408+0000] {dag.py:2915} INFO - Sync 1 DAGs
[2025-03-14T11:16:24.451+0000] {logging_mixin.py:151} INFO - [2025-03-14T11:16:24.450+0000] {dag.py:3696} INFO - Setting next_dagrun for yfinance_ingestion_historique_gold to 2025-03-14T00:00:00+00:00, run_after=2025-03-15T00:00:00+00:00
[2025-03-14T11:16:24.494+0000] {processor.py:179} INFO - Processing /opt/airflow/dags/ingest_historique.py took 1.395 seconds
[2025-03-14T11:16:54.799+0000] {processor.py:157} INFO - Started process (PID=218) to work on /opt/airflow/dags/ingest_historique.py
[2025-03-14T11:16:54.803+0000] {processor.py:829} INFO - Processing file /opt/airflow/dags/ingest_historique.py for tasks to queue
[2025-03-14T11:16:54.805+0000] {logging_mixin.py:151} INFO - [2025-03-14T11:16:54.804+0000] {dagbag.py:539} INFO - Filling up the DagBag from /opt/airflow/dags/ingest_historique.py
[2025-03-14T11:16:55.516+0000] {processor.py:839} INFO - DAG(s) dict_keys(['yfinance_ingestion_historique_gold']) retrieved from /opt/airflow/dags/ingest_historique.py
[2025-03-14T11:16:55.565+0000] {logging_mixin.py:151} INFO - [2025-03-14T11:16:55.565+0000] {dag.py:2915} INFO - Sync 1 DAGs
[2025-03-14T11:16:55.602+0000] {logging_mixin.py:151} INFO - [2025-03-14T11:16:55.602+0000] {dag.py:3696} INFO - Setting next_dagrun for yfinance_ingestion_historique_gold to 2025-03-14T00:00:00+00:00, run_after=2025-03-15T00:00:00+00:00
[2025-03-14T11:16:55.632+0000] {processor.py:179} INFO - Processing /opt/airflow/dags/ingest_historique.py took 0.838 seconds
[2025-03-14T11:17:25.755+0000] {processor.py:157} INFO - Started process (PID=230) to work on /opt/airflow/dags/ingest_historique.py
[2025-03-14T11:17:25.757+0000] {processor.py:829} INFO - Processing file /opt/airflow/dags/ingest_historique.py for tasks to queue
[2025-03-14T11:17:25.766+0000] {logging_mixin.py:151} INFO - [2025-03-14T11:17:25.758+0000] {dagbag.py:539} INFO - Filling up the DagBag from /opt/airflow/dags/ingest_historique.py
[2025-03-14T11:17:26.893+0000] {processor.py:839} INFO - DAG(s) dict_keys(['yfinance_ingestion_historique_gold']) retrieved from /opt/airflow/dags/ingest_historique.py
[2025-03-14T11:17:26.964+0000] {logging_mixin.py:151} INFO - [2025-03-14T11:17:26.962+0000] {dag.py:2915} INFO - Sync 1 DAGs
[2025-03-14T11:17:27.019+0000] {logging_mixin.py:151} INFO - [2025-03-14T11:17:27.019+0000] {dag.py:3696} INFO - Setting next_dagrun for yfinance_ingestion_historique_gold to 2025-03-14T00:00:00+00:00, run_after=2025-03-15T00:00:00+00:00
[2025-03-14T11:17:27.070+0000] {processor.py:179} INFO - Processing /opt/airflow/dags/ingest_historique.py took 1.321 seconds
[2025-03-14T11:17:57.181+0000] {processor.py:157} INFO - Started process (PID=239) to work on /opt/airflow/dags/ingest_historique.py
[2025-03-14T11:17:57.184+0000] {processor.py:829} INFO - Processing file /opt/airflow/dags/ingest_historique.py for tasks to queue
[2025-03-14T11:17:57.186+0000] {logging_mixin.py:151} INFO - [2025-03-14T11:17:57.186+0000] {dagbag.py:539} INFO - Filling up the DagBag from /opt/airflow/dags/ingest_historique.py
[2025-03-14T11:17:58.550+0000] {processor.py:839} INFO - DAG(s) dict_keys(['yfinance_ingestion_historique_gold']) retrieved from /opt/airflow/dags/ingest_historique.py
[2025-03-14T11:17:58.593+0000] {logging_mixin.py:151} INFO - [2025-03-14T11:17:58.592+0000] {dag.py:2915} INFO - Sync 1 DAGs
[2025-03-14T11:17:58.626+0000] {logging_mixin.py:151} INFO - [2025-03-14T11:17:58.626+0000] {dag.py:3696} INFO - Setting next_dagrun for yfinance_ingestion_historique_gold to 2025-03-14T00:00:00+00:00, run_after=2025-03-15T00:00:00+00:00
[2025-03-14T11:17:58.658+0000] {processor.py:179} INFO - Processing /opt/airflow/dags/ingest_historique.py took 1.488 seconds
[2025-03-14T11:18:28.788+0000] {processor.py:157} INFO - Started process (PID=251) to work on /opt/airflow/dags/ingest_historique.py
[2025-03-14T11:18:28.792+0000] {processor.py:829} INFO - Processing file /opt/airflow/dags/ingest_historique.py for tasks to queue
[2025-03-14T11:18:28.795+0000] {logging_mixin.py:151} INFO - [2025-03-14T11:18:28.794+0000] {dagbag.py:539} INFO - Filling up the DagBag from /opt/airflow/dags/ingest_historique.py
[2025-03-14T11:18:29.390+0000] {processor.py:839} INFO - DAG(s) dict_keys(['yfinance_ingestion_historique_gold']) retrieved from /opt/airflow/dags/ingest_historique.py
[2025-03-14T11:18:29.424+0000] {logging_mixin.py:151} INFO - [2025-03-14T11:18:29.424+0000] {dag.py:2915} INFO - Sync 1 DAGs
[2025-03-14T11:18:29.466+0000] {logging_mixin.py:151} INFO - [2025-03-14T11:18:29.466+0000] {dag.py:3696} INFO - Setting next_dagrun for yfinance_ingestion_historique_gold to 2025-03-14T00:00:00+00:00, run_after=2025-03-15T00:00:00+00:00
[2025-03-14T11:18:29.503+0000] {processor.py:179} INFO - Processing /opt/airflow/dags/ingest_historique.py took 0.725 seconds
[2025-03-14T11:18:59.828+0000] {processor.py:157} INFO - Started process (PID=263) to work on /opt/airflow/dags/ingest_historique.py
[2025-03-14T11:18:59.829+0000] {processor.py:829} INFO - Processing file /opt/airflow/dags/ingest_historique.py for tasks to queue
[2025-03-14T11:18:59.831+0000] {logging_mixin.py:151} INFO - [2025-03-14T11:18:59.831+0000] {dagbag.py:539} INFO - Filling up the DagBag from /opt/airflow/dags/ingest_historique.py
[2025-03-14T11:19:00.451+0000] {processor.py:839} INFO - DAG(s) dict_keys(['yfinance_ingestion_historique_gold']) retrieved from /opt/airflow/dags/ingest_historique.py
[2025-03-14T11:19:00.492+0000] {logging_mixin.py:151} INFO - [2025-03-14T11:19:00.492+0000] {dag.py:2915} INFO - Sync 1 DAGs
[2025-03-14T11:19:00.533+0000] {logging_mixin.py:151} INFO - [2025-03-14T11:19:00.533+0000] {dag.py:3696} INFO - Setting next_dagrun for yfinance_ingestion_historique_gold to 2025-03-14T00:00:00+00:00, run_after=2025-03-15T00:00:00+00:00
[2025-03-14T11:19:00.566+0000] {processor.py:179} INFO - Processing /opt/airflow/dags/ingest_historique.py took 0.742 seconds
[2025-03-14T11:19:31.113+0000] {processor.py:157} INFO - Started process (PID=301) to work on /opt/airflow/dags/ingest_historique.py
[2025-03-14T11:19:31.140+0000] {processor.py:829} INFO - Processing file /opt/airflow/dags/ingest_historique.py for tasks to queue
[2025-03-14T11:19:31.181+0000] {logging_mixin.py:151} INFO - [2025-03-14T11:19:31.177+0000] {dagbag.py:539} INFO - Filling up the DagBag from /opt/airflow/dags/ingest_historique.py
[2025-03-14T11:19:37.765+0000] {processor.py:839} INFO - DAG(s) dict_keys(['yfinance_ingestion_historique_gold']) retrieved from /opt/airflow/dags/ingest_historique.py
[2025-03-14T11:19:38.603+0000] {logging_mixin.py:151} INFO - [2025-03-14T11:19:38.600+0000] {dag.py:2915} INFO - Sync 1 DAGs
[2025-03-14T11:19:39.055+0000] {logging_mixin.py:151} INFO - [2025-03-14T11:19:39.054+0000] {dag.py:3696} INFO - Setting next_dagrun for yfinance_ingestion_historique_gold to 2025-03-14T00:00:00+00:00, run_after=2025-03-15T00:00:00+00:00
[2025-03-14T11:19:39.342+0000] {processor.py:179} INFO - Processing /opt/airflow/dags/ingest_historique.py took 8.384 seconds
[2025-03-14T11:20:11.020+0000] {processor.py:157} INFO - Started process (PID=514) to work on /opt/airflow/dags/ingest_historique.py
[2025-03-14T11:20:11.077+0000] {processor.py:829} INFO - Processing file /opt/airflow/dags/ingest_historique.py for tasks to queue
[2025-03-14T11:20:11.292+0000] {logging_mixin.py:151} INFO - [2025-03-14T11:20:11.149+0000] {dagbag.py:539} INFO - Filling up the DagBag from /opt/airflow/dags/ingest_historique.py
[2025-03-14T11:24:24.283+0000] {processor.py:157} INFO - Started process (PID=712) to work on /opt/airflow/dags/ingest_historique.py
[2025-03-14T11:24:24.297+0000] {processor.py:829} INFO - Processing file /opt/airflow/dags/ingest_historique.py for tasks to queue
[2025-03-14T11:24:24.314+0000] {logging_mixin.py:151} INFO - [2025-03-14T11:24:24.306+0000] {dagbag.py:539} INFO - Filling up the DagBag from /opt/airflow/dags/ingest_historique.py
[2025-03-14T11:24:28.623+0000] {processor.py:839} INFO - DAG(s) dict_keys(['yfinance_ingestion_historique_gold']) retrieved from /opt/airflow/dags/ingest_historique.py
[2025-03-14T11:24:30.065+0000] {logging_mixin.py:151} INFO - [2025-03-14T11:24:30.063+0000] {security.py:708} INFO - Not syncing DAG-level permissions for DAG 'DAG:yfinance_ingestion_historique_gold' as access control is unset.
[2025-03-14T11:24:30.081+0000] {logging_mixin.py:151} INFO - [2025-03-14T11:24:30.079+0000] {dag.py:2915} INFO - Sync 1 DAGs
[2025-03-14T11:24:30.317+0000] {logging_mixin.py:151} INFO - [2025-03-14T11:24:30.315+0000] {dag.py:3696} INFO - Setting next_dagrun for yfinance_ingestion_historique_gold to 2025-03-14T00:00:00+00:00, run_after=2025-03-15T00:00:00+00:00
[2025-03-14T11:24:30.565+0000] {processor.py:179} INFO - Processing /opt/airflow/dags/ingest_historique.py took 6.563 seconds
[2025-03-14T11:25:00.947+0000] {processor.py:157} INFO - Started process (PID=947) to work on /opt/airflow/dags/ingest_historique.py
[2025-03-14T11:25:00.959+0000] {processor.py:829} INFO - Processing file /opt/airflow/dags/ingest_historique.py for tasks to queue
[2025-03-14T11:25:00.971+0000] {logging_mixin.py:151} INFO - [2025-03-14T11:25:00.969+0000] {dagbag.py:539} INFO - Filling up the DagBag from /opt/airflow/dags/ingest_historique.py
[2025-03-14T11:25:03.995+0000] {processor.py:839} INFO - DAG(s) dict_keys(['yfinance_ingestion_historique_gold']) retrieved from /opt/airflow/dags/ingest_historique.py
[2025-03-14T11:25:04.093+0000] {logging_mixin.py:151} INFO - [2025-03-14T11:25:04.091+0000] {dag.py:2915} INFO - Sync 1 DAGs
[2025-03-14T11:25:04.192+0000] {logging_mixin.py:151} INFO - [2025-03-14T11:25:04.192+0000] {dag.py:3696} INFO - Setting next_dagrun for yfinance_ingestion_historique_gold to 2025-03-14T00:00:00+00:00, run_after=2025-03-15T00:00:00+00:00
[2025-03-14T11:25:04.276+0000] {processor.py:179} INFO - Processing /opt/airflow/dags/ingest_historique.py took 3.356 seconds
[2025-03-14T11:25:34.941+0000] {processor.py:157} INFO - Started process (PID=1098) to work on /opt/airflow/dags/ingest_historique.py
[2025-03-14T11:25:34.961+0000] {processor.py:829} INFO - Processing file /opt/airflow/dags/ingest_historique.py for tasks to queue
[2025-03-14T11:25:34.973+0000] {logging_mixin.py:151} INFO - [2025-03-14T11:25:34.971+0000] {dagbag.py:539} INFO - Filling up the DagBag from /opt/airflow/dags/ingest_historique.py
[2025-03-14T11:25:42.059+0000] {processor.py:839} INFO - DAG(s) dict_keys(['yfinance_ingestion_historique_gold']) retrieved from /opt/airflow/dags/ingest_historique.py
[2025-03-14T11:25:43.201+0000] {logging_mixin.py:151} INFO - [2025-03-14T11:25:43.200+0000] {dag.py:2915} INFO - Sync 1 DAGs
[2025-03-14T11:25:43.729+0000] {logging_mixin.py:151} INFO - [2025-03-14T11:25:43.725+0000] {dag.py:3696} INFO - Setting next_dagrun for yfinance_ingestion_historique_gold to 2025-03-14T00:00:00+00:00, run_after=2025-03-15T00:00:00+00:00
[2025-03-14T11:25:44.558+0000] {processor.py:179} INFO - Processing /opt/airflow/dags/ingest_historique.py took 9.681 seconds
[2025-03-14T11:26:57.969+0000] {processor.py:157} INFO - Started process (PID=169) to work on /opt/airflow/dags/ingest_historique.py
[2025-03-14T11:26:57.971+0000] {processor.py:829} INFO - Processing file /opt/airflow/dags/ingest_historique.py for tasks to queue
[2025-03-14T11:26:57.973+0000] {logging_mixin.py:151} INFO - [2025-03-14T11:26:57.973+0000] {dagbag.py:539} INFO - Filling up the DagBag from /opt/airflow/dags/ingest_historique.py
[2025-03-14T11:27:00.780+0000] {processor.py:839} INFO - DAG(s) dict_keys(['yfinance_ingestion_historique_gold']) retrieved from /opt/airflow/dags/ingest_historique.py
[2025-03-14T11:27:01.148+0000] {logging_mixin.py:151} INFO - [2025-03-14T11:27:01.147+0000] {security.py:708} INFO - Not syncing DAG-level permissions for DAG 'DAG:yfinance_ingestion_historique_gold' as access control is unset.
[2025-03-14T11:27:01.151+0000] {logging_mixin.py:151} INFO - [2025-03-14T11:27:01.150+0000] {dag.py:2915} INFO - Sync 1 DAGs
[2025-03-14T11:27:01.244+0000] {logging_mixin.py:151} INFO - [2025-03-14T11:27:01.244+0000] {dag.py:3696} INFO - Setting next_dagrun for yfinance_ingestion_historique_gold to 2025-03-14T00:00:00+00:00, run_after=2025-03-15T00:00:00+00:00
[2025-03-14T11:27:01.303+0000] {processor.py:179} INFO - Processing /opt/airflow/dags/ingest_historique.py took 3.342 seconds
[2025-03-14T11:27:33.869+0000] {processor.py:157} INFO - Started process (PID=304) to work on /opt/airflow/dags/ingest_historique.py
[2025-03-14T11:27:33.927+0000] {processor.py:829} INFO - Processing file /opt/airflow/dags/ingest_historique.py for tasks to queue
[2025-03-14T11:27:33.969+0000] {logging_mixin.py:151} INFO - [2025-03-14T11:27:33.944+0000] {dagbag.py:539} INFO - Filling up the DagBag from /opt/airflow/dags/ingest_historique.py
[2025-03-14T11:27:41.225+0000] {processor.py:839} INFO - DAG(s) dict_keys(['yfinance_ingestion_historique_gold']) retrieved from /opt/airflow/dags/ingest_historique.py
[2025-03-14T11:27:41.807+0000] {logging_mixin.py:151} INFO - [2025-03-14T11:27:41.806+0000] {dag.py:2915} INFO - Sync 1 DAGs
[2025-03-14T11:27:40.834+0000] {logging_mixin.py:151} INFO - [2025-03-14T11:27:40.834+0000] {dag.py:3696} INFO - Setting next_dagrun for yfinance_ingestion_historique_gold to 2025-03-14T00:00:00+00:00, run_after=2025-03-15T00:00:00+00:00
[2025-03-14T11:27:41.044+0000] {processor.py:179} INFO - Processing /opt/airflow/dags/ingest_historique.py took 9.105 seconds
[2025-03-14T11:28:13.663+0000] {processor.py:157} INFO - Started process (PID=491) to work on /opt/airflow/dags/ingest_historique.py
[2025-03-14T11:28:13.730+0000] {processor.py:829} INFO - Processing file /opt/airflow/dags/ingest_historique.py for tasks to queue
[2025-03-14T11:28:13.812+0000] {logging_mixin.py:151} INFO - [2025-03-14T11:28:13.787+0000] {dagbag.py:539} INFO - Filling up the DagBag from /opt/airflow/dags/ingest_historique.py
[2025-03-14T11:28:29.695+0000] {processor.py:839} INFO - DAG(s) dict_keys(['yfinance_ingestion_historique_gold']) retrieved from /opt/airflow/dags/ingest_historique.py
[2025-03-14T11:28:30.859+0000] {logging_mixin.py:151} INFO - [2025-03-14T11:28:30.855+0000] {dag.py:2915} INFO - Sync 1 DAGs
[2025-03-14T11:28:31.441+0000] {logging_mixin.py:151} INFO - [2025-03-14T11:28:31.440+0000] {dag.py:3696} INFO - Setting next_dagrun for yfinance_ingestion_historique_gold to 2025-03-14T00:00:00+00:00, run_after=2025-03-15T00:00:00+00:00
[2025-03-14T11:28:31.696+0000] {processor.py:179} INFO - Processing /opt/airflow/dags/ingest_historique.py took 18.968 seconds
[2025-03-14T11:29:04.732+0000] {processor.py:157} INFO - Started process (PID=843) to work on /opt/airflow/dags/ingest_historique.py
[2025-03-14T11:29:04.796+0000] {processor.py:829} INFO - Processing file /opt/airflow/dags/ingest_historique.py for tasks to queue
[2025-03-14T11:29:04.921+0000] {logging_mixin.py:151} INFO - [2025-03-14T11:29:04.869+0000] {dagbag.py:539} INFO - Filling up the DagBag from /opt/airflow/dags/ingest_historique.py
[2025-03-14T11:29:22.476+0000] {processor.py:839} INFO - DAG(s) dict_keys(['yfinance_ingestion_historique_gold']) retrieved from /opt/airflow/dags/ingest_historique.py
[2025-03-14T11:29:22.745+0000] {logging_mixin.py:151} INFO - [2025-03-14T11:29:22.744+0000] {dag.py:2915} INFO - Sync 1 DAGs
[2025-03-14T11:29:22.877+0000] {logging_mixin.py:151} INFO - [2025-03-14T11:29:22.876+0000] {dag.py:3696} INFO - Setting next_dagrun for yfinance_ingestion_historique_gold to 2025-03-14T00:00:00+00:00, run_after=2025-03-15T00:00:00+00:00
[2025-03-14T11:29:23.061+0000] {processor.py:179} INFO - Processing /opt/airflow/dags/ingest_historique.py took 20.321 seconds
[2025-03-14T11:29:53.929+0000] {processor.py:157} INFO - Started process (PID=981) to work on /opt/airflow/dags/ingest_historique.py
[2025-03-14T11:29:53.971+0000] {processor.py:829} INFO - Processing file /opt/airflow/dags/ingest_historique.py for tasks to queue
[2025-03-14T11:29:53.985+0000] {logging_mixin.py:151} INFO - [2025-03-14T11:29:53.984+0000] {dagbag.py:539} INFO - Filling up the DagBag from /opt/airflow/dags/ingest_historique.py
[2025-03-14T11:29:56.785+0000] {processor.py:839} INFO - DAG(s) dict_keys(['yfinance_ingestion_historique_gold']) retrieved from /opt/airflow/dags/ingest_historique.py
[2025-03-14T11:29:56.941+0000] {logging_mixin.py:151} INFO - [2025-03-14T11:29:56.936+0000] {dag.py:2915} INFO - Sync 1 DAGs
[2025-03-14T11:29:57.068+0000] {logging_mixin.py:151} INFO - [2025-03-14T11:29:57.068+0000] {dag.py:3696} INFO - Setting next_dagrun for yfinance_ingestion_historique_gold to 2025-03-14T00:00:00+00:00, run_after=2025-03-15T00:00:00+00:00
[2025-03-14T11:29:57.161+0000] {processor.py:179} INFO - Processing /opt/airflow/dags/ingest_historique.py took 3.248 seconds
[2025-03-14T11:30:29.729+0000] {processor.py:157} INFO - Started process (PID=1176) to work on /opt/airflow/dags/ingest_historique.py
[2025-03-14T11:30:29.767+0000] {processor.py:829} INFO - Processing file /opt/airflow/dags/ingest_historique.py for tasks to queue
[2025-03-14T11:30:29.923+0000] {logging_mixin.py:151} INFO - [2025-03-14T11:30:29.848+0000] {dagbag.py:539} INFO - Filling up the DagBag from /opt/airflow/dags/ingest_historique.py
[2025-03-14T11:31:56.557+0000] {logging_mixin.py:151} INFO - [2025-03-14T11:31:03.482+0000] {timeout.py:68} ERROR - Process timed out, PID: 1176
[2025-03-14T11:35:35.586+0000] {processor.py:157} INFO - Started process (PID=169) to work on /opt/airflow/dags/ingest_historique.py
[2025-03-14T11:35:35.588+0000] {processor.py:829} INFO - Processing file /opt/airflow/dags/ingest_historique.py for tasks to queue
[2025-03-14T11:35:35.590+0000] {logging_mixin.py:151} INFO - [2025-03-14T11:35:35.590+0000] {dagbag.py:539} INFO - Filling up the DagBag from /opt/airflow/dags/ingest_historique.py
[2025-03-14T11:35:38.481+0000] {processor.py:839} INFO - DAG(s) dict_keys(['yfinance_ingestion_historique_gold']) retrieved from /opt/airflow/dags/ingest_historique.py
[2025-03-14T11:35:38.892+0000] {logging_mixin.py:151} INFO - [2025-03-14T11:35:38.891+0000] {security.py:708} INFO - Not syncing DAG-level permissions for DAG 'DAG:yfinance_ingestion_historique_gold' as access control is unset.
[2025-03-14T11:35:38.894+0000] {logging_mixin.py:151} INFO - [2025-03-14T11:35:38.893+0000] {dag.py:2915} INFO - Sync 1 DAGs
[2025-03-14T11:35:38.952+0000] {logging_mixin.py:151} INFO - [2025-03-14T11:35:38.951+0000] {dag.py:3696} INFO - Setting next_dagrun for yfinance_ingestion_historique_gold to 2025-03-14T00:00:00+00:00, run_after=2025-03-15T00:00:00+00:00
[2025-03-14T11:35:39.020+0000] {processor.py:179} INFO - Processing /opt/airflow/dags/ingest_historique.py took 3.439 seconds
[2025-03-14T11:36:11.608+0000] {processor.py:157} INFO - Started process (PID=362) to work on /opt/airflow/dags/ingest_historique.py
[2025-03-14T11:36:11.693+0000] {processor.py:829} INFO - Processing file /opt/airflow/dags/ingest_historique.py for tasks to queue
[2025-03-14T11:36:11.778+0000] {logging_mixin.py:151} INFO - [2025-03-14T11:36:11.730+0000] {dagbag.py:539} INFO - Filling up the DagBag from /opt/airflow/dags/ingest_historique.py
[2025-03-14T11:39:32.896+0000] {processor.py:157} INFO - Started process (PID=546) to work on /opt/airflow/dags/ingest_historique.py
[2025-03-14T11:39:32.917+0000] {processor.py:829} INFO - Processing file /opt/airflow/dags/ingest_historique.py for tasks to queue
[2025-03-14T11:39:32.988+0000] {logging_mixin.py:151} INFO - [2025-03-14T11:39:32.944+0000] {dagbag.py:539} INFO - Filling up the DagBag from /opt/airflow/dags/ingest_historique.py
[2025-03-14T11:40:24.032+0000] {processor.py:157} INFO - Started process (PID=170) to work on /opt/airflow/dags/ingest_historique.py
[2025-03-14T11:40:24.035+0000] {processor.py:829} INFO - Processing file /opt/airflow/dags/ingest_historique.py for tasks to queue
[2025-03-14T11:40:24.036+0000] {logging_mixin.py:151} INFO - [2025-03-14T11:40:24.036+0000] {dagbag.py:539} INFO - Filling up the DagBag from /opt/airflow/dags/ingest_historique.py
[2025-03-14T11:40:27.569+0000] {processor.py:839} INFO - DAG(s) dict_keys(['yfinance_ingestion_historique_gold']) retrieved from /opt/airflow/dags/ingest_historique.py
[2025-03-14T11:40:28.188+0000] {logging_mixin.py:151} INFO - [2025-03-14T11:40:28.175+0000] {security.py:708} INFO - Not syncing DAG-level permissions for DAG 'DAG:yfinance_ingestion_historique_gold' as access control is unset.
[2025-03-14T11:40:28.190+0000] {logging_mixin.py:151} INFO - [2025-03-14T11:40:28.189+0000] {dag.py:2915} INFO - Sync 1 DAGs
[2025-03-14T11:40:28.265+0000] {logging_mixin.py:151} INFO - [2025-03-14T11:40:28.264+0000] {dag.py:3696} INFO - Setting next_dagrun for yfinance_ingestion_historique_gold to 2025-03-14T00:00:00+00:00, run_after=2025-03-15T00:00:00+00:00
[2025-03-14T11:40:28.350+0000] {processor.py:179} INFO - Processing /opt/airflow/dags/ingest_historique.py took 4.323 seconds
[2025-03-14T11:41:00.882+0000] {processor.py:157} INFO - Started process (PID=368) to work on /opt/airflow/dags/ingest_historique.py
[2025-03-14T11:41:01.095+0000] {processor.py:829} INFO - Processing file /opt/airflow/dags/ingest_historique.py for tasks to queue
[2025-03-14T11:41:01.694+0000] {logging_mixin.py:151} INFO - [2025-03-14T11:41:01.393+0000] {dagbag.py:539} INFO - Filling up the DagBag from /opt/airflow/dags/ingest_historique.py
[2025-03-14T11:41:28.484+0000] {processor.py:839} INFO - DAG(s) dict_keys(['yfinance_ingestion_historique_gold']) retrieved from /opt/airflow/dags/ingest_historique.py
[2025-03-14T11:41:28.710+0000] {logging_mixin.py:151} INFO - [2025-03-14T11:41:28.707+0000] {dag.py:2915} INFO - Sync 1 DAGs
[2025-03-14T11:41:28.847+0000] {logging_mixin.py:151} INFO - [2025-03-14T11:41:28.847+0000] {dag.py:3696} INFO - Setting next_dagrun for yfinance_ingestion_historique_gold to 2025-03-14T00:00:00+00:00, run_after=2025-03-15T00:00:00+00:00
[2025-03-14T11:41:28.936+0000] {processor.py:179} INFO - Processing /opt/airflow/dags/ingest_historique.py took 30.929 seconds
[2025-03-14T11:41:59.151+0000] {processor.py:157} INFO - Started process (PID=540) to work on /opt/airflow/dags/ingest_historique.py
[2025-03-14T11:41:59.164+0000] {processor.py:829} INFO - Processing file /opt/airflow/dags/ingest_historique.py for tasks to queue
[2025-03-14T11:41:59.167+0000] {logging_mixin.py:151} INFO - [2025-03-14T11:41:59.166+0000] {dagbag.py:539} INFO - Filling up the DagBag from /opt/airflow/dags/ingest_historique.py
[2025-03-14T11:42:00.724+0000] {processor.py:839} INFO - DAG(s) dict_keys(['yfinance_ingestion_historique_gold']) retrieved from /opt/airflow/dags/ingest_historique.py
[2025-03-14T11:42:00.764+0000] {logging_mixin.py:151} INFO - [2025-03-14T11:42:00.763+0000] {dag.py:2915} INFO - Sync 1 DAGs
[2025-03-14T11:42:00.796+0000] {logging_mixin.py:151} INFO - [2025-03-14T11:42:00.796+0000] {dag.py:3696} INFO - Setting next_dagrun for yfinance_ingestion_historique_gold to 2025-03-14T00:00:00+00:00, run_after=2025-03-15T00:00:00+00:00
[2025-03-14T11:42:00.826+0000] {processor.py:179} INFO - Processing /opt/airflow/dags/ingest_historique.py took 1.681 seconds
[2025-03-14T11:42:31.376+0000] {processor.py:157} INFO - Started process (PID=552) to work on /opt/airflow/dags/ingest_historique.py
[2025-03-14T11:42:31.377+0000] {processor.py:829} INFO - Processing file /opt/airflow/dags/ingest_historique.py for tasks to queue
[2025-03-14T11:42:31.378+0000] {logging_mixin.py:151} INFO - [2025-03-14T11:42:31.378+0000] {dagbag.py:539} INFO - Filling up the DagBag from /opt/airflow/dags/ingest_historique.py
[2025-03-14T11:42:32.081+0000] {processor.py:839} INFO - DAG(s) dict_keys(['yfinance_ingestion_historique_gold']) retrieved from /opt/airflow/dags/ingest_historique.py
[2025-03-14T11:42:32.109+0000] {logging_mixin.py:151} INFO - [2025-03-14T11:42:32.108+0000] {dag.py:2915} INFO - Sync 1 DAGs
[2025-03-14T11:42:32.144+0000] {logging_mixin.py:151} INFO - [2025-03-14T11:42:32.143+0000] {dag.py:3696} INFO - Setting next_dagrun for yfinance_ingestion_historique_gold to 2025-03-14T00:00:00+00:00, run_after=2025-03-15T00:00:00+00:00
[2025-03-14T11:42:32.183+0000] {processor.py:179} INFO - Processing /opt/airflow/dags/ingest_historique.py took 0.811 seconds
[2025-03-14T11:43:02.572+0000] {processor.py:157} INFO - Started process (PID=564) to work on /opt/airflow/dags/ingest_historique.py
[2025-03-14T11:43:02.573+0000] {processor.py:829} INFO - Processing file /opt/airflow/dags/ingest_historique.py for tasks to queue
[2025-03-14T11:43:02.575+0000] {logging_mixin.py:151} INFO - [2025-03-14T11:43:02.574+0000] {dagbag.py:539} INFO - Filling up the DagBag from /opt/airflow/dags/ingest_historique.py
[2025-03-14T11:43:03.117+0000] {processor.py:839} INFO - DAG(s) dict_keys(['yfinance_ingestion_historique_gold']) retrieved from /opt/airflow/dags/ingest_historique.py
[2025-03-14T11:43:03.147+0000] {logging_mixin.py:151} INFO - [2025-03-14T11:43:03.146+0000] {dag.py:2915} INFO - Sync 1 DAGs
[2025-03-14T11:43:03.191+0000] {logging_mixin.py:151} INFO - [2025-03-14T11:43:03.191+0000] {dag.py:3696} INFO - Setting next_dagrun for yfinance_ingestion_historique_gold to 2025-03-14T00:00:00+00:00, run_after=2025-03-15T00:00:00+00:00
[2025-03-14T11:43:03.238+0000] {processor.py:179} INFO - Processing /opt/airflow/dags/ingest_historique.py took 0.672 seconds
[2025-03-14T11:43:33.655+0000] {processor.py:157} INFO - Started process (PID=576) to work on /opt/airflow/dags/ingest_historique.py
[2025-03-14T11:43:33.656+0000] {processor.py:829} INFO - Processing file /opt/airflow/dags/ingest_historique.py for tasks to queue
[2025-03-14T11:43:33.658+0000] {logging_mixin.py:151} INFO - [2025-03-14T11:43:33.657+0000] {dagbag.py:539} INFO - Filling up the DagBag from /opt/airflow/dags/ingest_historique.py
[2025-03-14T11:43:34.173+0000] {processor.py:839} INFO - DAG(s) dict_keys(['yfinance_ingestion_historique_gold']) retrieved from /opt/airflow/dags/ingest_historique.py
[2025-03-14T11:43:34.206+0000] {logging_mixin.py:151} INFO - [2025-03-14T11:43:34.205+0000] {dag.py:2915} INFO - Sync 1 DAGs
[2025-03-14T11:43:34.229+0000] {logging_mixin.py:151} INFO - [2025-03-14T11:43:34.229+0000] {dag.py:3696} INFO - Setting next_dagrun for yfinance_ingestion_historique_gold to 2025-03-14T00:00:00+00:00, run_after=2025-03-15T00:00:00+00:00
[2025-03-14T11:43:34.252+0000] {processor.py:179} INFO - Processing /opt/airflow/dags/ingest_historique.py took 0.603 seconds
[2025-03-14T11:44:05.266+0000] {processor.py:157} INFO - Started process (PID=588) to work on /opt/airflow/dags/ingest_historique.py
[2025-03-14T11:44:05.268+0000] {processor.py:829} INFO - Processing file /opt/airflow/dags/ingest_historique.py for tasks to queue
[2025-03-14T11:44:05.270+0000] {logging_mixin.py:151} INFO - [2025-03-14T11:44:05.269+0000] {dagbag.py:539} INFO - Filling up the DagBag from /opt/airflow/dags/ingest_historique.py
[2025-03-14T11:44:05.776+0000] {processor.py:839} INFO - DAG(s) dict_keys(['yfinance_ingestion_historique_gold']) retrieved from /opt/airflow/dags/ingest_historique.py
[2025-03-14T11:44:05.806+0000] {logging_mixin.py:151} INFO - [2025-03-14T11:44:05.806+0000] {dag.py:2915} INFO - Sync 1 DAGs
[2025-03-14T11:44:05.830+0000] {logging_mixin.py:151} INFO - [2025-03-14T11:44:05.829+0000] {dag.py:3696} INFO - Setting next_dagrun for yfinance_ingestion_historique_gold to 2025-03-14T00:00:00+00:00, run_after=2025-03-15T00:00:00+00:00
[2025-03-14T11:44:05.856+0000] {processor.py:179} INFO - Processing /opt/airflow/dags/ingest_historique.py took 0.595 seconds
[2025-03-14T11:44:36.478+0000] {processor.py:157} INFO - Started process (PID=600) to work on /opt/airflow/dags/ingest_historique.py
[2025-03-14T11:44:36.479+0000] {processor.py:829} INFO - Processing file /opt/airflow/dags/ingest_historique.py for tasks to queue
[2025-03-14T11:44:36.480+0000] {logging_mixin.py:151} INFO - [2025-03-14T11:44:36.480+0000] {dagbag.py:539} INFO - Filling up the DagBag from /opt/airflow/dags/ingest_historique.py
[2025-03-14T11:44:37.009+0000] {processor.py:839} INFO - DAG(s) dict_keys(['yfinance_ingestion_historique_gold']) retrieved from /opt/airflow/dags/ingest_historique.py
[2025-03-14T11:44:37.039+0000] {logging_mixin.py:151} INFO - [2025-03-14T11:44:37.038+0000] {dag.py:2915} INFO - Sync 1 DAGs
[2025-03-14T11:44:37.069+0000] {logging_mixin.py:151} INFO - [2025-03-14T11:44:37.068+0000] {dag.py:3696} INFO - Setting next_dagrun for yfinance_ingestion_historique_gold to 2025-03-14T00:00:00+00:00, run_after=2025-03-15T00:00:00+00:00
[2025-03-14T11:44:37.092+0000] {processor.py:179} INFO - Processing /opt/airflow/dags/ingest_historique.py took 0.617 seconds
[2025-03-14T11:45:07.245+0000] {processor.py:157} INFO - Started process (PID=612) to work on /opt/airflow/dags/ingest_historique.py
[2025-03-14T11:45:07.248+0000] {processor.py:829} INFO - Processing file /opt/airflow/dags/ingest_historique.py for tasks to queue
[2025-03-14T11:45:07.263+0000] {logging_mixin.py:151} INFO - [2025-03-14T11:45:07.262+0000] {dagbag.py:539} INFO - Filling up the DagBag from /opt/airflow/dags/ingest_historique.py
[2025-03-14T11:45:08.526+0000] {processor.py:839} INFO - DAG(s) dict_keys(['yfinance_ingestion_historique_gold']) retrieved from /opt/airflow/dags/ingest_historique.py
[2025-03-14T11:45:08.608+0000] {logging_mixin.py:151} INFO - [2025-03-14T11:45:08.607+0000] {dag.py:2915} INFO - Sync 1 DAGs
[2025-03-14T11:45:08.675+0000] {logging_mixin.py:151} INFO - [2025-03-14T11:45:08.673+0000] {dag.py:3696} INFO - Setting next_dagrun for yfinance_ingestion_historique_gold to 2025-03-14T00:00:00+00:00, run_after=2025-03-15T00:00:00+00:00
[2025-03-14T11:45:08.746+0000] {processor.py:179} INFO - Processing /opt/airflow/dags/ingest_historique.py took 1.510 seconds
[2025-03-14T11:45:38.956+0000] {processor.py:157} INFO - Started process (PID=624) to work on /opt/airflow/dags/ingest_historique.py
[2025-03-14T11:45:38.960+0000] {processor.py:829} INFO - Processing file /opt/airflow/dags/ingest_historique.py for tasks to queue
[2025-03-14T11:45:38.963+0000] {logging_mixin.py:151} INFO - [2025-03-14T11:45:38.962+0000] {dagbag.py:539} INFO - Filling up the DagBag from /opt/airflow/dags/ingest_historique.py
[2025-03-14T11:45:39.937+0000] {processor.py:839} INFO - DAG(s) dict_keys(['yfinance_ingestion_historique_gold']) retrieved from /opt/airflow/dags/ingest_historique.py
[2025-03-14T11:45:39.982+0000] {logging_mixin.py:151} INFO - [2025-03-14T11:45:39.982+0000] {dag.py:2915} INFO - Sync 1 DAGs
[2025-03-14T11:45:40.027+0000] {logging_mixin.py:151} INFO - [2025-03-14T11:45:40.027+0000] {dag.py:3696} INFO - Setting next_dagrun for yfinance_ingestion_historique_gold to 2025-03-14T00:00:00+00:00, run_after=2025-03-15T00:00:00+00:00
[2025-03-14T11:45:40.073+0000] {processor.py:179} INFO - Processing /opt/airflow/dags/ingest_historique.py took 1.127 seconds
[2025-03-14T11:46:40.481+0000] {processor.py:157} INFO - Started process (PID=170) to work on /opt/airflow/dags/ingest_historique.py
[2025-03-14T11:46:40.483+0000] {processor.py:829} INFO - Processing file /opt/airflow/dags/ingest_historique.py for tasks to queue
[2025-03-14T11:46:40.484+0000] {logging_mixin.py:151} INFO - [2025-03-14T11:46:40.484+0000] {dagbag.py:539} INFO - Filling up the DagBag from /opt/airflow/dags/ingest_historique.py
[2025-03-14T11:46:43.188+0000] {processor.py:839} INFO - DAG(s) dict_keys(['yfinance_ingestion_historique_gold']) retrieved from /opt/airflow/dags/ingest_historique.py
[2025-03-14T11:46:43.448+0000] {logging_mixin.py:151} INFO - [2025-03-14T11:46:43.447+0000] {security.py:708} INFO - Not syncing DAG-level permissions for DAG 'DAG:yfinance_ingestion_historique_gold' as access control is unset.
[2025-03-14T11:46:43.449+0000] {logging_mixin.py:151} INFO - [2025-03-14T11:46:43.448+0000] {dag.py:2915} INFO - Sync 1 DAGs
[2025-03-14T11:46:43.476+0000] {logging_mixin.py:151} INFO - [2025-03-14T11:46:43.476+0000] {dag.py:3696} INFO - Setting next_dagrun for yfinance_ingestion_historique_gold to 2025-03-14T00:00:00+00:00, run_after=2025-03-15T00:00:00+00:00
[2025-03-14T11:46:43.508+0000] {processor.py:179} INFO - Processing /opt/airflow/dags/ingest_historique.py took 3.032 seconds
[2025-03-14T11:47:13.713+0000] {processor.py:157} INFO - Started process (PID=185) to work on /opt/airflow/dags/ingest_historique.py
[2025-03-14T11:47:13.716+0000] {processor.py:829} INFO - Processing file /opt/airflow/dags/ingest_historique.py for tasks to queue
[2025-03-14T11:47:13.717+0000] {logging_mixin.py:151} INFO - [2025-03-14T11:47:13.717+0000] {dagbag.py:539} INFO - Filling up the DagBag from /opt/airflow/dags/ingest_historique.py
[2025-03-14T11:47:15.254+0000] {processor.py:839} INFO - DAG(s) dict_keys(['yfinance_ingestion_historique_gold']) retrieved from /opt/airflow/dags/ingest_historique.py
[2025-03-14T11:47:15.310+0000] {logging_mixin.py:151} INFO - [2025-03-14T11:47:15.299+0000] {dag.py:2915} INFO - Sync 1 DAGs
[2025-03-14T11:47:15.354+0000] {logging_mixin.py:151} INFO - [2025-03-14T11:47:15.353+0000] {dag.py:3696} INFO - Setting next_dagrun for yfinance_ingestion_historique_gold to 2025-03-14T00:00:00+00:00, run_after=2025-03-15T00:00:00+00:00
[2025-03-14T11:47:15.403+0000] {processor.py:179} INFO - Processing /opt/airflow/dags/ingest_historique.py took 1.693 seconds
[2025-03-14T11:47:45.597+0000] {processor.py:157} INFO - Started process (PID=209) to work on /opt/airflow/dags/ingest_historique.py
[2025-03-14T11:47:45.599+0000] {processor.py:829} INFO - Processing file /opt/airflow/dags/ingest_historique.py for tasks to queue
[2025-03-14T11:47:45.600+0000] {logging_mixin.py:151} INFO - [2025-03-14T11:47:45.599+0000] {dagbag.py:539} INFO - Filling up the DagBag from /opt/airflow/dags/ingest_historique.py
[2025-03-14T11:47:46.288+0000] {processor.py:839} INFO - DAG(s) dict_keys(['yfinance_ingestion_historique_gold']) retrieved from /opt/airflow/dags/ingest_historique.py
[2025-03-14T11:47:46.325+0000] {logging_mixin.py:151} INFO - [2025-03-14T11:47:46.324+0000] {dag.py:2915} INFO - Sync 1 DAGs
[2025-03-14T11:47:46.354+0000] {logging_mixin.py:151} INFO - [2025-03-14T11:47:46.354+0000] {dag.py:3696} INFO - Setting next_dagrun for yfinance_ingestion_historique_gold to 2025-03-14T00:00:00+00:00, run_after=2025-03-15T00:00:00+00:00
[2025-03-14T11:47:46.381+0000] {processor.py:179} INFO - Processing /opt/airflow/dags/ingest_historique.py took 0.789 seconds
[2025-03-14T11:48:17.030+0000] {processor.py:157} INFO - Started process (PID=227) to work on /opt/airflow/dags/ingest_historique.py
[2025-03-14T11:48:17.031+0000] {processor.py:829} INFO - Processing file /opt/airflow/dags/ingest_historique.py for tasks to queue
[2025-03-14T11:48:17.033+0000] {logging_mixin.py:151} INFO - [2025-03-14T11:48:17.032+0000] {dagbag.py:539} INFO - Filling up the DagBag from /opt/airflow/dags/ingest_historique.py
[2025-03-14T11:48:17.792+0000] {processor.py:839} INFO - DAG(s) dict_keys(['yfinance_ingestion_historique_gold']) retrieved from /opt/airflow/dags/ingest_historique.py
[2025-03-14T11:48:17.839+0000] {logging_mixin.py:151} INFO - [2025-03-14T11:48:17.838+0000] {dag.py:2915} INFO - Sync 1 DAGs
[2025-03-14T11:48:17.880+0000] {logging_mixin.py:151} INFO - [2025-03-14T11:48:17.880+0000] {dag.py:3696} INFO - Setting next_dagrun for yfinance_ingestion_historique_gold to 2025-03-14T00:00:00+00:00, run_after=2025-03-15T00:00:00+00:00
[2025-03-14T11:48:17.908+0000] {processor.py:179} INFO - Processing /opt/airflow/dags/ingest_historique.py took 0.884 seconds
[2025-03-14T11:48:48.463+0000] {processor.py:157} INFO - Started process (PID=242) to work on /opt/airflow/dags/ingest_historique.py
[2025-03-14T11:48:48.465+0000] {processor.py:829} INFO - Processing file /opt/airflow/dags/ingest_historique.py for tasks to queue
[2025-03-14T11:48:48.469+0000] {logging_mixin.py:151} INFO - [2025-03-14T11:48:48.468+0000] {dagbag.py:539} INFO - Filling up the DagBag from /opt/airflow/dags/ingest_historique.py
[2025-03-14T11:48:49.120+0000] {processor.py:839} INFO - DAG(s) dict_keys(['yfinance_ingestion_historique_gold']) retrieved from /opt/airflow/dags/ingest_historique.py
[2025-03-14T11:48:49.160+0000] {logging_mixin.py:151} INFO - [2025-03-14T11:48:49.159+0000] {dag.py:2915} INFO - Sync 1 DAGs
[2025-03-14T11:48:49.191+0000] {logging_mixin.py:151} INFO - [2025-03-14T11:48:49.190+0000] {dag.py:3696} INFO - Setting next_dagrun for yfinance_ingestion_historique_gold to 2025-03-14T00:00:00+00:00, run_after=2025-03-15T00:00:00+00:00
[2025-03-14T11:48:49.236+0000] {processor.py:179} INFO - Processing /opt/airflow/dags/ingest_historique.py took 0.780 seconds
[2025-03-14T11:49:19.644+0000] {processor.py:157} INFO - Started process (PID=308) to work on /opt/airflow/dags/ingest_historique.py
[2025-03-14T11:49:19.645+0000] {processor.py:829} INFO - Processing file /opt/airflow/dags/ingest_historique.py for tasks to queue
[2025-03-14T11:49:19.646+0000] {logging_mixin.py:151} INFO - [2025-03-14T11:49:19.646+0000] {dagbag.py:539} INFO - Filling up the DagBag from /opt/airflow/dags/ingest_historique.py
[2025-03-14T11:49:20.102+0000] {processor.py:839} INFO - DAG(s) dict_keys(['yfinance_ingestion_historique_gold']) retrieved from /opt/airflow/dags/ingest_historique.py
[2025-03-14T11:49:20.128+0000] {logging_mixin.py:151} INFO - [2025-03-14T11:49:20.128+0000] {dag.py:2915} INFO - Sync 1 DAGs
[2025-03-14T11:49:20.150+0000] {logging_mixin.py:151} INFO - [2025-03-14T11:49:20.150+0000] {dag.py:3696} INFO - Setting next_dagrun for yfinance_ingestion_historique_gold to 2025-03-14T00:00:00+00:00, run_after=2025-03-15T00:00:00+00:00
[2025-03-14T11:49:20.176+0000] {processor.py:179} INFO - Processing /opt/airflow/dags/ingest_historique.py took 0.535 seconds
[2025-03-14T11:49:50.337+0000] {processor.py:157} INFO - Started process (PID=320) to work on /opt/airflow/dags/ingest_historique.py
[2025-03-14T11:49:50.339+0000] {processor.py:829} INFO - Processing file /opt/airflow/dags/ingest_historique.py for tasks to queue
[2025-03-14T11:49:50.341+0000] {logging_mixin.py:151} INFO - [2025-03-14T11:49:50.341+0000] {dagbag.py:539} INFO - Filling up the DagBag from /opt/airflow/dags/ingest_historique.py
[2025-03-14T11:49:50.944+0000] {processor.py:839} INFO - DAG(s) dict_keys(['yfinance_ingestion_historique_gold']) retrieved from /opt/airflow/dags/ingest_historique.py
[2025-03-14T11:49:50.994+0000] {logging_mixin.py:151} INFO - [2025-03-14T11:49:50.991+0000] {dag.py:2915} INFO - Sync 1 DAGs
[2025-03-14T11:49:51.089+0000] {logging_mixin.py:151} INFO - [2025-03-14T11:49:51.088+0000] {dag.py:3696} INFO - Setting next_dagrun for yfinance_ingestion_historique_gold to 2025-03-14T00:00:00+00:00, run_after=2025-03-15T00:00:00+00:00
[2025-03-14T11:49:51.190+0000] {processor.py:179} INFO - Processing /opt/airflow/dags/ingest_historique.py took 0.857 seconds
[2025-03-14T11:50:21.344+0000] {processor.py:157} INFO - Started process (PID=332) to work on /opt/airflow/dags/ingest_historique.py
[2025-03-14T11:50:21.345+0000] {processor.py:829} INFO - Processing file /opt/airflow/dags/ingest_historique.py for tasks to queue
[2025-03-14T11:50:21.347+0000] {logging_mixin.py:151} INFO - [2025-03-14T11:50:21.346+0000] {dagbag.py:539} INFO - Filling up the DagBag from /opt/airflow/dags/ingest_historique.py
[2025-03-14T11:50:22.039+0000] {processor.py:839} INFO - DAG(s) dict_keys(['yfinance_ingestion_historique_gold']) retrieved from /opt/airflow/dags/ingest_historique.py
[2025-03-14T11:50:22.088+0000] {logging_mixin.py:151} INFO - [2025-03-14T11:50:22.087+0000] {dag.py:2915} INFO - Sync 1 DAGs
[2025-03-14T11:50:22.166+0000] {logging_mixin.py:151} INFO - [2025-03-14T11:50:22.166+0000] {dag.py:3696} INFO - Setting next_dagrun for yfinance_ingestion_historique_gold to 2025-03-14T00:00:00+00:00, run_after=2025-03-15T00:00:00+00:00
[2025-03-14T11:50:22.218+0000] {processor.py:179} INFO - Processing /opt/airflow/dags/ingest_historique.py took 0.878 seconds
[2025-03-14T11:50:52.324+0000] {processor.py:157} INFO - Started process (PID=342) to work on /opt/airflow/dags/ingest_historique.py
[2025-03-14T11:50:52.326+0000] {processor.py:829} INFO - Processing file /opt/airflow/dags/ingest_historique.py for tasks to queue
[2025-03-14T11:50:52.327+0000] {logging_mixin.py:151} INFO - [2025-03-14T11:50:52.327+0000] {dagbag.py:539} INFO - Filling up the DagBag from /opt/airflow/dags/ingest_historique.py
[2025-03-14T11:50:52.862+0000] {processor.py:839} INFO - DAG(s) dict_keys(['yfinance_ingestion_historique_gold']) retrieved from /opt/airflow/dags/ingest_historique.py
[2025-03-14T11:50:52.889+0000] {logging_mixin.py:151} INFO - [2025-03-14T11:50:52.888+0000] {dag.py:2915} INFO - Sync 1 DAGs
[2025-03-14T11:50:52.910+0000] {logging_mixin.py:151} INFO - [2025-03-14T11:50:52.909+0000] {dag.py:3696} INFO - Setting next_dagrun for yfinance_ingestion_historique_gold to 2025-03-14T00:00:00+00:00, run_after=2025-03-15T00:00:00+00:00
[2025-03-14T11:50:52.933+0000] {processor.py:179} INFO - Processing /opt/airflow/dags/ingest_historique.py took 0.614 seconds
[2025-03-14T11:51:23.401+0000] {processor.py:157} INFO - Started process (PID=353) to work on /opt/airflow/dags/ingest_historique.py
[2025-03-14T11:51:23.402+0000] {processor.py:829} INFO - Processing file /opt/airflow/dags/ingest_historique.py for tasks to queue
[2025-03-14T11:51:23.403+0000] {logging_mixin.py:151} INFO - [2025-03-14T11:51:23.403+0000] {dagbag.py:539} INFO - Filling up the DagBag from /opt/airflow/dags/ingest_historique.py
[2025-03-14T11:51:23.925+0000] {processor.py:839} INFO - DAG(s) dict_keys(['yfinance_ingestion_historique_gold']) retrieved from /opt/airflow/dags/ingest_historique.py
[2025-03-14T11:51:23.954+0000] {logging_mixin.py:151} INFO - [2025-03-14T11:51:23.953+0000] {dag.py:2915} INFO - Sync 1 DAGs
[2025-03-14T11:51:23.979+0000] {logging_mixin.py:151} INFO - [2025-03-14T11:51:23.978+0000] {dag.py:3696} INFO - Setting next_dagrun for yfinance_ingestion_historique_gold to 2025-03-14T00:00:00+00:00, run_after=2025-03-15T00:00:00+00:00
[2025-03-14T11:51:24.007+0000] {processor.py:179} INFO - Processing /opt/airflow/dags/ingest_historique.py took 0.610 seconds
[2025-03-14T11:51:54.969+0000] {processor.py:157} INFO - Started process (PID=365) to work on /opt/airflow/dags/ingest_historique.py
[2025-03-14T11:51:54.970+0000] {processor.py:829} INFO - Processing file /opt/airflow/dags/ingest_historique.py for tasks to queue
[2025-03-14T11:51:54.971+0000] {logging_mixin.py:151} INFO - [2025-03-14T11:51:54.971+0000] {dagbag.py:539} INFO - Filling up the DagBag from /opt/airflow/dags/ingest_historique.py
[2025-03-14T11:51:55.526+0000] {processor.py:839} INFO - DAG(s) dict_keys(['yfinance_ingestion_historique_gold']) retrieved from /opt/airflow/dags/ingest_historique.py
[2025-03-14T11:51:55.562+0000] {logging_mixin.py:151} INFO - [2025-03-14T11:51:55.561+0000] {dag.py:2915} INFO - Sync 1 DAGs
[2025-03-14T11:51:55.591+0000] {logging_mixin.py:151} INFO - [2025-03-14T11:51:55.591+0000] {dag.py:3696} INFO - Setting next_dagrun for yfinance_ingestion_historique_gold to 2025-03-14T00:00:00+00:00, run_after=2025-03-15T00:00:00+00:00
[2025-03-14T11:51:55.623+0000] {processor.py:179} INFO - Processing /opt/airflow/dags/ingest_historique.py took 0.658 seconds
[2025-03-14T11:52:26.559+0000] {processor.py:157} INFO - Started process (PID=377) to work on /opt/airflow/dags/ingest_historique.py
[2025-03-14T11:52:26.560+0000] {processor.py:829} INFO - Processing file /opt/airflow/dags/ingest_historique.py for tasks to queue
[2025-03-14T11:52:26.562+0000] {logging_mixin.py:151} INFO - [2025-03-14T11:52:26.561+0000] {dagbag.py:539} INFO - Filling up the DagBag from /opt/airflow/dags/ingest_historique.py
[2025-03-14T11:52:27.203+0000] {processor.py:839} INFO - DAG(s) dict_keys(['yfinance_ingestion_historique_gold']) retrieved from /opt/airflow/dags/ingest_historique.py
[2025-03-14T11:52:27.244+0000] {logging_mixin.py:151} INFO - [2025-03-14T11:52:27.244+0000] {dag.py:2915} INFO - Sync 1 DAGs
[2025-03-14T11:52:27.281+0000] {logging_mixin.py:151} INFO - [2025-03-14T11:52:27.281+0000] {dag.py:3696} INFO - Setting next_dagrun for yfinance_ingestion_historique_gold to 2025-03-14T00:00:00+00:00, run_after=2025-03-15T00:00:00+00:00
[2025-03-14T11:52:27.315+0000] {processor.py:179} INFO - Processing /opt/airflow/dags/ingest_historique.py took 0.760 seconds
[2025-03-14T11:52:57.985+0000] {processor.py:157} INFO - Started process (PID=389) to work on /opt/airflow/dags/ingest_historique.py
[2025-03-14T11:52:57.986+0000] {processor.py:829} INFO - Processing file /opt/airflow/dags/ingest_historique.py for tasks to queue
[2025-03-14T11:52:57.988+0000] {logging_mixin.py:151} INFO - [2025-03-14T11:52:57.987+0000] {dagbag.py:539} INFO - Filling up the DagBag from /opt/airflow/dags/ingest_historique.py
[2025-03-14T11:52:58.692+0000] {processor.py:839} INFO - DAG(s) dict_keys(['yfinance_ingestion_historique_gold']) retrieved from /opt/airflow/dags/ingest_historique.py
[2025-03-14T11:52:58.723+0000] {logging_mixin.py:151} INFO - [2025-03-14T11:52:58.723+0000] {dag.py:2915} INFO - Sync 1 DAGs
[2025-03-14T11:52:58.752+0000] {logging_mixin.py:151} INFO - [2025-03-14T11:52:58.751+0000] {dag.py:3696} INFO - Setting next_dagrun for yfinance_ingestion_historique_gold to 2025-03-14T00:00:00+00:00, run_after=2025-03-15T00:00:00+00:00
[2025-03-14T11:52:58.780+0000] {processor.py:179} INFO - Processing /opt/airflow/dags/ingest_historique.py took 0.799 seconds
[2025-03-14T11:53:29.754+0000] {processor.py:157} INFO - Started process (PID=401) to work on /opt/airflow/dags/ingest_historique.py
[2025-03-14T11:53:29.755+0000] {processor.py:829} INFO - Processing file /opt/airflow/dags/ingest_historique.py for tasks to queue
[2025-03-14T11:53:29.756+0000] {logging_mixin.py:151} INFO - [2025-03-14T11:53:29.756+0000] {dagbag.py:539} INFO - Filling up the DagBag from /opt/airflow/dags/ingest_historique.py
[2025-03-14T11:53:30.302+0000] {processor.py:839} INFO - DAG(s) dict_keys(['yfinance_ingestion_historique_gold']) retrieved from /opt/airflow/dags/ingest_historique.py
[2025-03-14T11:53:30.333+0000] {logging_mixin.py:151} INFO - [2025-03-14T11:53:30.333+0000] {dag.py:2915} INFO - Sync 1 DAGs
[2025-03-14T11:53:30.359+0000] {logging_mixin.py:151} INFO - [2025-03-14T11:53:30.359+0000] {dag.py:3696} INFO - Setting next_dagrun for yfinance_ingestion_historique_gold to 2025-03-14T00:00:00+00:00, run_after=2025-03-15T00:00:00+00:00
[2025-03-14T11:53:30.391+0000] {processor.py:179} INFO - Processing /opt/airflow/dags/ingest_historique.py took 0.640 seconds
[2025-03-14T11:54:01.146+0000] {processor.py:157} INFO - Started process (PID=413) to work on /opt/airflow/dags/ingest_historique.py
[2025-03-14T11:54:01.147+0000] {processor.py:829} INFO - Processing file /opt/airflow/dags/ingest_historique.py for tasks to queue
[2025-03-14T11:54:01.148+0000] {logging_mixin.py:151} INFO - [2025-03-14T11:54:01.148+0000] {dagbag.py:539} INFO - Filling up the DagBag from /opt/airflow/dags/ingest_historique.py
[2025-03-14T11:54:01.760+0000] {processor.py:839} INFO - DAG(s) dict_keys(['yfinance_ingestion_historique_gold']) retrieved from /opt/airflow/dags/ingest_historique.py
[2025-03-14T11:54:01.790+0000] {logging_mixin.py:151} INFO - [2025-03-14T11:54:01.789+0000] {dag.py:2915} INFO - Sync 1 DAGs
[2025-03-14T11:54:01.823+0000] {logging_mixin.py:151} INFO - [2025-03-14T11:54:01.823+0000] {dag.py:3696} INFO - Setting next_dagrun for yfinance_ingestion_historique_gold to 2025-03-14T00:00:00+00:00, run_after=2025-03-15T00:00:00+00:00
[2025-03-14T11:54:01.894+0000] {processor.py:179} INFO - Processing /opt/airflow/dags/ingest_historique.py took 0.752 seconds
[2025-03-14T11:54:32.606+0000] {processor.py:157} INFO - Started process (PID=425) to work on /opt/airflow/dags/ingest_historique.py
[2025-03-14T11:54:32.608+0000] {processor.py:829} INFO - Processing file /opt/airflow/dags/ingest_historique.py for tasks to queue
[2025-03-14T11:54:32.609+0000] {logging_mixin.py:151} INFO - [2025-03-14T11:54:32.609+0000] {dagbag.py:539} INFO - Filling up the DagBag from /opt/airflow/dags/ingest_historique.py
[2025-03-14T11:54:33.162+0000] {processor.py:839} INFO - DAG(s) dict_keys(['yfinance_ingestion_historique_gold']) retrieved from /opt/airflow/dags/ingest_historique.py
[2025-03-14T11:54:33.193+0000] {logging_mixin.py:151} INFO - [2025-03-14T11:54:33.193+0000] {dag.py:2915} INFO - Sync 1 DAGs
[2025-03-14T11:54:33.221+0000] {logging_mixin.py:151} INFO - [2025-03-14T11:54:33.220+0000] {dag.py:3696} INFO - Setting next_dagrun for yfinance_ingestion_historique_gold to 2025-03-14T00:00:00+00:00, run_after=2025-03-15T00:00:00+00:00
[2025-03-14T11:54:33.255+0000] {processor.py:179} INFO - Processing /opt/airflow/dags/ingest_historique.py took 0.654 seconds
[2025-03-14T11:55:03.643+0000] {processor.py:157} INFO - Started process (PID=434) to work on /opt/airflow/dags/ingest_historique.py
[2025-03-14T11:55:03.644+0000] {processor.py:829} INFO - Processing file /opt/airflow/dags/ingest_historique.py for tasks to queue
[2025-03-14T11:55:03.645+0000] {logging_mixin.py:151} INFO - [2025-03-14T11:55:03.644+0000] {dagbag.py:539} INFO - Filling up the DagBag from /opt/airflow/dags/ingest_historique.py
[2025-03-14T11:55:02.246+0000] {processor.py:839} INFO - DAG(s) dict_keys(['yfinance_ingestion_historique_gold']) retrieved from /opt/airflow/dags/ingest_historique.py
[2025-03-14T11:55:02.276+0000] {logging_mixin.py:151} INFO - [2025-03-14T11:55:02.276+0000] {dag.py:2915} INFO - Sync 1 DAGs
[2025-03-14T11:55:02.301+0000] {logging_mixin.py:151} INFO - [2025-03-14T11:55:02.301+0000] {dag.py:3696} INFO - Setting next_dagrun for yfinance_ingestion_historique_gold to 2025-03-14T00:00:00+00:00, run_after=2025-03-15T00:00:00+00:00
[2025-03-14T11:55:02.329+0000] {processor.py:179} INFO - Processing /opt/airflow/dags/ingest_historique.py took 0.629 seconds
[2025-03-14T11:55:33.408+0000] {processor.py:157} INFO - Started process (PID=549) to work on /opt/airflow/dags/ingest_historique.py
[2025-03-14T11:55:33.485+0000] {processor.py:829} INFO - Processing file /opt/airflow/dags/ingest_historique.py for tasks to queue
[2025-03-14T11:55:33.531+0000] {logging_mixin.py:151} INFO - [2025-03-14T11:55:33.505+0000] {dagbag.py:539} INFO - Filling up the DagBag from /opt/airflow/dags/ingest_historique.py
[2025-03-14T11:55:38.707+0000] {processor.py:839} INFO - DAG(s) dict_keys(['yfinance_ingestion_historique_gold']) retrieved from /opt/airflow/dags/ingest_historique.py
[2025-03-14T11:55:39.181+0000] {logging_mixin.py:151} INFO - [2025-03-14T11:55:39.180+0000] {dag.py:2915} INFO - Sync 1 DAGs
[2025-03-14T11:55:39.323+0000] {logging_mixin.py:151} INFO - [2025-03-14T11:55:39.322+0000] {dag.py:3696} INFO - Setting next_dagrun for yfinance_ingestion_historique_gold to 2025-03-14T00:00:00+00:00, run_after=2025-03-15T00:00:00+00:00
[2025-03-14T11:55:39.496+0000] {processor.py:179} INFO - Processing /opt/airflow/dags/ingest_historique.py took 6.622 seconds
[2025-03-14T11:56:10.186+0000] {processor.py:157} INFO - Started process (PID=609) to work on /opt/airflow/dags/ingest_historique.py
[2025-03-14T11:56:10.187+0000] {processor.py:829} INFO - Processing file /opt/airflow/dags/ingest_historique.py for tasks to queue
[2025-03-14T11:56:10.188+0000] {logging_mixin.py:151} INFO - [2025-03-14T11:56:10.187+0000] {dagbag.py:539} INFO - Filling up the DagBag from /opt/airflow/dags/ingest_historique.py
[2025-03-14T11:56:10.973+0000] {processor.py:839} INFO - DAG(s) dict_keys(['yfinance_ingestion_historique_gold']) retrieved from /opt/airflow/dags/ingest_historique.py
[2025-03-14T11:56:11.003+0000] {logging_mixin.py:151} INFO - [2025-03-14T11:56:11.003+0000] {dag.py:2915} INFO - Sync 1 DAGs
[2025-03-14T11:56:11.031+0000] {logging_mixin.py:151} INFO - [2025-03-14T11:56:11.030+0000] {dag.py:3696} INFO - Setting next_dagrun for yfinance_ingestion_historique_gold to 2025-03-14T00:00:00+00:00, run_after=2025-03-15T00:00:00+00:00
[2025-03-14T11:56:11.061+0000] {processor.py:179} INFO - Processing /opt/airflow/dags/ingest_historique.py took 0.878 seconds
[2025-03-14T11:56:41.485+0000] {processor.py:157} INFO - Started process (PID=621) to work on /opt/airflow/dags/ingest_historique.py
[2025-03-14T11:56:41.486+0000] {processor.py:829} INFO - Processing file /opt/airflow/dags/ingest_historique.py for tasks to queue
[2025-03-14T11:56:41.487+0000] {logging_mixin.py:151} INFO - [2025-03-14T11:56:41.487+0000] {dagbag.py:539} INFO - Filling up the DagBag from /opt/airflow/dags/ingest_historique.py
[2025-03-14T11:56:42.115+0000] {processor.py:839} INFO - DAG(s) dict_keys(['yfinance_ingestion_historique_gold']) retrieved from /opt/airflow/dags/ingest_historique.py
[2025-03-14T11:56:42.140+0000] {logging_mixin.py:151} INFO - [2025-03-14T11:56:42.140+0000] {dag.py:2915} INFO - Sync 1 DAGs
[2025-03-14T11:56:42.165+0000] {logging_mixin.py:151} INFO - [2025-03-14T11:56:42.164+0000] {dag.py:3696} INFO - Setting next_dagrun for yfinance_ingestion_historique_gold to 2025-03-14T00:00:00+00:00, run_after=2025-03-15T00:00:00+00:00
[2025-03-14T11:56:42.189+0000] {processor.py:179} INFO - Processing /opt/airflow/dags/ingest_historique.py took 0.707 seconds
[2025-03-14T11:57:12.690+0000] {processor.py:157} INFO - Started process (PID=640) to work on /opt/airflow/dags/ingest_historique.py
[2025-03-14T11:57:12.691+0000] {processor.py:829} INFO - Processing file /opt/airflow/dags/ingest_historique.py for tasks to queue
[2025-03-14T11:57:12.692+0000] {logging_mixin.py:151} INFO - [2025-03-14T11:57:12.692+0000] {dagbag.py:539} INFO - Filling up the DagBag from /opt/airflow/dags/ingest_historique.py
[2025-03-14T11:57:13.250+0000] {processor.py:839} INFO - DAG(s) dict_keys(['yfinance_ingestion_historique_gold']) retrieved from /opt/airflow/dags/ingest_historique.py
[2025-03-14T11:57:13.281+0000] {logging_mixin.py:151} INFO - [2025-03-14T11:57:13.280+0000] {dag.py:2915} INFO - Sync 1 DAGs
[2025-03-14T11:57:13.310+0000] {logging_mixin.py:151} INFO - [2025-03-14T11:57:13.310+0000] {dag.py:3696} INFO - Setting next_dagrun for yfinance_ingestion_historique_gold to 2025-03-14T00:00:00+00:00, run_after=2025-03-15T00:00:00+00:00
[2025-03-14T11:57:13.355+0000] {processor.py:179} INFO - Processing /opt/airflow/dags/ingest_historique.py took 0.672 seconds
[2025-03-14T11:57:43.817+0000] {processor.py:157} INFO - Started process (PID=652) to work on /opt/airflow/dags/ingest_historique.py
[2025-03-14T11:57:43.818+0000] {processor.py:829} INFO - Processing file /opt/airflow/dags/ingest_historique.py for tasks to queue
[2025-03-14T11:57:43.820+0000] {logging_mixin.py:151} INFO - [2025-03-14T11:57:43.819+0000] {dagbag.py:539} INFO - Filling up the DagBag from /opt/airflow/dags/ingest_historique.py
[2025-03-14T11:57:44.410+0000] {processor.py:839} INFO - DAG(s) dict_keys(['yfinance_ingestion_historique_gold']) retrieved from /opt/airflow/dags/ingest_historique.py
[2025-03-14T11:57:44.437+0000] {logging_mixin.py:151} INFO - [2025-03-14T11:57:44.436+0000] {dag.py:2915} INFO - Sync 1 DAGs
[2025-03-14T11:57:44.470+0000] {logging_mixin.py:151} INFO - [2025-03-14T11:57:44.470+0000] {dag.py:3696} INFO - Setting next_dagrun for yfinance_ingestion_historique_gold to 2025-03-14T00:00:00+00:00, run_after=2025-03-15T00:00:00+00:00
[2025-03-14T11:57:44.491+0000] {processor.py:179} INFO - Processing /opt/airflow/dags/ingest_historique.py took 0.677 seconds
[2025-03-14T11:58:15.325+0000] {processor.py:157} INFO - Started process (PID=664) to work on /opt/airflow/dags/ingest_historique.py
[2025-03-14T11:58:15.326+0000] {processor.py:829} INFO - Processing file /opt/airflow/dags/ingest_historique.py for tasks to queue
[2025-03-14T11:58:15.327+0000] {logging_mixin.py:151} INFO - [2025-03-14T11:58:15.327+0000] {dagbag.py:539} INFO - Filling up the DagBag from /opt/airflow/dags/ingest_historique.py
[2025-03-14T11:58:16.196+0000] {processor.py:839} INFO - DAG(s) dict_keys(['yfinance_ingestion_historique_gold']) retrieved from /opt/airflow/dags/ingest_historique.py
[2025-03-14T11:58:16.231+0000] {logging_mixin.py:151} INFO - [2025-03-14T11:58:16.230+0000] {dag.py:2915} INFO - Sync 1 DAGs
[2025-03-14T11:58:16.255+0000] {logging_mixin.py:151} INFO - [2025-03-14T11:58:16.255+0000] {dag.py:3696} INFO - Setting next_dagrun for yfinance_ingestion_historique_gold to 2025-03-14T00:00:00+00:00, run_after=2025-03-15T00:00:00+00:00
[2025-03-14T11:58:16.296+0000] {processor.py:179} INFO - Processing /opt/airflow/dags/ingest_historique.py took 0.973 seconds
[2025-03-14T11:58:46.583+0000] {processor.py:157} INFO - Started process (PID=676) to work on /opt/airflow/dags/ingest_historique.py
[2025-03-14T11:58:46.584+0000] {processor.py:829} INFO - Processing file /opt/airflow/dags/ingest_historique.py for tasks to queue
[2025-03-14T11:58:46.586+0000] {logging_mixin.py:151} INFO - [2025-03-14T11:58:46.585+0000] {dagbag.py:539} INFO - Filling up the DagBag from /opt/airflow/dags/ingest_historique.py
[2025-03-14T11:58:47.385+0000] {processor.py:839} INFO - DAG(s) dict_keys(['yfinance_ingestion_historique_gold']) retrieved from /opt/airflow/dags/ingest_historique.py
[2025-03-14T11:58:47.415+0000] {logging_mixin.py:151} INFO - [2025-03-14T11:58:47.414+0000] {dag.py:2915} INFO - Sync 1 DAGs
[2025-03-14T11:58:47.440+0000] {logging_mixin.py:151} INFO - [2025-03-14T11:58:47.440+0000] {dag.py:3696} INFO - Setting next_dagrun for yfinance_ingestion_historique_gold to 2025-03-14T00:00:00+00:00, run_after=2025-03-15T00:00:00+00:00
[2025-03-14T11:58:47.466+0000] {processor.py:179} INFO - Processing /opt/airflow/dags/ingest_historique.py took 0.887 seconds
[2025-03-14T11:59:18.298+0000] {processor.py:157} INFO - Started process (PID=688) to work on /opt/airflow/dags/ingest_historique.py
[2025-03-14T11:59:18.300+0000] {processor.py:829} INFO - Processing file /opt/airflow/dags/ingest_historique.py for tasks to queue
[2025-03-14T11:59:18.302+0000] {logging_mixin.py:151} INFO - [2025-03-14T11:59:18.301+0000] {dagbag.py:539} INFO - Filling up the DagBag from /opt/airflow/dags/ingest_historique.py
[2025-03-14T11:59:18.814+0000] {processor.py:839} INFO - DAG(s) dict_keys(['yfinance_ingestion_historique_gold']) retrieved from /opt/airflow/dags/ingest_historique.py
[2025-03-14T11:59:18.845+0000] {logging_mixin.py:151} INFO - [2025-03-14T11:59:18.844+0000] {dag.py:2915} INFO - Sync 1 DAGs
[2025-03-14T11:59:18.870+0000] {logging_mixin.py:151} INFO - [2025-03-14T11:59:18.870+0000] {dag.py:3696} INFO - Setting next_dagrun for yfinance_ingestion_historique_gold to 2025-03-14T00:00:00+00:00, run_after=2025-03-15T00:00:00+00:00
[2025-03-14T11:59:18.897+0000] {processor.py:179} INFO - Processing /opt/airflow/dags/ingest_historique.py took 0.603 seconds
[2025-03-14T11:59:49.218+0000] {processor.py:157} INFO - Started process (PID=700) to work on /opt/airflow/dags/ingest_historique.py
[2025-03-14T11:59:49.220+0000] {processor.py:829} INFO - Processing file /opt/airflow/dags/ingest_historique.py for tasks to queue
[2025-03-14T11:59:49.223+0000] {logging_mixin.py:151} INFO - [2025-03-14T11:59:49.222+0000] {dagbag.py:539} INFO - Filling up the DagBag from /opt/airflow/dags/ingest_historique.py
[2025-03-14T11:59:49.777+0000] {processor.py:839} INFO - DAG(s) dict_keys(['yfinance_ingestion_historique_gold']) retrieved from /opt/airflow/dags/ingest_historique.py
[2025-03-14T11:59:49.830+0000] {logging_mixin.py:151} INFO - [2025-03-14T11:59:49.828+0000] {dag.py:2915} INFO - Sync 1 DAGs
[2025-03-14T11:59:49.881+0000] {logging_mixin.py:151} INFO - [2025-03-14T11:59:49.881+0000] {dag.py:3696} INFO - Setting next_dagrun for yfinance_ingestion_historique_gold to 2025-03-14T00:00:00+00:00, run_after=2025-03-15T00:00:00+00:00
[2025-03-14T11:59:49.921+0000] {processor.py:179} INFO - Processing /opt/airflow/dags/ingest_historique.py took 0.706 seconds
[2025-03-14T12:00:20.399+0000] {processor.py:157} INFO - Started process (PID=712) to work on /opt/airflow/dags/ingest_historique.py
[2025-03-14T12:00:20.401+0000] {processor.py:829} INFO - Processing file /opt/airflow/dags/ingest_historique.py for tasks to queue
[2025-03-14T12:00:20.403+0000] {logging_mixin.py:151} INFO - [2025-03-14T12:00:20.402+0000] {dagbag.py:539} INFO - Filling up the DagBag from /opt/airflow/dags/ingest_historique.py
[2025-03-14T12:00:20.988+0000] {processor.py:839} INFO - DAG(s) dict_keys(['yfinance_ingestion_historique_gold']) retrieved from /opt/airflow/dags/ingest_historique.py
[2025-03-14T12:00:21.023+0000] {logging_mixin.py:151} INFO - [2025-03-14T12:00:21.022+0000] {dag.py:2915} INFO - Sync 1 DAGs
[2025-03-14T12:00:21.240+0000] {logging_mixin.py:151} INFO - [2025-03-14T12:00:21.239+0000] {dag.py:3696} INFO - Setting next_dagrun for yfinance_ingestion_historique_gold to 2025-03-14T00:00:00+00:00, run_after=2025-03-15T00:00:00+00:00
[2025-03-14T12:00:21.266+0000] {processor.py:179} INFO - Processing /opt/airflow/dags/ingest_historique.py took 0.877 seconds
[2025-03-14T12:00:51.766+0000] {processor.py:157} INFO - Started process (PID=724) to work on /opt/airflow/dags/ingest_historique.py
[2025-03-14T12:00:51.767+0000] {processor.py:829} INFO - Processing file /opt/airflow/dags/ingest_historique.py for tasks to queue
[2025-03-14T12:00:51.768+0000] {logging_mixin.py:151} INFO - [2025-03-14T12:00:51.768+0000] {dagbag.py:539} INFO - Filling up the DagBag from /opt/airflow/dags/ingest_historique.py
[2025-03-14T12:00:52.206+0000] {processor.py:839} INFO - DAG(s) dict_keys(['yfinance_ingestion_historique_gold']) retrieved from /opt/airflow/dags/ingest_historique.py
[2025-03-14T12:00:52.236+0000] {logging_mixin.py:151} INFO - [2025-03-14T12:00:52.235+0000] {dag.py:2915} INFO - Sync 1 DAGs
[2025-03-14T12:00:52.263+0000] {logging_mixin.py:151} INFO - [2025-03-14T12:00:52.263+0000] {dag.py:3696} INFO - Setting next_dagrun for yfinance_ingestion_historique_gold to 2025-03-14T00:00:00+00:00, run_after=2025-03-15T00:00:00+00:00
[2025-03-14T12:00:52.294+0000] {processor.py:179} INFO - Processing /opt/airflow/dags/ingest_historique.py took 0.531 seconds
[2025-03-14T12:01:22.448+0000] {processor.py:157} INFO - Started process (PID=734) to work on /opt/airflow/dags/ingest_historique.py
[2025-03-14T12:01:22.449+0000] {processor.py:829} INFO - Processing file /opt/airflow/dags/ingest_historique.py for tasks to queue
[2025-03-14T12:01:22.451+0000] {logging_mixin.py:151} INFO - [2025-03-14T12:01:22.451+0000] {dagbag.py:539} INFO - Filling up the DagBag from /opt/airflow/dags/ingest_historique.py
[2025-03-14T12:01:23.036+0000] {processor.py:839} INFO - DAG(s) dict_keys(['yfinance_ingestion_historique_gold']) retrieved from /opt/airflow/dags/ingest_historique.py
[2025-03-14T12:01:23.066+0000] {logging_mixin.py:151} INFO - [2025-03-14T12:01:23.065+0000] {dag.py:2915} INFO - Sync 1 DAGs
[2025-03-14T12:01:23.215+0000] {logging_mixin.py:151} INFO - [2025-03-14T12:01:23.215+0000] {dag.py:3696} INFO - Setting next_dagrun for yfinance_ingestion_historique_gold to 2025-03-14T00:00:00+00:00, run_after=2025-03-15T00:00:00+00:00
[2025-03-14T12:01:23.241+0000] {processor.py:179} INFO - Processing /opt/airflow/dags/ingest_historique.py took 0.799 seconds
[2025-03-14T12:01:53.884+0000] {processor.py:157} INFO - Started process (PID=773) to work on /opt/airflow/dags/ingest_historique.py
[2025-03-14T12:01:53.885+0000] {processor.py:829} INFO - Processing file /opt/airflow/dags/ingest_historique.py for tasks to queue
[2025-03-14T12:01:53.887+0000] {logging_mixin.py:151} INFO - [2025-03-14T12:01:53.887+0000] {dagbag.py:539} INFO - Filling up the DagBag from /opt/airflow/dags/ingest_historique.py
[2025-03-14T12:01:54.421+0000] {processor.py:839} INFO - DAG(s) dict_keys(['yfinance_ingestion_historique_gold']) retrieved from /opt/airflow/dags/ingest_historique.py
[2025-03-14T12:01:54.446+0000] {logging_mixin.py:151} INFO - [2025-03-14T12:01:54.445+0000] {dag.py:2915} INFO - Sync 1 DAGs
[2025-03-14T12:01:54.467+0000] {logging_mixin.py:151} INFO - [2025-03-14T12:01:54.467+0000] {dag.py:3696} INFO - Setting next_dagrun for yfinance_ingestion_historique_gold to 2025-03-14T00:00:00+00:00, run_after=2025-03-15T00:00:00+00:00
[2025-03-14T12:01:54.492+0000] {processor.py:179} INFO - Processing /opt/airflow/dags/ingest_historique.py took 0.614 seconds
[2025-03-14T12:02:25.255+0000] {processor.py:157} INFO - Started process (PID=785) to work on /opt/airflow/dags/ingest_historique.py
[2025-03-14T12:02:25.257+0000] {processor.py:829} INFO - Processing file /opt/airflow/dags/ingest_historique.py for tasks to queue
[2025-03-14T12:02:25.259+0000] {logging_mixin.py:151} INFO - [2025-03-14T12:02:25.258+0000] {dagbag.py:539} INFO - Filling up the DagBag from /opt/airflow/dags/ingest_historique.py
[2025-03-14T12:02:25.859+0000] {processor.py:839} INFO - DAG(s) dict_keys(['yfinance_ingestion_historique_gold']) retrieved from /opt/airflow/dags/ingest_historique.py
[2025-03-14T12:02:25.899+0000] {logging_mixin.py:151} INFO - [2025-03-14T12:02:25.898+0000] {dag.py:2915} INFO - Sync 1 DAGs
[2025-03-14T12:02:26.076+0000] {logging_mixin.py:151} INFO - [2025-03-14T12:02:26.076+0000] {dag.py:3696} INFO - Setting next_dagrun for yfinance_ingestion_historique_gold to 2025-03-14T00:00:00+00:00, run_after=2025-03-15T00:00:00+00:00
[2025-03-14T12:02:26.111+0000] {processor.py:179} INFO - Processing /opt/airflow/dags/ingest_historique.py took 0.860 seconds
[2025-03-14T12:02:56.438+0000] {processor.py:157} INFO - Started process (PID=810) to work on /opt/airflow/dags/ingest_historique.py
[2025-03-14T12:02:56.444+0000] {processor.py:829} INFO - Processing file /opt/airflow/dags/ingest_historique.py for tasks to queue
[2025-03-14T12:02:56.446+0000] {logging_mixin.py:151} INFO - [2025-03-14T12:02:56.445+0000] {dagbag.py:539} INFO - Filling up the DagBag from /opt/airflow/dags/ingest_historique.py
[2025-03-14T12:02:57.196+0000] {processor.py:839} INFO - DAG(s) dict_keys(['yfinance_ingestion_historique_gold']) retrieved from /opt/airflow/dags/ingest_historique.py
[2025-03-14T12:02:57.225+0000] {logging_mixin.py:151} INFO - [2025-03-14T12:02:57.225+0000] {dag.py:2915} INFO - Sync 1 DAGs
[2025-03-14T12:02:57.251+0000] {logging_mixin.py:151} INFO - [2025-03-14T12:02:57.251+0000] {dag.py:3696} INFO - Setting next_dagrun for yfinance_ingestion_historique_gold to 2025-03-14T00:00:00+00:00, run_after=2025-03-15T00:00:00+00:00
[2025-03-14T12:02:57.277+0000] {processor.py:179} INFO - Processing /opt/airflow/dags/ingest_historique.py took 0.846 seconds
[2025-03-14T12:03:27.993+0000] {processor.py:157} INFO - Started process (PID=833) to work on /opt/airflow/dags/ingest_historique.py
[2025-03-14T12:03:27.995+0000] {processor.py:829} INFO - Processing file /opt/airflow/dags/ingest_historique.py for tasks to queue
[2025-03-14T12:03:27.996+0000] {logging_mixin.py:151} INFO - [2025-03-14T12:03:27.996+0000] {dagbag.py:539} INFO - Filling up the DagBag from /opt/airflow/dags/ingest_historique.py
[2025-03-14T12:03:28.729+0000] {processor.py:839} INFO - DAG(s) dict_keys(['yfinance_ingestion_historique_gold']) retrieved from /opt/airflow/dags/ingest_historique.py
[2025-03-14T12:03:28.785+0000] {logging_mixin.py:151} INFO - [2025-03-14T12:03:28.784+0000] {dag.py:2915} INFO - Sync 1 DAGs
[2025-03-14T12:03:27.094+0000] {logging_mixin.py:151} INFO - [2025-03-14T12:03:27.093+0000] {dag.py:3696} INFO - Setting next_dagrun for yfinance_ingestion_historique_gold to 2025-03-14T00:00:00+00:00, run_after=2025-03-15T00:00:00+00:00
[2025-03-14T12:03:27.117+0000] {processor.py:179} INFO - Processing /opt/airflow/dags/ingest_historique.py took 1.055 seconds
[2025-03-14T12:03:57.439+0000] {processor.py:157} INFO - Started process (PID=851) to work on /opt/airflow/dags/ingest_historique.py
[2025-03-14T12:03:57.440+0000] {processor.py:829} INFO - Processing file /opt/airflow/dags/ingest_historique.py for tasks to queue
[2025-03-14T12:03:57.442+0000] {logging_mixin.py:151} INFO - [2025-03-14T12:03:57.441+0000] {dagbag.py:539} INFO - Filling up the DagBag from /opt/airflow/dags/ingest_historique.py
[2025-03-14T12:03:57.961+0000] {processor.py:839} INFO - DAG(s) dict_keys(['yfinance_ingestion_historique_gold']) retrieved from /opt/airflow/dags/ingest_historique.py
[2025-03-14T12:03:57.992+0000] {logging_mixin.py:151} INFO - [2025-03-14T12:03:57.991+0000] {dag.py:2915} INFO - Sync 1 DAGs
[2025-03-14T12:03:58.018+0000] {logging_mixin.py:151} INFO - [2025-03-14T12:03:58.018+0000] {dag.py:3696} INFO - Setting next_dagrun for yfinance_ingestion_historique_gold to 2025-03-14T00:00:00+00:00, run_after=2025-03-15T00:00:00+00:00
[2025-03-14T12:03:58.043+0000] {processor.py:179} INFO - Processing /opt/airflow/dags/ingest_historique.py took 0.607 seconds
[2025-03-14T12:04:28.485+0000] {processor.py:157} INFO - Started process (PID=913) to work on /opt/airflow/dags/ingest_historique.py
[2025-03-14T12:04:28.487+0000] {processor.py:829} INFO - Processing file /opt/airflow/dags/ingest_historique.py for tasks to queue
[2025-03-14T12:04:28.489+0000] {logging_mixin.py:151} INFO - [2025-03-14T12:04:28.488+0000] {dagbag.py:539} INFO - Filling up the DagBag from /opt/airflow/dags/ingest_historique.py
[2025-03-14T12:04:29.156+0000] {processor.py:839} INFO - DAG(s) dict_keys(['yfinance_ingestion_historique_gold']) retrieved from /opt/airflow/dags/ingest_historique.py
[2025-03-14T12:04:29.227+0000] {logging_mixin.py:151} INFO - [2025-03-14T12:04:29.226+0000] {dag.py:2915} INFO - Sync 1 DAGs
[2025-03-14T12:04:29.283+0000] {logging_mixin.py:151} INFO - [2025-03-14T12:04:29.283+0000] {dag.py:3696} INFO - Setting next_dagrun for yfinance_ingestion_historique_gold to 2025-03-14T00:00:00+00:00, run_after=2025-03-15T00:00:00+00:00
[2025-03-14T12:04:29.326+0000] {processor.py:179} INFO - Processing /opt/airflow/dags/ingest_historique.py took 0.846 seconds
[2025-03-14T12:04:59.473+0000] {processor.py:157} INFO - Started process (PID=925) to work on /opt/airflow/dags/ingest_historique.py
[2025-03-14T12:04:59.475+0000] {processor.py:829} INFO - Processing file /opt/airflow/dags/ingest_historique.py for tasks to queue
[2025-03-14T12:04:59.477+0000] {logging_mixin.py:151} INFO - [2025-03-14T12:04:59.476+0000] {dagbag.py:539} INFO - Filling up the DagBag from /opt/airflow/dags/ingest_historique.py
[2025-03-14T12:04:59.963+0000] {processor.py:839} INFO - DAG(s) dict_keys(['yfinance_ingestion_historique_gold']) retrieved from /opt/airflow/dags/ingest_historique.py
[2025-03-14T12:04:59.988+0000] {logging_mixin.py:151} INFO - [2025-03-14T12:04:59.988+0000] {dag.py:2915} INFO - Sync 1 DAGs
[2025-03-14T12:05:00.009+0000] {logging_mixin.py:151} INFO - [2025-03-14T12:05:00.009+0000] {dag.py:3696} INFO - Setting next_dagrun for yfinance_ingestion_historique_gold to 2025-03-14T00:00:00+00:00, run_after=2025-03-15T00:00:00+00:00
[2025-03-14T12:05:00.034+0000] {processor.py:179} INFO - Processing /opt/airflow/dags/ingest_historique.py took 0.565 seconds
[2025-03-14T12:05:30.154+0000] {processor.py:157} INFO - Started process (PID=986) to work on /opt/airflow/dags/ingest_historique.py
[2025-03-14T12:05:30.155+0000] {processor.py:829} INFO - Processing file /opt/airflow/dags/ingest_historique.py for tasks to queue
[2025-03-14T12:05:30.157+0000] {logging_mixin.py:151} INFO - [2025-03-14T12:05:30.156+0000] {dagbag.py:539} INFO - Filling up the DagBag from /opt/airflow/dags/ingest_historique.py
[2025-03-14T12:05:30.769+0000] {processor.py:839} INFO - DAG(s) dict_keys(['yfinance_ingestion_historique_gold']) retrieved from /opt/airflow/dags/ingest_historique.py
[2025-03-14T12:05:30.803+0000] {logging_mixin.py:151} INFO - [2025-03-14T12:05:30.803+0000] {dag.py:2915} INFO - Sync 1 DAGs
[2025-03-14T12:05:30.831+0000] {logging_mixin.py:151} INFO - [2025-03-14T12:05:30.831+0000] {dag.py:3696} INFO - Setting next_dagrun for yfinance_ingestion_historique_gold to 2025-03-14T00:00:00+00:00, run_after=2025-03-15T00:00:00+00:00
[2025-03-14T12:05:30.863+0000] {processor.py:179} INFO - Processing /opt/airflow/dags/ingest_historique.py took 0.715 seconds
[2025-03-14T12:06:01.367+0000] {processor.py:157} INFO - Started process (PID=996) to work on /opt/airflow/dags/ingest_historique.py
[2025-03-14T12:06:01.368+0000] {processor.py:829} INFO - Processing file /opt/airflow/dags/ingest_historique.py for tasks to queue
[2025-03-14T12:06:01.370+0000] {logging_mixin.py:151} INFO - [2025-03-14T12:06:01.370+0000] {dagbag.py:539} INFO - Filling up the DagBag from /opt/airflow/dags/ingest_historique.py
[2025-03-14T12:06:02.183+0000] {processor.py:839} INFO - DAG(s) dict_keys(['yfinance_ingestion_historique_gold']) retrieved from /opt/airflow/dags/ingest_historique.py
[2025-03-14T12:06:02.209+0000] {logging_mixin.py:151} INFO - [2025-03-14T12:06:02.208+0000] {dag.py:2915} INFO - Sync 1 DAGs
[2025-03-14T12:06:02.241+0000] {logging_mixin.py:151} INFO - [2025-03-14T12:06:02.241+0000] {dag.py:3696} INFO - Setting next_dagrun for yfinance_ingestion_historique_gold to 2025-03-14T00:00:00+00:00, run_after=2025-03-15T00:00:00+00:00
[2025-03-14T12:06:02.269+0000] {processor.py:179} INFO - Processing /opt/airflow/dags/ingest_historique.py took 0.908 seconds
[2025-03-14T12:06:32.545+0000] {processor.py:157} INFO - Started process (PID=1033) to work on /opt/airflow/dags/ingest_historique.py
[2025-03-14T12:06:32.547+0000] {processor.py:829} INFO - Processing file /opt/airflow/dags/ingest_historique.py for tasks to queue
[2025-03-14T12:06:32.548+0000] {logging_mixin.py:151} INFO - [2025-03-14T12:06:32.548+0000] {dagbag.py:539} INFO - Filling up the DagBag from /opt/airflow/dags/ingest_historique.py
[2025-03-14T12:06:33.304+0000] {processor.py:839} INFO - DAG(s) dict_keys(['yfinance_ingestion_historique_gold']) retrieved from /opt/airflow/dags/ingest_historique.py
[2025-03-14T12:06:33.374+0000] {logging_mixin.py:151} INFO - [2025-03-14T12:06:33.374+0000] {dag.py:2915} INFO - Sync 1 DAGs
[2025-03-14T12:06:33.550+0000] {logging_mixin.py:151} INFO - [2025-03-14T12:06:33.550+0000] {dag.py:3696} INFO - Setting next_dagrun for yfinance_ingestion_historique_gold to 2025-03-14T00:00:00+00:00, run_after=2025-03-15T00:00:00+00:00
[2025-03-14T12:06:33.583+0000] {processor.py:179} INFO - Processing /opt/airflow/dags/ingest_historique.py took 1.042 seconds
[2025-03-14T12:06:37.478+0000] {processor.py:157} INFO - Started process (PID=1041) to work on /opt/airflow/dags/ingest_historique.py
[2025-03-14T12:06:37.479+0000] {processor.py:829} INFO - Processing file /opt/airflow/dags/ingest_historique.py for tasks to queue
[2025-03-14T12:06:37.480+0000] {logging_mixin.py:151} INFO - [2025-03-14T12:06:37.480+0000] {dagbag.py:539} INFO - Filling up the DagBag from /opt/airflow/dags/ingest_historique.py
[2025-03-14T12:06:38.446+0000] {processor.py:839} INFO - DAG(s) dict_keys(['yfinance_ingestion_dag']) retrieved from /opt/airflow/dags/ingest_historique.py
[2025-03-14T12:06:38.583+0000] {logging_mixin.py:151} INFO - [2025-03-14T12:06:38.582+0000] {security.py:708} INFO - Not syncing DAG-level permissions for DAG 'DAG:yfinance_ingestion_dag' as access control is unset.
[2025-03-14T12:06:38.584+0000] {logging_mixin.py:151} INFO - [2025-03-14T12:06:38.583+0000] {dag.py:2915} INFO - Sync 1 DAGs
[2025-03-14T12:06:38.612+0000] {logging_mixin.py:151} INFO - [2025-03-14T12:06:38.612+0000] {dag.py:3696} INFO - Setting next_dagrun for yfinance_ingestion_dag to 2025-03-15T00:00:00+00:00, run_after=2025-03-16T00:00:00+00:00
[2025-03-14T12:06:38.651+0000] {processor.py:179} INFO - Processing /opt/airflow/dags/ingest_historique.py took 1.177 seconds
[2025-03-14T12:07:08.956+0000] {processor.py:157} INFO - Started process (PID=1060) to work on /opt/airflow/dags/ingest_historique.py
[2025-03-14T12:07:08.957+0000] {processor.py:829} INFO - Processing file /opt/airflow/dags/ingest_historique.py for tasks to queue
[2025-03-14T12:07:08.958+0000] {logging_mixin.py:151} INFO - [2025-03-14T12:07:08.958+0000] {dagbag.py:539} INFO - Filling up the DagBag from /opt/airflow/dags/ingest_historique.py
[2025-03-14T12:07:09.831+0000] {processor.py:839} INFO - DAG(s) dict_keys(['yfinance_ingestion_dag']) retrieved from /opt/airflow/dags/ingest_historique.py
[2025-03-14T12:07:09.858+0000] {logging_mixin.py:151} INFO - [2025-03-14T12:07:09.858+0000] {dag.py:2915} INFO - Sync 1 DAGs
[2025-03-14T12:07:09.883+0000] {logging_mixin.py:151} INFO - [2025-03-14T12:07:09.883+0000] {dag.py:3696} INFO - Setting next_dagrun for yfinance_ingestion_dag to 2025-03-15T00:00:00+00:00, run_after=2025-03-16T00:00:00+00:00
[2025-03-14T12:07:09.911+0000] {processor.py:179} INFO - Processing /opt/airflow/dags/ingest_historique.py took 0.960 seconds
[2025-03-14T12:07:40.300+0000] {processor.py:157} INFO - Started process (PID=1072) to work on /opt/airflow/dags/ingest_historique.py
[2025-03-14T12:07:40.301+0000] {processor.py:829} INFO - Processing file /opt/airflow/dags/ingest_historique.py for tasks to queue
[2025-03-14T12:07:40.302+0000] {logging_mixin.py:151} INFO - [2025-03-14T12:07:40.301+0000] {dagbag.py:539} INFO - Filling up the DagBag from /opt/airflow/dags/ingest_historique.py
[2025-03-14T12:07:41.123+0000] {processor.py:839} INFO - DAG(s) dict_keys(['yfinance_ingestion_dag']) retrieved from /opt/airflow/dags/ingest_historique.py
[2025-03-14T12:07:41.136+0000] {logging_mixin.py:151} INFO - [2025-03-14T12:07:41.135+0000] {dag.py:2915} INFO - Sync 1 DAGs
[2025-03-14T12:07:41.160+0000] {logging_mixin.py:151} INFO - [2025-03-14T12:07:41.160+0000] {dag.py:3696} INFO - Setting next_dagrun for yfinance_ingestion_dag to 2025-03-15T00:00:00+00:00, run_after=2025-03-16T00:00:00+00:00
[2025-03-14T12:07:41.193+0000] {processor.py:179} INFO - Processing /opt/airflow/dags/ingest_historique.py took 0.896 seconds
[2025-03-14T12:08:11.412+0000] {processor.py:157} INFO - Started process (PID=1091) to work on /opt/airflow/dags/ingest_historique.py
[2025-03-14T12:08:11.413+0000] {processor.py:829} INFO - Processing file /opt/airflow/dags/ingest_historique.py for tasks to queue
[2025-03-14T12:08:11.414+0000] {logging_mixin.py:151} INFO - [2025-03-14T12:08:11.414+0000] {dagbag.py:539} INFO - Filling up the DagBag from /opt/airflow/dags/ingest_historique.py
[2025-03-14T12:08:12.227+0000] {processor.py:839} INFO - DAG(s) dict_keys(['yfinance_ingestion_dag']) retrieved from /opt/airflow/dags/ingest_historique.py
[2025-03-14T12:08:12.322+0000] {logging_mixin.py:151} INFO - [2025-03-14T12:08:12.321+0000] {security.py:708} INFO - Not syncing DAG-level permissions for DAG 'DAG:yfinance_ingestion_dag' as access control is unset.
[2025-03-14T12:08:12.323+0000] {logging_mixin.py:151} INFO - [2025-03-14T12:08:12.323+0000] {dag.py:2915} INFO - Sync 1 DAGs
[2025-03-14T12:08:12.352+0000] {logging_mixin.py:151} INFO - [2025-03-14T12:08:12.352+0000] {dag.py:3696} INFO - Setting next_dagrun for yfinance_ingestion_dag to 2025-03-15T00:00:00+00:00, run_after=2025-03-16T00:00:00+00:00
[2025-03-14T12:08:12.384+0000] {processor.py:179} INFO - Processing /opt/airflow/dags/ingest_historique.py took 0.975 seconds
[2025-03-14T12:08:42.949+0000] {processor.py:157} INFO - Started process (PID=1103) to work on /opt/airflow/dags/ingest_historique.py
[2025-03-14T12:08:42.950+0000] {processor.py:829} INFO - Processing file /opt/airflow/dags/ingest_historique.py for tasks to queue
[2025-03-14T12:08:42.951+0000] {logging_mixin.py:151} INFO - [2025-03-14T12:08:42.951+0000] {dagbag.py:539} INFO - Filling up the DagBag from /opt/airflow/dags/ingest_historique.py
[2025-03-14T12:08:44.027+0000] {processor.py:839} INFO - DAG(s) dict_keys(['yfinance_ingestion_dag']) retrieved from /opt/airflow/dags/ingest_historique.py
[2025-03-14T12:08:44.051+0000] {logging_mixin.py:151} INFO - [2025-03-14T12:08:44.051+0000] {dag.py:2915} INFO - Sync 1 DAGs
[2025-03-14T12:08:44.076+0000] {logging_mixin.py:151} INFO - [2025-03-14T12:08:44.076+0000] {dag.py:3696} INFO - Setting next_dagrun for yfinance_ingestion_dag to 2025-03-15T00:00:00+00:00, run_after=2025-03-16T00:00:00+00:00
[2025-03-14T12:08:44.098+0000] {processor.py:179} INFO - Processing /opt/airflow/dags/ingest_historique.py took 1.153 seconds
[2025-03-14T12:09:14.204+0000] {processor.py:157} INFO - Started process (PID=1119) to work on /opt/airflow/dags/ingest_historique.py
[2025-03-14T12:09:14.205+0000] {processor.py:829} INFO - Processing file /opt/airflow/dags/ingest_historique.py for tasks to queue
[2025-03-14T12:09:14.206+0000] {logging_mixin.py:151} INFO - [2025-03-14T12:09:14.206+0000] {dagbag.py:539} INFO - Filling up the DagBag from /opt/airflow/dags/ingest_historique.py
[2025-03-14T12:09:15.036+0000] {processor.py:839} INFO - DAG(s) dict_keys(['yfinance_ingestion_dag']) retrieved from /opt/airflow/dags/ingest_historique.py
[2025-03-14T12:09:15.051+0000] {logging_mixin.py:151} INFO - [2025-03-14T12:09:15.050+0000] {dag.py:2915} INFO - Sync 1 DAGs
[2025-03-14T12:09:15.079+0000] {logging_mixin.py:151} INFO - [2025-03-14T12:09:15.079+0000] {dag.py:3696} INFO - Setting next_dagrun for yfinance_ingestion_dag to 2025-03-15T00:00:00+00:00, run_after=2025-03-16T00:00:00+00:00
[2025-03-14T12:09:15.099+0000] {processor.py:179} INFO - Processing /opt/airflow/dags/ingest_historique.py took 0.898 seconds
[2025-03-14T12:09:45.711+0000] {processor.py:157} INFO - Started process (PID=1138) to work on /opt/airflow/dags/ingest_historique.py
[2025-03-14T12:09:45.713+0000] {processor.py:829} INFO - Processing file /opt/airflow/dags/ingest_historique.py for tasks to queue
[2025-03-14T12:09:45.715+0000] {logging_mixin.py:151} INFO - [2025-03-14T12:09:45.714+0000] {dagbag.py:539} INFO - Filling up the DagBag from /opt/airflow/dags/ingest_historique.py
[2025-03-14T12:09:46.992+0000] {processor.py:839} INFO - DAG(s) dict_keys(['yfinance_ingestion_dag']) retrieved from /opt/airflow/dags/ingest_historique.py
[2025-03-14T12:09:47.134+0000] {logging_mixin.py:151} INFO - [2025-03-14T12:09:47.133+0000] {security.py:708} INFO - Not syncing DAG-level permissions for DAG 'DAG:yfinance_ingestion_dag' as access control is unset.
[2025-03-14T12:09:47.136+0000] {logging_mixin.py:151} INFO - [2025-03-14T12:09:47.135+0000] {dag.py:2915} INFO - Sync 1 DAGs
[2025-03-14T12:09:47.189+0000] {logging_mixin.py:151} INFO - [2025-03-14T12:09:47.188+0000] {dag.py:3696} INFO - Setting next_dagrun for yfinance_ingestion_dag to 2025-03-15T00:00:00+00:00, run_after=2025-03-16T00:00:00+00:00
[2025-03-14T12:09:47.251+0000] {processor.py:179} INFO - Processing /opt/airflow/dags/ingest_historique.py took 1.545 seconds
[2025-03-14T12:10:17.406+0000] {processor.py:157} INFO - Started process (PID=1150) to work on /opt/airflow/dags/ingest_historique.py
[2025-03-14T12:10:17.407+0000] {processor.py:829} INFO - Processing file /opt/airflow/dags/ingest_historique.py for tasks to queue
[2025-03-14T12:10:17.409+0000] {logging_mixin.py:151} INFO - [2025-03-14T12:10:17.408+0000] {dagbag.py:539} INFO - Filling up the DagBag from /opt/airflow/dags/ingest_historique.py
[2025-03-14T12:10:18.317+0000] {processor.py:839} INFO - DAG(s) dict_keys(['yfinance_ingestion_dag']) retrieved from /opt/airflow/dags/ingest_historique.py
[2025-03-14T12:10:18.341+0000] {logging_mixin.py:151} INFO - [2025-03-14T12:10:18.340+0000] {dag.py:2915} INFO - Sync 1 DAGs
[2025-03-14T12:10:18.362+0000] {logging_mixin.py:151} INFO - [2025-03-14T12:10:18.362+0000] {dag.py:3696} INFO - Setting next_dagrun for yfinance_ingestion_dag to 2025-03-15T00:00:00+00:00, run_after=2025-03-16T00:00:00+00:00
[2025-03-14T12:10:18.389+0000] {processor.py:179} INFO - Processing /opt/airflow/dags/ingest_historique.py took 0.988 seconds
[2025-03-14T12:10:48.640+0000] {processor.py:157} INFO - Started process (PID=1172) to work on /opt/airflow/dags/ingest_historique.py
[2025-03-14T12:10:48.641+0000] {processor.py:829} INFO - Processing file /opt/airflow/dags/ingest_historique.py for tasks to queue
[2025-03-14T12:10:48.642+0000] {logging_mixin.py:151} INFO - [2025-03-14T12:10:48.642+0000] {dagbag.py:539} INFO - Filling up the DagBag from /opt/airflow/dags/ingest_historique.py
[2025-03-14T12:10:49.534+0000] {processor.py:839} INFO - DAG(s) dict_keys(['yfinance_ingestion_dag']) retrieved from /opt/airflow/dags/ingest_historique.py
[2025-03-14T12:10:49.550+0000] {logging_mixin.py:151} INFO - [2025-03-14T12:10:49.550+0000] {dag.py:2915} INFO - Sync 1 DAGs
[2025-03-14T12:10:49.604+0000] {logging_mixin.py:151} INFO - [2025-03-14T12:10:49.604+0000] {dag.py:3696} INFO - Setting next_dagrun for yfinance_ingestion_dag to 2025-03-15T00:00:00+00:00, run_after=2025-03-16T00:00:00+00:00
[2025-03-14T12:10:49.682+0000] {processor.py:179} INFO - Processing /opt/airflow/dags/ingest_historique.py took 1.044 seconds
[2025-03-14T12:11:19.797+0000] {processor.py:157} INFO - Started process (PID=1191) to work on /opt/airflow/dags/ingest_historique.py
[2025-03-14T12:11:19.799+0000] {processor.py:829} INFO - Processing file /opt/airflow/dags/ingest_historique.py for tasks to queue
[2025-03-14T12:11:19.800+0000] {logging_mixin.py:151} INFO - [2025-03-14T12:11:19.800+0000] {dagbag.py:539} INFO - Filling up the DagBag from /opt/airflow/dags/ingest_historique.py
[2025-03-14T12:11:20.747+0000] {processor.py:839} INFO - DAG(s) dict_keys(['yfinance_ingestion_dag']) retrieved from /opt/airflow/dags/ingest_historique.py
[2025-03-14T12:11:20.866+0000] {logging_mixin.py:151} INFO - [2025-03-14T12:11:20.865+0000] {security.py:708} INFO - Not syncing DAG-level permissions for DAG 'DAG:yfinance_ingestion_dag' as access control is unset.
[2025-03-14T12:11:20.867+0000] {logging_mixin.py:151} INFO - [2025-03-14T12:11:20.867+0000] {dag.py:2915} INFO - Sync 1 DAGs
[2025-03-14T12:11:20.888+0000] {logging_mixin.py:151} INFO - [2025-03-14T12:11:20.887+0000] {dag.py:3696} INFO - Setting next_dagrun for yfinance_ingestion_dag to 2025-03-15T00:00:00+00:00, run_after=2025-03-16T00:00:00+00:00
[2025-03-14T12:11:20.917+0000] {processor.py:179} INFO - Processing /opt/airflow/dags/ingest_historique.py took 1.123 seconds
[2025-03-14T12:11:51.709+0000] {processor.py:157} INFO - Started process (PID=1209) to work on /opt/airflow/dags/ingest_historique.py
[2025-03-14T12:11:51.710+0000] {processor.py:829} INFO - Processing file /opt/airflow/dags/ingest_historique.py for tasks to queue
[2025-03-14T12:11:51.711+0000] {logging_mixin.py:151} INFO - [2025-03-14T12:11:51.711+0000] {dagbag.py:539} INFO - Filling up the DagBag from /opt/airflow/dags/ingest_historique.py
[2025-03-14T12:11:52.163+0000] {processor.py:839} INFO - DAG(s) dict_keys(['yfinance_ingestion_historique_gold']) retrieved from /opt/airflow/dags/ingest_historique.py
[2025-03-14T12:11:52.393+0000] {logging_mixin.py:151} INFO - [2025-03-14T12:11:52.392+0000] {security.py:708} INFO - Not syncing DAG-level permissions for DAG 'DAG:yfinance_ingestion_historique_gold' as access control is unset.
[2025-03-14T12:11:52.394+0000] {logging_mixin.py:151} INFO - [2025-03-14T12:11:52.394+0000] {dag.py:2915} INFO - Sync 1 DAGs
[2025-03-14T12:11:52.417+0000] {logging_mixin.py:151} INFO - [2025-03-14T12:11:52.417+0000] {dag.py:3696} INFO - Setting next_dagrun for yfinance_ingestion_historique_gold to 2025-03-14T00:00:00+00:00, run_after=2025-03-15T00:00:00+00:00
[2025-03-14T12:11:52.446+0000] {processor.py:179} INFO - Processing /opt/airflow/dags/ingest_historique.py took 0.740 seconds
[2025-03-14T12:11:52.504+0000] {processor.py:157} INFO - Started process (PID=1215) to work on /opt/airflow/dags/ingest_historique.py
[2025-03-14T12:11:52.506+0000] {processor.py:829} INFO - Processing file /opt/airflow/dags/ingest_historique.py for tasks to queue
[2025-03-14T12:11:52.507+0000] {logging_mixin.py:151} INFO - [2025-03-14T12:11:52.506+0000] {dagbag.py:539} INFO - Filling up the DagBag from /opt/airflow/dags/ingest_historique.py
[2025-03-14T12:11:53.183+0000] {processor.py:839} INFO - DAG(s) dict_keys(['yfinance_ingestion_historique_gold']) retrieved from /opt/airflow/dags/ingest_historique.py
[2025-03-14T12:11:53.199+0000] {logging_mixin.py:151} INFO - [2025-03-14T12:11:53.198+0000] {dag.py:2915} INFO - Sync 1 DAGs
[2025-03-14T12:11:53.225+0000] {logging_mixin.py:151} INFO - [2025-03-14T12:11:53.225+0000] {dag.py:3696} INFO - Setting next_dagrun for yfinance_ingestion_historique_gold to 2025-03-14T00:00:00+00:00, run_after=2025-03-15T00:00:00+00:00
[2025-03-14T12:11:53.258+0000] {processor.py:179} INFO - Processing /opt/airflow/dags/ingest_historique.py took 0.758 seconds
[2025-03-14T12:12:23.357+0000] {processor.py:157} INFO - Started process (PID=1231) to work on /opt/airflow/dags/ingest_historique.py
[2025-03-14T12:12:23.358+0000] {processor.py:829} INFO - Processing file /opt/airflow/dags/ingest_historique.py for tasks to queue
[2025-03-14T12:12:23.360+0000] {logging_mixin.py:151} INFO - [2025-03-14T12:12:23.360+0000] {dagbag.py:539} INFO - Filling up the DagBag from /opt/airflow/dags/ingest_historique.py
[2025-03-14T12:12:24.218+0000] {processor.py:839} INFO - DAG(s) dict_keys(['yfinance_ingestion_historique_gold']) retrieved from /opt/airflow/dags/ingest_historique.py
[2025-03-14T12:12:24.245+0000] {logging_mixin.py:151} INFO - [2025-03-14T12:12:24.244+0000] {dag.py:2915} INFO - Sync 1 DAGs
[2025-03-14T12:12:24.271+0000] {logging_mixin.py:151} INFO - [2025-03-14T12:12:24.270+0000] {dag.py:3696} INFO - Setting next_dagrun for yfinance_ingestion_historique_gold to 2025-03-14T00:00:00+00:00, run_after=2025-03-15T00:00:00+00:00
[2025-03-14T12:12:24.293+0000] {processor.py:179} INFO - Processing /opt/airflow/dags/ingest_historique.py took 0.940 seconds
[2025-03-14T12:12:54.748+0000] {processor.py:157} INFO - Started process (PID=1249) to work on /opt/airflow/dags/ingest_historique.py
[2025-03-14T12:12:54.749+0000] {processor.py:829} INFO - Processing file /opt/airflow/dags/ingest_historique.py for tasks to queue
[2025-03-14T12:12:54.750+0000] {logging_mixin.py:151} INFO - [2025-03-14T12:12:54.750+0000] {dagbag.py:539} INFO - Filling up the DagBag from /opt/airflow/dags/ingest_historique.py
[2025-03-14T12:12:55.314+0000] {processor.py:839} INFO - DAG(s) dict_keys(['yfinance_ingestion_historique_gold']) retrieved from /opt/airflow/dags/ingest_historique.py
[2025-03-14T12:12:55.338+0000] {logging_mixin.py:151} INFO - [2025-03-14T12:12:55.338+0000] {dag.py:2915} INFO - Sync 1 DAGs
[2025-03-14T12:12:55.357+0000] {logging_mixin.py:151} INFO - [2025-03-14T12:12:55.356+0000] {dag.py:3696} INFO - Setting next_dagrun for yfinance_ingestion_historique_gold to 2025-03-14T00:00:00+00:00, run_after=2025-03-15T00:00:00+00:00
[2025-03-14T12:12:55.381+0000] {processor.py:179} INFO - Processing /opt/airflow/dags/ingest_historique.py took 0.636 seconds
[2025-03-14T12:13:25.847+0000] {processor.py:157} INFO - Started process (PID=1261) to work on /opt/airflow/dags/ingest_historique.py
[2025-03-14T12:13:25.848+0000] {processor.py:829} INFO - Processing file /opt/airflow/dags/ingest_historique.py for tasks to queue
[2025-03-14T12:13:25.849+0000] {logging_mixin.py:151} INFO - [2025-03-14T12:13:25.849+0000] {dagbag.py:539} INFO - Filling up the DagBag from /opt/airflow/dags/ingest_historique.py
[2025-03-14T12:13:26.414+0000] {processor.py:839} INFO - DAG(s) dict_keys(['yfinance_ingestion_historique_gold']) retrieved from /opt/airflow/dags/ingest_historique.py
[2025-03-14T12:13:26.437+0000] {logging_mixin.py:151} INFO - [2025-03-14T12:13:26.436+0000] {dag.py:2915} INFO - Sync 1 DAGs
[2025-03-14T12:13:26.454+0000] {logging_mixin.py:151} INFO - [2025-03-14T12:13:26.454+0000] {dag.py:3696} INFO - Setting next_dagrun for yfinance_ingestion_historique_gold to 2025-03-14T00:00:00+00:00, run_after=2025-03-15T00:00:00+00:00
[2025-03-14T12:13:26.477+0000] {processor.py:179} INFO - Processing /opt/airflow/dags/ingest_historique.py took 0.634 seconds
[2025-03-14T12:13:57.113+0000] {processor.py:157} INFO - Started process (PID=1350) to work on /opt/airflow/dags/ingest_historique.py
[2025-03-14T12:13:57.115+0000] {processor.py:829} INFO - Processing file /opt/airflow/dags/ingest_historique.py for tasks to queue
[2025-03-14T12:13:57.116+0000] {logging_mixin.py:151} INFO - [2025-03-14T12:13:57.116+0000] {dagbag.py:539} INFO - Filling up the DagBag from /opt/airflow/dags/ingest_historique.py
[2025-03-14T12:13:57.916+0000] {processor.py:839} INFO - DAG(s) dict_keys(['yfinance_ingestion_historique_gold']) retrieved from /opt/airflow/dags/ingest_historique.py
[2025-03-14T12:13:57.950+0000] {logging_mixin.py:151} INFO - [2025-03-14T12:13:57.949+0000] {dag.py:2915} INFO - Sync 1 DAGs
[2025-03-14T12:13:57.978+0000] {logging_mixin.py:151} INFO - [2025-03-14T12:13:57.978+0000] {dag.py:3696} INFO - Setting next_dagrun for yfinance_ingestion_historique_gold to 2025-03-14T00:00:00+00:00, run_after=2025-03-15T00:00:00+00:00
[2025-03-14T12:13:58.008+0000] {processor.py:179} INFO - Processing /opt/airflow/dags/ingest_historique.py took 0.900 seconds
[2025-03-14T12:14:28.223+0000] {processor.py:157} INFO - Started process (PID=1370) to work on /opt/airflow/dags/ingest_historique.py
[2025-03-14T12:14:28.225+0000] {processor.py:829} INFO - Processing file /opt/airflow/dags/ingest_historique.py for tasks to queue
[2025-03-14T12:14:28.226+0000] {logging_mixin.py:151} INFO - [2025-03-14T12:14:28.225+0000] {dagbag.py:539} INFO - Filling up the DagBag from /opt/airflow/dags/ingest_historique.py
[2025-03-14T12:14:28.909+0000] {processor.py:839} INFO - DAG(s) dict_keys(['yfinance_ingestion_historique_gold']) retrieved from /opt/airflow/dags/ingest_historique.py
[2025-03-14T12:14:28.951+0000] {logging_mixin.py:151} INFO - [2025-03-14T12:14:28.950+0000] {dag.py:2915} INFO - Sync 1 DAGs
[2025-03-14T12:14:28.988+0000] {logging_mixin.py:151} INFO - [2025-03-14T12:14:28.988+0000] {dag.py:3696} INFO - Setting next_dagrun for yfinance_ingestion_historique_gold to 2025-03-14T00:00:00+00:00, run_after=2025-03-15T00:00:00+00:00
[2025-03-14T12:14:29.023+0000] {processor.py:179} INFO - Processing /opt/airflow/dags/ingest_historique.py took 0.803 seconds
[2025-03-14T12:14:59.219+0000] {processor.py:157} INFO - Started process (PID=1382) to work on /opt/airflow/dags/ingest_historique.py
[2025-03-14T12:14:59.220+0000] {processor.py:829} INFO - Processing file /opt/airflow/dags/ingest_historique.py for tasks to queue
[2025-03-14T12:14:59.221+0000] {logging_mixin.py:151} INFO - [2025-03-14T12:14:59.221+0000] {dagbag.py:539} INFO - Filling up the DagBag from /opt/airflow/dags/ingest_historique.py
[2025-03-14T12:14:59.749+0000] {processor.py:839} INFO - DAG(s) dict_keys(['yfinance_ingestion_historique_gold']) retrieved from /opt/airflow/dags/ingest_historique.py
[2025-03-14T12:14:59.773+0000] {logging_mixin.py:151} INFO - [2025-03-14T12:14:59.773+0000] {dag.py:2915} INFO - Sync 1 DAGs
[2025-03-14T12:14:59.795+0000] {logging_mixin.py:151} INFO - [2025-03-14T12:14:59.794+0000] {dag.py:3696} INFO - Setting next_dagrun for yfinance_ingestion_historique_gold to 2025-03-14T00:00:00+00:00, run_after=2025-03-15T00:00:00+00:00
[2025-03-14T12:14:59.818+0000] {processor.py:179} INFO - Processing /opt/airflow/dags/ingest_historique.py took 0.603 seconds
[2025-03-14T12:15:29.908+0000] {processor.py:157} INFO - Started process (PID=1394) to work on /opt/airflow/dags/ingest_historique.py
[2025-03-14T12:15:29.909+0000] {processor.py:829} INFO - Processing file /opt/airflow/dags/ingest_historique.py for tasks to queue
[2025-03-14T12:15:29.910+0000] {logging_mixin.py:151} INFO - [2025-03-14T12:15:29.910+0000] {dagbag.py:539} INFO - Filling up the DagBag from /opt/airflow/dags/ingest_historique.py
[2025-03-14T12:15:30.519+0000] {processor.py:839} INFO - DAG(s) dict_keys(['yfinance_ingestion_historique_gold']) retrieved from /opt/airflow/dags/ingest_historique.py
[2025-03-14T12:15:30.546+0000] {logging_mixin.py:151} INFO - [2025-03-14T12:15:30.546+0000] {dag.py:2915} INFO - Sync 1 DAGs
[2025-03-14T12:15:30.569+0000] {logging_mixin.py:151} INFO - [2025-03-14T12:15:30.569+0000] {dag.py:3696} INFO - Setting next_dagrun for yfinance_ingestion_historique_gold to 2025-03-14T00:00:00+00:00, run_after=2025-03-15T00:00:00+00:00
[2025-03-14T12:15:30.594+0000] {processor.py:179} INFO - Processing /opt/airflow/dags/ingest_historique.py took 0.690 seconds
[2025-03-14T12:16:00.775+0000] {processor.py:157} INFO - Started process (PID=1406) to work on /opt/airflow/dags/ingest_historique.py
[2025-03-14T12:16:00.776+0000] {processor.py:829} INFO - Processing file /opt/airflow/dags/ingest_historique.py for tasks to queue
[2025-03-14T12:16:00.777+0000] {logging_mixin.py:151} INFO - [2025-03-14T12:16:00.777+0000] {dagbag.py:539} INFO - Filling up the DagBag from /opt/airflow/dags/ingest_historique.py
[2025-03-14T12:16:01.353+0000] {processor.py:839} INFO - DAG(s) dict_keys(['yfinance_ingestion_historique_gold']) retrieved from /opt/airflow/dags/ingest_historique.py
[2025-03-14T12:16:01.379+0000] {logging_mixin.py:151} INFO - [2025-03-14T12:16:01.378+0000] {dag.py:2915} INFO - Sync 1 DAGs
[2025-03-14T12:16:01.400+0000] {logging_mixin.py:151} INFO - [2025-03-14T12:16:01.400+0000] {dag.py:3696} INFO - Setting next_dagrun for yfinance_ingestion_historique_gold to 2025-03-14T00:00:00+00:00, run_after=2025-03-15T00:00:00+00:00
[2025-03-14T12:16:01.424+0000] {processor.py:179} INFO - Processing /opt/airflow/dags/ingest_historique.py took 0.652 seconds
[2025-03-14T12:16:31.575+0000] {processor.py:157} INFO - Started process (PID=1418) to work on /opt/airflow/dags/ingest_historique.py
[2025-03-14T12:16:31.576+0000] {processor.py:829} INFO - Processing file /opt/airflow/dags/ingest_historique.py for tasks to queue
[2025-03-14T12:16:31.584+0000] {logging_mixin.py:151} INFO - [2025-03-14T12:16:31.578+0000] {dagbag.py:539} INFO - Filling up the DagBag from /opt/airflow/dags/ingest_historique.py
[2025-03-14T12:16:32.560+0000] {processor.py:839} INFO - DAG(s) dict_keys(['yfinance_ingestion_historique_gold']) retrieved from /opt/airflow/dags/ingest_historique.py
[2025-03-14T12:16:32.600+0000] {logging_mixin.py:151} INFO - [2025-03-14T12:16:32.599+0000] {dag.py:2915} INFO - Sync 1 DAGs
[2025-03-14T12:16:32.647+0000] {logging_mixin.py:151} INFO - [2025-03-14T12:16:32.646+0000] {dag.py:3696} INFO - Setting next_dagrun for yfinance_ingestion_historique_gold to 2025-03-14T00:00:00+00:00, run_after=2025-03-15T00:00:00+00:00
[2025-03-14T12:16:32.683+0000] {processor.py:179} INFO - Processing /opt/airflow/dags/ingest_historique.py took 1.115 seconds
[2025-03-14T12:17:02.823+0000] {processor.py:157} INFO - Started process (PID=1430) to work on /opt/airflow/dags/ingest_historique.py
[2025-03-14T12:17:02.824+0000] {processor.py:829} INFO - Processing file /opt/airflow/dags/ingest_historique.py for tasks to queue
[2025-03-14T12:17:02.825+0000] {logging_mixin.py:151} INFO - [2025-03-14T12:17:02.825+0000] {dagbag.py:539} INFO - Filling up the DagBag from /opt/airflow/dags/ingest_historique.py
[2025-03-14T12:17:03.396+0000] {processor.py:839} INFO - DAG(s) dict_keys(['yfinance_ingestion_historique_gold']) retrieved from /opt/airflow/dags/ingest_historique.py
[2025-03-14T12:17:03.422+0000] {logging_mixin.py:151} INFO - [2025-03-14T12:17:03.421+0000] {dag.py:2915} INFO - Sync 1 DAGs
[2025-03-14T12:17:03.442+0000] {logging_mixin.py:151} INFO - [2025-03-14T12:17:03.442+0000] {dag.py:3696} INFO - Setting next_dagrun for yfinance_ingestion_historique_gold to 2025-03-14T00:00:00+00:00, run_after=2025-03-15T00:00:00+00:00
[2025-03-14T12:17:03.467+0000] {processor.py:179} INFO - Processing /opt/airflow/dags/ingest_historique.py took 0.647 seconds
[2025-03-14T12:17:33.890+0000] {processor.py:157} INFO - Started process (PID=1442) to work on /opt/airflow/dags/ingest_historique.py
[2025-03-14T12:17:33.891+0000] {processor.py:829} INFO - Processing file /opt/airflow/dags/ingest_historique.py for tasks to queue
[2025-03-14T12:17:33.892+0000] {logging_mixin.py:151} INFO - [2025-03-14T12:17:33.892+0000] {dagbag.py:539} INFO - Filling up the DagBag from /opt/airflow/dags/ingest_historique.py
[2025-03-14T12:17:34.622+0000] {processor.py:839} INFO - DAG(s) dict_keys(['yfinance_ingestion_historique_gold']) retrieved from /opt/airflow/dags/ingest_historique.py
[2025-03-14T12:17:34.646+0000] {logging_mixin.py:151} INFO - [2025-03-14T12:17:34.646+0000] {dag.py:2915} INFO - Sync 1 DAGs
[2025-03-14T12:17:34.671+0000] {logging_mixin.py:151} INFO - [2025-03-14T12:17:34.671+0000] {dag.py:3696} INFO - Setting next_dagrun for yfinance_ingestion_historique_gold to 2025-03-14T00:00:00+00:00, run_after=2025-03-15T00:00:00+00:00
[2025-03-14T12:17:34.694+0000] {processor.py:179} INFO - Processing /opt/airflow/dags/ingest_historique.py took 0.806 seconds
[2025-03-14T12:18:05.035+0000] {processor.py:157} INFO - Started process (PID=1454) to work on /opt/airflow/dags/ingest_historique.py
[2025-03-14T12:18:05.037+0000] {processor.py:829} INFO - Processing file /opt/airflow/dags/ingest_historique.py for tasks to queue
[2025-03-14T12:18:05.039+0000] {logging_mixin.py:151} INFO - [2025-03-14T12:18:05.038+0000] {dagbag.py:539} INFO - Filling up the DagBag from /opt/airflow/dags/ingest_historique.py
[2025-03-14T12:18:05.614+0000] {processor.py:839} INFO - DAG(s) dict_keys(['yfinance_ingestion_historique_gold']) retrieved from /opt/airflow/dags/ingest_historique.py
[2025-03-14T12:18:05.638+0000] {logging_mixin.py:151} INFO - [2025-03-14T12:18:05.637+0000] {dag.py:2915} INFO - Sync 1 DAGs
[2025-03-14T12:18:05.663+0000] {logging_mixin.py:151} INFO - [2025-03-14T12:18:05.663+0000] {dag.py:3696} INFO - Setting next_dagrun for yfinance_ingestion_historique_gold to 2025-03-14T00:00:00+00:00, run_after=2025-03-15T00:00:00+00:00
[2025-03-14T12:18:05.689+0000] {processor.py:179} INFO - Processing /opt/airflow/dags/ingest_historique.py took 0.658 seconds
[2025-03-14T12:18:35.783+0000] {processor.py:157} INFO - Started process (PID=1466) to work on /opt/airflow/dags/ingest_historique.py
[2025-03-14T12:18:35.785+0000] {processor.py:829} INFO - Processing file /opt/airflow/dags/ingest_historique.py for tasks to queue
[2025-03-14T12:18:35.786+0000] {logging_mixin.py:151} INFO - [2025-03-14T12:18:35.786+0000] {dagbag.py:539} INFO - Filling up the DagBag from /opt/airflow/dags/ingest_historique.py
[2025-03-14T12:18:36.768+0000] {processor.py:839} INFO - DAG(s) dict_keys(['yfinance_ingestion_historique_gold']) retrieved from /opt/airflow/dags/ingest_historique.py
[2025-03-14T12:18:36.800+0000] {logging_mixin.py:151} INFO - [2025-03-14T12:18:36.800+0000] {dag.py:2915} INFO - Sync 1 DAGs
[2025-03-14T12:18:36.828+0000] {logging_mixin.py:151} INFO - [2025-03-14T12:18:36.828+0000] {dag.py:3696} INFO - Setting next_dagrun for yfinance_ingestion_historique_gold to 2025-03-14T00:00:00+00:00, run_after=2025-03-15T00:00:00+00:00
[2025-03-14T12:18:36.870+0000] {processor.py:179} INFO - Processing /opt/airflow/dags/ingest_historique.py took 1.091 seconds
[2025-03-14T12:19:06.980+0000] {processor.py:157} INFO - Started process (PID=1478) to work on /opt/airflow/dags/ingest_historique.py
[2025-03-14T12:19:06.981+0000] {processor.py:829} INFO - Processing file /opt/airflow/dags/ingest_historique.py for tasks to queue
[2025-03-14T12:19:06.982+0000] {logging_mixin.py:151} INFO - [2025-03-14T12:19:06.982+0000] {dagbag.py:539} INFO - Filling up the DagBag from /opt/airflow/dags/ingest_historique.py
[2025-03-14T12:19:07.732+0000] {processor.py:839} INFO - DAG(s) dict_keys(['yfinance_ingestion_historique_gold']) retrieved from /opt/airflow/dags/ingest_historique.py
[2025-03-14T12:19:07.782+0000] {logging_mixin.py:151} INFO - [2025-03-14T12:19:07.781+0000] {dag.py:2915} INFO - Sync 1 DAGs
[2025-03-14T12:19:07.901+0000] {logging_mixin.py:151} INFO - [2025-03-14T12:19:07.900+0000] {dag.py:3696} INFO - Setting next_dagrun for yfinance_ingestion_historique_gold to 2025-03-14T00:00:00+00:00, run_after=2025-03-15T00:00:00+00:00
[2025-03-14T12:19:07.962+0000] {processor.py:179} INFO - Processing /opt/airflow/dags/ingest_historique.py took 0.987 seconds
[2025-03-14T12:19:38.130+0000] {processor.py:157} INFO - Started process (PID=1490) to work on /opt/airflow/dags/ingest_historique.py
[2025-03-14T12:19:38.131+0000] {processor.py:829} INFO - Processing file /opt/airflow/dags/ingest_historique.py for tasks to queue
[2025-03-14T12:19:38.133+0000] {logging_mixin.py:151} INFO - [2025-03-14T12:19:38.133+0000] {dagbag.py:539} INFO - Filling up the DagBag from /opt/airflow/dags/ingest_historique.py
[2025-03-14T12:19:38.738+0000] {processor.py:839} INFO - DAG(s) dict_keys(['yfinance_ingestion_historique_gold']) retrieved from /opt/airflow/dags/ingest_historique.py
[2025-03-14T12:19:38.760+0000] {logging_mixin.py:151} INFO - [2025-03-14T12:19:38.759+0000] {dag.py:2915} INFO - Sync 1 DAGs
[2025-03-14T12:19:38.778+0000] {logging_mixin.py:151} INFO - [2025-03-14T12:19:38.778+0000] {dag.py:3696} INFO - Setting next_dagrun for yfinance_ingestion_historique_gold to 2025-03-14T00:00:00+00:00, run_after=2025-03-15T00:00:00+00:00
[2025-03-14T12:19:38.804+0000] {processor.py:179} INFO - Processing /opt/airflow/dags/ingest_historique.py took 0.677 seconds
[2025-03-14T12:20:09.005+0000] {processor.py:157} INFO - Started process (PID=1502) to work on /opt/airflow/dags/ingest_historique.py
[2025-03-14T12:20:09.006+0000] {processor.py:829} INFO - Processing file /opt/airflow/dags/ingest_historique.py for tasks to queue
[2025-03-14T12:20:09.007+0000] {logging_mixin.py:151} INFO - [2025-03-14T12:20:09.007+0000] {dagbag.py:539} INFO - Filling up the DagBag from /opt/airflow/dags/ingest_historique.py
[2025-03-14T12:20:09.538+0000] {processor.py:839} INFO - DAG(s) dict_keys(['yfinance_ingestion_historique_gold']) retrieved from /opt/airflow/dags/ingest_historique.py
[2025-03-14T12:20:09.569+0000] {logging_mixin.py:151} INFO - [2025-03-14T12:20:09.568+0000] {dag.py:2915} INFO - Sync 1 DAGs
[2025-03-14T12:20:09.615+0000] {logging_mixin.py:151} INFO - [2025-03-14T12:20:09.614+0000] {dag.py:3696} INFO - Setting next_dagrun for yfinance_ingestion_historique_gold to 2025-03-14T00:00:00+00:00, run_after=2025-03-15T00:00:00+00:00
[2025-03-14T12:20:09.663+0000] {processor.py:179} INFO - Processing /opt/airflow/dags/ingest_historique.py took 0.660 seconds
[2025-03-14T12:20:39.804+0000] {processor.py:157} INFO - Started process (PID=1514) to work on /opt/airflow/dags/ingest_historique.py
[2025-03-14T12:20:39.805+0000] {processor.py:829} INFO - Processing file /opt/airflow/dags/ingest_historique.py for tasks to queue
[2025-03-14T12:20:39.807+0000] {logging_mixin.py:151} INFO - [2025-03-14T12:20:39.806+0000] {dagbag.py:539} INFO - Filling up the DagBag from /opt/airflow/dags/ingest_historique.py
[2025-03-14T12:20:40.406+0000] {processor.py:839} INFO - DAG(s) dict_keys(['yfinance_ingestion_historique_gold']) retrieved from /opt/airflow/dags/ingest_historique.py
[2025-03-14T12:20:40.429+0000] {logging_mixin.py:151} INFO - [2025-03-14T12:20:40.429+0000] {dag.py:2915} INFO - Sync 1 DAGs
[2025-03-14T12:20:40.449+0000] {logging_mixin.py:151} INFO - [2025-03-14T12:20:40.448+0000] {dag.py:3696} INFO - Setting next_dagrun for yfinance_ingestion_historique_gold to 2025-03-14T00:00:00+00:00, run_after=2025-03-15T00:00:00+00:00
[2025-03-14T12:20:40.473+0000] {processor.py:179} INFO - Processing /opt/airflow/dags/ingest_historique.py took 0.673 seconds
[2025-03-14T12:21:10.582+0000] {processor.py:157} INFO - Started process (PID=1526) to work on /opt/airflow/dags/ingest_historique.py
[2025-03-14T12:21:10.584+0000] {processor.py:829} INFO - Processing file /opt/airflow/dags/ingest_historique.py for tasks to queue
[2025-03-14T12:21:10.585+0000] {logging_mixin.py:151} INFO - [2025-03-14T12:21:10.585+0000] {dagbag.py:539} INFO - Filling up the DagBag from /opt/airflow/dags/ingest_historique.py
[2025-03-14T12:21:11.130+0000] {processor.py:839} INFO - DAG(s) dict_keys(['yfinance_ingestion_historique_gold']) retrieved from /opt/airflow/dags/ingest_historique.py
[2025-03-14T12:21:11.156+0000] {logging_mixin.py:151} INFO - [2025-03-14T12:21:11.155+0000] {dag.py:2915} INFO - Sync 1 DAGs
[2025-03-14T12:21:11.187+0000] {logging_mixin.py:151} INFO - [2025-03-14T12:21:11.186+0000] {dag.py:3696} INFO - Setting next_dagrun for yfinance_ingestion_historique_gold to 2025-03-14T00:00:00+00:00, run_after=2025-03-15T00:00:00+00:00
[2025-03-14T12:21:11.208+0000] {processor.py:179} INFO - Processing /opt/airflow/dags/ingest_historique.py took 0.630 seconds
[2025-03-14T12:21:41.392+0000] {processor.py:157} INFO - Started process (PID=1538) to work on /opt/airflow/dags/ingest_historique.py
[2025-03-14T12:21:41.394+0000] {processor.py:829} INFO - Processing file /opt/airflow/dags/ingest_historique.py for tasks to queue
[2025-03-14T12:21:41.395+0000] {logging_mixin.py:151} INFO - [2025-03-14T12:21:41.395+0000] {dagbag.py:539} INFO - Filling up the DagBag from /opt/airflow/dags/ingest_historique.py
[2025-03-14T12:21:41.988+0000] {processor.py:839} INFO - DAG(s) dict_keys(['yfinance_ingestion_historique_gold']) retrieved from /opt/airflow/dags/ingest_historique.py
[2025-03-14T12:21:42.010+0000] {logging_mixin.py:151} INFO - [2025-03-14T12:21:42.009+0000] {dag.py:2915} INFO - Sync 1 DAGs
[2025-03-14T12:21:42.029+0000] {logging_mixin.py:151} INFO - [2025-03-14T12:21:42.029+0000] {dag.py:3696} INFO - Setting next_dagrun for yfinance_ingestion_historique_gold to 2025-03-14T00:00:00+00:00, run_after=2025-03-15T00:00:00+00:00
[2025-03-14T12:21:42.052+0000] {processor.py:179} INFO - Processing /opt/airflow/dags/ingest_historique.py took 0.665 seconds
[2025-03-14T12:22:12.197+0000] {processor.py:157} INFO - Started process (PID=1550) to work on /opt/airflow/dags/ingest_historique.py
[2025-03-14T12:22:12.198+0000] {processor.py:829} INFO - Processing file /opt/airflow/dags/ingest_historique.py for tasks to queue
[2025-03-14T12:22:12.199+0000] {logging_mixin.py:151} INFO - [2025-03-14T12:22:12.199+0000] {dagbag.py:539} INFO - Filling up the DagBag from /opt/airflow/dags/ingest_historique.py
[2025-03-14T12:22:12.749+0000] {processor.py:839} INFO - DAG(s) dict_keys(['yfinance_ingestion_historique_gold']) retrieved from /opt/airflow/dags/ingest_historique.py
[2025-03-14T12:22:12.772+0000] {logging_mixin.py:151} INFO - [2025-03-14T12:22:12.771+0000] {dag.py:2915} INFO - Sync 1 DAGs
[2025-03-14T12:22:12.790+0000] {logging_mixin.py:151} INFO - [2025-03-14T12:22:12.790+0000] {dag.py:3696} INFO - Setting next_dagrun for yfinance_ingestion_historique_gold to 2025-03-14T00:00:00+00:00, run_after=2025-03-15T00:00:00+00:00
[2025-03-14T12:22:12.812+0000] {processor.py:179} INFO - Processing /opt/airflow/dags/ingest_historique.py took 0.619 seconds
[2025-03-14T12:22:43.355+0000] {processor.py:157} INFO - Started process (PID=1562) to work on /opt/airflow/dags/ingest_historique.py
[2025-03-14T12:22:43.356+0000] {processor.py:829} INFO - Processing file /opt/airflow/dags/ingest_historique.py for tasks to queue
[2025-03-14T12:22:43.357+0000] {logging_mixin.py:151} INFO - [2025-03-14T12:22:43.357+0000] {dagbag.py:539} INFO - Filling up the DagBag from /opt/airflow/dags/ingest_historique.py
[2025-03-14T12:22:43.915+0000] {processor.py:839} INFO - DAG(s) dict_keys(['yfinance_ingestion_historique_gold']) retrieved from /opt/airflow/dags/ingest_historique.py
[2025-03-14T12:22:43.937+0000] {logging_mixin.py:151} INFO - [2025-03-14T12:22:43.936+0000] {dag.py:2915} INFO - Sync 1 DAGs
[2025-03-14T12:22:43.956+0000] {logging_mixin.py:151} INFO - [2025-03-14T12:22:43.956+0000] {dag.py:3696} INFO - Setting next_dagrun for yfinance_ingestion_historique_gold to 2025-03-14T00:00:00+00:00, run_after=2025-03-15T00:00:00+00:00
[2025-03-14T12:22:43.980+0000] {processor.py:179} INFO - Processing /opt/airflow/dags/ingest_historique.py took 0.629 seconds
[2025-03-14T12:23:14.059+0000] {processor.py:157} INFO - Started process (PID=1574) to work on /opt/airflow/dags/ingest_historique.py
[2025-03-14T12:23:14.060+0000] {processor.py:829} INFO - Processing file /opt/airflow/dags/ingest_historique.py for tasks to queue
[2025-03-14T12:23:14.062+0000] {logging_mixin.py:151} INFO - [2025-03-14T12:23:14.061+0000] {dagbag.py:539} INFO - Filling up the DagBag from /opt/airflow/dags/ingest_historique.py
[2025-03-14T12:23:14.618+0000] {processor.py:839} INFO - DAG(s) dict_keys(['yfinance_ingestion_historique_gold']) retrieved from /opt/airflow/dags/ingest_historique.py
[2025-03-14T12:23:14.649+0000] {logging_mixin.py:151} INFO - [2025-03-14T12:23:14.648+0000] {dag.py:2915} INFO - Sync 1 DAGs
[2025-03-14T12:23:14.671+0000] {logging_mixin.py:151} INFO - [2025-03-14T12:23:14.671+0000] {dag.py:3696} INFO - Setting next_dagrun for yfinance_ingestion_historique_gold to 2025-03-14T00:00:00+00:00, run_after=2025-03-15T00:00:00+00:00
[2025-03-14T12:23:14.690+0000] {processor.py:179} INFO - Processing /opt/airflow/dags/ingest_historique.py took 0.634 seconds
[2025-03-14T12:23:44.800+0000] {processor.py:157} INFO - Started process (PID=1586) to work on /opt/airflow/dags/ingest_historique.py
[2025-03-14T12:23:44.801+0000] {processor.py:829} INFO - Processing file /opt/airflow/dags/ingest_historique.py for tasks to queue
[2025-03-14T12:23:44.802+0000] {logging_mixin.py:151} INFO - [2025-03-14T12:23:44.801+0000] {dagbag.py:539} INFO - Filling up the DagBag from /opt/airflow/dags/ingest_historique.py
[2025-03-14T12:23:45.330+0000] {processor.py:839} INFO - DAG(s) dict_keys(['yfinance_ingestion_historique_gold']) retrieved from /opt/airflow/dags/ingest_historique.py
[2025-03-14T12:23:45.354+0000] {logging_mixin.py:151} INFO - [2025-03-14T12:23:45.353+0000] {dag.py:2915} INFO - Sync 1 DAGs
[2025-03-14T12:23:45.373+0000] {logging_mixin.py:151} INFO - [2025-03-14T12:23:45.373+0000] {dag.py:3696} INFO - Setting next_dagrun for yfinance_ingestion_historique_gold to 2025-03-14T00:00:00+00:00, run_after=2025-03-15T00:00:00+00:00
[2025-03-14T12:23:45.397+0000] {processor.py:179} INFO - Processing /opt/airflow/dags/ingest_historique.py took 0.600 seconds
[2025-03-14T12:24:15.866+0000] {processor.py:157} INFO - Started process (PID=1598) to work on /opt/airflow/dags/ingest_historique.py
[2025-03-14T12:24:15.867+0000] {processor.py:829} INFO - Processing file /opt/airflow/dags/ingest_historique.py for tasks to queue
[2025-03-14T12:24:15.868+0000] {logging_mixin.py:151} INFO - [2025-03-14T12:24:15.868+0000] {dagbag.py:539} INFO - Filling up the DagBag from /opt/airflow/dags/ingest_historique.py
[2025-03-14T12:24:16.578+0000] {processor.py:839} INFO - DAG(s) dict_keys(['yfinance_ingestion_historique_gold']) retrieved from /opt/airflow/dags/ingest_historique.py
[2025-03-14T12:24:16.627+0000] {logging_mixin.py:151} INFO - [2025-03-14T12:24:16.625+0000] {dag.py:2915} INFO - Sync 1 DAGs
[2025-03-14T12:24:16.679+0000] {logging_mixin.py:151} INFO - [2025-03-14T12:24:16.679+0000] {dag.py:3696} INFO - Setting next_dagrun for yfinance_ingestion_historique_gold to 2025-03-14T00:00:00+00:00, run_after=2025-03-15T00:00:00+00:00
[2025-03-14T12:24:16.718+0000] {processor.py:179} INFO - Processing /opt/airflow/dags/ingest_historique.py took 0.857 seconds
[2025-03-14T12:24:47.650+0000] {processor.py:157} INFO - Started process (PID=1610) to work on /opt/airflow/dags/ingest_historique.py
[2025-03-14T12:24:47.651+0000] {processor.py:829} INFO - Processing file /opt/airflow/dags/ingest_historique.py for tasks to queue
[2025-03-14T12:24:47.652+0000] {logging_mixin.py:151} INFO - [2025-03-14T12:24:47.651+0000] {dagbag.py:539} INFO - Filling up the DagBag from /opt/airflow/dags/ingest_historique.py
[2025-03-14T12:24:48.136+0000] {processor.py:839} INFO - DAG(s) dict_keys(['yfinance_ingestion_historique_gold']) retrieved from /opt/airflow/dags/ingest_historique.py
[2025-03-14T12:24:48.160+0000] {logging_mixin.py:151} INFO - [2025-03-14T12:24:48.159+0000] {dag.py:2915} INFO - Sync 1 DAGs
[2025-03-14T12:24:48.180+0000] {logging_mixin.py:151} INFO - [2025-03-14T12:24:48.179+0000] {dag.py:3696} INFO - Setting next_dagrun for yfinance_ingestion_historique_gold to 2025-03-14T00:00:00+00:00, run_after=2025-03-15T00:00:00+00:00
[2025-03-14T12:24:48.206+0000] {processor.py:179} INFO - Processing /opt/airflow/dags/ingest_historique.py took 0.560 seconds
[2025-03-14T12:25:18.775+0000] {processor.py:157} INFO - Started process (PID=1622) to work on /opt/airflow/dags/ingest_historique.py
[2025-03-14T12:25:18.777+0000] {processor.py:829} INFO - Processing file /opt/airflow/dags/ingest_historique.py for tasks to queue
[2025-03-14T12:25:18.779+0000] {logging_mixin.py:151} INFO - [2025-03-14T12:25:18.778+0000] {dagbag.py:539} INFO - Filling up the DagBag from /opt/airflow/dags/ingest_historique.py
[2025-03-14T12:25:19.494+0000] {processor.py:839} INFO - DAG(s) dict_keys(['yfinance_ingestion_historique_gold']) retrieved from /opt/airflow/dags/ingest_historique.py
[2025-03-14T12:25:19.525+0000] {logging_mixin.py:151} INFO - [2025-03-14T12:25:19.524+0000] {dag.py:2915} INFO - Sync 1 DAGs
[2025-03-14T12:25:19.549+0000] {logging_mixin.py:151} INFO - [2025-03-14T12:25:19.549+0000] {dag.py:3696} INFO - Setting next_dagrun for yfinance_ingestion_historique_gold to 2025-03-14T00:00:00+00:00, run_after=2025-03-15T00:00:00+00:00
[2025-03-14T12:25:19.577+0000] {processor.py:179} INFO - Processing /opt/airflow/dags/ingest_historique.py took 0.807 seconds
[2025-03-14T12:25:49.643+0000] {processor.py:157} INFO - Started process (PID=1634) to work on /opt/airflow/dags/ingest_historique.py
[2025-03-14T12:25:49.645+0000] {processor.py:829} INFO - Processing file /opt/airflow/dags/ingest_historique.py for tasks to queue
[2025-03-14T12:25:49.647+0000] {logging_mixin.py:151} INFO - [2025-03-14T12:25:49.646+0000] {dagbag.py:539} INFO - Filling up the DagBag from /opt/airflow/dags/ingest_historique.py
[2025-03-14T12:25:50.501+0000] {processor.py:839} INFO - DAG(s) dict_keys(['yfinance_ingestion_historique_gold']) retrieved from /opt/airflow/dags/ingest_historique.py
[2025-03-14T12:25:50.558+0000] {logging_mixin.py:151} INFO - [2025-03-14T12:25:50.557+0000] {dag.py:2915} INFO - Sync 1 DAGs
[2025-03-14T12:25:50.637+0000] {logging_mixin.py:151} INFO - [2025-03-14T12:25:50.637+0000] {dag.py:3696} INFO - Setting next_dagrun for yfinance_ingestion_historique_gold to 2025-03-14T00:00:00+00:00, run_after=2025-03-15T00:00:00+00:00
[2025-03-14T12:25:50.705+0000] {processor.py:179} INFO - Processing /opt/airflow/dags/ingest_historique.py took 1.067 seconds
[2025-03-14T12:26:20.840+0000] {processor.py:157} INFO - Started process (PID=1646) to work on /opt/airflow/dags/ingest_historique.py
[2025-03-14T12:26:20.842+0000] {processor.py:829} INFO - Processing file /opt/airflow/dags/ingest_historique.py for tasks to queue
[2025-03-14T12:26:20.844+0000] {logging_mixin.py:151} INFO - [2025-03-14T12:26:20.843+0000] {dagbag.py:539} INFO - Filling up the DagBag from /opt/airflow/dags/ingest_historique.py
[2025-03-14T12:26:21.740+0000] {processor.py:839} INFO - DAG(s) dict_keys(['yfinance_ingestion_historique_gold']) retrieved from /opt/airflow/dags/ingest_historique.py
[2025-03-14T12:26:21.775+0000] {logging_mixin.py:151} INFO - [2025-03-14T12:26:21.774+0000] {dag.py:2915} INFO - Sync 1 DAGs
[2025-03-14T12:26:21.805+0000] {logging_mixin.py:151} INFO - [2025-03-14T12:26:21.805+0000] {dag.py:3696} INFO - Setting next_dagrun for yfinance_ingestion_historique_gold to 2025-03-14T00:00:00+00:00, run_after=2025-03-15T00:00:00+00:00
[2025-03-14T12:26:21.835+0000] {processor.py:179} INFO - Processing /opt/airflow/dags/ingest_historique.py took 1.002 seconds
[2025-03-14T12:26:51.955+0000] {processor.py:157} INFO - Started process (PID=1658) to work on /opt/airflow/dags/ingest_historique.py
[2025-03-14T12:26:51.957+0000] {processor.py:829} INFO - Processing file /opt/airflow/dags/ingest_historique.py for tasks to queue
[2025-03-14T12:26:51.958+0000] {logging_mixin.py:151} INFO - [2025-03-14T12:26:51.958+0000] {dagbag.py:539} INFO - Filling up the DagBag from /opt/airflow/dags/ingest_historique.py
[2025-03-14T12:26:52.643+0000] {processor.py:839} INFO - DAG(s) dict_keys(['yfinance_ingestion_historique_gold']) retrieved from /opt/airflow/dags/ingest_historique.py
[2025-03-14T12:26:52.670+0000] {logging_mixin.py:151} INFO - [2025-03-14T12:26:52.670+0000] {dag.py:2915} INFO - Sync 1 DAGs
[2025-03-14T12:26:52.695+0000] {logging_mixin.py:151} INFO - [2025-03-14T12:26:52.695+0000] {dag.py:3696} INFO - Setting next_dagrun for yfinance_ingestion_historique_gold to 2025-03-14T00:00:00+00:00, run_after=2025-03-15T00:00:00+00:00
[2025-03-14T12:26:52.721+0000] {processor.py:179} INFO - Processing /opt/airflow/dags/ingest_historique.py took 0.769 seconds
[2025-03-14T12:27:23.699+0000] {processor.py:157} INFO - Started process (PID=1670) to work on /opt/airflow/dags/ingest_historique.py
[2025-03-14T12:27:23.700+0000] {processor.py:829} INFO - Processing file /opt/airflow/dags/ingest_historique.py for tasks to queue
[2025-03-14T12:27:23.702+0000] {logging_mixin.py:151} INFO - [2025-03-14T12:27:23.701+0000] {dagbag.py:539} INFO - Filling up the DagBag from /opt/airflow/dags/ingest_historique.py
[2025-03-14T12:27:24.355+0000] {processor.py:839} INFO - DAG(s) dict_keys(['yfinance_ingestion_historique_gold']) retrieved from /opt/airflow/dags/ingest_historique.py
[2025-03-14T12:27:24.387+0000] {logging_mixin.py:151} INFO - [2025-03-14T12:27:24.386+0000] {dag.py:2915} INFO - Sync 1 DAGs
[2025-03-14T12:27:24.416+0000] {logging_mixin.py:151} INFO - [2025-03-14T12:27:24.416+0000] {dag.py:3696} INFO - Setting next_dagrun for yfinance_ingestion_historique_gold to 2025-03-14T00:00:00+00:00, run_after=2025-03-15T00:00:00+00:00
[2025-03-14T12:27:24.447+0000] {processor.py:179} INFO - Processing /opt/airflow/dags/ingest_historique.py took 0.752 seconds
[2025-03-14T12:27:54.811+0000] {processor.py:157} INFO - Started process (PID=1682) to work on /opt/airflow/dags/ingest_historique.py
[2025-03-14T12:27:54.812+0000] {processor.py:829} INFO - Processing file /opt/airflow/dags/ingest_historique.py for tasks to queue
[2025-03-14T12:27:54.814+0000] {logging_mixin.py:151} INFO - [2025-03-14T12:27:54.813+0000] {dagbag.py:539} INFO - Filling up the DagBag from /opt/airflow/dags/ingest_historique.py
[2025-03-14T12:27:55.475+0000] {processor.py:839} INFO - DAG(s) dict_keys(['yfinance_ingestion_historique_gold']) retrieved from /opt/airflow/dags/ingest_historique.py
[2025-03-14T12:27:55.502+0000] {logging_mixin.py:151} INFO - [2025-03-14T12:27:55.501+0000] {dag.py:2915} INFO - Sync 1 DAGs
[2025-03-14T12:27:55.525+0000] {logging_mixin.py:151} INFO - [2025-03-14T12:27:55.525+0000] {dag.py:3696} INFO - Setting next_dagrun for yfinance_ingestion_historique_gold to 2025-03-14T00:00:00+00:00, run_after=2025-03-15T00:00:00+00:00
[2025-03-14T12:27:55.551+0000] {processor.py:179} INFO - Processing /opt/airflow/dags/ingest_historique.py took 0.745 seconds
[2025-03-14T12:28:25.618+0000] {processor.py:157} INFO - Started process (PID=1694) to work on /opt/airflow/dags/ingest_historique.py
[2025-03-14T12:28:25.619+0000] {processor.py:829} INFO - Processing file /opt/airflow/dags/ingest_historique.py for tasks to queue
[2025-03-14T12:28:25.621+0000] {logging_mixin.py:151} INFO - [2025-03-14T12:28:25.620+0000] {dagbag.py:539} INFO - Filling up the DagBag from /opt/airflow/dags/ingest_historique.py
[2025-03-14T12:28:26.466+0000] {processor.py:839} INFO - DAG(s) dict_keys(['yfinance_ingestion_historique_gold']) retrieved from /opt/airflow/dags/ingest_historique.py
[2025-03-14T12:28:26.496+0000] {logging_mixin.py:151} INFO - [2025-03-14T12:28:26.495+0000] {dag.py:2915} INFO - Sync 1 DAGs
[2025-03-14T12:28:26.522+0000] {logging_mixin.py:151} INFO - [2025-03-14T12:28:26.522+0000] {dag.py:3696} INFO - Setting next_dagrun for yfinance_ingestion_historique_gold to 2025-03-14T00:00:00+00:00, run_after=2025-03-15T00:00:00+00:00
[2025-03-14T12:28:26.547+0000] {processor.py:179} INFO - Processing /opt/airflow/dags/ingest_historique.py took 0.934 seconds
[2025-03-14T12:28:57.312+0000] {processor.py:157} INFO - Started process (PID=1706) to work on /opt/airflow/dags/ingest_historique.py
[2025-03-14T12:28:57.313+0000] {processor.py:829} INFO - Processing file /opt/airflow/dags/ingest_historique.py for tasks to queue
[2025-03-14T12:28:57.315+0000] {logging_mixin.py:151} INFO - [2025-03-14T12:28:57.314+0000] {dagbag.py:539} INFO - Filling up the DagBag from /opt/airflow/dags/ingest_historique.py
[2025-03-14T12:28:57.993+0000] {processor.py:839} INFO - DAG(s) dict_keys(['yfinance_ingestion_historique_gold']) retrieved from /opt/airflow/dags/ingest_historique.py
[2025-03-14T12:28:58.025+0000] {logging_mixin.py:151} INFO - [2025-03-14T12:28:58.024+0000] {dag.py:2915} INFO - Sync 1 DAGs
[2025-03-14T12:28:58.051+0000] {logging_mixin.py:151} INFO - [2025-03-14T12:28:58.051+0000] {dag.py:3696} INFO - Setting next_dagrun for yfinance_ingestion_historique_gold to 2025-03-14T00:00:00+00:00, run_after=2025-03-15T00:00:00+00:00
[2025-03-14T12:28:58.076+0000] {processor.py:179} INFO - Processing /opt/airflow/dags/ingest_historique.py took 0.768 seconds
[2025-03-14T12:29:28.429+0000] {processor.py:157} INFO - Started process (PID=1718) to work on /opt/airflow/dags/ingest_historique.py
[2025-03-14T12:29:28.430+0000] {processor.py:829} INFO - Processing file /opt/airflow/dags/ingest_historique.py for tasks to queue
[2025-03-14T12:29:28.431+0000] {logging_mixin.py:151} INFO - [2025-03-14T12:29:28.431+0000] {dagbag.py:539} INFO - Filling up the DagBag from /opt/airflow/dags/ingest_historique.py
[2025-03-14T12:29:29.072+0000] {processor.py:839} INFO - DAG(s) dict_keys(['yfinance_ingestion_historique_gold']) retrieved from /opt/airflow/dags/ingest_historique.py
[2025-03-14T12:29:29.099+0000] {logging_mixin.py:151} INFO - [2025-03-14T12:29:29.098+0000] {dag.py:2915} INFO - Sync 1 DAGs
[2025-03-14T12:29:29.123+0000] {logging_mixin.py:151} INFO - [2025-03-14T12:29:29.122+0000] {dag.py:3696} INFO - Setting next_dagrun for yfinance_ingestion_historique_gold to 2025-03-14T00:00:00+00:00, run_after=2025-03-15T00:00:00+00:00
[2025-03-14T12:29:29.151+0000] {processor.py:179} INFO - Processing /opt/airflow/dags/ingest_historique.py took 0.726 seconds
[2025-03-14T12:29:59.227+0000] {processor.py:157} INFO - Started process (PID=1730) to work on /opt/airflow/dags/ingest_historique.py
[2025-03-14T12:29:59.229+0000] {processor.py:829} INFO - Processing file /opt/airflow/dags/ingest_historique.py for tasks to queue
[2025-03-14T12:29:59.230+0000] {logging_mixin.py:151} INFO - [2025-03-14T12:29:59.230+0000] {dagbag.py:539} INFO - Filling up the DagBag from /opt/airflow/dags/ingest_historique.py
[2025-03-14T12:29:59.892+0000] {processor.py:839} INFO - DAG(s) dict_keys(['yfinance_ingestion_historique_gold']) retrieved from /opt/airflow/dags/ingest_historique.py
[2025-03-14T12:29:59.921+0000] {logging_mixin.py:151} INFO - [2025-03-14T12:29:59.920+0000] {dag.py:2915} INFO - Sync 1 DAGs
[2025-03-14T12:29:59.946+0000] {logging_mixin.py:151} INFO - [2025-03-14T12:29:59.946+0000] {dag.py:3696} INFO - Setting next_dagrun for yfinance_ingestion_historique_gold to 2025-03-14T00:00:00+00:00, run_after=2025-03-15T00:00:00+00:00
[2025-03-14T12:29:59.973+0000] {processor.py:179} INFO - Processing /opt/airflow/dags/ingest_historique.py took 0.750 seconds
[2025-03-14T12:30:30.021+0000] {processor.py:157} INFO - Started process (PID=1742) to work on /opt/airflow/dags/ingest_historique.py
[2025-03-14T12:30:30.022+0000] {processor.py:829} INFO - Processing file /opt/airflow/dags/ingest_historique.py for tasks to queue
[2025-03-14T12:30:30.023+0000] {logging_mixin.py:151} INFO - [2025-03-14T12:30:30.023+0000] {dagbag.py:539} INFO - Filling up the DagBag from /opt/airflow/dags/ingest_historique.py
[2025-03-14T12:30:30.660+0000] {processor.py:839} INFO - DAG(s) dict_keys(['yfinance_ingestion_historique_gold']) retrieved from /opt/airflow/dags/ingest_historique.py
[2025-03-14T12:30:30.688+0000] {logging_mixin.py:151} INFO - [2025-03-14T12:30:30.688+0000] {dag.py:2915} INFO - Sync 1 DAGs
[2025-03-14T12:30:30.714+0000] {logging_mixin.py:151} INFO - [2025-03-14T12:30:30.714+0000] {dag.py:3696} INFO - Setting next_dagrun for yfinance_ingestion_historique_gold to 2025-03-14T00:00:00+00:00, run_after=2025-03-15T00:00:00+00:00
[2025-03-14T12:30:30.739+0000] {processor.py:179} INFO - Processing /opt/airflow/dags/ingest_historique.py took 0.723 seconds
[2025-03-14T12:31:00.988+0000] {processor.py:157} INFO - Started process (PID=1754) to work on /opt/airflow/dags/ingest_historique.py
[2025-03-14T12:31:00.989+0000] {processor.py:829} INFO - Processing file /opt/airflow/dags/ingest_historique.py for tasks to queue
[2025-03-14T12:31:00.990+0000] {logging_mixin.py:151} INFO - [2025-03-14T12:31:00.990+0000] {dagbag.py:539} INFO - Filling up the DagBag from /opt/airflow/dags/ingest_historique.py
[2025-03-14T12:31:01.779+0000] {processor.py:839} INFO - DAG(s) dict_keys(['yfinance_ingestion_historique_gold']) retrieved from /opt/airflow/dags/ingest_historique.py
[2025-03-14T12:31:01.807+0000] {logging_mixin.py:151} INFO - [2025-03-14T12:31:01.807+0000] {dag.py:2915} INFO - Sync 1 DAGs
[2025-03-14T12:31:01.833+0000] {logging_mixin.py:151} INFO - [2025-03-14T12:31:01.833+0000] {dag.py:3696} INFO - Setting next_dagrun for yfinance_ingestion_historique_gold to 2025-03-14T00:00:00+00:00, run_after=2025-03-15T00:00:00+00:00
[2025-03-14T12:31:01.861+0000] {processor.py:179} INFO - Processing /opt/airflow/dags/ingest_historique.py took 0.877 seconds
[2025-03-14T12:31:31.947+0000] {processor.py:157} INFO - Started process (PID=1766) to work on /opt/airflow/dags/ingest_historique.py
[2025-03-14T12:31:31.949+0000] {processor.py:829} INFO - Processing file /opt/airflow/dags/ingest_historique.py for tasks to queue
[2025-03-14T12:31:31.950+0000] {logging_mixin.py:151} INFO - [2025-03-14T12:31:31.950+0000] {dagbag.py:539} INFO - Filling up the DagBag from /opt/airflow/dags/ingest_historique.py
[2025-03-14T12:31:32.591+0000] {processor.py:839} INFO - DAG(s) dict_keys(['yfinance_ingestion_historique_gold']) retrieved from /opt/airflow/dags/ingest_historique.py
[2025-03-14T12:31:32.619+0000] {logging_mixin.py:151} INFO - [2025-03-14T12:31:32.618+0000] {dag.py:2915} INFO - Sync 1 DAGs
[2025-03-14T12:31:32.643+0000] {logging_mixin.py:151} INFO - [2025-03-14T12:31:32.642+0000] {dag.py:3696} INFO - Setting next_dagrun for yfinance_ingestion_historique_gold to 2025-03-14T00:00:00+00:00, run_after=2025-03-15T00:00:00+00:00
[2025-03-14T12:31:32.671+0000] {processor.py:179} INFO - Processing /opt/airflow/dags/ingest_historique.py took 0.727 seconds
[2025-03-14T12:32:02.999+0000] {processor.py:157} INFO - Started process (PID=1778) to work on /opt/airflow/dags/ingest_historique.py
[2025-03-14T12:32:03.001+0000] {processor.py:829} INFO - Processing file /opt/airflow/dags/ingest_historique.py for tasks to queue
[2025-03-14T12:32:03.002+0000] {logging_mixin.py:151} INFO - [2025-03-14T12:32:03.002+0000] {dagbag.py:539} INFO - Filling up the DagBag from /opt/airflow/dags/ingest_historique.py
[2025-03-14T12:32:03.719+0000] {processor.py:839} INFO - DAG(s) dict_keys(['yfinance_ingestion_historique_gold']) retrieved from /opt/airflow/dags/ingest_historique.py
[2025-03-14T12:32:03.749+0000] {logging_mixin.py:151} INFO - [2025-03-14T12:32:03.749+0000] {dag.py:2915} INFO - Sync 1 DAGs
[2025-03-14T12:32:03.774+0000] {logging_mixin.py:151} INFO - [2025-03-14T12:32:03.773+0000] {dag.py:3696} INFO - Setting next_dagrun for yfinance_ingestion_historique_gold to 2025-03-14T00:00:00+00:00, run_after=2025-03-15T00:00:00+00:00
[2025-03-14T12:32:03.797+0000] {processor.py:179} INFO - Processing /opt/airflow/dags/ingest_historique.py took 0.802 seconds
[2025-03-14T12:32:33.953+0000] {processor.py:157} INFO - Started process (PID=1790) to work on /opt/airflow/dags/ingest_historique.py
[2025-03-14T12:32:33.955+0000] {processor.py:829} INFO - Processing file /opt/airflow/dags/ingest_historique.py for tasks to queue
[2025-03-14T12:32:33.956+0000] {logging_mixin.py:151} INFO - [2025-03-14T12:32:33.956+0000] {dagbag.py:539} INFO - Filling up the DagBag from /opt/airflow/dags/ingest_historique.py
[2025-03-14T12:32:34.625+0000] {processor.py:839} INFO - DAG(s) dict_keys(['yfinance_ingestion_historique_gold']) retrieved from /opt/airflow/dags/ingest_historique.py
[2025-03-14T12:32:34.652+0000] {logging_mixin.py:151} INFO - [2025-03-14T12:32:34.652+0000] {dag.py:2915} INFO - Sync 1 DAGs
[2025-03-14T12:32:34.675+0000] {logging_mixin.py:151} INFO - [2025-03-14T12:32:34.674+0000] {dag.py:3696} INFO - Setting next_dagrun for yfinance_ingestion_historique_gold to 2025-03-14T00:00:00+00:00, run_after=2025-03-15T00:00:00+00:00
[2025-03-14T12:32:34.704+0000] {processor.py:179} INFO - Processing /opt/airflow/dags/ingest_historique.py took 0.754 seconds
[2025-03-14T12:33:05.598+0000] {processor.py:157} INFO - Started process (PID=1802) to work on /opt/airflow/dags/ingest_historique.py
[2025-03-14T12:33:05.600+0000] {processor.py:829} INFO - Processing file /opt/airflow/dags/ingest_historique.py for tasks to queue
[2025-03-14T12:33:05.602+0000] {logging_mixin.py:151} INFO - [2025-03-14T12:33:05.601+0000] {dagbag.py:539} INFO - Filling up the DagBag from /opt/airflow/dags/ingest_historique.py
[2025-03-14T12:33:06.334+0000] {processor.py:839} INFO - DAG(s) dict_keys(['yfinance_ingestion_historique_gold']) retrieved from /opt/airflow/dags/ingest_historique.py
[2025-03-14T12:33:06.367+0000] {logging_mixin.py:151} INFO - [2025-03-14T12:33:06.366+0000] {dag.py:2915} INFO - Sync 1 DAGs
[2025-03-14T12:33:06.398+0000] {logging_mixin.py:151} INFO - [2025-03-14T12:33:06.398+0000] {dag.py:3696} INFO - Setting next_dagrun for yfinance_ingestion_historique_gold to 2025-03-14T00:00:00+00:00, run_after=2025-03-15T00:00:00+00:00
[2025-03-14T12:33:06.428+0000] {processor.py:179} INFO - Processing /opt/airflow/dags/ingest_historique.py took 0.833 seconds
[2025-03-14T12:33:36.513+0000] {processor.py:157} INFO - Started process (PID=1814) to work on /opt/airflow/dags/ingest_historique.py
[2025-03-14T12:33:36.514+0000] {processor.py:829} INFO - Processing file /opt/airflow/dags/ingest_historique.py for tasks to queue
[2025-03-14T12:33:36.516+0000] {logging_mixin.py:151} INFO - [2025-03-14T12:33:36.515+0000] {dagbag.py:539} INFO - Filling up the DagBag from /opt/airflow/dags/ingest_historique.py
[2025-03-14T12:33:37.186+0000] {processor.py:839} INFO - DAG(s) dict_keys(['yfinance_ingestion_historique_gold']) retrieved from /opt/airflow/dags/ingest_historique.py
[2025-03-14T12:33:37.216+0000] {logging_mixin.py:151} INFO - [2025-03-14T12:33:37.215+0000] {dag.py:2915} INFO - Sync 1 DAGs
[2025-03-14T12:33:37.240+0000] {logging_mixin.py:151} INFO - [2025-03-14T12:33:37.240+0000] {dag.py:3696} INFO - Setting next_dagrun for yfinance_ingestion_historique_gold to 2025-03-14T00:00:00+00:00, run_after=2025-03-15T00:00:00+00:00
[2025-03-14T12:33:37.272+0000] {processor.py:179} INFO - Processing /opt/airflow/dags/ingest_historique.py took 0.764 seconds
[2025-03-14T12:34:07.563+0000] {processor.py:157} INFO - Started process (PID=1826) to work on /opt/airflow/dags/ingest_historique.py
[2025-03-14T12:34:07.565+0000] {processor.py:829} INFO - Processing file /opt/airflow/dags/ingest_historique.py for tasks to queue
[2025-03-14T12:34:07.566+0000] {logging_mixin.py:151} INFO - [2025-03-14T12:34:07.566+0000] {dagbag.py:539} INFO - Filling up the DagBag from /opt/airflow/dags/ingest_historique.py
[2025-03-14T12:34:08.283+0000] {processor.py:839} INFO - DAG(s) dict_keys(['yfinance_ingestion_historique_gold']) retrieved from /opt/airflow/dags/ingest_historique.py
[2025-03-14T12:34:08.311+0000] {logging_mixin.py:151} INFO - [2025-03-14T12:34:08.310+0000] {dag.py:2915} INFO - Sync 1 DAGs
[2025-03-14T12:34:08.336+0000] {logging_mixin.py:151} INFO - [2025-03-14T12:34:08.336+0000] {dag.py:3696} INFO - Setting next_dagrun for yfinance_ingestion_historique_gold to 2025-03-14T00:00:00+00:00, run_after=2025-03-15T00:00:00+00:00
[2025-03-14T12:34:08.364+0000] {processor.py:179} INFO - Processing /opt/airflow/dags/ingest_historique.py took 0.805 seconds
[2025-03-14T12:34:38.474+0000] {processor.py:157} INFO - Started process (PID=1838) to work on /opt/airflow/dags/ingest_historique.py
[2025-03-14T12:34:38.475+0000] {processor.py:829} INFO - Processing file /opt/airflow/dags/ingest_historique.py for tasks to queue
[2025-03-14T12:34:38.477+0000] {logging_mixin.py:151} INFO - [2025-03-14T12:34:38.476+0000] {dagbag.py:539} INFO - Filling up the DagBag from /opt/airflow/dags/ingest_historique.py
[2025-03-14T12:34:39.117+0000] {processor.py:839} INFO - DAG(s) dict_keys(['yfinance_ingestion_historique_gold']) retrieved from /opt/airflow/dags/ingest_historique.py
[2025-03-14T12:34:39.145+0000] {logging_mixin.py:151} INFO - [2025-03-14T12:34:39.145+0000] {dag.py:2915} INFO - Sync 1 DAGs
[2025-03-14T12:34:39.169+0000] {logging_mixin.py:151} INFO - [2025-03-14T12:34:39.168+0000] {dag.py:3696} INFO - Setting next_dagrun for yfinance_ingestion_historique_gold to 2025-03-14T00:00:00+00:00, run_after=2025-03-15T00:00:00+00:00
[2025-03-14T12:34:39.196+0000] {processor.py:179} INFO - Processing /opt/airflow/dags/ingest_historique.py took 0.726 seconds
[2025-03-14T12:35:09.556+0000] {processor.py:157} INFO - Started process (PID=1850) to work on /opt/airflow/dags/ingest_historique.py
[2025-03-14T12:35:09.558+0000] {processor.py:829} INFO - Processing file /opt/airflow/dags/ingest_historique.py for tasks to queue
[2025-03-14T12:35:09.560+0000] {logging_mixin.py:151} INFO - [2025-03-14T12:35:09.559+0000] {dagbag.py:539} INFO - Filling up the DagBag from /opt/airflow/dags/ingest_historique.py
[2025-03-14T12:35:10.294+0000] {processor.py:839} INFO - DAG(s) dict_keys(['yfinance_ingestion_historique_gold']) retrieved from /opt/airflow/dags/ingest_historique.py
[2025-03-14T12:35:10.332+0000] {logging_mixin.py:151} INFO - [2025-03-14T12:35:10.331+0000] {dag.py:2915} INFO - Sync 1 DAGs
[2025-03-14T12:35:10.366+0000] {logging_mixin.py:151} INFO - [2025-03-14T12:35:10.366+0000] {dag.py:3696} INFO - Setting next_dagrun for yfinance_ingestion_historique_gold to 2025-03-14T00:00:00+00:00, run_after=2025-03-15T00:00:00+00:00
[2025-03-14T12:35:10.399+0000] {processor.py:179} INFO - Processing /opt/airflow/dags/ingest_historique.py took 0.848 seconds
[2025-03-14T12:35:40.550+0000] {processor.py:157} INFO - Started process (PID=1862) to work on /opt/airflow/dags/ingest_historique.py
[2025-03-14T12:35:40.552+0000] {processor.py:829} INFO - Processing file /opt/airflow/dags/ingest_historique.py for tasks to queue
[2025-03-14T12:35:40.553+0000] {logging_mixin.py:151} INFO - [2025-03-14T12:35:40.553+0000] {dagbag.py:539} INFO - Filling up the DagBag from /opt/airflow/dags/ingest_historique.py
[2025-03-14T12:35:41.272+0000] {processor.py:839} INFO - DAG(s) dict_keys(['yfinance_ingestion_historique_gold']) retrieved from /opt/airflow/dags/ingest_historique.py
[2025-03-14T12:35:41.300+0000] {logging_mixin.py:151} INFO - [2025-03-14T12:35:41.300+0000] {dag.py:2915} INFO - Sync 1 DAGs
[2025-03-14T12:35:41.324+0000] {logging_mixin.py:151} INFO - [2025-03-14T12:35:41.324+0000] {dag.py:3696} INFO - Setting next_dagrun for yfinance_ingestion_historique_gold to 2025-03-14T00:00:00+00:00, run_after=2025-03-15T00:00:00+00:00
[2025-03-14T12:35:41.353+0000] {processor.py:179} INFO - Processing /opt/airflow/dags/ingest_historique.py took 0.807 seconds
[2025-03-14T12:36:11.468+0000] {processor.py:157} INFO - Started process (PID=1874) to work on /opt/airflow/dags/ingest_historique.py
[2025-03-14T12:36:11.470+0000] {processor.py:829} INFO - Processing file /opt/airflow/dags/ingest_historique.py for tasks to queue
[2025-03-14T12:36:11.471+0000] {logging_mixin.py:151} INFO - [2025-03-14T12:36:11.471+0000] {dagbag.py:539} INFO - Filling up the DagBag from /opt/airflow/dags/ingest_historique.py
[2025-03-14T12:36:12.214+0000] {processor.py:839} INFO - DAG(s) dict_keys(['yfinance_ingestion_historique_gold']) retrieved from /opt/airflow/dags/ingest_historique.py
[2025-03-14T12:36:12.252+0000] {logging_mixin.py:151} INFO - [2025-03-14T12:36:12.251+0000] {dag.py:2915} INFO - Sync 1 DAGs
[2025-03-14T12:36:12.300+0000] {logging_mixin.py:151} INFO - [2025-03-14T12:36:12.299+0000] {dag.py:3696} INFO - Setting next_dagrun for yfinance_ingestion_historique_gold to 2025-03-14T00:00:00+00:00, run_after=2025-03-15T00:00:00+00:00
[2025-03-14T12:36:12.330+0000] {processor.py:179} INFO - Processing /opt/airflow/dags/ingest_historique.py took 0.867 seconds
[2025-03-14T12:36:42.414+0000] {processor.py:157} INFO - Started process (PID=1886) to work on /opt/airflow/dags/ingest_historique.py
[2025-03-14T12:36:42.416+0000] {processor.py:829} INFO - Processing file /opt/airflow/dags/ingest_historique.py for tasks to queue
[2025-03-14T12:36:42.418+0000] {logging_mixin.py:151} INFO - [2025-03-14T12:36:42.417+0000] {dagbag.py:539} INFO - Filling up the DagBag from /opt/airflow/dags/ingest_historique.py
[2025-03-14T12:36:43.219+0000] {processor.py:839} INFO - DAG(s) dict_keys(['yfinance_ingestion_historique_gold']) retrieved from /opt/airflow/dags/ingest_historique.py
[2025-03-14T12:36:43.252+0000] {logging_mixin.py:151} INFO - [2025-03-14T12:36:43.252+0000] {dag.py:2915} INFO - Sync 1 DAGs
[2025-03-14T12:36:43.283+0000] {logging_mixin.py:151} INFO - [2025-03-14T12:36:43.283+0000] {dag.py:3696} INFO - Setting next_dagrun for yfinance_ingestion_historique_gold to 2025-03-14T00:00:00+00:00, run_after=2025-03-15T00:00:00+00:00
[2025-03-14T12:36:43.312+0000] {processor.py:179} INFO - Processing /opt/airflow/dags/ingest_historique.py took 0.903 seconds
[2025-03-14T12:37:13.999+0000] {processor.py:157} INFO - Started process (PID=1898) to work on /opt/airflow/dags/ingest_historique.py
[2025-03-14T12:37:14.000+0000] {processor.py:829} INFO - Processing file /opt/airflow/dags/ingest_historique.py for tasks to queue
[2025-03-14T12:37:14.003+0000] {logging_mixin.py:151} INFO - [2025-03-14T12:37:14.002+0000] {dagbag.py:539} INFO - Filling up the DagBag from /opt/airflow/dags/ingest_historique.py
[2025-03-14T12:37:14.841+0000] {processor.py:839} INFO - DAG(s) dict_keys(['yfinance_ingestion_historique_gold']) retrieved from /opt/airflow/dags/ingest_historique.py
[2025-03-14T12:37:14.885+0000] {logging_mixin.py:151} INFO - [2025-03-14T12:37:14.884+0000] {dag.py:2915} INFO - Sync 1 DAGs
[2025-03-14T12:37:14.927+0000] {logging_mixin.py:151} INFO - [2025-03-14T12:37:14.926+0000] {dag.py:3696} INFO - Setting next_dagrun for yfinance_ingestion_historique_gold to 2025-03-14T00:00:00+00:00, run_after=2025-03-15T00:00:00+00:00
[2025-03-14T12:37:14.969+0000] {processor.py:179} INFO - Processing /opt/airflow/dags/ingest_historique.py took 0.974 seconds
[2025-03-14T12:37:45.964+0000] {processor.py:157} INFO - Started process (PID=1910) to work on /opt/airflow/dags/ingest_historique.py
[2025-03-14T12:37:45.965+0000] {processor.py:829} INFO - Processing file /opt/airflow/dags/ingest_historique.py for tasks to queue
[2025-03-14T12:37:45.966+0000] {logging_mixin.py:151} INFO - [2025-03-14T12:37:45.966+0000] {dagbag.py:539} INFO - Filling up the DagBag from /opt/airflow/dags/ingest_historique.py
[2025-03-14T12:37:46.638+0000] {processor.py:839} INFO - DAG(s) dict_keys(['yfinance_ingestion_historique_gold']) retrieved from /opt/airflow/dags/ingest_historique.py
[2025-03-14T12:37:46.666+0000] {logging_mixin.py:151} INFO - [2025-03-14T12:37:46.666+0000] {dag.py:2915} INFO - Sync 1 DAGs
[2025-03-14T12:37:46.690+0000] {logging_mixin.py:151} INFO - [2025-03-14T12:37:46.690+0000] {dag.py:3696} INFO - Setting next_dagrun for yfinance_ingestion_historique_gold to 2025-03-14T00:00:00+00:00, run_after=2025-03-15T00:00:00+00:00
[2025-03-14T12:37:46.717+0000] {processor.py:179} INFO - Processing /opt/airflow/dags/ingest_historique.py took 0.757 seconds
[2025-03-14T12:38:16.791+0000] {processor.py:157} INFO - Started process (PID=1922) to work on /opt/airflow/dags/ingest_historique.py
[2025-03-14T12:38:16.792+0000] {processor.py:829} INFO - Processing file /opt/airflow/dags/ingest_historique.py for tasks to queue
[2025-03-14T12:38:16.794+0000] {logging_mixin.py:151} INFO - [2025-03-14T12:38:16.793+0000] {dagbag.py:539} INFO - Filling up the DagBag from /opt/airflow/dags/ingest_historique.py
[2025-03-14T12:38:17.448+0000] {processor.py:839} INFO - DAG(s) dict_keys(['yfinance_ingestion_historique_gold']) retrieved from /opt/airflow/dags/ingest_historique.py
[2025-03-14T12:38:17.475+0000] {logging_mixin.py:151} INFO - [2025-03-14T12:38:17.475+0000] {dag.py:2915} INFO - Sync 1 DAGs
[2025-03-14T12:38:17.500+0000] {logging_mixin.py:151} INFO - [2025-03-14T12:38:17.500+0000] {dag.py:3696} INFO - Setting next_dagrun for yfinance_ingestion_historique_gold to 2025-03-14T00:00:00+00:00, run_after=2025-03-15T00:00:00+00:00
[2025-03-14T12:38:17.528+0000] {processor.py:179} INFO - Processing /opt/airflow/dags/ingest_historique.py took 0.740 seconds
[2025-03-14T12:38:47.657+0000] {processor.py:157} INFO - Started process (PID=1934) to work on /opt/airflow/dags/ingest_historique.py
[2025-03-14T12:38:47.659+0000] {processor.py:829} INFO - Processing file /opt/airflow/dags/ingest_historique.py for tasks to queue
[2025-03-14T12:38:47.660+0000] {logging_mixin.py:151} INFO - [2025-03-14T12:38:47.660+0000] {dagbag.py:539} INFO - Filling up the DagBag from /opt/airflow/dags/ingest_historique.py
[2025-03-14T12:38:48.408+0000] {processor.py:839} INFO - DAG(s) dict_keys(['yfinance_ingestion_historique_gold']) retrieved from /opt/airflow/dags/ingest_historique.py
[2025-03-14T12:38:48.445+0000] {logging_mixin.py:151} INFO - [2025-03-14T12:38:48.444+0000] {dag.py:2915} INFO - Sync 1 DAGs
[2025-03-14T12:38:48.471+0000] {logging_mixin.py:151} INFO - [2025-03-14T12:38:48.471+0000] {dag.py:3696} INFO - Setting next_dagrun for yfinance_ingestion_historique_gold to 2025-03-14T00:00:00+00:00, run_after=2025-03-15T00:00:00+00:00
[2025-03-14T12:38:48.497+0000] {processor.py:179} INFO - Processing /opt/airflow/dags/ingest_historique.py took 0.846 seconds
[2025-03-14T12:39:18.617+0000] {processor.py:157} INFO - Started process (PID=1946) to work on /opt/airflow/dags/ingest_historique.py
[2025-03-14T12:39:18.620+0000] {processor.py:829} INFO - Processing file /opt/airflow/dags/ingest_historique.py for tasks to queue
[2025-03-14T12:39:18.622+0000] {logging_mixin.py:151} INFO - [2025-03-14T12:39:18.621+0000] {dagbag.py:539} INFO - Filling up the DagBag from /opt/airflow/dags/ingest_historique.py
[2025-03-14T12:39:19.357+0000] {processor.py:839} INFO - DAG(s) dict_keys(['yfinance_ingestion_historique_gold']) retrieved from /opt/airflow/dags/ingest_historique.py
[2025-03-14T12:39:19.384+0000] {logging_mixin.py:151} INFO - [2025-03-14T12:39:19.384+0000] {dag.py:2915} INFO - Sync 1 DAGs
[2025-03-14T12:39:19.409+0000] {logging_mixin.py:151} INFO - [2025-03-14T12:39:19.409+0000] {dag.py:3696} INFO - Setting next_dagrun for yfinance_ingestion_historique_gold to 2025-03-14T00:00:00+00:00, run_after=2025-03-15T00:00:00+00:00
[2025-03-14T12:39:19.438+0000] {processor.py:179} INFO - Processing /opt/airflow/dags/ingest_historique.py took 0.826 seconds
[2025-03-14T12:39:49.494+0000] {processor.py:157} INFO - Started process (PID=1955) to work on /opt/airflow/dags/ingest_historique.py
[2025-03-14T12:39:49.495+0000] {processor.py:829} INFO - Processing file /opt/airflow/dags/ingest_historique.py for tasks to queue
[2025-03-14T12:39:49.497+0000] {logging_mixin.py:151} INFO - [2025-03-14T12:39:49.496+0000] {dagbag.py:539} INFO - Filling up the DagBag from /opt/airflow/dags/ingest_historique.py
[2025-03-14T12:39:50.362+0000] {processor.py:839} INFO - DAG(s) dict_keys(['yfinance_ingestion_historique_gold']) retrieved from /opt/airflow/dags/ingest_historique.py
[2025-03-14T12:39:50.399+0000] {logging_mixin.py:151} INFO - [2025-03-14T12:39:50.398+0000] {dag.py:2915} INFO - Sync 1 DAGs
[2025-03-14T12:39:50.431+0000] {logging_mixin.py:151} INFO - [2025-03-14T12:39:50.430+0000] {dag.py:3696} INFO - Setting next_dagrun for yfinance_ingestion_historique_gold to 2025-03-14T00:00:00+00:00, run_after=2025-03-15T00:00:00+00:00
[2025-03-14T12:39:50.467+0000] {processor.py:179} INFO - Processing /opt/airflow/dags/ingest_historique.py took 0.978 seconds
[2025-03-14T12:40:20.762+0000] {processor.py:157} INFO - Started process (PID=1964) to work on /opt/airflow/dags/ingest_historique.py
[2025-03-14T12:40:20.764+0000] {processor.py:829} INFO - Processing file /opt/airflow/dags/ingest_historique.py for tasks to queue
[2025-03-14T12:40:20.767+0000] {logging_mixin.py:151} INFO - [2025-03-14T12:40:20.766+0000] {dagbag.py:539} INFO - Filling up the DagBag from /opt/airflow/dags/ingest_historique.py
[2025-03-14T12:40:21.730+0000] {processor.py:839} INFO - DAG(s) dict_keys(['yfinance_ingestion_historique_gold']) retrieved from /opt/airflow/dags/ingest_historique.py
[2025-03-14T12:40:21.771+0000] {logging_mixin.py:151} INFO - [2025-03-14T12:40:21.770+0000] {dag.py:2915} INFO - Sync 1 DAGs
[2025-03-14T12:40:21.802+0000] {logging_mixin.py:151} INFO - [2025-03-14T12:40:21.802+0000] {dag.py:3696} INFO - Setting next_dagrun for yfinance_ingestion_historique_gold to 2025-03-14T00:00:00+00:00, run_after=2025-03-15T00:00:00+00:00
[2025-03-14T12:40:21.826+0000] {processor.py:179} INFO - Processing /opt/airflow/dags/ingest_historique.py took 1.068 seconds
[2025-03-14T12:40:51.907+0000] {processor.py:157} INFO - Started process (PID=1976) to work on /opt/airflow/dags/ingest_historique.py
[2025-03-14T12:40:51.909+0000] {processor.py:829} INFO - Processing file /opt/airflow/dags/ingest_historique.py for tasks to queue
[2025-03-14T12:40:51.912+0000] {logging_mixin.py:151} INFO - [2025-03-14T12:40:51.911+0000] {dagbag.py:539} INFO - Filling up the DagBag from /opt/airflow/dags/ingest_historique.py
[2025-03-14T12:40:53.031+0000] {processor.py:839} INFO - DAG(s) dict_keys(['yfinance_ingestion_historique_gold']) retrieved from /opt/airflow/dags/ingest_historique.py
[2025-03-14T12:40:53.068+0000] {logging_mixin.py:151} INFO - [2025-03-14T12:40:53.067+0000] {dag.py:2915} INFO - Sync 1 DAGs
[2025-03-14T12:40:53.093+0000] {logging_mixin.py:151} INFO - [2025-03-14T12:40:53.093+0000] {dag.py:3696} INFO - Setting next_dagrun for yfinance_ingestion_historique_gold to 2025-03-14T00:00:00+00:00, run_after=2025-03-15T00:00:00+00:00
[2025-03-14T12:40:53.119+0000] {processor.py:179} INFO - Processing /opt/airflow/dags/ingest_historique.py took 1.219 seconds
[2025-03-14T12:41:23.872+0000] {processor.py:157} INFO - Started process (PID=1992) to work on /opt/airflow/dags/ingest_historique.py
[2025-03-14T12:41:23.874+0000] {processor.py:829} INFO - Processing file /opt/airflow/dags/ingest_historique.py for tasks to queue
[2025-03-14T12:41:23.875+0000] {logging_mixin.py:151} INFO - [2025-03-14T12:41:23.875+0000] {dagbag.py:539} INFO - Filling up the DagBag from /opt/airflow/dags/ingest_historique.py
[2025-03-14T12:41:24.624+0000] {processor.py:839} INFO - DAG(s) dict_keys(['yfinance_ingestion_historique_gold']) retrieved from /opt/airflow/dags/ingest_historique.py
[2025-03-14T12:41:24.656+0000] {logging_mixin.py:151} INFO - [2025-03-14T12:41:24.656+0000] {dag.py:2915} INFO - Sync 1 DAGs
[2025-03-14T12:41:24.683+0000] {logging_mixin.py:151} INFO - [2025-03-14T12:41:24.683+0000] {dag.py:3696} INFO - Setting next_dagrun for yfinance_ingestion_historique_gold to 2025-03-14T00:00:00+00:00, run_after=2025-03-15T00:00:00+00:00
[2025-03-14T12:41:24.716+0000] {processor.py:179} INFO - Processing /opt/airflow/dags/ingest_historique.py took 0.849 seconds
[2025-03-14T12:41:54.799+0000] {processor.py:157} INFO - Started process (PID=2003) to work on /opt/airflow/dags/ingest_historique.py
[2025-03-14T12:41:54.801+0000] {processor.py:829} INFO - Processing file /opt/airflow/dags/ingest_historique.py for tasks to queue
[2025-03-14T12:41:54.803+0000] {logging_mixin.py:151} INFO - [2025-03-14T12:41:54.802+0000] {dagbag.py:539} INFO - Filling up the DagBag from /opt/airflow/dags/ingest_historique.py
[2025-03-14T12:41:55.869+0000] {processor.py:839} INFO - DAG(s) dict_keys(['yfinance_ingestion_historique_gold']) retrieved from /opt/airflow/dags/ingest_historique.py
[2025-03-14T12:41:55.900+0000] {logging_mixin.py:151} INFO - [2025-03-14T12:41:55.900+0000] {dag.py:2915} INFO - Sync 1 DAGs
[2025-03-14T12:41:55.928+0000] {logging_mixin.py:151} INFO - [2025-03-14T12:41:55.927+0000] {dag.py:3696} INFO - Setting next_dagrun for yfinance_ingestion_historique_gold to 2025-03-14T00:00:00+00:00, run_after=2025-03-15T00:00:00+00:00
[2025-03-14T12:41:55.958+0000] {processor.py:179} INFO - Processing /opt/airflow/dags/ingest_historique.py took 1.163 seconds
[2025-03-14T12:42:26.150+0000] {processor.py:157} INFO - Started process (PID=2012) to work on /opt/airflow/dags/ingest_historique.py
[2025-03-14T12:42:26.152+0000] {processor.py:829} INFO - Processing file /opt/airflow/dags/ingest_historique.py for tasks to queue
[2025-03-14T12:42:26.153+0000] {logging_mixin.py:151} INFO - [2025-03-14T12:42:26.153+0000] {dagbag.py:539} INFO - Filling up the DagBag from /opt/airflow/dags/ingest_historique.py
[2025-03-14T12:42:26.857+0000] {processor.py:839} INFO - DAG(s) dict_keys(['yfinance_ingestion_historique_gold']) retrieved from /opt/airflow/dags/ingest_historique.py
[2025-03-14T12:42:26.892+0000] {logging_mixin.py:151} INFO - [2025-03-14T12:42:26.891+0000] {dag.py:2915} INFO - Sync 1 DAGs
[2025-03-14T12:42:26.922+0000] {logging_mixin.py:151} INFO - [2025-03-14T12:42:26.922+0000] {dag.py:3696} INFO - Setting next_dagrun for yfinance_ingestion_historique_gold to 2025-03-14T00:00:00+00:00, run_after=2025-03-15T00:00:00+00:00
[2025-03-14T12:42:26.952+0000] {processor.py:179} INFO - Processing /opt/airflow/dags/ingest_historique.py took 0.805 seconds
[2025-03-14T12:42:57.008+0000] {processor.py:157} INFO - Started process (PID=2024) to work on /opt/airflow/dags/ingest_historique.py
[2025-03-14T12:42:57.009+0000] {processor.py:829} INFO - Processing file /opt/airflow/dags/ingest_historique.py for tasks to queue
[2025-03-14T12:42:57.010+0000] {logging_mixin.py:151} INFO - [2025-03-14T12:42:57.010+0000] {dagbag.py:539} INFO - Filling up the DagBag from /opt/airflow/dags/ingest_historique.py
[2025-03-14T12:42:57.674+0000] {processor.py:839} INFO - DAG(s) dict_keys(['yfinance_ingestion_historique_gold']) retrieved from /opt/airflow/dags/ingest_historique.py
[2025-03-14T12:42:57.704+0000] {logging_mixin.py:151} INFO - [2025-03-14T12:42:57.703+0000] {dag.py:2915} INFO - Sync 1 DAGs
[2025-03-14T12:42:57.741+0000] {logging_mixin.py:151} INFO - [2025-03-14T12:42:57.741+0000] {dag.py:3696} INFO - Setting next_dagrun for yfinance_ingestion_historique_gold to 2025-03-14T00:00:00+00:00, run_after=2025-03-15T00:00:00+00:00
[2025-03-14T12:42:57.769+0000] {processor.py:179} INFO - Processing /opt/airflow/dags/ingest_historique.py took 0.765 seconds
[2025-03-14T12:43:27.952+0000] {processor.py:157} INFO - Started process (PID=2036) to work on /opt/airflow/dags/ingest_historique.py
[2025-03-14T12:43:27.954+0000] {processor.py:829} INFO - Processing file /opt/airflow/dags/ingest_historique.py for tasks to queue
[2025-03-14T12:43:27.955+0000] {logging_mixin.py:151} INFO - [2025-03-14T12:43:27.955+0000] {dagbag.py:539} INFO - Filling up the DagBag from /opt/airflow/dags/ingest_historique.py
[2025-03-14T12:43:28.624+0000] {processor.py:839} INFO - DAG(s) dict_keys(['yfinance_ingestion_historique_gold']) retrieved from /opt/airflow/dags/ingest_historique.py
[2025-03-14T12:43:28.655+0000] {logging_mixin.py:151} INFO - [2025-03-14T12:43:28.654+0000] {dag.py:2915} INFO - Sync 1 DAGs
[2025-03-14T12:43:28.686+0000] {logging_mixin.py:151} INFO - [2025-03-14T12:43:28.685+0000] {dag.py:3696} INFO - Setting next_dagrun for yfinance_ingestion_historique_gold to 2025-03-14T00:00:00+00:00, run_after=2025-03-15T00:00:00+00:00
[2025-03-14T12:43:28.730+0000] {processor.py:179} INFO - Processing /opt/airflow/dags/ingest_historique.py took 0.782 seconds
[2025-03-14T12:43:58.889+0000] {processor.py:157} INFO - Started process (PID=2048) to work on /opt/airflow/dags/ingest_historique.py
[2025-03-14T12:43:58.891+0000] {processor.py:829} INFO - Processing file /opt/airflow/dags/ingest_historique.py for tasks to queue
[2025-03-14T12:43:58.893+0000] {logging_mixin.py:151} INFO - [2025-03-14T12:43:58.893+0000] {dagbag.py:539} INFO - Filling up the DagBag from /opt/airflow/dags/ingest_historique.py
[2025-03-14T12:43:59.705+0000] {processor.py:839} INFO - DAG(s) dict_keys(['yfinance_ingestion_historique_gold']) retrieved from /opt/airflow/dags/ingest_historique.py
[2025-03-14T12:43:59.733+0000] {logging_mixin.py:151} INFO - [2025-03-14T12:43:59.733+0000] {dag.py:2915} INFO - Sync 1 DAGs
[2025-03-14T12:43:59.756+0000] {logging_mixin.py:151} INFO - [2025-03-14T12:43:59.756+0000] {dag.py:3696} INFO - Setting next_dagrun for yfinance_ingestion_historique_gold to 2025-03-14T00:00:00+00:00, run_after=2025-03-15T00:00:00+00:00
[2025-03-14T12:43:59.782+0000] {processor.py:179} INFO - Processing /opt/airflow/dags/ingest_historique.py took 0.897 seconds
[2025-03-14T12:44:29.847+0000] {processor.py:157} INFO - Started process (PID=2060) to work on /opt/airflow/dags/ingest_historique.py
[2025-03-14T12:44:29.848+0000] {processor.py:829} INFO - Processing file /opt/airflow/dags/ingest_historique.py for tasks to queue
[2025-03-14T12:44:29.849+0000] {logging_mixin.py:151} INFO - [2025-03-14T12:44:29.849+0000] {dagbag.py:539} INFO - Filling up the DagBag from /opt/airflow/dags/ingest_historique.py
[2025-03-14T12:44:30.513+0000] {processor.py:839} INFO - DAG(s) dict_keys(['yfinance_ingestion_historique_gold']) retrieved from /opt/airflow/dags/ingest_historique.py
[2025-03-14T12:44:30.543+0000] {logging_mixin.py:151} INFO - [2025-03-14T12:44:30.542+0000] {dag.py:2915} INFO - Sync 1 DAGs
[2025-03-14T12:44:30.568+0000] {logging_mixin.py:151} INFO - [2025-03-14T12:44:30.568+0000] {dag.py:3696} INFO - Setting next_dagrun for yfinance_ingestion_historique_gold to 2025-03-14T00:00:00+00:00, run_after=2025-03-15T00:00:00+00:00
[2025-03-14T12:44:30.594+0000] {processor.py:179} INFO - Processing /opt/airflow/dags/ingest_historique.py took 0.751 seconds
[2025-03-14T12:45:01.612+0000] {processor.py:157} INFO - Started process (PID=2072) to work on /opt/airflow/dags/ingest_historique.py
[2025-03-14T12:45:01.613+0000] {processor.py:829} INFO - Processing file /opt/airflow/dags/ingest_historique.py for tasks to queue
[2025-03-14T12:45:01.615+0000] {logging_mixin.py:151} INFO - [2025-03-14T12:45:01.614+0000] {dagbag.py:539} INFO - Filling up the DagBag from /opt/airflow/dags/ingest_historique.py
[2025-03-14T12:45:02.247+0000] {processor.py:839} INFO - DAG(s) dict_keys(['yfinance_ingestion_historique_gold']) retrieved from /opt/airflow/dags/ingest_historique.py
[2025-03-14T12:44:59.939+0000] {logging_mixin.py:151} INFO - [2025-03-14T12:44:59.938+0000] {dag.py:2915} INFO - Sync 1 DAGs
[2025-03-14T12:44:59.969+0000] {logging_mixin.py:151} INFO - [2025-03-14T12:44:59.969+0000] {dag.py:3696} INFO - Setting next_dagrun for yfinance_ingestion_historique_gold to 2025-03-14T00:00:00+00:00, run_after=2025-03-15T00:00:00+00:00
[2025-03-14T12:44:59.997+0000] {processor.py:179} INFO - Processing /opt/airflow/dags/ingest_historique.py took 0.734 seconds
[2025-03-14T12:45:30.152+0000] {processor.py:157} INFO - Started process (PID=2084) to work on /opt/airflow/dags/ingest_historique.py
[2025-03-14T12:45:30.155+0000] {processor.py:829} INFO - Processing file /opt/airflow/dags/ingest_historique.py for tasks to queue
[2025-03-14T12:45:30.157+0000] {logging_mixin.py:151} INFO - [2025-03-14T12:45:30.156+0000] {dagbag.py:539} INFO - Filling up the DagBag from /opt/airflow/dags/ingest_historique.py
[2025-03-14T12:45:30.890+0000] {processor.py:839} INFO - DAG(s) dict_keys(['yfinance_ingestion_historique_gold']) retrieved from /opt/airflow/dags/ingest_historique.py
[2025-03-14T12:45:30.929+0000] {logging_mixin.py:151} INFO - [2025-03-14T12:45:30.928+0000] {dag.py:2915} INFO - Sync 1 DAGs
[2025-03-14T12:45:30.966+0000] {logging_mixin.py:151} INFO - [2025-03-14T12:45:30.965+0000] {dag.py:3696} INFO - Setting next_dagrun for yfinance_ingestion_historique_gold to 2025-03-14T00:00:00+00:00, run_after=2025-03-15T00:00:00+00:00
[2025-03-14T12:45:30.998+0000] {processor.py:179} INFO - Processing /opt/airflow/dags/ingest_historique.py took 0.851 seconds
[2025-03-14T12:46:01.285+0000] {processor.py:157} INFO - Started process (PID=2096) to work on /opt/airflow/dags/ingest_historique.py
[2025-03-14T12:46:01.286+0000] {processor.py:829} INFO - Processing file /opt/airflow/dags/ingest_historique.py for tasks to queue
[2025-03-14T12:46:01.287+0000] {logging_mixin.py:151} INFO - [2025-03-14T12:46:01.287+0000] {dagbag.py:539} INFO - Filling up the DagBag from /opt/airflow/dags/ingest_historique.py
[2025-03-14T12:46:01.938+0000] {processor.py:839} INFO - DAG(s) dict_keys(['yfinance_ingestion_historique_gold']) retrieved from /opt/airflow/dags/ingest_historique.py
[2025-03-14T12:46:01.967+0000] {logging_mixin.py:151} INFO - [2025-03-14T12:46:01.966+0000] {dag.py:2915} INFO - Sync 1 DAGs
[2025-03-14T12:46:01.991+0000] {logging_mixin.py:151} INFO - [2025-03-14T12:46:01.991+0000] {dag.py:3696} INFO - Setting next_dagrun for yfinance_ingestion_historique_gold to 2025-03-14T00:00:00+00:00, run_after=2025-03-15T00:00:00+00:00
[2025-03-14T12:46:02.020+0000] {processor.py:179} INFO - Processing /opt/airflow/dags/ingest_historique.py took 0.739 seconds
[2025-03-14T12:46:32.086+0000] {processor.py:157} INFO - Started process (PID=2108) to work on /opt/airflow/dags/ingest_historique.py
[2025-03-14T12:46:32.087+0000] {processor.py:829} INFO - Processing file /opt/airflow/dags/ingest_historique.py for tasks to queue
[2025-03-14T12:46:32.088+0000] {logging_mixin.py:151} INFO - [2025-03-14T12:46:32.088+0000] {dagbag.py:539} INFO - Filling up the DagBag from /opt/airflow/dags/ingest_historique.py
[2025-03-14T12:46:32.735+0000] {processor.py:839} INFO - DAG(s) dict_keys(['yfinance_ingestion_historique_gold']) retrieved from /opt/airflow/dags/ingest_historique.py
[2025-03-14T12:46:32.766+0000] {logging_mixin.py:151} INFO - [2025-03-14T12:46:32.766+0000] {dag.py:2915} INFO - Sync 1 DAGs
[2025-03-14T12:46:32.791+0000] {logging_mixin.py:151} INFO - [2025-03-14T12:46:32.791+0000] {dag.py:3696} INFO - Setting next_dagrun for yfinance_ingestion_historique_gold to 2025-03-14T00:00:00+00:00, run_after=2025-03-15T00:00:00+00:00
[2025-03-14T12:46:32.821+0000] {processor.py:179} INFO - Processing /opt/airflow/dags/ingest_historique.py took 0.739 seconds
[2025-03-14T12:47:02.907+0000] {processor.py:157} INFO - Started process (PID=2120) to work on /opt/airflow/dags/ingest_historique.py
[2025-03-14T12:47:02.908+0000] {processor.py:829} INFO - Processing file /opt/airflow/dags/ingest_historique.py for tasks to queue
[2025-03-14T12:47:02.910+0000] {logging_mixin.py:151} INFO - [2025-03-14T12:47:02.909+0000] {dagbag.py:539} INFO - Filling up the DagBag from /opt/airflow/dags/ingest_historique.py
[2025-03-14T12:47:03.558+0000] {processor.py:839} INFO - DAG(s) dict_keys(['yfinance_ingestion_historique_gold']) retrieved from /opt/airflow/dags/ingest_historique.py
[2025-03-14T12:47:03.586+0000] {logging_mixin.py:151} INFO - [2025-03-14T12:47:03.586+0000] {dag.py:2915} INFO - Sync 1 DAGs
[2025-03-14T12:47:03.611+0000] {logging_mixin.py:151} INFO - [2025-03-14T12:47:03.611+0000] {dag.py:3696} INFO - Setting next_dagrun for yfinance_ingestion_historique_gold to 2025-03-14T00:00:00+00:00, run_after=2025-03-15T00:00:00+00:00
[2025-03-14T12:47:03.637+0000] {processor.py:179} INFO - Processing /opt/airflow/dags/ingest_historique.py took 0.735 seconds
[2025-03-14T12:47:34.674+0000] {processor.py:157} INFO - Started process (PID=2132) to work on /opt/airflow/dags/ingest_historique.py
[2025-03-14T12:47:34.675+0000] {processor.py:829} INFO - Processing file /opt/airflow/dags/ingest_historique.py for tasks to queue
[2025-03-14T12:47:34.676+0000] {logging_mixin.py:151} INFO - [2025-03-14T12:47:34.676+0000] {dagbag.py:539} INFO - Filling up the DagBag from /opt/airflow/dags/ingest_historique.py
[2025-03-14T12:47:35.342+0000] {processor.py:839} INFO - DAG(s) dict_keys(['yfinance_ingestion_historique_gold']) retrieved from /opt/airflow/dags/ingest_historique.py
[2025-03-14T12:47:35.370+0000] {logging_mixin.py:151} INFO - [2025-03-14T12:47:35.369+0000] {dag.py:2915} INFO - Sync 1 DAGs
[2025-03-14T12:47:35.394+0000] {logging_mixin.py:151} INFO - [2025-03-14T12:47:35.394+0000] {dag.py:3696} INFO - Setting next_dagrun for yfinance_ingestion_historique_gold to 2025-03-14T00:00:00+00:00, run_after=2025-03-15T00:00:00+00:00
[2025-03-14T12:47:35.424+0000] {processor.py:179} INFO - Processing /opt/airflow/dags/ingest_historique.py took 0.753 seconds
[2025-03-14T12:48:06.394+0000] {processor.py:157} INFO - Started process (PID=2144) to work on /opt/airflow/dags/ingest_historique.py
[2025-03-14T12:48:06.395+0000] {processor.py:829} INFO - Processing file /opt/airflow/dags/ingest_historique.py for tasks to queue
[2025-03-14T12:48:06.397+0000] {logging_mixin.py:151} INFO - [2025-03-14T12:48:06.397+0000] {dagbag.py:539} INFO - Filling up the DagBag from /opt/airflow/dags/ingest_historique.py
[2025-03-14T12:48:07.253+0000] {processor.py:839} INFO - DAG(s) dict_keys(['yfinance_ingestion_historique_gold']) retrieved from /opt/airflow/dags/ingest_historique.py
[2025-03-14T12:48:07.286+0000] {logging_mixin.py:151} INFO - [2025-03-14T12:48:07.285+0000] {dag.py:2915} INFO - Sync 1 DAGs
[2025-03-14T12:48:07.314+0000] {logging_mixin.py:151} INFO - [2025-03-14T12:48:07.314+0000] {dag.py:3696} INFO - Setting next_dagrun for yfinance_ingestion_historique_gold to 2025-03-14T00:00:00+00:00, run_after=2025-03-15T00:00:00+00:00
[2025-03-14T12:48:07.344+0000] {processor.py:179} INFO - Processing /opt/airflow/dags/ingest_historique.py took 0.955 seconds
[2025-03-14T12:48:37.420+0000] {processor.py:157} INFO - Started process (PID=2156) to work on /opt/airflow/dags/ingest_historique.py
[2025-03-14T12:48:37.421+0000] {processor.py:829} INFO - Processing file /opt/airflow/dags/ingest_historique.py for tasks to queue
[2025-03-14T12:48:37.423+0000] {logging_mixin.py:151} INFO - [2025-03-14T12:48:37.422+0000] {dagbag.py:539} INFO - Filling up the DagBag from /opt/airflow/dags/ingest_historique.py
[2025-03-14T12:48:38.159+0000] {processor.py:839} INFO - DAG(s) dict_keys(['yfinance_ingestion_historique_gold']) retrieved from /opt/airflow/dags/ingest_historique.py
[2025-03-14T12:48:38.186+0000] {logging_mixin.py:151} INFO - [2025-03-14T12:48:38.185+0000] {dag.py:2915} INFO - Sync 1 DAGs
[2025-03-14T12:48:38.217+0000] {logging_mixin.py:151} INFO - [2025-03-14T12:48:38.217+0000] {dag.py:3696} INFO - Setting next_dagrun for yfinance_ingestion_historique_gold to 2025-03-14T00:00:00+00:00, run_after=2025-03-15T00:00:00+00:00
[2025-03-14T12:48:38.245+0000] {processor.py:179} INFO - Processing /opt/airflow/dags/ingest_historique.py took 0.829 seconds
[2025-03-14T12:49:08.355+0000] {processor.py:157} INFO - Started process (PID=2168) to work on /opt/airflow/dags/ingest_historique.py
[2025-03-14T12:49:08.356+0000] {processor.py:829} INFO - Processing file /opt/airflow/dags/ingest_historique.py for tasks to queue
[2025-03-14T12:49:08.358+0000] {logging_mixin.py:151} INFO - [2025-03-14T12:49:08.357+0000] {dagbag.py:539} INFO - Filling up the DagBag from /opt/airflow/dags/ingest_historique.py
[2025-03-14T12:49:09.028+0000] {processor.py:839} INFO - DAG(s) dict_keys(['yfinance_ingestion_historique_gold']) retrieved from /opt/airflow/dags/ingest_historique.py
[2025-03-14T12:49:09.056+0000] {logging_mixin.py:151} INFO - [2025-03-14T12:49:09.055+0000] {dag.py:2915} INFO - Sync 1 DAGs
[2025-03-14T12:49:09.081+0000] {logging_mixin.py:151} INFO - [2025-03-14T12:49:09.080+0000] {dag.py:3696} INFO - Setting next_dagrun for yfinance_ingestion_historique_gold to 2025-03-14T00:00:00+00:00, run_after=2025-03-15T00:00:00+00:00
[2025-03-14T12:49:09.115+0000] {processor.py:179} INFO - Processing /opt/airflow/dags/ingest_historique.py took 0.765 seconds
[2025-03-14T12:49:39.786+0000] {processor.py:157} INFO - Started process (PID=2180) to work on /opt/airflow/dags/ingest_historique.py
[2025-03-14T12:49:39.788+0000] {processor.py:829} INFO - Processing file /opt/airflow/dags/ingest_historique.py for tasks to queue
[2025-03-14T12:49:39.789+0000] {logging_mixin.py:151} INFO - [2025-03-14T12:49:39.789+0000] {dagbag.py:539} INFO - Filling up the DagBag from /opt/airflow/dags/ingest_historique.py
[2025-03-14T12:49:40.623+0000] {processor.py:839} INFO - DAG(s) dict_keys(['yfinance_ingestion_historique_gold']) retrieved from /opt/airflow/dags/ingest_historique.py
[2025-03-14T12:49:40.655+0000] {logging_mixin.py:151} INFO - [2025-03-14T12:49:40.654+0000] {dag.py:2915} INFO - Sync 1 DAGs
[2025-03-14T12:49:40.681+0000] {logging_mixin.py:151} INFO - [2025-03-14T12:49:40.681+0000] {dag.py:3696} INFO - Setting next_dagrun for yfinance_ingestion_historique_gold to 2025-03-14T00:00:00+00:00, run_after=2025-03-15T00:00:00+00:00
[2025-03-14T12:49:40.717+0000] {processor.py:179} INFO - Processing /opt/airflow/dags/ingest_historique.py took 0.934 seconds
[2025-03-14T12:50:10.969+0000] {processor.py:157} INFO - Started process (PID=2192) to work on /opt/airflow/dags/ingest_historique.py
[2025-03-14T12:50:10.971+0000] {processor.py:829} INFO - Processing file /opt/airflow/dags/ingest_historique.py for tasks to queue
[2025-03-14T12:50:10.972+0000] {logging_mixin.py:151} INFO - [2025-03-14T12:50:10.972+0000] {dagbag.py:539} INFO - Filling up the DagBag from /opt/airflow/dags/ingest_historique.py
[2025-03-14T12:50:11.760+0000] {processor.py:839} INFO - DAG(s) dict_keys(['yfinance_ingestion_historique_gold']) retrieved from /opt/airflow/dags/ingest_historique.py
[2025-03-14T12:50:11.786+0000] {logging_mixin.py:151} INFO - [2025-03-14T12:50:11.785+0000] {dag.py:2915} INFO - Sync 1 DAGs
[2025-03-14T12:50:11.816+0000] {logging_mixin.py:151} INFO - [2025-03-14T12:50:11.816+0000] {dag.py:3696} INFO - Setting next_dagrun for yfinance_ingestion_historique_gold to 2025-03-14T00:00:00+00:00, run_after=2025-03-15T00:00:00+00:00
[2025-03-14T12:50:11.845+0000] {processor.py:179} INFO - Processing /opt/airflow/dags/ingest_historique.py took 0.879 seconds
[2025-03-14T12:50:42.756+0000] {processor.py:157} INFO - Started process (PID=2204) to work on /opt/airflow/dags/ingest_historique.py
[2025-03-14T12:50:42.758+0000] {processor.py:829} INFO - Processing file /opt/airflow/dags/ingest_historique.py for tasks to queue
[2025-03-14T12:50:42.760+0000] {logging_mixin.py:151} INFO - [2025-03-14T12:50:42.760+0000] {dagbag.py:539} INFO - Filling up the DagBag from /opt/airflow/dags/ingest_historique.py
[2025-03-14T12:50:43.522+0000] {processor.py:839} INFO - DAG(s) dict_keys(['yfinance_ingestion_historique_gold']) retrieved from /opt/airflow/dags/ingest_historique.py
[2025-03-14T12:50:43.553+0000] {logging_mixin.py:151} INFO - [2025-03-14T12:50:43.552+0000] {dag.py:2915} INFO - Sync 1 DAGs
[2025-03-14T12:50:43.578+0000] {logging_mixin.py:151} INFO - [2025-03-14T12:50:43.577+0000] {dag.py:3696} INFO - Setting next_dagrun for yfinance_ingestion_historique_gold to 2025-03-14T00:00:00+00:00, run_after=2025-03-15T00:00:00+00:00
[2025-03-14T12:50:43.607+0000] {processor.py:179} INFO - Processing /opt/airflow/dags/ingest_historique.py took 0.856 seconds
[2025-03-14T12:51:13.740+0000] {processor.py:157} INFO - Started process (PID=2216) to work on /opt/airflow/dags/ingest_historique.py
[2025-03-14T12:51:13.741+0000] {processor.py:829} INFO - Processing file /opt/airflow/dags/ingest_historique.py for tasks to queue
[2025-03-14T12:51:13.742+0000] {logging_mixin.py:151} INFO - [2025-03-14T12:51:13.741+0000] {dagbag.py:539} INFO - Filling up the DagBag from /opt/airflow/dags/ingest_historique.py
[2025-03-14T12:51:14.335+0000] {processor.py:839} INFO - DAG(s) dict_keys(['yfinance_ingestion_historique_gold']) retrieved from /opt/airflow/dags/ingest_historique.py
[2025-03-14T12:51:14.358+0000] {logging_mixin.py:151} INFO - [2025-03-14T12:51:14.357+0000] {dag.py:2915} INFO - Sync 1 DAGs
[2025-03-14T12:51:14.377+0000] {logging_mixin.py:151} INFO - [2025-03-14T12:51:14.377+0000] {dag.py:3696} INFO - Setting next_dagrun for yfinance_ingestion_historique_gold to 2025-03-14T00:00:00+00:00, run_after=2025-03-15T00:00:00+00:00
[2025-03-14T12:51:14.403+0000] {processor.py:179} INFO - Processing /opt/airflow/dags/ingest_historique.py took 0.667 seconds
[2025-03-14T12:51:44.541+0000] {processor.py:157} INFO - Started process (PID=2228) to work on /opt/airflow/dags/ingest_historique.py
[2025-03-14T12:51:44.542+0000] {processor.py:829} INFO - Processing file /opt/airflow/dags/ingest_historique.py for tasks to queue
[2025-03-14T12:51:44.544+0000] {logging_mixin.py:151} INFO - [2025-03-14T12:51:44.543+0000] {dagbag.py:539} INFO - Filling up the DagBag from /opt/airflow/dags/ingest_historique.py
[2025-03-14T12:51:45.175+0000] {processor.py:839} INFO - DAG(s) dict_keys(['yfinance_ingestion_historique_gold']) retrieved from /opt/airflow/dags/ingest_historique.py
[2025-03-14T12:51:45.201+0000] {logging_mixin.py:151} INFO - [2025-03-14T12:51:45.201+0000] {dag.py:2915} INFO - Sync 1 DAGs
[2025-03-14T12:51:45.225+0000] {logging_mixin.py:151} INFO - [2025-03-14T12:51:45.225+0000] {dag.py:3696} INFO - Setting next_dagrun for yfinance_ingestion_historique_gold to 2025-03-14T00:00:00+00:00, run_after=2025-03-15T00:00:00+00:00
[2025-03-14T12:51:45.248+0000] {processor.py:179} INFO - Processing /opt/airflow/dags/ingest_historique.py took 0.710 seconds
[2025-03-14T12:52:15.335+0000] {processor.py:157} INFO - Started process (PID=2240) to work on /opt/airflow/dags/ingest_historique.py
[2025-03-14T12:52:15.336+0000] {processor.py:829} INFO - Processing file /opt/airflow/dags/ingest_historique.py for tasks to queue
[2025-03-14T12:52:15.337+0000] {logging_mixin.py:151} INFO - [2025-03-14T12:52:15.337+0000] {dagbag.py:539} INFO - Filling up the DagBag from /opt/airflow/dags/ingest_historique.py
[2025-03-14T12:52:15.908+0000] {processor.py:839} INFO - DAG(s) dict_keys(['yfinance_ingestion_historique_gold']) retrieved from /opt/airflow/dags/ingest_historique.py
[2025-03-14T12:52:15.934+0000] {logging_mixin.py:151} INFO - [2025-03-14T12:52:15.934+0000] {dag.py:2915} INFO - Sync 1 DAGs
[2025-03-14T12:52:15.957+0000] {logging_mixin.py:151} INFO - [2025-03-14T12:52:15.957+0000] {dag.py:3696} INFO - Setting next_dagrun for yfinance_ingestion_historique_gold to 2025-03-14T00:00:00+00:00, run_after=2025-03-15T00:00:00+00:00
[2025-03-14T12:52:15.979+0000] {processor.py:179} INFO - Processing /opt/airflow/dags/ingest_historique.py took 0.648 seconds
[2025-03-14T12:52:46.521+0000] {processor.py:157} INFO - Started process (PID=2252) to work on /opt/airflow/dags/ingest_historique.py
[2025-03-14T12:52:46.522+0000] {processor.py:829} INFO - Processing file /opt/airflow/dags/ingest_historique.py for tasks to queue
[2025-03-14T12:52:46.523+0000] {logging_mixin.py:151} INFO - [2025-03-14T12:52:46.523+0000] {dagbag.py:539} INFO - Filling up the DagBag from /opt/airflow/dags/ingest_historique.py
[2025-03-14T12:52:47.062+0000] {processor.py:839} INFO - DAG(s) dict_keys(['yfinance_ingestion_historique_gold']) retrieved from /opt/airflow/dags/ingest_historique.py
[2025-03-14T12:52:47.087+0000] {logging_mixin.py:151} INFO - [2025-03-14T12:52:47.086+0000] {dag.py:2915} INFO - Sync 1 DAGs
[2025-03-14T12:52:47.121+0000] {logging_mixin.py:151} INFO - [2025-03-14T12:52:47.120+0000] {dag.py:3696} INFO - Setting next_dagrun for yfinance_ingestion_historique_gold to 2025-03-14T00:00:00+00:00, run_after=2025-03-15T00:00:00+00:00
[2025-03-14T12:52:47.209+0000] {processor.py:179} INFO - Processing /opt/airflow/dags/ingest_historique.py took 0.692 seconds
[2025-03-14T12:53:17.298+0000] {processor.py:157} INFO - Started process (PID=2264) to work on /opt/airflow/dags/ingest_historique.py
[2025-03-14T12:53:17.299+0000] {processor.py:829} INFO - Processing file /opt/airflow/dags/ingest_historique.py for tasks to queue
[2025-03-14T12:53:17.301+0000] {logging_mixin.py:151} INFO - [2025-03-14T12:53:17.300+0000] {dagbag.py:539} INFO - Filling up the DagBag from /opt/airflow/dags/ingest_historique.py
[2025-03-14T12:53:17.906+0000] {processor.py:839} INFO - DAG(s) dict_keys(['yfinance_ingestion_historique_gold']) retrieved from /opt/airflow/dags/ingest_historique.py
[2025-03-14T12:53:17.943+0000] {logging_mixin.py:151} INFO - [2025-03-14T12:53:17.942+0000] {dag.py:2915} INFO - Sync 1 DAGs
[2025-03-14T12:53:17.966+0000] {logging_mixin.py:151} INFO - [2025-03-14T12:53:17.966+0000] {dag.py:3696} INFO - Setting next_dagrun for yfinance_ingestion_historique_gold to 2025-03-14T00:00:00+00:00, run_after=2025-03-15T00:00:00+00:00
[2025-03-14T12:53:17.986+0000] {processor.py:179} INFO - Processing /opt/airflow/dags/ingest_historique.py took 0.691 seconds
[2025-03-14T12:53:48.658+0000] {processor.py:157} INFO - Started process (PID=2276) to work on /opt/airflow/dags/ingest_historique.py
[2025-03-14T12:53:48.659+0000] {processor.py:829} INFO - Processing file /opt/airflow/dags/ingest_historique.py for tasks to queue
[2025-03-14T12:53:48.660+0000] {logging_mixin.py:151} INFO - [2025-03-14T12:53:48.660+0000] {dagbag.py:539} INFO - Filling up the DagBag from /opt/airflow/dags/ingest_historique.py
[2025-03-14T12:53:49.190+0000] {processor.py:839} INFO - DAG(s) dict_keys(['yfinance_ingestion_historique_gold']) retrieved from /opt/airflow/dags/ingest_historique.py
[2025-03-14T12:53:49.231+0000] {logging_mixin.py:151} INFO - [2025-03-14T12:53:49.229+0000] {dag.py:2915} INFO - Sync 1 DAGs
[2025-03-14T12:53:49.268+0000] {logging_mixin.py:151} INFO - [2025-03-14T12:53:49.267+0000] {dag.py:3696} INFO - Setting next_dagrun for yfinance_ingestion_historique_gold to 2025-03-14T00:00:00+00:00, run_after=2025-03-15T00:00:00+00:00
[2025-03-14T12:53:49.303+0000] {processor.py:179} INFO - Processing /opt/airflow/dags/ingest_historique.py took 0.648 seconds
[2025-03-14T12:54:19.692+0000] {processor.py:157} INFO - Started process (PID=2288) to work on /opt/airflow/dags/ingest_historique.py
[2025-03-14T12:54:19.693+0000] {processor.py:829} INFO - Processing file /opt/airflow/dags/ingest_historique.py for tasks to queue
[2025-03-14T12:54:19.694+0000] {logging_mixin.py:151} INFO - [2025-03-14T12:54:19.694+0000] {dagbag.py:539} INFO - Filling up the DagBag from /opt/airflow/dags/ingest_historique.py
[2025-03-14T12:54:20.340+0000] {processor.py:839} INFO - DAG(s) dict_keys(['yfinance_ingestion_historique_gold']) retrieved from /opt/airflow/dags/ingest_historique.py
[2025-03-14T12:54:20.388+0000] {logging_mixin.py:151} INFO - [2025-03-14T12:54:20.387+0000] {dag.py:2915} INFO - Sync 1 DAGs
[2025-03-14T12:54:20.433+0000] {logging_mixin.py:151} INFO - [2025-03-14T12:54:20.433+0000] {dag.py:3696} INFO - Setting next_dagrun for yfinance_ingestion_historique_gold to 2025-03-14T00:00:00+00:00, run_after=2025-03-15T00:00:00+00:00
[2025-03-14T12:54:20.468+0000] {processor.py:179} INFO - Processing /opt/airflow/dags/ingest_historique.py took 0.780 seconds
[2025-03-14T12:54:50.977+0000] {processor.py:157} INFO - Started process (PID=2300) to work on /opt/airflow/dags/ingest_historique.py
[2025-03-14T12:54:50.978+0000] {processor.py:829} INFO - Processing file /opt/airflow/dags/ingest_historique.py for tasks to queue
[2025-03-14T12:54:50.979+0000] {logging_mixin.py:151} INFO - [2025-03-14T12:54:50.978+0000] {dagbag.py:539} INFO - Filling up the DagBag from /opt/airflow/dags/ingest_historique.py
[2025-03-14T12:54:51.516+0000] {processor.py:839} INFO - DAG(s) dict_keys(['yfinance_ingestion_historique_gold']) retrieved from /opt/airflow/dags/ingest_historique.py
[2025-03-14T12:54:51.554+0000] {logging_mixin.py:151} INFO - [2025-03-14T12:54:51.554+0000] {dag.py:2915} INFO - Sync 1 DAGs
[2025-03-14T12:54:51.582+0000] {logging_mixin.py:151} INFO - [2025-03-14T12:54:51.582+0000] {dag.py:3696} INFO - Setting next_dagrun for yfinance_ingestion_historique_gold to 2025-03-14T00:00:00+00:00, run_after=2025-03-15T00:00:00+00:00
[2025-03-14T12:54:51.611+0000] {processor.py:179} INFO - Processing /opt/airflow/dags/ingest_historique.py took 0.638 seconds
[2025-03-14T12:55:22.381+0000] {processor.py:157} INFO - Started process (PID=2312) to work on /opt/airflow/dags/ingest_historique.py
[2025-03-14T12:55:22.382+0000] {processor.py:829} INFO - Processing file /opt/airflow/dags/ingest_historique.py for tasks to queue
[2025-03-14T12:55:22.383+0000] {logging_mixin.py:151} INFO - [2025-03-14T12:55:22.383+0000] {dagbag.py:539} INFO - Filling up the DagBag from /opt/airflow/dags/ingest_historique.py
[2025-03-14T12:55:23.060+0000] {processor.py:839} INFO - DAG(s) dict_keys(['yfinance_ingestion_historique_gold']) retrieved from /opt/airflow/dags/ingest_historique.py
[2025-03-14T12:55:23.081+0000] {logging_mixin.py:151} INFO - [2025-03-14T12:55:23.080+0000] {dag.py:2915} INFO - Sync 1 DAGs
[2025-03-14T12:55:23.101+0000] {logging_mixin.py:151} INFO - [2025-03-14T12:55:23.101+0000] {dag.py:3696} INFO - Setting next_dagrun for yfinance_ingestion_historique_gold to 2025-03-14T00:00:00+00:00, run_after=2025-03-15T00:00:00+00:00
[2025-03-14T12:55:23.123+0000] {processor.py:179} INFO - Processing /opt/airflow/dags/ingest_historique.py took 0.746 seconds
[2025-03-14T12:55:53.260+0000] {processor.py:157} INFO - Started process (PID=2324) to work on /opt/airflow/dags/ingest_historique.py
[2025-03-14T12:55:53.262+0000] {processor.py:829} INFO - Processing file /opt/airflow/dags/ingest_historique.py for tasks to queue
[2025-03-14T12:55:53.263+0000] {logging_mixin.py:151} INFO - [2025-03-14T12:55:53.263+0000] {dagbag.py:539} INFO - Filling up the DagBag from /opt/airflow/dags/ingest_historique.py
[2025-03-14T12:55:53.869+0000] {processor.py:839} INFO - DAG(s) dict_keys(['yfinance_ingestion_historique_gold']) retrieved from /opt/airflow/dags/ingest_historique.py
[2025-03-14T12:55:53.895+0000] {logging_mixin.py:151} INFO - [2025-03-14T12:55:53.894+0000] {dag.py:2915} INFO - Sync 1 DAGs
[2025-03-14T12:55:53.916+0000] {logging_mixin.py:151} INFO - [2025-03-14T12:55:53.916+0000] {dag.py:3696} INFO - Setting next_dagrun for yfinance_ingestion_historique_gold to 2025-03-14T00:00:00+00:00, run_after=2025-03-15T00:00:00+00:00
[2025-03-14T12:55:53.940+0000] {processor.py:179} INFO - Processing /opt/airflow/dags/ingest_historique.py took 0.683 seconds
[2025-03-14T12:56:24.042+0000] {processor.py:157} INFO - Started process (PID=2336) to work on /opt/airflow/dags/ingest_historique.py
[2025-03-14T12:56:24.044+0000] {processor.py:829} INFO - Processing file /opt/airflow/dags/ingest_historique.py for tasks to queue
[2025-03-14T12:56:24.046+0000] {logging_mixin.py:151} INFO - [2025-03-14T12:56:24.045+0000] {dagbag.py:539} INFO - Filling up the DagBag from /opt/airflow/dags/ingest_historique.py
[2025-03-14T12:56:24.684+0000] {processor.py:839} INFO - DAG(s) dict_keys(['yfinance_ingestion_historique_gold']) retrieved from /opt/airflow/dags/ingest_historique.py
[2025-03-14T12:56:24.716+0000] {logging_mixin.py:151} INFO - [2025-03-14T12:56:24.715+0000] {dag.py:2915} INFO - Sync 1 DAGs
[2025-03-14T12:56:24.745+0000] {logging_mixin.py:151} INFO - [2025-03-14T12:56:24.745+0000] {dag.py:3696} INFO - Setting next_dagrun for yfinance_ingestion_historique_gold to 2025-03-14T00:00:00+00:00, run_after=2025-03-15T00:00:00+00:00
[2025-03-14T12:56:24.768+0000] {processor.py:179} INFO - Processing /opt/airflow/dags/ingest_historique.py took 0.732 seconds
[2025-03-14T12:56:55.705+0000] {processor.py:157} INFO - Started process (PID=2348) to work on /opt/airflow/dags/ingest_historique.py
[2025-03-14T12:56:55.706+0000] {processor.py:829} INFO - Processing file /opt/airflow/dags/ingest_historique.py for tasks to queue
[2025-03-14T12:56:55.708+0000] {logging_mixin.py:151} INFO - [2025-03-14T12:56:55.707+0000] {dagbag.py:539} INFO - Filling up the DagBag from /opt/airflow/dags/ingest_historique.py
[2025-03-14T12:56:56.290+0000] {processor.py:839} INFO - DAG(s) dict_keys(['yfinance_ingestion_historique_gold']) retrieved from /opt/airflow/dags/ingest_historique.py
[2025-03-14T12:56:56.316+0000] {logging_mixin.py:151} INFO - [2025-03-14T12:56:56.315+0000] {dag.py:2915} INFO - Sync 1 DAGs
[2025-03-14T12:56:56.337+0000] {logging_mixin.py:151} INFO - [2025-03-14T12:56:56.336+0000] {dag.py:3696} INFO - Setting next_dagrun for yfinance_ingestion_historique_gold to 2025-03-14T00:00:00+00:00, run_after=2025-03-15T00:00:00+00:00
[2025-03-14T12:56:56.359+0000] {processor.py:179} INFO - Processing /opt/airflow/dags/ingest_historique.py took 0.657 seconds
[2025-03-14T12:57:26.461+0000] {processor.py:157} INFO - Started process (PID=2360) to work on /opt/airflow/dags/ingest_historique.py
[2025-03-14T12:57:26.463+0000] {processor.py:829} INFO - Processing file /opt/airflow/dags/ingest_historique.py for tasks to queue
[2025-03-14T12:57:26.464+0000] {logging_mixin.py:151} INFO - [2025-03-14T12:57:26.464+0000] {dagbag.py:539} INFO - Filling up the DagBag from /opt/airflow/dags/ingest_historique.py
[2025-03-14T12:57:27.011+0000] {processor.py:839} INFO - DAG(s) dict_keys(['yfinance_ingestion_historique_gold']) retrieved from /opt/airflow/dags/ingest_historique.py
[2025-03-14T12:57:27.038+0000] {logging_mixin.py:151} INFO - [2025-03-14T12:57:27.037+0000] {dag.py:2915} INFO - Sync 1 DAGs
[2025-03-14T12:57:27.062+0000] {logging_mixin.py:151} INFO - [2025-03-14T12:57:27.062+0000] {dag.py:3696} INFO - Setting next_dagrun for yfinance_ingestion_historique_gold to 2025-03-14T00:00:00+00:00, run_after=2025-03-15T00:00:00+00:00
[2025-03-14T12:57:27.091+0000] {processor.py:179} INFO - Processing /opt/airflow/dags/ingest_historique.py took 0.633 seconds
[2025-03-14T12:57:57.280+0000] {processor.py:157} INFO - Started process (PID=2372) to work on /opt/airflow/dags/ingest_historique.py
[2025-03-14T12:57:57.282+0000] {processor.py:829} INFO - Processing file /opt/airflow/dags/ingest_historique.py for tasks to queue
[2025-03-14T12:57:57.284+0000] {logging_mixin.py:151} INFO - [2025-03-14T12:57:57.283+0000] {dagbag.py:539} INFO - Filling up the DagBag from /opt/airflow/dags/ingest_historique.py
[2025-03-14T12:57:58.293+0000] {processor.py:839} INFO - DAG(s) dict_keys(['yfinance_ingestion_historique_gold']) retrieved from /opt/airflow/dags/ingest_historique.py
[2025-03-14T12:57:58.334+0000] {logging_mixin.py:151} INFO - [2025-03-14T12:57:58.333+0000] {dag.py:2915} INFO - Sync 1 DAGs
[2025-03-14T12:57:58.373+0000] {logging_mixin.py:151} INFO - [2025-03-14T12:57:58.373+0000] {dag.py:3696} INFO - Setting next_dagrun for yfinance_ingestion_historique_gold to 2025-03-14T00:00:00+00:00, run_after=2025-03-15T00:00:00+00:00
[2025-03-14T12:57:58.418+0000] {processor.py:179} INFO - Processing /opt/airflow/dags/ingest_historique.py took 1.144 seconds
[2025-03-14T12:58:29.458+0000] {processor.py:157} INFO - Started process (PID=2384) to work on /opt/airflow/dags/ingest_historique.py
[2025-03-14T12:58:29.460+0000] {processor.py:829} INFO - Processing file /opt/airflow/dags/ingest_historique.py for tasks to queue
[2025-03-14T12:58:29.461+0000] {logging_mixin.py:151} INFO - [2025-03-14T12:58:29.461+0000] {dagbag.py:539} INFO - Filling up the DagBag from /opt/airflow/dags/ingest_historique.py
[2025-03-14T12:58:30.084+0000] {processor.py:839} INFO - DAG(s) dict_keys(['yfinance_ingestion_historique_gold']) retrieved from /opt/airflow/dags/ingest_historique.py
[2025-03-14T12:58:30.108+0000] {logging_mixin.py:151} INFO - [2025-03-14T12:58:30.107+0000] {dag.py:2915} INFO - Sync 1 DAGs
[2025-03-14T12:58:30.127+0000] {logging_mixin.py:151} INFO - [2025-03-14T12:58:30.126+0000] {dag.py:3696} INFO - Setting next_dagrun for yfinance_ingestion_historique_gold to 2025-03-14T00:00:00+00:00, run_after=2025-03-15T00:00:00+00:00
[2025-03-14T12:58:30.152+0000] {processor.py:179} INFO - Processing /opt/airflow/dags/ingest_historique.py took 0.697 seconds
[2025-03-14T12:59:00.358+0000] {processor.py:157} INFO - Started process (PID=2396) to work on /opt/airflow/dags/ingest_historique.py
[2025-03-14T12:59:00.359+0000] {processor.py:829} INFO - Processing file /opt/airflow/dags/ingest_historique.py for tasks to queue
[2025-03-14T12:59:00.360+0000] {logging_mixin.py:151} INFO - [2025-03-14T12:59:00.359+0000] {dagbag.py:539} INFO - Filling up the DagBag from /opt/airflow/dags/ingest_historique.py
[2025-03-14T12:59:00.924+0000] {processor.py:839} INFO - DAG(s) dict_keys(['yfinance_ingestion_historique_gold']) retrieved from /opt/airflow/dags/ingest_historique.py
[2025-03-14T12:59:00.950+0000] {logging_mixin.py:151} INFO - [2025-03-14T12:59:00.949+0000] {dag.py:2915} INFO - Sync 1 DAGs
[2025-03-14T12:59:00.968+0000] {logging_mixin.py:151} INFO - [2025-03-14T12:59:00.967+0000] {dag.py:3696} INFO - Setting next_dagrun for yfinance_ingestion_historique_gold to 2025-03-14T00:00:00+00:00, run_after=2025-03-15T00:00:00+00:00
[2025-03-14T12:59:00.987+0000] {processor.py:179} INFO - Processing /opt/airflow/dags/ingest_historique.py took 0.633 seconds
[2025-03-14T12:59:31.329+0000] {processor.py:157} INFO - Started process (PID=2408) to work on /opt/airflow/dags/ingest_historique.py
[2025-03-14T12:59:31.330+0000] {processor.py:829} INFO - Processing file /opt/airflow/dags/ingest_historique.py for tasks to queue
[2025-03-14T12:59:31.331+0000] {logging_mixin.py:151} INFO - [2025-03-14T12:59:31.331+0000] {dagbag.py:539} INFO - Filling up the DagBag from /opt/airflow/dags/ingest_historique.py
[2025-03-14T12:59:31.912+0000] {processor.py:839} INFO - DAG(s) dict_keys(['yfinance_ingestion_historique_gold']) retrieved from /opt/airflow/dags/ingest_historique.py
[2025-03-14T12:59:31.938+0000] {logging_mixin.py:151} INFO - [2025-03-14T12:59:31.937+0000] {dag.py:2915} INFO - Sync 1 DAGs
[2025-03-14T12:59:31.959+0000] {logging_mixin.py:151} INFO - [2025-03-14T12:59:31.958+0000] {dag.py:3696} INFO - Setting next_dagrun for yfinance_ingestion_historique_gold to 2025-03-14T00:00:00+00:00, run_after=2025-03-15T00:00:00+00:00
[2025-03-14T12:59:31.986+0000] {processor.py:179} INFO - Processing /opt/airflow/dags/ingest_historique.py took 0.660 seconds
[2025-03-14T13:00:02.307+0000] {processor.py:157} INFO - Started process (PID=2420) to work on /opt/airflow/dags/ingest_historique.py
[2025-03-14T13:00:02.309+0000] {processor.py:829} INFO - Processing file /opt/airflow/dags/ingest_historique.py for tasks to queue
[2025-03-14T13:00:02.312+0000] {logging_mixin.py:151} INFO - [2025-03-14T13:00:02.312+0000] {dagbag.py:539} INFO - Filling up the DagBag from /opt/airflow/dags/ingest_historique.py
[2025-03-14T13:00:03.088+0000] {processor.py:839} INFO - DAG(s) dict_keys(['yfinance_ingestion_historique_gold']) retrieved from /opt/airflow/dags/ingest_historique.py
[2025-03-14T13:00:03.112+0000] {logging_mixin.py:151} INFO - [2025-03-14T13:00:03.111+0000] {dag.py:2915} INFO - Sync 1 DAGs
[2025-03-14T13:00:03.137+0000] {logging_mixin.py:151} INFO - [2025-03-14T13:00:03.136+0000] {dag.py:3696} INFO - Setting next_dagrun for yfinance_ingestion_historique_gold to 2025-03-14T00:00:00+00:00, run_after=2025-03-15T00:00:00+00:00
[2025-03-14T13:00:03.157+0000] {processor.py:179} INFO - Processing /opt/airflow/dags/ingest_historique.py took 0.855 seconds
[2025-03-14T13:00:33.214+0000] {processor.py:157} INFO - Started process (PID=2432) to work on /opt/airflow/dags/ingest_historique.py
[2025-03-14T13:00:33.216+0000] {processor.py:829} INFO - Processing file /opt/airflow/dags/ingest_historique.py for tasks to queue
[2025-03-14T13:00:33.218+0000] {logging_mixin.py:151} INFO - [2025-03-14T13:00:33.217+0000] {dagbag.py:539} INFO - Filling up the DagBag from /opt/airflow/dags/ingest_historique.py
[2025-03-14T13:00:33.842+0000] {processor.py:839} INFO - DAG(s) dict_keys(['yfinance_ingestion_historique_gold']) retrieved from /opt/airflow/dags/ingest_historique.py
[2025-03-14T13:00:33.868+0000] {logging_mixin.py:151} INFO - [2025-03-14T13:00:33.867+0000] {dag.py:2915} INFO - Sync 1 DAGs
[2025-03-14T13:00:33.890+0000] {logging_mixin.py:151} INFO - [2025-03-14T13:00:33.889+0000] {dag.py:3696} INFO - Setting next_dagrun for yfinance_ingestion_historique_gold to 2025-03-14T00:00:00+00:00, run_after=2025-03-15T00:00:00+00:00
[2025-03-14T13:00:33.915+0000] {processor.py:179} INFO - Processing /opt/airflow/dags/ingest_historique.py took 0.706 seconds
[2025-03-14T13:01:04.057+0000] {processor.py:157} INFO - Started process (PID=2444) to work on /opt/airflow/dags/ingest_historique.py
[2025-03-14T13:01:04.058+0000] {processor.py:829} INFO - Processing file /opt/airflow/dags/ingest_historique.py for tasks to queue
[2025-03-14T13:01:04.059+0000] {logging_mixin.py:151} INFO - [2025-03-14T13:01:04.059+0000] {dagbag.py:539} INFO - Filling up the DagBag from /opt/airflow/dags/ingest_historique.py
[2025-03-14T13:01:04.589+0000] {processor.py:839} INFO - DAG(s) dict_keys(['yfinance_ingestion_historique_gold']) retrieved from /opt/airflow/dags/ingest_historique.py
[2025-03-14T13:01:04.613+0000] {logging_mixin.py:151} INFO - [2025-03-14T13:01:04.612+0000] {dag.py:2915} INFO - Sync 1 DAGs
[2025-03-14T13:01:04.633+0000] {logging_mixin.py:151} INFO - [2025-03-14T13:01:04.633+0000] {dag.py:3696} INFO - Setting next_dagrun for yfinance_ingestion_historique_gold to 2025-03-14T00:00:00+00:00, run_after=2025-03-15T00:00:00+00:00
[2025-03-14T13:01:04.656+0000] {processor.py:179} INFO - Processing /opt/airflow/dags/ingest_historique.py took 0.601 seconds
[2025-03-14T13:01:35.344+0000] {processor.py:157} INFO - Started process (PID=2456) to work on /opt/airflow/dags/ingest_historique.py
[2025-03-14T13:01:35.345+0000] {processor.py:829} INFO - Processing file /opt/airflow/dags/ingest_historique.py for tasks to queue
[2025-03-14T13:01:35.346+0000] {logging_mixin.py:151} INFO - [2025-03-14T13:01:35.346+0000] {dagbag.py:539} INFO - Filling up the DagBag from /opt/airflow/dags/ingest_historique.py
[2025-03-14T13:01:33.624+0000] {processor.py:839} INFO - DAG(s) dict_keys(['yfinance_ingestion_historique_gold']) retrieved from /opt/airflow/dags/ingest_historique.py
[2025-03-14T13:01:33.653+0000] {logging_mixin.py:151} INFO - [2025-03-14T13:01:33.652+0000] {dag.py:2915} INFO - Sync 1 DAGs
[2025-03-14T13:01:33.680+0000] {logging_mixin.py:151} INFO - [2025-03-14T13:01:33.680+0000] {dag.py:3696} INFO - Setting next_dagrun for yfinance_ingestion_historique_gold to 2025-03-14T00:00:00+00:00, run_after=2025-03-15T00:00:00+00:00
[2025-03-14T13:01:33.707+0000] {processor.py:179} INFO - Processing /opt/airflow/dags/ingest_historique.py took 0.787 seconds
[2025-03-14T13:02:04.191+0000] {processor.py:157} INFO - Started process (PID=2468) to work on /opt/airflow/dags/ingest_historique.py
[2025-03-14T13:02:04.192+0000] {processor.py:829} INFO - Processing file /opt/airflow/dags/ingest_historique.py for tasks to queue
[2025-03-14T13:02:04.193+0000] {logging_mixin.py:151} INFO - [2025-03-14T13:02:04.193+0000] {dagbag.py:539} INFO - Filling up the DagBag from /opt/airflow/dags/ingest_historique.py
[2025-03-14T13:02:04.746+0000] {processor.py:839} INFO - DAG(s) dict_keys(['yfinance_ingestion_historique_gold']) retrieved from /opt/airflow/dags/ingest_historique.py
[2025-03-14T13:02:04.769+0000] {logging_mixin.py:151} INFO - [2025-03-14T13:02:04.768+0000] {dag.py:2915} INFO - Sync 1 DAGs
[2025-03-14T13:02:04.793+0000] {logging_mixin.py:151} INFO - [2025-03-14T13:02:04.793+0000] {dag.py:3696} INFO - Setting next_dagrun for yfinance_ingestion_historique_gold to 2025-03-14T00:00:00+00:00, run_after=2025-03-15T00:00:00+00:00
[2025-03-14T13:02:04.815+0000] {processor.py:179} INFO - Processing /opt/airflow/dags/ingest_historique.py took 0.628 seconds
[2025-03-14T13:02:35.070+0000] {processor.py:157} INFO - Started process (PID=2480) to work on /opt/airflow/dags/ingest_historique.py
[2025-03-14T13:02:35.071+0000] {processor.py:829} INFO - Processing file /opt/airflow/dags/ingest_historique.py for tasks to queue
[2025-03-14T13:02:35.072+0000] {logging_mixin.py:151} INFO - [2025-03-14T13:02:35.072+0000] {dagbag.py:539} INFO - Filling up the DagBag from /opt/airflow/dags/ingest_historique.py
[2025-03-14T13:02:35.673+0000] {processor.py:839} INFO - DAG(s) dict_keys(['yfinance_ingestion_historique_gold']) retrieved from /opt/airflow/dags/ingest_historique.py
[2025-03-14T13:02:35.698+0000] {logging_mixin.py:151} INFO - [2025-03-14T13:02:35.697+0000] {dag.py:2915} INFO - Sync 1 DAGs
[2025-03-14T13:02:35.720+0000] {logging_mixin.py:151} INFO - [2025-03-14T13:02:35.720+0000] {dag.py:3696} INFO - Setting next_dagrun for yfinance_ingestion_historique_gold to 2025-03-14T00:00:00+00:00, run_after=2025-03-15T00:00:00+00:00
[2025-03-14T13:02:35.747+0000] {processor.py:179} INFO - Processing /opt/airflow/dags/ingest_historique.py took 0.680 seconds
[2025-03-14T13:03:06.264+0000] {processor.py:157} INFO - Started process (PID=2492) to work on /opt/airflow/dags/ingest_historique.py
[2025-03-14T13:03:06.266+0000] {processor.py:829} INFO - Processing file /opt/airflow/dags/ingest_historique.py for tasks to queue
[2025-03-14T13:03:06.268+0000] {logging_mixin.py:151} INFO - [2025-03-14T13:03:06.267+0000] {dagbag.py:539} INFO - Filling up the DagBag from /opt/airflow/dags/ingest_historique.py
[2025-03-14T13:03:07.161+0000] {processor.py:839} INFO - DAG(s) dict_keys(['yfinance_ingestion_historique_gold']) retrieved from /opt/airflow/dags/ingest_historique.py
[2025-03-14T13:03:07.194+0000] {logging_mixin.py:151} INFO - [2025-03-14T13:03:07.193+0000] {dag.py:2915} INFO - Sync 1 DAGs
[2025-03-14T13:03:07.232+0000] {logging_mixin.py:151} INFO - [2025-03-14T13:03:07.231+0000] {dag.py:3696} INFO - Setting next_dagrun for yfinance_ingestion_historique_gold to 2025-03-14T00:00:00+00:00, run_after=2025-03-15T00:00:00+00:00
[2025-03-14T13:03:07.310+0000] {processor.py:179} INFO - Processing /opt/airflow/dags/ingest_historique.py took 1.051 seconds
[2025-03-14T13:03:37.478+0000] {processor.py:157} INFO - Started process (PID=2504) to work on /opt/airflow/dags/ingest_historique.py
[2025-03-14T13:03:37.479+0000] {processor.py:829} INFO - Processing file /opt/airflow/dags/ingest_historique.py for tasks to queue
[2025-03-14T13:03:37.480+0000] {logging_mixin.py:151} INFO - [2025-03-14T13:03:37.480+0000] {dagbag.py:539} INFO - Filling up the DagBag from /opt/airflow/dags/ingest_historique.py
[2025-03-14T13:03:38.068+0000] {processor.py:839} INFO - DAG(s) dict_keys(['yfinance_ingestion_historique_gold']) retrieved from /opt/airflow/dags/ingest_historique.py
[2025-03-14T13:03:38.094+0000] {logging_mixin.py:151} INFO - [2025-03-14T13:03:38.093+0000] {dag.py:2915} INFO - Sync 1 DAGs
[2025-03-14T13:03:38.114+0000] {logging_mixin.py:151} INFO - [2025-03-14T13:03:38.114+0000] {dag.py:3696} INFO - Setting next_dagrun for yfinance_ingestion_historique_gold to 2025-03-14T00:00:00+00:00, run_after=2025-03-15T00:00:00+00:00
[2025-03-14T13:03:38.140+0000] {processor.py:179} INFO - Processing /opt/airflow/dags/ingest_historique.py took 0.666 seconds
[2025-03-14T13:04:08.547+0000] {processor.py:157} INFO - Started process (PID=2516) to work on /opt/airflow/dags/ingest_historique.py
[2025-03-14T13:04:08.548+0000] {processor.py:829} INFO - Processing file /opt/airflow/dags/ingest_historique.py for tasks to queue
[2025-03-14T13:04:08.549+0000] {logging_mixin.py:151} INFO - [2025-03-14T13:04:08.548+0000] {dagbag.py:539} INFO - Filling up the DagBag from /opt/airflow/dags/ingest_historique.py
[2025-03-14T13:04:09.243+0000] {processor.py:839} INFO - DAG(s) dict_keys(['yfinance_ingestion_historique_gold']) retrieved from /opt/airflow/dags/ingest_historique.py
[2025-03-14T13:04:09.275+0000] {logging_mixin.py:151} INFO - [2025-03-14T13:04:09.275+0000] {dag.py:2915} INFO - Sync 1 DAGs
[2025-03-14T13:04:09.298+0000] {logging_mixin.py:151} INFO - [2025-03-14T13:04:09.297+0000] {dag.py:3696} INFO - Setting next_dagrun for yfinance_ingestion_historique_gold to 2025-03-14T00:00:00+00:00, run_after=2025-03-15T00:00:00+00:00
[2025-03-14T13:04:09.324+0000] {processor.py:179} INFO - Processing /opt/airflow/dags/ingest_historique.py took 0.781 seconds
[2025-03-14T13:04:40.106+0000] {processor.py:157} INFO - Started process (PID=2528) to work on /opt/airflow/dags/ingest_historique.py
[2025-03-14T13:04:40.108+0000] {processor.py:829} INFO - Processing file /opt/airflow/dags/ingest_historique.py for tasks to queue
[2025-03-14T13:04:40.110+0000] {logging_mixin.py:151} INFO - [2025-03-14T13:04:40.110+0000] {dagbag.py:539} INFO - Filling up the DagBag from /opt/airflow/dags/ingest_historique.py
[2025-03-14T13:04:40.754+0000] {processor.py:839} INFO - DAG(s) dict_keys(['yfinance_ingestion_historique_gold']) retrieved from /opt/airflow/dags/ingest_historique.py
[2025-03-14T13:04:40.782+0000] {logging_mixin.py:151} INFO - [2025-03-14T13:04:40.781+0000] {dag.py:2915} INFO - Sync 1 DAGs
[2025-03-14T13:04:40.804+0000] {logging_mixin.py:151} INFO - [2025-03-14T13:04:40.804+0000] {dag.py:3696} INFO - Setting next_dagrun for yfinance_ingestion_historique_gold to 2025-03-14T00:00:00+00:00, run_after=2025-03-15T00:00:00+00:00
[2025-03-14T13:04:40.832+0000] {processor.py:179} INFO - Processing /opt/airflow/dags/ingest_historique.py took 0.732 seconds
[2025-03-14T13:05:11.151+0000] {processor.py:157} INFO - Started process (PID=2540) to work on /opt/airflow/dags/ingest_historique.py
[2025-03-14T13:05:11.152+0000] {processor.py:829} INFO - Processing file /opt/airflow/dags/ingest_historique.py for tasks to queue
[2025-03-14T13:05:11.153+0000] {logging_mixin.py:151} INFO - [2025-03-14T13:05:11.152+0000] {dagbag.py:539} INFO - Filling up the DagBag from /opt/airflow/dags/ingest_historique.py
[2025-03-14T13:05:11.675+0000] {processor.py:839} INFO - DAG(s) dict_keys(['yfinance_ingestion_historique_gold']) retrieved from /opt/airflow/dags/ingest_historique.py
[2025-03-14T13:05:11.700+0000] {logging_mixin.py:151} INFO - [2025-03-14T13:05:11.700+0000] {dag.py:2915} INFO - Sync 1 DAGs
[2025-03-14T13:05:11.719+0000] {logging_mixin.py:151} INFO - [2025-03-14T13:05:11.718+0000] {dag.py:3696} INFO - Setting next_dagrun for yfinance_ingestion_historique_gold to 2025-03-14T00:00:00+00:00, run_after=2025-03-15T00:00:00+00:00
[2025-03-14T13:05:11.744+0000] {processor.py:179} INFO - Processing /opt/airflow/dags/ingest_historique.py took 0.596 seconds
[2025-03-14T13:05:41.907+0000] {processor.py:157} INFO - Started process (PID=2552) to work on /opt/airflow/dags/ingest_historique.py
[2025-03-14T13:05:41.908+0000] {processor.py:829} INFO - Processing file /opt/airflow/dags/ingest_historique.py for tasks to queue
[2025-03-14T13:05:41.909+0000] {logging_mixin.py:151} INFO - [2025-03-14T13:05:41.909+0000] {dagbag.py:539} INFO - Filling up the DagBag from /opt/airflow/dags/ingest_historique.py
[2025-03-14T13:05:42.662+0000] {processor.py:839} INFO - DAG(s) dict_keys(['yfinance_ingestion_historique_gold']) retrieved from /opt/airflow/dags/ingest_historique.py
[2025-03-14T13:05:42.693+0000] {logging_mixin.py:151} INFO - [2025-03-14T13:05:42.692+0000] {dag.py:2915} INFO - Sync 1 DAGs
[2025-03-14T13:05:42.721+0000] {logging_mixin.py:151} INFO - [2025-03-14T13:05:42.721+0000] {dag.py:3696} INFO - Setting next_dagrun for yfinance_ingestion_historique_gold to 2025-03-14T00:00:00+00:00, run_after=2025-03-15T00:00:00+00:00
[2025-03-14T13:05:42.759+0000] {processor.py:179} INFO - Processing /opt/airflow/dags/ingest_historique.py took 0.855 seconds
[2025-03-14T13:06:13.201+0000] {processor.py:157} INFO - Started process (PID=2564) to work on /opt/airflow/dags/ingest_historique.py
[2025-03-14T13:06:13.202+0000] {processor.py:829} INFO - Processing file /opt/airflow/dags/ingest_historique.py for tasks to queue
[2025-03-14T13:06:13.204+0000] {logging_mixin.py:151} INFO - [2025-03-14T13:06:13.203+0000] {dagbag.py:539} INFO - Filling up the DagBag from /opt/airflow/dags/ingest_historique.py
[2025-03-14T13:06:13.781+0000] {processor.py:839} INFO - DAG(s) dict_keys(['yfinance_ingestion_historique_gold']) retrieved from /opt/airflow/dags/ingest_historique.py
[2025-03-14T13:06:13.812+0000] {logging_mixin.py:151} INFO - [2025-03-14T13:06:13.811+0000] {dag.py:2915} INFO - Sync 1 DAGs
[2025-03-14T13:06:13.833+0000] {logging_mixin.py:151} INFO - [2025-03-14T13:06:13.832+0000] {dag.py:3696} INFO - Setting next_dagrun for yfinance_ingestion_historique_gold to 2025-03-14T00:00:00+00:00, run_after=2025-03-15T00:00:00+00:00
[2025-03-14T13:06:13.857+0000] {processor.py:179} INFO - Processing /opt/airflow/dags/ingest_historique.py took 0.661 seconds
[2025-03-14T13:06:44.318+0000] {processor.py:157} INFO - Started process (PID=2576) to work on /opt/airflow/dags/ingest_historique.py
[2025-03-14T13:06:44.320+0000] {processor.py:829} INFO - Processing file /opt/airflow/dags/ingest_historique.py for tasks to queue
[2025-03-14T13:06:44.323+0000] {logging_mixin.py:151} INFO - [2025-03-14T13:06:44.322+0000] {dagbag.py:539} INFO - Filling up the DagBag from /opt/airflow/dags/ingest_historique.py
[2025-03-14T13:06:45.336+0000] {processor.py:839} INFO - DAG(s) dict_keys(['yfinance_ingestion_historique_gold']) retrieved from /opt/airflow/dags/ingest_historique.py
[2025-03-14T13:06:45.375+0000] {logging_mixin.py:151} INFO - [2025-03-14T13:06:45.374+0000] {dag.py:2915} INFO - Sync 1 DAGs
[2025-03-14T13:06:45.405+0000] {logging_mixin.py:151} INFO - [2025-03-14T13:06:45.404+0000] {dag.py:3696} INFO - Setting next_dagrun for yfinance_ingestion_historique_gold to 2025-03-14T00:00:00+00:00, run_after=2025-03-15T00:00:00+00:00
[2025-03-14T13:06:45.460+0000] {processor.py:179} INFO - Processing /opt/airflow/dags/ingest_historique.py took 1.146 seconds
[2025-03-14T13:07:15.568+0000] {processor.py:157} INFO - Started process (PID=2588) to work on /opt/airflow/dags/ingest_historique.py
[2025-03-14T13:07:15.569+0000] {processor.py:829} INFO - Processing file /opt/airflow/dags/ingest_historique.py for tasks to queue
[2025-03-14T13:07:15.570+0000] {logging_mixin.py:151} INFO - [2025-03-14T13:07:15.570+0000] {dagbag.py:539} INFO - Filling up the DagBag from /opt/airflow/dags/ingest_historique.py
[2025-03-14T13:07:16.222+0000] {processor.py:839} INFO - DAG(s) dict_keys(['yfinance_ingestion_historique_gold']) retrieved from /opt/airflow/dags/ingest_historique.py
[2025-03-14T13:07:16.253+0000] {logging_mixin.py:151} INFO - [2025-03-14T13:07:16.253+0000] {dag.py:2915} INFO - Sync 1 DAGs
[2025-03-14T13:07:16.276+0000] {logging_mixin.py:151} INFO - [2025-03-14T13:07:16.276+0000] {dag.py:3696} INFO - Setting next_dagrun for yfinance_ingestion_historique_gold to 2025-03-14T00:00:00+00:00, run_after=2025-03-15T00:00:00+00:00
[2025-03-14T13:07:16.301+0000] {processor.py:179} INFO - Processing /opt/airflow/dags/ingest_historique.py took 0.737 seconds
[2025-03-14T13:07:47.277+0000] {processor.py:157} INFO - Started process (PID=2600) to work on /opt/airflow/dags/ingest_historique.py
[2025-03-14T13:07:47.279+0000] {processor.py:829} INFO - Processing file /opt/airflow/dags/ingest_historique.py for tasks to queue
[2025-03-14T13:07:47.281+0000] {logging_mixin.py:151} INFO - [2025-03-14T13:07:47.280+0000] {dagbag.py:539} INFO - Filling up the DagBag from /opt/airflow/dags/ingest_historique.py
[2025-03-14T13:07:48.132+0000] {processor.py:839} INFO - DAG(s) dict_keys(['yfinance_ingestion_historique_gold']) retrieved from /opt/airflow/dags/ingest_historique.py
[2025-03-14T13:07:48.158+0000] {logging_mixin.py:151} INFO - [2025-03-14T13:07:48.157+0000] {dag.py:2915} INFO - Sync 1 DAGs
[2025-03-14T13:07:48.178+0000] {logging_mixin.py:151} INFO - [2025-03-14T13:07:48.177+0000] {dag.py:3696} INFO - Setting next_dagrun for yfinance_ingestion_historique_gold to 2025-03-14T00:00:00+00:00, run_after=2025-03-15T00:00:00+00:00
[2025-03-14T13:07:48.203+0000] {processor.py:179} INFO - Processing /opt/airflow/dags/ingest_historique.py took 0.933 seconds
[2025-03-14T13:08:19.223+0000] {processor.py:157} INFO - Started process (PID=2612) to work on /opt/airflow/dags/ingest_historique.py
[2025-03-14T13:08:19.225+0000] {processor.py:829} INFO - Processing file /opt/airflow/dags/ingest_historique.py for tasks to queue
[2025-03-14T13:08:19.227+0000] {logging_mixin.py:151} INFO - [2025-03-14T13:08:19.226+0000] {dagbag.py:539} INFO - Filling up the DagBag from /opt/airflow/dags/ingest_historique.py
[2025-03-14T13:08:20.029+0000] {processor.py:839} INFO - DAG(s) dict_keys(['yfinance_ingestion_historique_gold']) retrieved from /opt/airflow/dags/ingest_historique.py
[2025-03-14T13:08:20.052+0000] {logging_mixin.py:151} INFO - [2025-03-14T13:08:20.051+0000] {dag.py:2915} INFO - Sync 1 DAGs
[2025-03-14T13:08:20.075+0000] {logging_mixin.py:151} INFO - [2025-03-14T13:08:20.074+0000] {dag.py:3696} INFO - Setting next_dagrun for yfinance_ingestion_historique_gold to 2025-03-14T00:00:00+00:00, run_after=2025-03-15T00:00:00+00:00
[2025-03-14T13:08:20.108+0000] {processor.py:179} INFO - Processing /opt/airflow/dags/ingest_historique.py took 0.889 seconds
[2025-03-14T13:08:50.435+0000] {processor.py:157} INFO - Started process (PID=2624) to work on /opt/airflow/dags/ingest_historique.py
[2025-03-14T13:08:50.436+0000] {processor.py:829} INFO - Processing file /opt/airflow/dags/ingest_historique.py for tasks to queue
[2025-03-14T13:08:50.437+0000] {logging_mixin.py:151} INFO - [2025-03-14T13:08:50.437+0000] {dagbag.py:539} INFO - Filling up the DagBag from /opt/airflow/dags/ingest_historique.py
[2025-03-14T13:08:51.500+0000] {processor.py:839} INFO - DAG(s) dict_keys(['yfinance_ingestion_historique_gold']) retrieved from /opt/airflow/dags/ingest_historique.py
[2025-03-14T13:08:51.556+0000] {logging_mixin.py:151} INFO - [2025-03-14T13:08:51.555+0000] {dag.py:2915} INFO - Sync 1 DAGs
[2025-03-14T13:08:51.590+0000] {logging_mixin.py:151} INFO - [2025-03-14T13:08:51.589+0000] {dag.py:3696} INFO - Setting next_dagrun for yfinance_ingestion_historique_gold to 2025-03-14T00:00:00+00:00, run_after=2025-03-15T00:00:00+00:00
[2025-03-14T13:08:51.623+0000] {processor.py:179} INFO - Processing /opt/airflow/dags/ingest_historique.py took 1.191 seconds
[2025-03-14T13:09:21.892+0000] {processor.py:157} INFO - Started process (PID=2636) to work on /opt/airflow/dags/ingest_historique.py
[2025-03-14T13:09:21.893+0000] {processor.py:829} INFO - Processing file /opt/airflow/dags/ingest_historique.py for tasks to queue
[2025-03-14T13:09:21.895+0000] {logging_mixin.py:151} INFO - [2025-03-14T13:09:21.895+0000] {dagbag.py:539} INFO - Filling up the DagBag from /opt/airflow/dags/ingest_historique.py
[2025-03-14T13:09:22.519+0000] {processor.py:839} INFO - DAG(s) dict_keys(['yfinance_ingestion_historique_gold']) retrieved from /opt/airflow/dags/ingest_historique.py
[2025-03-14T13:09:22.564+0000] {logging_mixin.py:151} INFO - [2025-03-14T13:09:22.563+0000] {dag.py:2915} INFO - Sync 1 DAGs
[2025-03-14T13:09:22.606+0000] {logging_mixin.py:151} INFO - [2025-03-14T13:09:22.606+0000] {dag.py:3696} INFO - Setting next_dagrun for yfinance_ingestion_historique_gold to 2025-03-14T00:00:00+00:00, run_after=2025-03-15T00:00:00+00:00
[2025-03-14T13:09:22.644+0000] {processor.py:179} INFO - Processing /opt/airflow/dags/ingest_historique.py took 0.758 seconds
[2025-03-14T13:09:53.146+0000] {processor.py:157} INFO - Started process (PID=2646) to work on /opt/airflow/dags/ingest_historique.py
[2025-03-14T13:09:53.149+0000] {processor.py:829} INFO - Processing file /opt/airflow/dags/ingest_historique.py for tasks to queue
[2025-03-14T13:09:53.152+0000] {logging_mixin.py:151} INFO - [2025-03-14T13:09:53.151+0000] {dagbag.py:539} INFO - Filling up the DagBag from /opt/airflow/dags/ingest_historique.py
[2025-03-14T13:09:55.768+0000] {processor.py:839} INFO - DAG(s) dict_keys(['yfinance_ingestion_historique_gold']) retrieved from /opt/airflow/dags/ingest_historique.py
[2025-03-14T13:09:55.831+0000] {logging_mixin.py:151} INFO - [2025-03-14T13:09:55.830+0000] {dag.py:2915} INFO - Sync 1 DAGs
[2025-03-14T13:09:55.871+0000] {logging_mixin.py:151} INFO - [2025-03-14T13:09:55.870+0000] {dag.py:3696} INFO - Setting next_dagrun for yfinance_ingestion_historique_gold to 2025-03-14T00:00:00+00:00, run_after=2025-03-15T00:00:00+00:00
[2025-03-14T13:09:55.907+0000] {processor.py:179} INFO - Processing /opt/airflow/dags/ingest_historique.py took 2.776 seconds
[2025-03-14T13:10:26.548+0000] {processor.py:157} INFO - Started process (PID=2657) to work on /opt/airflow/dags/ingest_historique.py
[2025-03-14T13:10:26.551+0000] {processor.py:829} INFO - Processing file /opt/airflow/dags/ingest_historique.py for tasks to queue
[2025-03-14T13:10:26.553+0000] {logging_mixin.py:151} INFO - [2025-03-14T13:10:26.553+0000] {dagbag.py:539} INFO - Filling up the DagBag from /opt/airflow/dags/ingest_historique.py
[2025-03-14T13:10:29.604+0000] {processor.py:839} INFO - DAG(s) dict_keys(['yfinance_ingestion_historique_gold']) retrieved from /opt/airflow/dags/ingest_historique.py
[2025-03-14T13:10:29.742+0000] {logging_mixin.py:151} INFO - [2025-03-14T13:10:29.726+0000] {dag.py:2915} INFO - Sync 1 DAGs
[2025-03-14T13:10:29.860+0000] {logging_mixin.py:151} INFO - [2025-03-14T13:10:29.859+0000] {dag.py:3696} INFO - Setting next_dagrun for yfinance_ingestion_historique_gold to 2025-03-14T00:00:00+00:00, run_after=2025-03-15T00:00:00+00:00
[2025-03-14T13:10:29.964+0000] {processor.py:179} INFO - Processing /opt/airflow/dags/ingest_historique.py took 3.428 seconds
[2025-03-14T13:11:00.277+0000] {processor.py:157} INFO - Started process (PID=2666) to work on /opt/airflow/dags/ingest_historique.py
[2025-03-14T13:11:00.279+0000] {processor.py:829} INFO - Processing file /opt/airflow/dags/ingest_historique.py for tasks to queue
[2025-03-14T13:11:00.285+0000] {logging_mixin.py:151} INFO - [2025-03-14T13:11:00.284+0000] {dagbag.py:539} INFO - Filling up the DagBag from /opt/airflow/dags/ingest_historique.py
[2025-03-14T13:11:01.991+0000] {processor.py:839} INFO - DAG(s) dict_keys(['yfinance_ingestion_historique_gold']) retrieved from /opt/airflow/dags/ingest_historique.py
[2025-03-14T13:11:02.053+0000] {logging_mixin.py:151} INFO - [2025-03-14T13:11:02.052+0000] {dag.py:2915} INFO - Sync 1 DAGs
[2025-03-14T13:11:02.111+0000] {logging_mixin.py:151} INFO - [2025-03-14T13:11:02.111+0000] {dag.py:3696} INFO - Setting next_dagrun for yfinance_ingestion_historique_gold to 2025-03-14T00:00:00+00:00, run_after=2025-03-15T00:00:00+00:00
[2025-03-14T13:11:02.172+0000] {processor.py:179} INFO - Processing /opt/airflow/dags/ingest_historique.py took 1.899 seconds
[2025-03-14T13:11:33.114+0000] {processor.py:157} INFO - Started process (PID=2678) to work on /opt/airflow/dags/ingest_historique.py
[2025-03-14T13:11:33.121+0000] {processor.py:829} INFO - Processing file /opt/airflow/dags/ingest_historique.py for tasks to queue
[2025-03-14T13:11:33.124+0000] {logging_mixin.py:151} INFO - [2025-03-14T13:11:33.123+0000] {dagbag.py:539} INFO - Filling up the DagBag from /opt/airflow/dags/ingest_historique.py
[2025-03-14T13:11:34.424+0000] {processor.py:839} INFO - DAG(s) dict_keys(['yfinance_ingestion_historique_gold']) retrieved from /opt/airflow/dags/ingest_historique.py
[2025-03-14T13:11:34.459+0000] {logging_mixin.py:151} INFO - [2025-03-14T13:11:34.459+0000] {dag.py:2915} INFO - Sync 1 DAGs
[2025-03-14T13:11:34.501+0000] {logging_mixin.py:151} INFO - [2025-03-14T13:11:34.500+0000] {dag.py:3696} INFO - Setting next_dagrun for yfinance_ingestion_historique_gold to 2025-03-14T00:00:00+00:00, run_after=2025-03-15T00:00:00+00:00
[2025-03-14T13:11:34.566+0000] {processor.py:179} INFO - Processing /opt/airflow/dags/ingest_historique.py took 1.458 seconds
[2025-03-14T13:12:05.044+0000] {processor.py:157} INFO - Started process (PID=2690) to work on /opt/airflow/dags/ingest_historique.py
[2025-03-14T13:12:05.045+0000] {processor.py:829} INFO - Processing file /opt/airflow/dags/ingest_historique.py for tasks to queue
[2025-03-14T13:12:05.046+0000] {logging_mixin.py:151} INFO - [2025-03-14T13:12:05.046+0000] {dagbag.py:539} INFO - Filling up the DagBag from /opt/airflow/dags/ingest_historique.py
[2025-03-14T13:12:05.495+0000] {processor.py:839} INFO - DAG(s) dict_keys(['yfinance_ingestion_historique_gold']) retrieved from /opt/airflow/dags/ingest_historique.py
[2025-03-14T13:12:05.533+0000] {logging_mixin.py:151} INFO - [2025-03-14T13:12:05.533+0000] {dag.py:2915} INFO - Sync 1 DAGs
[2025-03-14T13:12:05.561+0000] {logging_mixin.py:151} INFO - [2025-03-14T13:12:05.560+0000] {dag.py:3696} INFO - Setting next_dagrun for yfinance_ingestion_historique_gold to 2025-03-14T00:00:00+00:00, run_after=2025-03-15T00:00:00+00:00
[2025-03-14T13:12:05.586+0000] {processor.py:179} INFO - Processing /opt/airflow/dags/ingest_historique.py took 0.546 seconds
[2025-03-14T13:12:36.577+0000] {processor.py:157} INFO - Started process (PID=2702) to work on /opt/airflow/dags/ingest_historique.py
[2025-03-14T13:12:36.579+0000] {processor.py:829} INFO - Processing file /opt/airflow/dags/ingest_historique.py for tasks to queue
[2025-03-14T13:12:36.580+0000] {logging_mixin.py:151} INFO - [2025-03-14T13:12:36.580+0000] {dagbag.py:539} INFO - Filling up the DagBag from /opt/airflow/dags/ingest_historique.py
[2025-03-14T13:12:34.793+0000] {processor.py:839} INFO - DAG(s) dict_keys(['yfinance_ingestion_historique_gold']) retrieved from /opt/airflow/dags/ingest_historique.py
[2025-03-14T13:12:34.821+0000] {logging_mixin.py:151} INFO - [2025-03-14T13:12:34.820+0000] {dag.py:2915} INFO - Sync 1 DAGs
[2025-03-14T13:12:34.846+0000] {logging_mixin.py:151} INFO - [2025-03-14T13:12:34.845+0000] {dag.py:3696} INFO - Setting next_dagrun for yfinance_ingestion_historique_gold to 2025-03-14T00:00:00+00:00, run_after=2025-03-15T00:00:00+00:00
[2025-03-14T13:12:34.869+0000] {processor.py:179} INFO - Processing /opt/airflow/dags/ingest_historique.py took 0.748 seconds
[2025-03-14T13:13:05.845+0000] {processor.py:157} INFO - Started process (PID=2714) to work on /opt/airflow/dags/ingest_historique.py
[2025-03-14T13:13:05.847+0000] {processor.py:829} INFO - Processing file /opt/airflow/dags/ingest_historique.py for tasks to queue
[2025-03-14T13:13:05.849+0000] {logging_mixin.py:151} INFO - [2025-03-14T13:13:05.848+0000] {dagbag.py:539} INFO - Filling up the DagBag from /opt/airflow/dags/ingest_historique.py
[2025-03-14T13:13:06.617+0000] {processor.py:839} INFO - DAG(s) dict_keys(['yfinance_ingestion_historique_gold']) retrieved from /opt/airflow/dags/ingest_historique.py
[2025-03-14T13:13:06.656+0000] {logging_mixin.py:151} INFO - [2025-03-14T13:13:06.655+0000] {dag.py:2915} INFO - Sync 1 DAGs
[2025-03-14T13:13:06.687+0000] {logging_mixin.py:151} INFO - [2025-03-14T13:13:06.686+0000] {dag.py:3696} INFO - Setting next_dagrun for yfinance_ingestion_historique_gold to 2025-03-14T00:00:00+00:00, run_after=2025-03-15T00:00:00+00:00
[2025-03-14T13:13:06.714+0000] {processor.py:179} INFO - Processing /opt/airflow/dags/ingest_historique.py took 0.875 seconds
[2025-03-14T13:13:36.807+0000] {processor.py:157} INFO - Started process (PID=2726) to work on /opt/airflow/dags/ingest_historique.py
[2025-03-14T13:13:36.809+0000] {processor.py:829} INFO - Processing file /opt/airflow/dags/ingest_historique.py for tasks to queue
[2025-03-14T13:13:36.811+0000] {logging_mixin.py:151} INFO - [2025-03-14T13:13:36.810+0000] {dagbag.py:539} INFO - Filling up the DagBag from /opt/airflow/dags/ingest_historique.py
[2025-03-14T13:13:37.246+0000] {processor.py:839} INFO - DAG(s) dict_keys(['yfinance_ingestion_historique_gold']) retrieved from /opt/airflow/dags/ingest_historique.py
[2025-03-14T13:13:37.276+0000] {logging_mixin.py:151} INFO - [2025-03-14T13:13:37.275+0000] {dag.py:2915} INFO - Sync 1 DAGs
[2025-03-14T13:13:37.300+0000] {logging_mixin.py:151} INFO - [2025-03-14T13:13:37.300+0000] {dag.py:3696} INFO - Setting next_dagrun for yfinance_ingestion_historique_gold to 2025-03-14T00:00:00+00:00, run_after=2025-03-15T00:00:00+00:00
[2025-03-14T13:13:37.331+0000] {processor.py:179} INFO - Processing /opt/airflow/dags/ingest_historique.py took 0.527 seconds
[2025-03-14T13:14:07.742+0000] {processor.py:157} INFO - Started process (PID=2738) to work on /opt/airflow/dags/ingest_historique.py
[2025-03-14T13:14:07.744+0000] {processor.py:829} INFO - Processing file /opt/airflow/dags/ingest_historique.py for tasks to queue
[2025-03-14T13:14:07.745+0000] {logging_mixin.py:151} INFO - [2025-03-14T13:14:07.745+0000] {dagbag.py:539} INFO - Filling up the DagBag from /opt/airflow/dags/ingest_historique.py
[2025-03-14T13:14:08.199+0000] {processor.py:839} INFO - DAG(s) dict_keys(['yfinance_ingestion_historique_gold']) retrieved from /opt/airflow/dags/ingest_historique.py
[2025-03-14T13:14:08.228+0000] {logging_mixin.py:151} INFO - [2025-03-14T13:14:08.227+0000] {dag.py:2915} INFO - Sync 1 DAGs
[2025-03-14T13:14:08.250+0000] {logging_mixin.py:151} INFO - [2025-03-14T13:14:08.249+0000] {dag.py:3696} INFO - Setting next_dagrun for yfinance_ingestion_historique_gold to 2025-03-14T00:00:00+00:00, run_after=2025-03-15T00:00:00+00:00
[2025-03-14T13:14:08.273+0000] {processor.py:179} INFO - Processing /opt/airflow/dags/ingest_historique.py took 0.536 seconds
[2025-03-14T13:14:38.335+0000] {processor.py:157} INFO - Started process (PID=2750) to work on /opt/airflow/dags/ingest_historique.py
[2025-03-14T13:14:38.336+0000] {processor.py:829} INFO - Processing file /opt/airflow/dags/ingest_historique.py for tasks to queue
[2025-03-14T13:14:38.338+0000] {logging_mixin.py:151} INFO - [2025-03-14T13:14:38.337+0000] {dagbag.py:539} INFO - Filling up the DagBag from /opt/airflow/dags/ingest_historique.py
[2025-03-14T13:14:39.133+0000] {processor.py:839} INFO - DAG(s) dict_keys(['yfinance_ingestion_historique_gold']) retrieved from /opt/airflow/dags/ingest_historique.py
[2025-03-14T13:14:39.296+0000] {logging_mixin.py:151} INFO - [2025-03-14T13:14:39.295+0000] {dag.py:2915} INFO - Sync 1 DAGs
[2025-03-14T13:14:39.344+0000] {logging_mixin.py:151} INFO - [2025-03-14T13:14:39.344+0000] {dag.py:3696} INFO - Setting next_dagrun for yfinance_ingestion_historique_gold to 2025-03-14T00:00:00+00:00, run_after=2025-03-15T00:00:00+00:00
[2025-03-14T13:14:39.436+0000] {processor.py:179} INFO - Processing /opt/airflow/dags/ingest_historique.py took 1.105 seconds
[2025-03-14T13:15:10.236+0000] {processor.py:157} INFO - Started process (PID=2762) to work on /opt/airflow/dags/ingest_historique.py
[2025-03-14T13:15:10.237+0000] {processor.py:829} INFO - Processing file /opt/airflow/dags/ingest_historique.py for tasks to queue
[2025-03-14T13:15:10.239+0000] {logging_mixin.py:151} INFO - [2025-03-14T13:15:10.238+0000] {dagbag.py:539} INFO - Filling up the DagBag from /opt/airflow/dags/ingest_historique.py
[2025-03-14T13:15:10.747+0000] {processor.py:839} INFO - DAG(s) dict_keys(['yfinance_ingestion_historique_gold']) retrieved from /opt/airflow/dags/ingest_historique.py
[2025-03-14T13:15:10.783+0000] {logging_mixin.py:151} INFO - [2025-03-14T13:15:10.782+0000] {dag.py:2915} INFO - Sync 1 DAGs
[2025-03-14T13:15:10.806+0000] {logging_mixin.py:151} INFO - [2025-03-14T13:15:10.805+0000] {dag.py:3696} INFO - Setting next_dagrun for yfinance_ingestion_historique_gold to 2025-03-14T00:00:00+00:00, run_after=2025-03-15T00:00:00+00:00
[2025-03-14T13:15:10.833+0000] {processor.py:179} INFO - Processing /opt/airflow/dags/ingest_historique.py took 0.601 seconds
[2025-03-14T13:15:40.924+0000] {processor.py:157} INFO - Started process (PID=2774) to work on /opt/airflow/dags/ingest_historique.py
[2025-03-14T13:15:40.925+0000] {processor.py:829} INFO - Processing file /opt/airflow/dags/ingest_historique.py for tasks to queue
[2025-03-14T13:15:40.926+0000] {logging_mixin.py:151} INFO - [2025-03-14T13:15:40.926+0000] {dagbag.py:539} INFO - Filling up the DagBag from /opt/airflow/dags/ingest_historique.py
[2025-03-14T13:15:41.651+0000] {processor.py:839} INFO - DAG(s) dict_keys(['yfinance_ingestion_historique_gold']) retrieved from /opt/airflow/dags/ingest_historique.py
[2025-03-14T13:15:41.689+0000] {logging_mixin.py:151} INFO - [2025-03-14T13:15:41.688+0000] {dag.py:2915} INFO - Sync 1 DAGs
[2025-03-14T13:15:41.718+0000] {logging_mixin.py:151} INFO - [2025-03-14T13:15:41.717+0000] {dag.py:3696} INFO - Setting next_dagrun for yfinance_ingestion_historique_gold to 2025-03-14T00:00:00+00:00, run_after=2025-03-15T00:00:00+00:00
[2025-03-14T13:15:41.741+0000] {processor.py:179} INFO - Processing /opt/airflow/dags/ingest_historique.py took 0.822 seconds
[2025-03-14T13:16:12.205+0000] {processor.py:157} INFO - Started process (PID=2786) to work on /opt/airflow/dags/ingest_historique.py
[2025-03-14T13:16:12.206+0000] {processor.py:829} INFO - Processing file /opt/airflow/dags/ingest_historique.py for tasks to queue
[2025-03-14T13:16:12.208+0000] {logging_mixin.py:151} INFO - [2025-03-14T13:16:12.208+0000] {dagbag.py:539} INFO - Filling up the DagBag from /opt/airflow/dags/ingest_historique.py
[2025-03-14T13:16:12.791+0000] {processor.py:839} INFO - DAG(s) dict_keys(['yfinance_ingestion_historique_gold']) retrieved from /opt/airflow/dags/ingest_historique.py
[2025-03-14T13:16:12.835+0000] {logging_mixin.py:151} INFO - [2025-03-14T13:16:12.834+0000] {dag.py:2915} INFO - Sync 1 DAGs
[2025-03-14T13:16:12.874+0000] {logging_mixin.py:151} INFO - [2025-03-14T13:16:12.874+0000] {dag.py:3696} INFO - Setting next_dagrun for yfinance_ingestion_historique_gold to 2025-03-14T00:00:00+00:00, run_after=2025-03-15T00:00:00+00:00
[2025-03-14T13:16:12.920+0000] {processor.py:179} INFO - Processing /opt/airflow/dags/ingest_historique.py took 0.720 seconds
[2025-03-14T13:16:43.067+0000] {processor.py:157} INFO - Started process (PID=2798) to work on /opt/airflow/dags/ingest_historique.py
[2025-03-14T13:16:43.068+0000] {processor.py:829} INFO - Processing file /opt/airflow/dags/ingest_historique.py for tasks to queue
[2025-03-14T13:16:43.069+0000] {logging_mixin.py:151} INFO - [2025-03-14T13:16:43.068+0000] {dagbag.py:539} INFO - Filling up the DagBag from /opt/airflow/dags/ingest_historique.py
[2025-03-14T13:16:43.546+0000] {processor.py:839} INFO - DAG(s) dict_keys(['yfinance_ingestion_historique_gold']) retrieved from /opt/airflow/dags/ingest_historique.py
[2025-03-14T13:16:43.582+0000] {logging_mixin.py:151} INFO - [2025-03-14T13:16:43.581+0000] {dag.py:2915} INFO - Sync 1 DAGs
[2025-03-14T13:16:43.617+0000] {logging_mixin.py:151} INFO - [2025-03-14T13:16:43.617+0000] {dag.py:3696} INFO - Setting next_dagrun for yfinance_ingestion_historique_gold to 2025-03-14T00:00:00+00:00, run_after=2025-03-15T00:00:00+00:00
[2025-03-14T13:16:43.657+0000] {processor.py:179} INFO - Processing /opt/airflow/dags/ingest_historique.py took 0.593 seconds
[2025-03-14T13:17:14.639+0000] {processor.py:157} INFO - Started process (PID=2810) to work on /opt/airflow/dags/ingest_historique.py
[2025-03-14T13:17:14.641+0000] {processor.py:829} INFO - Processing file /opt/airflow/dags/ingest_historique.py for tasks to queue
[2025-03-14T13:17:14.643+0000] {logging_mixin.py:151} INFO - [2025-03-14T13:17:14.642+0000] {dagbag.py:539} INFO - Filling up the DagBag from /opt/airflow/dags/ingest_historique.py
[2025-03-14T13:17:15.379+0000] {processor.py:839} INFO - DAG(s) dict_keys(['yfinance_ingestion_historique_gold']) retrieved from /opt/airflow/dags/ingest_historique.py
[2025-03-14T13:17:15.404+0000] {logging_mixin.py:151} INFO - [2025-03-14T13:17:15.403+0000] {dag.py:2915} INFO - Sync 1 DAGs
[2025-03-14T13:17:15.426+0000] {logging_mixin.py:151} INFO - [2025-03-14T13:17:15.426+0000] {dag.py:3696} INFO - Setting next_dagrun for yfinance_ingestion_historique_gold to 2025-03-14T00:00:00+00:00, run_after=2025-03-15T00:00:00+00:00
[2025-03-14T13:17:15.449+0000] {processor.py:179} INFO - Processing /opt/airflow/dags/ingest_historique.py took 0.812 seconds
[2025-03-14T13:17:45.556+0000] {processor.py:157} INFO - Started process (PID=2822) to work on /opt/airflow/dags/ingest_historique.py
[2025-03-14T13:17:45.558+0000] {processor.py:829} INFO - Processing file /opt/airflow/dags/ingest_historique.py for tasks to queue
[2025-03-14T13:17:45.559+0000] {logging_mixin.py:151} INFO - [2025-03-14T13:17:45.558+0000] {dagbag.py:539} INFO - Filling up the DagBag from /opt/airflow/dags/ingest_historique.py
[2025-03-14T13:17:46.030+0000] {processor.py:839} INFO - DAG(s) dict_keys(['yfinance_ingestion_historique_gold']) retrieved from /opt/airflow/dags/ingest_historique.py
[2025-03-14T13:17:46.060+0000] {logging_mixin.py:151} INFO - [2025-03-14T13:17:46.060+0000] {dag.py:2915} INFO - Sync 1 DAGs
[2025-03-14T13:17:46.084+0000] {logging_mixin.py:151} INFO - [2025-03-14T13:17:46.083+0000] {dag.py:3696} INFO - Setting next_dagrun for yfinance_ingestion_historique_gold to 2025-03-14T00:00:00+00:00, run_after=2025-03-15T00:00:00+00:00
[2025-03-14T13:17:46.109+0000] {processor.py:179} INFO - Processing /opt/airflow/dags/ingest_historique.py took 0.559 seconds
[2025-03-14T13:18:17.113+0000] {processor.py:157} INFO - Started process (PID=2834) to work on /opt/airflow/dags/ingest_historique.py
[2025-03-14T13:18:17.114+0000] {processor.py:829} INFO - Processing file /opt/airflow/dags/ingest_historique.py for tasks to queue
[2025-03-14T13:18:17.115+0000] {logging_mixin.py:151} INFO - [2025-03-14T13:18:17.115+0000] {dagbag.py:539} INFO - Filling up the DagBag from /opt/airflow/dags/ingest_historique.py
[2025-03-14T13:18:17.556+0000] {processor.py:839} INFO - DAG(s) dict_keys(['yfinance_ingestion_historique_gold']) retrieved from /opt/airflow/dags/ingest_historique.py
[2025-03-14T13:18:17.581+0000] {logging_mixin.py:151} INFO - [2025-03-14T13:18:17.581+0000] {dag.py:2915} INFO - Sync 1 DAGs
[2025-03-14T13:18:17.604+0000] {logging_mixin.py:151} INFO - [2025-03-14T13:18:17.604+0000] {dag.py:3696} INFO - Setting next_dagrun for yfinance_ingestion_historique_gold to 2025-03-14T00:00:00+00:00, run_after=2025-03-15T00:00:00+00:00
[2025-03-14T13:18:17.629+0000] {processor.py:179} INFO - Processing /opt/airflow/dags/ingest_historique.py took 0.519 seconds
[2025-03-14T13:18:48.621+0000] {processor.py:157} INFO - Started process (PID=2846) to work on /opt/airflow/dags/ingest_historique.py
[2025-03-14T13:18:48.622+0000] {processor.py:829} INFO - Processing file /opt/airflow/dags/ingest_historique.py for tasks to queue
[2025-03-14T13:18:48.623+0000] {logging_mixin.py:151} INFO - [2025-03-14T13:18:48.622+0000] {dagbag.py:539} INFO - Filling up the DagBag from /opt/airflow/dags/ingest_historique.py
[2025-03-14T13:18:49.080+0000] {processor.py:839} INFO - DAG(s) dict_keys(['yfinance_ingestion_historique_gold']) retrieved from /opt/airflow/dags/ingest_historique.py
[2025-03-14T13:18:49.108+0000] {logging_mixin.py:151} INFO - [2025-03-14T13:18:49.107+0000] {dag.py:2915} INFO - Sync 1 DAGs
[2025-03-14T13:18:49.129+0000] {logging_mixin.py:151} INFO - [2025-03-14T13:18:49.129+0000] {dag.py:3696} INFO - Setting next_dagrun for yfinance_ingestion_historique_gold to 2025-03-14T00:00:00+00:00, run_after=2025-03-15T00:00:00+00:00
[2025-03-14T13:18:49.154+0000] {processor.py:179} INFO - Processing /opt/airflow/dags/ingest_historique.py took 0.536 seconds
[2025-03-14T13:19:19.226+0000] {processor.py:157} INFO - Started process (PID=2858) to work on /opt/airflow/dags/ingest_historique.py
[2025-03-14T13:19:19.227+0000] {processor.py:829} INFO - Processing file /opt/airflow/dags/ingest_historique.py for tasks to queue
[2025-03-14T13:19:19.228+0000] {logging_mixin.py:151} INFO - [2025-03-14T13:19:19.227+0000] {dagbag.py:539} INFO - Filling up the DagBag from /opt/airflow/dags/ingest_historique.py
[2025-03-14T13:19:19.831+0000] {processor.py:839} INFO - DAG(s) dict_keys(['yfinance_ingestion_historique_gold']) retrieved from /opt/airflow/dags/ingest_historique.py
[2025-03-14T13:19:19.866+0000] {logging_mixin.py:151} INFO - [2025-03-14T13:19:19.865+0000] {dag.py:2915} INFO - Sync 1 DAGs
[2025-03-14T13:19:19.892+0000] {logging_mixin.py:151} INFO - [2025-03-14T13:19:19.892+0000] {dag.py:3696} INFO - Setting next_dagrun for yfinance_ingestion_historique_gold to 2025-03-14T00:00:00+00:00, run_after=2025-03-15T00:00:00+00:00
[2025-03-14T13:19:19.919+0000] {processor.py:179} INFO - Processing /opt/airflow/dags/ingest_historique.py took 0.696 seconds
[2025-03-14T13:19:50.824+0000] {processor.py:157} INFO - Started process (PID=2870) to work on /opt/airflow/dags/ingest_historique.py
[2025-03-14T13:19:50.826+0000] {processor.py:829} INFO - Processing file /opt/airflow/dags/ingest_historique.py for tasks to queue
[2025-03-14T13:19:50.827+0000] {logging_mixin.py:151} INFO - [2025-03-14T13:19:50.827+0000] {dagbag.py:539} INFO - Filling up the DagBag from /opt/airflow/dags/ingest_historique.py
[2025-03-14T13:19:51.292+0000] {processor.py:839} INFO - DAG(s) dict_keys(['yfinance_ingestion_historique_gold']) retrieved from /opt/airflow/dags/ingest_historique.py
[2025-03-14T13:19:51.338+0000] {logging_mixin.py:151} INFO - [2025-03-14T13:19:51.337+0000] {dag.py:2915} INFO - Sync 1 DAGs
[2025-03-14T13:19:51.386+0000] {logging_mixin.py:151} INFO - [2025-03-14T13:19:51.386+0000] {dag.py:3696} INFO - Setting next_dagrun for yfinance_ingestion_historique_gold to 2025-03-14T00:00:00+00:00, run_after=2025-03-15T00:00:00+00:00
[2025-03-14T13:19:51.421+0000] {processor.py:179} INFO - Processing /opt/airflow/dags/ingest_historique.py took 0.601 seconds
[2025-03-14T13:20:22.003+0000] {processor.py:157} INFO - Started process (PID=2882) to work on /opt/airflow/dags/ingest_historique.py
[2025-03-14T13:20:22.004+0000] {processor.py:829} INFO - Processing file /opt/airflow/dags/ingest_historique.py for tasks to queue
[2025-03-14T13:20:22.005+0000] {logging_mixin.py:151} INFO - [2025-03-14T13:20:22.005+0000] {dagbag.py:539} INFO - Filling up the DagBag from /opt/airflow/dags/ingest_historique.py
[2025-03-14T13:20:22.591+0000] {processor.py:839} INFO - DAG(s) dict_keys(['yfinance_ingestion_historique_gold']) retrieved from /opt/airflow/dags/ingest_historique.py
[2025-03-14T13:20:22.615+0000] {logging_mixin.py:151} INFO - [2025-03-14T13:20:22.615+0000] {dag.py:2915} INFO - Sync 1 DAGs
[2025-03-14T13:20:22.637+0000] {logging_mixin.py:151} INFO - [2025-03-14T13:20:22.637+0000] {dag.py:3696} INFO - Setting next_dagrun for yfinance_ingestion_historique_gold to 2025-03-14T00:00:00+00:00, run_after=2025-03-15T00:00:00+00:00
[2025-03-14T13:20:22.657+0000] {processor.py:179} INFO - Processing /opt/airflow/dags/ingest_historique.py took 0.657 seconds
[2025-03-14T13:20:52.769+0000] {processor.py:157} INFO - Started process (PID=2894) to work on /opt/airflow/dags/ingest_historique.py
[2025-03-14T13:20:52.770+0000] {processor.py:829} INFO - Processing file /opt/airflow/dags/ingest_historique.py for tasks to queue
[2025-03-14T13:20:52.771+0000] {logging_mixin.py:151} INFO - [2025-03-14T13:20:52.771+0000] {dagbag.py:539} INFO - Filling up the DagBag from /opt/airflow/dags/ingest_historique.py
[2025-03-14T13:20:53.184+0000] {processor.py:839} INFO - DAG(s) dict_keys(['yfinance_ingestion_historique_gold']) retrieved from /opt/airflow/dags/ingest_historique.py
[2025-03-14T13:20:53.211+0000] {logging_mixin.py:151} INFO - [2025-03-14T13:20:53.211+0000] {dag.py:2915} INFO - Sync 1 DAGs
[2025-03-14T13:20:53.241+0000] {logging_mixin.py:151} INFO - [2025-03-14T13:20:53.240+0000] {dag.py:3696} INFO - Setting next_dagrun for yfinance_ingestion_historique_gold to 2025-03-14T00:00:00+00:00, run_after=2025-03-15T00:00:00+00:00
[2025-03-14T13:20:53.270+0000] {processor.py:179} INFO - Processing /opt/airflow/dags/ingest_historique.py took 0.504 seconds
[2025-03-14T13:21:24.223+0000] {processor.py:157} INFO - Started process (PID=2906) to work on /opt/airflow/dags/ingest_historique.py
[2025-03-14T13:21:24.224+0000] {processor.py:829} INFO - Processing file /opt/airflow/dags/ingest_historique.py for tasks to queue
[2025-03-14T13:21:24.226+0000] {logging_mixin.py:151} INFO - [2025-03-14T13:21:24.225+0000] {dagbag.py:539} INFO - Filling up the DagBag from /opt/airflow/dags/ingest_historique.py
[2025-03-14T13:21:24.639+0000] {processor.py:839} INFO - DAG(s) dict_keys(['yfinance_ingestion_historique_gold']) retrieved from /opt/airflow/dags/ingest_historique.py
[2025-03-14T13:21:24.667+0000] {logging_mixin.py:151} INFO - [2025-03-14T13:21:24.666+0000] {dag.py:2915} INFO - Sync 1 DAGs
[2025-03-14T13:21:24.687+0000] {logging_mixin.py:151} INFO - [2025-03-14T13:21:24.687+0000] {dag.py:3696} INFO - Setting next_dagrun for yfinance_ingestion_historique_gold to 2025-03-14T00:00:00+00:00, run_after=2025-03-15T00:00:00+00:00
[2025-03-14T13:21:24.712+0000] {processor.py:179} INFO - Processing /opt/airflow/dags/ingest_historique.py took 0.491 seconds
[2025-03-14T13:21:55.285+0000] {processor.py:157} INFO - Started process (PID=2918) to work on /opt/airflow/dags/ingest_historique.py
[2025-03-14T13:21:55.286+0000] {processor.py:829} INFO - Processing file /opt/airflow/dags/ingest_historique.py for tasks to queue
[2025-03-14T13:21:55.289+0000] {logging_mixin.py:151} INFO - [2025-03-14T13:21:55.288+0000] {dagbag.py:539} INFO - Filling up the DagBag from /opt/airflow/dags/ingest_historique.py
[2025-03-14T13:21:55.760+0000] {processor.py:839} INFO - DAG(s) dict_keys(['yfinance_ingestion_historique_gold']) retrieved from /opt/airflow/dags/ingest_historique.py
[2025-03-14T13:21:55.791+0000] {logging_mixin.py:151} INFO - [2025-03-14T13:21:55.791+0000] {dag.py:2915} INFO - Sync 1 DAGs
[2025-03-14T13:21:55.819+0000] {logging_mixin.py:151} INFO - [2025-03-14T13:21:55.819+0000] {dag.py:3696} INFO - Setting next_dagrun for yfinance_ingestion_historique_gold to 2025-03-14T00:00:00+00:00, run_after=2025-03-15T00:00:00+00:00
[2025-03-14T13:21:55.842+0000] {processor.py:179} INFO - Processing /opt/airflow/dags/ingest_historique.py took 0.561 seconds
[2025-03-14T13:22:26.257+0000] {processor.py:157} INFO - Started process (PID=2930) to work on /opt/airflow/dags/ingest_historique.py
[2025-03-14T13:22:26.259+0000] {processor.py:829} INFO - Processing file /opt/airflow/dags/ingest_historique.py for tasks to queue
[2025-03-14T13:22:26.260+0000] {logging_mixin.py:151} INFO - [2025-03-14T13:22:26.260+0000] {dagbag.py:539} INFO - Filling up the DagBag from /opt/airflow/dags/ingest_historique.py
[2025-03-14T13:22:26.811+0000] {processor.py:839} INFO - DAG(s) dict_keys(['yfinance_ingestion_historique_gold']) retrieved from /opt/airflow/dags/ingest_historique.py
[2025-03-14T13:22:26.852+0000] {logging_mixin.py:151} INFO - [2025-03-14T13:22:26.852+0000] {dag.py:2915} INFO - Sync 1 DAGs
[2025-03-14T13:22:26.879+0000] {logging_mixin.py:151} INFO - [2025-03-14T13:22:26.878+0000] {dag.py:3696} INFO - Setting next_dagrun for yfinance_ingestion_historique_gold to 2025-03-14T00:00:00+00:00, run_after=2025-03-15T00:00:00+00:00
[2025-03-14T13:22:26.913+0000] {processor.py:179} INFO - Processing /opt/airflow/dags/ingest_historique.py took 0.660 seconds
[2025-03-14T13:22:56.967+0000] {processor.py:157} INFO - Started process (PID=2942) to work on /opt/airflow/dags/ingest_historique.py
[2025-03-14T13:22:56.968+0000] {processor.py:829} INFO - Processing file /opt/airflow/dags/ingest_historique.py for tasks to queue
[2025-03-14T13:22:56.969+0000] {logging_mixin.py:151} INFO - [2025-03-14T13:22:56.969+0000] {dagbag.py:539} INFO - Filling up the DagBag from /opt/airflow/dags/ingest_historique.py
[2025-03-14T13:22:57.519+0000] {processor.py:839} INFO - DAG(s) dict_keys(['yfinance_ingestion_historique_gold']) retrieved from /opt/airflow/dags/ingest_historique.py
[2025-03-14T13:22:57.555+0000] {logging_mixin.py:151} INFO - [2025-03-14T13:22:57.555+0000] {dag.py:2915} INFO - Sync 1 DAGs
[2025-03-14T13:22:57.581+0000] {logging_mixin.py:151} INFO - [2025-03-14T13:22:57.581+0000] {dag.py:3696} INFO - Setting next_dagrun for yfinance_ingestion_historique_gold to 2025-03-14T00:00:00+00:00, run_after=2025-03-15T00:00:00+00:00
[2025-03-14T13:22:57.612+0000] {processor.py:179} INFO - Processing /opt/airflow/dags/ingest_historique.py took 0.649 seconds
[2025-03-14T13:23:28.497+0000] {processor.py:157} INFO - Started process (PID=2954) to work on /opt/airflow/dags/ingest_historique.py
[2025-03-14T13:23:28.498+0000] {processor.py:829} INFO - Processing file /opt/airflow/dags/ingest_historique.py for tasks to queue
[2025-03-14T13:23:28.501+0000] {logging_mixin.py:151} INFO - [2025-03-14T13:23:28.500+0000] {dagbag.py:539} INFO - Filling up the DagBag from /opt/airflow/dags/ingest_historique.py
[2025-03-14T13:23:29.285+0000] {processor.py:839} INFO - DAG(s) dict_keys(['yfinance_ingestion_historique_gold']) retrieved from /opt/airflow/dags/ingest_historique.py
[2025-03-14T13:23:29.328+0000] {logging_mixin.py:151} INFO - [2025-03-14T13:23:29.327+0000] {dag.py:2915} INFO - Sync 1 DAGs
[2025-03-14T13:23:29.374+0000] {logging_mixin.py:151} INFO - [2025-03-14T13:23:29.374+0000] {dag.py:3696} INFO - Setting next_dagrun for yfinance_ingestion_historique_gold to 2025-03-14T00:00:00+00:00, run_after=2025-03-15T00:00:00+00:00
[2025-03-14T13:23:29.408+0000] {processor.py:179} INFO - Processing /opt/airflow/dags/ingest_historique.py took 0.915 seconds
