[2025-03-14T10:07:20.860+0000] {processor.py:157} INFO - Started process (PID=181) to work on /opt/airflow/dags/pipeline.py
[2025-03-14T10:07:20.865+0000] {processor.py:829} INFO - Processing file /opt/airflow/dags/pipeline.py for tasks to queue
[2025-03-14T10:07:20.868+0000] {logging_mixin.py:151} INFO - [2025-03-14T10:07:20.867+0000] {dagbag.py:539} INFO - Filling up the DagBag from /opt/airflow/dags/pipeline.py
[2025-03-14T10:07:23.692+0000] {processor.py:839} INFO - DAG(s) dict_keys(['yfinance_ingestion_dag']) retrieved from /opt/airflow/dags/pipeline.py
[2025-03-14T10:07:23.798+0000] {logging_mixin.py:151} INFO - [2025-03-14T10:07:23.797+0000] {dag.py:2915} INFO - Sync 1 DAGs
[2025-03-14T10:07:23.843+0000] {logging_mixin.py:151} INFO - [2025-03-14T10:07:23.843+0000] {dag.py:3696} INFO - Setting next_dagrun for yfinance_ingestion_dag to 2025-01-01T00:00:00+00:00, run_after=2025-01-02T00:00:00+00:00
[2025-03-14T10:07:23.881+0000] {processor.py:179} INFO - Processing /opt/airflow/dags/pipeline.py took 3.028 seconds
[2025-03-14T10:07:54.379+0000] {processor.py:157} INFO - Started process (PID=233) to work on /opt/airflow/dags/pipeline.py
[2025-03-14T10:07:54.381+0000] {processor.py:829} INFO - Processing file /opt/airflow/dags/pipeline.py for tasks to queue
[2025-03-14T10:07:54.382+0000] {logging_mixin.py:151} INFO - [2025-03-14T10:07:54.382+0000] {dagbag.py:539} INFO - Filling up the DagBag from /opt/airflow/dags/pipeline.py
[2025-03-14T10:07:55.206+0000] {processor.py:839} INFO - DAG(s) dict_keys(['yfinance_ingestion_dag']) retrieved from /opt/airflow/dags/pipeline.py
[2025-03-14T10:07:55.239+0000] {logging_mixin.py:151} INFO - [2025-03-14T10:07:55.238+0000] {dag.py:2915} INFO - Sync 1 DAGs
[2025-03-14T10:07:55.273+0000] {logging_mixin.py:151} INFO - [2025-03-14T10:07:55.273+0000] {dag.py:3696} INFO - Setting next_dagrun for yfinance_ingestion_dag to 2025-01-01T00:00:00+00:00, run_after=2025-01-02T00:00:00+00:00
[2025-03-14T10:07:55.302+0000] {processor.py:179} INFO - Processing /opt/airflow/dags/pipeline.py took 0.931 seconds
[2025-03-14T10:08:25.975+0000] {processor.py:157} INFO - Started process (PID=245) to work on /opt/airflow/dags/pipeline.py
[2025-03-14T10:08:25.976+0000] {processor.py:829} INFO - Processing file /opt/airflow/dags/pipeline.py for tasks to queue
[2025-03-14T10:08:25.978+0000] {logging_mixin.py:151} INFO - [2025-03-14T10:08:25.978+0000] {dagbag.py:539} INFO - Filling up the DagBag from /opt/airflow/dags/pipeline.py
[2025-03-14T10:08:26.074+0000] {processor.py:839} INFO - DAG(s) dict_keys(['yfinance_ingestion_dag']) retrieved from /opt/airflow/dags/pipeline.py
[2025-03-14T10:08:26.102+0000] {logging_mixin.py:151} INFO - [2025-03-14T10:08:26.102+0000] {dag.py:2915} INFO - Sync 1 DAGs
[2025-03-14T10:08:26.125+0000] {logging_mixin.py:151} INFO - [2025-03-14T10:08:26.125+0000] {dag.py:3696} INFO - Setting next_dagrun for yfinance_ingestion_dag to 2025-01-01T00:00:00+00:00, run_after=2025-01-02T00:00:00+00:00
[2025-03-14T10:08:26.152+0000] {processor.py:179} INFO - Processing /opt/airflow/dags/pipeline.py took 1.011 seconds
[2025-03-14T10:08:56.700+0000] {processor.py:157} INFO - Started process (PID=257) to work on /opt/airflow/dags/pipeline.py
[2025-03-14T10:08:56.701+0000] {processor.py:829} INFO - Processing file /opt/airflow/dags/pipeline.py for tasks to queue
[2025-03-14T10:08:56.703+0000] {logging_mixin.py:151} INFO - [2025-03-14T10:08:56.702+0000] {dagbag.py:539} INFO - Filling up the DagBag from /opt/airflow/dags/pipeline.py
[2025-03-14T10:08:58.146+0000] {processor.py:839} INFO - DAG(s) dict_keys(['yfinance_ingestion_dag']) retrieved from /opt/airflow/dags/pipeline.py
[2025-03-14T10:08:58.224+0000] {logging_mixin.py:151} INFO - [2025-03-14T10:08:58.223+0000] {dag.py:2915} INFO - Sync 1 DAGs
[2025-03-14T10:08:58.313+0000] {logging_mixin.py:151} INFO - [2025-03-14T10:08:58.312+0000] {dag.py:3696} INFO - Setting next_dagrun for yfinance_ingestion_dag to 2025-01-01T00:00:00+00:00, run_after=2025-01-02T00:00:00+00:00
[2025-03-14T10:08:58.374+0000] {processor.py:179} INFO - Processing /opt/airflow/dags/pipeline.py took 1.678 seconds
[2025-03-14T10:09:29.009+0000] {processor.py:157} INFO - Started process (PID=269) to work on /opt/airflow/dags/pipeline.py
[2025-03-14T10:09:29.012+0000] {processor.py:829} INFO - Processing file /opt/airflow/dags/pipeline.py for tasks to queue
[2025-03-14T10:09:29.014+0000] {logging_mixin.py:151} INFO - [2025-03-14T10:09:29.014+0000] {dagbag.py:539} INFO - Filling up the DagBag from /opt/airflow/dags/pipeline.py
[2025-03-14T10:09:29.942+0000] {processor.py:839} INFO - DAG(s) dict_keys(['yfinance_ingestion_dag']) retrieved from /opt/airflow/dags/pipeline.py
[2025-03-14T10:09:29.971+0000] {logging_mixin.py:151} INFO - [2025-03-14T10:09:29.971+0000] {dag.py:2915} INFO - Sync 1 DAGs
[2025-03-14T10:09:30.008+0000] {logging_mixin.py:151} INFO - [2025-03-14T10:09:30.007+0000] {dag.py:3696} INFO - Setting next_dagrun for yfinance_ingestion_dag to 2025-01-01T00:00:00+00:00, run_after=2025-01-02T00:00:00+00:00
[2025-03-14T10:09:30.036+0000] {processor.py:179} INFO - Processing /opt/airflow/dags/pipeline.py took 1.033 seconds
[2025-03-14T10:10:00.620+0000] {processor.py:157} INFO - Started process (PID=281) to work on /opt/airflow/dags/pipeline.py
[2025-03-14T10:10:00.622+0000] {processor.py:829} INFO - Processing file /opt/airflow/dags/pipeline.py for tasks to queue
[2025-03-14T10:10:00.624+0000] {logging_mixin.py:151} INFO - [2025-03-14T10:10:00.623+0000] {dagbag.py:539} INFO - Filling up the DagBag from /opt/airflow/dags/pipeline.py
[2025-03-14T10:10:01.565+0000] {processor.py:839} INFO - DAG(s) dict_keys(['yfinance_ingestion_dag']) retrieved from /opt/airflow/dags/pipeline.py
[2025-03-14T10:10:01.598+0000] {logging_mixin.py:151} INFO - [2025-03-14T10:10:01.598+0000] {dag.py:2915} INFO - Sync 1 DAGs
[2025-03-14T10:10:01.632+0000] {logging_mixin.py:151} INFO - [2025-03-14T10:10:01.632+0000] {dag.py:3696} INFO - Setting next_dagrun for yfinance_ingestion_dag to 2025-01-01T00:00:00+00:00, run_after=2025-01-02T00:00:00+00:00
[2025-03-14T10:10:01.660+0000] {processor.py:179} INFO - Processing /opt/airflow/dags/pipeline.py took 1.044 seconds
[2025-03-14T10:10:32.271+0000] {processor.py:157} INFO - Started process (PID=293) to work on /opt/airflow/dags/pipeline.py
[2025-03-14T10:10:32.273+0000] {processor.py:829} INFO - Processing file /opt/airflow/dags/pipeline.py for tasks to queue
[2025-03-14T10:10:32.276+0000] {logging_mixin.py:151} INFO - [2025-03-14T10:10:32.275+0000] {dagbag.py:539} INFO - Filling up the DagBag from /opt/airflow/dags/pipeline.py
[2025-03-14T10:10:33.093+0000] {processor.py:839} INFO - DAG(s) dict_keys(['yfinance_ingestion_dag']) retrieved from /opt/airflow/dags/pipeline.py
[2025-03-14T10:10:33.136+0000] {logging_mixin.py:151} INFO - [2025-03-14T10:10:33.135+0000] {dag.py:2915} INFO - Sync 1 DAGs
[2025-03-14T10:10:33.182+0000] {logging_mixin.py:151} INFO - [2025-03-14T10:10:33.181+0000] {dag.py:3696} INFO - Setting next_dagrun for yfinance_ingestion_dag to 2025-01-01T00:00:00+00:00, run_after=2025-01-02T00:00:00+00:00
[2025-03-14T10:10:33.228+0000] {processor.py:179} INFO - Processing /opt/airflow/dags/pipeline.py took 0.963 seconds
[2025-03-14T10:11:03.790+0000] {processor.py:157} INFO - Started process (PID=305) to work on /opt/airflow/dags/pipeline.py
[2025-03-14T10:11:03.792+0000] {processor.py:829} INFO - Processing file /opt/airflow/dags/pipeline.py for tasks to queue
[2025-03-14T10:11:03.794+0000] {logging_mixin.py:151} INFO - [2025-03-14T10:11:03.793+0000] {dagbag.py:539} INFO - Filling up the DagBag from /opt/airflow/dags/pipeline.py
[2025-03-14T10:11:04.524+0000] {processor.py:839} INFO - DAG(s) dict_keys(['yfinance_ingestion_dag']) retrieved from /opt/airflow/dags/pipeline.py
[2025-03-14T10:11:04.563+0000] {logging_mixin.py:151} INFO - [2025-03-14T10:11:04.562+0000] {dag.py:2915} INFO - Sync 1 DAGs
[2025-03-14T10:11:04.604+0000] {logging_mixin.py:151} INFO - [2025-03-14T10:11:04.604+0000] {dag.py:3696} INFO - Setting next_dagrun for yfinance_ingestion_dag to 2025-01-01T00:00:00+00:00, run_after=2025-01-02T00:00:00+00:00
[2025-03-14T10:11:04.631+0000] {processor.py:179} INFO - Processing /opt/airflow/dags/pipeline.py took 0.847 seconds
[2025-03-14T10:11:35.425+0000] {processor.py:157} INFO - Started process (PID=317) to work on /opt/airflow/dags/pipeline.py
[2025-03-14T10:11:35.428+0000] {processor.py:829} INFO - Processing file /opt/airflow/dags/pipeline.py for tasks to queue
[2025-03-14T10:11:35.429+0000] {logging_mixin.py:151} INFO - [2025-03-14T10:11:35.429+0000] {dagbag.py:539} INFO - Filling up the DagBag from /opt/airflow/dags/pipeline.py
[2025-03-14T10:11:36.046+0000] {processor.py:839} INFO - DAG(s) dict_keys(['yfinance_ingestion_dag']) retrieved from /opt/airflow/dags/pipeline.py
[2025-03-14T10:11:36.084+0000] {logging_mixin.py:151} INFO - [2025-03-14T10:11:36.083+0000] {dag.py:2915} INFO - Sync 1 DAGs
[2025-03-14T10:11:36.121+0000] {logging_mixin.py:151} INFO - [2025-03-14T10:11:36.121+0000] {dag.py:3696} INFO - Setting next_dagrun for yfinance_ingestion_dag to 2025-01-01T00:00:00+00:00, run_after=2025-01-02T00:00:00+00:00
[2025-03-14T10:11:36.151+0000] {processor.py:179} INFO - Processing /opt/airflow/dags/pipeline.py took 0.729 seconds
[2025-03-14T10:12:06.761+0000] {processor.py:157} INFO - Started process (PID=329) to work on /opt/airflow/dags/pipeline.py
[2025-03-14T10:12:06.776+0000] {processor.py:829} INFO - Processing file /opt/airflow/dags/pipeline.py for tasks to queue
[2025-03-14T10:12:06.781+0000] {logging_mixin.py:151} INFO - [2025-03-14T10:12:06.780+0000] {dagbag.py:539} INFO - Filling up the DagBag from /opt/airflow/dags/pipeline.py
[2025-03-14T10:12:07.818+0000] {processor.py:839} INFO - DAG(s) dict_keys(['yfinance_ingestion_dag']) retrieved from /opt/airflow/dags/pipeline.py
[2025-03-14T10:12:07.910+0000] {logging_mixin.py:151} INFO - [2025-03-14T10:12:07.909+0000] {dag.py:2915} INFO - Sync 1 DAGs
[2025-03-14T10:12:08.025+0000] {logging_mixin.py:151} INFO - [2025-03-14T10:12:08.025+0000] {dag.py:3696} INFO - Setting next_dagrun for yfinance_ingestion_dag to 2025-01-01T00:00:00+00:00, run_after=2025-01-02T00:00:00+00:00
[2025-03-14T10:12:08.088+0000] {processor.py:179} INFO - Processing /opt/airflow/dags/pipeline.py took 1.334 seconds
[2025-03-14T10:12:38.726+0000] {processor.py:157} INFO - Started process (PID=341) to work on /opt/airflow/dags/pipeline.py
[2025-03-14T10:12:38.728+0000] {processor.py:829} INFO - Processing file /opt/airflow/dags/pipeline.py for tasks to queue
[2025-03-14T10:12:38.730+0000] {logging_mixin.py:151} INFO - [2025-03-14T10:12:38.729+0000] {dagbag.py:539} INFO - Filling up the DagBag from /opt/airflow/dags/pipeline.py
[2025-03-14T10:12:39.359+0000] {processor.py:839} INFO - DAG(s) dict_keys(['yfinance_ingestion_dag']) retrieved from /opt/airflow/dags/pipeline.py
[2025-03-14T10:12:39.398+0000] {logging_mixin.py:151} INFO - [2025-03-14T10:12:39.397+0000] {dag.py:2915} INFO - Sync 1 DAGs
[2025-03-14T10:12:39.427+0000] {logging_mixin.py:151} INFO - [2025-03-14T10:12:39.427+0000] {dag.py:3696} INFO - Setting next_dagrun for yfinance_ingestion_dag to 2025-01-01T00:00:00+00:00, run_after=2025-01-02T00:00:00+00:00
[2025-03-14T10:12:39.455+0000] {processor.py:179} INFO - Processing /opt/airflow/dags/pipeline.py took 0.735 seconds
[2025-03-14T10:13:10.033+0000] {processor.py:157} INFO - Started process (PID=353) to work on /opt/airflow/dags/pipeline.py
[2025-03-14T10:13:10.039+0000] {processor.py:829} INFO - Processing file /opt/airflow/dags/pipeline.py for tasks to queue
[2025-03-14T10:13:10.043+0000] {logging_mixin.py:151} INFO - [2025-03-14T10:13:10.042+0000] {dagbag.py:539} INFO - Filling up the DagBag from /opt/airflow/dags/pipeline.py
[2025-03-14T10:13:10.883+0000] {processor.py:839} INFO - DAG(s) dict_keys(['yfinance_ingestion_dag']) retrieved from /opt/airflow/dags/pipeline.py
[2025-03-14T10:13:10.937+0000] {logging_mixin.py:151} INFO - [2025-03-14T10:13:10.937+0000] {dag.py:2915} INFO - Sync 1 DAGs
[2025-03-14T10:13:10.997+0000] {logging_mixin.py:151} INFO - [2025-03-14T10:13:10.997+0000] {dag.py:3696} INFO - Setting next_dagrun for yfinance_ingestion_dag to 2025-01-01T00:00:00+00:00, run_after=2025-01-02T00:00:00+00:00
[2025-03-14T10:13:11.032+0000] {processor.py:179} INFO - Processing /opt/airflow/dags/pipeline.py took 1.016 seconds
[2025-03-14T10:13:41.312+0000] {processor.py:157} INFO - Started process (PID=365) to work on /opt/airflow/dags/pipeline.py
[2025-03-14T10:13:41.314+0000] {processor.py:829} INFO - Processing file /opt/airflow/dags/pipeline.py for tasks to queue
[2025-03-14T10:13:41.316+0000] {logging_mixin.py:151} INFO - [2025-03-14T10:13:41.315+0000] {dagbag.py:539} INFO - Filling up the DagBag from /opt/airflow/dags/pipeline.py
[2025-03-14T10:13:43.449+0000] {processor.py:839} INFO - DAG(s) dict_keys(['yfinance_ingestion_dag']) retrieved from /opt/airflow/dags/pipeline.py
[2025-03-14T10:13:43.583+0000] {logging_mixin.py:151} INFO - [2025-03-14T10:13:43.582+0000] {dag.py:2915} INFO - Sync 1 DAGs
[2025-03-14T10:13:43.681+0000] {logging_mixin.py:151} INFO - [2025-03-14T10:13:43.680+0000] {dag.py:3696} INFO - Setting next_dagrun for yfinance_ingestion_dag to 2025-01-01T00:00:00+00:00, run_after=2025-01-02T00:00:00+00:00
[2025-03-14T10:13:43.778+0000] {processor.py:179} INFO - Processing /opt/airflow/dags/pipeline.py took 2.474 seconds
[2025-03-14T10:14:14.390+0000] {processor.py:157} INFO - Started process (PID=377) to work on /opt/airflow/dags/pipeline.py
[2025-03-14T10:14:14.392+0000] {processor.py:829} INFO - Processing file /opt/airflow/dags/pipeline.py for tasks to queue
[2025-03-14T10:14:14.394+0000] {logging_mixin.py:151} INFO - [2025-03-14T10:14:14.394+0000] {dagbag.py:539} INFO - Filling up the DagBag from /opt/airflow/dags/pipeline.py
[2025-03-14T10:14:15.469+0000] {processor.py:839} INFO - DAG(s) dict_keys(['yfinance_ingestion_dag']) retrieved from /opt/airflow/dags/pipeline.py
[2025-03-14T10:14:15.634+0000] {logging_mixin.py:151} INFO - [2025-03-14T10:14:15.632+0000] {dag.py:2915} INFO - Sync 1 DAGs
[2025-03-14T10:14:15.814+0000] {logging_mixin.py:151} INFO - [2025-03-14T10:14:15.813+0000] {dag.py:3696} INFO - Setting next_dagrun for yfinance_ingestion_dag to 2025-01-01T00:00:00+00:00, run_after=2025-01-02T00:00:00+00:00
[2025-03-14T10:14:15.900+0000] {processor.py:179} INFO - Processing /opt/airflow/dags/pipeline.py took 2.410 seconds
[2025-03-14T10:14:46.422+0000] {processor.py:157} INFO - Started process (PID=389) to work on /opt/airflow/dags/pipeline.py
[2025-03-14T10:14:46.425+0000] {processor.py:829} INFO - Processing file /opt/airflow/dags/pipeline.py for tasks to queue
[2025-03-14T10:14:46.430+0000] {logging_mixin.py:151} INFO - [2025-03-14T10:14:46.427+0000] {dagbag.py:539} INFO - Filling up the DagBag from /opt/airflow/dags/pipeline.py
[2025-03-14T10:14:47.761+0000] {processor.py:839} INFO - DAG(s) dict_keys(['yfinance_ingestion_dag']) retrieved from /opt/airflow/dags/pipeline.py
[2025-03-14T10:14:47.830+0000] {logging_mixin.py:151} INFO - [2025-03-14T10:14:47.828+0000] {dag.py:2915} INFO - Sync 1 DAGs
[2025-03-14T10:14:47.922+0000] {logging_mixin.py:151} INFO - [2025-03-14T10:14:47.921+0000] {dag.py:3696} INFO - Setting next_dagrun for yfinance_ingestion_dag to 2025-01-01T00:00:00+00:00, run_after=2025-01-02T00:00:00+00:00
[2025-03-14T10:14:47.980+0000] {processor.py:179} INFO - Processing /opt/airflow/dags/pipeline.py took 1.567 seconds
[2025-03-14T10:15:18.355+0000] {processor.py:157} INFO - Started process (PID=401) to work on /opt/airflow/dags/pipeline.py
[2025-03-14T10:15:18.359+0000] {processor.py:829} INFO - Processing file /opt/airflow/dags/pipeline.py for tasks to queue
[2025-03-14T10:15:18.361+0000] {logging_mixin.py:151} INFO - [2025-03-14T10:15:18.360+0000] {dagbag.py:539} INFO - Filling up the DagBag from /opt/airflow/dags/pipeline.py
[2025-03-14T10:15:19.017+0000] {processor.py:839} INFO - DAG(s) dict_keys(['yfinance_ingestion_dag']) retrieved from /opt/airflow/dags/pipeline.py
[2025-03-14T10:15:19.053+0000] {logging_mixin.py:151} INFO - [2025-03-14T10:15:19.053+0000] {dag.py:2915} INFO - Sync 1 DAGs
[2025-03-14T10:15:19.081+0000] {logging_mixin.py:151} INFO - [2025-03-14T10:15:19.081+0000] {dag.py:3696} INFO - Setting next_dagrun for yfinance_ingestion_dag to 2025-01-01T00:00:00+00:00, run_after=2025-01-02T00:00:00+00:00
[2025-03-14T10:15:19.112+0000] {processor.py:179} INFO - Processing /opt/airflow/dags/pipeline.py took 0.764 seconds
[2025-03-14T10:15:49.677+0000] {processor.py:157} INFO - Started process (PID=413) to work on /opt/airflow/dags/pipeline.py
[2025-03-14T10:15:49.678+0000] {processor.py:829} INFO - Processing file /opt/airflow/dags/pipeline.py for tasks to queue
[2025-03-14T10:15:49.680+0000] {logging_mixin.py:151} INFO - [2025-03-14T10:15:49.679+0000] {dagbag.py:539} INFO - Filling up the DagBag from /opt/airflow/dags/pipeline.py
[2025-03-14T10:15:50.199+0000] {processor.py:839} INFO - DAG(s) dict_keys(['yfinance_ingestion_dag']) retrieved from /opt/airflow/dags/pipeline.py
[2025-03-14T10:15:50.232+0000] {logging_mixin.py:151} INFO - [2025-03-14T10:15:50.231+0000] {dag.py:2915} INFO - Sync 1 DAGs
[2025-03-14T10:15:50.259+0000] {logging_mixin.py:151} INFO - [2025-03-14T10:15:50.259+0000] {dag.py:3696} INFO - Setting next_dagrun for yfinance_ingestion_dag to 2025-01-01T00:00:00+00:00, run_after=2025-01-02T00:00:00+00:00
[2025-03-14T10:15:50.287+0000] {processor.py:179} INFO - Processing /opt/airflow/dags/pipeline.py took 0.615 seconds
[2025-03-14T10:16:20.378+0000] {processor.py:157} INFO - Started process (PID=425) to work on /opt/airflow/dags/pipeline.py
[2025-03-14T10:16:20.381+0000] {processor.py:829} INFO - Processing file /opt/airflow/dags/pipeline.py for tasks to queue
[2025-03-14T10:16:20.386+0000] {logging_mixin.py:151} INFO - [2025-03-14T10:16:20.385+0000] {dagbag.py:539} INFO - Filling up the DagBag from /opt/airflow/dags/pipeline.py
[2025-03-14T10:16:21.536+0000] {processor.py:839} INFO - DAG(s) dict_keys(['yfinance_ingestion_dag']) retrieved from /opt/airflow/dags/pipeline.py
[2025-03-14T10:16:21.633+0000] {logging_mixin.py:151} INFO - [2025-03-14T10:16:21.632+0000] {dag.py:2915} INFO - Sync 1 DAGs
[2025-03-14T10:16:21.697+0000] {logging_mixin.py:151} INFO - [2025-03-14T10:16:21.697+0000] {dag.py:3696} INFO - Setting next_dagrun for yfinance_ingestion_dag to 2025-01-01T00:00:00+00:00, run_after=2025-01-02T00:00:00+00:00
[2025-03-14T10:16:21.735+0000] {processor.py:179} INFO - Processing /opt/airflow/dags/pipeline.py took 1.368 seconds
[2025-03-14T10:16:52.022+0000] {processor.py:157} INFO - Started process (PID=437) to work on /opt/airflow/dags/pipeline.py
[2025-03-14T10:16:52.028+0000] {processor.py:829} INFO - Processing file /opt/airflow/dags/pipeline.py for tasks to queue
[2025-03-14T10:16:52.034+0000] {logging_mixin.py:151} INFO - [2025-03-14T10:16:52.033+0000] {dagbag.py:539} INFO - Filling up the DagBag from /opt/airflow/dags/pipeline.py
[2025-03-14T10:16:53.192+0000] {processor.py:839} INFO - DAG(s) dict_keys(['yfinance_ingestion_dag']) retrieved from /opt/airflow/dags/pipeline.py
[2025-03-14T10:16:53.264+0000] {logging_mixin.py:151} INFO - [2025-03-14T10:16:53.263+0000] {dag.py:2915} INFO - Sync 1 DAGs
[2025-03-14T10:16:53.321+0000] {logging_mixin.py:151} INFO - [2025-03-14T10:16:53.320+0000] {dag.py:3696} INFO - Setting next_dagrun for yfinance_ingestion_dag to 2025-01-01T00:00:00+00:00, run_after=2025-01-02T00:00:00+00:00
[2025-03-14T10:16:53.381+0000] {processor.py:179} INFO - Processing /opt/airflow/dags/pipeline.py took 1.375 seconds
[2025-03-14T10:17:23.789+0000] {processor.py:157} INFO - Started process (PID=449) to work on /opt/airflow/dags/pipeline.py
[2025-03-14T10:17:23.791+0000] {processor.py:829} INFO - Processing file /opt/airflow/dags/pipeline.py for tasks to queue
[2025-03-14T10:17:23.794+0000] {logging_mixin.py:151} INFO - [2025-03-14T10:17:23.794+0000] {dagbag.py:539} INFO - Filling up the DagBag from /opt/airflow/dags/pipeline.py
[2025-03-14T10:17:24.922+0000] {processor.py:839} INFO - DAG(s) dict_keys(['yfinance_ingestion_dag']) retrieved from /opt/airflow/dags/pipeline.py
[2025-03-14T10:17:25.011+0000] {logging_mixin.py:151} INFO - [2025-03-14T10:17:25.010+0000] {dag.py:2915} INFO - Sync 1 DAGs
[2025-03-14T10:17:25.070+0000] {logging_mixin.py:151} INFO - [2025-03-14T10:17:25.070+0000] {dag.py:3696} INFO - Setting next_dagrun for yfinance_ingestion_dag to 2025-01-01T00:00:00+00:00, run_after=2025-01-02T00:00:00+00:00
[2025-03-14T10:17:25.115+0000] {processor.py:179} INFO - Processing /opt/airflow/dags/pipeline.py took 1.338 seconds
[2025-03-14T10:17:55.253+0000] {processor.py:157} INFO - Started process (PID=461) to work on /opt/airflow/dags/pipeline.py
[2025-03-14T10:17:55.258+0000] {processor.py:829} INFO - Processing file /opt/airflow/dags/pipeline.py for tasks to queue
[2025-03-14T10:17:55.260+0000] {logging_mixin.py:151} INFO - [2025-03-14T10:17:55.259+0000] {dagbag.py:539} INFO - Filling up the DagBag from /opt/airflow/dags/pipeline.py
[2025-03-14T10:17:56.377+0000] {processor.py:839} INFO - DAG(s) dict_keys(['yfinance_ingestion_dag']) retrieved from /opt/airflow/dags/pipeline.py
[2025-03-14T10:17:56.439+0000] {logging_mixin.py:151} INFO - [2025-03-14T10:17:56.436+0000] {dag.py:2915} INFO - Sync 1 DAGs
[2025-03-14T10:17:56.493+0000] {logging_mixin.py:151} INFO - [2025-03-14T10:17:56.493+0000] {dag.py:3696} INFO - Setting next_dagrun for yfinance_ingestion_dag to 2025-01-01T00:00:00+00:00, run_after=2025-01-02T00:00:00+00:00
[2025-03-14T10:17:56.543+0000] {processor.py:179} INFO - Processing /opt/airflow/dags/pipeline.py took 1.298 seconds
[2025-03-14T10:18:26.739+0000] {processor.py:157} INFO - Started process (PID=473) to work on /opt/airflow/dags/pipeline.py
[2025-03-14T10:18:26.742+0000] {processor.py:829} INFO - Processing file /opt/airflow/dags/pipeline.py for tasks to queue
[2025-03-14T10:18:26.744+0000] {logging_mixin.py:151} INFO - [2025-03-14T10:18:26.743+0000] {dagbag.py:539} INFO - Filling up the DagBag from /opt/airflow/dags/pipeline.py
[2025-03-14T10:18:28.153+0000] {processor.py:839} INFO - DAG(s) dict_keys(['yfinance_ingestion_dag']) retrieved from /opt/airflow/dags/pipeline.py
[2025-03-14T10:18:28.256+0000] {logging_mixin.py:151} INFO - [2025-03-14T10:18:28.255+0000] {dag.py:2915} INFO - Sync 1 DAGs
[2025-03-14T10:18:28.331+0000] {logging_mixin.py:151} INFO - [2025-03-14T10:18:28.329+0000] {dag.py:3696} INFO - Setting next_dagrun for yfinance_ingestion_dag to 2025-01-01T00:00:00+00:00, run_after=2025-01-02T00:00:00+00:00
[2025-03-14T10:18:28.380+0000] {processor.py:179} INFO - Processing /opt/airflow/dags/pipeline.py took 1.648 seconds
[2025-03-14T10:18:58.687+0000] {processor.py:157} INFO - Started process (PID=485) to work on /opt/airflow/dags/pipeline.py
[2025-03-14T10:18:58.690+0000] {processor.py:829} INFO - Processing file /opt/airflow/dags/pipeline.py for tasks to queue
[2025-03-14T10:18:58.695+0000] {logging_mixin.py:151} INFO - [2025-03-14T10:18:58.694+0000] {dagbag.py:539} INFO - Filling up the DagBag from /opt/airflow/dags/pipeline.py
[2025-03-14T10:19:00.053+0000] {processor.py:839} INFO - DAG(s) dict_keys(['yfinance_ingestion_dag']) retrieved from /opt/airflow/dags/pipeline.py
[2025-03-14T10:19:00.157+0000] {logging_mixin.py:151} INFO - [2025-03-14T10:19:00.155+0000] {dag.py:2915} INFO - Sync 1 DAGs
[2025-03-14T10:19:00.210+0000] {logging_mixin.py:151} INFO - [2025-03-14T10:19:00.209+0000] {dag.py:3696} INFO - Setting next_dagrun for yfinance_ingestion_dag to 2025-01-01T00:00:00+00:00, run_after=2025-01-02T00:00:00+00:00
[2025-03-14T10:19:00.273+0000] {processor.py:179} INFO - Processing /opt/airflow/dags/pipeline.py took 1.602 seconds
[2025-03-14T10:19:30.488+0000] {processor.py:157} INFO - Started process (PID=497) to work on /opt/airflow/dags/pipeline.py
[2025-03-14T10:19:30.490+0000] {processor.py:829} INFO - Processing file /opt/airflow/dags/pipeline.py for tasks to queue
[2025-03-14T10:19:30.492+0000] {logging_mixin.py:151} INFO - [2025-03-14T10:19:30.492+0000] {dagbag.py:539} INFO - Filling up the DagBag from /opt/airflow/dags/pipeline.py
[2025-03-14T10:19:31.707+0000] {processor.py:839} INFO - DAG(s) dict_keys(['yfinance_ingestion_dag']) retrieved from /opt/airflow/dags/pipeline.py
[2025-03-14T10:19:31.769+0000] {logging_mixin.py:151} INFO - [2025-03-14T10:19:31.768+0000] {dag.py:2915} INFO - Sync 1 DAGs
[2025-03-14T10:19:31.841+0000] {logging_mixin.py:151} INFO - [2025-03-14T10:19:31.840+0000] {dag.py:3696} INFO - Setting next_dagrun for yfinance_ingestion_dag to 2025-01-01T00:00:00+00:00, run_after=2025-01-02T00:00:00+00:00
[2025-03-14T10:19:31.897+0000] {processor.py:179} INFO - Processing /opt/airflow/dags/pipeline.py took 1.416 seconds
[2025-03-14T10:20:02.282+0000] {processor.py:157} INFO - Started process (PID=509) to work on /opt/airflow/dags/pipeline.py
[2025-03-14T10:20:02.286+0000] {processor.py:829} INFO - Processing file /opt/airflow/dags/pipeline.py for tasks to queue
[2025-03-14T10:20:02.289+0000] {logging_mixin.py:151} INFO - [2025-03-14T10:20:02.288+0000] {dagbag.py:539} INFO - Filling up the DagBag from /opt/airflow/dags/pipeline.py
[2025-03-14T10:20:02.610+0000] {processor.py:839} INFO - DAG(s) dict_keys(['yfinance_ingestion_dag']) retrieved from /opt/airflow/dags/pipeline.py
[2025-03-14T10:20:02.669+0000] {logging_mixin.py:151} INFO - [2025-03-14T10:20:02.668+0000] {dag.py:2915} INFO - Sync 1 DAGs
[2025-03-14T10:20:02.720+0000] {logging_mixin.py:151} INFO - [2025-03-14T10:20:02.719+0000] {dag.py:3696} INFO - Setting next_dagrun for yfinance_ingestion_dag to 2025-01-01T00:00:00+00:00, run_after=2025-01-02T00:00:00+00:00
[2025-03-14T10:20:02.771+0000] {processor.py:179} INFO - Processing /opt/airflow/dags/pipeline.py took 1.720 seconds
[2025-03-14T10:20:33.083+0000] {processor.py:157} INFO - Started process (PID=521) to work on /opt/airflow/dags/pipeline.py
[2025-03-14T10:20:33.087+0000] {processor.py:829} INFO - Processing file /opt/airflow/dags/pipeline.py for tasks to queue
[2025-03-14T10:20:33.089+0000] {logging_mixin.py:151} INFO - [2025-03-14T10:20:33.088+0000] {dagbag.py:539} INFO - Filling up the DagBag from /opt/airflow/dags/pipeline.py
[2025-03-14T10:20:34.520+0000] {processor.py:839} INFO - DAG(s) dict_keys(['yfinance_ingestion_dag']) retrieved from /opt/airflow/dags/pipeline.py
[2025-03-14T10:20:34.626+0000] {logging_mixin.py:151} INFO - [2025-03-14T10:20:34.625+0000] {dag.py:2915} INFO - Sync 1 DAGs
[2025-03-14T10:20:34.729+0000] {logging_mixin.py:151} INFO - [2025-03-14T10:20:34.729+0000] {dag.py:3696} INFO - Setting next_dagrun for yfinance_ingestion_dag to 2025-01-01T00:00:00+00:00, run_after=2025-01-02T00:00:00+00:00
[2025-03-14T10:20:34.798+0000] {processor.py:179} INFO - Processing /opt/airflow/dags/pipeline.py took 1.726 seconds
[2025-03-14T10:21:05.072+0000] {processor.py:157} INFO - Started process (PID=533) to work on /opt/airflow/dags/pipeline.py
[2025-03-14T10:21:05.074+0000] {processor.py:829} INFO - Processing file /opt/airflow/dags/pipeline.py for tasks to queue
[2025-03-14T10:21:05.083+0000] {logging_mixin.py:151} INFO - [2025-03-14T10:21:05.082+0000] {dagbag.py:539} INFO - Filling up the DagBag from /opt/airflow/dags/pipeline.py
[2025-03-14T10:21:06.555+0000] {processor.py:839} INFO - DAG(s) dict_keys(['yfinance_ingestion_dag']) retrieved from /opt/airflow/dags/pipeline.py
[2025-03-14T10:21:06.627+0000] {logging_mixin.py:151} INFO - [2025-03-14T10:21:06.626+0000] {dag.py:2915} INFO - Sync 1 DAGs
[2025-03-14T10:21:06.726+0000] {logging_mixin.py:151} INFO - [2025-03-14T10:21:06.725+0000] {dag.py:3696} INFO - Setting next_dagrun for yfinance_ingestion_dag to 2025-01-01T00:00:00+00:00, run_after=2025-01-02T00:00:00+00:00
[2025-03-14T10:21:06.806+0000] {processor.py:179} INFO - Processing /opt/airflow/dags/pipeline.py took 1.740 seconds
[2025-03-14T10:21:37.097+0000] {processor.py:157} INFO - Started process (PID=545) to work on /opt/airflow/dags/pipeline.py
[2025-03-14T10:21:37.101+0000] {processor.py:829} INFO - Processing file /opt/airflow/dags/pipeline.py for tasks to queue
[2025-03-14T10:21:37.103+0000] {logging_mixin.py:151} INFO - [2025-03-14T10:21:37.103+0000] {dagbag.py:539} INFO - Filling up the DagBag from /opt/airflow/dags/pipeline.py
[2025-03-14T10:21:37.868+0000] {processor.py:839} INFO - DAG(s) dict_keys(['yfinance_ingestion_dag']) retrieved from /opt/airflow/dags/pipeline.py
[2025-03-14T10:21:37.944+0000] {logging_mixin.py:151} INFO - [2025-03-14T10:21:37.943+0000] {dag.py:2915} INFO - Sync 1 DAGs
[2025-03-14T10:21:38.007+0000] {logging_mixin.py:151} INFO - [2025-03-14T10:21:38.007+0000] {dag.py:3696} INFO - Setting next_dagrun for yfinance_ingestion_dag to 2025-01-01T00:00:00+00:00, run_after=2025-01-02T00:00:00+00:00
[2025-03-14T10:21:38.048+0000] {processor.py:179} INFO - Processing /opt/airflow/dags/pipeline.py took 0.960 seconds
[2025-03-14T10:22:08.284+0000] {processor.py:157} INFO - Started process (PID=557) to work on /opt/airflow/dags/pipeline.py
[2025-03-14T10:22:08.286+0000] {processor.py:829} INFO - Processing file /opt/airflow/dags/pipeline.py for tasks to queue
[2025-03-14T10:22:08.288+0000] {logging_mixin.py:151} INFO - [2025-03-14T10:22:08.288+0000] {dagbag.py:539} INFO - Filling up the DagBag from /opt/airflow/dags/pipeline.py
[2025-03-14T10:22:09.147+0000] {processor.py:839} INFO - DAG(s) dict_keys(['yfinance_ingestion_dag']) retrieved from /opt/airflow/dags/pipeline.py
[2025-03-14T10:22:09.203+0000] {logging_mixin.py:151} INFO - [2025-03-14T10:22:09.202+0000] {dag.py:2915} INFO - Sync 1 DAGs
[2025-03-14T10:22:09.270+0000] {logging_mixin.py:151} INFO - [2025-03-14T10:22:09.269+0000] {dag.py:3696} INFO - Setting next_dagrun for yfinance_ingestion_dag to 2025-01-01T00:00:00+00:00, run_after=2025-01-02T00:00:00+00:00
[2025-03-14T10:22:09.318+0000] {processor.py:179} INFO - Processing /opt/airflow/dags/pipeline.py took 1.039 seconds
[2025-03-14T10:22:39.605+0000] {processor.py:157} INFO - Started process (PID=569) to work on /opt/airflow/dags/pipeline.py
[2025-03-14T10:22:39.607+0000] {processor.py:829} INFO - Processing file /opt/airflow/dags/pipeline.py for tasks to queue
[2025-03-14T10:22:39.609+0000] {logging_mixin.py:151} INFO - [2025-03-14T10:22:39.608+0000] {dagbag.py:539} INFO - Filling up the DagBag from /opt/airflow/dags/pipeline.py
[2025-03-14T10:22:40.359+0000] {processor.py:839} INFO - DAG(s) dict_keys(['yfinance_ingestion_dag']) retrieved from /opt/airflow/dags/pipeline.py
[2025-03-14T10:22:40.400+0000] {logging_mixin.py:151} INFO - [2025-03-14T10:22:40.399+0000] {dag.py:2915} INFO - Sync 1 DAGs
[2025-03-14T10:22:40.501+0000] {logging_mixin.py:151} INFO - [2025-03-14T10:22:40.500+0000] {dag.py:3696} INFO - Setting next_dagrun for yfinance_ingestion_dag to 2025-01-01T00:00:00+00:00, run_after=2025-01-02T00:00:00+00:00
[2025-03-14T10:22:40.554+0000] {processor.py:179} INFO - Processing /opt/airflow/dags/pipeline.py took 0.957 seconds
[2025-03-14T10:23:10.933+0000] {processor.py:157} INFO - Started process (PID=581) to work on /opt/airflow/dags/pipeline.py
[2025-03-14T10:23:10.935+0000] {processor.py:829} INFO - Processing file /opt/airflow/dags/pipeline.py for tasks to queue
[2025-03-14T10:23:10.937+0000] {logging_mixin.py:151} INFO - [2025-03-14T10:23:10.936+0000] {dagbag.py:539} INFO - Filling up the DagBag from /opt/airflow/dags/pipeline.py
[2025-03-14T10:23:11.671+0000] {processor.py:839} INFO - DAG(s) dict_keys(['yfinance_ingestion_dag']) retrieved from /opt/airflow/dags/pipeline.py
[2025-03-14T10:23:11.712+0000] {logging_mixin.py:151} INFO - [2025-03-14T10:23:11.711+0000] {dag.py:2915} INFO - Sync 1 DAGs
[2025-03-14T10:23:11.772+0000] {logging_mixin.py:151} INFO - [2025-03-14T10:23:11.772+0000] {dag.py:3696} INFO - Setting next_dagrun for yfinance_ingestion_dag to 2025-01-01T00:00:00+00:00, run_after=2025-01-02T00:00:00+00:00
[2025-03-14T10:23:11.810+0000] {processor.py:179} INFO - Processing /opt/airflow/dags/pipeline.py took 0.883 seconds
[2025-03-14T10:23:42.081+0000] {processor.py:157} INFO - Started process (PID=593) to work on /opt/airflow/dags/pipeline.py
[2025-03-14T10:23:42.083+0000] {processor.py:829} INFO - Processing file /opt/airflow/dags/pipeline.py for tasks to queue
[2025-03-14T10:23:42.086+0000] {logging_mixin.py:151} INFO - [2025-03-14T10:23:42.085+0000] {dagbag.py:539} INFO - Filling up the DagBag from /opt/airflow/dags/pipeline.py
[2025-03-14T10:23:42.905+0000] {processor.py:839} INFO - DAG(s) dict_keys(['yfinance_ingestion_dag']) retrieved from /opt/airflow/dags/pipeline.py
[2025-03-14T10:23:42.941+0000] {logging_mixin.py:151} INFO - [2025-03-14T10:23:42.940+0000] {dag.py:2915} INFO - Sync 1 DAGs
[2025-03-14T10:23:42.973+0000] {logging_mixin.py:151} INFO - [2025-03-14T10:23:42.973+0000] {dag.py:3696} INFO - Setting next_dagrun for yfinance_ingestion_dag to 2025-01-01T00:00:00+00:00, run_after=2025-01-02T00:00:00+00:00
[2025-03-14T10:23:43.006+0000] {processor.py:179} INFO - Processing /opt/airflow/dags/pipeline.py took 0.929 seconds
[2025-03-14T10:24:13.275+0000] {processor.py:157} INFO - Started process (PID=605) to work on /opt/airflow/dags/pipeline.py
[2025-03-14T10:24:13.276+0000] {processor.py:829} INFO - Processing file /opt/airflow/dags/pipeline.py for tasks to queue
[2025-03-14T10:24:13.278+0000] {logging_mixin.py:151} INFO - [2025-03-14T10:24:13.277+0000] {dagbag.py:539} INFO - Filling up the DagBag from /opt/airflow/dags/pipeline.py
[2025-03-14T10:24:13.923+0000] {processor.py:839} INFO - DAG(s) dict_keys(['yfinance_ingestion_dag']) retrieved from /opt/airflow/dags/pipeline.py
[2025-03-14T10:24:13.958+0000] {logging_mixin.py:151} INFO - [2025-03-14T10:24:13.957+0000] {dag.py:2915} INFO - Sync 1 DAGs
[2025-03-14T10:24:13.997+0000] {logging_mixin.py:151} INFO - [2025-03-14T10:24:13.997+0000] {dag.py:3696} INFO - Setting next_dagrun for yfinance_ingestion_dag to 2025-01-01T00:00:00+00:00, run_after=2025-01-02T00:00:00+00:00
[2025-03-14T10:24:14.037+0000] {processor.py:179} INFO - Processing /opt/airflow/dags/pipeline.py took 0.765 seconds
[2025-03-14T10:24:44.147+0000] {processor.py:157} INFO - Started process (PID=617) to work on /opt/airflow/dags/pipeline.py
[2025-03-14T10:24:44.149+0000] {processor.py:829} INFO - Processing file /opt/airflow/dags/pipeline.py for tasks to queue
[2025-03-14T10:24:44.151+0000] {logging_mixin.py:151} INFO - [2025-03-14T10:24:44.150+0000] {dagbag.py:539} INFO - Filling up the DagBag from /opt/airflow/dags/pipeline.py
[2025-03-14T10:24:44.879+0000] {processor.py:839} INFO - DAG(s) dict_keys(['yfinance_ingestion_dag']) retrieved from /opt/airflow/dags/pipeline.py
[2025-03-14T10:24:44.947+0000] {logging_mixin.py:151} INFO - [2025-03-14T10:24:44.946+0000] {dag.py:2915} INFO - Sync 1 DAGs
[2025-03-14T10:24:45.010+0000] {logging_mixin.py:151} INFO - [2025-03-14T10:24:45.009+0000] {dag.py:3696} INFO - Setting next_dagrun for yfinance_ingestion_dag to 2025-01-01T00:00:00+00:00, run_after=2025-01-02T00:00:00+00:00
[2025-03-14T10:24:45.066+0000] {processor.py:179} INFO - Processing /opt/airflow/dags/pipeline.py took 0.926 seconds
[2025-03-14T10:25:15.357+0000] {processor.py:157} INFO - Started process (PID=629) to work on /opt/airflow/dags/pipeline.py
[2025-03-14T10:25:15.358+0000] {processor.py:829} INFO - Processing file /opt/airflow/dags/pipeline.py for tasks to queue
[2025-03-14T10:25:15.360+0000] {logging_mixin.py:151} INFO - [2025-03-14T10:25:15.360+0000] {dagbag.py:539} INFO - Filling up the DagBag from /opt/airflow/dags/pipeline.py
[2025-03-14T10:25:16.368+0000] {processor.py:839} INFO - DAG(s) dict_keys(['yfinance_ingestion_dag']) retrieved from /opt/airflow/dags/pipeline.py
[2025-03-14T10:25:16.412+0000] {logging_mixin.py:151} INFO - [2025-03-14T10:25:16.411+0000] {dag.py:2915} INFO - Sync 1 DAGs
[2025-03-14T10:25:16.454+0000] {logging_mixin.py:151} INFO - [2025-03-14T10:25:16.454+0000] {dag.py:3696} INFO - Setting next_dagrun for yfinance_ingestion_dag to 2025-01-01T00:00:00+00:00, run_after=2025-01-02T00:00:00+00:00
[2025-03-14T10:25:16.490+0000] {processor.py:179} INFO - Processing /opt/airflow/dags/pipeline.py took 1.138 seconds
[2025-03-14T10:25:46.578+0000] {processor.py:157} INFO - Started process (PID=641) to work on /opt/airflow/dags/pipeline.py
[2025-03-14T10:25:46.579+0000] {processor.py:829} INFO - Processing file /opt/airflow/dags/pipeline.py for tasks to queue
[2025-03-14T10:25:46.581+0000] {logging_mixin.py:151} INFO - [2025-03-14T10:25:46.580+0000] {dagbag.py:539} INFO - Filling up the DagBag from /opt/airflow/dags/pipeline.py
[2025-03-14T10:25:47.288+0000] {processor.py:839} INFO - DAG(s) dict_keys(['yfinance_ingestion_dag']) retrieved from /opt/airflow/dags/pipeline.py
[2025-03-14T10:25:47.339+0000] {logging_mixin.py:151} INFO - [2025-03-14T10:25:47.338+0000] {dag.py:2915} INFO - Sync 1 DAGs
[2025-03-14T10:25:47.376+0000] {logging_mixin.py:151} INFO - [2025-03-14T10:25:47.376+0000] {dag.py:3696} INFO - Setting next_dagrun for yfinance_ingestion_dag to 2025-01-01T00:00:00+00:00, run_after=2025-01-02T00:00:00+00:00
[2025-03-14T10:25:47.414+0000] {processor.py:179} INFO - Processing /opt/airflow/dags/pipeline.py took 0.840 seconds
[2025-03-14T10:26:17.572+0000] {processor.py:157} INFO - Started process (PID=653) to work on /opt/airflow/dags/pipeline.py
[2025-03-14T10:26:17.574+0000] {processor.py:829} INFO - Processing file /opt/airflow/dags/pipeline.py for tasks to queue
[2025-03-14T10:26:17.575+0000] {logging_mixin.py:151} INFO - [2025-03-14T10:26:17.575+0000] {dagbag.py:539} INFO - Filling up the DagBag from /opt/airflow/dags/pipeline.py
[2025-03-14T10:26:18.408+0000] {processor.py:839} INFO - DAG(s) dict_keys(['yfinance_ingestion_dag']) retrieved from /opt/airflow/dags/pipeline.py
[2025-03-14T10:26:18.442+0000] {logging_mixin.py:151} INFO - [2025-03-14T10:26:18.442+0000] {dag.py:2915} INFO - Sync 1 DAGs
[2025-03-14T10:26:18.477+0000] {logging_mixin.py:151} INFO - [2025-03-14T10:26:18.477+0000] {dag.py:3696} INFO - Setting next_dagrun for yfinance_ingestion_dag to 2025-01-01T00:00:00+00:00, run_after=2025-01-02T00:00:00+00:00
[2025-03-14T10:26:18.513+0000] {processor.py:179} INFO - Processing /opt/airflow/dags/pipeline.py took 0.949 seconds
[2025-03-14T10:26:48.761+0000] {processor.py:157} INFO - Started process (PID=665) to work on /opt/airflow/dags/pipeline.py
[2025-03-14T10:26:48.763+0000] {processor.py:829} INFO - Processing file /opt/airflow/dags/pipeline.py for tasks to queue
[2025-03-14T10:26:48.764+0000] {logging_mixin.py:151} INFO - [2025-03-14T10:26:48.764+0000] {dagbag.py:539} INFO - Filling up the DagBag from /opt/airflow/dags/pipeline.py
[2025-03-14T10:26:49.604+0000] {processor.py:839} INFO - DAG(s) dict_keys(['yfinance_ingestion_dag']) retrieved from /opt/airflow/dags/pipeline.py
[2025-03-14T10:26:49.641+0000] {logging_mixin.py:151} INFO - [2025-03-14T10:26:49.640+0000] {dag.py:2915} INFO - Sync 1 DAGs
[2025-03-14T10:26:49.677+0000] {logging_mixin.py:151} INFO - [2025-03-14T10:26:49.676+0000] {dag.py:3696} INFO - Setting next_dagrun for yfinance_ingestion_dag to 2025-01-01T00:00:00+00:00, run_after=2025-01-02T00:00:00+00:00
[2025-03-14T10:26:49.708+0000] {processor.py:179} INFO - Processing /opt/airflow/dags/pipeline.py took 0.953 seconds
[2025-03-14T10:27:19.979+0000] {processor.py:157} INFO - Started process (PID=677) to work on /opt/airflow/dags/pipeline.py
[2025-03-14T10:27:19.981+0000] {processor.py:829} INFO - Processing file /opt/airflow/dags/pipeline.py for tasks to queue
[2025-03-14T10:27:19.983+0000] {logging_mixin.py:151} INFO - [2025-03-14T10:27:19.982+0000] {dagbag.py:539} INFO - Filling up the DagBag from /opt/airflow/dags/pipeline.py
[2025-03-14T10:27:20.500+0000] {processor.py:839} INFO - DAG(s) dict_keys(['yfinance_ingestion_dag']) retrieved from /opt/airflow/dags/pipeline.py
[2025-03-14T10:27:20.536+0000] {logging_mixin.py:151} INFO - [2025-03-14T10:27:20.536+0000] {dag.py:2915} INFO - Sync 1 DAGs
[2025-03-14T10:27:20.568+0000] {logging_mixin.py:151} INFO - [2025-03-14T10:27:20.567+0000] {dag.py:3696} INFO - Setting next_dagrun for yfinance_ingestion_dag to 2025-01-01T00:00:00+00:00, run_after=2025-01-02T00:00:00+00:00
[2025-03-14T10:27:20.603+0000] {processor.py:179} INFO - Processing /opt/airflow/dags/pipeline.py took 0.629 seconds
[2025-03-14T10:27:50.876+0000] {processor.py:157} INFO - Started process (PID=689) to work on /opt/airflow/dags/pipeline.py
[2025-03-14T10:27:50.878+0000] {processor.py:829} INFO - Processing file /opt/airflow/dags/pipeline.py for tasks to queue
[2025-03-14T10:27:50.881+0000] {logging_mixin.py:151} INFO - [2025-03-14T10:27:50.881+0000] {dagbag.py:539} INFO - Filling up the DagBag from /opt/airflow/dags/pipeline.py
[2025-03-14T10:27:51.495+0000] {processor.py:839} INFO - DAG(s) dict_keys(['yfinance_ingestion_dag']) retrieved from /opt/airflow/dags/pipeline.py
[2025-03-14T10:27:51.552+0000] {logging_mixin.py:151} INFO - [2025-03-14T10:27:51.551+0000] {dag.py:2915} INFO - Sync 1 DAGs
[2025-03-14T10:27:51.607+0000] {logging_mixin.py:151} INFO - [2025-03-14T10:27:51.606+0000] {dag.py:3696} INFO - Setting next_dagrun for yfinance_ingestion_dag to 2025-01-01T00:00:00+00:00, run_after=2025-01-02T00:00:00+00:00
[2025-03-14T10:27:51.646+0000] {processor.py:179} INFO - Processing /opt/airflow/dags/pipeline.py took 0.776 seconds
[2025-03-14T10:28:22.397+0000] {processor.py:157} INFO - Started process (PID=704) to work on /opt/airflow/dags/pipeline.py
[2025-03-14T10:28:22.399+0000] {processor.py:829} INFO - Processing file /opt/airflow/dags/pipeline.py for tasks to queue
[2025-03-14T10:28:22.400+0000] {logging_mixin.py:151} INFO - [2025-03-14T10:28:22.400+0000] {dagbag.py:539} INFO - Filling up the DagBag from /opt/airflow/dags/pipeline.py
[2025-03-14T10:28:22.886+0000] {processor.py:839} INFO - DAG(s) dict_keys(['yfinance_ingestion_dag']) retrieved from /opt/airflow/dags/pipeline.py
[2025-03-14T10:28:22.916+0000] {logging_mixin.py:151} INFO - [2025-03-14T10:28:22.915+0000] {dag.py:2915} INFO - Sync 1 DAGs
[2025-03-14T10:28:22.938+0000] {logging_mixin.py:151} INFO - [2025-03-14T10:28:22.938+0000] {dag.py:3696} INFO - Setting next_dagrun for yfinance_ingestion_dag to 2025-01-01T00:00:00+00:00, run_after=2025-01-02T00:00:00+00:00
[2025-03-14T10:28:22.967+0000] {processor.py:179} INFO - Processing /opt/airflow/dags/pipeline.py took 0.574 seconds
[2025-03-14T10:28:53.157+0000] {processor.py:157} INFO - Started process (PID=714) to work on /opt/airflow/dags/pipeline.py
[2025-03-14T10:28:53.159+0000] {processor.py:829} INFO - Processing file /opt/airflow/dags/pipeline.py for tasks to queue
[2025-03-14T10:28:53.162+0000] {logging_mixin.py:151} INFO - [2025-03-14T10:28:53.161+0000] {dagbag.py:539} INFO - Filling up the DagBag from /opt/airflow/dags/pipeline.py
[2025-03-14T10:28:53.735+0000] {processor.py:839} INFO - DAG(s) dict_keys(['yfinance_ingestion_dag']) retrieved from /opt/airflow/dags/pipeline.py
[2025-03-14T10:28:53.772+0000] {logging_mixin.py:151} INFO - [2025-03-14T10:28:53.771+0000] {dag.py:2915} INFO - Sync 1 DAGs
[2025-03-14T10:28:53.801+0000] {logging_mixin.py:151} INFO - [2025-03-14T10:28:53.800+0000] {dag.py:3696} INFO - Setting next_dagrun for yfinance_ingestion_dag to 2025-01-01T00:00:00+00:00, run_after=2025-01-02T00:00:00+00:00
[2025-03-14T10:28:53.830+0000] {processor.py:179} INFO - Processing /opt/airflow/dags/pipeline.py took 0.678 seconds
[2025-03-14T10:29:23.926+0000] {processor.py:157} INFO - Started process (PID=726) to work on /opt/airflow/dags/pipeline.py
[2025-03-14T10:29:23.927+0000] {processor.py:829} INFO - Processing file /opt/airflow/dags/pipeline.py for tasks to queue
[2025-03-14T10:29:23.929+0000] {logging_mixin.py:151} INFO - [2025-03-14T10:29:23.928+0000] {dagbag.py:539} INFO - Filling up the DagBag from /opt/airflow/dags/pipeline.py
[2025-03-14T10:29:24.494+0000] {processor.py:839} INFO - DAG(s) dict_keys(['yfinance_ingestion_dag']) retrieved from /opt/airflow/dags/pipeline.py
[2025-03-14T10:29:24.524+0000] {logging_mixin.py:151} INFO - [2025-03-14T10:29:24.523+0000] {dag.py:2915} INFO - Sync 1 DAGs
[2025-03-14T10:29:24.546+0000] {logging_mixin.py:151} INFO - [2025-03-14T10:29:24.546+0000] {dag.py:3696} INFO - Setting next_dagrun for yfinance_ingestion_dag to 2025-01-01T00:00:00+00:00, run_after=2025-01-02T00:00:00+00:00
[2025-03-14T10:29:24.574+0000] {processor.py:179} INFO - Processing /opt/airflow/dags/pipeline.py took 0.654 seconds
[2025-03-14T10:29:54.744+0000] {processor.py:157} INFO - Started process (PID=738) to work on /opt/airflow/dags/pipeline.py
[2025-03-14T10:29:54.746+0000] {processor.py:829} INFO - Processing file /opt/airflow/dags/pipeline.py for tasks to queue
[2025-03-14T10:29:54.747+0000] {logging_mixin.py:151} INFO - [2025-03-14T10:29:54.747+0000] {dagbag.py:539} INFO - Filling up the DagBag from /opt/airflow/dags/pipeline.py
[2025-03-14T10:29:55.409+0000] {processor.py:839} INFO - DAG(s) dict_keys(['yfinance_ingestion_dag']) retrieved from /opt/airflow/dags/pipeline.py
[2025-03-14T10:29:55.441+0000] {logging_mixin.py:151} INFO - [2025-03-14T10:29:55.440+0000] {dag.py:2915} INFO - Sync 1 DAGs
[2025-03-14T10:29:55.464+0000] {logging_mixin.py:151} INFO - [2025-03-14T10:29:55.464+0000] {dag.py:3696} INFO - Setting next_dagrun for yfinance_ingestion_dag to 2025-01-01T00:00:00+00:00, run_after=2025-01-02T00:00:00+00:00
[2025-03-14T10:29:55.490+0000] {processor.py:179} INFO - Processing /opt/airflow/dags/pipeline.py took 0.751 seconds
[2025-03-14T10:30:25.633+0000] {processor.py:157} INFO - Started process (PID=750) to work on /opt/airflow/dags/pipeline.py
[2025-03-14T10:30:25.635+0000] {processor.py:829} INFO - Processing file /opt/airflow/dags/pipeline.py for tasks to queue
[2025-03-14T10:30:25.636+0000] {logging_mixin.py:151} INFO - [2025-03-14T10:30:25.636+0000] {dagbag.py:539} INFO - Filling up the DagBag from /opt/airflow/dags/pipeline.py
[2025-03-14T10:30:26.292+0000] {processor.py:839} INFO - DAG(s) dict_keys(['yfinance_ingestion_dag']) retrieved from /opt/airflow/dags/pipeline.py
[2025-03-14T10:30:26.318+0000] {logging_mixin.py:151} INFO - [2025-03-14T10:30:26.318+0000] {dag.py:2915} INFO - Sync 1 DAGs
[2025-03-14T10:30:26.345+0000] {logging_mixin.py:151} INFO - [2025-03-14T10:30:26.345+0000] {dag.py:3696} INFO - Setting next_dagrun for yfinance_ingestion_dag to 2025-01-01T00:00:00+00:00, run_after=2025-01-02T00:00:00+00:00
[2025-03-14T10:30:26.368+0000] {processor.py:179} INFO - Processing /opt/airflow/dags/pipeline.py took 0.739 seconds
[2025-03-14T10:30:56.467+0000] {processor.py:157} INFO - Started process (PID=761) to work on /opt/airflow/dags/pipeline.py
[2025-03-14T10:30:56.473+0000] {processor.py:829} INFO - Processing file /opt/airflow/dags/pipeline.py for tasks to queue
[2025-03-14T10:30:56.476+0000] {logging_mixin.py:151} INFO - [2025-03-14T10:30:56.475+0000] {dagbag.py:539} INFO - Filling up the DagBag from /opt/airflow/dags/pipeline.py
[2025-03-14T10:30:57.176+0000] {processor.py:839} INFO - DAG(s) dict_keys(['yfinance_ingestion_dag']) retrieved from /opt/airflow/dags/pipeline.py
[2025-03-14T10:30:57.264+0000] {logging_mixin.py:151} INFO - [2025-03-14T10:30:57.263+0000] {dag.py:2915} INFO - Sync 1 DAGs
[2025-03-14T10:30:57.332+0000] {logging_mixin.py:151} INFO - [2025-03-14T10:30:57.332+0000] {dag.py:3696} INFO - Setting next_dagrun for yfinance_ingestion_dag to 2025-01-01T00:00:00+00:00, run_after=2025-01-02T00:00:00+00:00
[2025-03-14T10:30:57.361+0000] {processor.py:179} INFO - Processing /opt/airflow/dags/pipeline.py took 0.898 seconds
[2025-03-14T10:31:27.470+0000] {processor.py:157} INFO - Started process (PID=773) to work on /opt/airflow/dags/pipeline.py
[2025-03-14T10:31:27.472+0000] {processor.py:829} INFO - Processing file /opt/airflow/dags/pipeline.py for tasks to queue
[2025-03-14T10:31:27.473+0000] {logging_mixin.py:151} INFO - [2025-03-14T10:31:27.473+0000] {dagbag.py:539} INFO - Filling up the DagBag from /opt/airflow/dags/pipeline.py
[2025-03-14T10:31:28.480+0000] {processor.py:839} INFO - DAG(s) dict_keys(['yfinance_ingestion_dag']) retrieved from /opt/airflow/dags/pipeline.py
[2025-03-14T10:31:28.565+0000] {logging_mixin.py:151} INFO - [2025-03-14T10:31:28.560+0000] {dag.py:2915} INFO - Sync 1 DAGs
[2025-03-14T10:31:28.613+0000] {logging_mixin.py:151} INFO - [2025-03-14T10:31:28.613+0000] {dag.py:3696} INFO - Setting next_dagrun for yfinance_ingestion_dag to 2025-01-01T00:00:00+00:00, run_after=2025-01-02T00:00:00+00:00
[2025-03-14T10:31:28.649+0000] {processor.py:179} INFO - Processing /opt/airflow/dags/pipeline.py took 1.184 seconds
[2025-03-14T10:31:59.551+0000] {processor.py:157} INFO - Started process (PID=788) to work on /opt/airflow/dags/pipeline.py
[2025-03-14T10:31:59.556+0000] {processor.py:829} INFO - Processing file /opt/airflow/dags/pipeline.py for tasks to queue
[2025-03-14T10:31:59.558+0000] {logging_mixin.py:151} INFO - [2025-03-14T10:31:59.558+0000] {dagbag.py:539} INFO - Filling up the DagBag from /opt/airflow/dags/pipeline.py
[2025-03-14T10:32:00.298+0000] {processor.py:839} INFO - DAG(s) dict_keys(['yfinance_ingestion_dag']) retrieved from /opt/airflow/dags/pipeline.py
[2025-03-14T10:32:00.345+0000] {logging_mixin.py:151} INFO - [2025-03-14T10:32:00.344+0000] {dag.py:2915} INFO - Sync 1 DAGs
[2025-03-14T10:32:00.402+0000] {logging_mixin.py:151} INFO - [2025-03-14T10:32:00.402+0000] {dag.py:3696} INFO - Setting next_dagrun for yfinance_ingestion_dag to 2025-01-01T00:00:00+00:00, run_after=2025-01-02T00:00:00+00:00
[2025-03-14T10:32:00.435+0000] {processor.py:179} INFO - Processing /opt/airflow/dags/pipeline.py took 0.888 seconds
[2025-03-14T10:32:30.638+0000] {processor.py:157} INFO - Started process (PID=800) to work on /opt/airflow/dags/pipeline.py
[2025-03-14T10:32:30.639+0000] {processor.py:829} INFO - Processing file /opt/airflow/dags/pipeline.py for tasks to queue
[2025-03-14T10:32:30.640+0000] {logging_mixin.py:151} INFO - [2025-03-14T10:32:30.640+0000] {dagbag.py:539} INFO - Filling up the DagBag from /opt/airflow/dags/pipeline.py
[2025-03-14T10:32:29.808+0000] {processor.py:839} INFO - DAG(s) dict_keys(['yfinance_ingestion_dag']) retrieved from /opt/airflow/dags/pipeline.py
[2025-03-14T10:32:29.840+0000] {logging_mixin.py:151} INFO - [2025-03-14T10:32:29.840+0000] {dag.py:2915} INFO - Sync 1 DAGs
[2025-03-14T10:32:29.865+0000] {logging_mixin.py:151} INFO - [2025-03-14T10:32:29.865+0000] {dag.py:3696} INFO - Setting next_dagrun for yfinance_ingestion_dag to 2025-01-01T00:00:00+00:00, run_after=2025-01-02T00:00:00+00:00
[2025-03-14T10:32:29.893+0000] {processor.py:179} INFO - Processing /opt/airflow/dags/pipeline.py took 0.616 seconds
[2025-03-14T10:33:00.077+0000] {processor.py:157} INFO - Started process (PID=806) to work on /opt/airflow/dags/pipeline.py
[2025-03-14T10:33:00.079+0000] {processor.py:829} INFO - Processing file /opt/airflow/dags/pipeline.py for tasks to queue
[2025-03-14T10:33:00.081+0000] {logging_mixin.py:151} INFO - [2025-03-14T10:33:00.081+0000] {dagbag.py:539} INFO - Filling up the DagBag from /opt/airflow/dags/pipeline.py
[2025-03-14T10:33:00.778+0000] {processor.py:839} INFO - DAG(s) dict_keys(['yfinance_ingestion_dag']) retrieved from /opt/airflow/dags/pipeline.py
[2025-03-14T10:33:00.839+0000] {logging_mixin.py:151} INFO - [2025-03-14T10:33:00.837+0000] {dag.py:2915} INFO - Sync 1 DAGs
[2025-03-14T10:33:00.894+0000] {logging_mixin.py:151} INFO - [2025-03-14T10:33:00.894+0000] {dag.py:3696} INFO - Setting next_dagrun for yfinance_ingestion_dag to 2025-01-01T00:00:00+00:00, run_after=2025-01-02T00:00:00+00:00
[2025-03-14T10:33:00.950+0000] {processor.py:179} INFO - Processing /opt/airflow/dags/pipeline.py took 0.881 seconds
[2025-03-14T10:33:31.125+0000] {processor.py:157} INFO - Started process (PID=818) to work on /opt/airflow/dags/pipeline.py
[2025-03-14T10:33:31.127+0000] {processor.py:829} INFO - Processing file /opt/airflow/dags/pipeline.py for tasks to queue
[2025-03-14T10:33:31.129+0000] {logging_mixin.py:151} INFO - [2025-03-14T10:33:31.129+0000] {dagbag.py:539} INFO - Filling up the DagBag from /opt/airflow/dags/pipeline.py
[2025-03-14T10:33:31.714+0000] {processor.py:839} INFO - DAG(s) dict_keys(['yfinance_ingestion_dag']) retrieved from /opt/airflow/dags/pipeline.py
[2025-03-14T10:33:31.749+0000] {logging_mixin.py:151} INFO - [2025-03-14T10:33:31.748+0000] {dag.py:2915} INFO - Sync 1 DAGs
[2025-03-14T10:33:31.788+0000] {logging_mixin.py:151} INFO - [2025-03-14T10:33:31.788+0000] {dag.py:3696} INFO - Setting next_dagrun for yfinance_ingestion_dag to 2025-01-01T00:00:00+00:00, run_after=2025-01-02T00:00:00+00:00
[2025-03-14T10:33:31.817+0000] {processor.py:179} INFO - Processing /opt/airflow/dags/pipeline.py took 0.695 seconds
[2025-03-14T10:34:02.003+0000] {processor.py:157} INFO - Started process (PID=830) to work on /opt/airflow/dags/pipeline.py
[2025-03-14T10:34:02.005+0000] {processor.py:829} INFO - Processing file /opt/airflow/dags/pipeline.py for tasks to queue
[2025-03-14T10:34:02.007+0000] {logging_mixin.py:151} INFO - [2025-03-14T10:34:02.006+0000] {dagbag.py:539} INFO - Filling up the DagBag from /opt/airflow/dags/pipeline.py
[2025-03-14T10:34:02.624+0000] {processor.py:839} INFO - DAG(s) dict_keys(['yfinance_ingestion_dag']) retrieved from /opt/airflow/dags/pipeline.py
[2025-03-14T10:34:02.664+0000] {logging_mixin.py:151} INFO - [2025-03-14T10:34:02.663+0000] {dag.py:2915} INFO - Sync 1 DAGs
[2025-03-14T10:34:02.711+0000] {logging_mixin.py:151} INFO - [2025-03-14T10:34:02.711+0000] {dag.py:3696} INFO - Setting next_dagrun for yfinance_ingestion_dag to 2025-01-01T00:00:00+00:00, run_after=2025-01-02T00:00:00+00:00
[2025-03-14T10:34:02.756+0000] {processor.py:179} INFO - Processing /opt/airflow/dags/pipeline.py took 0.758 seconds
[2025-03-14T10:34:32.974+0000] {processor.py:157} INFO - Started process (PID=842) to work on /opt/airflow/dags/pipeline.py
[2025-03-14T10:34:32.976+0000] {processor.py:829} INFO - Processing file /opt/airflow/dags/pipeline.py for tasks to queue
[2025-03-14T10:34:32.978+0000] {logging_mixin.py:151} INFO - [2025-03-14T10:34:32.977+0000] {dagbag.py:539} INFO - Filling up the DagBag from /opt/airflow/dags/pipeline.py
[2025-03-14T10:34:33.617+0000] {processor.py:839} INFO - DAG(s) dict_keys(['yfinance_ingestion_dag']) retrieved from /opt/airflow/dags/pipeline.py
[2025-03-14T10:34:33.649+0000] {logging_mixin.py:151} INFO - [2025-03-14T10:34:33.648+0000] {dag.py:2915} INFO - Sync 1 DAGs
[2025-03-14T10:34:33.678+0000] {logging_mixin.py:151} INFO - [2025-03-14T10:34:33.678+0000] {dag.py:3696} INFO - Setting next_dagrun for yfinance_ingestion_dag to 2025-01-01T00:00:00+00:00, run_after=2025-01-02T00:00:00+00:00
[2025-03-14T10:34:33.711+0000] {processor.py:179} INFO - Processing /opt/airflow/dags/pipeline.py took 0.743 seconds
[2025-03-14T10:35:03.818+0000] {processor.py:157} INFO - Started process (PID=854) to work on /opt/airflow/dags/pipeline.py
[2025-03-14T10:35:03.820+0000] {processor.py:829} INFO - Processing file /opt/airflow/dags/pipeline.py for tasks to queue
[2025-03-14T10:35:03.822+0000] {logging_mixin.py:151} INFO - [2025-03-14T10:35:03.821+0000] {dagbag.py:539} INFO - Filling up the DagBag from /opt/airflow/dags/pipeline.py
[2025-03-14T10:35:04.478+0000] {processor.py:839} INFO - DAG(s) dict_keys(['yfinance_ingestion_dag']) retrieved from /opt/airflow/dags/pipeline.py
[2025-03-14T10:35:04.527+0000] {logging_mixin.py:151} INFO - [2025-03-14T10:35:04.527+0000] {dag.py:2915} INFO - Sync 1 DAGs
[2025-03-14T10:35:04.566+0000] {logging_mixin.py:151} INFO - [2025-03-14T10:35:04.566+0000] {dag.py:3696} INFO - Setting next_dagrun for yfinance_ingestion_dag to 2025-01-01T00:00:00+00:00, run_after=2025-01-02T00:00:00+00:00
[2025-03-14T10:35:04.602+0000] {processor.py:179} INFO - Processing /opt/airflow/dags/pipeline.py took 0.787 seconds
[2025-03-14T10:35:35.029+0000] {processor.py:157} INFO - Started process (PID=866) to work on /opt/airflow/dags/pipeline.py
[2025-03-14T10:35:35.031+0000] {processor.py:829} INFO - Processing file /opt/airflow/dags/pipeline.py for tasks to queue
[2025-03-14T10:35:35.032+0000] {logging_mixin.py:151} INFO - [2025-03-14T10:35:35.032+0000] {dagbag.py:539} INFO - Filling up the DagBag from /opt/airflow/dags/pipeline.py
[2025-03-14T10:35:35.547+0000] {processor.py:839} INFO - DAG(s) dict_keys(['yfinance_ingestion_dag']) retrieved from /opt/airflow/dags/pipeline.py
[2025-03-14T10:35:35.586+0000] {logging_mixin.py:151} INFO - [2025-03-14T10:35:35.586+0000] {dag.py:2915} INFO - Sync 1 DAGs
[2025-03-14T10:35:35.618+0000] {logging_mixin.py:151} INFO - [2025-03-14T10:35:35.618+0000] {dag.py:3696} INFO - Setting next_dagrun for yfinance_ingestion_dag to 2025-01-01T00:00:00+00:00, run_after=2025-01-02T00:00:00+00:00
[2025-03-14T10:35:35.652+0000] {processor.py:179} INFO - Processing /opt/airflow/dags/pipeline.py took 0.627 seconds
[2025-03-14T10:36:06.150+0000] {processor.py:157} INFO - Started process (PID=878) to work on /opt/airflow/dags/pipeline.py
[2025-03-14T10:36:06.151+0000] {processor.py:829} INFO - Processing file /opt/airflow/dags/pipeline.py for tasks to queue
[2025-03-14T10:36:06.152+0000] {logging_mixin.py:151} INFO - [2025-03-14T10:36:06.152+0000] {dagbag.py:539} INFO - Filling up the DagBag from /opt/airflow/dags/pipeline.py
[2025-03-14T10:36:06.645+0000] {processor.py:839} INFO - DAG(s) dict_keys(['yfinance_ingestion_dag']) retrieved from /opt/airflow/dags/pipeline.py
[2025-03-14T10:36:06.682+0000] {logging_mixin.py:151} INFO - [2025-03-14T10:36:06.682+0000] {dag.py:2915} INFO - Sync 1 DAGs
[2025-03-14T10:36:06.715+0000] {logging_mixin.py:151} INFO - [2025-03-14T10:36:06.715+0000] {dag.py:3696} INFO - Setting next_dagrun for yfinance_ingestion_dag to 2025-01-01T00:00:00+00:00, run_after=2025-01-02T00:00:00+00:00
[2025-03-14T10:36:06.745+0000] {processor.py:179} INFO - Processing /opt/airflow/dags/pipeline.py took 0.600 seconds
[2025-03-14T10:36:36.869+0000] {processor.py:157} INFO - Started process (PID=890) to work on /opt/airflow/dags/pipeline.py
[2025-03-14T10:36:36.871+0000] {processor.py:829} INFO - Processing file /opt/airflow/dags/pipeline.py for tasks to queue
[2025-03-14T10:36:36.873+0000] {logging_mixin.py:151} INFO - [2025-03-14T10:36:36.873+0000] {dagbag.py:539} INFO - Filling up the DagBag from /opt/airflow/dags/pipeline.py
[2025-03-14T10:36:37.364+0000] {processor.py:839} INFO - DAG(s) dict_keys(['yfinance_ingestion_dag']) retrieved from /opt/airflow/dags/pipeline.py
[2025-03-14T10:36:37.395+0000] {logging_mixin.py:151} INFO - [2025-03-14T10:36:37.394+0000] {dag.py:2915} INFO - Sync 1 DAGs
[2025-03-14T10:36:37.427+0000] {logging_mixin.py:151} INFO - [2025-03-14T10:36:37.426+0000] {dag.py:3696} INFO - Setting next_dagrun for yfinance_ingestion_dag to 2025-01-01T00:00:00+00:00, run_after=2025-01-02T00:00:00+00:00
[2025-03-14T10:36:37.458+0000] {processor.py:179} INFO - Processing /opt/airflow/dags/pipeline.py took 0.595 seconds
[2025-03-14T10:37:07.578+0000] {processor.py:157} INFO - Started process (PID=902) to work on /opt/airflow/dags/pipeline.py
[2025-03-14T10:37:07.579+0000] {processor.py:829} INFO - Processing file /opt/airflow/dags/pipeline.py for tasks to queue
[2025-03-14T10:37:07.580+0000] {logging_mixin.py:151} INFO - [2025-03-14T10:37:07.579+0000] {dagbag.py:539} INFO - Filling up the DagBag from /opt/airflow/dags/pipeline.py
[2025-03-14T10:37:08.074+0000] {processor.py:839} INFO - DAG(s) dict_keys(['yfinance_ingestion_dag']) retrieved from /opt/airflow/dags/pipeline.py
[2025-03-14T10:37:08.114+0000] {logging_mixin.py:151} INFO - [2025-03-14T10:37:08.113+0000] {dag.py:2915} INFO - Sync 1 DAGs
[2025-03-14T10:37:08.152+0000] {logging_mixin.py:151} INFO - [2025-03-14T10:37:08.152+0000] {dag.py:3696} INFO - Setting next_dagrun for yfinance_ingestion_dag to 2025-01-01T00:00:00+00:00, run_after=2025-01-02T00:00:00+00:00
[2025-03-14T10:37:08.182+0000] {processor.py:179} INFO - Processing /opt/airflow/dags/pipeline.py took 0.608 seconds
[2025-03-14T10:37:38.392+0000] {processor.py:157} INFO - Started process (PID=914) to work on /opt/airflow/dags/pipeline.py
[2025-03-14T10:37:38.393+0000] {processor.py:829} INFO - Processing file /opt/airflow/dags/pipeline.py for tasks to queue
[2025-03-14T10:37:38.394+0000] {logging_mixin.py:151} INFO - [2025-03-14T10:37:38.394+0000] {dagbag.py:539} INFO - Filling up the DagBag from /opt/airflow/dags/pipeline.py
[2025-03-14T10:37:38.934+0000] {processor.py:839} INFO - DAG(s) dict_keys(['yfinance_ingestion_dag']) retrieved from /opt/airflow/dags/pipeline.py
[2025-03-14T10:37:38.972+0000] {logging_mixin.py:151} INFO - [2025-03-14T10:37:38.971+0000] {dag.py:2915} INFO - Sync 1 DAGs
[2025-03-14T10:37:39.005+0000] {logging_mixin.py:151} INFO - [2025-03-14T10:37:39.005+0000] {dag.py:3696} INFO - Setting next_dagrun for yfinance_ingestion_dag to 2025-01-01T00:00:00+00:00, run_after=2025-01-02T00:00:00+00:00
[2025-03-14T10:37:39.039+0000] {processor.py:179} INFO - Processing /opt/airflow/dags/pipeline.py took 0.652 seconds
[2025-03-14T10:38:09.135+0000] {processor.py:157} INFO - Started process (PID=926) to work on /opt/airflow/dags/pipeline.py
[2025-03-14T10:38:09.136+0000] {processor.py:829} INFO - Processing file /opt/airflow/dags/pipeline.py for tasks to queue
[2025-03-14T10:38:09.137+0000] {logging_mixin.py:151} INFO - [2025-03-14T10:38:09.137+0000] {dagbag.py:539} INFO - Filling up the DagBag from /opt/airflow/dags/pipeline.py
[2025-03-14T10:38:09.679+0000] {processor.py:839} INFO - DAG(s) dict_keys(['yfinance_ingestion_dag']) retrieved from /opt/airflow/dags/pipeline.py
[2025-03-14T10:38:09.719+0000] {logging_mixin.py:151} INFO - [2025-03-14T10:38:09.718+0000] {dag.py:2915} INFO - Sync 1 DAGs
[2025-03-14T10:38:09.755+0000] {logging_mixin.py:151} INFO - [2025-03-14T10:38:09.755+0000] {dag.py:3696} INFO - Setting next_dagrun for yfinance_ingestion_dag to 2025-01-01T00:00:00+00:00, run_after=2025-01-02T00:00:00+00:00
[2025-03-14T10:38:09.791+0000] {processor.py:179} INFO - Processing /opt/airflow/dags/pipeline.py took 0.660 seconds
[2025-03-14T10:38:39.883+0000] {processor.py:157} INFO - Started process (PID=938) to work on /opt/airflow/dags/pipeline.py
[2025-03-14T10:38:39.885+0000] {processor.py:829} INFO - Processing file /opt/airflow/dags/pipeline.py for tasks to queue
[2025-03-14T10:38:39.887+0000] {logging_mixin.py:151} INFO - [2025-03-14T10:38:39.887+0000] {dagbag.py:539} INFO - Filling up the DagBag from /opt/airflow/dags/pipeline.py
[2025-03-14T10:38:40.344+0000] {processor.py:839} INFO - DAG(s) dict_keys(['yfinance_ingestion_dag']) retrieved from /opt/airflow/dags/pipeline.py
[2025-03-14T10:38:40.378+0000] {logging_mixin.py:151} INFO - [2025-03-14T10:38:40.377+0000] {dag.py:2915} INFO - Sync 1 DAGs
[2025-03-14T10:38:40.403+0000] {logging_mixin.py:151} INFO - [2025-03-14T10:38:40.402+0000] {dag.py:3696} INFO - Setting next_dagrun for yfinance_ingestion_dag to 2025-01-01T00:00:00+00:00, run_after=2025-01-02T00:00:00+00:00
[2025-03-14T10:38:40.432+0000] {processor.py:179} INFO - Processing /opt/airflow/dags/pipeline.py took 0.553 seconds
[2025-03-14T10:39:10.522+0000] {processor.py:157} INFO - Started process (PID=950) to work on /opt/airflow/dags/pipeline.py
[2025-03-14T10:39:10.523+0000] {processor.py:829} INFO - Processing file /opt/airflow/dags/pipeline.py for tasks to queue
[2025-03-14T10:39:10.524+0000] {logging_mixin.py:151} INFO - [2025-03-14T10:39:10.524+0000] {dagbag.py:539} INFO - Filling up the DagBag from /opt/airflow/dags/pipeline.py
[2025-03-14T10:39:11.087+0000] {processor.py:839} INFO - DAG(s) dict_keys(['yfinance_ingestion_dag']) retrieved from /opt/airflow/dags/pipeline.py
[2025-03-14T10:39:11.123+0000] {logging_mixin.py:151} INFO - [2025-03-14T10:39:11.122+0000] {dag.py:2915} INFO - Sync 1 DAGs
[2025-03-14T10:39:11.153+0000] {logging_mixin.py:151} INFO - [2025-03-14T10:39:11.153+0000] {dag.py:3696} INFO - Setting next_dagrun for yfinance_ingestion_dag to 2025-01-01T00:00:00+00:00, run_after=2025-01-02T00:00:00+00:00
[2025-03-14T10:39:11.185+0000] {processor.py:179} INFO - Processing /opt/airflow/dags/pipeline.py took 0.666 seconds
[2025-03-14T10:39:41.279+0000] {processor.py:157} INFO - Started process (PID=962) to work on /opt/airflow/dags/pipeline.py
[2025-03-14T10:39:41.282+0000] {processor.py:829} INFO - Processing file /opt/airflow/dags/pipeline.py for tasks to queue
[2025-03-14T10:39:41.285+0000] {logging_mixin.py:151} INFO - [2025-03-14T10:39:41.284+0000] {dagbag.py:539} INFO - Filling up the DagBag from /opt/airflow/dags/pipeline.py
[2025-03-14T10:39:41.804+0000] {processor.py:839} INFO - DAG(s) dict_keys(['yfinance_ingestion_dag']) retrieved from /opt/airflow/dags/pipeline.py
[2025-03-14T10:39:41.833+0000] {logging_mixin.py:151} INFO - [2025-03-14T10:39:41.832+0000] {dag.py:2915} INFO - Sync 1 DAGs
[2025-03-14T10:39:41.867+0000] {logging_mixin.py:151} INFO - [2025-03-14T10:39:41.867+0000] {dag.py:3696} INFO - Setting next_dagrun for yfinance_ingestion_dag to 2025-01-01T00:00:00+00:00, run_after=2025-01-02T00:00:00+00:00
[2025-03-14T10:39:41.896+0000] {processor.py:179} INFO - Processing /opt/airflow/dags/pipeline.py took 0.621 seconds
[2025-03-14T10:40:12.213+0000] {processor.py:157} INFO - Started process (PID=974) to work on /opt/airflow/dags/pipeline.py
[2025-03-14T10:40:12.214+0000] {processor.py:829} INFO - Processing file /opt/airflow/dags/pipeline.py for tasks to queue
[2025-03-14T10:40:12.216+0000] {logging_mixin.py:151} INFO - [2025-03-14T10:40:12.216+0000] {dagbag.py:539} INFO - Filling up the DagBag from /opt/airflow/dags/pipeline.py
[2025-03-14T10:40:12.709+0000] {processor.py:839} INFO - DAG(s) dict_keys(['yfinance_ingestion_dag']) retrieved from /opt/airflow/dags/pipeline.py
[2025-03-14T10:40:12.743+0000] {logging_mixin.py:151} INFO - [2025-03-14T10:40:12.742+0000] {dag.py:2915} INFO - Sync 1 DAGs
[2025-03-14T10:40:12.774+0000] {logging_mixin.py:151} INFO - [2025-03-14T10:40:12.774+0000] {dag.py:3696} INFO - Setting next_dagrun for yfinance_ingestion_dag to 2025-01-01T00:00:00+00:00, run_after=2025-01-02T00:00:00+00:00
[2025-03-14T10:40:12.803+0000] {processor.py:179} INFO - Processing /opt/airflow/dags/pipeline.py took 0.593 seconds
[2025-03-14T10:40:43.281+0000] {processor.py:157} INFO - Started process (PID=986) to work on /opt/airflow/dags/pipeline.py
[2025-03-14T10:40:43.283+0000] {processor.py:829} INFO - Processing file /opt/airflow/dags/pipeline.py for tasks to queue
[2025-03-14T10:40:43.285+0000] {logging_mixin.py:151} INFO - [2025-03-14T10:40:43.285+0000] {dagbag.py:539} INFO - Filling up the DagBag from /opt/airflow/dags/pipeline.py
[2025-03-14T10:40:43.906+0000] {processor.py:839} INFO - DAG(s) dict_keys(['yfinance_ingestion_dag']) retrieved from /opt/airflow/dags/pipeline.py
[2025-03-14T10:40:43.948+0000] {logging_mixin.py:151} INFO - [2025-03-14T10:40:43.947+0000] {dag.py:2915} INFO - Sync 1 DAGs
[2025-03-14T10:40:43.978+0000] {logging_mixin.py:151} INFO - [2025-03-14T10:40:43.977+0000] {dag.py:3696} INFO - Setting next_dagrun for yfinance_ingestion_dag to 2025-01-01T00:00:00+00:00, run_after=2025-01-02T00:00:00+00:00
[2025-03-14T10:40:44.013+0000] {processor.py:179} INFO - Processing /opt/airflow/dags/pipeline.py took 0.737 seconds
[2025-03-14T10:41:14.178+0000] {processor.py:157} INFO - Started process (PID=998) to work on /opt/airflow/dags/pipeline.py
[2025-03-14T10:41:14.180+0000] {processor.py:829} INFO - Processing file /opt/airflow/dags/pipeline.py for tasks to queue
[2025-03-14T10:41:14.181+0000] {logging_mixin.py:151} INFO - [2025-03-14T10:41:14.181+0000] {dagbag.py:539} INFO - Filling up the DagBag from /opt/airflow/dags/pipeline.py
[2025-03-14T10:41:14.690+0000] {processor.py:839} INFO - DAG(s) dict_keys(['yfinance_ingestion_dag']) retrieved from /opt/airflow/dags/pipeline.py
[2025-03-14T10:41:14.731+0000] {logging_mixin.py:151} INFO - [2025-03-14T10:41:14.730+0000] {dag.py:2915} INFO - Sync 1 DAGs
[2025-03-14T10:41:14.761+0000] {logging_mixin.py:151} INFO - [2025-03-14T10:41:14.761+0000] {dag.py:3696} INFO - Setting next_dagrun for yfinance_ingestion_dag to 2025-01-01T00:00:00+00:00, run_after=2025-01-02T00:00:00+00:00
[2025-03-14T10:41:14.794+0000] {processor.py:179} INFO - Processing /opt/airflow/dags/pipeline.py took 0.619 seconds
[2025-03-14T10:41:45.018+0000] {processor.py:157} INFO - Started process (PID=1010) to work on /opt/airflow/dags/pipeline.py
[2025-03-14T10:41:45.019+0000] {processor.py:829} INFO - Processing file /opt/airflow/dags/pipeline.py for tasks to queue
[2025-03-14T10:41:45.021+0000] {logging_mixin.py:151} INFO - [2025-03-14T10:41:45.020+0000] {dagbag.py:539} INFO - Filling up the DagBag from /opt/airflow/dags/pipeline.py
[2025-03-14T10:41:45.544+0000] {processor.py:839} INFO - DAG(s) dict_keys(['yfinance_ingestion_dag']) retrieved from /opt/airflow/dags/pipeline.py
[2025-03-14T10:41:45.583+0000] {logging_mixin.py:151} INFO - [2025-03-14T10:41:45.582+0000] {dag.py:2915} INFO - Sync 1 DAGs
[2025-03-14T10:41:45.613+0000] {logging_mixin.py:151} INFO - [2025-03-14T10:41:45.612+0000] {dag.py:3696} INFO - Setting next_dagrun for yfinance_ingestion_dag to 2025-01-01T00:00:00+00:00, run_after=2025-01-02T00:00:00+00:00
[2025-03-14T10:41:45.644+0000] {processor.py:179} INFO - Processing /opt/airflow/dags/pipeline.py took 0.630 seconds
[2025-03-14T10:42:16.090+0000] {processor.py:157} INFO - Started process (PID=1022) to work on /opt/airflow/dags/pipeline.py
[2025-03-14T10:42:16.092+0000] {processor.py:829} INFO - Processing file /opt/airflow/dags/pipeline.py for tasks to queue
[2025-03-14T10:42:16.093+0000] {logging_mixin.py:151} INFO - [2025-03-14T10:42:16.092+0000] {dagbag.py:539} INFO - Filling up the DagBag from /opt/airflow/dags/pipeline.py
[2025-03-14T10:42:16.616+0000] {processor.py:839} INFO - DAG(s) dict_keys(['yfinance_ingestion_dag']) retrieved from /opt/airflow/dags/pipeline.py
[2025-03-14T10:42:16.647+0000] {logging_mixin.py:151} INFO - [2025-03-14T10:42:16.647+0000] {dag.py:2915} INFO - Sync 1 DAGs
[2025-03-14T10:42:16.672+0000] {logging_mixin.py:151} INFO - [2025-03-14T10:42:16.672+0000] {dag.py:3696} INFO - Setting next_dagrun for yfinance_ingestion_dag to 2025-01-01T00:00:00+00:00, run_after=2025-01-02T00:00:00+00:00
[2025-03-14T10:42:16.700+0000] {processor.py:179} INFO - Processing /opt/airflow/dags/pipeline.py took 0.615 seconds
[2025-03-14T10:42:46.856+0000] {processor.py:157} INFO - Started process (PID=1034) to work on /opt/airflow/dags/pipeline.py
[2025-03-14T10:42:46.858+0000] {processor.py:829} INFO - Processing file /opt/airflow/dags/pipeline.py for tasks to queue
[2025-03-14T10:42:46.859+0000] {logging_mixin.py:151} INFO - [2025-03-14T10:42:46.859+0000] {dagbag.py:539} INFO - Filling up the DagBag from /opt/airflow/dags/pipeline.py
[2025-03-14T10:42:47.647+0000] {processor.py:839} INFO - DAG(s) dict_keys(['yfinance_ingestion_dag']) retrieved from /opt/airflow/dags/pipeline.py
[2025-03-14T10:42:47.707+0000] {logging_mixin.py:151} INFO - [2025-03-14T10:42:47.706+0000] {dag.py:2915} INFO - Sync 1 DAGs
[2025-03-14T10:42:47.760+0000] {logging_mixin.py:151} INFO - [2025-03-14T10:42:47.760+0000] {dag.py:3696} INFO - Setting next_dagrun for yfinance_ingestion_dag to 2025-01-01T00:00:00+00:00, run_after=2025-01-02T00:00:00+00:00
[2025-03-14T10:42:47.802+0000] {processor.py:179} INFO - Processing /opt/airflow/dags/pipeline.py took 0.951 seconds
[2025-03-14T10:43:17.970+0000] {processor.py:157} INFO - Started process (PID=1046) to work on /opt/airflow/dags/pipeline.py
[2025-03-14T10:43:17.972+0000] {processor.py:829} INFO - Processing file /opt/airflow/dags/pipeline.py for tasks to queue
[2025-03-14T10:43:17.973+0000] {logging_mixin.py:151} INFO - [2025-03-14T10:43:17.972+0000] {dagbag.py:539} INFO - Filling up the DagBag from /opt/airflow/dags/pipeline.py
[2025-03-14T10:43:18.692+0000] {processor.py:839} INFO - DAG(s) dict_keys(['yfinance_ingestion_dag']) retrieved from /opt/airflow/dags/pipeline.py
[2025-03-14T10:43:18.757+0000] {logging_mixin.py:151} INFO - [2025-03-14T10:43:18.756+0000] {dag.py:2915} INFO - Sync 1 DAGs
[2025-03-14T10:43:18.821+0000] {logging_mixin.py:151} INFO - [2025-03-14T10:43:18.821+0000] {dag.py:3696} INFO - Setting next_dagrun for yfinance_ingestion_dag to 2025-01-01T00:00:00+00:00, run_after=2025-01-02T00:00:00+00:00
[2025-03-14T10:43:18.885+0000] {processor.py:179} INFO - Processing /opt/airflow/dags/pipeline.py took 0.921 seconds
[2025-03-14T10:43:49.959+0000] {processor.py:157} INFO - Started process (PID=1058) to work on /opt/airflow/dags/pipeline.py
[2025-03-14T10:43:49.961+0000] {processor.py:829} INFO - Processing file /opt/airflow/dags/pipeline.py for tasks to queue
[2025-03-14T10:43:49.963+0000] {logging_mixin.py:151} INFO - [2025-03-14T10:43:49.963+0000] {dagbag.py:539} INFO - Filling up the DagBag from /opt/airflow/dags/pipeline.py
[2025-03-14T10:43:50.461+0000] {processor.py:839} INFO - DAG(s) dict_keys(['yfinance_ingestion_dag']) retrieved from /opt/airflow/dags/pipeline.py
[2025-03-14T10:43:50.496+0000] {logging_mixin.py:151} INFO - [2025-03-14T10:43:50.495+0000] {dag.py:2915} INFO - Sync 1 DAGs
[2025-03-14T10:43:50.532+0000] {logging_mixin.py:151} INFO - [2025-03-14T10:43:50.531+0000] {dag.py:3696} INFO - Setting next_dagrun for yfinance_ingestion_dag to 2025-01-01T00:00:00+00:00, run_after=2025-01-02T00:00:00+00:00
[2025-03-14T10:43:50.568+0000] {processor.py:179} INFO - Processing /opt/airflow/dags/pipeline.py took 0.614 seconds
[2025-03-14T10:44:21.056+0000] {processor.py:157} INFO - Started process (PID=1070) to work on /opt/airflow/dags/pipeline.py
[2025-03-14T10:44:21.057+0000] {processor.py:829} INFO - Processing file /opt/airflow/dags/pipeline.py for tasks to queue
[2025-03-14T10:44:21.059+0000] {logging_mixin.py:151} INFO - [2025-03-14T10:44:21.058+0000] {dagbag.py:539} INFO - Filling up the DagBag from /opt/airflow/dags/pipeline.py
[2025-03-14T10:44:21.562+0000] {processor.py:839} INFO - DAG(s) dict_keys(['yfinance_ingestion_dag']) retrieved from /opt/airflow/dags/pipeline.py
[2025-03-14T10:44:21.592+0000] {logging_mixin.py:151} INFO - [2025-03-14T10:44:21.591+0000] {dag.py:2915} INFO - Sync 1 DAGs
[2025-03-14T10:44:21.622+0000] {logging_mixin.py:151} INFO - [2025-03-14T10:44:21.621+0000] {dag.py:3696} INFO - Setting next_dagrun for yfinance_ingestion_dag to 2025-01-01T00:00:00+00:00, run_after=2025-01-02T00:00:00+00:00
[2025-03-14T10:44:21.917+0000] {processor.py:179} INFO - Processing /opt/airflow/dags/pipeline.py took 0.865 seconds
[2025-03-14T10:44:52.035+0000] {processor.py:157} INFO - Started process (PID=1082) to work on /opt/airflow/dags/pipeline.py
[2025-03-14T10:44:52.037+0000] {processor.py:829} INFO - Processing file /opt/airflow/dags/pipeline.py for tasks to queue
[2025-03-14T10:44:52.038+0000] {logging_mixin.py:151} INFO - [2025-03-14T10:44:52.037+0000] {dagbag.py:539} INFO - Filling up the DagBag from /opt/airflow/dags/pipeline.py
[2025-03-14T10:44:52.499+0000] {processor.py:839} INFO - DAG(s) dict_keys(['yfinance_ingestion_dag']) retrieved from /opt/airflow/dags/pipeline.py
[2025-03-14T10:44:52.528+0000] {logging_mixin.py:151} INFO - [2025-03-14T10:44:52.527+0000] {dag.py:2915} INFO - Sync 1 DAGs
[2025-03-14T10:44:52.558+0000] {logging_mixin.py:151} INFO - [2025-03-14T10:44:52.558+0000] {dag.py:3696} INFO - Setting next_dagrun for yfinance_ingestion_dag to 2025-01-01T00:00:00+00:00, run_after=2025-01-02T00:00:00+00:00
[2025-03-14T10:44:52.586+0000] {processor.py:179} INFO - Processing /opt/airflow/dags/pipeline.py took 0.554 seconds
[2025-03-14T10:45:23.046+0000] {processor.py:157} INFO - Started process (PID=1094) to work on /opt/airflow/dags/pipeline.py
[2025-03-14T10:45:23.048+0000] {processor.py:829} INFO - Processing file /opt/airflow/dags/pipeline.py for tasks to queue
[2025-03-14T10:45:23.050+0000] {logging_mixin.py:151} INFO - [2025-03-14T10:45:23.049+0000] {dagbag.py:539} INFO - Filling up the DagBag from /opt/airflow/dags/pipeline.py
[2025-03-14T10:45:23.582+0000] {processor.py:839} INFO - DAG(s) dict_keys(['yfinance_ingestion_dag']) retrieved from /opt/airflow/dags/pipeline.py
[2025-03-14T10:45:23.616+0000] {logging_mixin.py:151} INFO - [2025-03-14T10:45:23.616+0000] {dag.py:2915} INFO - Sync 1 DAGs
[2025-03-14T10:45:23.646+0000] {logging_mixin.py:151} INFO - [2025-03-14T10:45:23.646+0000] {dag.py:3696} INFO - Setting next_dagrun for yfinance_ingestion_dag to 2025-01-01T00:00:00+00:00, run_after=2025-01-02T00:00:00+00:00
[2025-03-14T10:45:23.675+0000] {processor.py:179} INFO - Processing /opt/airflow/dags/pipeline.py took 0.634 seconds
[2025-03-14T10:45:53.989+0000] {processor.py:157} INFO - Started process (PID=1106) to work on /opt/airflow/dags/pipeline.py
[2025-03-14T10:45:53.990+0000] {processor.py:829} INFO - Processing file /opt/airflow/dags/pipeline.py for tasks to queue
[2025-03-14T10:45:53.992+0000] {logging_mixin.py:151} INFO - [2025-03-14T10:45:53.992+0000] {dagbag.py:539} INFO - Filling up the DagBag from /opt/airflow/dags/pipeline.py
[2025-03-14T10:45:54.443+0000] {processor.py:839} INFO - DAG(s) dict_keys(['yfinance_ingestion_dag']) retrieved from /opt/airflow/dags/pipeline.py
[2025-03-14T10:45:54.472+0000] {logging_mixin.py:151} INFO - [2025-03-14T10:45:54.471+0000] {dag.py:2915} INFO - Sync 1 DAGs
[2025-03-14T10:45:54.496+0000] {logging_mixin.py:151} INFO - [2025-03-14T10:45:54.496+0000] {dag.py:3696} INFO - Setting next_dagrun for yfinance_ingestion_dag to 2025-01-01T00:00:00+00:00, run_after=2025-01-02T00:00:00+00:00
[2025-03-14T10:45:54.694+0000] {processor.py:179} INFO - Processing /opt/airflow/dags/pipeline.py took 0.709 seconds
[2025-03-14T10:46:25.055+0000] {processor.py:157} INFO - Started process (PID=1118) to work on /opt/airflow/dags/pipeline.py
[2025-03-14T10:46:25.057+0000] {processor.py:829} INFO - Processing file /opt/airflow/dags/pipeline.py for tasks to queue
[2025-03-14T10:46:25.058+0000] {logging_mixin.py:151} INFO - [2025-03-14T10:46:25.058+0000] {dagbag.py:539} INFO - Filling up the DagBag from /opt/airflow/dags/pipeline.py
[2025-03-14T10:46:25.532+0000] {processor.py:839} INFO - DAG(s) dict_keys(['yfinance_ingestion_dag']) retrieved from /opt/airflow/dags/pipeline.py
[2025-03-14T10:46:25.571+0000] {logging_mixin.py:151} INFO - [2025-03-14T10:46:25.570+0000] {dag.py:2915} INFO - Sync 1 DAGs
[2025-03-14T10:46:25.601+0000] {logging_mixin.py:151} INFO - [2025-03-14T10:46:25.601+0000] {dag.py:3696} INFO - Setting next_dagrun for yfinance_ingestion_dag to 2025-01-01T00:00:00+00:00, run_after=2025-01-02T00:00:00+00:00
[2025-03-14T10:46:25.632+0000] {processor.py:179} INFO - Processing /opt/airflow/dags/pipeline.py took 0.580 seconds
[2025-03-14T10:46:56.200+0000] {processor.py:157} INFO - Started process (PID=1130) to work on /opt/airflow/dags/pipeline.py
[2025-03-14T10:46:56.202+0000] {processor.py:829} INFO - Processing file /opt/airflow/dags/pipeline.py for tasks to queue
[2025-03-14T10:46:56.203+0000] {logging_mixin.py:151} INFO - [2025-03-14T10:46:56.203+0000] {dagbag.py:539} INFO - Filling up the DagBag from /opt/airflow/dags/pipeline.py
[2025-03-14T10:46:56.684+0000] {processor.py:839} INFO - DAG(s) dict_keys(['yfinance_ingestion_dag']) retrieved from /opt/airflow/dags/pipeline.py
[2025-03-14T10:46:56.719+0000] {logging_mixin.py:151} INFO - [2025-03-14T10:46:56.718+0000] {dag.py:2915} INFO - Sync 1 DAGs
[2025-03-14T10:46:56.745+0000] {logging_mixin.py:151} INFO - [2025-03-14T10:46:56.745+0000] {dag.py:3696} INFO - Setting next_dagrun for yfinance_ingestion_dag to 2025-01-01T00:00:00+00:00, run_after=2025-01-02T00:00:00+00:00
[2025-03-14T10:46:56.777+0000] {processor.py:179} INFO - Processing /opt/airflow/dags/pipeline.py took 0.581 seconds
[2025-03-14T10:47:27.376+0000] {processor.py:157} INFO - Started process (PID=1145) to work on /opt/airflow/dags/pipeline.py
[2025-03-14T10:47:27.377+0000] {processor.py:829} INFO - Processing file /opt/airflow/dags/pipeline.py for tasks to queue
[2025-03-14T10:47:27.378+0000] {logging_mixin.py:151} INFO - [2025-03-14T10:47:27.378+0000] {dagbag.py:539} INFO - Filling up the DagBag from /opt/airflow/dags/pipeline.py
[2025-03-14T10:47:28.013+0000] {processor.py:839} INFO - DAG(s) dict_keys(['yfinance_ingestion_dag']) retrieved from /opt/airflow/dags/pipeline.py
[2025-03-14T10:47:28.073+0000] {logging_mixin.py:151} INFO - [2025-03-14T10:47:28.072+0000] {dag.py:2915} INFO - Sync 1 DAGs
[2025-03-14T10:47:28.129+0000] {logging_mixin.py:151} INFO - [2025-03-14T10:47:28.128+0000] {dag.py:3696} INFO - Setting next_dagrun for yfinance_ingestion_dag to 2025-01-01T00:00:00+00:00, run_after=2025-01-02T00:00:00+00:00
[2025-03-14T10:47:28.489+0000] {processor.py:179} INFO - Processing /opt/airflow/dags/pipeline.py took 1.118 seconds
[2025-03-14T10:47:59.540+0000] {processor.py:157} INFO - Started process (PID=1157) to work on /opt/airflow/dags/pipeline.py
[2025-03-14T10:47:59.542+0000] {processor.py:829} INFO - Processing file /opt/airflow/dags/pipeline.py for tasks to queue
[2025-03-14T10:47:59.544+0000] {logging_mixin.py:151} INFO - [2025-03-14T10:47:59.543+0000] {dagbag.py:539} INFO - Filling up the DagBag from /opt/airflow/dags/pipeline.py
[2025-03-14T10:48:00.135+0000] {processor.py:839} INFO - DAG(s) dict_keys(['yfinance_ingestion_dag']) retrieved from /opt/airflow/dags/pipeline.py
[2025-03-14T10:48:00.167+0000] {logging_mixin.py:151} INFO - [2025-03-14T10:48:00.167+0000] {dag.py:2915} INFO - Sync 1 DAGs
[2025-03-14T10:48:00.198+0000] {logging_mixin.py:151} INFO - [2025-03-14T10:48:00.198+0000] {dag.py:3696} INFO - Setting next_dagrun for yfinance_ingestion_dag to 2025-01-01T00:00:00+00:00, run_after=2025-01-02T00:00:00+00:00
[2025-03-14T10:48:00.230+0000] {processor.py:179} INFO - Processing /opt/airflow/dags/pipeline.py took 0.694 seconds
[2025-03-14T10:48:30.307+0000] {processor.py:157} INFO - Started process (PID=1166) to work on /opt/airflow/dags/pipeline.py
[2025-03-14T10:48:30.309+0000] {processor.py:829} INFO - Processing file /opt/airflow/dags/pipeline.py for tasks to queue
[2025-03-14T10:48:30.311+0000] {logging_mixin.py:151} INFO - [2025-03-14T10:48:30.310+0000] {dagbag.py:539} INFO - Filling up the DagBag from /opt/airflow/dags/pipeline.py
[2025-03-14T10:48:31.285+0000] {processor.py:839} INFO - DAG(s) dict_keys(['yfinance_ingestion_dag']) retrieved from /opt/airflow/dags/pipeline.py
[2025-03-14T10:48:31.329+0000] {logging_mixin.py:151} INFO - [2025-03-14T10:48:31.328+0000] {dag.py:2915} INFO - Sync 1 DAGs
[2025-03-14T10:48:31.372+0000] {logging_mixin.py:151} INFO - [2025-03-14T10:48:31.371+0000] {dag.py:3696} INFO - Setting next_dagrun for yfinance_ingestion_dag to 2025-01-01T00:00:00+00:00, run_after=2025-01-02T00:00:00+00:00
[2025-03-14T10:48:31.402+0000] {processor.py:179} INFO - Processing /opt/airflow/dags/pipeline.py took 1.100 seconds
[2025-03-14T10:49:01.675+0000] {processor.py:157} INFO - Started process (PID=1178) to work on /opt/airflow/dags/pipeline.py
[2025-03-14T10:49:01.676+0000] {processor.py:829} INFO - Processing file /opt/airflow/dags/pipeline.py for tasks to queue
[2025-03-14T10:49:01.678+0000] {logging_mixin.py:151} INFO - [2025-03-14T10:49:01.677+0000] {dagbag.py:539} INFO - Filling up the DagBag from /opt/airflow/dags/pipeline.py
[2025-03-14T10:49:02.147+0000] {processor.py:839} INFO - DAG(s) dict_keys(['yfinance_ingestion_dag']) retrieved from /opt/airflow/dags/pipeline.py
[2025-03-14T10:49:02.178+0000] {logging_mixin.py:151} INFO - [2025-03-14T10:49:02.177+0000] {dag.py:2915} INFO - Sync 1 DAGs
[2025-03-14T10:49:02.204+0000] {logging_mixin.py:151} INFO - [2025-03-14T10:49:02.204+0000] {dag.py:3696} INFO - Setting next_dagrun for yfinance_ingestion_dag to 2025-01-01T00:00:00+00:00, run_after=2025-01-02T00:00:00+00:00
[2025-03-14T10:49:02.237+0000] {processor.py:179} INFO - Processing /opt/airflow/dags/pipeline.py took 0.566 seconds
[2025-03-14T10:49:32.645+0000] {processor.py:157} INFO - Started process (PID=1190) to work on /opt/airflow/dags/pipeline.py
[2025-03-14T10:49:32.646+0000] {processor.py:829} INFO - Processing file /opt/airflow/dags/pipeline.py for tasks to queue
[2025-03-14T10:49:32.648+0000] {logging_mixin.py:151} INFO - [2025-03-14T10:49:32.647+0000] {dagbag.py:539} INFO - Filling up the DagBag from /opt/airflow/dags/pipeline.py
[2025-03-14T10:49:33.195+0000] {processor.py:839} INFO - DAG(s) dict_keys(['yfinance_ingestion_dag']) retrieved from /opt/airflow/dags/pipeline.py
[2025-03-14T10:49:33.232+0000] {logging_mixin.py:151} INFO - [2025-03-14T10:49:33.231+0000] {dag.py:2915} INFO - Sync 1 DAGs
[2025-03-14T10:49:33.416+0000] {logging_mixin.py:151} INFO - [2025-03-14T10:49:33.415+0000] {dag.py:3696} INFO - Setting next_dagrun for yfinance_ingestion_dag to 2025-01-01T00:00:00+00:00, run_after=2025-01-02T00:00:00+00:00
[2025-03-14T10:49:33.445+0000] {processor.py:179} INFO - Processing /opt/airflow/dags/pipeline.py took 0.804 seconds
[2025-03-14T10:50:03.897+0000] {processor.py:157} INFO - Started process (PID=1202) to work on /opt/airflow/dags/pipeline.py
[2025-03-14T10:50:03.898+0000] {processor.py:829} INFO - Processing file /opt/airflow/dags/pipeline.py for tasks to queue
[2025-03-14T10:50:03.899+0000] {logging_mixin.py:151} INFO - [2025-03-14T10:50:03.899+0000] {dagbag.py:539} INFO - Filling up the DagBag from /opt/airflow/dags/pipeline.py
[2025-03-14T10:50:04.476+0000] {processor.py:839} INFO - DAG(s) dict_keys(['yfinance_ingestion_dag']) retrieved from /opt/airflow/dags/pipeline.py
[2025-03-14T10:50:04.515+0000] {logging_mixin.py:151} INFO - [2025-03-14T10:50:04.513+0000] {dag.py:2915} INFO - Sync 1 DAGs
[2025-03-14T10:50:04.560+0000] {logging_mixin.py:151} INFO - [2025-03-14T10:50:04.559+0000] {dag.py:3696} INFO - Setting next_dagrun for yfinance_ingestion_dag to 2025-01-01T00:00:00+00:00, run_after=2025-01-02T00:00:00+00:00
[2025-03-14T10:50:04.598+0000] {processor.py:179} INFO - Processing /opt/airflow/dags/pipeline.py took 0.706 seconds
[2025-03-14T10:50:35.143+0000] {processor.py:157} INFO - Started process (PID=1214) to work on /opt/airflow/dags/pipeline.py
[2025-03-14T10:50:35.145+0000] {processor.py:829} INFO - Processing file /opt/airflow/dags/pipeline.py for tasks to queue
[2025-03-14T10:50:35.146+0000] {logging_mixin.py:151} INFO - [2025-03-14T10:50:35.146+0000] {dagbag.py:539} INFO - Filling up the DagBag from /opt/airflow/dags/pipeline.py
[2025-03-14T10:50:35.727+0000] {processor.py:839} INFO - DAG(s) dict_keys(['yfinance_ingestion_dag']) retrieved from /opt/airflow/dags/pipeline.py
[2025-03-14T10:50:35.758+0000] {logging_mixin.py:151} INFO - [2025-03-14T10:50:35.758+0000] {dag.py:2915} INFO - Sync 1 DAGs
[2025-03-14T10:50:35.785+0000] {logging_mixin.py:151} INFO - [2025-03-14T10:50:35.785+0000] {dag.py:3696} INFO - Setting next_dagrun for yfinance_ingestion_dag to 2025-01-01T00:00:00+00:00, run_after=2025-01-02T00:00:00+00:00
[2025-03-14T10:50:35.815+0000] {processor.py:179} INFO - Processing /opt/airflow/dags/pipeline.py took 0.675 seconds
[2025-03-14T10:51:06.290+0000] {processor.py:157} INFO - Started process (PID=1226) to work on /opt/airflow/dags/pipeline.py
[2025-03-14T10:51:06.292+0000] {processor.py:829} INFO - Processing file /opt/airflow/dags/pipeline.py for tasks to queue
[2025-03-14T10:51:06.294+0000] {logging_mixin.py:151} INFO - [2025-03-14T10:51:06.294+0000] {dagbag.py:539} INFO - Filling up the DagBag from /opt/airflow/dags/pipeline.py
[2025-03-14T10:51:06.859+0000] {processor.py:839} INFO - DAG(s) dict_keys(['yfinance_ingestion_dag']) retrieved from /opt/airflow/dags/pipeline.py
[2025-03-14T10:51:06.889+0000] {logging_mixin.py:151} INFO - [2025-03-14T10:51:06.889+0000] {dag.py:2915} INFO - Sync 1 DAGs
[2025-03-14T10:51:07.062+0000] {logging_mixin.py:151} INFO - [2025-03-14T10:51:07.062+0000] {dag.py:3696} INFO - Setting next_dagrun for yfinance_ingestion_dag to 2025-01-01T00:00:00+00:00, run_after=2025-01-02T00:00:00+00:00
[2025-03-14T10:51:07.096+0000] {processor.py:179} INFO - Processing /opt/airflow/dags/pipeline.py took 0.812 seconds
[2025-03-14T10:51:37.598+0000] {processor.py:157} INFO - Started process (PID=1238) to work on /opt/airflow/dags/pipeline.py
[2025-03-14T10:51:37.600+0000] {processor.py:829} INFO - Processing file /opt/airflow/dags/pipeline.py for tasks to queue
[2025-03-14T10:51:37.601+0000] {logging_mixin.py:151} INFO - [2025-03-14T10:51:37.601+0000] {dagbag.py:539} INFO - Filling up the DagBag from /opt/airflow/dags/pipeline.py
[2025-03-14T10:51:38.149+0000] {processor.py:839} INFO - DAG(s) dict_keys(['yfinance_ingestion_dag']) retrieved from /opt/airflow/dags/pipeline.py
[2025-03-14T10:51:38.182+0000] {logging_mixin.py:151} INFO - [2025-03-14T10:51:38.181+0000] {dag.py:2915} INFO - Sync 1 DAGs
[2025-03-14T10:51:38.209+0000] {logging_mixin.py:151} INFO - [2025-03-14T10:51:38.208+0000] {dag.py:3696} INFO - Setting next_dagrun for yfinance_ingestion_dag to 2025-01-01T00:00:00+00:00, run_after=2025-01-02T00:00:00+00:00
[2025-03-14T10:51:38.237+0000] {processor.py:179} INFO - Processing /opt/airflow/dags/pipeline.py took 0.643 seconds
[2025-03-14T10:52:08.689+0000] {processor.py:157} INFO - Started process (PID=1250) to work on /opt/airflow/dags/pipeline.py
[2025-03-14T10:52:08.690+0000] {processor.py:829} INFO - Processing file /opt/airflow/dags/pipeline.py for tasks to queue
[2025-03-14T10:52:08.692+0000] {logging_mixin.py:151} INFO - [2025-03-14T10:52:08.692+0000] {dagbag.py:539} INFO - Filling up the DagBag from /opt/airflow/dags/pipeline.py
[2025-03-14T10:52:09.193+0000] {processor.py:839} INFO - DAG(s) dict_keys(['yfinance_ingestion_dag']) retrieved from /opt/airflow/dags/pipeline.py
[2025-03-14T10:52:09.232+0000] {logging_mixin.py:151} INFO - [2025-03-14T10:52:09.231+0000] {dag.py:2915} INFO - Sync 1 DAGs
[2025-03-14T10:52:09.261+0000] {logging_mixin.py:151} INFO - [2025-03-14T10:52:09.261+0000] {dag.py:3696} INFO - Setting next_dagrun for yfinance_ingestion_dag to 2025-01-01T00:00:00+00:00, run_after=2025-01-02T00:00:00+00:00
[2025-03-14T10:52:09.294+0000] {processor.py:179} INFO - Processing /opt/airflow/dags/pipeline.py took 0.610 seconds
[2025-03-14T10:52:39.504+0000] {processor.py:157} INFO - Started process (PID=1262) to work on /opt/airflow/dags/pipeline.py
[2025-03-14T10:52:39.506+0000] {processor.py:829} INFO - Processing file /opt/airflow/dags/pipeline.py for tasks to queue
[2025-03-14T10:52:39.509+0000] {logging_mixin.py:151} INFO - [2025-03-14T10:52:39.509+0000] {dagbag.py:539} INFO - Filling up the DagBag from /opt/airflow/dags/pipeline.py
[2025-03-14T10:52:40.140+0000] {processor.py:839} INFO - DAG(s) dict_keys(['yfinance_ingestion_dag']) retrieved from /opt/airflow/dags/pipeline.py
[2025-03-14T10:52:40.177+0000] {logging_mixin.py:151} INFO - [2025-03-14T10:52:40.177+0000] {dag.py:2915} INFO - Sync 1 DAGs
[2025-03-14T10:52:40.523+0000] {logging_mixin.py:151} INFO - [2025-03-14T10:52:40.522+0000] {dag.py:3696} INFO - Setting next_dagrun for yfinance_ingestion_dag to 2025-01-01T00:00:00+00:00, run_after=2025-01-02T00:00:00+00:00
[2025-03-14T10:52:40.565+0000] {processor.py:179} INFO - Processing /opt/airflow/dags/pipeline.py took 1.065 seconds
[2025-03-14T10:53:10.639+0000] {processor.py:157} INFO - Started process (PID=1274) to work on /opt/airflow/dags/pipeline.py
[2025-03-14T10:53:10.640+0000] {processor.py:829} INFO - Processing file /opt/airflow/dags/pipeline.py for tasks to queue
[2025-03-14T10:53:10.641+0000] {logging_mixin.py:151} INFO - [2025-03-14T10:53:10.641+0000] {dagbag.py:539} INFO - Filling up the DagBag from /opt/airflow/dags/pipeline.py
[2025-03-14T10:53:11.194+0000] {processor.py:839} INFO - DAG(s) dict_keys(['yfinance_ingestion_dag']) retrieved from /opt/airflow/dags/pipeline.py
[2025-03-14T10:53:11.244+0000] {logging_mixin.py:151} INFO - [2025-03-14T10:53:11.243+0000] {dag.py:2915} INFO - Sync 1 DAGs
[2025-03-14T10:53:11.284+0000] {logging_mixin.py:151} INFO - [2025-03-14T10:53:11.284+0000] {dag.py:3696} INFO - Setting next_dagrun for yfinance_ingestion_dag to 2025-01-01T00:00:00+00:00, run_after=2025-01-02T00:00:00+00:00
[2025-03-14T10:53:11.317+0000] {processor.py:179} INFO - Processing /opt/airflow/dags/pipeline.py took 0.683 seconds
[2025-03-14T10:53:41.588+0000] {processor.py:157} INFO - Started process (PID=1286) to work on /opt/airflow/dags/pipeline.py
[2025-03-14T10:53:41.590+0000] {processor.py:829} INFO - Processing file /opt/airflow/dags/pipeline.py for tasks to queue
[2025-03-14T10:53:41.594+0000] {logging_mixin.py:151} INFO - [2025-03-14T10:53:41.592+0000] {dagbag.py:539} INFO - Filling up the DagBag from /opt/airflow/dags/pipeline.py
[2025-03-14T10:53:42.529+0000] {processor.py:839} INFO - DAG(s) dict_keys(['yfinance_ingestion_dag']) retrieved from /opt/airflow/dags/pipeline.py
[2025-03-14T10:53:42.578+0000] {logging_mixin.py:151} INFO - [2025-03-14T10:53:42.577+0000] {dag.py:2915} INFO - Sync 1 DAGs
[2025-03-14T10:53:42.624+0000] {logging_mixin.py:151} INFO - [2025-03-14T10:53:42.622+0000] {dag.py:3696} INFO - Setting next_dagrun for yfinance_ingestion_dag to 2025-01-01T00:00:00+00:00, run_after=2025-01-02T00:00:00+00:00
[2025-03-14T10:53:42.667+0000] {processor.py:179} INFO - Processing /opt/airflow/dags/pipeline.py took 1.084 seconds
[2025-03-14T10:54:13.184+0000] {processor.py:157} INFO - Started process (PID=1298) to work on /opt/airflow/dags/pipeline.py
[2025-03-14T10:54:13.185+0000] {processor.py:829} INFO - Processing file /opt/airflow/dags/pipeline.py for tasks to queue
[2025-03-14T10:54:13.187+0000] {logging_mixin.py:151} INFO - [2025-03-14T10:54:13.186+0000] {dagbag.py:539} INFO - Filling up the DagBag from /opt/airflow/dags/pipeline.py
[2025-03-14T10:54:13.814+0000] {processor.py:839} INFO - DAG(s) dict_keys(['yfinance_ingestion_dag']) retrieved from /opt/airflow/dags/pipeline.py
[2025-03-14T10:54:13.851+0000] {logging_mixin.py:151} INFO - [2025-03-14T10:54:13.850+0000] {dag.py:2915} INFO - Sync 1 DAGs
[2025-03-14T10:54:14.183+0000] {logging_mixin.py:151} INFO - [2025-03-14T10:54:14.182+0000] {dag.py:3696} INFO - Setting next_dagrun for yfinance_ingestion_dag to 2025-01-01T00:00:00+00:00, run_after=2025-01-02T00:00:00+00:00
[2025-03-14T10:54:14.233+0000] {processor.py:179} INFO - Processing /opt/airflow/dags/pipeline.py took 1.053 seconds
[2025-03-14T10:54:44.667+0000] {processor.py:157} INFO - Started process (PID=1310) to work on /opt/airflow/dags/pipeline.py
[2025-03-14T10:54:44.669+0000] {processor.py:829} INFO - Processing file /opt/airflow/dags/pipeline.py for tasks to queue
[2025-03-14T10:54:44.671+0000] {logging_mixin.py:151} INFO - [2025-03-14T10:54:44.670+0000] {dagbag.py:539} INFO - Filling up the DagBag from /opt/airflow/dags/pipeline.py
[2025-03-14T10:54:45.241+0000] {processor.py:839} INFO - DAG(s) dict_keys(['yfinance_ingestion_dag']) retrieved from /opt/airflow/dags/pipeline.py
[2025-03-14T10:54:45.288+0000] {logging_mixin.py:151} INFO - [2025-03-14T10:54:45.287+0000] {dag.py:2915} INFO - Sync 1 DAGs
[2025-03-14T10:54:45.320+0000] {logging_mixin.py:151} INFO - [2025-03-14T10:54:45.320+0000] {dag.py:3696} INFO - Setting next_dagrun for yfinance_ingestion_dag to 2025-01-01T00:00:00+00:00, run_after=2025-01-02T00:00:00+00:00
[2025-03-14T10:54:45.353+0000] {processor.py:179} INFO - Processing /opt/airflow/dags/pipeline.py took 0.690 seconds
[2025-03-14T10:55:16.065+0000] {processor.py:157} INFO - Started process (PID=1325) to work on /opt/airflow/dags/pipeline.py
[2025-03-14T10:55:16.067+0000] {processor.py:829} INFO - Processing file /opt/airflow/dags/pipeline.py for tasks to queue
[2025-03-14T10:55:16.070+0000] {logging_mixin.py:151} INFO - [2025-03-14T10:55:16.069+0000] {dagbag.py:539} INFO - Filling up the DagBag from /opt/airflow/dags/pipeline.py
[2025-03-14T10:55:16.614+0000] {processor.py:839} INFO - DAG(s) dict_keys(['yfinance_ingestion_dag']) retrieved from /opt/airflow/dags/pipeline.py
[2025-03-14T10:55:16.643+0000] {logging_mixin.py:151} INFO - [2025-03-14T10:55:16.643+0000] {dag.py:2915} INFO - Sync 1 DAGs
[2025-03-14T10:55:16.669+0000] {logging_mixin.py:151} INFO - [2025-03-14T10:55:16.668+0000] {dag.py:3696} INFO - Setting next_dagrun for yfinance_ingestion_dag to 2025-01-01T00:00:00+00:00, run_after=2025-01-02T00:00:00+00:00
[2025-03-14T10:55:16.697+0000] {processor.py:179} INFO - Processing /opt/airflow/dags/pipeline.py took 0.639 seconds
[2025-03-14T10:55:47.375+0000] {processor.py:157} INFO - Started process (PID=1337) to work on /opt/airflow/dags/pipeline.py
[2025-03-14T10:55:47.379+0000] {processor.py:829} INFO - Processing file /opt/airflow/dags/pipeline.py for tasks to queue
[2025-03-14T10:55:47.381+0000] {logging_mixin.py:151} INFO - [2025-03-14T10:55:47.380+0000] {dagbag.py:539} INFO - Filling up the DagBag from /opt/airflow/dags/pipeline.py
[2025-03-14T10:55:48.001+0000] {processor.py:839} INFO - DAG(s) dict_keys(['yfinance_ingestion_dag']) retrieved from /opt/airflow/dags/pipeline.py
[2025-03-14T10:55:48.035+0000] {logging_mixin.py:151} INFO - [2025-03-14T10:55:48.034+0000] {dag.py:2915} INFO - Sync 1 DAGs
[2025-03-14T10:55:48.069+0000] {logging_mixin.py:151} INFO - [2025-03-14T10:55:48.069+0000] {dag.py:3696} INFO - Setting next_dagrun for yfinance_ingestion_dag to 2025-01-01T00:00:00+00:00, run_after=2025-01-02T00:00:00+00:00
[2025-03-14T10:55:48.411+0000] {processor.py:179} INFO - Processing /opt/airflow/dags/pipeline.py took 1.044 seconds
[2025-03-14T10:56:19.448+0000] {processor.py:157} INFO - Started process (PID=1349) to work on /opt/airflow/dags/pipeline.py
[2025-03-14T10:56:19.449+0000] {processor.py:829} INFO - Processing file /opt/airflow/dags/pipeline.py for tasks to queue
[2025-03-14T10:56:19.451+0000] {logging_mixin.py:151} INFO - [2025-03-14T10:56:19.450+0000] {dagbag.py:539} INFO - Filling up the DagBag from /opt/airflow/dags/pipeline.py
[2025-03-14T10:56:20.077+0000] {processor.py:839} INFO - DAG(s) dict_keys(['yfinance_ingestion_dag']) retrieved from /opt/airflow/dags/pipeline.py
[2025-03-14T10:56:20.117+0000] {logging_mixin.py:151} INFO - [2025-03-14T10:56:20.116+0000] {dag.py:2915} INFO - Sync 1 DAGs
[2025-03-14T10:56:20.152+0000] {logging_mixin.py:151} INFO - [2025-03-14T10:56:20.152+0000] {dag.py:3696} INFO - Setting next_dagrun for yfinance_ingestion_dag to 2025-01-01T00:00:00+00:00, run_after=2025-01-02T00:00:00+00:00
[2025-03-14T10:56:20.189+0000] {processor.py:179} INFO - Processing /opt/airflow/dags/pipeline.py took 0.747 seconds
[2025-03-14T10:56:50.409+0000] {processor.py:157} INFO - Started process (PID=1361) to work on /opt/airflow/dags/pipeline.py
[2025-03-14T10:56:50.412+0000] {processor.py:829} INFO - Processing file /opt/airflow/dags/pipeline.py for tasks to queue
[2025-03-14T10:56:50.415+0000] {logging_mixin.py:151} INFO - [2025-03-14T10:56:50.415+0000] {dagbag.py:539} INFO - Filling up the DagBag from /opt/airflow/dags/pipeline.py
[2025-03-14T10:56:51.025+0000] {processor.py:839} INFO - DAG(s) dict_keys(['yfinance_ingestion_dag']) retrieved from /opt/airflow/dags/pipeline.py
[2025-03-14T10:56:51.063+0000] {logging_mixin.py:151} INFO - [2025-03-14T10:56:51.062+0000] {dag.py:2915} INFO - Sync 1 DAGs
[2025-03-14T10:56:51.109+0000] {logging_mixin.py:151} INFO - [2025-03-14T10:56:51.109+0000] {dag.py:3696} INFO - Setting next_dagrun for yfinance_ingestion_dag to 2025-01-01T00:00:00+00:00, run_after=2025-01-02T00:00:00+00:00
[2025-03-14T10:56:51.180+0000] {processor.py:179} INFO - Processing /opt/airflow/dags/pipeline.py took 0.776 seconds
[2025-03-14T10:57:21.806+0000] {processor.py:157} INFO - Started process (PID=1373) to work on /opt/airflow/dags/pipeline.py
[2025-03-14T10:57:21.808+0000] {processor.py:829} INFO - Processing file /opt/airflow/dags/pipeline.py for tasks to queue
[2025-03-14T10:57:21.810+0000] {logging_mixin.py:151} INFO - [2025-03-14T10:57:21.809+0000] {dagbag.py:539} INFO - Filling up the DagBag from /opt/airflow/dags/pipeline.py
[2025-03-14T10:57:22.345+0000] {processor.py:839} INFO - DAG(s) dict_keys(['yfinance_ingestion_dag']) retrieved from /opt/airflow/dags/pipeline.py
[2025-03-14T10:57:22.377+0000] {logging_mixin.py:151} INFO - [2025-03-14T10:57:22.376+0000] {dag.py:2915} INFO - Sync 1 DAGs
[2025-03-14T10:57:22.413+0000] {logging_mixin.py:151} INFO - [2025-03-14T10:57:22.412+0000] {dag.py:3696} INFO - Setting next_dagrun for yfinance_ingestion_dag to 2025-01-01T00:00:00+00:00, run_after=2025-01-02T00:00:00+00:00
[2025-03-14T10:57:22.446+0000] {processor.py:179} INFO - Processing /opt/airflow/dags/pipeline.py took 0.645 seconds
[2025-03-14T10:57:52.555+0000] {processor.py:157} INFO - Started process (PID=1385) to work on /opt/airflow/dags/pipeline.py
[2025-03-14T10:57:52.557+0000] {processor.py:829} INFO - Processing file /opt/airflow/dags/pipeline.py for tasks to queue
[2025-03-14T10:57:52.561+0000] {logging_mixin.py:151} INFO - [2025-03-14T10:57:52.560+0000] {dagbag.py:539} INFO - Filling up the DagBag from /opt/airflow/dags/pipeline.py
[2025-03-14T10:57:53.252+0000] {processor.py:839} INFO - DAG(s) dict_keys(['yfinance_ingestion_dag']) retrieved from /opt/airflow/dags/pipeline.py
[2025-03-14T10:57:53.287+0000] {logging_mixin.py:151} INFO - [2025-03-14T10:57:53.286+0000] {dag.py:2915} INFO - Sync 1 DAGs
[2025-03-14T10:57:53.318+0000] {logging_mixin.py:151} INFO - [2025-03-14T10:57:53.318+0000] {dag.py:3696} INFO - Setting next_dagrun for yfinance_ingestion_dag to 2025-01-01T00:00:00+00:00, run_after=2025-01-02T00:00:00+00:00
[2025-03-14T10:57:53.512+0000] {processor.py:179} INFO - Processing /opt/airflow/dags/pipeline.py took 0.964 seconds
[2025-03-14T10:58:23.628+0000] {processor.py:157} INFO - Started process (PID=1397) to work on /opt/airflow/dags/pipeline.py
[2025-03-14T10:58:23.630+0000] {processor.py:829} INFO - Processing file /opt/airflow/dags/pipeline.py for tasks to queue
[2025-03-14T10:58:23.632+0000] {logging_mixin.py:151} INFO - [2025-03-14T10:58:23.631+0000] {dagbag.py:539} INFO - Filling up the DagBag from /opt/airflow/dags/pipeline.py
[2025-03-14T10:58:24.270+0000] {processor.py:839} INFO - DAG(s) dict_keys(['yfinance_ingestion_dag']) retrieved from /opt/airflow/dags/pipeline.py
[2025-03-14T10:58:24.313+0000] {logging_mixin.py:151} INFO - [2025-03-14T10:58:24.312+0000] {dag.py:2915} INFO - Sync 1 DAGs
[2025-03-14T10:58:24.347+0000] {logging_mixin.py:151} INFO - [2025-03-14T10:58:24.347+0000] {dag.py:3696} INFO - Setting next_dagrun for yfinance_ingestion_dag to 2025-01-01T00:00:00+00:00, run_after=2025-01-02T00:00:00+00:00
[2025-03-14T10:58:24.379+0000] {processor.py:179} INFO - Processing /opt/airflow/dags/pipeline.py took 0.758 seconds
[2025-03-14T10:58:55.447+0000] {processor.py:157} INFO - Started process (PID=1409) to work on /opt/airflow/dags/pipeline.py
[2025-03-14T10:58:55.449+0000] {processor.py:829} INFO - Processing file /opt/airflow/dags/pipeline.py for tasks to queue
[2025-03-14T10:58:55.450+0000] {logging_mixin.py:151} INFO - [2025-03-14T10:58:55.450+0000] {dagbag.py:539} INFO - Filling up the DagBag from /opt/airflow/dags/pipeline.py
[2025-03-14T10:58:56.162+0000] {processor.py:839} INFO - DAG(s) dict_keys(['yfinance_ingestion_dag']) retrieved from /opt/airflow/dags/pipeline.py
[2025-03-14T10:58:56.207+0000] {logging_mixin.py:151} INFO - [2025-03-14T10:58:56.206+0000] {dag.py:2915} INFO - Sync 1 DAGs
[2025-03-14T10:58:56.245+0000] {logging_mixin.py:151} INFO - [2025-03-14T10:58:56.244+0000] {dag.py:3696} INFO - Setting next_dagrun for yfinance_ingestion_dag to 2025-01-01T00:00:00+00:00, run_after=2025-01-02T00:00:00+00:00
[2025-03-14T10:58:56.281+0000] {processor.py:179} INFO - Processing /opt/airflow/dags/pipeline.py took 0.841 seconds
[2025-03-14T10:59:27.338+0000] {processor.py:157} INFO - Started process (PID=1421) to work on /opt/airflow/dags/pipeline.py
[2025-03-14T10:59:27.340+0000] {processor.py:829} INFO - Processing file /opt/airflow/dags/pipeline.py for tasks to queue
[2025-03-14T10:59:27.341+0000] {logging_mixin.py:151} INFO - [2025-03-14T10:59:27.341+0000] {dagbag.py:539} INFO - Filling up the DagBag from /opt/airflow/dags/pipeline.py
[2025-03-14T10:59:27.955+0000] {processor.py:839} INFO - DAG(s) dict_keys(['yfinance_ingestion_dag']) retrieved from /opt/airflow/dags/pipeline.py
[2025-03-14T10:59:27.996+0000] {logging_mixin.py:151} INFO - [2025-03-14T10:59:27.995+0000] {dag.py:2915} INFO - Sync 1 DAGs
[2025-03-14T10:59:28.032+0000] {logging_mixin.py:151} INFO - [2025-03-14T10:59:28.032+0000] {dag.py:3696} INFO - Setting next_dagrun for yfinance_ingestion_dag to 2025-01-01T00:00:00+00:00, run_after=2025-01-02T00:00:00+00:00
[2025-03-14T10:59:28.077+0000] {processor.py:179} INFO - Processing /opt/airflow/dags/pipeline.py took 0.742 seconds
[2025-03-14T10:59:58.181+0000] {processor.py:157} INFO - Started process (PID=1433) to work on /opt/airflow/dags/pipeline.py
[2025-03-14T10:59:58.182+0000] {processor.py:829} INFO - Processing file /opt/airflow/dags/pipeline.py for tasks to queue
[2025-03-14T10:59:58.183+0000] {logging_mixin.py:151} INFO - [2025-03-14T10:59:58.183+0000] {dagbag.py:539} INFO - Filling up the DagBag from /opt/airflow/dags/pipeline.py
[2025-03-14T10:59:58.694+0000] {processor.py:839} INFO - DAG(s) dict_keys(['yfinance_ingestion_dag']) retrieved from /opt/airflow/dags/pipeline.py
[2025-03-14T10:59:58.725+0000] {logging_mixin.py:151} INFO - [2025-03-14T10:59:58.725+0000] {dag.py:2915} INFO - Sync 1 DAGs
[2025-03-14T10:59:58.953+0000] {logging_mixin.py:151} INFO - [2025-03-14T10:59:58.953+0000] {dag.py:3696} INFO - Setting next_dagrun for yfinance_ingestion_dag to 2025-01-01T00:00:00+00:00, run_after=2025-01-02T00:00:00+00:00
[2025-03-14T10:59:58.979+0000] {processor.py:179} INFO - Processing /opt/airflow/dags/pipeline.py took 0.803 seconds
[2025-03-14T11:00:29.256+0000] {processor.py:157} INFO - Started process (PID=1445) to work on /opt/airflow/dags/pipeline.py
[2025-03-14T11:00:29.258+0000] {processor.py:829} INFO - Processing file /opt/airflow/dags/pipeline.py for tasks to queue
[2025-03-14T11:00:29.260+0000] {logging_mixin.py:151} INFO - [2025-03-14T11:00:29.259+0000] {dagbag.py:539} INFO - Filling up the DagBag from /opt/airflow/dags/pipeline.py
[2025-03-14T11:00:30.359+0000] {processor.py:839} INFO - DAG(s) dict_keys(['yfinance_ingestion_dag']) retrieved from /opt/airflow/dags/pipeline.py
[2025-03-14T11:00:30.428+0000] {logging_mixin.py:151} INFO - [2025-03-14T11:00:30.426+0000] {dag.py:2915} INFO - Sync 1 DAGs
[2025-03-14T11:00:30.504+0000] {logging_mixin.py:151} INFO - [2025-03-14T11:00:30.504+0000] {dag.py:3696} INFO - Setting next_dagrun for yfinance_ingestion_dag to 2025-01-01T00:00:00+00:00, run_after=2025-01-02T00:00:00+00:00
[2025-03-14T11:00:30.569+0000] {processor.py:179} INFO - Processing /opt/airflow/dags/pipeline.py took 1.319 seconds
[2025-03-14T11:01:01.594+0000] {processor.py:157} INFO - Started process (PID=1457) to work on /opt/airflow/dags/pipeline.py
[2025-03-14T11:01:01.596+0000] {processor.py:829} INFO - Processing file /opt/airflow/dags/pipeline.py for tasks to queue
[2025-03-14T11:01:01.598+0000] {logging_mixin.py:151} INFO - [2025-03-14T11:01:01.597+0000] {dagbag.py:539} INFO - Filling up the DagBag from /opt/airflow/dags/pipeline.py
[2025-03-14T11:01:02.180+0000] {processor.py:839} INFO - DAG(s) dict_keys(['yfinance_ingestion_dag']) retrieved from /opt/airflow/dags/pipeline.py
[2025-03-14T11:01:02.212+0000] {logging_mixin.py:151} INFO - [2025-03-14T11:01:02.211+0000] {dag.py:2915} INFO - Sync 1 DAGs
[2025-03-14T11:01:02.239+0000] {logging_mixin.py:151} INFO - [2025-03-14T11:01:02.239+0000] {dag.py:3696} INFO - Setting next_dagrun for yfinance_ingestion_dag to 2025-01-01T00:00:00+00:00, run_after=2025-01-02T00:00:00+00:00
[2025-03-14T11:01:02.266+0000] {processor.py:179} INFO - Processing /opt/airflow/dags/pipeline.py took 0.679 seconds
[2025-03-14T11:01:32.482+0000] {processor.py:157} INFO - Started process (PID=1469) to work on /opt/airflow/dags/pipeline.py
[2025-03-14T11:01:32.484+0000] {processor.py:829} INFO - Processing file /opt/airflow/dags/pipeline.py for tasks to queue
[2025-03-14T11:01:32.486+0000] {logging_mixin.py:151} INFO - [2025-03-14T11:01:32.486+0000] {dagbag.py:539} INFO - Filling up the DagBag from /opt/airflow/dags/pipeline.py
[2025-03-14T11:01:33.256+0000] {processor.py:839} INFO - DAG(s) dict_keys(['yfinance_ingestion_dag']) retrieved from /opt/airflow/dags/pipeline.py
[2025-03-14T11:01:33.311+0000] {logging_mixin.py:151} INFO - [2025-03-14T11:01:33.310+0000] {dag.py:2915} INFO - Sync 1 DAGs
[2025-03-14T11:01:33.353+0000] {logging_mixin.py:151} INFO - [2025-03-14T11:01:33.353+0000] {dag.py:3696} INFO - Setting next_dagrun for yfinance_ingestion_dag to 2025-01-01T00:00:00+00:00, run_after=2025-01-02T00:00:00+00:00
[2025-03-14T11:01:33.387+0000] {processor.py:179} INFO - Processing /opt/airflow/dags/pipeline.py took 0.910 seconds
[2025-03-14T11:02:04.431+0000] {processor.py:157} INFO - Started process (PID=1481) to work on /opt/airflow/dags/pipeline.py
[2025-03-14T11:02:04.432+0000] {processor.py:829} INFO - Processing file /opt/airflow/dags/pipeline.py for tasks to queue
[2025-03-14T11:02:04.433+0000] {logging_mixin.py:151} INFO - [2025-03-14T11:02:04.433+0000] {dagbag.py:539} INFO - Filling up the DagBag from /opt/airflow/dags/pipeline.py
[2025-03-14T11:02:05.037+0000] {processor.py:839} INFO - DAG(s) dict_keys(['yfinance_ingestion_dag']) retrieved from /opt/airflow/dags/pipeline.py
[2025-03-14T11:02:05.076+0000] {logging_mixin.py:151} INFO - [2025-03-14T11:02:05.076+0000] {dag.py:2915} INFO - Sync 1 DAGs
[2025-03-14T11:02:05.305+0000] {logging_mixin.py:151} INFO - [2025-03-14T11:02:05.304+0000] {dag.py:3696} INFO - Setting next_dagrun for yfinance_ingestion_dag to 2025-01-01T00:00:00+00:00, run_after=2025-01-02T00:00:00+00:00
[2025-03-14T11:02:05.335+0000] {processor.py:179} INFO - Processing /opt/airflow/dags/pipeline.py took 0.908 seconds
[2025-03-14T11:02:35.996+0000] {processor.py:157} INFO - Started process (PID=1493) to work on /opt/airflow/dags/pipeline.py
[2025-03-14T11:02:35.998+0000] {processor.py:829} INFO - Processing file /opt/airflow/dags/pipeline.py for tasks to queue
[2025-03-14T11:02:36.000+0000] {logging_mixin.py:151} INFO - [2025-03-14T11:02:35.999+0000] {dagbag.py:539} INFO - Filling up the DagBag from /opt/airflow/dags/pipeline.py
[2025-03-14T11:02:36.761+0000] {processor.py:839} INFO - DAG(s) dict_keys(['yfinance_ingestion_dag']) retrieved from /opt/airflow/dags/pipeline.py
[2025-03-14T11:02:36.810+0000] {logging_mixin.py:151} INFO - [2025-03-14T11:02:36.809+0000] {dag.py:2915} INFO - Sync 1 DAGs
[2025-03-14T11:02:36.848+0000] {logging_mixin.py:151} INFO - [2025-03-14T11:02:36.848+0000] {dag.py:3696} INFO - Setting next_dagrun for yfinance_ingestion_dag to 2025-01-01T00:00:00+00:00, run_after=2025-01-02T00:00:00+00:00
[2025-03-14T11:02:36.878+0000] {processor.py:179} INFO - Processing /opt/airflow/dags/pipeline.py took 0.889 seconds
[2025-03-14T11:03:07.052+0000] {processor.py:157} INFO - Started process (PID=1505) to work on /opt/airflow/dags/pipeline.py
[2025-03-14T11:03:07.054+0000] {processor.py:829} INFO - Processing file /opt/airflow/dags/pipeline.py for tasks to queue
[2025-03-14T11:03:07.056+0000] {logging_mixin.py:151} INFO - [2025-03-14T11:03:07.055+0000] {dagbag.py:539} INFO - Filling up the DagBag from /opt/airflow/dags/pipeline.py
[2025-03-14T11:03:07.949+0000] {processor.py:839} INFO - DAG(s) dict_keys(['yfinance_ingestion_dag']) retrieved from /opt/airflow/dags/pipeline.py
[2025-03-14T11:03:07.986+0000] {logging_mixin.py:151} INFO - [2025-03-14T11:03:07.986+0000] {dag.py:2915} INFO - Sync 1 DAGs
[2025-03-14T11:03:08.017+0000] {logging_mixin.py:151} INFO - [2025-03-14T11:03:08.017+0000] {dag.py:3696} INFO - Setting next_dagrun for yfinance_ingestion_dag to 2025-01-01T00:00:00+00:00, run_after=2025-01-02T00:00:00+00:00
[2025-03-14T11:03:08.046+0000] {processor.py:179} INFO - Processing /opt/airflow/dags/pipeline.py took 1.004 seconds
[2025-03-14T11:03:38.148+0000] {processor.py:157} INFO - Started process (PID=1517) to work on /opt/airflow/dags/pipeline.py
[2025-03-14T11:03:38.150+0000] {processor.py:829} INFO - Processing file /opt/airflow/dags/pipeline.py for tasks to queue
[2025-03-14T11:03:38.152+0000] {logging_mixin.py:151} INFO - [2025-03-14T11:03:38.152+0000] {dagbag.py:539} INFO - Filling up the DagBag from /opt/airflow/dags/pipeline.py
[2025-03-14T11:03:38.785+0000] {processor.py:839} INFO - DAG(s) dict_keys(['yfinance_ingestion_dag']) retrieved from /opt/airflow/dags/pipeline.py
[2025-03-14T11:03:38.820+0000] {logging_mixin.py:151} INFO - [2025-03-14T11:03:38.819+0000] {dag.py:2915} INFO - Sync 1 DAGs
[2025-03-14T11:03:38.850+0000] {logging_mixin.py:151} INFO - [2025-03-14T11:03:38.849+0000] {dag.py:3696} INFO - Setting next_dagrun for yfinance_ingestion_dag to 2025-01-01T00:00:00+00:00, run_after=2025-01-02T00:00:00+00:00
[2025-03-14T11:03:38.882+0000] {processor.py:179} INFO - Processing /opt/airflow/dags/pipeline.py took 0.739 seconds
[2025-03-14T11:04:09.130+0000] {processor.py:157} INFO - Started process (PID=1529) to work on /opt/airflow/dags/pipeline.py
[2025-03-14T11:04:09.133+0000] {processor.py:829} INFO - Processing file /opt/airflow/dags/pipeline.py for tasks to queue
[2025-03-14T11:04:09.134+0000] {logging_mixin.py:151} INFO - [2025-03-14T11:04:09.134+0000] {dagbag.py:539} INFO - Filling up the DagBag from /opt/airflow/dags/pipeline.py
[2025-03-14T11:04:09.773+0000] {processor.py:839} INFO - DAG(s) dict_keys(['yfinance_ingestion_dag']) retrieved from /opt/airflow/dags/pipeline.py
[2025-03-14T11:04:09.816+0000] {logging_mixin.py:151} INFO - [2025-03-14T11:04:09.815+0000] {dag.py:2915} INFO - Sync 1 DAGs
[2025-03-14T11:04:10.035+0000] {logging_mixin.py:151} INFO - [2025-03-14T11:04:10.035+0000] {dag.py:3696} INFO - Setting next_dagrun for yfinance_ingestion_dag to 2025-01-01T00:00:00+00:00, run_after=2025-01-02T00:00:00+00:00
[2025-03-14T11:04:10.065+0000] {processor.py:179} INFO - Processing /opt/airflow/dags/pipeline.py took 0.940 seconds
[2025-03-14T11:04:41.034+0000] {processor.py:157} INFO - Started process (PID=1541) to work on /opt/airflow/dags/pipeline.py
[2025-03-14T11:04:41.037+0000] {processor.py:829} INFO - Processing file /opt/airflow/dags/pipeline.py for tasks to queue
[2025-03-14T11:04:41.039+0000] {logging_mixin.py:151} INFO - [2025-03-14T11:04:41.038+0000] {dagbag.py:539} INFO - Filling up the DagBag from /opt/airflow/dags/pipeline.py
[2025-03-14T11:04:41.827+0000] {processor.py:839} INFO - DAG(s) dict_keys(['yfinance_ingestion_dag']) retrieved from /opt/airflow/dags/pipeline.py
[2025-03-14T11:04:41.868+0000] {logging_mixin.py:151} INFO - [2025-03-14T11:04:41.868+0000] {dag.py:2915} INFO - Sync 1 DAGs
[2025-03-14T11:04:41.900+0000] {logging_mixin.py:151} INFO - [2025-03-14T11:04:41.900+0000] {dag.py:3696} INFO - Setting next_dagrun for yfinance_ingestion_dag to 2025-01-01T00:00:00+00:00, run_after=2025-01-02T00:00:00+00:00
[2025-03-14T11:04:41.931+0000] {processor.py:179} INFO - Processing /opt/airflow/dags/pipeline.py took 0.904 seconds
[2025-03-14T11:05:12.896+0000] {processor.py:157} INFO - Started process (PID=1553) to work on /opt/airflow/dags/pipeline.py
[2025-03-14T11:05:12.898+0000] {processor.py:829} INFO - Processing file /opt/airflow/dags/pipeline.py for tasks to queue
[2025-03-14T11:05:12.900+0000] {logging_mixin.py:151} INFO - [2025-03-14T11:05:12.899+0000] {dagbag.py:539} INFO - Filling up the DagBag from /opt/airflow/dags/pipeline.py
[2025-03-14T11:05:13.575+0000] {processor.py:839} INFO - DAG(s) dict_keys(['yfinance_ingestion_dag']) retrieved from /opt/airflow/dags/pipeline.py
[2025-03-14T11:05:13.615+0000] {logging_mixin.py:151} INFO - [2025-03-14T11:05:13.615+0000] {dag.py:2915} INFO - Sync 1 DAGs
[2025-03-14T11:05:13.644+0000] {logging_mixin.py:151} INFO - [2025-03-14T11:05:13.644+0000] {dag.py:3696} INFO - Setting next_dagrun for yfinance_ingestion_dag to 2025-01-01T00:00:00+00:00, run_after=2025-01-02T00:00:00+00:00
[2025-03-14T11:05:13.678+0000] {processor.py:179} INFO - Processing /opt/airflow/dags/pipeline.py took 0.786 seconds
[2025-03-14T11:05:44.738+0000] {processor.py:157} INFO - Started process (PID=1565) to work on /opt/airflow/dags/pipeline.py
[2025-03-14T11:05:44.740+0000] {processor.py:829} INFO - Processing file /opt/airflow/dags/pipeline.py for tasks to queue
[2025-03-14T11:05:44.742+0000] {logging_mixin.py:151} INFO - [2025-03-14T11:05:44.742+0000] {dagbag.py:539} INFO - Filling up the DagBag from /opt/airflow/dags/pipeline.py
[2025-03-14T11:05:45.369+0000] {processor.py:839} INFO - DAG(s) dict_keys(['yfinance_ingestion_dag']) retrieved from /opt/airflow/dags/pipeline.py
[2025-03-14T11:05:45.405+0000] {logging_mixin.py:151} INFO - [2025-03-14T11:05:45.404+0000] {dag.py:2915} INFO - Sync 1 DAGs
[2025-03-14T11:05:45.440+0000] {logging_mixin.py:151} INFO - [2025-03-14T11:05:45.440+0000] {dag.py:3696} INFO - Setting next_dagrun for yfinance_ingestion_dag to 2025-01-01T00:00:00+00:00, run_after=2025-01-02T00:00:00+00:00
[2025-03-14T11:05:45.475+0000] {processor.py:179} INFO - Processing /opt/airflow/dags/pipeline.py took 0.744 seconds
[2025-03-14T11:06:15.774+0000] {processor.py:157} INFO - Started process (PID=1577) to work on /opt/airflow/dags/pipeline.py
[2025-03-14T11:06:15.776+0000] {processor.py:829} INFO - Processing file /opt/airflow/dags/pipeline.py for tasks to queue
[2025-03-14T11:06:15.778+0000] {logging_mixin.py:151} INFO - [2025-03-14T11:06:15.777+0000] {dagbag.py:539} INFO - Filling up the DagBag from /opt/airflow/dags/pipeline.py
[2025-03-14T11:06:16.699+0000] {processor.py:839} INFO - DAG(s) dict_keys(['yfinance_ingestion_dag']) retrieved from /opt/airflow/dags/pipeline.py
[2025-03-14T11:06:16.735+0000] {logging_mixin.py:151} INFO - [2025-03-14T11:06:16.734+0000] {dag.py:2915} INFO - Sync 1 DAGs
[2025-03-14T11:06:16.981+0000] {logging_mixin.py:151} INFO - [2025-03-14T11:06:16.981+0000] {dag.py:3696} INFO - Setting next_dagrun for yfinance_ingestion_dag to 2025-01-01T00:00:00+00:00, run_after=2025-01-02T00:00:00+00:00
[2025-03-14T11:06:17.012+0000] {processor.py:179} INFO - Processing /opt/airflow/dags/pipeline.py took 1.243 seconds
[2025-03-14T11:06:48.018+0000] {processor.py:157} INFO - Started process (PID=1589) to work on /opt/airflow/dags/pipeline.py
[2025-03-14T11:06:48.019+0000] {processor.py:829} INFO - Processing file /opt/airflow/dags/pipeline.py for tasks to queue
[2025-03-14T11:06:48.020+0000] {logging_mixin.py:151} INFO - [2025-03-14T11:06:48.020+0000] {dagbag.py:539} INFO - Filling up the DagBag from /opt/airflow/dags/pipeline.py
[2025-03-14T11:06:48.616+0000] {processor.py:839} INFO - DAG(s) dict_keys(['yfinance_ingestion_dag']) retrieved from /opt/airflow/dags/pipeline.py
[2025-03-14T11:06:48.656+0000] {logging_mixin.py:151} INFO - [2025-03-14T11:06:48.655+0000] {dag.py:2915} INFO - Sync 1 DAGs
[2025-03-14T11:06:48.683+0000] {logging_mixin.py:151} INFO - [2025-03-14T11:06:48.683+0000] {dag.py:3696} INFO - Setting next_dagrun for yfinance_ingestion_dag to 2025-01-01T00:00:00+00:00, run_after=2025-01-02T00:00:00+00:00
[2025-03-14T11:06:48.716+0000] {processor.py:179} INFO - Processing /opt/airflow/dags/pipeline.py took 0.704 seconds
[2025-03-14T11:07:18.963+0000] {processor.py:157} INFO - Started process (PID=1601) to work on /opt/airflow/dags/pipeline.py
[2025-03-14T11:07:18.965+0000] {processor.py:829} INFO - Processing file /opt/airflow/dags/pipeline.py for tasks to queue
[2025-03-14T11:07:18.966+0000] {logging_mixin.py:151} INFO - [2025-03-14T11:07:18.966+0000] {dagbag.py:539} INFO - Filling up the DagBag from /opt/airflow/dags/pipeline.py
[2025-03-14T11:07:19.549+0000] {processor.py:839} INFO - DAG(s) dict_keys(['yfinance_ingestion_dag']) retrieved from /opt/airflow/dags/pipeline.py
[2025-03-14T11:07:19.590+0000] {logging_mixin.py:151} INFO - [2025-03-14T11:07:19.590+0000] {dag.py:2915} INFO - Sync 1 DAGs
[2025-03-14T11:07:19.622+0000] {logging_mixin.py:151} INFO - [2025-03-14T11:07:19.622+0000] {dag.py:3696} INFO - Setting next_dagrun for yfinance_ingestion_dag to 2025-01-01T00:00:00+00:00, run_after=2025-01-02T00:00:00+00:00
[2025-03-14T11:07:19.656+0000] {processor.py:179} INFO - Processing /opt/airflow/dags/pipeline.py took 0.698 seconds
[2025-03-14T11:07:50.276+0000] {processor.py:157} INFO - Started process (PID=1613) to work on /opt/airflow/dags/pipeline.py
[2025-03-14T11:07:50.278+0000] {processor.py:829} INFO - Processing file /opt/airflow/dags/pipeline.py for tasks to queue
[2025-03-14T11:07:50.280+0000] {logging_mixin.py:151} INFO - [2025-03-14T11:07:50.279+0000] {dagbag.py:539} INFO - Filling up the DagBag from /opt/airflow/dags/pipeline.py
[2025-03-14T11:07:50.846+0000] {processor.py:839} INFO - DAG(s) dict_keys(['yfinance_ingestion_dag']) retrieved from /opt/airflow/dags/pipeline.py
[2025-03-14T11:07:50.903+0000] {logging_mixin.py:151} INFO - [2025-03-14T11:07:50.902+0000] {dag.py:2915} INFO - Sync 1 DAGs
[2025-03-14T11:07:50.972+0000] {logging_mixin.py:151} INFO - [2025-03-14T11:07:50.971+0000] {dag.py:3696} INFO - Setting next_dagrun for yfinance_ingestion_dag to 2025-01-01T00:00:00+00:00, run_after=2025-01-02T00:00:00+00:00
[2025-03-14T11:07:51.037+0000] {processor.py:179} INFO - Processing /opt/airflow/dags/pipeline.py took 0.768 seconds
[2025-03-14T11:08:22.100+0000] {processor.py:157} INFO - Started process (PID=1625) to work on /opt/airflow/dags/pipeline.py
[2025-03-14T11:08:22.102+0000] {processor.py:829} INFO - Processing file /opt/airflow/dags/pipeline.py for tasks to queue
[2025-03-14T11:08:22.104+0000] {logging_mixin.py:151} INFO - [2025-03-14T11:08:22.103+0000] {dagbag.py:539} INFO - Filling up the DagBag from /opt/airflow/dags/pipeline.py
[2025-03-14T11:08:22.713+0000] {processor.py:839} INFO - DAG(s) dict_keys(['yfinance_ingestion_dag']) retrieved from /opt/airflow/dags/pipeline.py
[2025-03-14T11:08:22.747+0000] {logging_mixin.py:151} INFO - [2025-03-14T11:08:22.747+0000] {dag.py:2915} INFO - Sync 1 DAGs
[2025-03-14T11:08:23.091+0000] {logging_mixin.py:151} INFO - [2025-03-14T11:08:23.090+0000] {dag.py:3696} INFO - Setting next_dagrun for yfinance_ingestion_dag to 2025-01-01T00:00:00+00:00, run_after=2025-01-02T00:00:00+00:00
[2025-03-14T11:08:23.122+0000] {processor.py:179} INFO - Processing /opt/airflow/dags/pipeline.py took 1.026 seconds
[2025-03-14T11:08:54.182+0000] {processor.py:157} INFO - Started process (PID=1637) to work on /opt/airflow/dags/pipeline.py
[2025-03-14T11:08:54.184+0000] {processor.py:829} INFO - Processing file /opt/airflow/dags/pipeline.py for tasks to queue
[2025-03-14T11:08:54.186+0000] {logging_mixin.py:151} INFO - [2025-03-14T11:08:54.185+0000] {dagbag.py:539} INFO - Filling up the DagBag from /opt/airflow/dags/pipeline.py
[2025-03-14T11:08:54.772+0000] {processor.py:839} INFO - DAG(s) dict_keys(['yfinance_ingestion_dag']) retrieved from /opt/airflow/dags/pipeline.py
[2025-03-14T11:08:54.818+0000] {logging_mixin.py:151} INFO - [2025-03-14T11:08:54.817+0000] {dag.py:2915} INFO - Sync 1 DAGs
[2025-03-14T11:08:54.849+0000] {logging_mixin.py:151} INFO - [2025-03-14T11:08:54.849+0000] {dag.py:3696} INFO - Setting next_dagrun for yfinance_ingestion_dag to 2025-01-01T00:00:00+00:00, run_after=2025-01-02T00:00:00+00:00
[2025-03-14T11:08:54.881+0000] {processor.py:179} INFO - Processing /opt/airflow/dags/pipeline.py took 0.711 seconds
[2025-03-14T11:09:25.841+0000] {processor.py:157} INFO - Started process (PID=1649) to work on /opt/airflow/dags/pipeline.py
[2025-03-14T11:09:25.843+0000] {processor.py:829} INFO - Processing file /opt/airflow/dags/pipeline.py for tasks to queue
[2025-03-14T11:09:25.845+0000] {logging_mixin.py:151} INFO - [2025-03-14T11:09:25.845+0000] {dagbag.py:539} INFO - Filling up the DagBag from /opt/airflow/dags/pipeline.py
[2025-03-14T11:09:26.719+0000] {processor.py:839} INFO - DAG(s) dict_keys(['yfinance_ingestion_dag']) retrieved from /opt/airflow/dags/pipeline.py
[2025-03-14T11:09:26.762+0000] {logging_mixin.py:151} INFO - [2025-03-14T11:09:26.762+0000] {dag.py:2915} INFO - Sync 1 DAGs
[2025-03-14T11:09:26.809+0000] {logging_mixin.py:151} INFO - [2025-03-14T11:09:26.808+0000] {dag.py:3696} INFO - Setting next_dagrun for yfinance_ingestion_dag to 2025-01-01T00:00:00+00:00, run_after=2025-01-02T00:00:00+00:00
[2025-03-14T11:09:26.844+0000] {processor.py:179} INFO - Processing /opt/airflow/dags/pipeline.py took 1.007 seconds
[2025-03-14T11:09:57.857+0000] {processor.py:157} INFO - Started process (PID=1661) to work on /opt/airflow/dags/pipeline.py
[2025-03-14T11:09:57.859+0000] {processor.py:829} INFO - Processing file /opt/airflow/dags/pipeline.py for tasks to queue
[2025-03-14T11:09:57.861+0000] {logging_mixin.py:151} INFO - [2025-03-14T11:09:57.861+0000] {dagbag.py:539} INFO - Filling up the DagBag from /opt/airflow/dags/pipeline.py
[2025-03-14T11:09:58.473+0000] {processor.py:839} INFO - DAG(s) dict_keys(['yfinance_ingestion_dag']) retrieved from /opt/airflow/dags/pipeline.py
[2025-03-14T11:09:58.510+0000] {logging_mixin.py:151} INFO - [2025-03-14T11:09:58.508+0000] {dag.py:2915} INFO - Sync 1 DAGs
[2025-03-14T11:09:58.539+0000] {logging_mixin.py:151} INFO - [2025-03-14T11:09:58.539+0000] {dag.py:3696} INFO - Setting next_dagrun for yfinance_ingestion_dag to 2025-01-01T00:00:00+00:00, run_after=2025-01-02T00:00:00+00:00
[2025-03-14T11:09:58.569+0000] {processor.py:179} INFO - Processing /opt/airflow/dags/pipeline.py took 0.717 seconds
[2025-03-14T11:10:28.826+0000] {processor.py:157} INFO - Started process (PID=1673) to work on /opt/airflow/dags/pipeline.py
[2025-03-14T11:10:28.829+0000] {processor.py:829} INFO - Processing file /opt/airflow/dags/pipeline.py for tasks to queue
[2025-03-14T11:10:28.831+0000] {logging_mixin.py:151} INFO - [2025-03-14T11:10:28.830+0000] {dagbag.py:539} INFO - Filling up the DagBag from /opt/airflow/dags/pipeline.py
[2025-03-14T11:10:29.584+0000] {processor.py:839} INFO - DAG(s) dict_keys(['yfinance_ingestion_dag']) retrieved from /opt/airflow/dags/pipeline.py
[2025-03-14T11:10:29.645+0000] {logging_mixin.py:151} INFO - [2025-03-14T11:10:29.644+0000] {dag.py:2915} INFO - Sync 1 DAGs
[2025-03-14T11:10:29.887+0000] {logging_mixin.py:151} INFO - [2025-03-14T11:10:29.887+0000] {dag.py:3696} INFO - Setting next_dagrun for yfinance_ingestion_dag to 2025-01-01T00:00:00+00:00, run_after=2025-01-02T00:00:00+00:00
[2025-03-14T11:10:29.923+0000] {processor.py:179} INFO - Processing /opt/airflow/dags/pipeline.py took 1.106 seconds
[2025-03-14T11:11:00.092+0000] {processor.py:157} INFO - Started process (PID=1685) to work on /opt/airflow/dags/pipeline.py
[2025-03-14T11:11:00.094+0000] {processor.py:829} INFO - Processing file /opt/airflow/dags/pipeline.py for tasks to queue
[2025-03-14T11:11:00.096+0000] {logging_mixin.py:151} INFO - [2025-03-14T11:11:00.096+0000] {dagbag.py:539} INFO - Filling up the DagBag from /opt/airflow/dags/pipeline.py
[2025-03-14T11:11:00.745+0000] {processor.py:839} INFO - DAG(s) dict_keys(['yfinance_ingestion_dag']) retrieved from /opt/airflow/dags/pipeline.py
[2025-03-14T11:11:00.788+0000] {logging_mixin.py:151} INFO - [2025-03-14T11:11:00.788+0000] {dag.py:2915} INFO - Sync 1 DAGs
[2025-03-14T11:11:00.821+0000] {logging_mixin.py:151} INFO - [2025-03-14T11:11:00.821+0000] {dag.py:3696} INFO - Setting next_dagrun for yfinance_ingestion_dag to 2025-01-01T00:00:00+00:00, run_after=2025-01-02T00:00:00+00:00
[2025-03-14T11:11:00.852+0000] {processor.py:179} INFO - Processing /opt/airflow/dags/pipeline.py took 0.767 seconds
[2025-03-14T11:11:23.759+0000] {processor.py:157} INFO - Started process (PID=1694) to work on /opt/airflow/dags/pipeline.py
[2025-03-14T11:11:23.761+0000] {processor.py:829} INFO - Processing file /opt/airflow/dags/pipeline.py for tasks to queue
[2025-03-14T11:11:23.763+0000] {logging_mixin.py:151} INFO - [2025-03-14T11:11:23.762+0000] {dagbag.py:539} INFO - Filling up the DagBag from /opt/airflow/dags/pipeline.py
[2025-03-14T11:11:24.857+0000] {logging_mixin.py:151} INFO - [2025-03-14T11:11:24.845+0000] {dagbag.py:347} ERROR - Failed to import: /opt/airflow/dags/pipeline.py
Traceback (most recent call last):
  File "/home/airflow/.local/lib/python3.8/site-packages/airflow/models/dagbag.py", line 343, in parse
    loader.exec_module(new_module)
  File "<frozen importlib._bootstrap_external>", line 843, in exec_module
  File "<frozen importlib._bootstrap>", line 219, in _call_with_frames_removed
  File "/opt/airflow/dags/pipeline.py", line 9, in <module>
    from hdfs import InsecureClient
ModuleNotFoundError: No module named 'hdfs'
[2025-03-14T11:11:24.859+0000] {processor.py:841} WARNING - No viable dags retrieved from /opt/airflow/dags/pipeline.py
[2025-03-14T11:11:24.907+0000] {processor.py:179} INFO - Processing /opt/airflow/dags/pipeline.py took 1.154 seconds
[2025-03-14T11:11:55.538+0000] {processor.py:157} INFO - Started process (PID=1706) to work on /opt/airflow/dags/pipeline.py
[2025-03-14T11:11:55.542+0000] {processor.py:829} INFO - Processing file /opt/airflow/dags/pipeline.py for tasks to queue
[2025-03-14T11:11:55.544+0000] {logging_mixin.py:151} INFO - [2025-03-14T11:11:55.543+0000] {dagbag.py:539} INFO - Filling up the DagBag from /opt/airflow/dags/pipeline.py
[2025-03-14T11:11:56.085+0000] {logging_mixin.py:151} INFO - [2025-03-14T11:11:56.077+0000] {dagbag.py:347} ERROR - Failed to import: /opt/airflow/dags/pipeline.py
Traceback (most recent call last):
  File "/home/airflow/.local/lib/python3.8/site-packages/airflow/models/dagbag.py", line 343, in parse
    loader.exec_module(new_module)
  File "<frozen importlib._bootstrap_external>", line 843, in exec_module
  File "<frozen importlib._bootstrap>", line 219, in _call_with_frames_removed
  File "/opt/airflow/dags/pipeline.py", line 9, in <module>
    from hdfs import InsecureClient
ModuleNotFoundError: No module named 'hdfs'
[2025-03-14T11:11:56.088+0000] {processor.py:841} WARNING - No viable dags retrieved from /opt/airflow/dags/pipeline.py
[2025-03-14T11:11:56.120+0000] {processor.py:179} INFO - Processing /opt/airflow/dags/pipeline.py took 0.589 seconds
[2025-03-14T11:12:07.823+0000] {processor.py:157} INFO - Started process (PID=1718) to work on /opt/airflow/dags/pipeline.py
[2025-03-14T11:12:07.825+0000] {processor.py:829} INFO - Processing file /opt/airflow/dags/pipeline.py for tasks to queue
[2025-03-14T11:12:07.827+0000] {logging_mixin.py:151} INFO - [2025-03-14T11:12:07.826+0000] {dagbag.py:539} INFO - Filling up the DagBag from /opt/airflow/dags/pipeline.py
[2025-03-14T11:12:08.606+0000] {logging_mixin.py:151} INFO - [2025-03-14T11:12:08.597+0000] {dagbag.py:347} ERROR - Failed to import: /opt/airflow/dags/pipeline.py
Traceback (most recent call last):
  File "/home/airflow/.local/lib/python3.8/site-packages/airflow/models/dagbag.py", line 343, in parse
    loader.exec_module(new_module)
  File "<frozen importlib._bootstrap_external>", line 843, in exec_module
  File "<frozen importlib._bootstrap>", line 219, in _call_with_frames_removed
  File "/opt/airflow/dags/pipeline.py", line 9, in <module>
    from hdfs import InsecureClient
ModuleNotFoundError: No module named 'hdfs'
[2025-03-14T11:12:08.609+0000] {processor.py:841} WARNING - No viable dags retrieved from /opt/airflow/dags/pipeline.py
[2025-03-14T11:12:08.639+0000] {processor.py:179} INFO - Processing /opt/airflow/dags/pipeline.py took 0.820 seconds
[2025-03-14T11:12:38.749+0000] {processor.py:157} INFO - Started process (PID=1730) to work on /opt/airflow/dags/pipeline.py
[2025-03-14T11:12:38.751+0000] {processor.py:829} INFO - Processing file /opt/airflow/dags/pipeline.py for tasks to queue
[2025-03-14T11:12:38.753+0000] {logging_mixin.py:151} INFO - [2025-03-14T11:12:38.752+0000] {dagbag.py:539} INFO - Filling up the DagBag from /opt/airflow/dags/pipeline.py
[2025-03-14T11:12:39.323+0000] {logging_mixin.py:151} INFO - [2025-03-14T11:12:39.310+0000] {dagbag.py:347} ERROR - Failed to import: /opt/airflow/dags/pipeline.py
Traceback (most recent call last):
  File "/home/airflow/.local/lib/python3.8/site-packages/airflow/models/dagbag.py", line 343, in parse
    loader.exec_module(new_module)
  File "<frozen importlib._bootstrap_external>", line 843, in exec_module
  File "<frozen importlib._bootstrap>", line 219, in _call_with_frames_removed
  File "/opt/airflow/dags/pipeline.py", line 9, in <module>
    from hdfs import InsecureClient
ModuleNotFoundError: No module named 'hdfs'
[2025-03-14T11:12:39.327+0000] {processor.py:841} WARNING - No viable dags retrieved from /opt/airflow/dags/pipeline.py
[2025-03-14T11:12:39.372+0000] {processor.py:179} INFO - Processing /opt/airflow/dags/pipeline.py took 0.631 seconds
[2025-03-14T11:13:09.687+0000] {processor.py:157} INFO - Started process (PID=1742) to work on /opt/airflow/dags/pipeline.py
[2025-03-14T11:13:09.689+0000] {processor.py:829} INFO - Processing file /opt/airflow/dags/pipeline.py for tasks to queue
[2025-03-14T11:13:09.692+0000] {logging_mixin.py:151} INFO - [2025-03-14T11:13:09.691+0000] {dagbag.py:539} INFO - Filling up the DagBag from /opt/airflow/dags/pipeline.py
[2025-03-14T11:13:10.367+0000] {logging_mixin.py:151} INFO - [2025-03-14T11:13:10.361+0000] {dagbag.py:347} ERROR - Failed to import: /opt/airflow/dags/pipeline.py
Traceback (most recent call last):
  File "/home/airflow/.local/lib/python3.8/site-packages/airflow/models/dagbag.py", line 343, in parse
    loader.exec_module(new_module)
  File "<frozen importlib._bootstrap_external>", line 843, in exec_module
  File "<frozen importlib._bootstrap>", line 219, in _call_with_frames_removed
  File "/opt/airflow/dags/pipeline.py", line 9, in <module>
    from hdfs import InsecureClient
ModuleNotFoundError: No module named 'hdfs'
[2025-03-14T11:13:10.368+0000] {processor.py:841} WARNING - No viable dags retrieved from /opt/airflow/dags/pipeline.py
[2025-03-14T11:13:10.427+0000] {processor.py:179} INFO - Processing /opt/airflow/dags/pipeline.py took 0.744 seconds
[2025-03-14T11:13:40.821+0000] {processor.py:157} INFO - Started process (PID=1754) to work on /opt/airflow/dags/pipeline.py
[2025-03-14T11:13:40.825+0000] {processor.py:829} INFO - Processing file /opt/airflow/dags/pipeline.py for tasks to queue
[2025-03-14T11:13:40.828+0000] {logging_mixin.py:151} INFO - [2025-03-14T11:13:40.827+0000] {dagbag.py:539} INFO - Filling up the DagBag from /opt/airflow/dags/pipeline.py
[2025-03-14T11:13:44.087+0000] {logging_mixin.py:151} INFO - [2025-03-14T11:13:44.033+0000] {dagbag.py:347} ERROR - Failed to import: /opt/airflow/dags/pipeline.py
Traceback (most recent call last):
  File "/home/airflow/.local/lib/python3.8/site-packages/airflow/models/dagbag.py", line 343, in parse
    loader.exec_module(new_module)
  File "<frozen importlib._bootstrap_external>", line 843, in exec_module
  File "<frozen importlib._bootstrap>", line 219, in _call_with_frames_removed
  File "/opt/airflow/dags/pipeline.py", line 9, in <module>
    from hdfs import InsecureClient
ModuleNotFoundError: No module named 'hdfs'
[2025-03-14T11:13:44.092+0000] {processor.py:841} WARNING - No viable dags retrieved from /opt/airflow/dags/pipeline.py
[2025-03-14T11:13:44.268+0000] {processor.py:179} INFO - Processing /opt/airflow/dags/pipeline.py took 3.464 seconds
[2025-03-14T11:14:43.629+0000] {processor.py:157} INFO - Started process (PID=166) to work on /opt/airflow/dags/pipeline.py
[2025-03-14T11:14:43.632+0000] {processor.py:829} INFO - Processing file /opt/airflow/dags/pipeline.py for tasks to queue
[2025-03-14T11:14:43.635+0000] {logging_mixin.py:151} INFO - [2025-03-14T11:14:43.634+0000] {dagbag.py:539} INFO - Filling up the DagBag from /opt/airflow/dags/pipeline.py
[2025-03-14T11:14:47.319+0000] {processor.py:839} INFO - DAG(s) dict_keys(['yfinance_ingestion_dag']) retrieved from /opt/airflow/dags/pipeline.py
[2025-03-14T11:14:47.950+0000] {logging_mixin.py:151} INFO - [2025-03-14T11:14:47.936+0000] {security.py:708} INFO - Not syncing DAG-level permissions for DAG 'DAG:yfinance_ingestion_dag' as access control is unset.
[2025-03-14T11:14:47.955+0000] {logging_mixin.py:151} INFO - [2025-03-14T11:14:47.954+0000] {dag.py:2915} INFO - Sync 1 DAGs
[2025-03-14T11:14:48.087+0000] {logging_mixin.py:151} INFO - [2025-03-14T11:14:48.084+0000] {dag.py:3696} INFO - Setting next_dagrun for yfinance_ingestion_dag to 2025-01-01T00:00:00+00:00, run_after=2025-01-02T00:00:00+00:00
[2025-03-14T11:14:48.187+0000] {processor.py:179} INFO - Processing /opt/airflow/dags/pipeline.py took 4.585 seconds
[2025-03-14T11:15:18.392+0000] {processor.py:157} INFO - Started process (PID=182) to work on /opt/airflow/dags/pipeline.py
[2025-03-14T11:15:18.397+0000] {processor.py:829} INFO - Processing file /opt/airflow/dags/pipeline.py for tasks to queue
[2025-03-14T11:15:18.409+0000] {logging_mixin.py:151} INFO - [2025-03-14T11:15:18.403+0000] {dagbag.py:539} INFO - Filling up the DagBag from /opt/airflow/dags/pipeline.py
[2025-03-14T11:15:20.474+0000] {processor.py:839} INFO - DAG(s) dict_keys(['yfinance_ingestion_dag']) retrieved from /opt/airflow/dags/pipeline.py
[2025-03-14T11:15:20.543+0000] {logging_mixin.py:151} INFO - [2025-03-14T11:15:20.543+0000] {dag.py:2915} INFO - Sync 1 DAGs
[2025-03-14T11:15:20.599+0000] {logging_mixin.py:151} INFO - [2025-03-14T11:15:20.599+0000] {dag.py:3696} INFO - Setting next_dagrun for yfinance_ingestion_dag to 2025-01-01T00:00:00+00:00, run_after=2025-01-02T00:00:00+00:00
[2025-03-14T11:15:20.664+0000] {processor.py:179} INFO - Processing /opt/airflow/dags/pipeline.py took 2.291 seconds
[2025-03-14T11:15:50.784+0000] {processor.py:157} INFO - Started process (PID=194) to work on /opt/airflow/dags/pipeline.py
[2025-03-14T11:15:50.790+0000] {processor.py:829} INFO - Processing file /opt/airflow/dags/pipeline.py for tasks to queue
[2025-03-14T11:15:50.795+0000] {logging_mixin.py:151} INFO - [2025-03-14T11:15:50.794+0000] {dagbag.py:539} INFO - Filling up the DagBag from /opt/airflow/dags/pipeline.py
[2025-03-14T11:15:52.275+0000] {processor.py:839} INFO - DAG(s) dict_keys(['yfinance_ingestion_dag']) retrieved from /opt/airflow/dags/pipeline.py
[2025-03-14T11:15:52.338+0000] {logging_mixin.py:151} INFO - [2025-03-14T11:15:52.337+0000] {dag.py:2915} INFO - Sync 1 DAGs
[2025-03-14T11:15:52.403+0000] {logging_mixin.py:151} INFO - [2025-03-14T11:15:52.398+0000] {dag.py:3696} INFO - Setting next_dagrun for yfinance_ingestion_dag to 2025-01-01T00:00:00+00:00, run_after=2025-01-02T00:00:00+00:00
[2025-03-14T11:15:52.444+0000] {processor.py:179} INFO - Processing /opt/airflow/dags/pipeline.py took 1.665 seconds
[2025-03-14T11:16:23.091+0000] {processor.py:157} INFO - Started process (PID=203) to work on /opt/airflow/dags/pipeline.py
[2025-03-14T11:16:23.094+0000] {processor.py:829} INFO - Processing file /opt/airflow/dags/pipeline.py for tasks to queue
[2025-03-14T11:16:23.096+0000] {logging_mixin.py:151} INFO - [2025-03-14T11:16:23.095+0000] {dagbag.py:539} INFO - Filling up the DagBag from /opt/airflow/dags/pipeline.py
[2025-03-14T11:16:24.366+0000] {processor.py:839} INFO - DAG(s) dict_keys(['yfinance_ingestion_dag']) retrieved from /opt/airflow/dags/pipeline.py
[2025-03-14T11:16:24.421+0000] {logging_mixin.py:151} INFO - [2025-03-14T11:16:24.420+0000] {dag.py:2915} INFO - Sync 1 DAGs
[2025-03-14T11:16:24.460+0000] {logging_mixin.py:151} INFO - [2025-03-14T11:16:24.460+0000] {dag.py:3696} INFO - Setting next_dagrun for yfinance_ingestion_dag to 2025-01-01T00:00:00+00:00, run_after=2025-01-02T00:00:00+00:00
[2025-03-14T11:16:24.509+0000] {processor.py:179} INFO - Processing /opt/airflow/dags/pipeline.py took 1.432 seconds
[2025-03-14T11:16:54.786+0000] {processor.py:157} INFO - Started process (PID=215) to work on /opt/airflow/dags/pipeline.py
[2025-03-14T11:16:54.788+0000] {processor.py:829} INFO - Processing file /opt/airflow/dags/pipeline.py for tasks to queue
[2025-03-14T11:16:54.790+0000] {logging_mixin.py:151} INFO - [2025-03-14T11:16:54.790+0000] {dagbag.py:539} INFO - Filling up the DagBag from /opt/airflow/dags/pipeline.py
[2025-03-14T11:16:55.524+0000] {processor.py:839} INFO - DAG(s) dict_keys(['yfinance_ingestion_dag']) retrieved from /opt/airflow/dags/pipeline.py
[2025-03-14T11:16:55.569+0000] {logging_mixin.py:151} INFO - [2025-03-14T11:16:55.569+0000] {dag.py:2915} INFO - Sync 1 DAGs
[2025-03-14T11:16:55.607+0000] {logging_mixin.py:151} INFO - [2025-03-14T11:16:55.606+0000] {dag.py:3696} INFO - Setting next_dagrun for yfinance_ingestion_dag to 2025-01-01T00:00:00+00:00, run_after=2025-01-02T00:00:00+00:00
[2025-03-14T11:16:55.632+0000] {processor.py:179} INFO - Processing /opt/airflow/dags/pipeline.py took 0.854 seconds
[2025-03-14T11:17:25.737+0000] {processor.py:157} INFO - Started process (PID=227) to work on /opt/airflow/dags/pipeline.py
[2025-03-14T11:17:25.739+0000] {processor.py:829} INFO - Processing file /opt/airflow/dags/pipeline.py for tasks to queue
[2025-03-14T11:17:25.741+0000] {logging_mixin.py:151} INFO - [2025-03-14T11:17:25.740+0000] {dagbag.py:539} INFO - Filling up the DagBag from /opt/airflow/dags/pipeline.py
[2025-03-14T11:17:26.904+0000] {processor.py:839} INFO - DAG(s) dict_keys(['yfinance_ingestion_dag']) retrieved from /opt/airflow/dags/pipeline.py
[2025-03-14T11:17:26.975+0000] {logging_mixin.py:151} INFO - [2025-03-14T11:17:26.974+0000] {dag.py:2915} INFO - Sync 1 DAGs
[2025-03-14T11:17:27.027+0000] {logging_mixin.py:151} INFO - [2025-03-14T11:17:27.026+0000] {dag.py:3696} INFO - Setting next_dagrun for yfinance_ingestion_dag to 2025-01-01T00:00:00+00:00, run_after=2025-01-02T00:00:00+00:00
[2025-03-14T11:17:27.081+0000] {processor.py:179} INFO - Processing /opt/airflow/dags/pipeline.py took 1.355 seconds
[2025-03-14T11:17:58.113+0000] {processor.py:157} INFO - Started process (PID=243) to work on /opt/airflow/dags/pipeline.py
[2025-03-14T11:17:58.116+0000] {processor.py:829} INFO - Processing file /opt/airflow/dags/pipeline.py for tasks to queue
[2025-03-14T11:17:58.119+0000] {logging_mixin.py:151} INFO - [2025-03-14T11:17:58.118+0000] {dagbag.py:539} INFO - Filling up the DagBag from /opt/airflow/dags/pipeline.py
[2025-03-14T11:17:58.909+0000] {processor.py:839} INFO - DAG(s) dict_keys(['yfinance_ingestion_dag']) retrieved from /opt/airflow/dags/pipeline.py
[2025-03-14T11:17:58.941+0000] {logging_mixin.py:151} INFO - [2025-03-14T11:17:58.941+0000] {dag.py:2915} INFO - Sync 1 DAGs
[2025-03-14T11:17:58.969+0000] {logging_mixin.py:151} INFO - [2025-03-14T11:17:58.969+0000] {dag.py:3696} INFO - Setting next_dagrun for yfinance_ingestion_dag to 2025-01-01T00:00:00+00:00, run_after=2025-01-02T00:00:00+00:00
[2025-03-14T11:17:58.997+0000] {processor.py:179} INFO - Processing /opt/airflow/dags/pipeline.py took 0.895 seconds
[2025-03-14T11:18:29.586+0000] {processor.py:157} INFO - Started process (PID=257) to work on /opt/airflow/dags/pipeline.py
[2025-03-14T11:18:29.589+0000] {processor.py:829} INFO - Processing file /opt/airflow/dags/pipeline.py for tasks to queue
[2025-03-14T11:18:29.591+0000] {logging_mixin.py:151} INFO - [2025-03-14T11:18:29.591+0000] {dagbag.py:539} INFO - Filling up the DagBag from /opt/airflow/dags/pipeline.py
[2025-03-14T11:18:30.168+0000] {processor.py:839} INFO - DAG(s) dict_keys(['yfinance_ingestion_dag']) retrieved from /opt/airflow/dags/pipeline.py
[2025-03-14T11:18:30.205+0000] {logging_mixin.py:151} INFO - [2025-03-14T11:18:30.204+0000] {dag.py:2915} INFO - Sync 1 DAGs
[2025-03-14T11:18:30.238+0000] {logging_mixin.py:151} INFO - [2025-03-14T11:18:30.238+0000] {dag.py:3696} INFO - Setting next_dagrun for yfinance_ingestion_dag to 2025-01-01T00:00:00+00:00, run_after=2025-01-02T00:00:00+00:00
[2025-03-14T11:18:30.271+0000] {processor.py:179} INFO - Processing /opt/airflow/dags/pipeline.py took 0.694 seconds
[2025-03-14T11:19:00.638+0000] {processor.py:157} INFO - Started process (PID=269) to work on /opt/airflow/dags/pipeline.py
[2025-03-14T11:19:00.640+0000] {processor.py:829} INFO - Processing file /opt/airflow/dags/pipeline.py for tasks to queue
[2025-03-14T11:19:00.641+0000] {logging_mixin.py:151} INFO - [2025-03-14T11:19:00.641+0000] {dagbag.py:539} INFO - Filling up the DagBag from /opt/airflow/dags/pipeline.py
[2025-03-14T11:19:01.264+0000] {processor.py:839} INFO - DAG(s) dict_keys(['yfinance_ingestion_dag']) retrieved from /opt/airflow/dags/pipeline.py
[2025-03-14T11:19:01.304+0000] {logging_mixin.py:151} INFO - [2025-03-14T11:19:01.303+0000] {dag.py:2915} INFO - Sync 1 DAGs
[2025-03-14T11:19:01.333+0000] {logging_mixin.py:151} INFO - [2025-03-14T11:19:01.333+0000] {dag.py:3696} INFO - Setting next_dagrun for yfinance_ingestion_dag to 2025-01-01T00:00:00+00:00, run_after=2025-01-02T00:00:00+00:00
[2025-03-14T11:19:01.359+0000] {processor.py:179} INFO - Processing /opt/airflow/dags/pipeline.py took 0.727 seconds
[2025-03-14T11:19:31.886+0000] {processor.py:157} INFO - Started process (PID=304) to work on /opt/airflow/dags/pipeline.py
[2025-03-14T11:19:31.898+0000] {processor.py:829} INFO - Processing file /opt/airflow/dags/pipeline.py for tasks to queue
[2025-03-14T11:19:31.928+0000] {logging_mixin.py:151} INFO - [2025-03-14T11:19:31.917+0000] {dagbag.py:539} INFO - Filling up the DagBag from /opt/airflow/dags/pipeline.py
[2025-03-14T11:19:37.772+0000] {processor.py:839} INFO - DAG(s) dict_keys(['yfinance_ingestion_dag']) retrieved from /opt/airflow/dags/pipeline.py
[2025-03-14T11:19:38.608+0000] {logging_mixin.py:151} INFO - [2025-03-14T11:19:38.604+0000] {dag.py:2915} INFO - Sync 1 DAGs
[2025-03-14T11:19:40.214+0000] {processor.py:179} INFO - Processing /opt/airflow/dags/pipeline.py took 8.379 seconds
[2025-03-14T11:20:11.015+0000] {processor.py:157} INFO - Started process (PID=517) to work on /opt/airflow/dags/pipeline.py
[2025-03-14T11:20:11.077+0000] {processor.py:829} INFO - Processing file /opt/airflow/dags/pipeline.py for tasks to queue
[2025-03-14T11:20:11.291+0000] {logging_mixin.py:151} INFO - [2025-03-14T11:20:11.149+0000] {dagbag.py:539} INFO - Filling up the DagBag from /opt/airflow/dags/pipeline.py
[2025-03-14T11:23:53.340+0000] {logging_mixin.py:151} INFO - [2025-03-14T11:20:46.806+0000] {timeout.py:68} ERROR - Process timed out, PID: 517
[2025-03-14T11:24:24.278+0000] {processor.py:157} INFO - Started process (PID=711) to work on /opt/airflow/dags/pipeline.py
[2025-03-14T11:24:24.297+0000] {processor.py:829} INFO - Processing file /opt/airflow/dags/pipeline.py for tasks to queue
[2025-03-14T11:24:24.314+0000] {logging_mixin.py:151} INFO - [2025-03-14T11:24:24.306+0000] {dagbag.py:539} INFO - Filling up the DagBag from /opt/airflow/dags/pipeline.py
[2025-03-14T11:24:28.638+0000] {processor.py:839} INFO - DAG(s) dict_keys(['yfinance_ingestion_dag']) retrieved from /opt/airflow/dags/pipeline.py
[2025-03-14T11:24:30.083+0000] {logging_mixin.py:151} INFO - [2025-03-14T11:24:30.082+0000] {security.py:708} INFO - Not syncing DAG-level permissions for DAG 'DAG:yfinance_ingestion_dag' as access control is unset.
[2025-03-14T11:24:30.088+0000] {logging_mixin.py:151} INFO - [2025-03-14T11:24:30.087+0000] {dag.py:2915} INFO - Sync 1 DAGs
[2025-03-14T11:24:30.573+0000] {processor.py:179} INFO - Processing /opt/airflow/dags/pipeline.py took 6.576 seconds
[2025-03-14T11:25:00.955+0000] {processor.py:157} INFO - Started process (PID=937) to work on /opt/airflow/dags/pipeline.py
[2025-03-14T11:25:00.958+0000] {processor.py:829} INFO - Processing file /opt/airflow/dags/pipeline.py for tasks to queue
[2025-03-14T11:25:00.961+0000] {logging_mixin.py:151} INFO - [2025-03-14T11:25:00.960+0000] {dagbag.py:539} INFO - Filling up the DagBag from /opt/airflow/dags/pipeline.py
[2025-03-14T11:25:03.996+0000] {processor.py:839} INFO - DAG(s) dict_keys(['yfinance_ingestion_dag']) retrieved from /opt/airflow/dags/pipeline.py
[2025-03-14T11:25:04.126+0000] {logging_mixin.py:151} INFO - [2025-03-14T11:25:04.125+0000] {dag.py:2915} INFO - Sync 1 DAGs
[2025-03-14T11:25:04.302+0000] {processor.py:179} INFO - Processing /opt/airflow/dags/pipeline.py took 3.387 seconds
[2025-03-14T11:25:34.771+0000] {processor.py:157} INFO - Started process (PID=1093) to work on /opt/airflow/dags/pipeline.py
[2025-03-14T11:25:34.781+0000] {processor.py:829} INFO - Processing file /opt/airflow/dags/pipeline.py for tasks to queue
[2025-03-14T11:25:34.784+0000] {logging_mixin.py:151} INFO - [2025-03-14T11:25:34.783+0000] {dagbag.py:539} INFO - Filling up the DagBag from /opt/airflow/dags/pipeline.py
[2025-03-14T11:25:42.986+0000] {processor.py:839} INFO - DAG(s) dict_keys(['yfinance_ingestion_dag']) retrieved from /opt/airflow/dags/pipeline.py
[2025-03-14T11:25:43.252+0000] {logging_mixin.py:151} INFO - [2025-03-14T11:25:43.207+0000] {dag.py:2915} INFO - Sync 1 DAGs
[2025-03-14T11:25:44.099+0000] {processor.py:179} INFO - Processing /opt/airflow/dags/pipeline.py took 9.338 seconds
[2025-03-14T11:26:57.937+0000] {processor.py:157} INFO - Started process (PID=166) to work on /opt/airflow/dags/pipeline.py
[2025-03-14T11:26:57.941+0000] {processor.py:829} INFO - Processing file /opt/airflow/dags/pipeline.py for tasks to queue
[2025-03-14T11:26:57.943+0000] {logging_mixin.py:151} INFO - [2025-03-14T11:26:57.942+0000] {dagbag.py:539} INFO - Filling up the DagBag from /opt/airflow/dags/pipeline.py
[2025-03-14T11:27:00.780+0000] {processor.py:839} INFO - DAG(s) dict_keys(['yfinance_ingestion_dag']) retrieved from /opt/airflow/dags/pipeline.py
[2025-03-14T11:27:01.151+0000] {logging_mixin.py:151} INFO - [2025-03-14T11:27:01.150+0000] {security.py:708} INFO - Not syncing DAG-level permissions for DAG 'DAG:yfinance_ingestion_dag' as access control is unset.
[2025-03-14T11:27:01.153+0000] {logging_mixin.py:151} INFO - [2025-03-14T11:27:01.151+0000] {dag.py:2915} INFO - Sync 1 DAGs
[2025-03-14T11:27:01.296+0000] {processor.py:179} INFO - Processing /opt/airflow/dags/pipeline.py took 3.369 seconds
[2025-03-14T11:27:33.869+0000] {processor.py:157} INFO - Started process (PID=303) to work on /opt/airflow/dags/pipeline.py
[2025-03-14T11:27:33.926+0000] {processor.py:829} INFO - Processing file /opt/airflow/dags/pipeline.py for tasks to queue
[2025-03-14T11:27:33.968+0000] {logging_mixin.py:151} INFO - [2025-03-14T11:27:33.944+0000] {dagbag.py:539} INFO - Filling up the DagBag from /opt/airflow/dags/pipeline.py
[2025-03-14T11:27:41.839+0000] {processor.py:839} INFO - DAG(s) dict_keys(['yfinance_ingestion_dag']) retrieved from /opt/airflow/dags/pipeline.py
[2025-03-14T11:27:40.590+0000] {logging_mixin.py:151} INFO - [2025-03-14T11:27:40.588+0000] {dag.py:2915} INFO - Sync 1 DAGs
[2025-03-14T11:27:41.885+0000] {processor.py:179} INFO - Processing /opt/airflow/dags/pipeline.py took 9.937 seconds
[2025-03-14T11:28:13.663+0000] {processor.py:157} INFO - Started process (PID=499) to work on /opt/airflow/dags/pipeline.py
[2025-03-14T11:28:13.736+0000] {processor.py:829} INFO - Processing file /opt/airflow/dags/pipeline.py for tasks to queue
[2025-03-14T11:28:13.818+0000] {logging_mixin.py:151} INFO - [2025-03-14T11:28:13.781+0000] {dagbag.py:539} INFO - Filling up the DagBag from /opt/airflow/dags/pipeline.py
[2025-03-14T11:28:29.681+0000] {processor.py:839} INFO - DAG(s) dict_keys(['yfinance_ingestion_dag']) retrieved from /opt/airflow/dags/pipeline.py
[2025-03-14T11:28:30.789+0000] {logging_mixin.py:151} INFO - [2025-03-14T11:28:30.787+0000] {dag.py:2915} INFO - Sync 1 DAGs
[2025-03-14T11:28:31.634+0000] {processor.py:179} INFO - Processing /opt/airflow/dags/pipeline.py took 18.618 seconds
[2025-03-14T11:29:04.731+0000] {processor.py:157} INFO - Started process (PID=842) to work on /opt/airflow/dags/pipeline.py
[2025-03-14T11:29:04.796+0000] {processor.py:829} INFO - Processing file /opt/airflow/dags/pipeline.py for tasks to queue
[2025-03-14T11:29:04.915+0000] {logging_mixin.py:151} INFO - [2025-03-14T11:29:04.871+0000] {dagbag.py:539} INFO - Filling up the DagBag from /opt/airflow/dags/pipeline.py
[2025-03-14T11:29:22.473+0000] {processor.py:839} INFO - DAG(s) dict_keys(['yfinance_ingestion_dag']) retrieved from /opt/airflow/dags/pipeline.py
[2025-03-14T11:29:22.747+0000] {logging_mixin.py:151} INFO - [2025-03-14T11:29:22.746+0000] {dag.py:2915} INFO - Sync 1 DAGs
[2025-03-14T11:29:22.920+0000] {processor.py:179} INFO - Processing /opt/airflow/dags/pipeline.py took 20.215 seconds
[2025-03-14T11:29:53.304+0000] {processor.py:157} INFO - Started process (PID=976) to work on /opt/airflow/dags/pipeline.py
[2025-03-14T11:29:53.307+0000] {processor.py:829} INFO - Processing file /opt/airflow/dags/pipeline.py for tasks to queue
[2025-03-14T11:29:53.311+0000] {logging_mixin.py:151} INFO - [2025-03-14T11:29:53.310+0000] {dagbag.py:539} INFO - Filling up the DagBag from /opt/airflow/dags/pipeline.py
[2025-03-14T11:29:56.141+0000] {processor.py:839} INFO - DAG(s) dict_keys(['yfinance_ingestion_dag']) retrieved from /opt/airflow/dags/pipeline.py
[2025-03-14T11:29:56.292+0000] {logging_mixin.py:151} INFO - [2025-03-14T11:29:56.291+0000] {dag.py:2915} INFO - Sync 1 DAGs
[2025-03-14T11:29:56.639+0000] {processor.py:179} INFO - Processing /opt/airflow/dags/pipeline.py took 3.344 seconds
[2025-03-14T11:30:29.716+0000] {processor.py:157} INFO - Started process (PID=1175) to work on /opt/airflow/dags/pipeline.py
[2025-03-14T11:30:29.783+0000] {processor.py:829} INFO - Processing file /opt/airflow/dags/pipeline.py for tasks to queue
[2025-03-14T11:30:29.923+0000] {logging_mixin.py:151} INFO - [2025-03-14T11:30:29.848+0000] {dagbag.py:539} INFO - Filling up the DagBag from /opt/airflow/dags/pipeline.py
[2025-03-14T11:31:58.581+0000] {logging_mixin.py:151} INFO - [2025-03-14T11:31:05.567+0000] {timeout.py:68} ERROR - Process timed out, PID: 1175
[2025-03-14T11:35:35.586+0000] {processor.py:157} INFO - Started process (PID=167) to work on /opt/airflow/dags/pipeline.py
[2025-03-14T11:35:35.588+0000] {processor.py:829} INFO - Processing file /opt/airflow/dags/pipeline.py for tasks to queue
[2025-03-14T11:35:35.590+0000] {logging_mixin.py:151} INFO - [2025-03-14T11:35:35.590+0000] {dagbag.py:539} INFO - Filling up the DagBag from /opt/airflow/dags/pipeline.py
[2025-03-14T11:35:38.483+0000] {processor.py:839} INFO - DAG(s) dict_keys(['yfinance_ingestion_dag']) retrieved from /opt/airflow/dags/pipeline.py
[2025-03-14T11:35:38.893+0000] {logging_mixin.py:151} INFO - [2025-03-14T11:35:38.891+0000] {security.py:708} INFO - Not syncing DAG-level permissions for DAG 'DAG:yfinance_ingestion_dag' as access control is unset.
[2025-03-14T11:35:38.895+0000] {logging_mixin.py:151} INFO - [2025-03-14T11:35:38.893+0000] {dag.py:2915} INFO - Sync 1 DAGs
[2025-03-14T11:35:39.010+0000] {processor.py:179} INFO - Processing /opt/airflow/dags/pipeline.py took 3.430 seconds
[2025-03-14T11:36:11.627+0000] {processor.py:157} INFO - Started process (PID=361) to work on /opt/airflow/dags/pipeline.py
[2025-03-14T11:36:11.693+0000] {processor.py:829} INFO - Processing file /opt/airflow/dags/pipeline.py for tasks to queue
[2025-03-14T11:36:11.774+0000] {logging_mixin.py:151} INFO - [2025-03-14T11:36:11.729+0000] {dagbag.py:539} INFO - Filling up the DagBag from /opt/airflow/dags/pipeline.py
[2025-03-14T11:39:32.898+0000] {processor.py:157} INFO - Started process (PID=544) to work on /opt/airflow/dags/pipeline.py
[2025-03-14T11:39:32.916+0000] {processor.py:829} INFO - Processing file /opt/airflow/dags/pipeline.py for tasks to queue
[2025-03-14T11:39:32.990+0000] {logging_mixin.py:151} INFO - [2025-03-14T11:39:32.947+0000] {dagbag.py:539} INFO - Filling up the DagBag from /opt/airflow/dags/pipeline.py
[2025-03-14T11:39:43.163+0000] {logging_mixin.py:151} WARNING - Exception ignored in: <function WeakKeyDictionary.__init__.<locals>.remove at 0x7f323007b280>
[2025-03-14T11:39:43.164+0000] {logging_mixin.py:151} WARNING - Traceback (most recent call last):
[2025-03-14T11:39:43.165+0000] {logging_mixin.py:151} WARNING -   File "/usr/local/lib/python3.8/weakref.py", line 345, in remove
[2025-03-14T11:39:43.166+0000] {logging_mixin.py:151} WARNING -     def remove(k, selfref=ref(self)):
[2025-03-14T11:39:43.166+0000] {logging_mixin.py:151} WARNING -   File "/home/airflow/.local/lib/python3.8/site-packages/airflow/dag_processing/manager.py", line 470, in _exit_gracefully
[2025-03-14T11:39:43.167+0000] {logging_mixin.py:151} WARNING -     self.log.debug("Current Stacktrace is: %s", "\n".join(map(str, inspect.stack())))
[2025-03-14T11:39:43.167+0000] {logging_mixin.py:151} WARNING -   File "/usr/local/lib/python3.8/inspect.py", line 1526, in stack
[2025-03-14T11:39:43.168+0000] {logging_mixin.py:151} WARNING -     return getouterframes(sys._getframe(1), context)
[2025-03-14T11:39:43.168+0000] {logging_mixin.py:151} WARNING -   File "/usr/local/lib/python3.8/inspect.py", line 1503, in getouterframes
[2025-03-14T11:39:43.169+0000] {logging_mixin.py:151} WARNING -     frameinfo = (frame,) + getframeinfo(frame, context)
[2025-03-14T11:39:43.170+0000] {logging_mixin.py:151} WARNING -   File "/usr/local/lib/python3.8/inspect.py", line 1477, in getframeinfo
[2025-03-14T11:39:43.170+0000] {logging_mixin.py:151} WARNING -     lines, lnum = findsource(frame)
[2025-03-14T11:39:43.171+0000] {logging_mixin.py:151} WARNING -   File "/usr/local/lib/python3.8/inspect.py", line 792, in findsource
[2025-03-14T11:39:43.171+0000] {logging_mixin.py:151} WARNING -     module = getmodule(object, file)
[2025-03-14T11:39:43.172+0000] {logging_mixin.py:151} WARNING -   File "/usr/local/lib/python3.8/inspect.py", line 745, in getmodule
[2025-03-14T11:39:43.172+0000] {logging_mixin.py:151} WARNING -     if ismodule(module) and hasattr(module, '__file__'):
[2025-03-14T11:39:43.173+0000] {logging_mixin.py:151} WARNING -   File "/home/airflow/.local/lib/python3.8/site-packages/airflow/dag_processing/manager.py", line 474, in _exit_gracefully
[2025-03-14T11:39:43.173+0000] {logging_mixin.py:151} WARNING -     sys.exit(os.EX_OK)
[2025-03-14T11:39:43.173+0000] {logging_mixin.py:151} WARNING - SystemExit: 0
[2025-03-14T11:40:24.017+0000] {processor.py:157} INFO - Started process (PID=167) to work on /opt/airflow/dags/pipeline.py
[2025-03-14T11:40:24.020+0000] {processor.py:829} INFO - Processing file /opt/airflow/dags/pipeline.py for tasks to queue
[2025-03-14T11:40:24.022+0000] {logging_mixin.py:151} INFO - [2025-03-14T11:40:24.021+0000] {dagbag.py:539} INFO - Filling up the DagBag from /opt/airflow/dags/pipeline.py
[2025-03-14T11:40:27.570+0000] {processor.py:839} INFO - DAG(s) dict_keys(['yfinance_ingestion_dag']) retrieved from /opt/airflow/dags/pipeline.py
[2025-03-14T11:40:28.127+0000] {logging_mixin.py:151} INFO - [2025-03-14T11:40:28.126+0000] {security.py:708} INFO - Not syncing DAG-level permissions for DAG 'DAG:yfinance_ingestion_dag' as access control is unset.
[2025-03-14T11:40:28.129+0000] {logging_mixin.py:151} INFO - [2025-03-14T11:40:28.128+0000] {dag.py:2915} INFO - Sync 1 DAGs
[2025-03-14T11:40:28.265+0000] {processor.py:179} INFO - Processing /opt/airflow/dags/pipeline.py took 4.252 seconds
[2025-03-14T11:40:43.083+0000] {processor.py:157} INFO - Started process (PID=365) to work on /opt/airflow/dags/pipeline.py
[2025-03-14T11:40:43.102+0000] {processor.py:829} INFO - Processing file /opt/airflow/dags/pipeline.py for tasks to queue
[2025-03-14T11:40:43.346+0000] {logging_mixin.py:151} INFO - [2025-03-14T11:40:43.172+0000] {dagbag.py:539} INFO - Filling up the DagBag from /opt/airflow/dags/pipeline.py
[2025-03-14T11:41:24.709+0000] {logging_mixin.py:151} INFO - [2025-03-14T11:41:24.671+0000] {timeout.py:68} ERROR - Process timed out, PID: 365
[2025-03-14T11:41:24.711+0000] {logging_mixin.py:151} WARNING - Exception ignored in: <function WeakKeyDictionary.__init__.<locals>.remove at 0x7fd8f8863280>
[2025-03-14T11:41:24.713+0000] {logging_mixin.py:151} WARNING - Traceback (most recent call last):
[2025-03-14T11:41:24.713+0000] {logging_mixin.py:151} WARNING -   File "/usr/local/lib/python3.8/weakref.py", line 345, in remove
[2025-03-14T11:41:24.720+0000] {logging_mixin.py:151} WARNING -     def remove(k, selfref=ref(self)):
[2025-03-14T11:41:24.721+0000] {logging_mixin.py:151} WARNING -   File "/home/airflow/.local/lib/python3.8/site-packages/airflow/utils/timeout.py", line 69, in handle_timeout
[2025-03-14T11:41:24.744+0000] {logging_mixin.py:151} WARNING -     raise AirflowTaskTimeout(self.error_message)
[2025-03-14T11:41:24.746+0000] {logging_mixin.py:151} WARNING - airflow.exceptions.AirflowTaskTimeout: DagBag import timeout for /opt/airflow/dags/pipeline.py after 30.0s.
Please take a look at these docs to improve your DAG import time:
* https://airflow.apache.org/docs/apache-airflow/2.7.1/best-practices.html#top-level-python-code
* https://airflow.apache.org/docs/apache-airflow/2.7.1/best-practices.html#reducing-dag-complexity, PID: 365
[2025-03-14T11:41:28.454+0000] {logging_mixin.py:151} INFO - [2025-03-14T11:41:28.424+0000] {dagbag.py:347} ERROR - Failed to import: /opt/airflow/dags/pipeline.py
Traceback (most recent call last):
  File "/home/airflow/.local/lib/python3.8/site-packages/airflow/models/dagbag.py", line 343, in parse
    loader.exec_module(new_module)
  File "<frozen importlib._bootstrap_external>", line 843, in exec_module
  File "<frozen importlib._bootstrap>", line 219, in _call_with_frames_removed
  File "/opt/airflow/dags/pipeline.py", line 15, in <module>
    'start_date': datetime(2025, 1, 1),
ValueError: month must be in 1..12
[2025-03-14T11:41:28.457+0000] {processor.py:841} WARNING - No viable dags retrieved from /opt/airflow/dags/pipeline.py
[2025-03-14T11:41:28.726+0000] {processor.py:179} INFO - Processing /opt/airflow/dags/pipeline.py took 49.204 seconds
[2025-03-14T11:41:35.190+0000] {processor.py:157} INFO - Started process (PID=518) to work on /opt/airflow/dags/pipeline.py
[2025-03-14T11:41:35.194+0000] {processor.py:829} INFO - Processing file /opt/airflow/dags/pipeline.py for tasks to queue
[2025-03-14T11:41:35.200+0000] {logging_mixin.py:151} INFO - [2025-03-14T11:41:35.200+0000] {dagbag.py:539} INFO - Filling up the DagBag from /opt/airflow/dags/pipeline.py
[2025-03-14T11:41:37.967+0000] {processor.py:839} INFO - DAG(s) dict_keys(['yfinance_ingestion_dag']) retrieved from /opt/airflow/dags/pipeline.py
[2025-03-14T11:41:39.691+0000] {logging_mixin.py:151} INFO - [2025-03-14T11:41:39.690+0000] {security.py:708} INFO - Not syncing DAG-level permissions for DAG 'DAG:yfinance_ingestion_dag' as access control is unset.
[2025-03-14T11:41:39.694+0000] {logging_mixin.py:151} INFO - [2025-03-14T11:41:39.693+0000] {dag.py:2915} INFO - Sync 1 DAGs
[2025-03-14T11:41:40.025+0000] {processor.py:179} INFO - Processing /opt/airflow/dags/pipeline.py took 4.843 seconds
[2025-03-14T11:42:10.908+0000] {processor.py:157} INFO - Started process (PID=546) to work on /opt/airflow/dags/pipeline.py
[2025-03-14T11:42:10.910+0000] {processor.py:829} INFO - Processing file /opt/airflow/dags/pipeline.py for tasks to queue
[2025-03-14T11:42:10.911+0000] {logging_mixin.py:151} INFO - [2025-03-14T11:42:10.911+0000] {dagbag.py:539} INFO - Filling up the DagBag from /opt/airflow/dags/pipeline.py
[2025-03-14T11:42:11.927+0000] {processor.py:839} INFO - DAG(s) dict_keys(['yfinance_ingestion_dag']) retrieved from /opt/airflow/dags/pipeline.py
[2025-03-14T11:42:11.953+0000] {logging_mixin.py:151} INFO - [2025-03-14T11:42:11.952+0000] {dag.py:2915} INFO - Sync 1 DAGs
[2025-03-14T11:42:11.975+0000] {logging_mixin.py:151} INFO - [2025-03-14T11:42:11.974+0000] {dag.py:3696} INFO - Setting next_dagrun for yfinance_ingestion_dag to 2025-03-14T00:00:00+00:00, run_after=2025-03-15T00:00:00+00:00
[2025-03-14T11:42:12.000+0000] {processor.py:179} INFO - Processing /opt/airflow/dags/pipeline.py took 1.096 seconds
[2025-03-14T11:42:42.518+0000] {processor.py:157} INFO - Started process (PID=558) to work on /opt/airflow/dags/pipeline.py
[2025-03-14T11:42:42.519+0000] {processor.py:829} INFO - Processing file /opt/airflow/dags/pipeline.py for tasks to queue
[2025-03-14T11:42:42.520+0000] {logging_mixin.py:151} INFO - [2025-03-14T11:42:42.519+0000] {dagbag.py:539} INFO - Filling up the DagBag from /opt/airflow/dags/pipeline.py
[2025-03-14T11:42:43.005+0000] {processor.py:839} INFO - DAG(s) dict_keys(['yfinance_ingestion_dag']) retrieved from /opt/airflow/dags/pipeline.py
[2025-03-14T11:42:43.033+0000] {logging_mixin.py:151} INFO - [2025-03-14T11:42:43.032+0000] {dag.py:2915} INFO - Sync 1 DAGs
[2025-03-14T11:42:43.056+0000] {logging_mixin.py:151} INFO - [2025-03-14T11:42:43.056+0000] {dag.py:3696} INFO - Setting next_dagrun for yfinance_ingestion_dag to 2025-03-14T00:00:00+00:00, run_after=2025-03-15T00:00:00+00:00
[2025-03-14T11:42:43.079+0000] {processor.py:179} INFO - Processing /opt/airflow/dags/pipeline.py took 0.564 seconds
[2025-03-14T11:43:13.458+0000] {processor.py:157} INFO - Started process (PID=570) to work on /opt/airflow/dags/pipeline.py
[2025-03-14T11:43:13.459+0000] {processor.py:829} INFO - Processing file /opt/airflow/dags/pipeline.py for tasks to queue
[2025-03-14T11:43:13.461+0000] {logging_mixin.py:151} INFO - [2025-03-14T11:43:13.460+0000] {dagbag.py:539} INFO - Filling up the DagBag from /opt/airflow/dags/pipeline.py
[2025-03-14T11:43:14.173+0000] {processor.py:839} INFO - DAG(s) dict_keys(['yfinance_ingestion_dag']) retrieved from /opt/airflow/dags/pipeline.py
[2025-03-14T11:43:14.224+0000] {logging_mixin.py:151} INFO - [2025-03-14T11:43:14.223+0000] {dag.py:2915} INFO - Sync 1 DAGs
[2025-03-14T11:43:14.258+0000] {logging_mixin.py:151} INFO - [2025-03-14T11:43:14.257+0000] {dag.py:3696} INFO - Setting next_dagrun for yfinance_ingestion_dag to 2025-03-14T00:00:00+00:00, run_after=2025-03-15T00:00:00+00:00
[2025-03-14T11:43:14.283+0000] {processor.py:179} INFO - Processing /opt/airflow/dags/pipeline.py took 0.830 seconds
[2025-03-14T11:43:44.388+0000] {processor.py:157} INFO - Started process (PID=582) to work on /opt/airflow/dags/pipeline.py
[2025-03-14T11:43:44.390+0000] {processor.py:829} INFO - Processing file /opt/airflow/dags/pipeline.py for tasks to queue
[2025-03-14T11:43:44.392+0000] {logging_mixin.py:151} INFO - [2025-03-14T11:43:44.391+0000] {dagbag.py:539} INFO - Filling up the DagBag from /opt/airflow/dags/pipeline.py
[2025-03-14T11:43:44.872+0000] {processor.py:839} INFO - DAG(s) dict_keys(['yfinance_ingestion_dag']) retrieved from /opt/airflow/dags/pipeline.py
[2025-03-14T11:43:44.905+0000] {logging_mixin.py:151} INFO - [2025-03-14T11:43:44.905+0000] {dag.py:2915} INFO - Sync 1 DAGs
[2025-03-14T11:43:44.927+0000] {logging_mixin.py:151} INFO - [2025-03-14T11:43:44.927+0000] {dag.py:3696} INFO - Setting next_dagrun for yfinance_ingestion_dag to 2025-03-14T00:00:00+00:00, run_after=2025-03-15T00:00:00+00:00
[2025-03-14T11:43:44.947+0000] {processor.py:179} INFO - Processing /opt/airflow/dags/pipeline.py took 0.564 seconds
[2025-03-14T11:44:15.380+0000] {processor.py:157} INFO - Started process (PID=594) to work on /opt/airflow/dags/pipeline.py
[2025-03-14T11:44:15.382+0000] {processor.py:829} INFO - Processing file /opt/airflow/dags/pipeline.py for tasks to queue
[2025-03-14T11:44:15.383+0000] {logging_mixin.py:151} INFO - [2025-03-14T11:44:15.382+0000] {dagbag.py:539} INFO - Filling up the DagBag from /opt/airflow/dags/pipeline.py
[2025-03-14T11:44:15.871+0000] {processor.py:839} INFO - DAG(s) dict_keys(['yfinance_ingestion_dag']) retrieved from /opt/airflow/dags/pipeline.py
[2025-03-14T11:44:15.903+0000] {logging_mixin.py:151} INFO - [2025-03-14T11:44:15.902+0000] {dag.py:2915} INFO - Sync 1 DAGs
[2025-03-14T11:44:15.934+0000] {logging_mixin.py:151} INFO - [2025-03-14T11:44:15.934+0000] {dag.py:3696} INFO - Setting next_dagrun for yfinance_ingestion_dag to 2025-03-14T00:00:00+00:00, run_after=2025-03-15T00:00:00+00:00
[2025-03-14T11:44:15.964+0000] {processor.py:179} INFO - Processing /opt/airflow/dags/pipeline.py took 0.590 seconds
[2025-03-14T11:44:46.288+0000] {processor.py:157} INFO - Started process (PID=606) to work on /opt/airflow/dags/pipeline.py
[2025-03-14T11:44:46.289+0000] {processor.py:829} INFO - Processing file /opt/airflow/dags/pipeline.py for tasks to queue
[2025-03-14T11:44:46.290+0000] {logging_mixin.py:151} INFO - [2025-03-14T11:44:46.290+0000] {dagbag.py:539} INFO - Filling up the DagBag from /opt/airflow/dags/pipeline.py
[2025-03-14T11:44:46.819+0000] {processor.py:839} INFO - DAG(s) dict_keys(['yfinance_ingestion_dag']) retrieved from /opt/airflow/dags/pipeline.py
[2025-03-14T11:44:46.846+0000] {logging_mixin.py:151} INFO - [2025-03-14T11:44:46.845+0000] {dag.py:2915} INFO - Sync 1 DAGs
[2025-03-14T11:44:46.873+0000] {logging_mixin.py:151} INFO - [2025-03-14T11:44:46.873+0000] {dag.py:3696} INFO - Setting next_dagrun for yfinance_ingestion_dag to 2025-03-14T00:00:00+00:00, run_after=2025-03-15T00:00:00+00:00
[2025-03-14T11:44:46.904+0000] {processor.py:179} INFO - Processing /opt/airflow/dags/pipeline.py took 0.619 seconds
[2025-03-14T11:45:17.091+0000] {processor.py:157} INFO - Started process (PID=618) to work on /opt/airflow/dags/pipeline.py
[2025-03-14T11:45:17.096+0000] {processor.py:829} INFO - Processing file /opt/airflow/dags/pipeline.py for tasks to queue
[2025-03-14T11:45:17.100+0000] {logging_mixin.py:151} INFO - [2025-03-14T11:45:17.100+0000] {dagbag.py:539} INFO - Filling up the DagBag from /opt/airflow/dags/pipeline.py
[2025-03-14T11:45:18.387+0000] {processor.py:839} INFO - DAG(s) dict_keys(['yfinance_ingestion_dag']) retrieved from /opt/airflow/dags/pipeline.py
[2025-03-14T11:45:18.456+0000] {logging_mixin.py:151} INFO - [2025-03-14T11:45:18.455+0000] {dag.py:2915} INFO - Sync 1 DAGs
[2025-03-14T11:45:18.523+0000] {logging_mixin.py:151} INFO - [2025-03-14T11:45:18.522+0000] {dag.py:3696} INFO - Setting next_dagrun for yfinance_ingestion_dag to 2025-03-14T00:00:00+00:00, run_after=2025-03-15T00:00:00+00:00
[2025-03-14T11:45:18.599+0000] {processor.py:179} INFO - Processing /opt/airflow/dags/pipeline.py took 1.516 seconds
[2025-03-14T11:45:49.114+0000] {processor.py:157} INFO - Started process (PID=630) to work on /opt/airflow/dags/pipeline.py
[2025-03-14T11:45:49.116+0000] {processor.py:829} INFO - Processing file /opt/airflow/dags/pipeline.py for tasks to queue
[2025-03-14T11:45:49.118+0000] {logging_mixin.py:151} INFO - [2025-03-14T11:45:49.117+0000] {dagbag.py:539} INFO - Filling up the DagBag from /opt/airflow/dags/pipeline.py
[2025-03-14T11:45:49.975+0000] {processor.py:839} INFO - DAG(s) dict_keys(['yfinance_ingestion_dag']) retrieved from /opt/airflow/dags/pipeline.py
[2025-03-14T11:45:50.070+0000] {logging_mixin.py:151} INFO - [2025-03-14T11:45:50.069+0000] {dag.py:2915} INFO - Sync 1 DAGs
[2025-03-14T11:45:50.154+0000] {logging_mixin.py:151} INFO - [2025-03-14T11:45:50.154+0000] {dag.py:3696} INFO - Setting next_dagrun for yfinance_ingestion_dag to 2025-03-14T00:00:00+00:00, run_after=2025-03-15T00:00:00+00:00
[2025-03-14T11:45:50.240+0000] {processor.py:179} INFO - Processing /opt/airflow/dags/pipeline.py took 1.132 seconds
[2025-03-14T11:46:40.465+0000] {processor.py:157} INFO - Started process (PID=167) to work on /opt/airflow/dags/pipeline.py
[2025-03-14T11:46:40.467+0000] {processor.py:829} INFO - Processing file /opt/airflow/dags/pipeline.py for tasks to queue
[2025-03-14T11:46:40.468+0000] {logging_mixin.py:151} INFO - [2025-03-14T11:46:40.468+0000] {dagbag.py:539} INFO - Filling up the DagBag from /opt/airflow/dags/pipeline.py
[2025-03-14T11:46:43.190+0000] {processor.py:839} INFO - DAG(s) dict_keys(['yfinance_ingestion_dag']) retrieved from /opt/airflow/dags/pipeline.py
[2025-03-14T11:46:43.453+0000] {logging_mixin.py:151} INFO - [2025-03-14T11:46:43.452+0000] {security.py:708} INFO - Not syncing DAG-level permissions for DAG 'DAG:yfinance_ingestion_dag' as access control is unset.
[2025-03-14T11:46:43.454+0000] {logging_mixin.py:151} INFO - [2025-03-14T11:46:43.453+0000] {dag.py:2915} INFO - Sync 1 DAGs
[2025-03-14T11:46:43.484+0000] {logging_mixin.py:151} INFO - [2025-03-14T11:46:43.484+0000] {dag.py:3696} INFO - Setting next_dagrun for yfinance_ingestion_dag to 2025-03-14T00:00:00+00:00, run_after=2025-03-15T00:00:00+00:00
[2025-03-14T11:46:43.512+0000] {processor.py:179} INFO - Processing /opt/airflow/dags/pipeline.py took 3.052 seconds
[2025-03-14T11:46:45.563+0000] {processor.py:157} INFO - Started process (PID=179) to work on /opt/airflow/dags/pipeline.py
[2025-03-14T11:46:45.572+0000] {processor.py:829} INFO - Processing file /opt/airflow/dags/pipeline.py for tasks to queue
[2025-03-14T11:46:45.576+0000] {logging_mixin.py:151} INFO - [2025-03-14T11:46:45.574+0000] {dagbag.py:539} INFO - Filling up the DagBag from /opt/airflow/dags/pipeline.py
[2025-03-14T11:46:47.217+0000] {processor.py:839} INFO - DAG(s) dict_keys(['yfinance_ingestion_dag']) retrieved from /opt/airflow/dags/pipeline.py
[2025-03-14T11:46:47.231+0000] {logging_mixin.py:151} INFO - [2025-03-14T11:46:47.230+0000] {dag.py:2915} INFO - Sync 1 DAGs
[2025-03-14T11:46:47.258+0000] {logging_mixin.py:151} INFO - [2025-03-14T11:46:47.258+0000] {dag.py:3696} INFO - Setting next_dagrun for yfinance_ingestion_dag to 2025-02-24T00:00:00+00:00, run_after=2025-02-25T00:00:00+00:00
[2025-03-14T11:46:47.289+0000] {processor.py:179} INFO - Processing /opt/airflow/dags/pipeline.py took 1.731 seconds
[2025-03-14T11:47:17.489+0000] {processor.py:157} INFO - Started process (PID=191) to work on /opt/airflow/dags/pipeline.py
[2025-03-14T11:47:17.491+0000] {processor.py:829} INFO - Processing file /opt/airflow/dags/pipeline.py for tasks to queue
[2025-03-14T11:47:17.492+0000] {logging_mixin.py:151} INFO - [2025-03-14T11:47:17.491+0000] {dagbag.py:539} INFO - Filling up the DagBag from /opt/airflow/dags/pipeline.py
[2025-03-14T11:47:19.337+0000] {processor.py:839} INFO - DAG(s) dict_keys(['yfinance_ingestion_dag']) retrieved from /opt/airflow/dags/pipeline.py
[2025-03-14T11:47:19.458+0000] {logging_mixin.py:151} INFO - [2025-03-14T11:47:19.457+0000] {security.py:708} INFO - Not syncing DAG-level permissions for DAG 'DAG:yfinance_ingestion_dag' as access control is unset.
[2025-03-14T11:47:19.459+0000] {logging_mixin.py:151} INFO - [2025-03-14T11:47:19.458+0000] {dag.py:2915} INFO - Sync 1 DAGs
[2025-03-14T11:47:19.490+0000] {logging_mixin.py:151} INFO - [2025-03-14T11:47:19.489+0000] {dag.py:3696} INFO - Setting next_dagrun for yfinance_ingestion_dag to 2025-02-24T00:00:00+00:00, run_after=2025-02-25T00:00:00+00:00
[2025-03-14T11:47:19.523+0000] {processor.py:179} INFO - Processing /opt/airflow/dags/pipeline.py took 2.037 seconds
[2025-03-14T11:47:34.743+0000] {processor.py:157} INFO - Started process (PID=197) to work on /opt/airflow/dags/pipeline.py
[2025-03-14T11:47:34.744+0000] {processor.py:829} INFO - Processing file /opt/airflow/dags/pipeline.py for tasks to queue
[2025-03-14T11:47:34.745+0000] {logging_mixin.py:151} INFO - [2025-03-14T11:47:34.745+0000] {dagbag.py:539} INFO - Filling up the DagBag from /opt/airflow/dags/pipeline.py
[2025-03-14T11:47:35.930+0000] {logging_mixin.py:151} INFO - [2025-03-14T11:47:35.922+0000] {dagbag.py:347} ERROR - Failed to import: /opt/airflow/dags/pipeline.py
Traceback (most recent call last):
  File "/home/airflow/.local/lib/python3.8/site-packages/airflow/models/dagbag.py", line 343, in parse
    loader.exec_module(new_module)
  File "<frozen importlib._bootstrap_external>", line 843, in exec_module
  File "<frozen importlib._bootstrap>", line 219, in _call_with_frames_removed
  File "/opt/airflow/dags/pipeline.py", line 17, in <module>
    'start_date': datetime(2025, 14, 10),
ValueError: month must be in 1..12
[2025-03-14T11:47:35.932+0000] {processor.py:841} WARNING - No viable dags retrieved from /opt/airflow/dags/pipeline.py
[2025-03-14T11:47:35.953+0000] {processor.py:179} INFO - Processing /opt/airflow/dags/pipeline.py took 1.213 seconds
[2025-03-14T11:47:36.032+0000] {processor.py:157} INFO - Started process (PID=203) to work on /opt/airflow/dags/pipeline.py
[2025-03-14T11:47:36.036+0000] {processor.py:829} INFO - Processing file /opt/airflow/dags/pipeline.py for tasks to queue
[2025-03-14T11:47:36.038+0000] {logging_mixin.py:151} INFO - [2025-03-14T11:47:36.037+0000] {dagbag.py:539} INFO - Filling up the DagBag from /opt/airflow/dags/pipeline.py
[2025-03-14T11:47:37.377+0000] {logging_mixin.py:151} INFO - [2025-03-14T11:47:37.370+0000] {dagbag.py:347} ERROR - Failed to import: /opt/airflow/dags/pipeline.py
Traceback (most recent call last):
  File "/home/airflow/.local/lib/python3.8/site-packages/airflow/models/dagbag.py", line 343, in parse
    loader.exec_module(new_module)
  File "<frozen importlib._bootstrap_external>", line 843, in exec_module
  File "<frozen importlib._bootstrap>", line 219, in _call_with_frames_removed
  File "/opt/airflow/dags/pipeline.py", line 17, in <module>
    'start_date': datetime(2025, 14, 10),
ValueError: month must be in 1..12
[2025-03-14T11:47:37.385+0000] {processor.py:841} WARNING - No viable dags retrieved from /opt/airflow/dags/pipeline.py
[2025-03-14T11:47:37.438+0000] {processor.py:179} INFO - Processing /opt/airflow/dags/pipeline.py took 1.411 seconds
[2025-03-14T11:47:53.435+0000] {processor.py:157} INFO - Started process (PID=215) to work on /opt/airflow/dags/pipeline.py
[2025-03-14T11:47:53.439+0000] {processor.py:829} INFO - Processing file /opt/airflow/dags/pipeline.py for tasks to queue
[2025-03-14T11:47:53.442+0000] {logging_mixin.py:151} INFO - [2025-03-14T11:47:53.441+0000] {dagbag.py:539} INFO - Filling up the DagBag from /opt/airflow/dags/pipeline.py
[2025-03-14T11:47:54.821+0000] {processor.py:839} INFO - DAG(s) dict_keys(['yfinance_ingestion_dag']) retrieved from /opt/airflow/dags/pipeline.py
[2025-03-14T11:47:54.928+0000] {logging_mixin.py:151} INFO - [2025-03-14T11:47:54.927+0000] {security.py:708} INFO - Not syncing DAG-level permissions for DAG 'DAG:yfinance_ingestion_dag' as access control is unset.
[2025-03-14T11:47:54.929+0000] {logging_mixin.py:151} INFO - [2025-03-14T11:47:54.928+0000] {dag.py:2915} INFO - Sync 1 DAGs
[2025-03-14T11:47:54.958+0000] {logging_mixin.py:151} INFO - [2025-03-14T11:47:54.957+0000] {dag.py:3696} INFO - Setting next_dagrun for yfinance_ingestion_dag to 2025-03-14T00:00:00+00:00, run_after=2025-03-15T00:00:00+00:00
[2025-03-14T11:47:54.996+0000] {processor.py:179} INFO - Processing /opt/airflow/dags/pipeline.py took 1.566 seconds
[2025-03-14T11:48:11.961+0000] {processor.py:157} INFO - Started process (PID=221) to work on /opt/airflow/dags/pipeline.py
[2025-03-14T11:48:11.964+0000] {processor.py:829} INFO - Processing file /opt/airflow/dags/pipeline.py for tasks to queue
[2025-03-14T11:48:11.967+0000] {logging_mixin.py:151} INFO - [2025-03-14T11:48:11.965+0000] {dagbag.py:539} INFO - Filling up the DagBag from /opt/airflow/dags/pipeline.py
[2025-03-14T11:48:14.149+0000] {processor.py:839} INFO - DAG(s) dict_keys(['yfinance_ingestion_dag']) retrieved from /opt/airflow/dags/pipeline.py
[2025-03-14T11:48:14.168+0000] {logging_mixin.py:151} INFO - [2025-03-14T11:48:14.167+0000] {dag.py:2915} INFO - Sync 1 DAGs
[2025-03-14T11:48:14.193+0000] {logging_mixin.py:151} INFO - [2025-03-14T11:48:14.193+0000] {dag.py:3696} INFO - Setting next_dagrun for yfinance_ingestion_dag to 2025-03-16T00:00:00+00:00, run_after=2025-03-17T00:00:00+00:00
[2025-03-14T11:48:14.227+0000] {processor.py:179} INFO - Processing /opt/airflow/dags/pipeline.py took 2.273 seconds
[2025-03-14T11:48:44.384+0000] {processor.py:157} INFO - Started process (PID=233) to work on /opt/airflow/dags/pipeline.py
[2025-03-14T11:48:44.387+0000] {processor.py:829} INFO - Processing file /opt/airflow/dags/pipeline.py for tasks to queue
[2025-03-14T11:48:44.391+0000] {logging_mixin.py:151} INFO - [2025-03-14T11:48:44.389+0000] {dagbag.py:539} INFO - Filling up the DagBag from /opt/airflow/dags/pipeline.py
[2025-03-14T11:48:46.324+0000] {processor.py:839} INFO - DAG(s) dict_keys(['yfinance_ingestion_dag']) retrieved from /opt/airflow/dags/pipeline.py
[2025-03-14T11:48:46.457+0000] {logging_mixin.py:151} INFO - [2025-03-14T11:48:46.457+0000] {security.py:708} INFO - Not syncing DAG-level permissions for DAG 'DAG:yfinance_ingestion_dag' as access control is unset.
[2025-03-14T11:48:46.458+0000] {logging_mixin.py:151} INFO - [2025-03-14T11:48:46.458+0000] {dag.py:2915} INFO - Sync 1 DAGs
[2025-03-14T11:48:46.486+0000] {logging_mixin.py:151} INFO - [2025-03-14T11:48:46.485+0000] {dag.py:3696} INFO - Setting next_dagrun for yfinance_ingestion_dag to 2025-03-16T00:00:00+00:00, run_after=2025-03-17T00:00:00+00:00
[2025-03-14T11:48:46.519+0000] {processor.py:179} INFO - Processing /opt/airflow/dags/pipeline.py took 2.147 seconds
[2025-03-14T11:49:16.615+0000] {processor.py:157} INFO - Started process (PID=302) to work on /opt/airflow/dags/pipeline.py
[2025-03-14T11:49:16.617+0000] {processor.py:829} INFO - Processing file /opt/airflow/dags/pipeline.py for tasks to queue
[2025-03-14T11:49:16.619+0000] {logging_mixin.py:151} INFO - [2025-03-14T11:49:16.618+0000] {dagbag.py:539} INFO - Filling up the DagBag from /opt/airflow/dags/pipeline.py
[2025-03-14T11:49:17.640+0000] {processor.py:839} INFO - DAG(s) dict_keys(['yfinance_ingestion_dag']) retrieved from /opt/airflow/dags/pipeline.py
[2025-03-14T11:49:17.667+0000] {logging_mixin.py:151} INFO - [2025-03-14T11:49:17.667+0000] {dag.py:2915} INFO - Sync 1 DAGs
[2025-03-14T11:49:17.692+0000] {logging_mixin.py:151} INFO - [2025-03-14T11:49:17.692+0000] {dag.py:3696} INFO - Setting next_dagrun for yfinance_ingestion_dag to 2025-03-16T00:00:00+00:00, run_after=2025-03-17T00:00:00+00:00
[2025-03-14T11:49:17.714+0000] {processor.py:179} INFO - Processing /opt/airflow/dags/pipeline.py took 1.103 seconds
[2025-03-14T11:49:48.287+0000] {processor.py:157} INFO - Started process (PID=314) to work on /opt/airflow/dags/pipeline.py
[2025-03-14T11:49:48.288+0000] {processor.py:829} INFO - Processing file /opt/airflow/dags/pipeline.py for tasks to queue
[2025-03-14T11:49:48.289+0000] {logging_mixin.py:151} INFO - [2025-03-14T11:49:48.289+0000] {dagbag.py:539} INFO - Filling up the DagBag from /opt/airflow/dags/pipeline.py
[2025-03-14T11:49:49.372+0000] {processor.py:839} INFO - DAG(s) dict_keys(['yfinance_ingestion_dag']) retrieved from /opt/airflow/dags/pipeline.py
[2025-03-14T11:49:49.400+0000] {logging_mixin.py:151} INFO - [2025-03-14T11:49:49.399+0000] {dag.py:2915} INFO - Sync 1 DAGs
[2025-03-14T11:49:49.428+0000] {logging_mixin.py:151} INFO - [2025-03-14T11:49:49.428+0000] {dag.py:3696} INFO - Setting next_dagrun for yfinance_ingestion_dag to 2025-03-16T00:00:00+00:00, run_after=2025-03-17T00:00:00+00:00
[2025-03-14T11:49:49.453+0000] {processor.py:179} INFO - Processing /opt/airflow/dags/pipeline.py took 1.169 seconds
[2025-03-14T11:50:19.603+0000] {processor.py:157} INFO - Started process (PID=326) to work on /opt/airflow/dags/pipeline.py
[2025-03-14T11:50:19.605+0000] {processor.py:829} INFO - Processing file /opt/airflow/dags/pipeline.py for tasks to queue
[2025-03-14T11:50:19.607+0000] {logging_mixin.py:151} INFO - [2025-03-14T11:50:19.606+0000] {dagbag.py:539} INFO - Filling up the DagBag from /opt/airflow/dags/pipeline.py
[2025-03-14T11:50:21.149+0000] {processor.py:839} INFO - DAG(s) dict_keys(['yfinance_ingestion_dag']) retrieved from /opt/airflow/dags/pipeline.py
[2025-03-14T11:50:21.213+0000] {logging_mixin.py:151} INFO - [2025-03-14T11:50:21.211+0000] {dag.py:2915} INFO - Sync 1 DAGs
[2025-03-14T11:50:21.255+0000] {logging_mixin.py:151} INFO - [2025-03-14T11:50:21.255+0000] {dag.py:3696} INFO - Setting next_dagrun for yfinance_ingestion_dag to 2025-03-16T00:00:00+00:00, run_after=2025-03-17T00:00:00+00:00
[2025-03-14T11:50:21.282+0000] {processor.py:179} INFO - Processing /opt/airflow/dags/pipeline.py took 1.684 seconds
[2025-03-14T11:50:51.858+0000] {processor.py:157} INFO - Started process (PID=338) to work on /opt/airflow/dags/pipeline.py
[2025-03-14T11:50:51.859+0000] {processor.py:829} INFO - Processing file /opt/airflow/dags/pipeline.py for tasks to queue
[2025-03-14T11:50:51.860+0000] {logging_mixin.py:151} INFO - [2025-03-14T11:50:51.860+0000] {dagbag.py:539} INFO - Filling up the DagBag from /opt/airflow/dags/pipeline.py
[2025-03-14T11:50:52.730+0000] {processor.py:839} INFO - DAG(s) dict_keys(['yfinance_ingestion_dag']) retrieved from /opt/airflow/dags/pipeline.py
[2025-03-14T11:50:52.758+0000] {logging_mixin.py:151} INFO - [2025-03-14T11:50:52.758+0000] {dag.py:2915} INFO - Sync 1 DAGs
[2025-03-14T11:50:52.783+0000] {logging_mixin.py:151} INFO - [2025-03-14T11:50:52.782+0000] {dag.py:3696} INFO - Setting next_dagrun for yfinance_ingestion_dag to 2025-03-16T00:00:00+00:00, run_after=2025-03-17T00:00:00+00:00
[2025-03-14T11:50:52.811+0000] {processor.py:179} INFO - Processing /opt/airflow/dags/pipeline.py took 0.955 seconds
[2025-03-14T11:51:23.389+0000] {processor.py:157} INFO - Started process (PID=350) to work on /opt/airflow/dags/pipeline.py
[2025-03-14T11:51:23.391+0000] {processor.py:829} INFO - Processing file /opt/airflow/dags/pipeline.py for tasks to queue
[2025-03-14T11:51:23.392+0000] {logging_mixin.py:151} INFO - [2025-03-14T11:51:23.392+0000] {dagbag.py:539} INFO - Filling up the DagBag from /opt/airflow/dags/pipeline.py
[2025-03-14T11:51:24.535+0000] {processor.py:839} INFO - DAG(s) dict_keys(['yfinance_ingestion_dag']) retrieved from /opt/airflow/dags/pipeline.py
[2025-03-14T11:51:24.557+0000] {logging_mixin.py:151} INFO - [2025-03-14T11:51:24.556+0000] {dag.py:2915} INFO - Sync 1 DAGs
[2025-03-14T11:51:24.577+0000] {logging_mixin.py:151} INFO - [2025-03-14T11:51:24.577+0000] {dag.py:3696} INFO - Setting next_dagrun for yfinance_ingestion_dag to 2025-03-16T00:00:00+00:00, run_after=2025-03-17T00:00:00+00:00
[2025-03-14T11:51:24.600+0000] {processor.py:179} INFO - Processing /opt/airflow/dags/pipeline.py took 1.215 seconds
[2025-03-14T11:51:54.955+0000] {processor.py:157} INFO - Started process (PID=362) to work on /opt/airflow/dags/pipeline.py
[2025-03-14T11:51:54.957+0000] {processor.py:829} INFO - Processing file /opt/airflow/dags/pipeline.py for tasks to queue
[2025-03-14T11:51:54.958+0000] {logging_mixin.py:151} INFO - [2025-03-14T11:51:54.957+0000] {dagbag.py:539} INFO - Filling up the DagBag from /opt/airflow/dags/pipeline.py
[2025-03-14T11:51:55.898+0000] {processor.py:839} INFO - DAG(s) dict_keys(['yfinance_ingestion_dag']) retrieved from /opt/airflow/dags/pipeline.py
[2025-03-14T11:51:55.918+0000] {logging_mixin.py:151} INFO - [2025-03-14T11:51:55.918+0000] {dag.py:2915} INFO - Sync 1 DAGs
[2025-03-14T11:51:55.936+0000] {logging_mixin.py:151} INFO - [2025-03-14T11:51:55.936+0000] {dag.py:3696} INFO - Setting next_dagrun for yfinance_ingestion_dag to 2025-03-16T00:00:00+00:00, run_after=2025-03-17T00:00:00+00:00
[2025-03-14T11:51:55.956+0000] {processor.py:179} INFO - Processing /opt/airflow/dags/pipeline.py took 1.005 seconds
[2025-03-14T11:52:26.544+0000] {processor.py:157} INFO - Started process (PID=374) to work on /opt/airflow/dags/pipeline.py
[2025-03-14T11:52:26.546+0000] {processor.py:829} INFO - Processing file /opt/airflow/dags/pipeline.py for tasks to queue
[2025-03-14T11:52:26.547+0000] {logging_mixin.py:151} INFO - [2025-03-14T11:52:26.547+0000] {dagbag.py:539} INFO - Filling up the DagBag from /opt/airflow/dags/pipeline.py
[2025-03-14T11:52:27.703+0000] {processor.py:839} INFO - DAG(s) dict_keys(['yfinance_ingestion_dag']) retrieved from /opt/airflow/dags/pipeline.py
[2025-03-14T11:52:27.731+0000] {logging_mixin.py:151} INFO - [2025-03-14T11:52:27.730+0000] {dag.py:2915} INFO - Sync 1 DAGs
[2025-03-14T11:52:27.754+0000] {logging_mixin.py:151} INFO - [2025-03-14T11:52:27.754+0000] {dag.py:3696} INFO - Setting next_dagrun for yfinance_ingestion_dag to 2025-03-16T00:00:00+00:00, run_after=2025-03-17T00:00:00+00:00
[2025-03-14T11:52:27.780+0000] {processor.py:179} INFO - Processing /opt/airflow/dags/pipeline.py took 1.240 seconds
[2025-03-14T11:52:57.974+0000] {processor.py:157} INFO - Started process (PID=386) to work on /opt/airflow/dags/pipeline.py
[2025-03-14T11:52:57.976+0000] {processor.py:829} INFO - Processing file /opt/airflow/dags/pipeline.py for tasks to queue
[2025-03-14T11:52:57.977+0000] {logging_mixin.py:151} INFO - [2025-03-14T11:52:57.976+0000] {dagbag.py:539} INFO - Filling up the DagBag from /opt/airflow/dags/pipeline.py
[2025-03-14T11:52:59.067+0000] {processor.py:839} INFO - DAG(s) dict_keys(['yfinance_ingestion_dag']) retrieved from /opt/airflow/dags/pipeline.py
[2025-03-14T11:52:59.091+0000] {logging_mixin.py:151} INFO - [2025-03-14T11:52:59.091+0000] {dag.py:2915} INFO - Sync 1 DAGs
[2025-03-14T11:52:59.120+0000] {logging_mixin.py:151} INFO - [2025-03-14T11:52:59.120+0000] {dag.py:3696} INFO - Setting next_dagrun for yfinance_ingestion_dag to 2025-03-16T00:00:00+00:00, run_after=2025-03-17T00:00:00+00:00
[2025-03-14T11:52:59.150+0000] {processor.py:179} INFO - Processing /opt/airflow/dags/pipeline.py took 1.180 seconds
[2025-03-14T11:53:29.742+0000] {processor.py:157} INFO - Started process (PID=398) to work on /opt/airflow/dags/pipeline.py
[2025-03-14T11:53:29.744+0000] {processor.py:829} INFO - Processing file /opt/airflow/dags/pipeline.py for tasks to queue
[2025-03-14T11:53:29.745+0000] {logging_mixin.py:151} INFO - [2025-03-14T11:53:29.745+0000] {dagbag.py:539} INFO - Filling up the DagBag from /opt/airflow/dags/pipeline.py
[2025-03-14T11:53:30.713+0000] {processor.py:839} INFO - DAG(s) dict_keys(['yfinance_ingestion_dag']) retrieved from /opt/airflow/dags/pipeline.py
[2025-03-14T11:53:30.738+0000] {logging_mixin.py:151} INFO - [2025-03-14T11:53:30.737+0000] {dag.py:2915} INFO - Sync 1 DAGs
[2025-03-14T11:53:30.762+0000] {logging_mixin.py:151} INFO - [2025-03-14T11:53:30.762+0000] {dag.py:3696} INFO - Setting next_dagrun for yfinance_ingestion_dag to 2025-03-16T00:00:00+00:00, run_after=2025-03-17T00:00:00+00:00
[2025-03-14T11:53:30.787+0000] {processor.py:179} INFO - Processing /opt/airflow/dags/pipeline.py took 1.049 seconds
[2025-03-14T11:54:01.132+0000] {processor.py:157} INFO - Started process (PID=410) to work on /opt/airflow/dags/pipeline.py
[2025-03-14T11:54:01.134+0000] {processor.py:829} INFO - Processing file /opt/airflow/dags/pipeline.py for tasks to queue
[2025-03-14T11:54:01.135+0000] {logging_mixin.py:151} INFO - [2025-03-14T11:54:01.134+0000] {dagbag.py:539} INFO - Filling up the DagBag from /opt/airflow/dags/pipeline.py
[2025-03-14T11:54:02.242+0000] {processor.py:839} INFO - DAG(s) dict_keys(['yfinance_ingestion_dag']) retrieved from /opt/airflow/dags/pipeline.py
[2025-03-14T11:54:02.266+0000] {logging_mixin.py:151} INFO - [2025-03-14T11:54:02.264+0000] {dag.py:2915} INFO - Sync 1 DAGs
[2025-03-14T11:54:02.285+0000] {logging_mixin.py:151} INFO - [2025-03-14T11:54:02.285+0000] {dag.py:3696} INFO - Setting next_dagrun for yfinance_ingestion_dag to 2025-03-16T00:00:00+00:00, run_after=2025-03-17T00:00:00+00:00
[2025-03-14T11:54:02.309+0000] {processor.py:179} INFO - Processing /opt/airflow/dags/pipeline.py took 1.180 seconds
[2025-03-14T11:54:32.595+0000] {processor.py:157} INFO - Started process (PID=422) to work on /opt/airflow/dags/pipeline.py
[2025-03-14T11:54:32.596+0000] {processor.py:829} INFO - Processing file /opt/airflow/dags/pipeline.py for tasks to queue
[2025-03-14T11:54:32.598+0000] {logging_mixin.py:151} INFO - [2025-03-14T11:54:32.597+0000] {dagbag.py:539} INFO - Filling up the DagBag from /opt/airflow/dags/pipeline.py
[2025-03-14T11:54:33.556+0000] {processor.py:839} INFO - DAG(s) dict_keys(['yfinance_ingestion_dag']) retrieved from /opt/airflow/dags/pipeline.py
[2025-03-14T11:54:33.580+0000] {logging_mixin.py:151} INFO - [2025-03-14T11:54:33.579+0000] {dag.py:2915} INFO - Sync 1 DAGs
[2025-03-14T11:54:33.599+0000] {logging_mixin.py:151} INFO - [2025-03-14T11:54:33.599+0000] {dag.py:3696} INFO - Setting next_dagrun for yfinance_ingestion_dag to 2025-03-16T00:00:00+00:00, run_after=2025-03-17T00:00:00+00:00
[2025-03-14T11:54:33.621+0000] {processor.py:179} INFO - Processing /opt/airflow/dags/pipeline.py took 1.030 seconds
[2025-03-14T11:55:04.113+0000] {processor.py:157} INFO - Started process (PID=440) to work on /opt/airflow/dags/pipeline.py
[2025-03-14T11:55:04.114+0000] {processor.py:829} INFO - Processing file /opt/airflow/dags/pipeline.py for tasks to queue
[2025-03-14T11:55:04.115+0000] {logging_mixin.py:151} INFO - [2025-03-14T11:55:04.115+0000] {dagbag.py:539} INFO - Filling up the DagBag from /opt/airflow/dags/pipeline.py
[2025-03-14T11:55:04.953+0000] {processor.py:839} INFO - DAG(s) dict_keys(['yfinance_ingestion_dag']) retrieved from /opt/airflow/dags/pipeline.py
[2025-03-14T11:55:04.977+0000] {logging_mixin.py:151} INFO - [2025-03-14T11:55:04.977+0000] {dag.py:2915} INFO - Sync 1 DAGs
[2025-03-14T11:55:05.001+0000] {logging_mixin.py:151} INFO - [2025-03-14T11:55:05.000+0000] {dag.py:3696} INFO - Setting next_dagrun for yfinance_ingestion_dag to 2025-03-16T00:00:00+00:00, run_after=2025-03-17T00:00:00+00:00
[2025-03-14T11:55:05.025+0000] {processor.py:179} INFO - Processing /opt/airflow/dags/pipeline.py took 0.914 seconds
[2025-03-14T11:55:07.464+0000] {processor.py:157} INFO - Started process (PID=446) to work on /opt/airflow/dags/pipeline.py
[2025-03-14T11:55:07.466+0000] {processor.py:829} INFO - Processing file /opt/airflow/dags/pipeline.py for tasks to queue
[2025-03-14T11:55:07.468+0000] {logging_mixin.py:151} INFO - [2025-03-14T11:55:07.468+0000] {dagbag.py:539} INFO - Filling up the DagBag from /opt/airflow/dags/pipeline.py
[2025-03-14T11:55:08.483+0000] {processor.py:839} INFO - DAG(s) dict_keys(['yfinance_ingestion_dag']) retrieved from /opt/airflow/dags/pipeline.py
[2025-03-14T11:55:08.589+0000] {logging_mixin.py:151} INFO - [2025-03-14T11:55:08.588+0000] {security.py:708} INFO - Not syncing DAG-level permissions for DAG 'DAG:yfinance_ingestion_dag' as access control is unset.
[2025-03-14T11:55:08.591+0000] {logging_mixin.py:151} INFO - [2025-03-14T11:55:08.590+0000] {dag.py:2915} INFO - Sync 1 DAGs
[2025-03-14T11:55:08.621+0000] {logging_mixin.py:151} INFO - [2025-03-14T11:55:08.621+0000] {dag.py:3696} INFO - Setting next_dagrun for yfinance_ingestion_dag to 2025-02-24T00:00:00+00:00, run_after=2025-02-25T00:00:00+00:00
[2025-03-14T11:55:08.681+0000] {processor.py:179} INFO - Processing /opt/airflow/dags/pipeline.py took 1.222 seconds
[2025-03-14T11:55:08.761+0000] {processor.py:157} INFO - Started process (PID=452) to work on /opt/airflow/dags/pipeline.py
[2025-03-14T11:55:08.763+0000] {processor.py:829} INFO - Processing file /opt/airflow/dags/pipeline.py for tasks to queue
[2025-03-14T11:55:08.765+0000] {logging_mixin.py:151} INFO - [2025-03-14T11:55:08.764+0000] {dagbag.py:539} INFO - Filling up the DagBag from /opt/airflow/dags/pipeline.py
[2025-03-14T11:55:10.396+0000] {processor.py:839} INFO - DAG(s) dict_keys(['yfinance_ingestion_dag']) retrieved from /opt/airflow/dags/pipeline.py
[2025-03-14T11:55:10.421+0000] {logging_mixin.py:151} INFO - [2025-03-14T11:55:10.419+0000] {dag.py:2915} INFO - Sync 1 DAGs
[2025-03-14T11:55:10.484+0000] {logging_mixin.py:151} INFO - [2025-03-14T11:55:10.483+0000] {dag.py:3696} INFO - Setting next_dagrun for yfinance_ingestion_dag to 2025-02-28T00:00:00+00:00, run_after=2025-03-01T00:00:00+00:00
[2025-03-14T11:55:10.558+0000] {processor.py:179} INFO - Processing /opt/airflow/dags/pipeline.py took 1.804 seconds
[2025-03-14T11:55:19.823+0000] {processor.py:157} INFO - Started process (PID=496) to work on /opt/airflow/dags/pipeline.py
[2025-03-14T11:55:19.845+0000] {processor.py:829} INFO - Processing file /opt/airflow/dags/pipeline.py for tasks to queue
[2025-03-14T11:55:19.850+0000] {logging_mixin.py:151} INFO - [2025-03-14T11:55:19.848+0000] {dagbag.py:539} INFO - Filling up the DagBag from /opt/airflow/dags/pipeline.py
[2025-03-14T11:55:37.185+0000] {processor.py:839} INFO - DAG(s) dict_keys(['yfinance_ingestion_dag']) retrieved from /opt/airflow/dags/pipeline.py
[2025-03-14T11:55:37.237+0000] {logging_mixin.py:151} INFO - [2025-03-14T11:55:37.235+0000] {dag.py:2915} INFO - Sync 1 DAGs
[2025-03-14T11:55:37.482+0000] {processor.py:179} INFO - Processing /opt/airflow/dags/pipeline.py took 19.667 seconds
[2025-03-14T11:56:08.064+0000] {processor.py:157} INFO - Started process (PID=603) to work on /opt/airflow/dags/pipeline.py
[2025-03-14T11:56:08.066+0000] {processor.py:829} INFO - Processing file /opt/airflow/dags/pipeline.py for tasks to queue
[2025-03-14T11:56:08.068+0000] {logging_mixin.py:151} INFO - [2025-03-14T11:56:08.067+0000] {dagbag.py:539} INFO - Filling up the DagBag from /opt/airflow/dags/pipeline.py
[2025-03-14T11:56:09.271+0000] {processor.py:839} INFO - DAG(s) dict_keys(['yfinance_ingestion_dag']) retrieved from /opt/airflow/dags/pipeline.py
[2025-03-14T11:56:09.300+0000] {logging_mixin.py:151} INFO - [2025-03-14T11:56:09.300+0000] {dag.py:2915} INFO - Sync 1 DAGs
[2025-03-14T11:56:09.326+0000] {logging_mixin.py:151} INFO - [2025-03-14T11:56:09.325+0000] {dag.py:3696} INFO - Setting next_dagrun for yfinance_ingestion_dag to 2025-03-14T00:00:00+00:00, run_after=2025-03-15T00:00:00+00:00
[2025-03-14T11:56:09.357+0000] {processor.py:179} INFO - Processing /opt/airflow/dags/pipeline.py took 1.298 seconds
[2025-03-14T11:56:39.554+0000] {processor.py:157} INFO - Started process (PID=615) to work on /opt/airflow/dags/pipeline.py
[2025-03-14T11:56:39.555+0000] {processor.py:829} INFO - Processing file /opt/airflow/dags/pipeline.py for tasks to queue
[2025-03-14T11:56:39.556+0000] {logging_mixin.py:151} INFO - [2025-03-14T11:56:39.555+0000] {dagbag.py:539} INFO - Filling up the DagBag from /opt/airflow/dags/pipeline.py
[2025-03-14T11:56:40.344+0000] {processor.py:839} INFO - DAG(s) dict_keys(['yfinance_ingestion_dag']) retrieved from /opt/airflow/dags/pipeline.py
[2025-03-14T11:56:40.367+0000] {logging_mixin.py:151} INFO - [2025-03-14T11:56:40.367+0000] {dag.py:2915} INFO - Sync 1 DAGs
[2025-03-14T11:56:40.390+0000] {logging_mixin.py:151} INFO - [2025-03-14T11:56:40.390+0000] {dag.py:3696} INFO - Setting next_dagrun for yfinance_ingestion_dag to 2025-03-14T00:00:00+00:00, run_after=2025-03-15T00:00:00+00:00
[2025-03-14T11:56:40.414+0000] {processor.py:179} INFO - Processing /opt/airflow/dags/pipeline.py took 0.864 seconds
[2025-03-14T11:57:10.653+0000] {processor.py:157} INFO - Started process (PID=634) to work on /opt/airflow/dags/pipeline.py
[2025-03-14T11:57:10.654+0000] {processor.py:829} INFO - Processing file /opt/airflow/dags/pipeline.py for tasks to queue
[2025-03-14T11:57:10.655+0000] {logging_mixin.py:151} INFO - [2025-03-14T11:57:10.655+0000] {dagbag.py:539} INFO - Filling up the DagBag from /opt/airflow/dags/pipeline.py
[2025-03-14T11:57:11.619+0000] {processor.py:839} INFO - DAG(s) dict_keys(['yfinance_ingestion_dag']) retrieved from /opt/airflow/dags/pipeline.py
[2025-03-14T11:57:11.650+0000] {logging_mixin.py:151} INFO - [2025-03-14T11:57:11.649+0000] {dag.py:2915} INFO - Sync 1 DAGs
[2025-03-14T11:57:11.673+0000] {logging_mixin.py:151} INFO - [2025-03-14T11:57:11.673+0000] {dag.py:3696} INFO - Setting next_dagrun for yfinance_ingestion_dag to 2025-03-14T00:00:00+00:00, run_after=2025-03-15T00:00:00+00:00
[2025-03-14T11:57:11.702+0000] {processor.py:179} INFO - Processing /opt/airflow/dags/pipeline.py took 1.053 seconds
[2025-03-14T11:57:41.851+0000] {processor.py:157} INFO - Started process (PID=646) to work on /opt/airflow/dags/pipeline.py
[2025-03-14T11:57:41.852+0000] {processor.py:829} INFO - Processing file /opt/airflow/dags/pipeline.py for tasks to queue
[2025-03-14T11:57:41.853+0000] {logging_mixin.py:151} INFO - [2025-03-14T11:57:41.853+0000] {dagbag.py:539} INFO - Filling up the DagBag from /opt/airflow/dags/pipeline.py
[2025-03-14T11:57:42.688+0000] {processor.py:839} INFO - DAG(s) dict_keys(['yfinance_ingestion_dag']) retrieved from /opt/airflow/dags/pipeline.py
[2025-03-14T11:57:42.711+0000] {logging_mixin.py:151} INFO - [2025-03-14T11:57:42.710+0000] {dag.py:2915} INFO - Sync 1 DAGs
[2025-03-14T11:57:42.731+0000] {logging_mixin.py:151} INFO - [2025-03-14T11:57:42.731+0000] {dag.py:3696} INFO - Setting next_dagrun for yfinance_ingestion_dag to 2025-03-14T00:00:00+00:00, run_after=2025-03-15T00:00:00+00:00
[2025-03-14T11:57:42.753+0000] {processor.py:179} INFO - Processing /opt/airflow/dags/pipeline.py took 0.906 seconds
[2025-03-14T11:58:13.073+0000] {processor.py:157} INFO - Started process (PID=658) to work on /opt/airflow/dags/pipeline.py
[2025-03-14T11:58:13.074+0000] {processor.py:829} INFO - Processing file /opt/airflow/dags/pipeline.py for tasks to queue
[2025-03-14T11:58:13.075+0000] {logging_mixin.py:151} INFO - [2025-03-14T11:58:13.075+0000] {dagbag.py:539} INFO - Filling up the DagBag from /opt/airflow/dags/pipeline.py
[2025-03-14T11:58:14.163+0000] {processor.py:839} INFO - DAG(s) dict_keys(['yfinance_ingestion_dag']) retrieved from /opt/airflow/dags/pipeline.py
[2025-03-14T11:58:14.213+0000] {logging_mixin.py:151} INFO - [2025-03-14T11:58:14.212+0000] {dag.py:2915} INFO - Sync 1 DAGs
[2025-03-14T11:58:14.281+0000] {logging_mixin.py:151} INFO - [2025-03-14T11:58:14.280+0000] {dag.py:3696} INFO - Setting next_dagrun for yfinance_ingestion_dag to 2025-03-14T00:00:00+00:00, run_after=2025-03-15T00:00:00+00:00
[2025-03-14T11:58:14.305+0000] {processor.py:179} INFO - Processing /opt/airflow/dags/pipeline.py took 1.235 seconds
[2025-03-14T11:58:44.652+0000] {processor.py:157} INFO - Started process (PID=670) to work on /opt/airflow/dags/pipeline.py
[2025-03-14T11:58:44.653+0000] {processor.py:829} INFO - Processing file /opt/airflow/dags/pipeline.py for tasks to queue
[2025-03-14T11:58:44.654+0000] {logging_mixin.py:151} INFO - [2025-03-14T11:58:44.654+0000] {dagbag.py:539} INFO - Filling up the DagBag from /opt/airflow/dags/pipeline.py
[2025-03-14T11:58:45.458+0000] {processor.py:839} INFO - DAG(s) dict_keys(['yfinance_ingestion_dag']) retrieved from /opt/airflow/dags/pipeline.py
[2025-03-14T11:58:45.480+0000] {logging_mixin.py:151} INFO - [2025-03-14T11:58:45.480+0000] {dag.py:2915} INFO - Sync 1 DAGs
[2025-03-14T11:58:45.501+0000] {logging_mixin.py:151} INFO - [2025-03-14T11:58:45.501+0000] {dag.py:3696} INFO - Setting next_dagrun for yfinance_ingestion_dag to 2025-03-14T00:00:00+00:00, run_after=2025-03-15T00:00:00+00:00
[2025-03-14T11:58:45.524+0000] {processor.py:179} INFO - Processing /opt/airflow/dags/pipeline.py took 0.875 seconds
[2025-03-14T11:59:15.992+0000] {processor.py:157} INFO - Started process (PID=682) to work on /opt/airflow/dags/pipeline.py
[2025-03-14T11:59:15.994+0000] {processor.py:829} INFO - Processing file /opt/airflow/dags/pipeline.py for tasks to queue
[2025-03-14T11:59:15.995+0000] {logging_mixin.py:151} INFO - [2025-03-14T11:59:15.995+0000] {dagbag.py:539} INFO - Filling up the DagBag from /opt/airflow/dags/pipeline.py
[2025-03-14T11:59:16.828+0000] {processor.py:839} INFO - DAG(s) dict_keys(['yfinance_ingestion_dag']) retrieved from /opt/airflow/dags/pipeline.py
[2025-03-14T11:59:16.853+0000] {logging_mixin.py:151} INFO - [2025-03-14T11:59:16.852+0000] {dag.py:2915} INFO - Sync 1 DAGs
[2025-03-14T11:59:16.874+0000] {logging_mixin.py:151} INFO - [2025-03-14T11:59:16.874+0000] {dag.py:3696} INFO - Setting next_dagrun for yfinance_ingestion_dag to 2025-03-14T00:00:00+00:00, run_after=2025-03-15T00:00:00+00:00
[2025-03-14T11:59:16.897+0000] {processor.py:179} INFO - Processing /opt/airflow/dags/pipeline.py took 0.909 seconds
[2025-03-14T11:59:47.185+0000] {processor.py:157} INFO - Started process (PID=694) to work on /opt/airflow/dags/pipeline.py
[2025-03-14T11:59:47.186+0000] {processor.py:829} INFO - Processing file /opt/airflow/dags/pipeline.py for tasks to queue
[2025-03-14T11:59:47.188+0000] {logging_mixin.py:151} INFO - [2025-03-14T11:59:47.187+0000] {dagbag.py:539} INFO - Filling up the DagBag from /opt/airflow/dags/pipeline.py
[2025-03-14T11:59:48.212+0000] {processor.py:839} INFO - DAG(s) dict_keys(['yfinance_ingestion_dag']) retrieved from /opt/airflow/dags/pipeline.py
[2025-03-14T11:59:48.238+0000] {logging_mixin.py:151} INFO - [2025-03-14T11:59:48.238+0000] {dag.py:2915} INFO - Sync 1 DAGs
[2025-03-14T11:59:48.263+0000] {logging_mixin.py:151} INFO - [2025-03-14T11:59:48.263+0000] {dag.py:3696} INFO - Setting next_dagrun for yfinance_ingestion_dag to 2025-03-14T00:00:00+00:00, run_after=2025-03-15T00:00:00+00:00
[2025-03-14T11:59:48.290+0000] {processor.py:179} INFO - Processing /opt/airflow/dags/pipeline.py took 1.110 seconds
[2025-03-14T12:00:18.362+0000] {processor.py:157} INFO - Started process (PID=706) to work on /opt/airflow/dags/pipeline.py
[2025-03-14T12:00:18.363+0000] {processor.py:829} INFO - Processing file /opt/airflow/dags/pipeline.py for tasks to queue
[2025-03-14T12:00:18.365+0000] {logging_mixin.py:151} INFO - [2025-03-14T12:00:18.364+0000] {dagbag.py:539} INFO - Filling up the DagBag from /opt/airflow/dags/pipeline.py
[2025-03-14T12:00:19.463+0000] {processor.py:839} INFO - DAG(s) dict_keys(['yfinance_ingestion_dag']) retrieved from /opt/airflow/dags/pipeline.py
[2025-03-14T12:00:19.502+0000] {logging_mixin.py:151} INFO - [2025-03-14T12:00:19.502+0000] {dag.py:2915} INFO - Sync 1 DAGs
[2025-03-14T12:00:19.543+0000] {logging_mixin.py:151} INFO - [2025-03-14T12:00:19.543+0000] {dag.py:3696} INFO - Setting next_dagrun for yfinance_ingestion_dag to 2025-03-14T00:00:00+00:00, run_after=2025-03-15T00:00:00+00:00
[2025-03-14T12:00:19.583+0000] {processor.py:179} INFO - Processing /opt/airflow/dags/pipeline.py took 1.225 seconds
[2025-03-14T12:00:49.734+0000] {processor.py:157} INFO - Started process (PID=718) to work on /opt/airflow/dags/pipeline.py
[2025-03-14T12:00:49.735+0000] {processor.py:829} INFO - Processing file /opt/airflow/dags/pipeline.py for tasks to queue
[2025-03-14T12:00:49.736+0000] {logging_mixin.py:151} INFO - [2025-03-14T12:00:49.736+0000] {dagbag.py:539} INFO - Filling up the DagBag from /opt/airflow/dags/pipeline.py
[2025-03-14T12:00:50.845+0000] {processor.py:839} INFO - DAG(s) dict_keys(['yfinance_ingestion_dag']) retrieved from /opt/airflow/dags/pipeline.py
[2025-03-14T12:00:50.868+0000] {logging_mixin.py:151} INFO - [2025-03-14T12:00:50.867+0000] {dag.py:2915} INFO - Sync 1 DAGs
[2025-03-14T12:00:50.888+0000] {logging_mixin.py:151} INFO - [2025-03-14T12:00:50.888+0000] {dag.py:3696} INFO - Setting next_dagrun for yfinance_ingestion_dag to 2025-03-14T00:00:00+00:00, run_after=2025-03-15T00:00:00+00:00
[2025-03-14T12:00:50.911+0000] {processor.py:179} INFO - Processing /opt/airflow/dags/pipeline.py took 1.180 seconds
[2025-03-14T12:01:21.426+0000] {processor.py:157} INFO - Started process (PID=730) to work on /opt/airflow/dags/pipeline.py
[2025-03-14T12:01:21.428+0000] {processor.py:829} INFO - Processing file /opt/airflow/dags/pipeline.py for tasks to queue
[2025-03-14T12:01:21.429+0000] {logging_mixin.py:151} INFO - [2025-03-14T12:01:21.428+0000] {dagbag.py:539} INFO - Filling up the DagBag from /opt/airflow/dags/pipeline.py
[2025-03-14T12:01:22.493+0000] {processor.py:839} INFO - DAG(s) dict_keys(['yfinance_ingestion_dag']) retrieved from /opt/airflow/dags/pipeline.py
[2025-03-14T12:01:22.555+0000] {logging_mixin.py:151} INFO - [2025-03-14T12:01:22.554+0000] {dag.py:2915} INFO - Sync 1 DAGs
[2025-03-14T12:01:22.593+0000] {logging_mixin.py:151} INFO - [2025-03-14T12:01:22.591+0000] {dag.py:3696} INFO - Setting next_dagrun for yfinance_ingestion_dag to 2025-03-14T00:00:00+00:00, run_after=2025-03-15T00:00:00+00:00
[2025-03-14T12:01:22.624+0000] {processor.py:179} INFO - Processing /opt/airflow/dags/pipeline.py took 1.201 seconds
[2025-03-14T12:01:23.777+0000] {processor.py:157} INFO - Started process (PID=742) to work on /opt/airflow/dags/pipeline.py
[2025-03-14T12:01:23.780+0000] {processor.py:829} INFO - Processing file /opt/airflow/dags/pipeline.py for tasks to queue
[2025-03-14T12:01:23.783+0000] {logging_mixin.py:151} INFO - [2025-03-14T12:01:23.782+0000] {dagbag.py:539} INFO - Filling up the DagBag from /opt/airflow/dags/pipeline.py
[2025-03-14T12:01:25.293+0000] {processor.py:839} INFO - DAG(s) dict_keys(['yfinance_ingestion_dag']) retrieved from /opt/airflow/dags/pipeline.py
[2025-03-14T12:01:25.497+0000] {logging_mixin.py:151} INFO - [2025-03-14T12:01:25.496+0000] {security.py:708} INFO - Not syncing DAG-level permissions for DAG 'DAG:yfinance_ingestion_dag' as access control is unset.
[2025-03-14T12:01:25.498+0000] {logging_mixin.py:151} INFO - [2025-03-14T12:01:25.498+0000] {dag.py:2915} INFO - Sync 1 DAGs
[2025-03-14T12:01:25.516+0000] {logging_mixin.py:151} INFO - [2025-03-14T12:01:25.516+0000] {dag.py:3696} INFO - Setting next_dagrun for yfinance_ingestion_dag to 2025-03-14T00:00:00+00:00, run_after=2025-03-15T00:00:00+00:00
[2025-03-14T12:01:25.546+0000] {processor.py:179} INFO - Processing /opt/airflow/dags/pipeline.py took 1.776 seconds
[2025-03-14T12:01:55.911+0000] {processor.py:157} INFO - Started process (PID=779) to work on /opt/airflow/dags/pipeline.py
[2025-03-14T12:01:55.912+0000] {processor.py:829} INFO - Processing file /opt/airflow/dags/pipeline.py for tasks to queue
[2025-03-14T12:01:55.913+0000] {logging_mixin.py:151} INFO - [2025-03-14T12:01:55.913+0000] {dagbag.py:539} INFO - Filling up the DagBag from /opt/airflow/dags/pipeline.py
[2025-03-14T12:01:56.840+0000] {processor.py:839} INFO - DAG(s) dict_keys(['yfinance_ingestion_dag']) retrieved from /opt/airflow/dags/pipeline.py
[2025-03-14T12:01:56.882+0000] {logging_mixin.py:151} INFO - [2025-03-14T12:01:56.881+0000] {dag.py:2915} INFO - Sync 1 DAGs
[2025-03-14T12:01:56.935+0000] {logging_mixin.py:151} INFO - [2025-03-14T12:01:56.935+0000] {dag.py:3696} INFO - Setting next_dagrun for yfinance_ingestion_dag to 2025-03-14T00:00:00+00:00, run_after=2025-03-15T00:00:00+00:00
[2025-03-14T12:01:56.965+0000] {processor.py:179} INFO - Processing /opt/airflow/dags/pipeline.py took 1.057 seconds
[2025-03-14T12:02:27.248+0000] {processor.py:157} INFO - Started process (PID=791) to work on /opt/airflow/dags/pipeline.py
[2025-03-14T12:02:27.251+0000] {processor.py:829} INFO - Processing file /opt/airflow/dags/pipeline.py for tasks to queue
[2025-03-14T12:02:27.259+0000] {logging_mixin.py:151} INFO - [2025-03-14T12:02:27.258+0000] {dagbag.py:539} INFO - Filling up the DagBag from /opt/airflow/dags/pipeline.py
[2025-03-14T12:02:28.760+0000] {processor.py:839} INFO - DAG(s) dict_keys(['yfinance_ingestion_dag']) retrieved from /opt/airflow/dags/pipeline.py
[2025-03-14T12:02:28.785+0000] {logging_mixin.py:151} INFO - [2025-03-14T12:02:28.784+0000] {dag.py:2915} INFO - Sync 1 DAGs
[2025-03-14T12:02:28.811+0000] {logging_mixin.py:151} INFO - [2025-03-14T12:02:28.811+0000] {dag.py:3696} INFO - Setting next_dagrun for yfinance_ingestion_dag to 2025-03-14T00:00:00+00:00, run_after=2025-03-15T00:00:00+00:00
[2025-03-14T12:02:28.839+0000] {processor.py:179} INFO - Processing /opt/airflow/dags/pipeline.py took 1.597 seconds
[2025-03-14T12:02:58.946+0000] {processor.py:157} INFO - Started process (PID=827) to work on /opt/airflow/dags/pipeline.py
[2025-03-14T12:02:58.949+0000] {processor.py:829} INFO - Processing file /opt/airflow/dags/pipeline.py for tasks to queue
[2025-03-14T12:02:58.952+0000] {logging_mixin.py:151} INFO - [2025-03-14T12:02:58.951+0000] {dagbag.py:539} INFO - Filling up the DagBag from /opt/airflow/dags/pipeline.py
[2025-03-14T12:02:59.923+0000] {processor.py:839} INFO - DAG(s) dict_keys(['yfinance_ingestion_dag']) retrieved from /opt/airflow/dags/pipeline.py
[2025-03-14T12:02:59.951+0000] {logging_mixin.py:151} INFO - [2025-03-14T12:02:59.951+0000] {dag.py:2915} INFO - Sync 1 DAGs
[2025-03-14T12:02:59.973+0000] {logging_mixin.py:151} INFO - [2025-03-14T12:02:59.973+0000] {dag.py:3696} INFO - Setting next_dagrun for yfinance_ingestion_dag to 2025-03-14T00:00:00+00:00, run_after=2025-03-15T00:00:00+00:00
[2025-03-14T12:02:59.998+0000] {processor.py:179} INFO - Processing /opt/airflow/dags/pipeline.py took 1.059 seconds
[2025-03-14T12:03:30.148+0000] {processor.py:157} INFO - Started process (PID=839) to work on /opt/airflow/dags/pipeline.py
[2025-03-14T12:03:30.149+0000] {processor.py:829} INFO - Processing file /opt/airflow/dags/pipeline.py for tasks to queue
[2025-03-14T12:03:30.151+0000] {logging_mixin.py:151} INFO - [2025-03-14T12:03:30.150+0000] {dagbag.py:539} INFO - Filling up the DagBag from /opt/airflow/dags/pipeline.py
[2025-03-14T12:03:30.980+0000] {processor.py:839} INFO - DAG(s) dict_keys(['yfinance_ingestion_dag']) retrieved from /opt/airflow/dags/pipeline.py
[2025-03-14T12:03:31.004+0000] {logging_mixin.py:151} INFO - [2025-03-14T12:03:31.003+0000] {dag.py:2915} INFO - Sync 1 DAGs
[2025-03-14T12:03:31.034+0000] {logging_mixin.py:151} INFO - [2025-03-14T12:03:31.034+0000] {dag.py:3696} INFO - Setting next_dagrun for yfinance_ingestion_dag to 2025-03-14T00:00:00+00:00, run_after=2025-03-15T00:00:00+00:00
[2025-03-14T12:03:31.063+0000] {processor.py:179} INFO - Processing /opt/airflow/dags/pipeline.py took 0.918 seconds
[2025-03-14T12:03:56.484+0000] {processor.py:157} INFO - Started process (PID=845) to work on /opt/airflow/dags/pipeline.py
[2025-03-14T12:03:56.486+0000] {processor.py:829} INFO - Processing file /opt/airflow/dags/pipeline.py for tasks to queue
[2025-03-14T12:03:56.487+0000] {logging_mixin.py:151} INFO - [2025-03-14T12:03:56.486+0000] {dagbag.py:539} INFO - Filling up the DagBag from /opt/airflow/dags/pipeline.py
[2025-03-14T12:03:55.949+0000] {processor.py:839} INFO - DAG(s) dict_keys(['yfinance_ingestion_dag']) retrieved from /opt/airflow/dags/pipeline.py
[2025-03-14T12:03:55.998+0000] {logging_mixin.py:151} INFO - [2025-03-14T12:03:55.996+0000] {dag.py:2915} INFO - Sync 1 DAGs
[2025-03-14T12:03:56.056+0000] {logging_mixin.py:151} INFO - [2025-03-14T12:03:56.056+0000] {dag.py:3696} INFO - Setting next_dagrun for yfinance_ingestion_dag to 2025-03-14T00:00:00+00:00, run_after=2025-03-15T00:00:00+00:00
[2025-03-14T12:03:56.097+0000] {processor.py:179} INFO - Processing /opt/airflow/dags/pipeline.py took 1.731 seconds
[2025-03-14T12:04:26.297+0000] {processor.py:157} INFO - Started process (PID=907) to work on /opt/airflow/dags/pipeline.py
[2025-03-14T12:04:26.299+0000] {processor.py:829} INFO - Processing file /opt/airflow/dags/pipeline.py for tasks to queue
[2025-03-14T12:04:26.300+0000] {logging_mixin.py:151} INFO - [2025-03-14T12:04:26.300+0000] {dagbag.py:539} INFO - Filling up the DagBag from /opt/airflow/dags/pipeline.py
[2025-03-14T12:04:27.252+0000] {processor.py:839} INFO - DAG(s) dict_keys(['yfinance_ingestion_dag']) retrieved from /opt/airflow/dags/pipeline.py
[2025-03-14T12:04:27.277+0000] {logging_mixin.py:151} INFO - [2025-03-14T12:04:27.277+0000] {dag.py:2915} INFO - Sync 1 DAGs
[2025-03-14T12:04:27.301+0000] {logging_mixin.py:151} INFO - [2025-03-14T12:04:27.300+0000] {dag.py:3696} INFO - Setting next_dagrun for yfinance_ingestion_dag to 2025-03-14T00:00:00+00:00, run_after=2025-03-15T00:00:00+00:00
[2025-03-14T12:04:27.325+0000] {processor.py:179} INFO - Processing /opt/airflow/dags/pipeline.py took 1.033 seconds
[2025-03-14T12:04:57.527+0000] {processor.py:157} INFO - Started process (PID=919) to work on /opt/airflow/dags/pipeline.py
[2025-03-14T12:04:57.529+0000] {processor.py:829} INFO - Processing file /opt/airflow/dags/pipeline.py for tasks to queue
[2025-03-14T12:04:57.531+0000] {logging_mixin.py:151} INFO - [2025-03-14T12:04:57.530+0000] {dagbag.py:539} INFO - Filling up the DagBag from /opt/airflow/dags/pipeline.py
[2025-03-14T12:04:58.349+0000] {processor.py:839} INFO - DAG(s) dict_keys(['yfinance_ingestion_dag']) retrieved from /opt/airflow/dags/pipeline.py
[2025-03-14T12:04:58.371+0000] {logging_mixin.py:151} INFO - [2025-03-14T12:04:58.370+0000] {dag.py:2915} INFO - Sync 1 DAGs
[2025-03-14T12:04:58.395+0000] {logging_mixin.py:151} INFO - [2025-03-14T12:04:58.394+0000] {dag.py:3696} INFO - Setting next_dagrun for yfinance_ingestion_dag to 2025-03-14T00:00:00+00:00, run_after=2025-03-15T00:00:00+00:00
[2025-03-14T12:04:58.418+0000] {processor.py:179} INFO - Processing /opt/airflow/dags/pipeline.py took 0.896 seconds
[2025-03-14T12:05:28.837+0000] {processor.py:157} INFO - Started process (PID=980) to work on /opt/airflow/dags/pipeline.py
[2025-03-14T12:05:28.840+0000] {processor.py:829} INFO - Processing file /opt/airflow/dags/pipeline.py for tasks to queue
[2025-03-14T12:05:28.843+0000] {logging_mixin.py:151} INFO - [2025-03-14T12:05:28.842+0000] {dagbag.py:539} INFO - Filling up the DagBag from /opt/airflow/dags/pipeline.py
[2025-03-14T12:05:29.988+0000] {processor.py:839} INFO - DAG(s) dict_keys(['yfinance_ingestion_dag']) retrieved from /opt/airflow/dags/pipeline.py
[2025-03-14T12:05:30.018+0000] {logging_mixin.py:151} INFO - [2025-03-14T12:05:30.017+0000] {dag.py:2915} INFO - Sync 1 DAGs
[2025-03-14T12:05:30.052+0000] {logging_mixin.py:151} INFO - [2025-03-14T12:05:30.051+0000] {dag.py:3696} INFO - Setting next_dagrun for yfinance_ingestion_dag to 2025-03-14T00:00:00+00:00, run_after=2025-03-15T00:00:00+00:00
[2025-03-14T12:05:30.085+0000] {processor.py:179} INFO - Processing /opt/airflow/dags/pipeline.py took 1.253 seconds
[2025-03-14T12:06:00.349+0000] {processor.py:157} INFO - Started process (PID=992) to work on /opt/airflow/dags/pipeline.py
[2025-03-14T12:06:00.351+0000] {processor.py:829} INFO - Processing file /opt/airflow/dags/pipeline.py for tasks to queue
[2025-03-14T12:06:00.353+0000] {logging_mixin.py:151} INFO - [2025-03-14T12:06:00.352+0000] {dagbag.py:539} INFO - Filling up the DagBag from /opt/airflow/dags/pipeline.py
[2025-03-14T12:06:01.580+0000] {processor.py:839} INFO - DAG(s) dict_keys(['yfinance_ingestion_dag']) retrieved from /opt/airflow/dags/pipeline.py
[2025-03-14T12:06:01.610+0000] {logging_mixin.py:151} INFO - [2025-03-14T12:06:01.609+0000] {dag.py:2915} INFO - Sync 1 DAGs
[2025-03-14T12:06:01.646+0000] {logging_mixin.py:151} INFO - [2025-03-14T12:06:01.645+0000] {dag.py:3696} INFO - Setting next_dagrun for yfinance_ingestion_dag to 2025-03-14T00:00:00+00:00, run_after=2025-03-15T00:00:00+00:00
[2025-03-14T12:06:01.682+0000] {processor.py:179} INFO - Processing /opt/airflow/dags/pipeline.py took 1.339 seconds
[2025-03-14T12:06:32.066+0000] {processor.py:157} INFO - Started process (PID=1029) to work on /opt/airflow/dags/pipeline.py
[2025-03-14T12:06:32.067+0000] {processor.py:829} INFO - Processing file /opt/airflow/dags/pipeline.py for tasks to queue
[2025-03-14T12:06:32.069+0000] {logging_mixin.py:151} INFO - [2025-03-14T12:06:32.068+0000] {dagbag.py:539} INFO - Filling up the DagBag from /opt/airflow/dags/pipeline.py
[2025-03-14T12:06:33.209+0000] {processor.py:839} INFO - DAG(s) dict_keys(['yfinance_ingestion_dag']) retrieved from /opt/airflow/dags/pipeline.py
[2025-03-14T12:06:33.250+0000] {logging_mixin.py:151} INFO - [2025-03-14T12:06:33.249+0000] {dag.py:2915} INFO - Sync 1 DAGs
[2025-03-14T12:06:33.286+0000] {logging_mixin.py:151} INFO - [2025-03-14T12:06:33.286+0000] {dag.py:3696} INFO - Setting next_dagrun for yfinance_ingestion_dag to 2025-03-14T00:00:00+00:00, run_after=2025-03-15T00:00:00+00:00
[2025-03-14T12:06:33.324+0000] {processor.py:179} INFO - Processing /opt/airflow/dags/pipeline.py took 1.261 seconds
[2025-03-14T12:07:03.875+0000] {processor.py:157} INFO - Started process (PID=1052) to work on /opt/airflow/dags/pipeline.py
[2025-03-14T12:07:03.876+0000] {processor.py:829} INFO - Processing file /opt/airflow/dags/pipeline.py for tasks to queue
[2025-03-14T12:07:03.878+0000] {logging_mixin.py:151} INFO - [2025-03-14T12:07:03.877+0000] {dagbag.py:539} INFO - Filling up the DagBag from /opt/airflow/dags/pipeline.py
[2025-03-14T12:07:05.182+0000] {processor.py:839} INFO - DAG(s) dict_keys(['yfinance_ingestion_dag']) retrieved from /opt/airflow/dags/pipeline.py
[2025-03-14T12:07:05.196+0000] {logging_mixin.py:151} INFO - [2025-03-14T12:07:05.195+0000] {dag.py:2915} INFO - Sync 1 DAGs
[2025-03-14T12:07:05.223+0000] {logging_mixin.py:151} INFO - [2025-03-14T12:07:05.223+0000] {dag.py:3696} INFO - Setting next_dagrun for yfinance_ingestion_dag to 2025-03-14T00:00:00+00:00, run_after=2025-03-15T00:00:00+00:00
[2025-03-14T12:07:05.248+0000] {processor.py:179} INFO - Processing /opt/airflow/dags/pipeline.py took 1.376 seconds
[2025-03-14T12:07:35.385+0000] {processor.py:157} INFO - Started process (PID=1066) to work on /opt/airflow/dags/pipeline.py
[2025-03-14T12:07:35.387+0000] {processor.py:829} INFO - Processing file /opt/airflow/dags/pipeline.py for tasks to queue
[2025-03-14T12:07:35.388+0000] {logging_mixin.py:151} INFO - [2025-03-14T12:07:35.388+0000] {dagbag.py:539} INFO - Filling up the DagBag from /opt/airflow/dags/pipeline.py
[2025-03-14T12:07:36.648+0000] {processor.py:839} INFO - DAG(s) dict_keys(['yfinance_ingestion_dag']) retrieved from /opt/airflow/dags/pipeline.py
[2025-03-14T12:07:36.763+0000] {logging_mixin.py:151} INFO - [2025-03-14T12:07:36.763+0000] {security.py:708} INFO - Not syncing DAG-level permissions for DAG 'DAG:yfinance_ingestion_dag' as access control is unset.
[2025-03-14T12:07:36.766+0000] {logging_mixin.py:151} INFO - [2025-03-14T12:07:36.764+0000] {dag.py:2915} INFO - Sync 1 DAGs
[2025-03-14T12:07:36.798+0000] {logging_mixin.py:151} INFO - [2025-03-14T12:07:36.798+0000] {dag.py:3696} INFO - Setting next_dagrun for yfinance_ingestion_dag to 2025-03-14T00:00:00+00:00, run_after=2025-03-15T00:00:00+00:00
[2025-03-14T12:07:36.833+0000] {processor.py:179} INFO - Processing /opt/airflow/dags/pipeline.py took 1.454 seconds
[2025-03-14T12:08:07.035+0000] {processor.py:157} INFO - Started process (PID=1085) to work on /opt/airflow/dags/pipeline.py
[2025-03-14T12:08:07.036+0000] {processor.py:829} INFO - Processing file /opt/airflow/dags/pipeline.py for tasks to queue
[2025-03-14T12:08:07.037+0000] {logging_mixin.py:151} INFO - [2025-03-14T12:08:07.037+0000] {dagbag.py:539} INFO - Filling up the DagBag from /opt/airflow/dags/pipeline.py
[2025-03-14T12:08:05.606+0000] {processor.py:839} INFO - DAG(s) dict_keys(['yfinance_ingestion_dag']) retrieved from /opt/airflow/dags/pipeline.py
[2025-03-14T12:08:05.620+0000] {logging_mixin.py:151} INFO - [2025-03-14T12:08:05.619+0000] {dag.py:2915} INFO - Sync 1 DAGs
[2025-03-14T12:08:05.649+0000] {logging_mixin.py:151} INFO - [2025-03-14T12:08:05.649+0000] {dag.py:3696} INFO - Setting next_dagrun for yfinance_ingestion_dag to 2025-03-14T00:00:00+00:00, run_after=2025-03-15T00:00:00+00:00
[2025-03-14T12:08:05.674+0000] {processor.py:179} INFO - Processing /opt/airflow/dags/pipeline.py took 0.922 seconds
[2025-03-14T12:08:35.864+0000] {processor.py:157} INFO - Started process (PID=1097) to work on /opt/airflow/dags/pipeline.py
[2025-03-14T12:08:35.865+0000] {processor.py:829} INFO - Processing file /opt/airflow/dags/pipeline.py for tasks to queue
[2025-03-14T12:08:35.868+0000] {logging_mixin.py:151} INFO - [2025-03-14T12:08:35.867+0000] {dagbag.py:539} INFO - Filling up the DagBag from /opt/airflow/dags/pipeline.py
[2025-03-14T12:08:36.991+0000] {processor.py:839} INFO - DAG(s) dict_keys(['yfinance_ingestion_dag']) retrieved from /opt/airflow/dags/pipeline.py
[2025-03-14T12:08:37.004+0000] {logging_mixin.py:151} INFO - [2025-03-14T12:08:37.003+0000] {dag.py:2915} INFO - Sync 1 DAGs
[2025-03-14T12:08:37.024+0000] {logging_mixin.py:151} INFO - [2025-03-14T12:08:37.024+0000] {dag.py:3696} INFO - Setting next_dagrun for yfinance_ingestion_dag to 2025-03-14T00:00:00+00:00, run_after=2025-03-15T00:00:00+00:00
[2025-03-14T12:08:37.048+0000] {processor.py:179} INFO - Processing /opt/airflow/dags/pipeline.py took 1.188 seconds
[2025-03-14T12:09:07.150+0000] {processor.py:157} INFO - Started process (PID=1113) to work on /opt/airflow/dags/pipeline.py
[2025-03-14T12:09:07.151+0000] {processor.py:829} INFO - Processing file /opt/airflow/dags/pipeline.py for tasks to queue
[2025-03-14T12:09:07.153+0000] {logging_mixin.py:151} INFO - [2025-03-14T12:09:07.152+0000] {dagbag.py:539} INFO - Filling up the DagBag from /opt/airflow/dags/pipeline.py
[2025-03-14T12:09:08.068+0000] {processor.py:839} INFO - DAG(s) dict_keys(['yfinance_ingestion_dag']) retrieved from /opt/airflow/dags/pipeline.py
[2025-03-14T12:09:08.195+0000] {logging_mixin.py:151} INFO - [2025-03-14T12:09:08.194+0000] {security.py:708} INFO - Not syncing DAG-level permissions for DAG 'DAG:yfinance_ingestion_dag' as access control is unset.
[2025-03-14T12:09:08.196+0000] {logging_mixin.py:151} INFO - [2025-03-14T12:09:08.196+0000] {dag.py:2915} INFO - Sync 1 DAGs
[2025-03-14T12:09:08.222+0000] {logging_mixin.py:151} INFO - [2025-03-14T12:09:08.222+0000] {dag.py:3696} INFO - Setting next_dagrun for yfinance_ingestion_dag to 2025-03-14T00:00:00+00:00, run_after=2025-03-15T00:00:00+00:00
[2025-03-14T12:09:08.247+0000] {processor.py:179} INFO - Processing /opt/airflow/dags/pipeline.py took 1.103 seconds
[2025-03-14T12:09:16.175+0000] {processor.py:157} INFO - Started process (PID=1125) to work on /opt/airflow/dags/pipeline.py
[2025-03-14T12:09:16.176+0000] {processor.py:829} INFO - Processing file /opt/airflow/dags/pipeline.py for tasks to queue
[2025-03-14T12:09:16.177+0000] {logging_mixin.py:151} INFO - [2025-03-14T12:09:16.176+0000] {dagbag.py:539} INFO - Filling up the DagBag from /opt/airflow/dags/pipeline.py
[2025-03-14T12:09:17.628+0000] {processor.py:839} INFO - DAG(s) dict_keys(['yfinance_ingestion_dag']) retrieved from /opt/airflow/dags/pipeline.py
[2025-03-14T12:09:17.642+0000] {logging_mixin.py:151} INFO - [2025-03-14T12:09:17.641+0000] {dag.py:2915} INFO - Sync 1 DAGs
[2025-03-14T12:09:17.668+0000] {logging_mixin.py:151} INFO - [2025-03-14T12:09:17.668+0000] {dag.py:3696} INFO - Setting next_dagrun for yfinance_ingestion_dag to 2025-03-14T00:00:00+00:00, run_after=2025-03-15T00:00:00+00:00
[2025-03-14T12:09:17.703+0000] {processor.py:179} INFO - Processing /opt/airflow/dags/pipeline.py took 1.532 seconds
[2025-03-14T12:09:47.969+0000] {processor.py:157} INFO - Started process (PID=1144) to work on /opt/airflow/dags/pipeline.py
[2025-03-14T12:09:47.971+0000] {processor.py:829} INFO - Processing file /opt/airflow/dags/pipeline.py for tasks to queue
[2025-03-14T12:09:47.973+0000] {logging_mixin.py:151} INFO - [2025-03-14T12:09:47.973+0000] {dagbag.py:539} INFO - Filling up the DagBag from /opt/airflow/dags/pipeline.py
[2025-03-14T12:09:48.805+0000] {processor.py:839} INFO - DAG(s) dict_keys(['yfinance_ingestion_dag']) retrieved from /opt/airflow/dags/pipeline.py
[2025-03-14T12:09:48.819+0000] {logging_mixin.py:151} INFO - [2025-03-14T12:09:48.818+0000] {dag.py:2915} INFO - Sync 1 DAGs
[2025-03-14T12:09:48.841+0000] {logging_mixin.py:151} INFO - [2025-03-14T12:09:48.841+0000] {dag.py:3696} INFO - Setting next_dagrun for yfinance_ingestion_dag to 2025-03-14T00:00:00+00:00, run_after=2025-03-15T00:00:00+00:00
[2025-03-14T12:09:48.868+0000] {processor.py:179} INFO - Processing /opt/airflow/dags/pipeline.py took 0.903 seconds
[2025-03-14T12:10:19.423+0000] {processor.py:157} INFO - Started process (PID=1156) to work on /opt/airflow/dags/pipeline.py
[2025-03-14T12:10:19.424+0000] {processor.py:829} INFO - Processing file /opt/airflow/dags/pipeline.py for tasks to queue
[2025-03-14T12:10:19.425+0000] {logging_mixin.py:151} INFO - [2025-03-14T12:10:19.425+0000] {dagbag.py:539} INFO - Filling up the DagBag from /opt/airflow/dags/pipeline.py
[2025-03-14T12:10:20.936+0000] {processor.py:839} INFO - DAG(s) dict_keys(['yfinance_ingestion_dag']) retrieved from /opt/airflow/dags/pipeline.py
[2025-03-14T12:10:21.076+0000] {logging_mixin.py:151} INFO - [2025-03-14T12:10:21.075+0000] {security.py:708} INFO - Not syncing DAG-level permissions for DAG 'DAG:yfinance_ingestion_dag' as access control is unset.
[2025-03-14T12:10:21.077+0000] {logging_mixin.py:151} INFO - [2025-03-14T12:10:21.076+0000] {dag.py:2915} INFO - Sync 1 DAGs
[2025-03-14T12:10:21.102+0000] {logging_mixin.py:151} INFO - [2025-03-14T12:10:21.102+0000] {dag.py:3696} INFO - Setting next_dagrun for yfinance_ingestion_dag to 2025-03-14T00:00:00+00:00, run_after=2025-03-15T00:00:00+00:00
[2025-03-14T12:10:21.132+0000] {processor.py:179} INFO - Processing /opt/airflow/dags/pipeline.py took 1.714 seconds
[2025-03-14T12:10:41.273+0000] {processor.py:157} INFO - Started process (PID=1166) to work on /opt/airflow/dags/pipeline.py
[2025-03-14T12:10:41.274+0000] {processor.py:829} INFO - Processing file /opt/airflow/dags/pipeline.py for tasks to queue
[2025-03-14T12:10:41.275+0000] {logging_mixin.py:151} INFO - [2025-03-14T12:10:41.274+0000] {dagbag.py:539} INFO - Filling up the DagBag from /opt/airflow/dags/pipeline.py
[2025-03-14T12:10:42.127+0000] {processor.py:839} INFO - DAG(s) dict_keys(['yfinance_ingestion_dag']) retrieved from /opt/airflow/dags/pipeline.py
[2025-03-14T12:10:42.140+0000] {logging_mixin.py:151} INFO - [2025-03-14T12:10:42.139+0000] {dag.py:2915} INFO - Sync 1 DAGs
[2025-03-14T12:10:42.162+0000] {logging_mixin.py:151} INFO - [2025-03-14T12:10:42.162+0000] {dag.py:3696} INFO - Setting next_dagrun for yfinance_ingestion_dag to 2025-03-14T00:00:00+00:00, run_after=2025-03-15T00:00:00+00:00
[2025-03-14T12:10:42.196+0000] {processor.py:179} INFO - Processing /opt/airflow/dags/pipeline.py took 0.927 seconds
[2025-03-14T12:11:12.700+0000] {processor.py:157} INFO - Started process (PID=1185) to work on /opt/airflow/dags/pipeline.py
[2025-03-14T12:11:12.701+0000] {processor.py:829} INFO - Processing file /opt/airflow/dags/pipeline.py for tasks to queue
[2025-03-14T12:11:12.703+0000] {logging_mixin.py:151} INFO - [2025-03-14T12:11:12.702+0000] {dagbag.py:539} INFO - Filling up the DagBag from /opt/airflow/dags/pipeline.py
[2025-03-14T12:11:13.565+0000] {processor.py:839} INFO - DAG(s) dict_keys(['yfinance_ingestion_dag']) retrieved from /opt/airflow/dags/pipeline.py
[2025-03-14T12:11:13.588+0000] {logging_mixin.py:151} INFO - [2025-03-14T12:11:13.587+0000] {dag.py:2915} INFO - Sync 1 DAGs
[2025-03-14T12:11:13.611+0000] {logging_mixin.py:151} INFO - [2025-03-14T12:11:13.611+0000] {dag.py:3696} INFO - Setting next_dagrun for yfinance_ingestion_dag to 2025-03-14T00:00:00+00:00, run_after=2025-03-15T00:00:00+00:00
[2025-03-14T12:11:13.637+0000] {processor.py:179} INFO - Processing /opt/airflow/dags/pipeline.py took 0.941 seconds
[2025-03-14T12:11:23.712+0000] {processor.py:157} INFO - Started process (PID=1197) to work on /opt/airflow/dags/pipeline.py
[2025-03-14T12:11:23.713+0000] {processor.py:829} INFO - Processing file /opt/airflow/dags/pipeline.py for tasks to queue
[2025-03-14T12:11:23.715+0000] {logging_mixin.py:151} INFO - [2025-03-14T12:11:23.714+0000] {dagbag.py:539} INFO - Filling up the DagBag from /opt/airflow/dags/pipeline.py
[2025-03-14T12:11:24.570+0000] {processor.py:839} INFO - DAG(s) dict_keys(['yfinance_ingestion_dag']) retrieved from /opt/airflow/dags/pipeline.py
[2025-03-14T12:11:24.586+0000] {logging_mixin.py:151} INFO - [2025-03-14T12:11:24.585+0000] {dag.py:2915} INFO - Sync 1 DAGs
[2025-03-14T12:11:24.615+0000] {logging_mixin.py:151} INFO - [2025-03-14T12:11:24.614+0000] {dag.py:3696} INFO - Setting next_dagrun for yfinance_ingestion_dag to 2025-03-14T00:00:00+00:00, run_after=2025-03-15T00:00:00+00:00
[2025-03-14T12:11:24.659+0000] {processor.py:179} INFO - Processing /opt/airflow/dags/pipeline.py took 0.951 seconds
[2025-03-14T12:11:24.705+0000] {processor.py:157} INFO - Started process (PID=1203) to work on /opt/airflow/dags/pipeline.py
[2025-03-14T12:11:24.707+0000] {processor.py:829} INFO - Processing file /opt/airflow/dags/pipeline.py for tasks to queue
[2025-03-14T12:11:24.708+0000] {logging_mixin.py:151} INFO - [2025-03-14T12:11:24.708+0000] {dagbag.py:539} INFO - Filling up the DagBag from /opt/airflow/dags/pipeline.py
[2025-03-14T12:11:25.664+0000] {processor.py:839} INFO - DAG(s) dict_keys(['yfinance_ingestion_dag']) retrieved from /opt/airflow/dags/pipeline.py
[2025-03-14T12:11:25.685+0000] {logging_mixin.py:151} INFO - [2025-03-14T12:11:25.684+0000] {dag.py:2915} INFO - Sync 1 DAGs
[2025-03-14T12:11:25.732+0000] {logging_mixin.py:151} INFO - [2025-03-14T12:11:25.732+0000] {dag.py:3696} INFO - Setting next_dagrun for yfinance_ingestion_dag to 2025-03-14T00:00:00+00:00, run_after=2025-03-15T00:00:00+00:00
[2025-03-14T12:11:25.762+0000] {processor.py:179} INFO - Processing /opt/airflow/dags/pipeline.py took 1.059 seconds
[2025-03-14T12:11:55.342+0000] {processor.py:157} INFO - Started process (PID=1221) to work on /opt/airflow/dags/pipeline.py
[2025-03-14T12:11:55.343+0000] {processor.py:829} INFO - Processing file /opt/airflow/dags/pipeline.py for tasks to queue
[2025-03-14T12:11:55.345+0000] {logging_mixin.py:151} INFO - [2025-03-14T12:11:55.344+0000] {dagbag.py:539} INFO - Filling up the DagBag from /opt/airflow/dags/pipeline.py
[2025-03-14T12:11:56.193+0000] {processor.py:839} INFO - DAG(s) dict_keys(['yfinance_ingestion_dag']) retrieved from /opt/airflow/dags/pipeline.py
[2025-03-14T12:11:56.361+0000] {logging_mixin.py:151} INFO - [2025-03-14T12:11:56.360+0000] {security.py:708} INFO - Not syncing DAG-level permissions for DAG 'DAG:yfinance_ingestion_dag' as access control is unset.
[2025-03-14T12:11:56.362+0000] {logging_mixin.py:151} INFO - [2025-03-14T12:11:56.361+0000] {dag.py:2915} INFO - Sync 1 DAGs
[2025-03-14T12:11:56.385+0000] {logging_mixin.py:151} INFO - [2025-03-14T12:11:56.385+0000] {dag.py:3696} INFO - Setting next_dagrun for yfinance_ingestion_dag to 2025-03-14T00:00:00+00:00, run_after=2025-03-15T00:00:00+00:00
[2025-03-14T12:11:56.416+0000] {processor.py:179} INFO - Processing /opt/airflow/dags/pipeline.py took 1.077 seconds
[2025-03-14T12:12:26.546+0000] {processor.py:157} INFO - Started process (PID=1237) to work on /opt/airflow/dags/pipeline.py
[2025-03-14T12:12:26.548+0000] {processor.py:829} INFO - Processing file /opt/airflow/dags/pipeline.py for tasks to queue
[2025-03-14T12:12:26.550+0000] {logging_mixin.py:151} INFO - [2025-03-14T12:12:26.549+0000] {dagbag.py:539} INFO - Filling up the DagBag from /opt/airflow/dags/pipeline.py
[2025-03-14T12:12:27.514+0000] {processor.py:839} INFO - DAG(s) dict_keys(['yfinance_ingestion_dag']) retrieved from /opt/airflow/dags/pipeline.py
[2025-03-14T12:12:27.538+0000] {logging_mixin.py:151} INFO - [2025-03-14T12:12:27.537+0000] {dag.py:2915} INFO - Sync 1 DAGs
[2025-03-14T12:12:27.558+0000] {logging_mixin.py:151} INFO - [2025-03-14T12:12:27.558+0000] {dag.py:3696} INFO - Setting next_dagrun for yfinance_ingestion_dag to 2025-03-14T00:00:00+00:00, run_after=2025-03-15T00:00:00+00:00
[2025-03-14T12:12:27.585+0000] {processor.py:179} INFO - Processing /opt/airflow/dags/pipeline.py took 1.045 seconds
[2025-03-14T12:12:48.687+0000] {processor.py:157} INFO - Started process (PID=1243) to work on /opt/airflow/dags/pipeline.py
[2025-03-14T12:12:48.688+0000] {processor.py:829} INFO - Processing file /opt/airflow/dags/pipeline.py for tasks to queue
[2025-03-14T12:12:48.689+0000] {logging_mixin.py:151} INFO - [2025-03-14T12:12:48.689+0000] {dagbag.py:539} INFO - Filling up the DagBag from /opt/airflow/dags/pipeline.py
[2025-03-14T12:12:49.580+0000] {processor.py:839} INFO - DAG(s) dict_keys(['yfinance_ingestion_dag']) retrieved from /opt/airflow/dags/pipeline.py
[2025-03-14T12:12:49.615+0000] {logging_mixin.py:151} INFO - [2025-03-14T12:12:49.615+0000] {dag.py:2915} INFO - Sync 1 DAGs
[2025-03-14T12:12:49.647+0000] {logging_mixin.py:151} INFO - [2025-03-14T12:12:49.647+0000] {dag.py:3696} INFO - Setting next_dagrun for yfinance_ingestion_dag to 2025-03-14T00:00:00+00:00, run_after=2025-03-15T00:00:00+00:00
[2025-03-14T12:12:49.690+0000] {processor.py:179} INFO - Processing /opt/airflow/dags/pipeline.py took 1.006 seconds
[2025-03-14T12:13:19.763+0000] {processor.py:157} INFO - Started process (PID=1255) to work on /opt/airflow/dags/pipeline.py
[2025-03-14T12:13:19.765+0000] {processor.py:829} INFO - Processing file /opt/airflow/dags/pipeline.py for tasks to queue
[2025-03-14T12:13:19.767+0000] {logging_mixin.py:151} INFO - [2025-03-14T12:13:19.766+0000] {dagbag.py:539} INFO - Filling up the DagBag from /opt/airflow/dags/pipeline.py
[2025-03-14T12:13:20.728+0000] {processor.py:839} INFO - DAG(s) dict_keys(['yfinance_ingestion_dag']) retrieved from /opt/airflow/dags/pipeline.py
[2025-03-14T12:13:20.763+0000] {logging_mixin.py:151} INFO - [2025-03-14T12:13:20.762+0000] {dag.py:2915} INFO - Sync 1 DAGs
[2025-03-14T12:13:20.795+0000] {logging_mixin.py:151} INFO - [2025-03-14T12:13:20.795+0000] {dag.py:3696} INFO - Setting next_dagrun for yfinance_ingestion_dag to 2025-03-14T00:00:00+00:00, run_after=2025-03-15T00:00:00+00:00
[2025-03-14T12:13:20.826+0000] {processor.py:179} INFO - Processing /opt/airflow/dags/pipeline.py took 1.069 seconds
[2025-03-14T12:13:29.996+0000] {processor.py:157} INFO - Started process (PID=1267) to work on /opt/airflow/dags/pipeline.py
[2025-03-14T12:13:29.997+0000] {processor.py:829} INFO - Processing file /opt/airflow/dags/pipeline.py for tasks to queue
[2025-03-14T12:13:29.998+0000] {logging_mixin.py:151} INFO - [2025-03-14T12:13:29.998+0000] {dagbag.py:539} INFO - Filling up the DagBag from /opt/airflow/dags/pipeline.py
[2025-03-14T12:13:31.080+0000] {processor.py:839} INFO - DAG(s) dict_keys(['yfinance_ingestion_dag']) retrieved from /opt/airflow/dags/pipeline.py
[2025-03-14T12:13:31.109+0000] {logging_mixin.py:151} INFO - [2025-03-14T12:13:31.108+0000] {dag.py:2915} INFO - Sync 1 DAGs
[2025-03-14T12:13:31.132+0000] {logging_mixin.py:151} INFO - [2025-03-14T12:13:31.132+0000] {dag.py:3696} INFO - Setting next_dagrun for yfinance_ingestion_dag to 2025-03-14T00:00:00+00:00, run_after=2025-03-15T00:00:00+00:00
[2025-03-14T12:13:31.160+0000] {processor.py:179} INFO - Processing /opt/airflow/dags/pipeline.py took 1.168 seconds
[2025-03-14T12:14:01.229+0000] {processor.py:157} INFO - Started process (PID=1364) to work on /opt/airflow/dags/pipeline.py
[2025-03-14T12:14:01.230+0000] {processor.py:829} INFO - Processing file /opt/airflow/dags/pipeline.py for tasks to queue
[2025-03-14T12:14:01.232+0000] {logging_mixin.py:151} INFO - [2025-03-14T12:14:01.231+0000] {dagbag.py:539} INFO - Filling up the DagBag from /opt/airflow/dags/pipeline.py
[2025-03-14T12:14:02.488+0000] {processor.py:839} INFO - DAG(s) dict_keys(['yfinance_ingestion_dag']) retrieved from /opt/airflow/dags/pipeline.py
[2025-03-14T12:14:02.524+0000] {logging_mixin.py:151} INFO - [2025-03-14T12:14:02.523+0000] {dag.py:2915} INFO - Sync 1 DAGs
[2025-03-14T12:14:02.557+0000] {logging_mixin.py:151} INFO - [2025-03-14T12:14:02.556+0000] {dag.py:3696} INFO - Setting next_dagrun for yfinance_ingestion_dag to 2025-03-14T00:00:00+00:00, run_after=2025-03-15T00:00:00+00:00
[2025-03-14T12:14:02.584+0000] {processor.py:179} INFO - Processing /opt/airflow/dags/pipeline.py took 1.360 seconds
[2025-03-14T12:14:33.113+0000] {processor.py:157} INFO - Started process (PID=1376) to work on /opt/airflow/dags/pipeline.py
[2025-03-14T12:14:33.114+0000] {processor.py:829} INFO - Processing file /opt/airflow/dags/pipeline.py for tasks to queue
[2025-03-14T12:14:33.115+0000] {logging_mixin.py:151} INFO - [2025-03-14T12:14:33.115+0000] {dagbag.py:539} INFO - Filling up the DagBag from /opt/airflow/dags/pipeline.py
[2025-03-14T12:14:33.993+0000] {processor.py:839} INFO - DAG(s) dict_keys(['yfinance_ingestion_dag']) retrieved from /opt/airflow/dags/pipeline.py
[2025-03-14T12:14:34.016+0000] {logging_mixin.py:151} INFO - [2025-03-14T12:14:34.015+0000] {dag.py:2915} INFO - Sync 1 DAGs
[2025-03-14T12:14:34.038+0000] {logging_mixin.py:151} INFO - [2025-03-14T12:14:34.037+0000] {dag.py:3696} INFO - Setting next_dagrun for yfinance_ingestion_dag to 2025-03-14T00:00:00+00:00, run_after=2025-03-15T00:00:00+00:00
[2025-03-14T12:14:34.063+0000] {processor.py:179} INFO - Processing /opt/airflow/dags/pipeline.py took 0.954 seconds
[2025-03-14T12:15:04.625+0000] {processor.py:157} INFO - Started process (PID=1388) to work on /opt/airflow/dags/pipeline.py
[2025-03-14T12:15:04.626+0000] {processor.py:829} INFO - Processing file /opt/airflow/dags/pipeline.py for tasks to queue
[2025-03-14T12:15:04.627+0000] {logging_mixin.py:151} INFO - [2025-03-14T12:15:04.627+0000] {dagbag.py:539} INFO - Filling up the DagBag from /opt/airflow/dags/pipeline.py
[2025-03-14T12:15:05.442+0000] {processor.py:839} INFO - DAG(s) dict_keys(['yfinance_ingestion_dag']) retrieved from /opt/airflow/dags/pipeline.py
[2025-03-14T12:15:05.467+0000] {logging_mixin.py:151} INFO - [2025-03-14T12:15:05.467+0000] {dag.py:2915} INFO - Sync 1 DAGs
[2025-03-14T12:15:05.490+0000] {logging_mixin.py:151} INFO - [2025-03-14T12:15:05.490+0000] {dag.py:3696} INFO - Setting next_dagrun for yfinance_ingestion_dag to 2025-03-14T00:00:00+00:00, run_after=2025-03-15T00:00:00+00:00
[2025-03-14T12:15:05.517+0000] {processor.py:179} INFO - Processing /opt/airflow/dags/pipeline.py took 0.895 seconds
[2025-03-14T12:15:35.692+0000] {processor.py:157} INFO - Started process (PID=1400) to work on /opt/airflow/dags/pipeline.py
[2025-03-14T12:15:35.693+0000] {processor.py:829} INFO - Processing file /opt/airflow/dags/pipeline.py for tasks to queue
[2025-03-14T12:15:35.695+0000] {logging_mixin.py:151} INFO - [2025-03-14T12:15:35.694+0000] {dagbag.py:539} INFO - Filling up the DagBag from /opt/airflow/dags/pipeline.py
[2025-03-14T12:15:36.641+0000] {processor.py:839} INFO - DAG(s) dict_keys(['yfinance_ingestion_dag']) retrieved from /opt/airflow/dags/pipeline.py
[2025-03-14T12:15:36.671+0000] {logging_mixin.py:151} INFO - [2025-03-14T12:15:36.671+0000] {dag.py:2915} INFO - Sync 1 DAGs
[2025-03-14T12:15:36.695+0000] {logging_mixin.py:151} INFO - [2025-03-14T12:15:36.695+0000] {dag.py:3696} INFO - Setting next_dagrun for yfinance_ingestion_dag to 2025-03-14T00:00:00+00:00, run_after=2025-03-15T00:00:00+00:00
[2025-03-14T12:15:36.715+0000] {processor.py:179} INFO - Processing /opt/airflow/dags/pipeline.py took 1.028 seconds
[2025-03-14T12:16:06.854+0000] {processor.py:157} INFO - Started process (PID=1412) to work on /opt/airflow/dags/pipeline.py
[2025-03-14T12:16:06.855+0000] {processor.py:829} INFO - Processing file /opt/airflow/dags/pipeline.py for tasks to queue
[2025-03-14T12:16:06.856+0000] {logging_mixin.py:151} INFO - [2025-03-14T12:16:06.856+0000] {dagbag.py:539} INFO - Filling up the DagBag from /opt/airflow/dags/pipeline.py
[2025-03-14T12:16:07.689+0000] {processor.py:839} INFO - DAG(s) dict_keys(['yfinance_ingestion_dag']) retrieved from /opt/airflow/dags/pipeline.py
[2025-03-14T12:16:07.716+0000] {logging_mixin.py:151} INFO - [2025-03-14T12:16:07.716+0000] {dag.py:2915} INFO - Sync 1 DAGs
[2025-03-14T12:16:07.738+0000] {logging_mixin.py:151} INFO - [2025-03-14T12:16:07.738+0000] {dag.py:3696} INFO - Setting next_dagrun for yfinance_ingestion_dag to 2025-03-14T00:00:00+00:00, run_after=2025-03-15T00:00:00+00:00
[2025-03-14T12:16:07.761+0000] {processor.py:179} INFO - Processing /opt/airflow/dags/pipeline.py took 0.910 seconds
[2025-03-14T12:16:38.791+0000] {processor.py:157} INFO - Started process (PID=1424) to work on /opt/airflow/dags/pipeline.py
[2025-03-14T12:16:38.793+0000] {processor.py:829} INFO - Processing file /opt/airflow/dags/pipeline.py for tasks to queue
[2025-03-14T12:16:38.795+0000] {logging_mixin.py:151} INFO - [2025-03-14T12:16:38.794+0000] {dagbag.py:539} INFO - Filling up the DagBag from /opt/airflow/dags/pipeline.py
[2025-03-14T12:16:40.415+0000] {processor.py:839} INFO - DAG(s) dict_keys(['yfinance_ingestion_dag']) retrieved from /opt/airflow/dags/pipeline.py
[2025-03-14T12:16:40.476+0000] {logging_mixin.py:151} INFO - [2025-03-14T12:16:40.475+0000] {dag.py:2915} INFO - Sync 1 DAGs
[2025-03-14T12:16:40.545+0000] {logging_mixin.py:151} INFO - [2025-03-14T12:16:40.545+0000] {dag.py:3696} INFO - Setting next_dagrun for yfinance_ingestion_dag to 2025-03-14T00:00:00+00:00, run_after=2025-03-15T00:00:00+00:00
[2025-03-14T12:16:40.592+0000] {processor.py:179} INFO - Processing /opt/airflow/dags/pipeline.py took 1.805 seconds
[2025-03-14T12:17:10.981+0000] {processor.py:157} INFO - Started process (PID=1436) to work on /opt/airflow/dags/pipeline.py
[2025-03-14T12:17:10.982+0000] {processor.py:829} INFO - Processing file /opt/airflow/dags/pipeline.py for tasks to queue
[2025-03-14T12:17:10.983+0000] {logging_mixin.py:151} INFO - [2025-03-14T12:17:10.983+0000] {dagbag.py:539} INFO - Filling up the DagBag from /opt/airflow/dags/pipeline.py
[2025-03-14T12:17:11.899+0000] {processor.py:839} INFO - DAG(s) dict_keys(['yfinance_ingestion_dag']) retrieved from /opt/airflow/dags/pipeline.py
[2025-03-14T12:17:11.926+0000] {logging_mixin.py:151} INFO - [2025-03-14T12:17:11.926+0000] {dag.py:2915} INFO - Sync 1 DAGs
[2025-03-14T12:17:11.947+0000] {logging_mixin.py:151} INFO - [2025-03-14T12:17:11.947+0000] {dag.py:3696} INFO - Setting next_dagrun for yfinance_ingestion_dag to 2025-03-14T00:00:00+00:00, run_after=2025-03-15T00:00:00+00:00
[2025-03-14T12:17:11.968+0000] {processor.py:179} INFO - Processing /opt/airflow/dags/pipeline.py took 0.990 seconds
[2025-03-14T12:17:42.859+0000] {processor.py:157} INFO - Started process (PID=1448) to work on /opt/airflow/dags/pipeline.py
[2025-03-14T12:17:42.860+0000] {processor.py:829} INFO - Processing file /opt/airflow/dags/pipeline.py for tasks to queue
[2025-03-14T12:17:42.861+0000] {logging_mixin.py:151} INFO - [2025-03-14T12:17:42.861+0000] {dagbag.py:539} INFO - Filling up the DagBag from /opt/airflow/dags/pipeline.py
[2025-03-14T12:17:43.778+0000] {processor.py:839} INFO - DAG(s) dict_keys(['yfinance_ingestion_dag']) retrieved from /opt/airflow/dags/pipeline.py
[2025-03-14T12:17:43.803+0000] {logging_mixin.py:151} INFO - [2025-03-14T12:17:43.803+0000] {dag.py:2915} INFO - Sync 1 DAGs
[2025-03-14T12:17:43.826+0000] {logging_mixin.py:151} INFO - [2025-03-14T12:17:43.826+0000] {dag.py:3696} INFO - Setting next_dagrun for yfinance_ingestion_dag to 2025-03-14T00:00:00+00:00, run_after=2025-03-15T00:00:00+00:00
[2025-03-14T12:17:43.846+0000] {processor.py:179} INFO - Processing /opt/airflow/dags/pipeline.py took 0.990 seconds
[2025-03-14T12:18:14.141+0000] {processor.py:157} INFO - Started process (PID=1460) to work on /opt/airflow/dags/pipeline.py
[2025-03-14T12:18:14.142+0000] {processor.py:829} INFO - Processing file /opt/airflow/dags/pipeline.py for tasks to queue
[2025-03-14T12:18:14.144+0000] {logging_mixin.py:151} INFO - [2025-03-14T12:18:14.143+0000] {dagbag.py:539} INFO - Filling up the DagBag from /opt/airflow/dags/pipeline.py
[2025-03-14T12:18:14.971+0000] {processor.py:839} INFO - DAG(s) dict_keys(['yfinance_ingestion_dag']) retrieved from /opt/airflow/dags/pipeline.py
[2025-03-14T12:18:14.996+0000] {logging_mixin.py:151} INFO - [2025-03-14T12:18:14.995+0000] {dag.py:2915} INFO - Sync 1 DAGs
[2025-03-14T12:18:15.015+0000] {logging_mixin.py:151} INFO - [2025-03-14T12:18:15.015+0000] {dag.py:3696} INFO - Setting next_dagrun for yfinance_ingestion_dag to 2025-03-14T00:00:00+00:00, run_after=2025-03-15T00:00:00+00:00
[2025-03-14T12:18:15.040+0000] {processor.py:179} INFO - Processing /opt/airflow/dags/pipeline.py took 0.903 seconds
[2025-03-14T12:18:45.679+0000] {processor.py:157} INFO - Started process (PID=1472) to work on /opt/airflow/dags/pipeline.py
[2025-03-14T12:18:45.685+0000] {processor.py:829} INFO - Processing file /opt/airflow/dags/pipeline.py for tasks to queue
[2025-03-14T12:18:45.689+0000] {logging_mixin.py:151} INFO - [2025-03-14T12:18:45.688+0000] {dagbag.py:539} INFO - Filling up the DagBag from /opt/airflow/dags/pipeline.py
[2025-03-14T12:18:47.173+0000] {processor.py:839} INFO - DAG(s) dict_keys(['yfinance_ingestion_dag']) retrieved from /opt/airflow/dags/pipeline.py
[2025-03-14T12:18:47.205+0000] {logging_mixin.py:151} INFO - [2025-03-14T12:18:47.205+0000] {dag.py:2915} INFO - Sync 1 DAGs
[2025-03-14T12:18:47.237+0000] {logging_mixin.py:151} INFO - [2025-03-14T12:18:47.237+0000] {dag.py:3696} INFO - Setting next_dagrun for yfinance_ingestion_dag to 2025-03-14T00:00:00+00:00, run_after=2025-03-15T00:00:00+00:00
[2025-03-14T12:18:47.264+0000] {processor.py:179} INFO - Processing /opt/airflow/dags/pipeline.py took 1.594 seconds
[2025-03-14T12:19:17.847+0000] {processor.py:157} INFO - Started process (PID=1484) to work on /opt/airflow/dags/pipeline.py
[2025-03-14T12:19:17.848+0000] {processor.py:829} INFO - Processing file /opt/airflow/dags/pipeline.py for tasks to queue
[2025-03-14T12:19:17.849+0000] {logging_mixin.py:151} INFO - [2025-03-14T12:19:17.849+0000] {dagbag.py:539} INFO - Filling up the DagBag from /opt/airflow/dags/pipeline.py
[2025-03-14T12:19:18.877+0000] {processor.py:839} INFO - DAG(s) dict_keys(['yfinance_ingestion_dag']) retrieved from /opt/airflow/dags/pipeline.py
[2025-03-14T12:19:18.930+0000] {logging_mixin.py:151} INFO - [2025-03-14T12:19:18.928+0000] {dag.py:2915} INFO - Sync 1 DAGs
[2025-03-14T12:19:19.006+0000] {logging_mixin.py:151} INFO - [2025-03-14T12:19:19.005+0000] {dag.py:3696} INFO - Setting next_dagrun for yfinance_ingestion_dag to 2025-03-14T00:00:00+00:00, run_after=2025-03-15T00:00:00+00:00
[2025-03-14T12:19:19.067+0000] {processor.py:179} INFO - Processing /opt/airflow/dags/pipeline.py took 1.222 seconds
[2025-03-14T12:19:49.195+0000] {processor.py:157} INFO - Started process (PID=1496) to work on /opt/airflow/dags/pipeline.py
[2025-03-14T12:19:49.196+0000] {processor.py:829} INFO - Processing file /opt/airflow/dags/pipeline.py for tasks to queue
[2025-03-14T12:19:49.197+0000] {logging_mixin.py:151} INFO - [2025-03-14T12:19:49.196+0000] {dagbag.py:539} INFO - Filling up the DagBag from /opt/airflow/dags/pipeline.py
[2025-03-14T12:19:49.927+0000] {processor.py:839} INFO - DAG(s) dict_keys(['yfinance_ingestion_dag']) retrieved from /opt/airflow/dags/pipeline.py
[2025-03-14T12:19:49.949+0000] {logging_mixin.py:151} INFO - [2025-03-14T12:19:49.949+0000] {dag.py:2915} INFO - Sync 1 DAGs
[2025-03-14T12:19:49.970+0000] {logging_mixin.py:151} INFO - [2025-03-14T12:19:49.970+0000] {dag.py:3696} INFO - Setting next_dagrun for yfinance_ingestion_dag to 2025-03-14T00:00:00+00:00, run_after=2025-03-15T00:00:00+00:00
[2025-03-14T12:19:49.994+0000] {processor.py:179} INFO - Processing /opt/airflow/dags/pipeline.py took 0.802 seconds
[2025-03-14T12:20:20.751+0000] {processor.py:157} INFO - Started process (PID=1508) to work on /opt/airflow/dags/pipeline.py
[2025-03-14T12:20:20.753+0000] {processor.py:829} INFO - Processing file /opt/airflow/dags/pipeline.py for tasks to queue
[2025-03-14T12:20:20.754+0000] {logging_mixin.py:151} INFO - [2025-03-14T12:20:20.754+0000] {dagbag.py:539} INFO - Filling up the DagBag from /opt/airflow/dags/pipeline.py
[2025-03-14T12:20:21.547+0000] {processor.py:839} INFO - DAG(s) dict_keys(['yfinance_ingestion_dag']) retrieved from /opt/airflow/dags/pipeline.py
[2025-03-14T12:20:21.572+0000] {logging_mixin.py:151} INFO - [2025-03-14T12:20:21.571+0000] {dag.py:2915} INFO - Sync 1 DAGs
[2025-03-14T12:20:21.596+0000] {logging_mixin.py:151} INFO - [2025-03-14T12:20:21.596+0000] {dag.py:3696} INFO - Setting next_dagrun for yfinance_ingestion_dag to 2025-03-14T00:00:00+00:00, run_after=2025-03-15T00:00:00+00:00
[2025-03-14T12:20:21.621+0000] {processor.py:179} INFO - Processing /opt/airflow/dags/pipeline.py took 0.874 seconds
[2025-03-14T12:20:51.708+0000] {processor.py:157} INFO - Started process (PID=1520) to work on /opt/airflow/dags/pipeline.py
[2025-03-14T12:20:51.710+0000] {processor.py:829} INFO - Processing file /opt/airflow/dags/pipeline.py for tasks to queue
[2025-03-14T12:20:51.711+0000] {logging_mixin.py:151} INFO - [2025-03-14T12:20:51.710+0000] {dagbag.py:539} INFO - Filling up the DagBag from /opt/airflow/dags/pipeline.py
[2025-03-14T12:20:52.471+0000] {processor.py:839} INFO - DAG(s) dict_keys(['yfinance_ingestion_dag']) retrieved from /opt/airflow/dags/pipeline.py
[2025-03-14T12:20:52.493+0000] {logging_mixin.py:151} INFO - [2025-03-14T12:20:52.493+0000] {dag.py:2915} INFO - Sync 1 DAGs
[2025-03-14T12:20:52.515+0000] {logging_mixin.py:151} INFO - [2025-03-14T12:20:52.514+0000] {dag.py:3696} INFO - Setting next_dagrun for yfinance_ingestion_dag to 2025-03-14T00:00:00+00:00, run_after=2025-03-15T00:00:00+00:00
[2025-03-14T12:20:52.538+0000] {processor.py:179} INFO - Processing /opt/airflow/dags/pipeline.py took 0.834 seconds
[2025-03-14T12:21:23.111+0000] {processor.py:157} INFO - Started process (PID=1532) to work on /opt/airflow/dags/pipeline.py
[2025-03-14T12:21:23.113+0000] {processor.py:829} INFO - Processing file /opt/airflow/dags/pipeline.py for tasks to queue
[2025-03-14T12:21:23.114+0000] {logging_mixin.py:151} INFO - [2025-03-14T12:21:23.113+0000] {dagbag.py:539} INFO - Filling up the DagBag from /opt/airflow/dags/pipeline.py
[2025-03-14T12:21:23.925+0000] {processor.py:839} INFO - DAG(s) dict_keys(['yfinance_ingestion_dag']) retrieved from /opt/airflow/dags/pipeline.py
[2025-03-14T12:21:23.952+0000] {logging_mixin.py:151} INFO - [2025-03-14T12:21:23.952+0000] {dag.py:2915} INFO - Sync 1 DAGs
[2025-03-14T12:21:23.972+0000] {logging_mixin.py:151} INFO - [2025-03-14T12:21:23.972+0000] {dag.py:3696} INFO - Setting next_dagrun for yfinance_ingestion_dag to 2025-03-14T00:00:00+00:00, run_after=2025-03-15T00:00:00+00:00
[2025-03-14T12:21:23.997+0000] {processor.py:179} INFO - Processing /opt/airflow/dags/pipeline.py took 0.889 seconds
[2025-03-14T12:21:54.184+0000] {processor.py:157} INFO - Started process (PID=1544) to work on /opt/airflow/dags/pipeline.py
[2025-03-14T12:21:54.185+0000] {processor.py:829} INFO - Processing file /opt/airflow/dags/pipeline.py for tasks to queue
[2025-03-14T12:21:54.186+0000] {logging_mixin.py:151} INFO - [2025-03-14T12:21:54.186+0000] {dagbag.py:539} INFO - Filling up the DagBag from /opt/airflow/dags/pipeline.py
[2025-03-14T12:21:54.940+0000] {processor.py:839} INFO - DAG(s) dict_keys(['yfinance_ingestion_dag']) retrieved from /opt/airflow/dags/pipeline.py
[2025-03-14T12:21:54.961+0000] {logging_mixin.py:151} INFO - [2025-03-14T12:21:54.961+0000] {dag.py:2915} INFO - Sync 1 DAGs
[2025-03-14T12:21:54.981+0000] {logging_mixin.py:151} INFO - [2025-03-14T12:21:54.981+0000] {dag.py:3696} INFO - Setting next_dagrun for yfinance_ingestion_dag to 2025-03-14T00:00:00+00:00, run_after=2025-03-15T00:00:00+00:00
[2025-03-14T12:21:55.005+0000] {processor.py:179} INFO - Processing /opt/airflow/dags/pipeline.py took 0.824 seconds
[2025-03-14T12:22:25.354+0000] {processor.py:157} INFO - Started process (PID=1556) to work on /opt/airflow/dags/pipeline.py
[2025-03-14T12:22:25.356+0000] {processor.py:829} INFO - Processing file /opt/airflow/dags/pipeline.py for tasks to queue
[2025-03-14T12:22:25.360+0000] {logging_mixin.py:151} INFO - [2025-03-14T12:22:25.360+0000] {dagbag.py:539} INFO - Filling up the DagBag from /opt/airflow/dags/pipeline.py
[2025-03-14T12:22:26.396+0000] {processor.py:839} INFO - DAG(s) dict_keys(['yfinance_ingestion_dag']) retrieved from /opt/airflow/dags/pipeline.py
[2025-03-14T12:22:26.420+0000] {logging_mixin.py:151} INFO - [2025-03-14T12:22:26.419+0000] {dag.py:2915} INFO - Sync 1 DAGs
[2025-03-14T12:22:26.441+0000] {logging_mixin.py:151} INFO - [2025-03-14T12:22:26.441+0000] {dag.py:3696} INFO - Setting next_dagrun for yfinance_ingestion_dag to 2025-03-14T00:00:00+00:00, run_after=2025-03-15T00:00:00+00:00
[2025-03-14T12:22:26.464+0000] {processor.py:179} INFO - Processing /opt/airflow/dags/pipeline.py took 1.115 seconds
[2025-03-14T12:22:56.893+0000] {processor.py:157} INFO - Started process (PID=1568) to work on /opt/airflow/dags/pipeline.py
[2025-03-14T12:22:56.894+0000] {processor.py:829} INFO - Processing file /opt/airflow/dags/pipeline.py for tasks to queue
[2025-03-14T12:22:56.896+0000] {logging_mixin.py:151} INFO - [2025-03-14T12:22:56.895+0000] {dagbag.py:539} INFO - Filling up the DagBag from /opt/airflow/dags/pipeline.py
[2025-03-14T12:22:57.716+0000] {processor.py:839} INFO - DAG(s) dict_keys(['yfinance_ingestion_dag']) retrieved from /opt/airflow/dags/pipeline.py
[2025-03-14T12:22:57.741+0000] {logging_mixin.py:151} INFO - [2025-03-14T12:22:57.740+0000] {dag.py:2915} INFO - Sync 1 DAGs
[2025-03-14T12:22:57.764+0000] {logging_mixin.py:151} INFO - [2025-03-14T12:22:57.764+0000] {dag.py:3696} INFO - Setting next_dagrun for yfinance_ingestion_dag to 2025-03-14T00:00:00+00:00, run_after=2025-03-15T00:00:00+00:00
[2025-03-14T12:22:57.798+0000] {processor.py:179} INFO - Processing /opt/airflow/dags/pipeline.py took 0.910 seconds
[2025-03-14T12:23:28.481+0000] {processor.py:157} INFO - Started process (PID=1580) to work on /opt/airflow/dags/pipeline.py
[2025-03-14T12:23:28.482+0000] {processor.py:829} INFO - Processing file /opt/airflow/dags/pipeline.py for tasks to queue
[2025-03-14T12:23:28.483+0000] {logging_mixin.py:151} INFO - [2025-03-14T12:23:28.483+0000] {dagbag.py:539} INFO - Filling up the DagBag from /opt/airflow/dags/pipeline.py
[2025-03-14T12:23:29.232+0000] {processor.py:839} INFO - DAG(s) dict_keys(['yfinance_ingestion_dag']) retrieved from /opt/airflow/dags/pipeline.py
[2025-03-14T12:23:29.255+0000] {logging_mixin.py:151} INFO - [2025-03-14T12:23:29.255+0000] {dag.py:2915} INFO - Sync 1 DAGs
[2025-03-14T12:23:29.276+0000] {logging_mixin.py:151} INFO - [2025-03-14T12:23:29.276+0000] {dag.py:3696} INFO - Setting next_dagrun for yfinance_ingestion_dag to 2025-03-14T00:00:00+00:00, run_after=2025-03-15T00:00:00+00:00
[2025-03-14T12:23:29.300+0000] {processor.py:179} INFO - Processing /opt/airflow/dags/pipeline.py took 0.822 seconds
[2025-03-14T12:23:59.644+0000] {processor.py:157} INFO - Started process (PID=1592) to work on /opt/airflow/dags/pipeline.py
[2025-03-14T12:23:59.645+0000] {processor.py:829} INFO - Processing file /opt/airflow/dags/pipeline.py for tasks to queue
[2025-03-14T12:23:59.646+0000] {logging_mixin.py:151} INFO - [2025-03-14T12:23:59.646+0000] {dagbag.py:539} INFO - Filling up the DagBag from /opt/airflow/dags/pipeline.py
[2025-03-14T12:24:00.546+0000] {processor.py:839} INFO - DAG(s) dict_keys(['yfinance_ingestion_dag']) retrieved from /opt/airflow/dags/pipeline.py
[2025-03-14T12:24:00.577+0000] {logging_mixin.py:151} INFO - [2025-03-14T12:24:00.576+0000] {dag.py:2915} INFO - Sync 1 DAGs
[2025-03-14T12:24:00.607+0000] {logging_mixin.py:151} INFO - [2025-03-14T12:24:00.606+0000] {dag.py:3696} INFO - Setting next_dagrun for yfinance_ingestion_dag to 2025-03-14T00:00:00+00:00, run_after=2025-03-15T00:00:00+00:00
[2025-03-14T12:24:00.625+0000] {processor.py:179} INFO - Processing /opt/airflow/dags/pipeline.py took 0.984 seconds
[2025-03-14T12:24:30.718+0000] {processor.py:157} INFO - Started process (PID=1604) to work on /opt/airflow/dags/pipeline.py
[2025-03-14T12:24:30.720+0000] {processor.py:829} INFO - Processing file /opt/airflow/dags/pipeline.py for tasks to queue
[2025-03-14T12:24:30.721+0000] {logging_mixin.py:151} INFO - [2025-03-14T12:24:30.721+0000] {dagbag.py:539} INFO - Filling up the DagBag from /opt/airflow/dags/pipeline.py
[2025-03-14T12:24:31.612+0000] {processor.py:839} INFO - DAG(s) dict_keys(['yfinance_ingestion_dag']) retrieved from /opt/airflow/dags/pipeline.py
[2025-03-14T12:24:31.635+0000] {logging_mixin.py:151} INFO - [2025-03-14T12:24:31.635+0000] {dag.py:2915} INFO - Sync 1 DAGs
[2025-03-14T12:24:31.660+0000] {logging_mixin.py:151} INFO - [2025-03-14T12:24:31.659+0000] {dag.py:3696} INFO - Setting next_dagrun for yfinance_ingestion_dag to 2025-03-14T00:00:00+00:00, run_after=2025-03-15T00:00:00+00:00
[2025-03-14T12:24:31.683+0000] {processor.py:179} INFO - Processing /opt/airflow/dags/pipeline.py took 0.970 seconds
[2025-03-14T12:25:01.888+0000] {processor.py:157} INFO - Started process (PID=1616) to work on /opt/airflow/dags/pipeline.py
[2025-03-14T12:25:01.889+0000] {processor.py:829} INFO - Processing file /opt/airflow/dags/pipeline.py for tasks to queue
[2025-03-14T12:25:01.891+0000] {logging_mixin.py:151} INFO - [2025-03-14T12:25:01.890+0000] {dagbag.py:539} INFO - Filling up the DagBag from /opt/airflow/dags/pipeline.py
[2025-03-14T12:25:03.000+0000] {processor.py:839} INFO - DAG(s) dict_keys(['yfinance_ingestion_dag']) retrieved from /opt/airflow/dags/pipeline.py
[2025-03-14T12:25:03.030+0000] {logging_mixin.py:151} INFO - [2025-03-14T12:25:03.030+0000] {dag.py:2915} INFO - Sync 1 DAGs
[2025-03-14T12:25:03.058+0000] {logging_mixin.py:151} INFO - [2025-03-14T12:25:03.058+0000] {dag.py:3696} INFO - Setting next_dagrun for yfinance_ingestion_dag to 2025-03-14T00:00:00+00:00, run_after=2025-03-15T00:00:00+00:00
[2025-03-14T12:25:03.087+0000] {processor.py:179} INFO - Processing /opt/airflow/dags/pipeline.py took 1.204 seconds
[2025-03-14T12:25:33.775+0000] {processor.py:157} INFO - Started process (PID=1628) to work on /opt/airflow/dags/pipeline.py
[2025-03-14T12:25:33.777+0000] {processor.py:829} INFO - Processing file /opt/airflow/dags/pipeline.py for tasks to queue
[2025-03-14T12:25:33.778+0000] {logging_mixin.py:151} INFO - [2025-03-14T12:25:33.778+0000] {dagbag.py:539} INFO - Filling up the DagBag from /opt/airflow/dags/pipeline.py
[2025-03-14T12:25:34.756+0000] {processor.py:839} INFO - DAG(s) dict_keys(['yfinance_ingestion_dag']) retrieved from /opt/airflow/dags/pipeline.py
[2025-03-14T12:25:34.787+0000] {logging_mixin.py:151} INFO - [2025-03-14T12:25:34.786+0000] {dag.py:2915} INFO - Sync 1 DAGs
[2025-03-14T12:25:34.813+0000] {logging_mixin.py:151} INFO - [2025-03-14T12:25:34.813+0000] {dag.py:3696} INFO - Setting next_dagrun for yfinance_ingestion_dag to 2025-03-14T00:00:00+00:00, run_after=2025-03-15T00:00:00+00:00
[2025-03-14T12:25:34.840+0000] {processor.py:179} INFO - Processing /opt/airflow/dags/pipeline.py took 1.069 seconds
[2025-03-14T12:26:04.913+0000] {processor.py:157} INFO - Started process (PID=1640) to work on /opt/airflow/dags/pipeline.py
[2025-03-14T12:26:04.914+0000] {processor.py:829} INFO - Processing file /opt/airflow/dags/pipeline.py for tasks to queue
[2025-03-14T12:26:04.915+0000] {logging_mixin.py:151} INFO - [2025-03-14T12:26:04.915+0000] {dagbag.py:539} INFO - Filling up the DagBag from /opt/airflow/dags/pipeline.py
[2025-03-14T12:26:05.893+0000] {processor.py:839} INFO - DAG(s) dict_keys(['yfinance_ingestion_dag']) retrieved from /opt/airflow/dags/pipeline.py
[2025-03-14T12:26:05.931+0000] {logging_mixin.py:151} INFO - [2025-03-14T12:26:05.930+0000] {dag.py:2915} INFO - Sync 1 DAGs
[2025-03-14T12:26:05.972+0000] {logging_mixin.py:151} INFO - [2025-03-14T12:26:05.972+0000] {dag.py:3696} INFO - Setting next_dagrun for yfinance_ingestion_dag to 2025-03-14T00:00:00+00:00, run_after=2025-03-15T00:00:00+00:00
[2025-03-14T12:26:06.012+0000] {processor.py:179} INFO - Processing /opt/airflow/dags/pipeline.py took 1.104 seconds
[2025-03-14T12:26:36.752+0000] {processor.py:157} INFO - Started process (PID=1652) to work on /opt/airflow/dags/pipeline.py
[2025-03-14T12:26:36.754+0000] {processor.py:829} INFO - Processing file /opt/airflow/dags/pipeline.py for tasks to queue
[2025-03-14T12:26:36.756+0000] {logging_mixin.py:151} INFO - [2025-03-14T12:26:36.755+0000] {dagbag.py:539} INFO - Filling up the DagBag from /opt/airflow/dags/pipeline.py
[2025-03-14T12:26:37.724+0000] {processor.py:839} INFO - DAG(s) dict_keys(['yfinance_ingestion_dag']) retrieved from /opt/airflow/dags/pipeline.py
[2025-03-14T12:26:37.754+0000] {logging_mixin.py:151} INFO - [2025-03-14T12:26:37.754+0000] {dag.py:2915} INFO - Sync 1 DAGs
[2025-03-14T12:26:37.779+0000] {logging_mixin.py:151} INFO - [2025-03-14T12:26:37.778+0000] {dag.py:3696} INFO - Setting next_dagrun for yfinance_ingestion_dag to 2025-03-14T00:00:00+00:00, run_after=2025-03-15T00:00:00+00:00
[2025-03-14T12:26:37.806+0000] {processor.py:179} INFO - Processing /opt/airflow/dags/pipeline.py took 1.059 seconds
[2025-03-14T12:27:08.545+0000] {processor.py:157} INFO - Started process (PID=1664) to work on /opt/airflow/dags/pipeline.py
[2025-03-14T12:27:08.546+0000] {processor.py:829} INFO - Processing file /opt/airflow/dags/pipeline.py for tasks to queue
[2025-03-14T12:27:08.548+0000] {logging_mixin.py:151} INFO - [2025-03-14T12:27:08.548+0000] {dagbag.py:539} INFO - Filling up the DagBag from /opt/airflow/dags/pipeline.py
[2025-03-14T12:27:09.471+0000] {processor.py:839} INFO - DAG(s) dict_keys(['yfinance_ingestion_dag']) retrieved from /opt/airflow/dags/pipeline.py
[2025-03-14T12:27:09.498+0000] {logging_mixin.py:151} INFO - [2025-03-14T12:27:09.497+0000] {dag.py:2915} INFO - Sync 1 DAGs
[2025-03-14T12:27:09.523+0000] {logging_mixin.py:151} INFO - [2025-03-14T12:27:09.523+0000] {dag.py:3696} INFO - Setting next_dagrun for yfinance_ingestion_dag to 2025-03-14T00:00:00+00:00, run_after=2025-03-15T00:00:00+00:00
[2025-03-14T12:27:09.550+0000] {processor.py:179} INFO - Processing /opt/airflow/dags/pipeline.py took 1.010 seconds
[2025-03-14T12:27:39.609+0000] {processor.py:157} INFO - Started process (PID=1676) to work on /opt/airflow/dags/pipeline.py
[2025-03-14T12:27:39.610+0000] {processor.py:829} INFO - Processing file /opt/airflow/dags/pipeline.py for tasks to queue
[2025-03-14T12:27:39.611+0000] {logging_mixin.py:151} INFO - [2025-03-14T12:27:39.611+0000] {dagbag.py:539} INFO - Filling up the DagBag from /opt/airflow/dags/pipeline.py
[2025-03-14T12:27:40.796+0000] {processor.py:839} INFO - DAG(s) dict_keys(['yfinance_ingestion_dag']) retrieved from /opt/airflow/dags/pipeline.py
[2025-03-14T12:27:40.823+0000] {logging_mixin.py:151} INFO - [2025-03-14T12:27:40.822+0000] {dag.py:2915} INFO - Sync 1 DAGs
[2025-03-14T12:27:40.847+0000] {logging_mixin.py:151} INFO - [2025-03-14T12:27:40.846+0000] {dag.py:3696} INFO - Setting next_dagrun for yfinance_ingestion_dag to 2025-03-14T00:00:00+00:00, run_after=2025-03-15T00:00:00+00:00
[2025-03-14T12:27:40.869+0000] {processor.py:179} INFO - Processing /opt/airflow/dags/pipeline.py took 1.265 seconds
[2025-03-14T12:28:11.461+0000] {processor.py:157} INFO - Started process (PID=1688) to work on /opt/airflow/dags/pipeline.py
[2025-03-14T12:28:11.463+0000] {processor.py:829} INFO - Processing file /opt/airflow/dags/pipeline.py for tasks to queue
[2025-03-14T12:28:11.465+0000] {logging_mixin.py:151} INFO - [2025-03-14T12:28:11.464+0000] {dagbag.py:539} INFO - Filling up the DagBag from /opt/airflow/dags/pipeline.py
[2025-03-14T12:28:12.397+0000] {processor.py:839} INFO - DAG(s) dict_keys(['yfinance_ingestion_dag']) retrieved from /opt/airflow/dags/pipeline.py
[2025-03-14T12:28:12.423+0000] {logging_mixin.py:151} INFO - [2025-03-14T12:28:12.423+0000] {dag.py:2915} INFO - Sync 1 DAGs
[2025-03-14T12:28:12.453+0000] {logging_mixin.py:151} INFO - [2025-03-14T12:28:12.452+0000] {dag.py:3696} INFO - Setting next_dagrun for yfinance_ingestion_dag to 2025-03-14T00:00:00+00:00, run_after=2025-03-15T00:00:00+00:00
[2025-03-14T12:28:12.489+0000] {processor.py:179} INFO - Processing /opt/airflow/dags/pipeline.py took 1.032 seconds
[2025-03-14T12:28:43.469+0000] {processor.py:157} INFO - Started process (PID=1700) to work on /opt/airflow/dags/pipeline.py
[2025-03-14T12:28:43.471+0000] {processor.py:829} INFO - Processing file /opt/airflow/dags/pipeline.py for tasks to queue
[2025-03-14T12:28:43.472+0000] {logging_mixin.py:151} INFO - [2025-03-14T12:28:43.472+0000] {dagbag.py:539} INFO - Filling up the DagBag from /opt/airflow/dags/pipeline.py
[2025-03-14T12:28:44.540+0000] {processor.py:839} INFO - DAG(s) dict_keys(['yfinance_ingestion_dag']) retrieved from /opt/airflow/dags/pipeline.py
[2025-03-14T12:28:44.568+0000] {logging_mixin.py:151} INFO - [2025-03-14T12:28:44.568+0000] {dag.py:2915} INFO - Sync 1 DAGs
[2025-03-14T12:28:44.593+0000] {logging_mixin.py:151} INFO - [2025-03-14T12:28:44.593+0000] {dag.py:3696} INFO - Setting next_dagrun for yfinance_ingestion_dag to 2025-03-14T00:00:00+00:00, run_after=2025-03-15T00:00:00+00:00
[2025-03-14T12:28:44.622+0000] {processor.py:179} INFO - Processing /opt/airflow/dags/pipeline.py took 1.156 seconds
[2025-03-14T12:29:15.299+0000] {processor.py:157} INFO - Started process (PID=1712) to work on /opt/airflow/dags/pipeline.py
[2025-03-14T12:29:15.301+0000] {processor.py:829} INFO - Processing file /opt/airflow/dags/pipeline.py for tasks to queue
[2025-03-14T12:29:15.302+0000] {logging_mixin.py:151} INFO - [2025-03-14T12:29:15.302+0000] {dagbag.py:539} INFO - Filling up the DagBag from /opt/airflow/dags/pipeline.py
[2025-03-14T12:29:16.537+0000] {processor.py:839} INFO - DAG(s) dict_keys(['yfinance_ingestion_dag']) retrieved from /opt/airflow/dags/pipeline.py
[2025-03-14T12:29:16.568+0000] {logging_mixin.py:151} INFO - [2025-03-14T12:29:16.567+0000] {dag.py:2915} INFO - Sync 1 DAGs
[2025-03-14T12:29:16.594+0000] {logging_mixin.py:151} INFO - [2025-03-14T12:29:16.593+0000] {dag.py:3696} INFO - Setting next_dagrun for yfinance_ingestion_dag to 2025-03-14T00:00:00+00:00, run_after=2025-03-15T00:00:00+00:00
[2025-03-14T12:29:16.617+0000] {processor.py:179} INFO - Processing /opt/airflow/dags/pipeline.py took 1.322 seconds
[2025-03-14T12:29:47.254+0000] {processor.py:157} INFO - Started process (PID=1724) to work on /opt/airflow/dags/pipeline.py
[2025-03-14T12:29:47.256+0000] {processor.py:829} INFO - Processing file /opt/airflow/dags/pipeline.py for tasks to queue
[2025-03-14T12:29:47.257+0000] {logging_mixin.py:151} INFO - [2025-03-14T12:29:47.257+0000] {dagbag.py:539} INFO - Filling up the DagBag from /opt/airflow/dags/pipeline.py
[2025-03-14T12:29:48.338+0000] {processor.py:839} INFO - DAG(s) dict_keys(['yfinance_ingestion_dag']) retrieved from /opt/airflow/dags/pipeline.py
[2025-03-14T12:29:48.367+0000] {logging_mixin.py:151} INFO - [2025-03-14T12:29:48.367+0000] {dag.py:2915} INFO - Sync 1 DAGs
[2025-03-14T12:29:48.393+0000] {logging_mixin.py:151} INFO - [2025-03-14T12:29:48.393+0000] {dag.py:3696} INFO - Setting next_dagrun for yfinance_ingestion_dag to 2025-03-14T00:00:00+00:00, run_after=2025-03-15T00:00:00+00:00
[2025-03-14T12:29:48.421+0000] {processor.py:179} INFO - Processing /opt/airflow/dags/pipeline.py took 1.171 seconds
[2025-03-14T12:30:18.856+0000] {processor.py:157} INFO - Started process (PID=1736) to work on /opt/airflow/dags/pipeline.py
[2025-03-14T12:30:18.858+0000] {processor.py:829} INFO - Processing file /opt/airflow/dags/pipeline.py for tasks to queue
[2025-03-14T12:30:18.860+0000] {logging_mixin.py:151} INFO - [2025-03-14T12:30:18.859+0000] {dagbag.py:539} INFO - Filling up the DagBag from /opt/airflow/dags/pipeline.py
[2025-03-14T12:30:19.775+0000] {processor.py:839} INFO - DAG(s) dict_keys(['yfinance_ingestion_dag']) retrieved from /opt/airflow/dags/pipeline.py
[2025-03-14T12:30:19.803+0000] {logging_mixin.py:151} INFO - [2025-03-14T12:30:19.802+0000] {dag.py:2915} INFO - Sync 1 DAGs
[2025-03-14T12:30:19.833+0000] {logging_mixin.py:151} INFO - [2025-03-14T12:30:19.832+0000] {dag.py:3696} INFO - Setting next_dagrun for yfinance_ingestion_dag to 2025-03-14T00:00:00+00:00, run_after=2025-03-15T00:00:00+00:00
[2025-03-14T12:30:19.863+0000] {processor.py:179} INFO - Processing /opt/airflow/dags/pipeline.py took 1.011 seconds
[2025-03-14T12:30:50.695+0000] {processor.py:157} INFO - Started process (PID=1748) to work on /opt/airflow/dags/pipeline.py
[2025-03-14T12:30:50.697+0000] {processor.py:829} INFO - Processing file /opt/airflow/dags/pipeline.py for tasks to queue
[2025-03-14T12:30:50.699+0000] {logging_mixin.py:151} INFO - [2025-03-14T12:30:50.698+0000] {dagbag.py:539} INFO - Filling up the DagBag from /opt/airflow/dags/pipeline.py
[2025-03-14T12:30:51.770+0000] {processor.py:839} INFO - DAG(s) dict_keys(['yfinance_ingestion_dag']) retrieved from /opt/airflow/dags/pipeline.py
[2025-03-14T12:30:51.798+0000] {logging_mixin.py:151} INFO - [2025-03-14T12:30:51.797+0000] {dag.py:2915} INFO - Sync 1 DAGs
[2025-03-14T12:30:51.823+0000] {logging_mixin.py:151} INFO - [2025-03-14T12:30:51.823+0000] {dag.py:3696} INFO - Setting next_dagrun for yfinance_ingestion_dag to 2025-03-14T00:00:00+00:00, run_after=2025-03-15T00:00:00+00:00
[2025-03-14T12:30:51.847+0000] {processor.py:179} INFO - Processing /opt/airflow/dags/pipeline.py took 1.158 seconds
[2025-03-14T12:31:22.776+0000] {processor.py:157} INFO - Started process (PID=1760) to work on /opt/airflow/dags/pipeline.py
[2025-03-14T12:31:22.778+0000] {processor.py:829} INFO - Processing file /opt/airflow/dags/pipeline.py for tasks to queue
[2025-03-14T12:31:22.779+0000] {logging_mixin.py:151} INFO - [2025-03-14T12:31:22.779+0000] {dagbag.py:539} INFO - Filling up the DagBag from /opt/airflow/dags/pipeline.py
[2025-03-14T12:31:23.752+0000] {processor.py:839} INFO - DAG(s) dict_keys(['yfinance_ingestion_dag']) retrieved from /opt/airflow/dags/pipeline.py
[2025-03-14T12:31:23.779+0000] {logging_mixin.py:151} INFO - [2025-03-14T12:31:23.779+0000] {dag.py:2915} INFO - Sync 1 DAGs
[2025-03-14T12:31:23.804+0000] {logging_mixin.py:151} INFO - [2025-03-14T12:31:23.804+0000] {dag.py:3696} INFO - Setting next_dagrun for yfinance_ingestion_dag to 2025-03-14T00:00:00+00:00, run_after=2025-03-15T00:00:00+00:00
[2025-03-14T12:31:23.832+0000] {processor.py:179} INFO - Processing /opt/airflow/dags/pipeline.py took 1.060 seconds
[2025-03-14T12:31:54.701+0000] {processor.py:157} INFO - Started process (PID=1772) to work on /opt/airflow/dags/pipeline.py
[2025-03-14T12:31:54.702+0000] {processor.py:829} INFO - Processing file /opt/airflow/dags/pipeline.py for tasks to queue
[2025-03-14T12:31:54.704+0000] {logging_mixin.py:151} INFO - [2025-03-14T12:31:54.704+0000] {dagbag.py:539} INFO - Filling up the DagBag from /opt/airflow/dags/pipeline.py
[2025-03-14T12:31:55.910+0000] {processor.py:839} INFO - DAG(s) dict_keys(['yfinance_ingestion_dag']) retrieved from /opt/airflow/dags/pipeline.py
[2025-03-14T12:31:55.942+0000] {logging_mixin.py:151} INFO - [2025-03-14T12:31:55.942+0000] {dag.py:2915} INFO - Sync 1 DAGs
[2025-03-14T12:31:55.974+0000] {logging_mixin.py:151} INFO - [2025-03-14T12:31:55.973+0000] {dag.py:3696} INFO - Setting next_dagrun for yfinance_ingestion_dag to 2025-03-14T00:00:00+00:00, run_after=2025-03-15T00:00:00+00:00
[2025-03-14T12:31:56.003+0000] {processor.py:179} INFO - Processing /opt/airflow/dags/pipeline.py took 1.306 seconds
[2025-03-14T12:32:26.755+0000] {processor.py:157} INFO - Started process (PID=1784) to work on /opt/airflow/dags/pipeline.py
[2025-03-14T12:32:26.757+0000] {processor.py:829} INFO - Processing file /opt/airflow/dags/pipeline.py for tasks to queue
[2025-03-14T12:32:26.759+0000] {logging_mixin.py:151} INFO - [2025-03-14T12:32:26.758+0000] {dagbag.py:539} INFO - Filling up the DagBag from /opt/airflow/dags/pipeline.py
[2025-03-14T12:32:27.764+0000] {processor.py:839} INFO - DAG(s) dict_keys(['yfinance_ingestion_dag']) retrieved from /opt/airflow/dags/pipeline.py
[2025-03-14T12:32:27.791+0000] {logging_mixin.py:151} INFO - [2025-03-14T12:32:27.791+0000] {dag.py:2915} INFO - Sync 1 DAGs
[2025-03-14T12:32:27.819+0000] {logging_mixin.py:151} INFO - [2025-03-14T12:32:27.819+0000] {dag.py:3696} INFO - Setting next_dagrun for yfinance_ingestion_dag to 2025-03-14T00:00:00+00:00, run_after=2025-03-15T00:00:00+00:00
[2025-03-14T12:32:27.844+0000] {processor.py:179} INFO - Processing /opt/airflow/dags/pipeline.py took 1.094 seconds
[2025-03-14T12:32:58.627+0000] {processor.py:157} INFO - Started process (PID=1796) to work on /opt/airflow/dags/pipeline.py
[2025-03-14T12:32:58.629+0000] {processor.py:829} INFO - Processing file /opt/airflow/dags/pipeline.py for tasks to queue
[2025-03-14T12:32:58.631+0000] {logging_mixin.py:151} INFO - [2025-03-14T12:32:58.630+0000] {dagbag.py:539} INFO - Filling up the DagBag from /opt/airflow/dags/pipeline.py
[2025-03-14T12:32:59.707+0000] {processor.py:839} INFO - DAG(s) dict_keys(['yfinance_ingestion_dag']) retrieved from /opt/airflow/dags/pipeline.py
[2025-03-14T12:32:59.736+0000] {logging_mixin.py:151} INFO - [2025-03-14T12:32:59.736+0000] {dag.py:2915} INFO - Sync 1 DAGs
[2025-03-14T12:32:59.761+0000] {logging_mixin.py:151} INFO - [2025-03-14T12:32:59.761+0000] {dag.py:3696} INFO - Setting next_dagrun for yfinance_ingestion_dag to 2025-03-14T00:00:00+00:00, run_after=2025-03-15T00:00:00+00:00
[2025-03-14T12:32:59.788+0000] {processor.py:179} INFO - Processing /opt/airflow/dags/pipeline.py took 1.166 seconds
[2025-03-14T12:33:30.745+0000] {processor.py:157} INFO - Started process (PID=1808) to work on /opt/airflow/dags/pipeline.py
[2025-03-14T12:33:30.747+0000] {processor.py:829} INFO - Processing file /opt/airflow/dags/pipeline.py for tasks to queue
[2025-03-14T12:33:30.749+0000] {logging_mixin.py:151} INFO - [2025-03-14T12:33:30.748+0000] {dagbag.py:539} INFO - Filling up the DagBag from /opt/airflow/dags/pipeline.py
[2025-03-14T12:33:29.308+0000] {processor.py:839} INFO - DAG(s) dict_keys(['yfinance_ingestion_dag']) retrieved from /opt/airflow/dags/pipeline.py
[2025-03-14T12:33:29.335+0000] {logging_mixin.py:151} INFO - [2025-03-14T12:33:29.335+0000] {dag.py:2915} INFO - Sync 1 DAGs
[2025-03-14T12:33:29.363+0000] {logging_mixin.py:151} INFO - [2025-03-14T12:33:29.363+0000] {dag.py:3696} INFO - Setting next_dagrun for yfinance_ingestion_dag to 2025-03-14T00:00:00+00:00, run_after=2025-03-15T00:00:00+00:00
[2025-03-14T12:33:29.388+0000] {processor.py:179} INFO - Processing /opt/airflow/dags/pipeline.py took 1.062 seconds
[2025-03-14T12:33:59.458+0000] {processor.py:157} INFO - Started process (PID=1820) to work on /opt/airflow/dags/pipeline.py
[2025-03-14T12:33:59.460+0000] {processor.py:829} INFO - Processing file /opt/airflow/dags/pipeline.py for tasks to queue
[2025-03-14T12:33:59.462+0000] {logging_mixin.py:151} INFO - [2025-03-14T12:33:59.461+0000] {dagbag.py:539} INFO - Filling up the DagBag from /opt/airflow/dags/pipeline.py
[2025-03-14T12:34:00.739+0000] {processor.py:839} INFO - DAG(s) dict_keys(['yfinance_ingestion_dag']) retrieved from /opt/airflow/dags/pipeline.py
[2025-03-14T12:34:00.768+0000] {logging_mixin.py:151} INFO - [2025-03-14T12:34:00.768+0000] {dag.py:2915} INFO - Sync 1 DAGs
[2025-03-14T12:34:00.794+0000] {logging_mixin.py:151} INFO - [2025-03-14T12:34:00.794+0000] {dag.py:3696} INFO - Setting next_dagrun for yfinance_ingestion_dag to 2025-03-14T00:00:00+00:00, run_after=2025-03-15T00:00:00+00:00
[2025-03-14T12:34:00.819+0000] {processor.py:179} INFO - Processing /opt/airflow/dags/pipeline.py took 1.365 seconds
[2025-03-14T12:34:31.259+0000] {processor.py:157} INFO - Started process (PID=1832) to work on /opt/airflow/dags/pipeline.py
[2025-03-14T12:34:31.260+0000] {processor.py:829} INFO - Processing file /opt/airflow/dags/pipeline.py for tasks to queue
[2025-03-14T12:34:31.262+0000] {logging_mixin.py:151} INFO - [2025-03-14T12:34:31.261+0000] {dagbag.py:539} INFO - Filling up the DagBag from /opt/airflow/dags/pipeline.py
[2025-03-14T12:34:32.275+0000] {processor.py:839} INFO - DAG(s) dict_keys(['yfinance_ingestion_dag']) retrieved from /opt/airflow/dags/pipeline.py
[2025-03-14T12:34:32.301+0000] {logging_mixin.py:151} INFO - [2025-03-14T12:34:32.301+0000] {dag.py:2915} INFO - Sync 1 DAGs
[2025-03-14T12:34:32.330+0000] {logging_mixin.py:151} INFO - [2025-03-14T12:34:32.330+0000] {dag.py:3696} INFO - Setting next_dagrun for yfinance_ingestion_dag to 2025-03-14T00:00:00+00:00, run_after=2025-03-15T00:00:00+00:00
[2025-03-14T12:34:32.357+0000] {processor.py:179} INFO - Processing /opt/airflow/dags/pipeline.py took 1.102 seconds
[2025-03-14T12:35:02.449+0000] {processor.py:157} INFO - Started process (PID=1844) to work on /opt/airflow/dags/pipeline.py
[2025-03-14T12:35:02.451+0000] {processor.py:829} INFO - Processing file /opt/airflow/dags/pipeline.py for tasks to queue
[2025-03-14T12:35:02.452+0000] {logging_mixin.py:151} INFO - [2025-03-14T12:35:02.452+0000] {dagbag.py:539} INFO - Filling up the DagBag from /opt/airflow/dags/pipeline.py
[2025-03-14T12:35:03.377+0000] {processor.py:839} INFO - DAG(s) dict_keys(['yfinance_ingestion_dag']) retrieved from /opt/airflow/dags/pipeline.py
[2025-03-14T12:35:03.405+0000] {logging_mixin.py:151} INFO - [2025-03-14T12:35:03.404+0000] {dag.py:2915} INFO - Sync 1 DAGs
[2025-03-14T12:35:03.429+0000] {logging_mixin.py:151} INFO - [2025-03-14T12:35:03.429+0000] {dag.py:3696} INFO - Setting next_dagrun for yfinance_ingestion_dag to 2025-03-14T00:00:00+00:00, run_after=2025-03-15T00:00:00+00:00
[2025-03-14T12:35:03.461+0000] {processor.py:179} INFO - Processing /opt/airflow/dags/pipeline.py took 1.016 seconds
[2025-03-14T12:35:34.377+0000] {processor.py:157} INFO - Started process (PID=1856) to work on /opt/airflow/dags/pipeline.py
[2025-03-14T12:35:34.379+0000] {processor.py:829} INFO - Processing file /opt/airflow/dags/pipeline.py for tasks to queue
[2025-03-14T12:35:34.380+0000] {logging_mixin.py:151} INFO - [2025-03-14T12:35:34.380+0000] {dagbag.py:539} INFO - Filling up the DagBag from /opt/airflow/dags/pipeline.py
[2025-03-14T12:35:35.414+0000] {processor.py:839} INFO - DAG(s) dict_keys(['yfinance_ingestion_dag']) retrieved from /opt/airflow/dags/pipeline.py
[2025-03-14T12:35:35.452+0000] {logging_mixin.py:151} INFO - [2025-03-14T12:35:35.451+0000] {dag.py:2915} INFO - Sync 1 DAGs
[2025-03-14T12:35:35.496+0000] {logging_mixin.py:151} INFO - [2025-03-14T12:35:35.495+0000] {dag.py:3696} INFO - Setting next_dagrun for yfinance_ingestion_dag to 2025-03-14T00:00:00+00:00, run_after=2025-03-15T00:00:00+00:00
[2025-03-14T12:35:35.530+0000] {processor.py:179} INFO - Processing /opt/airflow/dags/pipeline.py took 1.158 seconds
[2025-03-14T12:36:06.312+0000] {processor.py:157} INFO - Started process (PID=1868) to work on /opt/airflow/dags/pipeline.py
[2025-03-14T12:36:06.314+0000] {processor.py:829} INFO - Processing file /opt/airflow/dags/pipeline.py for tasks to queue
[2025-03-14T12:36:06.315+0000] {logging_mixin.py:151} INFO - [2025-03-14T12:36:06.315+0000] {dagbag.py:539} INFO - Filling up the DagBag from /opt/airflow/dags/pipeline.py
[2025-03-14T12:36:07.280+0000] {processor.py:839} INFO - DAG(s) dict_keys(['yfinance_ingestion_dag']) retrieved from /opt/airflow/dags/pipeline.py
[2025-03-14T12:36:07.309+0000] {logging_mixin.py:151} INFO - [2025-03-14T12:36:07.309+0000] {dag.py:2915} INFO - Sync 1 DAGs
[2025-03-14T12:36:07.334+0000] {logging_mixin.py:151} INFO - [2025-03-14T12:36:07.334+0000] {dag.py:3696} INFO - Setting next_dagrun for yfinance_ingestion_dag to 2025-03-14T00:00:00+00:00, run_after=2025-03-15T00:00:00+00:00
[2025-03-14T12:36:07.365+0000] {processor.py:179} INFO - Processing /opt/airflow/dags/pipeline.py took 1.058 seconds
[2025-03-14T12:36:38.344+0000] {processor.py:157} INFO - Started process (PID=1880) to work on /opt/airflow/dags/pipeline.py
[2025-03-14T12:36:38.346+0000] {processor.py:829} INFO - Processing file /opt/airflow/dags/pipeline.py for tasks to queue
[2025-03-14T12:36:38.347+0000] {logging_mixin.py:151} INFO - [2025-03-14T12:36:38.346+0000] {dagbag.py:539} INFO - Filling up the DagBag from /opt/airflow/dags/pipeline.py
[2025-03-14T12:36:39.436+0000] {processor.py:839} INFO - DAG(s) dict_keys(['yfinance_ingestion_dag']) retrieved from /opt/airflow/dags/pipeline.py
[2025-03-14T12:36:39.463+0000] {logging_mixin.py:151} INFO - [2025-03-14T12:36:39.463+0000] {dag.py:2915} INFO - Sync 1 DAGs
[2025-03-14T12:36:39.491+0000] {logging_mixin.py:151} INFO - [2025-03-14T12:36:39.491+0000] {dag.py:3696} INFO - Setting next_dagrun for yfinance_ingestion_dag to 2025-03-14T00:00:00+00:00, run_after=2025-03-15T00:00:00+00:00
[2025-03-14T12:36:39.515+0000] {processor.py:179} INFO - Processing /opt/airflow/dags/pipeline.py took 1.174 seconds
[2025-03-14T12:37:10.252+0000] {processor.py:157} INFO - Started process (PID=1892) to work on /opt/airflow/dags/pipeline.py
[2025-03-14T12:37:10.253+0000] {processor.py:829} INFO - Processing file /opt/airflow/dags/pipeline.py for tasks to queue
[2025-03-14T12:37:10.254+0000] {logging_mixin.py:151} INFO - [2025-03-14T12:37:10.254+0000] {dagbag.py:539} INFO - Filling up the DagBag from /opt/airflow/dags/pipeline.py
[2025-03-14T12:37:11.187+0000] {processor.py:839} INFO - DAG(s) dict_keys(['yfinance_ingestion_dag']) retrieved from /opt/airflow/dags/pipeline.py
[2025-03-14T12:37:11.217+0000] {logging_mixin.py:151} INFO - [2025-03-14T12:37:11.216+0000] {dag.py:2915} INFO - Sync 1 DAGs
[2025-03-14T12:37:11.241+0000] {logging_mixin.py:151} INFO - [2025-03-14T12:37:11.241+0000] {dag.py:3696} INFO - Setting next_dagrun for yfinance_ingestion_dag to 2025-03-14T00:00:00+00:00, run_after=2025-03-15T00:00:00+00:00
[2025-03-14T12:37:11.270+0000] {processor.py:179} INFO - Processing /opt/airflow/dags/pipeline.py took 1.022 seconds
[2025-03-14T12:37:41.908+0000] {processor.py:157} INFO - Started process (PID=1904) to work on /opt/airflow/dags/pipeline.py
[2025-03-14T12:37:41.909+0000] {processor.py:829} INFO - Processing file /opt/airflow/dags/pipeline.py for tasks to queue
[2025-03-14T12:37:41.911+0000] {logging_mixin.py:151} INFO - [2025-03-14T12:37:41.910+0000] {dagbag.py:539} INFO - Filling up the DagBag from /opt/airflow/dags/pipeline.py
[2025-03-14T12:37:42.848+0000] {processor.py:839} INFO - DAG(s) dict_keys(['yfinance_ingestion_dag']) retrieved from /opt/airflow/dags/pipeline.py
[2025-03-14T12:37:42.876+0000] {logging_mixin.py:151} INFO - [2025-03-14T12:37:42.875+0000] {dag.py:2915} INFO - Sync 1 DAGs
[2025-03-14T12:37:42.906+0000] {logging_mixin.py:151} INFO - [2025-03-14T12:37:42.906+0000] {dag.py:3696} INFO - Setting next_dagrun for yfinance_ingestion_dag to 2025-03-14T00:00:00+00:00, run_after=2025-03-15T00:00:00+00:00
[2025-03-14T12:37:42.939+0000] {processor.py:179} INFO - Processing /opt/airflow/dags/pipeline.py took 1.034 seconds
[2025-03-14T12:38:13.745+0000] {processor.py:157} INFO - Started process (PID=1916) to work on /opt/airflow/dags/pipeline.py
[2025-03-14T12:38:13.746+0000] {processor.py:829} INFO - Processing file /opt/airflow/dags/pipeline.py for tasks to queue
[2025-03-14T12:38:13.747+0000] {logging_mixin.py:151} INFO - [2025-03-14T12:38:13.747+0000] {dagbag.py:539} INFO - Filling up the DagBag from /opt/airflow/dags/pipeline.py
[2025-03-14T12:38:14.765+0000] {processor.py:839} INFO - DAG(s) dict_keys(['yfinance_ingestion_dag']) retrieved from /opt/airflow/dags/pipeline.py
[2025-03-14T12:38:14.799+0000] {logging_mixin.py:151} INFO - [2025-03-14T12:38:14.798+0000] {dag.py:2915} INFO - Sync 1 DAGs
[2025-03-14T12:38:14.831+0000] {logging_mixin.py:151} INFO - [2025-03-14T12:38:14.830+0000] {dag.py:3696} INFO - Setting next_dagrun for yfinance_ingestion_dag to 2025-03-14T00:00:00+00:00, run_after=2025-03-15T00:00:00+00:00
[2025-03-14T12:38:14.868+0000] {processor.py:179} INFO - Processing /opt/airflow/dags/pipeline.py took 1.127 seconds
[2025-03-14T12:38:45.609+0000] {processor.py:157} INFO - Started process (PID=1928) to work on /opt/airflow/dags/pipeline.py
[2025-03-14T12:38:45.611+0000] {processor.py:829} INFO - Processing file /opt/airflow/dags/pipeline.py for tasks to queue
[2025-03-14T12:38:45.613+0000] {logging_mixin.py:151} INFO - [2025-03-14T12:38:45.612+0000] {dagbag.py:539} INFO - Filling up the DagBag from /opt/airflow/dags/pipeline.py
[2025-03-14T12:38:46.623+0000] {processor.py:839} INFO - DAG(s) dict_keys(['yfinance_ingestion_dag']) retrieved from /opt/airflow/dags/pipeline.py
[2025-03-14T12:38:46.649+0000] {logging_mixin.py:151} INFO - [2025-03-14T12:38:46.648+0000] {dag.py:2915} INFO - Sync 1 DAGs
[2025-03-14T12:38:46.676+0000] {logging_mixin.py:151} INFO - [2025-03-14T12:38:46.676+0000] {dag.py:3696} INFO - Setting next_dagrun for yfinance_ingestion_dag to 2025-03-14T00:00:00+00:00, run_after=2025-03-15T00:00:00+00:00
[2025-03-14T12:38:46.707+0000] {processor.py:179} INFO - Processing /opt/airflow/dags/pipeline.py took 1.104 seconds
[2025-03-14T12:39:17.418+0000] {processor.py:157} INFO - Started process (PID=1940) to work on /opt/airflow/dags/pipeline.py
[2025-03-14T12:39:17.419+0000] {processor.py:829} INFO - Processing file /opt/airflow/dags/pipeline.py for tasks to queue
[2025-03-14T12:39:17.421+0000] {logging_mixin.py:151} INFO - [2025-03-14T12:39:17.420+0000] {dagbag.py:539} INFO - Filling up the DagBag from /opt/airflow/dags/pipeline.py
[2025-03-14T12:39:18.471+0000] {processor.py:839} INFO - DAG(s) dict_keys(['yfinance_ingestion_dag']) retrieved from /opt/airflow/dags/pipeline.py
[2025-03-14T12:39:18.500+0000] {logging_mixin.py:151} INFO - [2025-03-14T12:39:18.500+0000] {dag.py:2915} INFO - Sync 1 DAGs
[2025-03-14T12:39:18.527+0000] {logging_mixin.py:151} INFO - [2025-03-14T12:39:18.526+0000] {dag.py:3696} INFO - Setting next_dagrun for yfinance_ingestion_dag to 2025-03-14T00:00:00+00:00, run_after=2025-03-15T00:00:00+00:00
[2025-03-14T12:39:18.554+0000] {processor.py:179} INFO - Processing /opt/airflow/dags/pipeline.py took 1.140 seconds
[2025-03-14T12:39:49.471+0000] {processor.py:157} INFO - Started process (PID=1952) to work on /opt/airflow/dags/pipeline.py
[2025-03-14T12:39:49.472+0000] {processor.py:829} INFO - Processing file /opt/airflow/dags/pipeline.py for tasks to queue
[2025-03-14T12:39:49.474+0000] {logging_mixin.py:151} INFO - [2025-03-14T12:39:49.473+0000] {dagbag.py:539} INFO - Filling up the DagBag from /opt/airflow/dags/pipeline.py
[2025-03-14T12:39:50.687+0000] {processor.py:839} INFO - DAG(s) dict_keys(['yfinance_ingestion_dag']) retrieved from /opt/airflow/dags/pipeline.py
[2025-03-14T12:39:50.714+0000] {logging_mixin.py:151} INFO - [2025-03-14T12:39:50.713+0000] {dag.py:2915} INFO - Sync 1 DAGs
[2025-03-14T12:39:50.750+0000] {logging_mixin.py:151} INFO - [2025-03-14T12:39:50.749+0000] {dag.py:3696} INFO - Setting next_dagrun for yfinance_ingestion_dag to 2025-03-14T00:00:00+00:00, run_after=2025-03-15T00:00:00+00:00
[2025-03-14T12:39:50.787+0000] {processor.py:179} INFO - Processing /opt/airflow/dags/pipeline.py took 1.319 seconds
[2025-03-14T12:40:21.452+0000] {processor.py:157} INFO - Started process (PID=1968) to work on /opt/airflow/dags/pipeline.py
[2025-03-14T12:40:21.454+0000] {processor.py:829} INFO - Processing file /opt/airflow/dags/pipeline.py for tasks to queue
[2025-03-14T12:40:21.456+0000] {logging_mixin.py:151} INFO - [2025-03-14T12:40:21.456+0000] {dagbag.py:539} INFO - Filling up the DagBag from /opt/airflow/dags/pipeline.py
[2025-03-14T12:40:22.852+0000] {processor.py:839} INFO - DAG(s) dict_keys(['yfinance_ingestion_dag']) retrieved from /opt/airflow/dags/pipeline.py
[2025-03-14T12:40:22.881+0000] {logging_mixin.py:151} INFO - [2025-03-14T12:40:22.880+0000] {dag.py:2915} INFO - Sync 1 DAGs
[2025-03-14T12:40:22.906+0000] {logging_mixin.py:151} INFO - [2025-03-14T12:40:22.906+0000] {dag.py:3696} INFO - Setting next_dagrun for yfinance_ingestion_dag to 2025-03-14T00:00:00+00:00, run_after=2025-03-15T00:00:00+00:00
[2025-03-14T12:40:22.934+0000] {processor.py:179} INFO - Processing /opt/airflow/dags/pipeline.py took 1.487 seconds
[2025-03-14T12:40:53.187+0000] {processor.py:157} INFO - Started process (PID=1982) to work on /opt/airflow/dags/pipeline.py
[2025-03-14T12:40:53.189+0000] {processor.py:829} INFO - Processing file /opt/airflow/dags/pipeline.py for tasks to queue
[2025-03-14T12:40:53.191+0000] {logging_mixin.py:151} INFO - [2025-03-14T12:40:53.190+0000] {dagbag.py:539} INFO - Filling up the DagBag from /opt/airflow/dags/pipeline.py
[2025-03-14T12:40:51.972+0000] {processor.py:839} INFO - DAG(s) dict_keys(['yfinance_ingestion_dag']) retrieved from /opt/airflow/dags/pipeline.py
[2025-03-14T12:40:52.010+0000] {logging_mixin.py:151} INFO - [2025-03-14T12:40:52.008+0000] {dag.py:2915} INFO - Sync 1 DAGs
[2025-03-14T12:40:52.046+0000] {logging_mixin.py:151} INFO - [2025-03-14T12:40:52.045+0000] {dag.py:3696} INFO - Setting next_dagrun for yfinance_ingestion_dag to 2025-03-14T00:00:00+00:00, run_after=2025-03-15T00:00:00+00:00
[2025-03-14T12:40:52.077+0000] {processor.py:179} INFO - Processing /opt/airflow/dags/pipeline.py took 1.264 seconds
[2025-03-14T12:41:22.846+0000] {processor.py:157} INFO - Started process (PID=1988) to work on /opt/airflow/dags/pipeline.py
[2025-03-14T12:41:22.847+0000] {processor.py:829} INFO - Processing file /opt/airflow/dags/pipeline.py for tasks to queue
[2025-03-14T12:41:22.849+0000] {logging_mixin.py:151} INFO - [2025-03-14T12:41:22.848+0000] {dagbag.py:539} INFO - Filling up the DagBag from /opt/airflow/dags/pipeline.py
[2025-03-14T12:41:23.818+0000] {processor.py:839} INFO - DAG(s) dict_keys(['yfinance_ingestion_dag']) retrieved from /opt/airflow/dags/pipeline.py
[2025-03-14T12:41:23.849+0000] {logging_mixin.py:151} INFO - [2025-03-14T12:41:23.848+0000] {dag.py:2915} INFO - Sync 1 DAGs
[2025-03-14T12:41:23.878+0000] {logging_mixin.py:151} INFO - [2025-03-14T12:41:23.877+0000] {dag.py:3696} INFO - Setting next_dagrun for yfinance_ingestion_dag to 2025-03-14T00:00:00+00:00, run_after=2025-03-15T00:00:00+00:00
[2025-03-14T12:41:23.903+0000] {processor.py:179} INFO - Processing /opt/airflow/dags/pipeline.py took 1.061 seconds
[2025-03-14T12:41:54.785+0000] {processor.py:157} INFO - Started process (PID=2000) to work on /opt/airflow/dags/pipeline.py
[2025-03-14T12:41:54.787+0000] {processor.py:829} INFO - Processing file /opt/airflow/dags/pipeline.py for tasks to queue
[2025-03-14T12:41:54.788+0000] {logging_mixin.py:151} INFO - [2025-03-14T12:41:54.788+0000] {dagbag.py:539} INFO - Filling up the DagBag from /opt/airflow/dags/pipeline.py
[2025-03-14T12:41:56.147+0000] {processor.py:839} INFO - DAG(s) dict_keys(['yfinance_ingestion_dag']) retrieved from /opt/airflow/dags/pipeline.py
[2025-03-14T12:41:56.174+0000] {logging_mixin.py:151} INFO - [2025-03-14T12:41:56.173+0000] {dag.py:2915} INFO - Sync 1 DAGs
[2025-03-14T12:41:56.200+0000] {logging_mixin.py:151} INFO - [2025-03-14T12:41:56.200+0000] {dag.py:3696} INFO - Setting next_dagrun for yfinance_ingestion_dag to 2025-03-14T00:00:00+00:00, run_after=2025-03-15T00:00:00+00:00
[2025-03-14T12:41:56.229+0000] {processor.py:179} INFO - Processing /opt/airflow/dags/pipeline.py took 1.448 seconds
[2025-03-14T12:42:26.944+0000] {processor.py:157} INFO - Started process (PID=2016) to work on /opt/airflow/dags/pipeline.py
[2025-03-14T12:42:26.945+0000] {processor.py:829} INFO - Processing file /opt/airflow/dags/pipeline.py for tasks to queue
[2025-03-14T12:42:26.947+0000] {logging_mixin.py:151} INFO - [2025-03-14T12:42:26.946+0000] {dagbag.py:539} INFO - Filling up the DagBag from /opt/airflow/dags/pipeline.py
[2025-03-14T12:42:27.898+0000] {processor.py:839} INFO - DAG(s) dict_keys(['yfinance_ingestion_dag']) retrieved from /opt/airflow/dags/pipeline.py
[2025-03-14T12:42:27.927+0000] {logging_mixin.py:151} INFO - [2025-03-14T12:42:27.926+0000] {dag.py:2915} INFO - Sync 1 DAGs
[2025-03-14T12:42:27.954+0000] {logging_mixin.py:151} INFO - [2025-03-14T12:42:27.954+0000] {dag.py:3696} INFO - Setting next_dagrun for yfinance_ingestion_dag to 2025-03-14T00:00:00+00:00, run_after=2025-03-15T00:00:00+00:00
[2025-03-14T12:42:27.982+0000] {processor.py:179} INFO - Processing /opt/airflow/dags/pipeline.py took 1.043 seconds
[2025-03-14T12:42:58.051+0000] {processor.py:157} INFO - Started process (PID=2030) to work on /opt/airflow/dags/pipeline.py
[2025-03-14T12:42:58.052+0000] {processor.py:829} INFO - Processing file /opt/airflow/dags/pipeline.py for tasks to queue
[2025-03-14T12:42:58.054+0000] {logging_mixin.py:151} INFO - [2025-03-14T12:42:58.053+0000] {dagbag.py:539} INFO - Filling up the DagBag from /opt/airflow/dags/pipeline.py
[2025-03-14T12:42:59.153+0000] {processor.py:839} INFO - DAG(s) dict_keys(['yfinance_ingestion_dag']) retrieved from /opt/airflow/dags/pipeline.py
[2025-03-14T12:42:59.179+0000] {logging_mixin.py:151} INFO - [2025-03-14T12:42:59.179+0000] {dag.py:2915} INFO - Sync 1 DAGs
[2025-03-14T12:42:59.206+0000] {logging_mixin.py:151} INFO - [2025-03-14T12:42:59.206+0000] {dag.py:3696} INFO - Setting next_dagrun for yfinance_ingestion_dag to 2025-03-14T00:00:00+00:00, run_after=2025-03-15T00:00:00+00:00
[2025-03-14T12:42:59.234+0000] {processor.py:179} INFO - Processing /opt/airflow/dags/pipeline.py took 1.188 seconds
[2025-03-14T12:43:29.829+0000] {processor.py:157} INFO - Started process (PID=2042) to work on /opt/airflow/dags/pipeline.py
[2025-03-14T12:43:29.830+0000] {processor.py:829} INFO - Processing file /opt/airflow/dags/pipeline.py for tasks to queue
[2025-03-14T12:43:29.832+0000] {logging_mixin.py:151} INFO - [2025-03-14T12:43:29.831+0000] {dagbag.py:539} INFO - Filling up the DagBag from /opt/airflow/dags/pipeline.py
[2025-03-14T12:43:30.788+0000] {processor.py:839} INFO - DAG(s) dict_keys(['yfinance_ingestion_dag']) retrieved from /opt/airflow/dags/pipeline.py
[2025-03-14T12:43:30.817+0000] {logging_mixin.py:151} INFO - [2025-03-14T12:43:30.816+0000] {dag.py:2915} INFO - Sync 1 DAGs
[2025-03-14T12:43:30.842+0000] {logging_mixin.py:151} INFO - [2025-03-14T12:43:30.842+0000] {dag.py:3696} INFO - Setting next_dagrun for yfinance_ingestion_dag to 2025-03-14T00:00:00+00:00, run_after=2025-03-15T00:00:00+00:00
[2025-03-14T12:43:30.872+0000] {processor.py:179} INFO - Processing /opt/airflow/dags/pipeline.py took 1.047 seconds
[2025-03-14T12:44:01.862+0000] {processor.py:157} INFO - Started process (PID=2054) to work on /opt/airflow/dags/pipeline.py
[2025-03-14T12:44:01.864+0000] {processor.py:829} INFO - Processing file /opt/airflow/dags/pipeline.py for tasks to queue
[2025-03-14T12:44:01.865+0000] {logging_mixin.py:151} INFO - [2025-03-14T12:44:01.865+0000] {dagbag.py:539} INFO - Filling up the DagBag from /opt/airflow/dags/pipeline.py
[2025-03-14T12:44:02.936+0000] {processor.py:839} INFO - DAG(s) dict_keys(['yfinance_ingestion_dag']) retrieved from /opt/airflow/dags/pipeline.py
[2025-03-14T12:44:02.963+0000] {logging_mixin.py:151} INFO - [2025-03-14T12:44:02.962+0000] {dag.py:2915} INFO - Sync 1 DAGs
[2025-03-14T12:44:02.989+0000] {logging_mixin.py:151} INFO - [2025-03-14T12:44:02.989+0000] {dag.py:3696} INFO - Setting next_dagrun for yfinance_ingestion_dag to 2025-03-14T00:00:00+00:00, run_after=2025-03-15T00:00:00+00:00
[2025-03-14T12:44:03.017+0000] {processor.py:179} INFO - Processing /opt/airflow/dags/pipeline.py took 1.159 seconds
[2025-03-14T12:44:33.678+0000] {processor.py:157} INFO - Started process (PID=2066) to work on /opt/airflow/dags/pipeline.py
[2025-03-14T12:44:33.680+0000] {processor.py:829} INFO - Processing file /opt/airflow/dags/pipeline.py for tasks to queue
[2025-03-14T12:44:33.682+0000] {logging_mixin.py:151} INFO - [2025-03-14T12:44:33.681+0000] {dagbag.py:539} INFO - Filling up the DagBag from /opt/airflow/dags/pipeline.py
[2025-03-14T12:44:34.610+0000] {processor.py:839} INFO - DAG(s) dict_keys(['yfinance_ingestion_dag']) retrieved from /opt/airflow/dags/pipeline.py
[2025-03-14T12:44:34.640+0000] {logging_mixin.py:151} INFO - [2025-03-14T12:44:34.639+0000] {dag.py:2915} INFO - Sync 1 DAGs
[2025-03-14T12:44:34.665+0000] {logging_mixin.py:151} INFO - [2025-03-14T12:44:34.665+0000] {dag.py:3696} INFO - Setting next_dagrun for yfinance_ingestion_dag to 2025-03-14T00:00:00+00:00, run_after=2025-03-15T00:00:00+00:00
[2025-03-14T12:44:34.693+0000] {processor.py:179} INFO - Processing /opt/airflow/dags/pipeline.py took 1.020 seconds
[2025-03-14T12:45:05.131+0000] {processor.py:157} INFO - Started process (PID=2078) to work on /opt/airflow/dags/pipeline.py
[2025-03-14T12:45:05.133+0000] {processor.py:829} INFO - Processing file /opt/airflow/dags/pipeline.py for tasks to queue
[2025-03-14T12:45:05.135+0000] {logging_mixin.py:151} INFO - [2025-03-14T12:45:05.134+0000] {dagbag.py:539} INFO - Filling up the DagBag from /opt/airflow/dags/pipeline.py
[2025-03-14T12:45:06.377+0000] {processor.py:839} INFO - DAG(s) dict_keys(['yfinance_ingestion_dag']) retrieved from /opt/airflow/dags/pipeline.py
[2025-03-14T12:45:06.404+0000] {logging_mixin.py:151} INFO - [2025-03-14T12:45:06.403+0000] {dag.py:2915} INFO - Sync 1 DAGs
[2025-03-14T12:45:06.430+0000] {logging_mixin.py:151} INFO - [2025-03-14T12:45:06.429+0000] {dag.py:3696} INFO - Setting next_dagrun for yfinance_ingestion_dag to 2025-03-14T00:00:00+00:00, run_after=2025-03-15T00:00:00+00:00
[2025-03-14T12:45:06.458+0000] {processor.py:179} INFO - Processing /opt/airflow/dags/pipeline.py took 1.334 seconds
[2025-03-14T12:45:37.117+0000] {processor.py:157} INFO - Started process (PID=2090) to work on /opt/airflow/dags/pipeline.py
[2025-03-14T12:45:37.119+0000] {processor.py:829} INFO - Processing file /opt/airflow/dags/pipeline.py for tasks to queue
[2025-03-14T12:45:37.120+0000] {logging_mixin.py:151} INFO - [2025-03-14T12:45:37.120+0000] {dagbag.py:539} INFO - Filling up the DagBag from /opt/airflow/dags/pipeline.py
[2025-03-14T12:45:38.289+0000] {processor.py:839} INFO - DAG(s) dict_keys(['yfinance_ingestion_dag']) retrieved from /opt/airflow/dags/pipeline.py
[2025-03-14T12:45:38.324+0000] {logging_mixin.py:151} INFO - [2025-03-14T12:45:38.323+0000] {dag.py:2915} INFO - Sync 1 DAGs
[2025-03-14T12:45:38.360+0000] {logging_mixin.py:151} INFO - [2025-03-14T12:45:38.360+0000] {dag.py:3696} INFO - Setting next_dagrun for yfinance_ingestion_dag to 2025-03-14T00:00:00+00:00, run_after=2025-03-15T00:00:00+00:00
[2025-03-14T12:45:38.393+0000] {processor.py:179} INFO - Processing /opt/airflow/dags/pipeline.py took 1.280 seconds
[2025-03-14T12:46:09.150+0000] {processor.py:157} INFO - Started process (PID=2102) to work on /opt/airflow/dags/pipeline.py
[2025-03-14T12:46:09.151+0000] {processor.py:829} INFO - Processing file /opt/airflow/dags/pipeline.py for tasks to queue
[2025-03-14T12:46:09.153+0000] {logging_mixin.py:151} INFO - [2025-03-14T12:46:09.152+0000] {dagbag.py:539} INFO - Filling up the DagBag from /opt/airflow/dags/pipeline.py
[2025-03-14T12:46:10.194+0000] {processor.py:839} INFO - DAG(s) dict_keys(['yfinance_ingestion_dag']) retrieved from /opt/airflow/dags/pipeline.py
[2025-03-14T12:46:10.226+0000] {logging_mixin.py:151} INFO - [2025-03-14T12:46:10.226+0000] {dag.py:2915} INFO - Sync 1 DAGs
[2025-03-14T12:46:10.259+0000] {logging_mixin.py:151} INFO - [2025-03-14T12:46:10.258+0000] {dag.py:3696} INFO - Setting next_dagrun for yfinance_ingestion_dag to 2025-03-14T00:00:00+00:00, run_after=2025-03-15T00:00:00+00:00
[2025-03-14T12:46:10.290+0000] {processor.py:179} INFO - Processing /opt/airflow/dags/pipeline.py took 1.144 seconds
[2025-03-14T12:46:40.960+0000] {processor.py:157} INFO - Started process (PID=2114) to work on /opt/airflow/dags/pipeline.py
[2025-03-14T12:46:40.961+0000] {processor.py:829} INFO - Processing file /opt/airflow/dags/pipeline.py for tasks to queue
[2025-03-14T12:46:40.963+0000] {logging_mixin.py:151} INFO - [2025-03-14T12:46:40.962+0000] {dagbag.py:539} INFO - Filling up the DagBag from /opt/airflow/dags/pipeline.py
[2025-03-14T12:46:42.015+0000] {processor.py:839} INFO - DAG(s) dict_keys(['yfinance_ingestion_dag']) retrieved from /opt/airflow/dags/pipeline.py
[2025-03-14T12:46:42.044+0000] {logging_mixin.py:151} INFO - [2025-03-14T12:46:42.043+0000] {dag.py:2915} INFO - Sync 1 DAGs
[2025-03-14T12:46:42.069+0000] {logging_mixin.py:151} INFO - [2025-03-14T12:46:42.068+0000] {dag.py:3696} INFO - Setting next_dagrun for yfinance_ingestion_dag to 2025-03-14T00:00:00+00:00, run_after=2025-03-15T00:00:00+00:00
[2025-03-14T12:46:42.097+0000] {processor.py:179} INFO - Processing /opt/airflow/dags/pipeline.py took 1.141 seconds
[2025-03-14T12:47:12.804+0000] {processor.py:157} INFO - Started process (PID=2126) to work on /opt/airflow/dags/pipeline.py
[2025-03-14T12:47:12.805+0000] {processor.py:829} INFO - Processing file /opt/airflow/dags/pipeline.py for tasks to queue
[2025-03-14T12:47:12.806+0000] {logging_mixin.py:151} INFO - [2025-03-14T12:47:12.806+0000] {dagbag.py:539} INFO - Filling up the DagBag from /opt/airflow/dags/pipeline.py
[2025-03-14T12:47:13.731+0000] {processor.py:839} INFO - DAG(s) dict_keys(['yfinance_ingestion_dag']) retrieved from /opt/airflow/dags/pipeline.py
[2025-03-14T12:47:13.758+0000] {logging_mixin.py:151} INFO - [2025-03-14T12:47:13.757+0000] {dag.py:2915} INFO - Sync 1 DAGs
[2025-03-14T12:47:13.784+0000] {logging_mixin.py:151} INFO - [2025-03-14T12:47:13.783+0000] {dag.py:3696} INFO - Setting next_dagrun for yfinance_ingestion_dag to 2025-03-14T00:00:00+00:00, run_after=2025-03-15T00:00:00+00:00
[2025-03-14T12:47:13.812+0000] {processor.py:179} INFO - Processing /opt/airflow/dags/pipeline.py took 1.013 seconds
[2025-03-14T12:47:44.574+0000] {processor.py:157} INFO - Started process (PID=2138) to work on /opt/airflow/dags/pipeline.py
[2025-03-14T12:47:44.576+0000] {processor.py:829} INFO - Processing file /opt/airflow/dags/pipeline.py for tasks to queue
[2025-03-14T12:47:44.577+0000] {logging_mixin.py:151} INFO - [2025-03-14T12:47:44.576+0000] {dagbag.py:539} INFO - Filling up the DagBag from /opt/airflow/dags/pipeline.py
[2025-03-14T12:47:45.531+0000] {processor.py:839} INFO - DAG(s) dict_keys(['yfinance_ingestion_dag']) retrieved from /opt/airflow/dags/pipeline.py
[2025-03-14T12:47:45.564+0000] {logging_mixin.py:151} INFO - [2025-03-14T12:47:45.563+0000] {dag.py:2915} INFO - Sync 1 DAGs
[2025-03-14T12:47:45.588+0000] {logging_mixin.py:151} INFO - [2025-03-14T12:47:45.588+0000] {dag.py:3696} INFO - Setting next_dagrun for yfinance_ingestion_dag to 2025-03-14T00:00:00+00:00, run_after=2025-03-15T00:00:00+00:00
[2025-03-14T12:47:45.621+0000] {processor.py:179} INFO - Processing /opt/airflow/dags/pipeline.py took 1.051 seconds
[2025-03-14T12:48:16.155+0000] {processor.py:157} INFO - Started process (PID=2150) to work on /opt/airflow/dags/pipeline.py
[2025-03-14T12:48:16.156+0000] {processor.py:829} INFO - Processing file /opt/airflow/dags/pipeline.py for tasks to queue
[2025-03-14T12:48:16.158+0000] {logging_mixin.py:151} INFO - [2025-03-14T12:48:16.157+0000] {dagbag.py:539} INFO - Filling up the DagBag from /opt/airflow/dags/pipeline.py
[2025-03-14T12:48:17.103+0000] {processor.py:839} INFO - DAG(s) dict_keys(['yfinance_ingestion_dag']) retrieved from /opt/airflow/dags/pipeline.py
[2025-03-14T12:48:17.142+0000] {logging_mixin.py:151} INFO - [2025-03-14T12:48:17.142+0000] {dag.py:2915} INFO - Sync 1 DAGs
[2025-03-14T12:48:17.180+0000] {logging_mixin.py:151} INFO - [2025-03-14T12:48:17.180+0000] {dag.py:3696} INFO - Setting next_dagrun for yfinance_ingestion_dag to 2025-03-14T00:00:00+00:00, run_after=2025-03-15T00:00:00+00:00
[2025-03-14T12:48:17.206+0000] {processor.py:179} INFO - Processing /opt/airflow/dags/pipeline.py took 1.054 seconds
[2025-03-14T12:48:47.961+0000] {processor.py:157} INFO - Started process (PID=2162) to work on /opt/airflow/dags/pipeline.py
[2025-03-14T12:48:47.963+0000] {processor.py:829} INFO - Processing file /opt/airflow/dags/pipeline.py for tasks to queue
[2025-03-14T12:48:47.964+0000] {logging_mixin.py:151} INFO - [2025-03-14T12:48:47.964+0000] {dagbag.py:539} INFO - Filling up the DagBag from /opt/airflow/dags/pipeline.py
[2025-03-14T12:48:49.006+0000] {processor.py:839} INFO - DAG(s) dict_keys(['yfinance_ingestion_dag']) retrieved from /opt/airflow/dags/pipeline.py
[2025-03-14T12:48:49.037+0000] {logging_mixin.py:151} INFO - [2025-03-14T12:48:49.036+0000] {dag.py:2915} INFO - Sync 1 DAGs
[2025-03-14T12:48:49.067+0000] {logging_mixin.py:151} INFO - [2025-03-14T12:48:49.066+0000] {dag.py:3696} INFO - Setting next_dagrun for yfinance_ingestion_dag to 2025-03-14T00:00:00+00:00, run_after=2025-03-15T00:00:00+00:00
[2025-03-14T12:48:49.100+0000] {processor.py:179} INFO - Processing /opt/airflow/dags/pipeline.py took 1.143 seconds
[2025-03-14T12:49:19.970+0000] {processor.py:157} INFO - Started process (PID=2174) to work on /opt/airflow/dags/pipeline.py
[2025-03-14T12:49:19.971+0000] {processor.py:829} INFO - Processing file /opt/airflow/dags/pipeline.py for tasks to queue
[2025-03-14T12:49:19.973+0000] {logging_mixin.py:151} INFO - [2025-03-14T12:49:19.972+0000] {dagbag.py:539} INFO - Filling up the DagBag from /opt/airflow/dags/pipeline.py
[2025-03-14T12:49:20.957+0000] {processor.py:839} INFO - DAG(s) dict_keys(['yfinance_ingestion_dag']) retrieved from /opt/airflow/dags/pipeline.py
[2025-03-14T12:49:20.985+0000] {logging_mixin.py:151} INFO - [2025-03-14T12:49:20.984+0000] {dag.py:2915} INFO - Sync 1 DAGs
[2025-03-14T12:49:21.011+0000] {logging_mixin.py:151} INFO - [2025-03-14T12:49:21.011+0000] {dag.py:3696} INFO - Setting next_dagrun for yfinance_ingestion_dag to 2025-03-14T00:00:00+00:00, run_after=2025-03-15T00:00:00+00:00
[2025-03-14T12:49:21.039+0000] {processor.py:179} INFO - Processing /opt/airflow/dags/pipeline.py took 1.073 seconds
[2025-03-14T12:49:51.905+0000] {processor.py:157} INFO - Started process (PID=2186) to work on /opt/airflow/dags/pipeline.py
[2025-03-14T12:49:51.906+0000] {processor.py:829} INFO - Processing file /opt/airflow/dags/pipeline.py for tasks to queue
[2025-03-14T12:49:51.907+0000] {logging_mixin.py:151} INFO - [2025-03-14T12:49:51.907+0000] {dagbag.py:539} INFO - Filling up the DagBag from /opt/airflow/dags/pipeline.py
[2025-03-14T12:49:53.043+0000] {processor.py:839} INFO - DAG(s) dict_keys(['yfinance_ingestion_dag']) retrieved from /opt/airflow/dags/pipeline.py
[2025-03-14T12:49:53.073+0000] {logging_mixin.py:151} INFO - [2025-03-14T12:49:53.072+0000] {dag.py:2915} INFO - Sync 1 DAGs
[2025-03-14T12:49:53.098+0000] {logging_mixin.py:151} INFO - [2025-03-14T12:49:53.098+0000] {dag.py:3696} INFO - Setting next_dagrun for yfinance_ingestion_dag to 2025-03-14T00:00:00+00:00, run_after=2025-03-15T00:00:00+00:00
[2025-03-14T12:49:53.125+0000] {processor.py:179} INFO - Processing /opt/airflow/dags/pipeline.py took 1.224 seconds
[2025-03-14T12:50:23.901+0000] {processor.py:157} INFO - Started process (PID=2198) to work on /opt/airflow/dags/pipeline.py
[2025-03-14T12:50:23.903+0000] {processor.py:829} INFO - Processing file /opt/airflow/dags/pipeline.py for tasks to queue
[2025-03-14T12:50:23.904+0000] {logging_mixin.py:151} INFO - [2025-03-14T12:50:23.904+0000] {dagbag.py:539} INFO - Filling up the DagBag from /opt/airflow/dags/pipeline.py
[2025-03-14T12:50:24.840+0000] {processor.py:839} INFO - DAG(s) dict_keys(['yfinance_ingestion_dag']) retrieved from /opt/airflow/dags/pipeline.py
[2025-03-14T12:50:24.870+0000] {logging_mixin.py:151} INFO - [2025-03-14T12:50:24.869+0000] {dag.py:2915} INFO - Sync 1 DAGs
[2025-03-14T12:50:24.897+0000] {logging_mixin.py:151} INFO - [2025-03-14T12:50:24.897+0000] {dag.py:3696} INFO - Setting next_dagrun for yfinance_ingestion_dag to 2025-03-14T00:00:00+00:00, run_after=2025-03-15T00:00:00+00:00
[2025-03-14T12:50:24.926+0000] {processor.py:179} INFO - Processing /opt/airflow/dags/pipeline.py took 1.029 seconds
[2025-03-14T12:50:55.774+0000] {processor.py:157} INFO - Started process (PID=2210) to work on /opt/airflow/dags/pipeline.py
[2025-03-14T12:50:55.775+0000] {processor.py:829} INFO - Processing file /opt/airflow/dags/pipeline.py for tasks to queue
[2025-03-14T12:50:55.776+0000] {logging_mixin.py:151} INFO - [2025-03-14T12:50:55.775+0000] {dagbag.py:539} INFO - Filling up the DagBag from /opt/airflow/dags/pipeline.py
[2025-03-14T12:50:56.696+0000] {processor.py:839} INFO - DAG(s) dict_keys(['yfinance_ingestion_dag']) retrieved from /opt/airflow/dags/pipeline.py
[2025-03-14T12:50:56.736+0000] {logging_mixin.py:151} INFO - [2025-03-14T12:50:56.735+0000] {dag.py:2915} INFO - Sync 1 DAGs
[2025-03-14T12:50:56.779+0000] {logging_mixin.py:151} INFO - [2025-03-14T12:50:56.778+0000] {dag.py:3696} INFO - Setting next_dagrun for yfinance_ingestion_dag to 2025-03-14T00:00:00+00:00, run_after=2025-03-15T00:00:00+00:00
[2025-03-14T12:50:56.851+0000] {processor.py:179} INFO - Processing /opt/airflow/dags/pipeline.py took 1.081 seconds
[2025-03-14T12:51:27.619+0000] {processor.py:157} INFO - Started process (PID=2222) to work on /opt/airflow/dags/pipeline.py
[2025-03-14T12:51:27.620+0000] {processor.py:829} INFO - Processing file /opt/airflow/dags/pipeline.py for tasks to queue
[2025-03-14T12:51:27.621+0000] {logging_mixin.py:151} INFO - [2025-03-14T12:51:27.621+0000] {dagbag.py:539} INFO - Filling up the DagBag from /opt/airflow/dags/pipeline.py
[2025-03-14T12:51:28.446+0000] {processor.py:839} INFO - DAG(s) dict_keys(['yfinance_ingestion_dag']) retrieved from /opt/airflow/dags/pipeline.py
[2025-03-14T12:51:28.470+0000] {logging_mixin.py:151} INFO - [2025-03-14T12:51:28.469+0000] {dag.py:2915} INFO - Sync 1 DAGs
[2025-03-14T12:51:28.491+0000] {logging_mixin.py:151} INFO - [2025-03-14T12:51:28.491+0000] {dag.py:3696} INFO - Setting next_dagrun for yfinance_ingestion_dag to 2025-03-14T00:00:00+00:00, run_after=2025-03-15T00:00:00+00:00
[2025-03-14T12:51:28.515+0000] {processor.py:179} INFO - Processing /opt/airflow/dags/pipeline.py took 0.900 seconds
[2025-03-14T12:51:59.124+0000] {processor.py:157} INFO - Started process (PID=2234) to work on /opt/airflow/dags/pipeline.py
[2025-03-14T12:51:59.125+0000] {processor.py:829} INFO - Processing file /opt/airflow/dags/pipeline.py for tasks to queue
[2025-03-14T12:51:59.127+0000] {logging_mixin.py:151} INFO - [2025-03-14T12:51:59.126+0000] {dagbag.py:539} INFO - Filling up the DagBag from /opt/airflow/dags/pipeline.py
[2025-03-14T12:52:00.168+0000] {processor.py:839} INFO - DAG(s) dict_keys(['yfinance_ingestion_dag']) retrieved from /opt/airflow/dags/pipeline.py
[2025-03-14T12:52:00.214+0000] {logging_mixin.py:151} INFO - [2025-03-14T12:52:00.214+0000] {dag.py:2915} INFO - Sync 1 DAGs
[2025-03-14T12:52:00.244+0000] {logging_mixin.py:151} INFO - [2025-03-14T12:52:00.243+0000] {dag.py:3696} INFO - Setting next_dagrun for yfinance_ingestion_dag to 2025-03-14T00:00:00+00:00, run_after=2025-03-15T00:00:00+00:00
[2025-03-14T12:52:00.279+0000] {processor.py:179} INFO - Processing /opt/airflow/dags/pipeline.py took 1.161 seconds
[2025-03-14T12:52:30.343+0000] {processor.py:157} INFO - Started process (PID=2246) to work on /opt/airflow/dags/pipeline.py
[2025-03-14T12:52:30.345+0000] {processor.py:829} INFO - Processing file /opt/airflow/dags/pipeline.py for tasks to queue
[2025-03-14T12:52:30.347+0000] {logging_mixin.py:151} INFO - [2025-03-14T12:52:30.346+0000] {dagbag.py:539} INFO - Filling up the DagBag from /opt/airflow/dags/pipeline.py
[2025-03-14T12:52:31.390+0000] {processor.py:839} INFO - DAG(s) dict_keys(['yfinance_ingestion_dag']) retrieved from /opt/airflow/dags/pipeline.py
[2025-03-14T12:52:31.415+0000] {logging_mixin.py:151} INFO - [2025-03-14T12:52:31.414+0000] {dag.py:2915} INFO - Sync 1 DAGs
[2025-03-14T12:52:31.443+0000] {logging_mixin.py:151} INFO - [2025-03-14T12:52:31.442+0000] {dag.py:3696} INFO - Setting next_dagrun for yfinance_ingestion_dag to 2025-03-14T00:00:00+00:00, run_after=2025-03-15T00:00:00+00:00
[2025-03-14T12:52:31.466+0000] {processor.py:179} INFO - Processing /opt/airflow/dags/pipeline.py took 1.129 seconds
[2025-03-14T12:53:02.128+0000] {processor.py:157} INFO - Started process (PID=2258) to work on /opt/airflow/dags/pipeline.py
[2025-03-14T12:53:02.130+0000] {processor.py:829} INFO - Processing file /opt/airflow/dags/pipeline.py for tasks to queue
[2025-03-14T12:53:02.133+0000] {logging_mixin.py:151} INFO - [2025-03-14T12:53:02.132+0000] {dagbag.py:539} INFO - Filling up the DagBag from /opt/airflow/dags/pipeline.py
[2025-03-14T12:53:03.064+0000] {processor.py:839} INFO - DAG(s) dict_keys(['yfinance_ingestion_dag']) retrieved from /opt/airflow/dags/pipeline.py
[2025-03-14T12:53:03.090+0000] {logging_mixin.py:151} INFO - [2025-03-14T12:53:03.090+0000] {dag.py:2915} INFO - Sync 1 DAGs
[2025-03-14T12:53:03.114+0000] {logging_mixin.py:151} INFO - [2025-03-14T12:53:03.114+0000] {dag.py:3696} INFO - Setting next_dagrun for yfinance_ingestion_dag to 2025-03-14T00:00:00+00:00, run_after=2025-03-15T00:00:00+00:00
[2025-03-14T12:53:03.139+0000] {processor.py:179} INFO - Processing /opt/airflow/dags/pipeline.py took 1.017 seconds
[2025-03-14T12:53:33.794+0000] {processor.py:157} INFO - Started process (PID=2270) to work on /opt/airflow/dags/pipeline.py
[2025-03-14T12:53:33.795+0000] {processor.py:829} INFO - Processing file /opt/airflow/dags/pipeline.py for tasks to queue
[2025-03-14T12:53:33.796+0000] {logging_mixin.py:151} INFO - [2025-03-14T12:53:33.796+0000] {dagbag.py:539} INFO - Filling up the DagBag from /opt/airflow/dags/pipeline.py
[2025-03-14T12:53:34.679+0000] {processor.py:839} INFO - DAG(s) dict_keys(['yfinance_ingestion_dag']) retrieved from /opt/airflow/dags/pipeline.py
[2025-03-14T12:53:34.702+0000] {logging_mixin.py:151} INFO - [2025-03-14T12:53:34.702+0000] {dag.py:2915} INFO - Sync 1 DAGs
[2025-03-14T12:53:34.731+0000] {logging_mixin.py:151} INFO - [2025-03-14T12:53:34.731+0000] {dag.py:3696} INFO - Setting next_dagrun for yfinance_ingestion_dag to 2025-03-14T00:00:00+00:00, run_after=2025-03-15T00:00:00+00:00
[2025-03-14T12:53:34.760+0000] {processor.py:179} INFO - Processing /opt/airflow/dags/pipeline.py took 0.970 seconds
[2025-03-14T12:54:05.011+0000] {processor.py:157} INFO - Started process (PID=2282) to work on /opt/airflow/dags/pipeline.py
[2025-03-14T12:54:05.014+0000] {processor.py:829} INFO - Processing file /opt/airflow/dags/pipeline.py for tasks to queue
[2025-03-14T12:54:05.016+0000] {logging_mixin.py:151} INFO - [2025-03-14T12:54:05.015+0000] {dagbag.py:539} INFO - Filling up the DagBag from /opt/airflow/dags/pipeline.py
[2025-03-14T12:54:06.172+0000] {processor.py:839} INFO - DAG(s) dict_keys(['yfinance_ingestion_dag']) retrieved from /opt/airflow/dags/pipeline.py
[2025-03-14T12:54:06.208+0000] {logging_mixin.py:151} INFO - [2025-03-14T12:54:06.208+0000] {dag.py:2915} INFO - Sync 1 DAGs
[2025-03-14T12:54:06.236+0000] {logging_mixin.py:151} INFO - [2025-03-14T12:54:06.236+0000] {dag.py:3696} INFO - Setting next_dagrun for yfinance_ingestion_dag to 2025-03-14T00:00:00+00:00, run_after=2025-03-15T00:00:00+00:00
[2025-03-14T12:54:06.264+0000] {processor.py:179} INFO - Processing /opt/airflow/dags/pipeline.py took 1.259 seconds
[2025-03-14T12:54:36.710+0000] {processor.py:157} INFO - Started process (PID=2294) to work on /opt/airflow/dags/pipeline.py
[2025-03-14T12:54:36.711+0000] {processor.py:829} INFO - Processing file /opt/airflow/dags/pipeline.py for tasks to queue
[2025-03-14T12:54:36.712+0000] {logging_mixin.py:151} INFO - [2025-03-14T12:54:36.712+0000] {dagbag.py:539} INFO - Filling up the DagBag from /opt/airflow/dags/pipeline.py
[2025-03-14T12:54:37.515+0000] {processor.py:839} INFO - DAG(s) dict_keys(['yfinance_ingestion_dag']) retrieved from /opt/airflow/dags/pipeline.py
[2025-03-14T12:54:37.540+0000] {logging_mixin.py:151} INFO - [2025-03-14T12:54:37.540+0000] {dag.py:2915} INFO - Sync 1 DAGs
[2025-03-14T12:54:37.564+0000] {logging_mixin.py:151} INFO - [2025-03-14T12:54:37.564+0000] {dag.py:3696} INFO - Setting next_dagrun for yfinance_ingestion_dag to 2025-03-14T00:00:00+00:00, run_after=2025-03-15T00:00:00+00:00
[2025-03-14T12:54:37.592+0000] {processor.py:179} INFO - Processing /opt/airflow/dags/pipeline.py took 0.885 seconds
[2025-03-14T12:55:07.683+0000] {processor.py:157} INFO - Started process (PID=2306) to work on /opt/airflow/dags/pipeline.py
[2025-03-14T12:55:07.685+0000] {processor.py:829} INFO - Processing file /opt/airflow/dags/pipeline.py for tasks to queue
[2025-03-14T12:55:07.687+0000] {logging_mixin.py:151} INFO - [2025-03-14T12:55:07.686+0000] {dagbag.py:539} INFO - Filling up the DagBag from /opt/airflow/dags/pipeline.py
[2025-03-14T12:55:08.724+0000] {processor.py:839} INFO - DAG(s) dict_keys(['yfinance_ingestion_dag']) retrieved from /opt/airflow/dags/pipeline.py
[2025-03-14T12:55:08.758+0000] {logging_mixin.py:151} INFO - [2025-03-14T12:55:08.758+0000] {dag.py:2915} INFO - Sync 1 DAGs
[2025-03-14T12:55:08.783+0000] {logging_mixin.py:151} INFO - [2025-03-14T12:55:08.783+0000] {dag.py:3696} INFO - Setting next_dagrun for yfinance_ingestion_dag to 2025-03-14T00:00:00+00:00, run_after=2025-03-15T00:00:00+00:00
[2025-03-14T12:55:08.813+0000] {processor.py:179} INFO - Processing /opt/airflow/dags/pipeline.py took 1.137 seconds
[2025-03-14T12:55:39.086+0000] {processor.py:157} INFO - Started process (PID=2318) to work on /opt/airflow/dags/pipeline.py
[2025-03-14T12:55:39.087+0000] {processor.py:829} INFO - Processing file /opt/airflow/dags/pipeline.py for tasks to queue
[2025-03-14T12:55:39.088+0000] {logging_mixin.py:151} INFO - [2025-03-14T12:55:39.088+0000] {dagbag.py:539} INFO - Filling up the DagBag from /opt/airflow/dags/pipeline.py
[2025-03-14T12:55:39.970+0000] {processor.py:839} INFO - DAG(s) dict_keys(['yfinance_ingestion_dag']) retrieved from /opt/airflow/dags/pipeline.py
[2025-03-14T12:55:39.993+0000] {logging_mixin.py:151} INFO - [2025-03-14T12:55:39.992+0000] {dag.py:2915} INFO - Sync 1 DAGs
[2025-03-14T12:55:40.013+0000] {logging_mixin.py:151} INFO - [2025-03-14T12:55:40.013+0000] {dag.py:3696} INFO - Setting next_dagrun for yfinance_ingestion_dag to 2025-03-14T00:00:00+00:00, run_after=2025-03-15T00:00:00+00:00
[2025-03-14T12:55:40.037+0000] {processor.py:179} INFO - Processing /opt/airflow/dags/pipeline.py took 0.954 seconds
[2025-03-14T12:56:10.333+0000] {processor.py:157} INFO - Started process (PID=2330) to work on /opt/airflow/dags/pipeline.py
[2025-03-14T12:56:10.334+0000] {processor.py:829} INFO - Processing file /opt/airflow/dags/pipeline.py for tasks to queue
[2025-03-14T12:56:10.335+0000] {logging_mixin.py:151} INFO - [2025-03-14T12:56:10.335+0000] {dagbag.py:539} INFO - Filling up the DagBag from /opt/airflow/dags/pipeline.py
[2025-03-14T12:56:11.161+0000] {processor.py:839} INFO - DAG(s) dict_keys(['yfinance_ingestion_dag']) retrieved from /opt/airflow/dags/pipeline.py
[2025-03-14T12:56:11.187+0000] {logging_mixin.py:151} INFO - [2025-03-14T12:56:11.186+0000] {dag.py:2915} INFO - Sync 1 DAGs
[2025-03-14T12:56:11.210+0000] {logging_mixin.py:151} INFO - [2025-03-14T12:56:11.210+0000] {dag.py:3696} INFO - Setting next_dagrun for yfinance_ingestion_dag to 2025-03-14T00:00:00+00:00, run_after=2025-03-15T00:00:00+00:00
[2025-03-14T12:56:11.235+0000] {processor.py:179} INFO - Processing /opt/airflow/dags/pipeline.py took 0.905 seconds
[2025-03-14T12:56:41.484+0000] {processor.py:157} INFO - Started process (PID=2342) to work on /opt/airflow/dags/pipeline.py
[2025-03-14T12:56:41.485+0000] {processor.py:829} INFO - Processing file /opt/airflow/dags/pipeline.py for tasks to queue
[2025-03-14T12:56:41.486+0000] {logging_mixin.py:151} INFO - [2025-03-14T12:56:41.485+0000] {dagbag.py:539} INFO - Filling up the DagBag from /opt/airflow/dags/pipeline.py
[2025-03-14T12:56:42.465+0000] {processor.py:839} INFO - DAG(s) dict_keys(['yfinance_ingestion_dag']) retrieved from /opt/airflow/dags/pipeline.py
[2025-03-14T12:56:42.490+0000] {logging_mixin.py:151} INFO - [2025-03-14T12:56:42.490+0000] {dag.py:2915} INFO - Sync 1 DAGs
[2025-03-14T12:56:42.512+0000] {logging_mixin.py:151} INFO - [2025-03-14T12:56:42.512+0000] {dag.py:3696} INFO - Setting next_dagrun for yfinance_ingestion_dag to 2025-03-14T00:00:00+00:00, run_after=2025-03-15T00:00:00+00:00
[2025-03-14T12:56:42.551+0000] {processor.py:179} INFO - Processing /opt/airflow/dags/pipeline.py took 1.071 seconds
[2025-03-14T12:57:13.297+0000] {processor.py:157} INFO - Started process (PID=2354) to work on /opt/airflow/dags/pipeline.py
[2025-03-14T12:57:13.299+0000] {processor.py:829} INFO - Processing file /opt/airflow/dags/pipeline.py for tasks to queue
[2025-03-14T12:57:13.299+0000] {logging_mixin.py:151} INFO - [2025-03-14T12:57:13.299+0000] {dagbag.py:539} INFO - Filling up the DagBag from /opt/airflow/dags/pipeline.py
[2025-03-14T12:57:14.207+0000] {processor.py:839} INFO - DAG(s) dict_keys(['yfinance_ingestion_dag']) retrieved from /opt/airflow/dags/pipeline.py
[2025-03-14T12:57:14.231+0000] {logging_mixin.py:151} INFO - [2025-03-14T12:57:14.230+0000] {dag.py:2915} INFO - Sync 1 DAGs
[2025-03-14T12:57:14.252+0000] {logging_mixin.py:151} INFO - [2025-03-14T12:57:14.252+0000] {dag.py:3696} INFO - Setting next_dagrun for yfinance_ingestion_dag to 2025-03-14T00:00:00+00:00, run_after=2025-03-15T00:00:00+00:00
[2025-03-14T12:57:14.277+0000] {processor.py:179} INFO - Processing /opt/airflow/dags/pipeline.py took 0.983 seconds
[2025-03-14T12:57:44.912+0000] {processor.py:157} INFO - Started process (PID=2366) to work on /opt/airflow/dags/pipeline.py
[2025-03-14T12:57:44.914+0000] {processor.py:829} INFO - Processing file /opt/airflow/dags/pipeline.py for tasks to queue
[2025-03-14T12:57:44.915+0000] {logging_mixin.py:151} INFO - [2025-03-14T12:57:44.915+0000] {dagbag.py:539} INFO - Filling up the DagBag from /opt/airflow/dags/pipeline.py
[2025-03-14T12:57:46.278+0000] {processor.py:839} INFO - DAG(s) dict_keys(['yfinance_ingestion_dag']) retrieved from /opt/airflow/dags/pipeline.py
[2025-03-14T12:57:46.326+0000] {logging_mixin.py:151} INFO - [2025-03-14T12:57:46.325+0000] {dag.py:2915} INFO - Sync 1 DAGs
[2025-03-14T12:57:46.374+0000] {logging_mixin.py:151} INFO - [2025-03-14T12:57:46.374+0000] {dag.py:3696} INFO - Setting next_dagrun for yfinance_ingestion_dag to 2025-03-14T00:00:00+00:00, run_after=2025-03-15T00:00:00+00:00
[2025-03-14T12:57:46.400+0000] {processor.py:179} INFO - Processing /opt/airflow/dags/pipeline.py took 1.491 seconds
[2025-03-14T12:58:16.567+0000] {processor.py:157} INFO - Started process (PID=2378) to work on /opt/airflow/dags/pipeline.py
[2025-03-14T12:58:16.568+0000] {processor.py:829} INFO - Processing file /opt/airflow/dags/pipeline.py for tasks to queue
[2025-03-14T12:58:16.569+0000] {logging_mixin.py:151} INFO - [2025-03-14T12:58:16.569+0000] {dagbag.py:539} INFO - Filling up the DagBag from /opt/airflow/dags/pipeline.py
[2025-03-14T12:58:17.610+0000] {processor.py:839} INFO - DAG(s) dict_keys(['yfinance_ingestion_dag']) retrieved from /opt/airflow/dags/pipeline.py
[2025-03-14T12:58:17.636+0000] {logging_mixin.py:151} INFO - [2025-03-14T12:58:17.635+0000] {dag.py:2915} INFO - Sync 1 DAGs
[2025-03-14T12:58:17.659+0000] {logging_mixin.py:151} INFO - [2025-03-14T12:58:17.658+0000] {dag.py:3696} INFO - Setting next_dagrun for yfinance_ingestion_dag to 2025-03-14T00:00:00+00:00, run_after=2025-03-15T00:00:00+00:00
[2025-03-14T12:58:17.686+0000] {processor.py:179} INFO - Processing /opt/airflow/dags/pipeline.py took 1.124 seconds
[2025-03-14T12:58:48.375+0000] {processor.py:157} INFO - Started process (PID=2390) to work on /opt/airflow/dags/pipeline.py
[2025-03-14T12:58:48.376+0000] {processor.py:829} INFO - Processing file /opt/airflow/dags/pipeline.py for tasks to queue
[2025-03-14T12:58:48.377+0000] {logging_mixin.py:151} INFO - [2025-03-14T12:58:48.376+0000] {dagbag.py:539} INFO - Filling up the DagBag from /opt/airflow/dags/pipeline.py
[2025-03-14T12:58:49.181+0000] {processor.py:839} INFO - DAG(s) dict_keys(['yfinance_ingestion_dag']) retrieved from /opt/airflow/dags/pipeline.py
[2025-03-14T12:58:49.205+0000] {logging_mixin.py:151} INFO - [2025-03-14T12:58:49.204+0000] {dag.py:2915} INFO - Sync 1 DAGs
[2025-03-14T12:58:49.226+0000] {logging_mixin.py:151} INFO - [2025-03-14T12:58:49.225+0000] {dag.py:3696} INFO - Setting next_dagrun for yfinance_ingestion_dag to 2025-03-14T00:00:00+00:00, run_after=2025-03-15T00:00:00+00:00
[2025-03-14T12:58:49.249+0000] {processor.py:179} INFO - Processing /opt/airflow/dags/pipeline.py took 0.878 seconds
[2025-03-14T12:59:19.896+0000] {processor.py:157} INFO - Started process (PID=2402) to work on /opt/airflow/dags/pipeline.py
[2025-03-14T12:59:19.897+0000] {processor.py:829} INFO - Processing file /opt/airflow/dags/pipeline.py for tasks to queue
[2025-03-14T12:59:19.898+0000] {logging_mixin.py:151} INFO - [2025-03-14T12:59:19.898+0000] {dagbag.py:539} INFO - Filling up the DagBag from /opt/airflow/dags/pipeline.py
[2025-03-14T12:59:20.648+0000] {processor.py:839} INFO - DAG(s) dict_keys(['yfinance_ingestion_dag']) retrieved from /opt/airflow/dags/pipeline.py
[2025-03-14T12:59:20.670+0000] {logging_mixin.py:151} INFO - [2025-03-14T12:59:20.669+0000] {dag.py:2915} INFO - Sync 1 DAGs
[2025-03-14T12:59:20.691+0000] {logging_mixin.py:151} INFO - [2025-03-14T12:59:20.691+0000] {dag.py:3696} INFO - Setting next_dagrun for yfinance_ingestion_dag to 2025-03-14T00:00:00+00:00, run_after=2025-03-15T00:00:00+00:00
[2025-03-14T12:59:20.715+0000] {processor.py:179} INFO - Processing /opt/airflow/dags/pipeline.py took 0.822 seconds
[2025-03-14T12:59:51.735+0000] {processor.py:157} INFO - Started process (PID=2414) to work on /opt/airflow/dags/pipeline.py
[2025-03-14T12:59:51.737+0000] {processor.py:829} INFO - Processing file /opt/airflow/dags/pipeline.py for tasks to queue
[2025-03-14T12:59:51.738+0000] {logging_mixin.py:151} INFO - [2025-03-14T12:59:51.738+0000] {dagbag.py:539} INFO - Filling up the DagBag from /opt/airflow/dags/pipeline.py
[2025-03-14T12:59:53.049+0000] {processor.py:839} INFO - DAG(s) dict_keys(['yfinance_ingestion_dag']) retrieved from /opt/airflow/dags/pipeline.py
[2025-03-14T12:59:53.087+0000] {logging_mixin.py:151} INFO - [2025-03-14T12:59:53.086+0000] {dag.py:2915} INFO - Sync 1 DAGs
[2025-03-14T12:59:53.127+0000] {logging_mixin.py:151} INFO - [2025-03-14T12:59:53.127+0000] {dag.py:3696} INFO - Setting next_dagrun for yfinance_ingestion_dag to 2025-03-14T00:00:00+00:00, run_after=2025-03-15T00:00:00+00:00
[2025-03-14T12:59:53.161+0000] {processor.py:179} INFO - Processing /opt/airflow/dags/pipeline.py took 1.429 seconds
[2025-03-14T13:00:23.930+0000] {processor.py:157} INFO - Started process (PID=2426) to work on /opt/airflow/dags/pipeline.py
[2025-03-14T13:00:23.931+0000] {processor.py:829} INFO - Processing file /opt/airflow/dags/pipeline.py for tasks to queue
[2025-03-14T13:00:23.932+0000] {logging_mixin.py:151} INFO - [2025-03-14T13:00:23.931+0000] {dagbag.py:539} INFO - Filling up the DagBag from /opt/airflow/dags/pipeline.py
[2025-03-14T13:00:24.731+0000] {processor.py:839} INFO - DAG(s) dict_keys(['yfinance_ingestion_dag']) retrieved from /opt/airflow/dags/pipeline.py
[2025-03-14T13:00:24.755+0000] {logging_mixin.py:151} INFO - [2025-03-14T13:00:24.754+0000] {dag.py:2915} INFO - Sync 1 DAGs
[2025-03-14T13:00:24.777+0000] {logging_mixin.py:151} INFO - [2025-03-14T13:00:24.777+0000] {dag.py:3696} INFO - Setting next_dagrun for yfinance_ingestion_dag to 2025-03-14T00:00:00+00:00, run_after=2025-03-15T00:00:00+00:00
[2025-03-14T13:00:24.801+0000] {processor.py:179} INFO - Processing /opt/airflow/dags/pipeline.py took 0.875 seconds
[2025-03-14T13:00:54.959+0000] {processor.py:157} INFO - Started process (PID=2438) to work on /opt/airflow/dags/pipeline.py
[2025-03-14T13:00:54.960+0000] {processor.py:829} INFO - Processing file /opt/airflow/dags/pipeline.py for tasks to queue
[2025-03-14T13:00:54.962+0000] {logging_mixin.py:151} INFO - [2025-03-14T13:00:54.961+0000] {dagbag.py:539} INFO - Filling up the DagBag from /opt/airflow/dags/pipeline.py
[2025-03-14T13:00:56.170+0000] {processor.py:839} INFO - DAG(s) dict_keys(['yfinance_ingestion_dag']) retrieved from /opt/airflow/dags/pipeline.py
[2025-03-14T13:00:56.208+0000] {logging_mixin.py:151} INFO - [2025-03-14T13:00:56.206+0000] {dag.py:2915} INFO - Sync 1 DAGs
[2025-03-14T13:00:56.232+0000] {logging_mixin.py:151} INFO - [2025-03-14T13:00:56.232+0000] {dag.py:3696} INFO - Setting next_dagrun for yfinance_ingestion_dag to 2025-03-14T00:00:00+00:00, run_after=2025-03-15T00:00:00+00:00
[2025-03-14T13:00:56.263+0000] {processor.py:179} INFO - Processing /opt/airflow/dags/pipeline.py took 1.309 seconds
[2025-03-14T13:01:26.328+0000] {processor.py:157} INFO - Started process (PID=2450) to work on /opt/airflow/dags/pipeline.py
[2025-03-14T13:01:26.329+0000] {processor.py:829} INFO - Processing file /opt/airflow/dags/pipeline.py for tasks to queue
[2025-03-14T13:01:26.330+0000] {logging_mixin.py:151} INFO - [2025-03-14T13:01:26.330+0000] {dagbag.py:539} INFO - Filling up the DagBag from /opt/airflow/dags/pipeline.py
[2025-03-14T13:01:27.126+0000] {processor.py:839} INFO - DAG(s) dict_keys(['yfinance_ingestion_dag']) retrieved from /opt/airflow/dags/pipeline.py
[2025-03-14T13:01:27.149+0000] {logging_mixin.py:151} INFO - [2025-03-14T13:01:27.148+0000] {dag.py:2915} INFO - Sync 1 DAGs
[2025-03-14T13:01:27.172+0000] {logging_mixin.py:151} INFO - [2025-03-14T13:01:27.172+0000] {dag.py:3696} INFO - Setting next_dagrun for yfinance_ingestion_dag to 2025-03-14T00:00:00+00:00, run_after=2025-03-15T00:00:00+00:00
[2025-03-14T13:01:27.196+0000] {processor.py:179} INFO - Processing /opt/airflow/dags/pipeline.py took 0.872 seconds
[2025-03-14T13:01:57.550+0000] {processor.py:157} INFO - Started process (PID=2462) to work on /opt/airflow/dags/pipeline.py
[2025-03-14T13:01:57.551+0000] {processor.py:829} INFO - Processing file /opt/airflow/dags/pipeline.py for tasks to queue
[2025-03-14T13:01:57.553+0000] {logging_mixin.py:151} INFO - [2025-03-14T13:01:57.552+0000] {dagbag.py:539} INFO - Filling up the DagBag from /opt/airflow/dags/pipeline.py
[2025-03-14T13:01:58.872+0000] {processor.py:839} INFO - DAG(s) dict_keys(['yfinance_ingestion_dag']) retrieved from /opt/airflow/dags/pipeline.py
[2025-03-14T13:01:58.905+0000] {logging_mixin.py:151} INFO - [2025-03-14T13:01:58.904+0000] {dag.py:2915} INFO - Sync 1 DAGs
[2025-03-14T13:01:58.933+0000] {logging_mixin.py:151} INFO - [2025-03-14T13:01:58.933+0000] {dag.py:3696} INFO - Setting next_dagrun for yfinance_ingestion_dag to 2025-03-14T00:00:00+00:00, run_after=2025-03-15T00:00:00+00:00
[2025-03-14T13:01:58.964+0000] {processor.py:179} INFO - Processing /opt/airflow/dags/pipeline.py took 1.419 seconds
[2025-03-14T13:02:29.141+0000] {processor.py:157} INFO - Started process (PID=2474) to work on /opt/airflow/dags/pipeline.py
[2025-03-14T13:02:29.143+0000] {processor.py:829} INFO - Processing file /opt/airflow/dags/pipeline.py for tasks to queue
[2025-03-14T13:02:29.144+0000] {logging_mixin.py:151} INFO - [2025-03-14T13:02:29.144+0000] {dagbag.py:539} INFO - Filling up the DagBag from /opt/airflow/dags/pipeline.py
[2025-03-14T13:02:30.453+0000] {processor.py:839} INFO - DAG(s) dict_keys(['yfinance_ingestion_dag']) retrieved from /opt/airflow/dags/pipeline.py
[2025-03-14T13:02:30.506+0000] {logging_mixin.py:151} INFO - [2025-03-14T13:02:30.505+0000] {dag.py:2915} INFO - Sync 1 DAGs
[2025-03-14T13:02:30.538+0000] {logging_mixin.py:151} INFO - [2025-03-14T13:02:30.538+0000] {dag.py:3696} INFO - Setting next_dagrun for yfinance_ingestion_dag to 2025-03-14T00:00:00+00:00, run_after=2025-03-15T00:00:00+00:00
[2025-03-14T13:02:30.562+0000] {processor.py:179} INFO - Processing /opt/airflow/dags/pipeline.py took 1.425 seconds
[2025-03-14T13:03:00.699+0000] {processor.py:157} INFO - Started process (PID=2486) to work on /opt/airflow/dags/pipeline.py
[2025-03-14T13:03:00.700+0000] {processor.py:829} INFO - Processing file /opt/airflow/dags/pipeline.py for tasks to queue
[2025-03-14T13:03:00.701+0000] {logging_mixin.py:151} INFO - [2025-03-14T13:03:00.701+0000] {dagbag.py:539} INFO - Filling up the DagBag from /opt/airflow/dags/pipeline.py
[2025-03-14T13:03:02.051+0000] {processor.py:839} INFO - DAG(s) dict_keys(['yfinance_ingestion_dag']) retrieved from /opt/airflow/dags/pipeline.py
[2025-03-14T13:03:02.134+0000] {logging_mixin.py:151} INFO - [2025-03-14T13:03:02.121+0000] {dag.py:2915} INFO - Sync 1 DAGs
[2025-03-14T13:03:02.207+0000] {logging_mixin.py:151} INFO - [2025-03-14T13:03:02.206+0000] {dag.py:3696} INFO - Setting next_dagrun for yfinance_ingestion_dag to 2025-03-14T00:00:00+00:00, run_after=2025-03-15T00:00:00+00:00
[2025-03-14T13:03:02.275+0000] {processor.py:179} INFO - Processing /opt/airflow/dags/pipeline.py took 1.580 seconds
[2025-03-14T13:03:32.403+0000] {processor.py:157} INFO - Started process (PID=2498) to work on /opt/airflow/dags/pipeline.py
[2025-03-14T13:03:32.404+0000] {processor.py:829} INFO - Processing file /opt/airflow/dags/pipeline.py for tasks to queue
[2025-03-14T13:03:32.405+0000] {logging_mixin.py:151} INFO - [2025-03-14T13:03:32.405+0000] {dagbag.py:539} INFO - Filling up the DagBag from /opt/airflow/dags/pipeline.py
[2025-03-14T13:03:33.284+0000] {processor.py:839} INFO - DAG(s) dict_keys(['yfinance_ingestion_dag']) retrieved from /opt/airflow/dags/pipeline.py
[2025-03-14T13:03:33.330+0000] {logging_mixin.py:151} INFO - [2025-03-14T13:03:33.330+0000] {dag.py:2915} INFO - Sync 1 DAGs
[2025-03-14T13:03:33.379+0000] {logging_mixin.py:151} INFO - [2025-03-14T13:03:33.379+0000] {dag.py:3696} INFO - Setting next_dagrun for yfinance_ingestion_dag to 2025-03-14T00:00:00+00:00, run_after=2025-03-15T00:00:00+00:00
[2025-03-14T13:03:33.427+0000] {processor.py:179} INFO - Processing /opt/airflow/dags/pipeline.py took 1.028 seconds
[2025-03-14T13:04:04.134+0000] {processor.py:157} INFO - Started process (PID=2510) to work on /opt/airflow/dags/pipeline.py
[2025-03-14T13:04:04.135+0000] {processor.py:829} INFO - Processing file /opt/airflow/dags/pipeline.py for tasks to queue
[2025-03-14T13:04:04.136+0000] {logging_mixin.py:151} INFO - [2025-03-14T13:04:04.136+0000] {dagbag.py:539} INFO - Filling up the DagBag from /opt/airflow/dags/pipeline.py
[2025-03-14T13:04:04.939+0000] {processor.py:839} INFO - DAG(s) dict_keys(['yfinance_ingestion_dag']) retrieved from /opt/airflow/dags/pipeline.py
[2025-03-14T13:04:04.962+0000] {logging_mixin.py:151} INFO - [2025-03-14T13:04:04.961+0000] {dag.py:2915} INFO - Sync 1 DAGs
[2025-03-14T13:04:04.982+0000] {logging_mixin.py:151} INFO - [2025-03-14T13:04:04.982+0000] {dag.py:3696} INFO - Setting next_dagrun for yfinance_ingestion_dag to 2025-03-14T00:00:00+00:00, run_after=2025-03-15T00:00:00+00:00
[2025-03-14T13:04:05.008+0000] {processor.py:179} INFO - Processing /opt/airflow/dags/pipeline.py took 0.877 seconds
[2025-03-14T13:04:35.193+0000] {processor.py:157} INFO - Started process (PID=2522) to work on /opt/airflow/dags/pipeline.py
[2025-03-14T13:04:35.194+0000] {processor.py:829} INFO - Processing file /opt/airflow/dags/pipeline.py for tasks to queue
[2025-03-14T13:04:35.195+0000] {logging_mixin.py:151} INFO - [2025-03-14T13:04:35.195+0000] {dagbag.py:539} INFO - Filling up the DagBag from /opt/airflow/dags/pipeline.py
[2025-03-14T13:04:35.995+0000] {processor.py:839} INFO - DAG(s) dict_keys(['yfinance_ingestion_dag']) retrieved from /opt/airflow/dags/pipeline.py
[2025-03-14T13:04:36.026+0000] {logging_mixin.py:151} INFO - [2025-03-14T13:04:36.025+0000] {dag.py:2915} INFO - Sync 1 DAGs
[2025-03-14T13:04:36.058+0000] {logging_mixin.py:151} INFO - [2025-03-14T13:04:36.058+0000] {dag.py:3696} INFO - Setting next_dagrun for yfinance_ingestion_dag to 2025-03-14T00:00:00+00:00, run_after=2025-03-15T00:00:00+00:00
[2025-03-14T13:04:36.086+0000] {processor.py:179} INFO - Processing /opt/airflow/dags/pipeline.py took 0.896 seconds
[2025-03-14T13:05:06.810+0000] {processor.py:157} INFO - Started process (PID=2534) to work on /opt/airflow/dags/pipeline.py
[2025-03-14T13:05:06.811+0000] {processor.py:829} INFO - Processing file /opt/airflow/dags/pipeline.py for tasks to queue
[2025-03-14T13:05:06.812+0000] {logging_mixin.py:151} INFO - [2025-03-14T13:05:06.811+0000] {dagbag.py:539} INFO - Filling up the DagBag from /opt/airflow/dags/pipeline.py
[2025-03-14T13:05:07.628+0000] {processor.py:839} INFO - DAG(s) dict_keys(['yfinance_ingestion_dag']) retrieved from /opt/airflow/dags/pipeline.py
[2025-03-14T13:05:07.656+0000] {logging_mixin.py:151} INFO - [2025-03-14T13:05:07.656+0000] {dag.py:2915} INFO - Sync 1 DAGs
[2025-03-14T13:05:07.682+0000] {logging_mixin.py:151} INFO - [2025-03-14T13:05:07.682+0000] {dag.py:3696} INFO - Setting next_dagrun for yfinance_ingestion_dag to 2025-03-14T00:00:00+00:00, run_after=2025-03-15T00:00:00+00:00
[2025-03-14T13:05:07.707+0000] {processor.py:179} INFO - Processing /opt/airflow/dags/pipeline.py took 0.901 seconds
[2025-03-14T13:05:37.966+0000] {processor.py:157} INFO - Started process (PID=2546) to work on /opt/airflow/dags/pipeline.py
[2025-03-14T13:05:37.967+0000] {processor.py:829} INFO - Processing file /opt/airflow/dags/pipeline.py for tasks to queue
[2025-03-14T13:05:37.968+0000] {logging_mixin.py:151} INFO - [2025-03-14T13:05:37.968+0000] {dagbag.py:539} INFO - Filling up the DagBag from /opt/airflow/dags/pipeline.py
[2025-03-14T13:05:38.750+0000] {processor.py:839} INFO - DAG(s) dict_keys(['yfinance_ingestion_dag']) retrieved from /opt/airflow/dags/pipeline.py
[2025-03-14T13:05:38.775+0000] {logging_mixin.py:151} INFO - [2025-03-14T13:05:38.774+0000] {dag.py:2915} INFO - Sync 1 DAGs
[2025-03-14T13:05:38.802+0000] {logging_mixin.py:151} INFO - [2025-03-14T13:05:38.802+0000] {dag.py:3696} INFO - Setting next_dagrun for yfinance_ingestion_dag to 2025-03-14T00:00:00+00:00, run_after=2025-03-15T00:00:00+00:00
[2025-03-14T13:05:38.831+0000] {processor.py:179} INFO - Processing /opt/airflow/dags/pipeline.py took 0.869 seconds
[2025-03-14T13:06:09.633+0000] {processor.py:157} INFO - Started process (PID=2558) to work on /opt/airflow/dags/pipeline.py
[2025-03-14T13:06:09.634+0000] {processor.py:829} INFO - Processing file /opt/airflow/dags/pipeline.py for tasks to queue
[2025-03-14T13:06:09.635+0000] {logging_mixin.py:151} INFO - [2025-03-14T13:06:09.635+0000] {dagbag.py:539} INFO - Filling up the DagBag from /opt/airflow/dags/pipeline.py
[2025-03-14T13:06:10.567+0000] {processor.py:839} INFO - DAG(s) dict_keys(['yfinance_ingestion_dag']) retrieved from /opt/airflow/dags/pipeline.py
[2025-03-14T13:06:10.718+0000] {logging_mixin.py:151} INFO - [2025-03-14T13:06:10.717+0000] {dag.py:2915} INFO - Sync 1 DAGs
[2025-03-14T13:06:10.744+0000] {logging_mixin.py:151} INFO - [2025-03-14T13:06:10.743+0000] {dag.py:3696} INFO - Setting next_dagrun for yfinance_ingestion_dag to 2025-03-14T00:00:00+00:00, run_after=2025-03-15T00:00:00+00:00
[2025-03-14T13:06:10.767+0000] {processor.py:179} INFO - Processing /opt/airflow/dags/pipeline.py took 1.138 seconds
[2025-03-14T13:06:41.314+0000] {processor.py:157} INFO - Started process (PID=2570) to work on /opt/airflow/dags/pipeline.py
[2025-03-14T13:06:41.334+0000] {processor.py:829} INFO - Processing file /opt/airflow/dags/pipeline.py for tasks to queue
[2025-03-14T13:06:41.340+0000] {logging_mixin.py:151} INFO - [2025-03-14T13:06:41.339+0000] {dagbag.py:539} INFO - Filling up the DagBag from /opt/airflow/dags/pipeline.py
[2025-03-14T13:06:42.750+0000] {processor.py:839} INFO - DAG(s) dict_keys(['yfinance_ingestion_dag']) retrieved from /opt/airflow/dags/pipeline.py
[2025-03-14T13:06:42.813+0000] {logging_mixin.py:151} INFO - [2025-03-14T13:06:42.812+0000] {dag.py:2915} INFO - Sync 1 DAGs
[2025-03-14T13:06:43.142+0000] {logging_mixin.py:151} INFO - [2025-03-14T13:06:43.141+0000] {dag.py:3696} INFO - Setting next_dagrun for yfinance_ingestion_dag to 2025-03-14T00:00:00+00:00, run_after=2025-03-15T00:00:00+00:00
[2025-03-14T13:06:43.230+0000] {processor.py:179} INFO - Processing /opt/airflow/dags/pipeline.py took 1.923 seconds
[2025-03-14T13:07:13.451+0000] {processor.py:157} INFO - Started process (PID=2582) to work on /opt/airflow/dags/pipeline.py
[2025-03-14T13:07:13.453+0000] {processor.py:829} INFO - Processing file /opt/airflow/dags/pipeline.py for tasks to queue
[2025-03-14T13:07:13.454+0000] {logging_mixin.py:151} INFO - [2025-03-14T13:07:13.454+0000] {dagbag.py:539} INFO - Filling up the DagBag from /opt/airflow/dags/pipeline.py
[2025-03-14T13:07:14.303+0000] {processor.py:839} INFO - DAG(s) dict_keys(['yfinance_ingestion_dag']) retrieved from /opt/airflow/dags/pipeline.py
[2025-03-14T13:07:14.440+0000] {logging_mixin.py:151} INFO - [2025-03-14T13:07:14.439+0000] {dag.py:2915} INFO - Sync 1 DAGs
[2025-03-14T13:07:14.467+0000] {logging_mixin.py:151} INFO - [2025-03-14T13:07:14.467+0000] {dag.py:3696} INFO - Setting next_dagrun for yfinance_ingestion_dag to 2025-03-14T00:00:00+00:00, run_after=2025-03-15T00:00:00+00:00
[2025-03-14T13:07:14.499+0000] {processor.py:179} INFO - Processing /opt/airflow/dags/pipeline.py took 1.052 seconds
[2025-03-14T13:07:45.219+0000] {processor.py:157} INFO - Started process (PID=2594) to work on /opt/airflow/dags/pipeline.py
[2025-03-14T13:07:45.221+0000] {processor.py:829} INFO - Processing file /opt/airflow/dags/pipeline.py for tasks to queue
[2025-03-14T13:07:45.222+0000] {logging_mixin.py:151} INFO - [2025-03-14T13:07:45.221+0000] {dagbag.py:539} INFO - Filling up the DagBag from /opt/airflow/dags/pipeline.py
[2025-03-14T13:07:46.056+0000] {processor.py:839} INFO - DAG(s) dict_keys(['yfinance_ingestion_dag']) retrieved from /opt/airflow/dags/pipeline.py
[2025-03-14T13:07:46.080+0000] {logging_mixin.py:151} INFO - [2025-03-14T13:07:46.080+0000] {dag.py:2915} INFO - Sync 1 DAGs
[2025-03-14T13:07:46.238+0000] {logging_mixin.py:151} INFO - [2025-03-14T13:07:46.238+0000] {dag.py:3696} INFO - Setting next_dagrun for yfinance_ingestion_dag to 2025-03-14T00:00:00+00:00, run_after=2025-03-15T00:00:00+00:00
[2025-03-14T13:07:46.260+0000] {processor.py:179} INFO - Processing /opt/airflow/dags/pipeline.py took 1.045 seconds
[2025-03-14T13:08:17.164+0000] {processor.py:157} INFO - Started process (PID=2606) to work on /opt/airflow/dags/pipeline.py
[2025-03-14T13:08:17.165+0000] {processor.py:829} INFO - Processing file /opt/airflow/dags/pipeline.py for tasks to queue
[2025-03-14T13:08:17.167+0000] {logging_mixin.py:151} INFO - [2025-03-14T13:08:17.166+0000] {dagbag.py:539} INFO - Filling up the DagBag from /opt/airflow/dags/pipeline.py
[2025-03-14T13:08:18.019+0000] {processor.py:839} INFO - DAG(s) dict_keys(['yfinance_ingestion_dag']) retrieved from /opt/airflow/dags/pipeline.py
[2025-03-14T13:08:18.157+0000] {logging_mixin.py:151} INFO - [2025-03-14T13:08:18.156+0000] {dag.py:2915} INFO - Sync 1 DAGs
[2025-03-14T13:08:18.177+0000] {logging_mixin.py:151} INFO - [2025-03-14T13:08:18.177+0000] {dag.py:3696} INFO - Setting next_dagrun for yfinance_ingestion_dag to 2025-03-14T00:00:00+00:00, run_after=2025-03-15T00:00:00+00:00
[2025-03-14T13:08:18.200+0000] {processor.py:179} INFO - Processing /opt/airflow/dags/pipeline.py took 1.039 seconds
[2025-03-14T13:08:49.124+0000] {processor.py:157} INFO - Started process (PID=2618) to work on /opt/airflow/dags/pipeline.py
[2025-03-14T13:08:49.125+0000] {processor.py:829} INFO - Processing file /opt/airflow/dags/pipeline.py for tasks to queue
[2025-03-14T13:08:49.126+0000] {logging_mixin.py:151} INFO - [2025-03-14T13:08:49.126+0000] {dagbag.py:539} INFO - Filling up the DagBag from /opt/airflow/dags/pipeline.py
[2025-03-14T13:08:50.181+0000] {processor.py:839} INFO - DAG(s) dict_keys(['yfinance_ingestion_dag']) retrieved from /opt/airflow/dags/pipeline.py
[2025-03-14T13:08:50.205+0000] {logging_mixin.py:151} INFO - [2025-03-14T13:08:50.204+0000] {dag.py:2915} INFO - Sync 1 DAGs
[2025-03-14T13:08:50.352+0000] {logging_mixin.py:151} INFO - [2025-03-14T13:08:50.352+0000] {dag.py:3696} INFO - Setting next_dagrun for yfinance_ingestion_dag to 2025-03-14T00:00:00+00:00, run_after=2025-03-15T00:00:00+00:00
[2025-03-14T13:08:50.382+0000] {processor.py:179} INFO - Processing /opt/airflow/dags/pipeline.py took 1.262 seconds
[2025-03-14T13:09:20.473+0000] {processor.py:157} INFO - Started process (PID=2630) to work on /opt/airflow/dags/pipeline.py
[2025-03-14T13:09:20.474+0000] {processor.py:829} INFO - Processing file /opt/airflow/dags/pipeline.py for tasks to queue
[2025-03-14T13:09:20.475+0000] {logging_mixin.py:151} INFO - [2025-03-14T13:09:20.474+0000] {dagbag.py:539} INFO - Filling up the DagBag from /opt/airflow/dags/pipeline.py
[2025-03-14T13:09:21.754+0000] {processor.py:839} INFO - DAG(s) dict_keys(['yfinance_ingestion_dag']) retrieved from /opt/airflow/dags/pipeline.py
[2025-03-14T13:09:21.780+0000] {logging_mixin.py:151} INFO - [2025-03-14T13:09:21.779+0000] {dag.py:2915} INFO - Sync 1 DAGs
[2025-03-14T13:09:21.803+0000] {logging_mixin.py:151} INFO - [2025-03-14T13:09:21.803+0000] {dag.py:3696} INFO - Setting next_dagrun for yfinance_ingestion_dag to 2025-03-14T00:00:00+00:00, run_after=2025-03-15T00:00:00+00:00
[2025-03-14T13:09:21.829+0000] {processor.py:179} INFO - Processing /opt/airflow/dags/pipeline.py took 1.360 seconds
[2025-03-14T13:09:52.090+0000] {processor.py:157} INFO - Started process (PID=2642) to work on /opt/airflow/dags/pipeline.py
[2025-03-14T13:09:52.093+0000] {processor.py:829} INFO - Processing file /opt/airflow/dags/pipeline.py for tasks to queue
[2025-03-14T13:09:52.096+0000] {logging_mixin.py:151} INFO - [2025-03-14T13:09:52.095+0000] {dagbag.py:539} INFO - Filling up the DagBag from /opt/airflow/dags/pipeline.py
[2025-03-14T13:09:55.655+0000] {processor.py:839} INFO - DAG(s) dict_keys(['yfinance_ingestion_dag']) retrieved from /opt/airflow/dags/pipeline.py
[2025-03-14T13:09:55.756+0000] {logging_mixin.py:151} INFO - [2025-03-14T13:09:55.749+0000] {dag.py:2915} INFO - Sync 1 DAGs
[2025-03-14T13:09:56.012+0000] {logging_mixin.py:151} INFO - [2025-03-14T13:09:56.011+0000] {dag.py:3696} INFO - Setting next_dagrun for yfinance_ingestion_dag to 2025-03-14T00:00:00+00:00, run_after=2025-03-15T00:00:00+00:00
[2025-03-14T13:09:56.052+0000] {processor.py:179} INFO - Processing /opt/airflow/dags/pipeline.py took 3.970 seconds
[2025-03-14T13:10:26.526+0000] {processor.py:157} INFO - Started process (PID=2654) to work on /opt/airflow/dags/pipeline.py
[2025-03-14T13:10:26.530+0000] {processor.py:829} INFO - Processing file /opt/airflow/dags/pipeline.py for tasks to queue
[2025-03-14T13:10:26.533+0000] {logging_mixin.py:151} INFO - [2025-03-14T13:10:26.533+0000] {dagbag.py:539} INFO - Filling up the DagBag from /opt/airflow/dags/pipeline.py
[2025-03-14T13:10:31.584+0000] {processor.py:839} INFO - DAG(s) dict_keys(['yfinance_ingestion_dag']) retrieved from /opt/airflow/dags/pipeline.py
[2025-03-14T13:10:31.658+0000] {logging_mixin.py:151} INFO - [2025-03-14T13:10:31.656+0000] {dag.py:2915} INFO - Sync 1 DAGs
[2025-03-14T13:10:31.775+0000] {logging_mixin.py:151} INFO - [2025-03-14T13:10:31.775+0000] {dag.py:3696} INFO - Setting next_dagrun for yfinance_ingestion_dag to 2025-03-14T00:00:00+00:00, run_after=2025-03-15T00:00:00+00:00
[2025-03-14T13:10:31.889+0000] {processor.py:179} INFO - Processing /opt/airflow/dags/pipeline.py took 5.387 seconds
[2025-03-14T13:11:02.725+0000] {processor.py:157} INFO - Started process (PID=2672) to work on /opt/airflow/dags/pipeline.py
[2025-03-14T13:11:02.727+0000] {processor.py:829} INFO - Processing file /opt/airflow/dags/pipeline.py for tasks to queue
[2025-03-14T13:11:02.729+0000] {logging_mixin.py:151} INFO - [2025-03-14T13:11:02.728+0000] {dagbag.py:539} INFO - Filling up the DagBag from /opt/airflow/dags/pipeline.py
[2025-03-14T13:11:05.716+0000] {processor.py:839} INFO - DAG(s) dict_keys(['yfinance_ingestion_dag']) retrieved from /opt/airflow/dags/pipeline.py
[2025-03-14T13:11:05.770+0000] {logging_mixin.py:151} INFO - [2025-03-14T13:11:05.768+0000] {dag.py:2915} INFO - Sync 1 DAGs
[2025-03-14T13:11:05.845+0000] {logging_mixin.py:151} INFO - [2025-03-14T13:11:05.844+0000] {dag.py:3696} INFO - Setting next_dagrun for yfinance_ingestion_dag to 2025-03-14T00:00:00+00:00, run_after=2025-03-15T00:00:00+00:00
[2025-03-14T13:11:05.897+0000] {processor.py:179} INFO - Processing /opt/airflow/dags/pipeline.py took 3.182 seconds
[2025-03-14T13:11:36.223+0000] {processor.py:157} INFO - Started process (PID=2684) to work on /opt/airflow/dags/pipeline.py
[2025-03-14T13:11:36.225+0000] {processor.py:829} INFO - Processing file /opt/airflow/dags/pipeline.py for tasks to queue
[2025-03-14T13:11:36.233+0000] {logging_mixin.py:151} INFO - [2025-03-14T13:11:36.231+0000] {dagbag.py:539} INFO - Filling up the DagBag from /opt/airflow/dags/pipeline.py
[2025-03-14T13:11:38.968+0000] {processor.py:839} INFO - DAG(s) dict_keys(['yfinance_ingestion_dag']) retrieved from /opt/airflow/dags/pipeline.py
[2025-03-14T13:11:39.017+0000] {logging_mixin.py:151} INFO - [2025-03-14T13:11:39.017+0000] {dag.py:2915} INFO - Sync 1 DAGs
[2025-03-14T13:11:39.086+0000] {logging_mixin.py:151} INFO - [2025-03-14T13:11:39.085+0000] {dag.py:3696} INFO - Setting next_dagrun for yfinance_ingestion_dag to 2025-03-14T00:00:00+00:00, run_after=2025-03-15T00:00:00+00:00
[2025-03-14T13:11:39.133+0000] {processor.py:179} INFO - Processing /opt/airflow/dags/pipeline.py took 2.925 seconds
[2025-03-14T13:12:09.319+0000] {processor.py:157} INFO - Started process (PID=2696) to work on /opt/airflow/dags/pipeline.py
[2025-03-14T13:12:09.321+0000] {processor.py:829} INFO - Processing file /opt/airflow/dags/pipeline.py for tasks to queue
[2025-03-14T13:12:09.322+0000] {logging_mixin.py:151} INFO - [2025-03-14T13:12:09.322+0000] {dagbag.py:539} INFO - Filling up the DagBag from /opt/airflow/dags/pipeline.py
[2025-03-14T13:12:10.258+0000] {processor.py:839} INFO - DAG(s) dict_keys(['yfinance_ingestion_dag']) retrieved from /opt/airflow/dags/pipeline.py
[2025-03-14T13:12:10.283+0000] {logging_mixin.py:151} INFO - [2025-03-14T13:12:10.282+0000] {dag.py:2915} INFO - Sync 1 DAGs
[2025-03-14T13:12:10.312+0000] {logging_mixin.py:151} INFO - [2025-03-14T13:12:10.312+0000] {dag.py:3696} INFO - Setting next_dagrun for yfinance_ingestion_dag to 2025-03-14T00:00:00+00:00, run_after=2025-03-15T00:00:00+00:00
[2025-03-14T13:12:10.336+0000] {processor.py:179} INFO - Processing /opt/airflow/dags/pipeline.py took 1.023 seconds
[2025-03-14T13:12:40.977+0000] {processor.py:157} INFO - Started process (PID=2708) to work on /opt/airflow/dags/pipeline.py
[2025-03-14T13:12:40.978+0000] {processor.py:829} INFO - Processing file /opt/airflow/dags/pipeline.py for tasks to queue
[2025-03-14T13:12:40.979+0000] {logging_mixin.py:151} INFO - [2025-03-14T13:12:40.978+0000] {dagbag.py:539} INFO - Filling up the DagBag from /opt/airflow/dags/pipeline.py
[2025-03-14T13:12:41.952+0000] {processor.py:839} INFO - DAG(s) dict_keys(['yfinance_ingestion_dag']) retrieved from /opt/airflow/dags/pipeline.py
[2025-03-14T13:12:41.980+0000] {logging_mixin.py:151} INFO - [2025-03-14T13:12:41.979+0000] {dag.py:2915} INFO - Sync 1 DAGs
[2025-03-14T13:12:42.007+0000] {logging_mixin.py:151} INFO - [2025-03-14T13:12:42.006+0000] {dag.py:3696} INFO - Setting next_dagrun for yfinance_ingestion_dag to 2025-03-14T00:00:00+00:00, run_after=2025-03-15T00:00:00+00:00
[2025-03-14T13:12:42.030+0000] {processor.py:179} INFO - Processing /opt/airflow/dags/pipeline.py took 1.057 seconds
[2025-03-14T13:13:12.860+0000] {processor.py:157} INFO - Started process (PID=2720) to work on /opt/airflow/dags/pipeline.py
[2025-03-14T13:13:12.863+0000] {processor.py:829} INFO - Processing file /opt/airflow/dags/pipeline.py for tasks to queue
[2025-03-14T13:13:12.864+0000] {logging_mixin.py:151} INFO - [2025-03-14T13:13:12.864+0000] {dagbag.py:539} INFO - Filling up the DagBag from /opt/airflow/dags/pipeline.py
[2025-03-14T13:13:13.818+0000] {processor.py:839} INFO - DAG(s) dict_keys(['yfinance_ingestion_dag']) retrieved from /opt/airflow/dags/pipeline.py
[2025-03-14T13:13:13.843+0000] {logging_mixin.py:151} INFO - [2025-03-14T13:13:13.843+0000] {dag.py:2915} INFO - Sync 1 DAGs
[2025-03-14T13:13:13.866+0000] {logging_mixin.py:151} INFO - [2025-03-14T13:13:13.865+0000] {dag.py:3696} INFO - Setting next_dagrun for yfinance_ingestion_dag to 2025-03-14T00:00:00+00:00, run_after=2025-03-15T00:00:00+00:00
[2025-03-14T13:13:13.888+0000] {processor.py:179} INFO - Processing /opt/airflow/dags/pipeline.py took 1.036 seconds
[2025-03-14T13:13:44.462+0000] {processor.py:157} INFO - Started process (PID=2732) to work on /opt/airflow/dags/pipeline.py
[2025-03-14T13:13:44.464+0000] {processor.py:829} INFO - Processing file /opt/airflow/dags/pipeline.py for tasks to queue
[2025-03-14T13:13:44.466+0000] {logging_mixin.py:151} INFO - [2025-03-14T13:13:44.465+0000] {dagbag.py:539} INFO - Filling up the DagBag from /opt/airflow/dags/pipeline.py
[2025-03-14T13:13:45.319+0000] {processor.py:839} INFO - DAG(s) dict_keys(['yfinance_ingestion_dag']) retrieved from /opt/airflow/dags/pipeline.py
[2025-03-14T13:13:45.344+0000] {logging_mixin.py:151} INFO - [2025-03-14T13:13:45.344+0000] {dag.py:2915} INFO - Sync 1 DAGs
[2025-03-14T13:13:45.366+0000] {logging_mixin.py:151} INFO - [2025-03-14T13:13:45.365+0000] {dag.py:3696} INFO - Setting next_dagrun for yfinance_ingestion_dag to 2025-03-14T00:00:00+00:00, run_after=2025-03-15T00:00:00+00:00
[2025-03-14T13:13:45.393+0000] {processor.py:179} INFO - Processing /opt/airflow/dags/pipeline.py took 0.935 seconds
[2025-03-14T13:14:16.367+0000] {processor.py:157} INFO - Started process (PID=2744) to work on /opt/airflow/dags/pipeline.py
[2025-03-14T13:14:16.369+0000] {processor.py:829} INFO - Processing file /opt/airflow/dags/pipeline.py for tasks to queue
[2025-03-14T13:14:16.370+0000] {logging_mixin.py:151} INFO - [2025-03-14T13:14:16.370+0000] {dagbag.py:539} INFO - Filling up the DagBag from /opt/airflow/dags/pipeline.py
[2025-03-14T13:14:17.258+0000] {processor.py:839} INFO - DAG(s) dict_keys(['yfinance_ingestion_dag']) retrieved from /opt/airflow/dags/pipeline.py
[2025-03-14T13:14:17.284+0000] {logging_mixin.py:151} INFO - [2025-03-14T13:14:17.283+0000] {dag.py:2915} INFO - Sync 1 DAGs
[2025-03-14T13:14:17.308+0000] {logging_mixin.py:151} INFO - [2025-03-14T13:14:17.308+0000] {dag.py:3696} INFO - Setting next_dagrun for yfinance_ingestion_dag to 2025-03-14T00:00:00+00:00, run_after=2025-03-15T00:00:00+00:00
[2025-03-14T13:14:17.334+0000] {processor.py:179} INFO - Processing /opt/airflow/dags/pipeline.py took 0.971 seconds
[2025-03-14T13:14:47.486+0000] {processor.py:157} INFO - Started process (PID=2756) to work on /opt/airflow/dags/pipeline.py
[2025-03-14T13:14:47.487+0000] {processor.py:829} INFO - Processing file /opt/airflow/dags/pipeline.py for tasks to queue
[2025-03-14T13:14:47.488+0000] {logging_mixin.py:151} INFO - [2025-03-14T13:14:47.488+0000] {dagbag.py:539} INFO - Filling up the DagBag from /opt/airflow/dags/pipeline.py
[2025-03-14T13:14:48.450+0000] {processor.py:839} INFO - DAG(s) dict_keys(['yfinance_ingestion_dag']) retrieved from /opt/airflow/dags/pipeline.py
[2025-03-14T13:14:48.485+0000] {logging_mixin.py:151} INFO - [2025-03-14T13:14:48.484+0000] {dag.py:2915} INFO - Sync 1 DAGs
[2025-03-14T13:14:48.510+0000] {logging_mixin.py:151} INFO - [2025-03-14T13:14:48.510+0000] {dag.py:3696} INFO - Setting next_dagrun for yfinance_ingestion_dag to 2025-03-14T00:00:00+00:00, run_after=2025-03-15T00:00:00+00:00
[2025-03-14T13:14:48.537+0000] {processor.py:179} INFO - Processing /opt/airflow/dags/pipeline.py took 1.054 seconds
[2025-03-14T13:15:18.969+0000] {processor.py:157} INFO - Started process (PID=2768) to work on /opt/airflow/dags/pipeline.py
[2025-03-14T13:15:18.970+0000] {processor.py:829} INFO - Processing file /opt/airflow/dags/pipeline.py for tasks to queue
[2025-03-14T13:15:18.971+0000] {logging_mixin.py:151} INFO - [2025-03-14T13:15:18.971+0000] {dagbag.py:539} INFO - Filling up the DagBag from /opt/airflow/dags/pipeline.py
[2025-03-14T13:15:19.829+0000] {processor.py:839} INFO - DAG(s) dict_keys(['yfinance_ingestion_dag']) retrieved from /opt/airflow/dags/pipeline.py
[2025-03-14T13:15:19.853+0000] {logging_mixin.py:151} INFO - [2025-03-14T13:15:19.852+0000] {dag.py:2915} INFO - Sync 1 DAGs
[2025-03-14T13:15:19.875+0000] {logging_mixin.py:151} INFO - [2025-03-14T13:15:19.875+0000] {dag.py:3696} INFO - Setting next_dagrun for yfinance_ingestion_dag to 2025-03-14T00:00:00+00:00, run_after=2025-03-15T00:00:00+00:00
[2025-03-14T13:15:19.897+0000] {processor.py:179} INFO - Processing /opt/airflow/dags/pipeline.py took 0.931 seconds
[2025-03-14T13:15:50.092+0000] {processor.py:157} INFO - Started process (PID=2780) to work on /opt/airflow/dags/pipeline.py
[2025-03-14T13:15:50.095+0000] {processor.py:829} INFO - Processing file /opt/airflow/dags/pipeline.py for tasks to queue
[2025-03-14T13:15:50.098+0000] {logging_mixin.py:151} INFO - [2025-03-14T13:15:50.097+0000] {dagbag.py:539} INFO - Filling up the DagBag from /opt/airflow/dags/pipeline.py
[2025-03-14T13:15:51.662+0000] {processor.py:839} INFO - DAG(s) dict_keys(['yfinance_ingestion_dag']) retrieved from /opt/airflow/dags/pipeline.py
[2025-03-14T13:15:51.730+0000] {logging_mixin.py:151} INFO - [2025-03-14T13:15:51.729+0000] {dag.py:2915} INFO - Sync 1 DAGs
[2025-03-14T13:15:51.777+0000] {logging_mixin.py:151} INFO - [2025-03-14T13:15:51.777+0000] {dag.py:3696} INFO - Setting next_dagrun for yfinance_ingestion_dag to 2025-03-14T00:00:00+00:00, run_after=2025-03-15T00:00:00+00:00
[2025-03-14T13:15:51.810+0000] {processor.py:179} INFO - Processing /opt/airflow/dags/pipeline.py took 1.724 seconds
[2025-03-14T13:16:22.696+0000] {processor.py:157} INFO - Started process (PID=2792) to work on /opt/airflow/dags/pipeline.py
[2025-03-14T13:16:22.698+0000] {processor.py:829} INFO - Processing file /opt/airflow/dags/pipeline.py for tasks to queue
[2025-03-14T13:16:22.700+0000] {logging_mixin.py:151} INFO - [2025-03-14T13:16:22.700+0000] {dagbag.py:539} INFO - Filling up the DagBag from /opt/airflow/dags/pipeline.py
[2025-03-14T13:16:23.734+0000] {processor.py:839} INFO - DAG(s) dict_keys(['yfinance_ingestion_dag']) retrieved from /opt/airflow/dags/pipeline.py
[2025-03-14T13:16:23.773+0000] {logging_mixin.py:151} INFO - [2025-03-14T13:16:23.770+0000] {dag.py:2915} INFO - Sync 1 DAGs
[2025-03-14T13:16:23.802+0000] {logging_mixin.py:151} INFO - [2025-03-14T13:16:23.802+0000] {dag.py:3696} INFO - Setting next_dagrun for yfinance_ingestion_dag to 2025-03-14T00:00:00+00:00, run_after=2025-03-15T00:00:00+00:00
[2025-03-14T13:16:23.828+0000] {processor.py:179} INFO - Processing /opt/airflow/dags/pipeline.py took 1.137 seconds
[2025-03-14T13:16:53.889+0000] {processor.py:157} INFO - Started process (PID=2804) to work on /opt/airflow/dags/pipeline.py
[2025-03-14T13:16:53.890+0000] {processor.py:829} INFO - Processing file /opt/airflow/dags/pipeline.py for tasks to queue
[2025-03-14T13:16:53.891+0000] {logging_mixin.py:151} INFO - [2025-03-14T13:16:53.891+0000] {dagbag.py:539} INFO - Filling up the DagBag from /opt/airflow/dags/pipeline.py
[2025-03-14T13:16:54.838+0000] {processor.py:839} INFO - DAG(s) dict_keys(['yfinance_ingestion_dag']) retrieved from /opt/airflow/dags/pipeline.py
[2025-03-14T13:16:54.870+0000] {logging_mixin.py:151} INFO - [2025-03-14T13:16:54.869+0000] {dag.py:2915} INFO - Sync 1 DAGs
[2025-03-14T13:16:54.898+0000] {logging_mixin.py:151} INFO - [2025-03-14T13:16:54.898+0000] {dag.py:3696} INFO - Setting next_dagrun for yfinance_ingestion_dag to 2025-03-14T00:00:00+00:00, run_after=2025-03-15T00:00:00+00:00
[2025-03-14T13:16:54.926+0000] {processor.py:179} INFO - Processing /opt/airflow/dags/pipeline.py took 1.040 seconds
[2025-03-14T13:17:25.621+0000] {processor.py:157} INFO - Started process (PID=2816) to work on /opt/airflow/dags/pipeline.py
[2025-03-14T13:17:25.622+0000] {processor.py:829} INFO - Processing file /opt/airflow/dags/pipeline.py for tasks to queue
[2025-03-14T13:17:25.623+0000] {logging_mixin.py:151} INFO - [2025-03-14T13:17:25.622+0000] {dagbag.py:539} INFO - Filling up the DagBag from /opt/airflow/dags/pipeline.py
[2025-03-14T13:17:26.644+0000] {processor.py:839} INFO - DAG(s) dict_keys(['yfinance_ingestion_dag']) retrieved from /opt/airflow/dags/pipeline.py
[2025-03-14T13:17:26.672+0000] {logging_mixin.py:151} INFO - [2025-03-14T13:17:26.671+0000] {dag.py:2915} INFO - Sync 1 DAGs
[2025-03-14T13:17:26.693+0000] {logging_mixin.py:151} INFO - [2025-03-14T13:17:26.693+0000] {dag.py:3696} INFO - Setting next_dagrun for yfinance_ingestion_dag to 2025-03-14T00:00:00+00:00, run_after=2025-03-15T00:00:00+00:00
[2025-03-14T13:17:26.718+0000] {processor.py:179} INFO - Processing /opt/airflow/dags/pipeline.py took 1.100 seconds
[2025-03-14T13:17:57.278+0000] {processor.py:157} INFO - Started process (PID=2828) to work on /opt/airflow/dags/pipeline.py
[2025-03-14T13:17:57.279+0000] {processor.py:829} INFO - Processing file /opt/airflow/dags/pipeline.py for tasks to queue
[2025-03-14T13:17:57.280+0000] {logging_mixin.py:151} INFO - [2025-03-14T13:17:57.280+0000] {dagbag.py:539} INFO - Filling up the DagBag from /opt/airflow/dags/pipeline.py
[2025-03-14T13:17:58.191+0000] {processor.py:839} INFO - DAG(s) dict_keys(['yfinance_ingestion_dag']) retrieved from /opt/airflow/dags/pipeline.py
[2025-03-14T13:17:58.219+0000] {logging_mixin.py:151} INFO - [2025-03-14T13:17:58.218+0000] {dag.py:2915} INFO - Sync 1 DAGs
[2025-03-14T13:17:58.243+0000] {logging_mixin.py:151} INFO - [2025-03-14T13:17:58.243+0000] {dag.py:3696} INFO - Setting next_dagrun for yfinance_ingestion_dag to 2025-03-14T00:00:00+00:00, run_after=2025-03-15T00:00:00+00:00
[2025-03-14T13:17:58.276+0000] {processor.py:179} INFO - Processing /opt/airflow/dags/pipeline.py took 1.001 seconds
[2025-03-14T13:18:28.789+0000] {processor.py:157} INFO - Started process (PID=2840) to work on /opt/airflow/dags/pipeline.py
[2025-03-14T13:18:28.790+0000] {processor.py:829} INFO - Processing file /opt/airflow/dags/pipeline.py for tasks to queue
[2025-03-14T13:18:28.791+0000] {logging_mixin.py:151} INFO - [2025-03-14T13:18:28.791+0000] {dagbag.py:539} INFO - Filling up the DagBag from /opt/airflow/dags/pipeline.py
[2025-03-14T13:18:29.723+0000] {processor.py:839} INFO - DAG(s) dict_keys(['yfinance_ingestion_dag']) retrieved from /opt/airflow/dags/pipeline.py
[2025-03-14T13:18:29.751+0000] {logging_mixin.py:151} INFO - [2025-03-14T13:18:29.750+0000] {dag.py:2915} INFO - Sync 1 DAGs
[2025-03-14T13:18:29.778+0000] {logging_mixin.py:151} INFO - [2025-03-14T13:18:29.778+0000] {dag.py:3696} INFO - Setting next_dagrun for yfinance_ingestion_dag to 2025-03-14T00:00:00+00:00, run_after=2025-03-15T00:00:00+00:00
[2025-03-14T13:18:29.807+0000] {processor.py:179} INFO - Processing /opt/airflow/dags/pipeline.py took 1.022 seconds
[2025-03-14T13:19:00.325+0000] {processor.py:157} INFO - Started process (PID=2852) to work on /opt/airflow/dags/pipeline.py
[2025-03-14T13:19:00.326+0000] {processor.py:829} INFO - Processing file /opt/airflow/dags/pipeline.py for tasks to queue
[2025-03-14T13:19:00.329+0000] {logging_mixin.py:151} INFO - [2025-03-14T13:19:00.329+0000] {dagbag.py:539} INFO - Filling up the DagBag from /opt/airflow/dags/pipeline.py
[2025-03-14T13:19:01.288+0000] {processor.py:839} INFO - DAG(s) dict_keys(['yfinance_ingestion_dag']) retrieved from /opt/airflow/dags/pipeline.py
[2025-03-14T13:19:01.338+0000] {logging_mixin.py:151} INFO - [2025-03-14T13:19:01.337+0000] {dag.py:2915} INFO - Sync 1 DAGs
[2025-03-14T13:19:01.381+0000] {logging_mixin.py:151} INFO - [2025-03-14T13:19:01.380+0000] {dag.py:3696} INFO - Setting next_dagrun for yfinance_ingestion_dag to 2025-03-14T00:00:00+00:00, run_after=2025-03-15T00:00:00+00:00
[2025-03-14T13:19:01.408+0000] {processor.py:179} INFO - Processing /opt/airflow/dags/pipeline.py took 1.086 seconds
[2025-03-14T13:19:31.599+0000] {processor.py:157} INFO - Started process (PID=2864) to work on /opt/airflow/dags/pipeline.py
[2025-03-14T13:19:31.600+0000] {processor.py:829} INFO - Processing file /opt/airflow/dags/pipeline.py for tasks to queue
[2025-03-14T13:19:31.602+0000] {logging_mixin.py:151} INFO - [2025-03-14T13:19:31.601+0000] {dagbag.py:539} INFO - Filling up the DagBag from /opt/airflow/dags/pipeline.py
[2025-03-14T13:19:32.533+0000] {processor.py:839} INFO - DAG(s) dict_keys(['yfinance_ingestion_dag']) retrieved from /opt/airflow/dags/pipeline.py
[2025-03-14T13:19:32.566+0000] {logging_mixin.py:151} INFO - [2025-03-14T13:19:32.565+0000] {dag.py:2915} INFO - Sync 1 DAGs
[2025-03-14T13:19:32.608+0000] {logging_mixin.py:151} INFO - [2025-03-14T13:19:32.607+0000] {dag.py:3696} INFO - Setting next_dagrun for yfinance_ingestion_dag to 2025-03-14T00:00:00+00:00, run_after=2025-03-15T00:00:00+00:00
[2025-03-14T13:19:32.661+0000] {processor.py:179} INFO - Processing /opt/airflow/dags/pipeline.py took 1.065 seconds
[2025-03-14T13:20:02.748+0000] {processor.py:157} INFO - Started process (PID=2876) to work on /opt/airflow/dags/pipeline.py
[2025-03-14T13:20:02.750+0000] {processor.py:829} INFO - Processing file /opt/airflow/dags/pipeline.py for tasks to queue
[2025-03-14T13:20:02.752+0000] {logging_mixin.py:151} INFO - [2025-03-14T13:20:02.751+0000] {dagbag.py:539} INFO - Filling up the DagBag from /opt/airflow/dags/pipeline.py
[2025-03-14T13:20:03.757+0000] {processor.py:839} INFO - DAG(s) dict_keys(['yfinance_ingestion_dag']) retrieved from /opt/airflow/dags/pipeline.py
[2025-03-14T13:20:03.794+0000] {logging_mixin.py:151} INFO - [2025-03-14T13:20:03.794+0000] {dag.py:2915} INFO - Sync 1 DAGs
[2025-03-14T13:20:03.821+0000] {logging_mixin.py:151} INFO - [2025-03-14T13:20:03.821+0000] {dag.py:3696} INFO - Setting next_dagrun for yfinance_ingestion_dag to 2025-03-14T00:00:00+00:00, run_after=2025-03-15T00:00:00+00:00
[2025-03-14T13:20:03.873+0000] {processor.py:179} INFO - Processing /opt/airflow/dags/pipeline.py took 1.130 seconds
[2025-03-14T13:20:34.036+0000] {processor.py:157} INFO - Started process (PID=2888) to work on /opt/airflow/dags/pipeline.py
[2025-03-14T13:20:34.037+0000] {processor.py:829} INFO - Processing file /opt/airflow/dags/pipeline.py for tasks to queue
[2025-03-14T13:20:34.038+0000] {logging_mixin.py:151} INFO - [2025-03-14T13:20:34.038+0000] {dagbag.py:539} INFO - Filling up the DagBag from /opt/airflow/dags/pipeline.py
[2025-03-14T13:20:34.903+0000] {processor.py:839} INFO - DAG(s) dict_keys(['yfinance_ingestion_dag']) retrieved from /opt/airflow/dags/pipeline.py
[2025-03-14T13:20:34.940+0000] {logging_mixin.py:151} INFO - [2025-03-14T13:20:34.939+0000] {dag.py:2915} INFO - Sync 1 DAGs
[2025-03-14T13:20:34.974+0000] {logging_mixin.py:151} INFO - [2025-03-14T13:20:34.973+0000] {dag.py:3696} INFO - Setting next_dagrun for yfinance_ingestion_dag to 2025-03-14T00:00:00+00:00, run_after=2025-03-15T00:00:00+00:00
[2025-03-14T13:20:35.004+0000] {processor.py:179} INFO - Processing /opt/airflow/dags/pipeline.py took 0.971 seconds
[2025-03-14T13:21:05.300+0000] {processor.py:157} INFO - Started process (PID=2900) to work on /opt/airflow/dags/pipeline.py
[2025-03-14T13:21:05.301+0000] {processor.py:829} INFO - Processing file /opt/airflow/dags/pipeline.py for tasks to queue
[2025-03-14T13:21:05.301+0000] {logging_mixin.py:151} INFO - [2025-03-14T13:21:05.301+0000] {dagbag.py:539} INFO - Filling up the DagBag from /opt/airflow/dags/pipeline.py
[2025-03-14T13:21:06.276+0000] {processor.py:839} INFO - DAG(s) dict_keys(['yfinance_ingestion_dag']) retrieved from /opt/airflow/dags/pipeline.py
[2025-03-14T13:21:06.303+0000] {logging_mixin.py:151} INFO - [2025-03-14T13:21:06.303+0000] {dag.py:2915} INFO - Sync 1 DAGs
[2025-03-14T13:21:06.324+0000] {logging_mixin.py:151} INFO - [2025-03-14T13:21:06.323+0000] {dag.py:3696} INFO - Setting next_dagrun for yfinance_ingestion_dag to 2025-03-14T00:00:00+00:00, run_after=2025-03-15T00:00:00+00:00
[2025-03-14T13:21:06.347+0000] {processor.py:179} INFO - Processing /opt/airflow/dags/pipeline.py took 1.051 seconds
[2025-03-14T13:21:36.419+0000] {processor.py:157} INFO - Started process (PID=2912) to work on /opt/airflow/dags/pipeline.py
[2025-03-14T13:21:36.420+0000] {processor.py:829} INFO - Processing file /opt/airflow/dags/pipeline.py for tasks to queue
[2025-03-14T13:21:36.421+0000] {logging_mixin.py:151} INFO - [2025-03-14T13:21:36.421+0000] {dagbag.py:539} INFO - Filling up the DagBag from /opt/airflow/dags/pipeline.py
[2025-03-14T13:21:37.390+0000] {processor.py:839} INFO - DAG(s) dict_keys(['yfinance_ingestion_dag']) retrieved from /opt/airflow/dags/pipeline.py
[2025-03-14T13:21:37.419+0000] {logging_mixin.py:151} INFO - [2025-03-14T13:21:37.419+0000] {dag.py:2915} INFO - Sync 1 DAGs
[2025-03-14T13:21:37.442+0000] {logging_mixin.py:151} INFO - [2025-03-14T13:21:37.442+0000] {dag.py:3696} INFO - Setting next_dagrun for yfinance_ingestion_dag to 2025-03-14T00:00:00+00:00, run_after=2025-03-15T00:00:00+00:00
[2025-03-14T13:21:37.463+0000] {processor.py:179} INFO - Processing /opt/airflow/dags/pipeline.py took 1.048 seconds
[2025-03-14T13:22:08.027+0000] {processor.py:157} INFO - Started process (PID=2924) to work on /opt/airflow/dags/pipeline.py
[2025-03-14T13:22:08.028+0000] {processor.py:829} INFO - Processing file /opt/airflow/dags/pipeline.py for tasks to queue
[2025-03-14T13:22:08.030+0000] {logging_mixin.py:151} INFO - [2025-03-14T13:22:08.029+0000] {dagbag.py:539} INFO - Filling up the DagBag from /opt/airflow/dags/pipeline.py
[2025-03-14T13:22:08.896+0000] {processor.py:839} INFO - DAG(s) dict_keys(['yfinance_ingestion_dag']) retrieved from /opt/airflow/dags/pipeline.py
[2025-03-14T13:22:08.923+0000] {logging_mixin.py:151} INFO - [2025-03-14T13:22:08.922+0000] {dag.py:2915} INFO - Sync 1 DAGs
[2025-03-14T13:22:08.943+0000] {logging_mixin.py:151} INFO - [2025-03-14T13:22:08.943+0000] {dag.py:3696} INFO - Setting next_dagrun for yfinance_ingestion_dag to 2025-03-14T00:00:00+00:00, run_after=2025-03-15T00:00:00+00:00
[2025-03-14T13:22:08.970+0000] {processor.py:179} INFO - Processing /opt/airflow/dags/pipeline.py took 0.946 seconds
[2025-03-14T13:22:39.047+0000] {processor.py:157} INFO - Started process (PID=2936) to work on /opt/airflow/dags/pipeline.py
[2025-03-14T13:22:39.048+0000] {processor.py:829} INFO - Processing file /opt/airflow/dags/pipeline.py for tasks to queue
[2025-03-14T13:22:39.049+0000] {logging_mixin.py:151} INFO - [2025-03-14T13:22:39.049+0000] {dagbag.py:539} INFO - Filling up the DagBag from /opt/airflow/dags/pipeline.py
[2025-03-14T13:22:40.418+0000] {processor.py:839} INFO - DAG(s) dict_keys(['yfinance_ingestion_dag']) retrieved from /opt/airflow/dags/pipeline.py
[2025-03-14T13:22:40.453+0000] {logging_mixin.py:151} INFO - [2025-03-14T13:22:40.453+0000] {dag.py:2915} INFO - Sync 1 DAGs
[2025-03-14T13:22:40.488+0000] {logging_mixin.py:151} INFO - [2025-03-14T13:22:40.488+0000] {dag.py:3696} INFO - Setting next_dagrun for yfinance_ingestion_dag to 2025-03-14T00:00:00+00:00, run_after=2025-03-15T00:00:00+00:00
[2025-03-14T13:22:40.523+0000] {processor.py:179} INFO - Processing /opt/airflow/dags/pipeline.py took 1.479 seconds
[2025-03-14T13:23:10.983+0000] {processor.py:157} INFO - Started process (PID=2948) to work on /opt/airflow/dags/pipeline.py
[2025-03-14T13:23:10.984+0000] {processor.py:829} INFO - Processing file /opt/airflow/dags/pipeline.py for tasks to queue
[2025-03-14T13:23:10.985+0000] {logging_mixin.py:151} INFO - [2025-03-14T13:23:10.985+0000] {dagbag.py:539} INFO - Filling up the DagBag from /opt/airflow/dags/pipeline.py
[2025-03-14T13:23:12.208+0000] {processor.py:839} INFO - DAG(s) dict_keys(['yfinance_ingestion_dag']) retrieved from /opt/airflow/dags/pipeline.py
[2025-03-14T13:23:12.249+0000] {logging_mixin.py:151} INFO - [2025-03-14T13:23:12.248+0000] {dag.py:2915} INFO - Sync 1 DAGs
[2025-03-14T13:23:12.296+0000] {logging_mixin.py:151} INFO - [2025-03-14T13:23:12.296+0000] {dag.py:3696} INFO - Setting next_dagrun for yfinance_ingestion_dag to 2025-03-14T00:00:00+00:00, run_after=2025-03-15T00:00:00+00:00
[2025-03-14T13:23:12.331+0000] {processor.py:179} INFO - Processing /opt/airflow/dags/pipeline.py took 1.351 seconds
