[2025-03-14T13:26:47.326+0000] {processor.py:157} INFO - Started process (PID=3032) to work on /opt/airflow/dags/re_entrainment_model.py
[2025-03-14T13:26:47.328+0000] {processor.py:829} INFO - Processing file /opt/airflow/dags/re_entrainment_model.py for tasks to queue
[2025-03-14T13:26:47.330+0000] {logging_mixin.py:151} INFO - [2025-03-14T13:26:47.330+0000] {dagbag.py:539} INFO - Filling up the DagBag from /opt/airflow/dags/re_entrainment_model.py
[2025-03-14T13:26:48.691+0000] {logging_mixin.py:151} INFO - [2025-03-14T13:26:48.681+0000] {dagbag.py:347} ERROR - Failed to import: /opt/airflow/dags/re_entrainment_model.py
Traceback (most recent call last):
  File "/home/airflow/.local/lib/python3.8/site-packages/airflow/models/dagbag.py", line 343, in parse
    loader.exec_module(new_module)
  File "<frozen importlib._bootstrap_external>", line 843, in exec_module
  File "<frozen importlib._bootstrap>", line 219, in _call_with_frames_removed
  File "/opt/airflow/dags/re_entrainment_model.py", line 7, in <module>
    from sklearn.preprocessing import MinMaxScaler
ModuleNotFoundError: No module named 'sklearn'
[2025-03-14T13:26:48.693+0000] {processor.py:841} WARNING - No viable dags retrieved from /opt/airflow/dags/re_entrainment_model.py
[2025-03-14T13:26:48.718+0000] {processor.py:179} INFO - Processing /opt/airflow/dags/re_entrainment_model.py took 1.398 seconds
[2025-03-14T13:27:19.311+0000] {processor.py:157} INFO - Started process (PID=3050) to work on /opt/airflow/dags/re_entrainment_model.py
[2025-03-14T13:27:19.312+0000] {processor.py:829} INFO - Processing file /opt/airflow/dags/re_entrainment_model.py for tasks to queue
[2025-03-14T13:27:19.313+0000] {logging_mixin.py:151} INFO - [2025-03-14T13:27:19.313+0000] {dagbag.py:539} INFO - Filling up the DagBag from /opt/airflow/dags/re_entrainment_model.py
[2025-03-14T13:27:20.306+0000] {logging_mixin.py:151} INFO - [2025-03-14T13:27:20.301+0000] {dagbag.py:347} ERROR - Failed to import: /opt/airflow/dags/re_entrainment_model.py
Traceback (most recent call last):
  File "/home/airflow/.local/lib/python3.8/site-packages/airflow/models/dagbag.py", line 343, in parse
    loader.exec_module(new_module)
  File "<frozen importlib._bootstrap_external>", line 843, in exec_module
  File "<frozen importlib._bootstrap>", line 219, in _call_with_frames_removed
  File "/opt/airflow/dags/re_entrainment_model.py", line 7, in <module>
    from sklearn.preprocessing import MinMaxScaler
ModuleNotFoundError: No module named 'sklearn'
[2025-03-14T13:27:20.311+0000] {processor.py:841} WARNING - No viable dags retrieved from /opt/airflow/dags/re_entrainment_model.py
[2025-03-14T13:27:20.335+0000] {processor.py:179} INFO - Processing /opt/airflow/dags/re_entrainment_model.py took 1.027 seconds
[2025-03-14T13:27:50.943+0000] {processor.py:157} INFO - Started process (PID=3068) to work on /opt/airflow/dags/re_entrainment_model.py
[2025-03-14T13:27:50.945+0000] {processor.py:829} INFO - Processing file /opt/airflow/dags/re_entrainment_model.py for tasks to queue
[2025-03-14T13:27:50.947+0000] {logging_mixin.py:151} INFO - [2025-03-14T13:27:50.946+0000] {dagbag.py:539} INFO - Filling up the DagBag from /opt/airflow/dags/re_entrainment_model.py
[2025-03-14T13:27:51.848+0000] {logging_mixin.py:151} INFO - [2025-03-14T13:27:51.840+0000] {dagbag.py:347} ERROR - Failed to import: /opt/airflow/dags/re_entrainment_model.py
Traceback (most recent call last):
  File "/home/airflow/.local/lib/python3.8/site-packages/airflow/models/dagbag.py", line 343, in parse
    loader.exec_module(new_module)
  File "<frozen importlib._bootstrap_external>", line 843, in exec_module
  File "<frozen importlib._bootstrap>", line 219, in _call_with_frames_removed
  File "/opt/airflow/dags/re_entrainment_model.py", line 7, in <module>
    from sklearn.preprocessing import MinMaxScaler
ModuleNotFoundError: No module named 'sklearn'
[2025-03-14T13:27:51.852+0000] {processor.py:841} WARNING - No viable dags retrieved from /opt/airflow/dags/re_entrainment_model.py
[2025-03-14T13:27:51.881+0000] {processor.py:179} INFO - Processing /opt/airflow/dags/re_entrainment_model.py took 0.947 seconds
[2025-03-14T13:28:22.481+0000] {processor.py:157} INFO - Started process (PID=3086) to work on /opt/airflow/dags/re_entrainment_model.py
[2025-03-14T13:28:22.486+0000] {processor.py:829} INFO - Processing file /opt/airflow/dags/re_entrainment_model.py for tasks to queue
[2025-03-14T13:28:22.489+0000] {logging_mixin.py:151} INFO - [2025-03-14T13:28:22.488+0000] {dagbag.py:539} INFO - Filling up the DagBag from /opt/airflow/dags/re_entrainment_model.py
[2025-03-14T13:28:23.396+0000] {logging_mixin.py:151} INFO - [2025-03-14T13:28:23.390+0000] {dagbag.py:347} ERROR - Failed to import: /opt/airflow/dags/re_entrainment_model.py
Traceback (most recent call last):
  File "/home/airflow/.local/lib/python3.8/site-packages/airflow/models/dagbag.py", line 343, in parse
    loader.exec_module(new_module)
  File "<frozen importlib._bootstrap_external>", line 843, in exec_module
  File "<frozen importlib._bootstrap>", line 219, in _call_with_frames_removed
  File "/opt/airflow/dags/re_entrainment_model.py", line 7, in <module>
    from sklearn.preprocessing import MinMaxScaler
ModuleNotFoundError: No module named 'sklearn'
[2025-03-14T13:28:23.398+0000] {processor.py:841} WARNING - No viable dags retrieved from /opt/airflow/dags/re_entrainment_model.py
[2025-03-14T13:28:23.424+0000] {processor.py:179} INFO - Processing /opt/airflow/dags/re_entrainment_model.py took 0.955 seconds
[2025-03-14T13:28:53.578+0000] {processor.py:157} INFO - Started process (PID=3104) to work on /opt/airflow/dags/re_entrainment_model.py
[2025-03-14T13:28:53.579+0000] {processor.py:829} INFO - Processing file /opt/airflow/dags/re_entrainment_model.py for tasks to queue
[2025-03-14T13:28:53.581+0000] {logging_mixin.py:151} INFO - [2025-03-14T13:28:53.581+0000] {dagbag.py:539} INFO - Filling up the DagBag from /opt/airflow/dags/re_entrainment_model.py
[2025-03-14T13:28:54.848+0000] {logging_mixin.py:151} INFO - [2025-03-14T13:28:54.841+0000] {dagbag.py:347} ERROR - Failed to import: /opt/airflow/dags/re_entrainment_model.py
Traceback (most recent call last):
  File "/home/airflow/.local/lib/python3.8/site-packages/airflow/models/dagbag.py", line 343, in parse
    loader.exec_module(new_module)
  File "<frozen importlib._bootstrap_external>", line 843, in exec_module
  File "<frozen importlib._bootstrap>", line 219, in _call_with_frames_removed
  File "/opt/airflow/dags/re_entrainment_model.py", line 7, in <module>
    from sklearn.preprocessing import MinMaxScaler
ModuleNotFoundError: No module named 'sklearn'
[2025-03-14T13:28:54.850+0000] {processor.py:841} WARNING - No viable dags retrieved from /opt/airflow/dags/re_entrainment_model.py
[2025-03-14T13:28:54.869+0000] {processor.py:179} INFO - Processing /opt/airflow/dags/re_entrainment_model.py took 1.298 seconds
[2025-03-14T13:29:25.140+0000] {processor.py:157} INFO - Started process (PID=3122) to work on /opt/airflow/dags/re_entrainment_model.py
[2025-03-14T13:29:25.141+0000] {processor.py:829} INFO - Processing file /opt/airflow/dags/re_entrainment_model.py for tasks to queue
[2025-03-14T13:29:25.142+0000] {logging_mixin.py:151} INFO - [2025-03-14T13:29:25.142+0000] {dagbag.py:539} INFO - Filling up the DagBag from /opt/airflow/dags/re_entrainment_model.py
[2025-03-14T13:29:26.124+0000] {logging_mixin.py:151} INFO - [2025-03-14T13:29:26.119+0000] {dagbag.py:347} ERROR - Failed to import: /opt/airflow/dags/re_entrainment_model.py
Traceback (most recent call last):
  File "/home/airflow/.local/lib/python3.8/site-packages/airflow/models/dagbag.py", line 343, in parse
    loader.exec_module(new_module)
  File "<frozen importlib._bootstrap_external>", line 843, in exec_module
  File "<frozen importlib._bootstrap>", line 219, in _call_with_frames_removed
  File "/opt/airflow/dags/re_entrainment_model.py", line 7, in <module>
    from sklearn.preprocessing import MinMaxScaler
ModuleNotFoundError: No module named 'sklearn'
[2025-03-14T13:29:26.126+0000] {processor.py:841} WARNING - No viable dags retrieved from /opt/airflow/dags/re_entrainment_model.py
[2025-03-14T13:29:26.149+0000] {processor.py:179} INFO - Processing /opt/airflow/dags/re_entrainment_model.py took 1.013 seconds
[2025-03-14T13:29:56.319+0000] {processor.py:157} INFO - Started process (PID=3140) to work on /opt/airflow/dags/re_entrainment_model.py
[2025-03-14T13:29:56.322+0000] {processor.py:829} INFO - Processing file /opt/airflow/dags/re_entrainment_model.py for tasks to queue
[2025-03-14T13:29:56.325+0000] {logging_mixin.py:151} INFO - [2025-03-14T13:29:56.324+0000] {dagbag.py:539} INFO - Filling up the DagBag from /opt/airflow/dags/re_entrainment_model.py
[2025-03-14T13:29:58.953+0000] {logging_mixin.py:151} INFO - [2025-03-14T13:29:58.947+0000] {dagbag.py:347} ERROR - Failed to import: /opt/airflow/dags/re_entrainment_model.py
Traceback (most recent call last):
  File "/home/airflow/.local/lib/python3.8/site-packages/airflow/models/dagbag.py", line 343, in parse
    loader.exec_module(new_module)
  File "<frozen importlib._bootstrap_external>", line 843, in exec_module
  File "<frozen importlib._bootstrap>", line 219, in _call_with_frames_removed
  File "/opt/airflow/dags/re_entrainment_model.py", line 7, in <module>
    from sklearn.preprocessing import MinMaxScaler
ModuleNotFoundError: No module named 'sklearn'
[2025-03-14T13:29:58.954+0000] {processor.py:841} WARNING - No viable dags retrieved from /opt/airflow/dags/re_entrainment_model.py
[2025-03-14T13:29:58.977+0000] {processor.py:179} INFO - Processing /opt/airflow/dags/re_entrainment_model.py took 2.663 seconds
[2025-03-14T13:30:00.059+0000] {processor.py:157} INFO - Started process (PID=3146) to work on /opt/airflow/dags/re_entrainment_model.py
[2025-03-14T13:30:00.061+0000] {processor.py:829} INFO - Processing file /opt/airflow/dags/re_entrainment_model.py for tasks to queue
[2025-03-14T13:30:00.064+0000] {logging_mixin.py:151} INFO - [2025-03-14T13:30:00.063+0000] {dagbag.py:539} INFO - Filling up the DagBag from /opt/airflow/dags/re_entrainment_model.py
[2025-03-14T13:30:00.981+0000] {logging_mixin.py:151} INFO - [2025-03-14T13:30:00.971+0000] {dagbag.py:347} ERROR - Failed to import: /opt/airflow/dags/re_entrainment_model.py
Traceback (most recent call last):
  File "/home/airflow/.local/lib/python3.8/site-packages/airflow/models/dagbag.py", line 343, in parse
    loader.exec_module(new_module)
  File "<frozen importlib._bootstrap_external>", line 843, in exec_module
  File "<frozen importlib._bootstrap>", line 219, in _call_with_frames_removed
  File "/opt/airflow/dags/re_entrainment_model.py", line 7, in <module>
    from sklearn.preprocessing import MinMaxScaler
ModuleNotFoundError: No module named 'sklearn'
[2025-03-14T13:30:00.983+0000] {processor.py:841} WARNING - No viable dags retrieved from /opt/airflow/dags/re_entrainment_model.py
[2025-03-14T13:30:01.003+0000] {processor.py:179} INFO - Processing /opt/airflow/dags/re_entrainment_model.py took 0.948 seconds
[2025-03-14T13:30:02.817+0000] {processor.py:157} INFO - Started process (PID=3152) to work on /opt/airflow/dags/re_entrainment_model.py
[2025-03-14T13:30:02.822+0000] {processor.py:829} INFO - Processing file /opt/airflow/dags/re_entrainment_model.py for tasks to queue
[2025-03-14T13:30:02.830+0000] {logging_mixin.py:151} INFO - [2025-03-14T13:30:02.830+0000] {dagbag.py:539} INFO - Filling up the DagBag from /opt/airflow/dags/re_entrainment_model.py
[2025-03-14T13:30:04.163+0000] {logging_mixin.py:151} INFO - [2025-03-14T13:30:04.157+0000] {dagbag.py:347} ERROR - Failed to import: /opt/airflow/dags/re_entrainment_model.py
Traceback (most recent call last):
  File "/home/airflow/.local/lib/python3.8/site-packages/airflow/models/dagbag.py", line 343, in parse
    loader.exec_module(new_module)
  File "<frozen importlib._bootstrap_external>", line 843, in exec_module
  File "<frozen importlib._bootstrap>", line 219, in _call_with_frames_removed
  File "/opt/airflow/dags/re_entrainment_model.py", line 7, in <module>
    from sklearn.preprocessing import MinMaxScaler
ModuleNotFoundError: No module named 'sklearn'
[2025-03-14T13:30:04.164+0000] {processor.py:841} WARNING - No viable dags retrieved from /opt/airflow/dags/re_entrainment_model.py
[2025-03-14T13:30:04.192+0000] {processor.py:179} INFO - Processing /opt/airflow/dags/re_entrainment_model.py took 1.394 seconds
[2025-03-14T13:30:34.417+0000] {processor.py:157} INFO - Started process (PID=3170) to work on /opt/airflow/dags/re_entrainment_model.py
[2025-03-14T13:30:34.418+0000] {processor.py:829} INFO - Processing file /opt/airflow/dags/re_entrainment_model.py for tasks to queue
[2025-03-14T13:30:34.420+0000] {logging_mixin.py:151} INFO - [2025-03-14T13:30:34.419+0000] {dagbag.py:539} INFO - Filling up the DagBag from /opt/airflow/dags/re_entrainment_model.py
[2025-03-14T13:30:35.105+0000] {logging_mixin.py:151} INFO - [2025-03-14T13:30:35.100+0000] {dagbag.py:347} ERROR - Failed to import: /opt/airflow/dags/re_entrainment_model.py
Traceback (most recent call last):
  File "/home/airflow/.local/lib/python3.8/site-packages/airflow/models/dagbag.py", line 343, in parse
    loader.exec_module(new_module)
  File "<frozen importlib._bootstrap_external>", line 843, in exec_module
  File "<frozen importlib._bootstrap>", line 219, in _call_with_frames_removed
  File "/opt/airflow/dags/re_entrainment_model.py", line 7, in <module>
    from sklearn.preprocessing import MinMaxScaler
ModuleNotFoundError: No module named 'sklearn'
[2025-03-14T13:30:35.107+0000] {processor.py:841} WARNING - No viable dags retrieved from /opt/airflow/dags/re_entrainment_model.py
[2025-03-14T13:30:35.130+0000] {processor.py:179} INFO - Processing /opt/airflow/dags/re_entrainment_model.py took 0.718 seconds
[2025-03-14T13:31:06.078+0000] {processor.py:157} INFO - Started process (PID=3188) to work on /opt/airflow/dags/re_entrainment_model.py
[2025-03-14T13:31:06.080+0000] {processor.py:829} INFO - Processing file /opt/airflow/dags/re_entrainment_model.py for tasks to queue
[2025-03-14T13:31:06.085+0000] {logging_mixin.py:151} INFO - [2025-03-14T13:31:06.084+0000] {dagbag.py:539} INFO - Filling up the DagBag from /opt/airflow/dags/re_entrainment_model.py
[2025-03-14T13:31:06.907+0000] {logging_mixin.py:151} INFO - [2025-03-14T13:31:06.902+0000] {dagbag.py:347} ERROR - Failed to import: /opt/airflow/dags/re_entrainment_model.py
Traceback (most recent call last):
  File "/home/airflow/.local/lib/python3.8/site-packages/airflow/models/dagbag.py", line 343, in parse
    loader.exec_module(new_module)
  File "<frozen importlib._bootstrap_external>", line 843, in exec_module
  File "<frozen importlib._bootstrap>", line 219, in _call_with_frames_removed
  File "/opt/airflow/dags/re_entrainment_model.py", line 7, in <module>
    from sklearn.preprocessing import MinMaxScaler
ModuleNotFoundError: No module named 'sklearn'
[2025-03-14T13:31:06.910+0000] {processor.py:841} WARNING - No viable dags retrieved from /opt/airflow/dags/re_entrainment_model.py
[2025-03-14T13:31:06.935+0000] {processor.py:179} INFO - Processing /opt/airflow/dags/re_entrainment_model.py took 0.861 seconds
[2025-03-14T13:31:37.031+0000] {processor.py:157} INFO - Started process (PID=3206) to work on /opt/airflow/dags/re_entrainment_model.py
[2025-03-14T13:31:37.033+0000] {processor.py:829} INFO - Processing file /opt/airflow/dags/re_entrainment_model.py for tasks to queue
[2025-03-14T13:31:37.034+0000] {logging_mixin.py:151} INFO - [2025-03-14T13:31:37.034+0000] {dagbag.py:539} INFO - Filling up the DagBag from /opt/airflow/dags/re_entrainment_model.py
[2025-03-14T13:31:38.824+0000] {logging_mixin.py:151} INFO - [2025-03-14T13:31:38.819+0000] {dagbag.py:347} ERROR - Failed to import: /opt/airflow/dags/re_entrainment_model.py
Traceback (most recent call last):
  File "/home/airflow/.local/lib/python3.8/site-packages/airflow/models/dagbag.py", line 343, in parse
    loader.exec_module(new_module)
  File "<frozen importlib._bootstrap_external>", line 843, in exec_module
  File "<frozen importlib._bootstrap>", line 219, in _call_with_frames_removed
  File "/opt/airflow/dags/re_entrainment_model.py", line 7, in <module>
    from sklearn.preprocessing import MinMaxScaler
ModuleNotFoundError: No module named 'sklearn'
[2025-03-14T13:31:38.826+0000] {processor.py:841} WARNING - No viable dags retrieved from /opt/airflow/dags/re_entrainment_model.py
[2025-03-14T13:31:38.859+0000] {processor.py:179} INFO - Processing /opt/airflow/dags/re_entrainment_model.py took 1.830 seconds
[2025-03-14T13:32:09.929+0000] {processor.py:157} INFO - Started process (PID=3224) to work on /opt/airflow/dags/re_entrainment_model.py
[2025-03-14T13:32:09.931+0000] {processor.py:829} INFO - Processing file /opt/airflow/dags/re_entrainment_model.py for tasks to queue
[2025-03-14T13:32:09.933+0000] {logging_mixin.py:151} INFO - [2025-03-14T13:32:09.932+0000] {dagbag.py:539} INFO - Filling up the DagBag from /opt/airflow/dags/re_entrainment_model.py
[2025-03-14T13:32:11.417+0000] {logging_mixin.py:151} INFO - [2025-03-14T13:32:11.407+0000] {dagbag.py:347} ERROR - Failed to import: /opt/airflow/dags/re_entrainment_model.py
Traceback (most recent call last):
  File "/home/airflow/.local/lib/python3.8/site-packages/airflow/models/dagbag.py", line 343, in parse
    loader.exec_module(new_module)
  File "<frozen importlib._bootstrap_external>", line 843, in exec_module
  File "<frozen importlib._bootstrap>", line 219, in _call_with_frames_removed
  File "/opt/airflow/dags/re_entrainment_model.py", line 7, in <module>
    from sklearn.preprocessing import MinMaxScaler
ModuleNotFoundError: No module named 'sklearn'
[2025-03-14T13:32:11.419+0000] {processor.py:841} WARNING - No viable dags retrieved from /opt/airflow/dags/re_entrainment_model.py
[2025-03-14T13:32:11.465+0000] {processor.py:179} INFO - Processing /opt/airflow/dags/re_entrainment_model.py took 1.539 seconds
[2025-03-14T13:32:41.694+0000] {processor.py:157} INFO - Started process (PID=3242) to work on /opt/airflow/dags/re_entrainment_model.py
[2025-03-14T13:32:41.695+0000] {processor.py:829} INFO - Processing file /opt/airflow/dags/re_entrainment_model.py for tasks to queue
[2025-03-14T13:32:41.696+0000] {logging_mixin.py:151} INFO - [2025-03-14T13:32:41.696+0000] {dagbag.py:539} INFO - Filling up the DagBag from /opt/airflow/dags/re_entrainment_model.py
[2025-03-14T13:32:42.543+0000] {logging_mixin.py:151} INFO - [2025-03-14T13:32:42.536+0000] {dagbag.py:347} ERROR - Failed to import: /opt/airflow/dags/re_entrainment_model.py
Traceback (most recent call last):
  File "/home/airflow/.local/lib/python3.8/site-packages/airflow/models/dagbag.py", line 343, in parse
    loader.exec_module(new_module)
  File "<frozen importlib._bootstrap_external>", line 843, in exec_module
  File "<frozen importlib._bootstrap>", line 219, in _call_with_frames_removed
  File "/opt/airflow/dags/re_entrainment_model.py", line 7, in <module>
    from sklearn.preprocessing import MinMaxScaler
ModuleNotFoundError: No module named 'sklearn'
[2025-03-14T13:32:42.546+0000] {processor.py:841} WARNING - No viable dags retrieved from /opt/airflow/dags/re_entrainment_model.py
[2025-03-14T13:32:42.575+0000] {processor.py:179} INFO - Processing /opt/airflow/dags/re_entrainment_model.py took 0.883 seconds
[2025-03-14T13:33:13.196+0000] {processor.py:157} INFO - Started process (PID=3260) to work on /opt/airflow/dags/re_entrainment_model.py
[2025-03-14T13:33:13.204+0000] {processor.py:829} INFO - Processing file /opt/airflow/dags/re_entrainment_model.py for tasks to queue
[2025-03-14T13:33:13.208+0000] {logging_mixin.py:151} INFO - [2025-03-14T13:33:13.207+0000] {dagbag.py:539} INFO - Filling up the DagBag from /opt/airflow/dags/re_entrainment_model.py
[2025-03-14T13:33:15.779+0000] {logging_mixin.py:151} INFO - [2025-03-14T13:33:15.767+0000] {dagbag.py:347} ERROR - Failed to import: /opt/airflow/dags/re_entrainment_model.py
Traceback (most recent call last):
  File "/home/airflow/.local/lib/python3.8/site-packages/airflow/models/dagbag.py", line 343, in parse
    loader.exec_module(new_module)
  File "<frozen importlib._bootstrap_external>", line 843, in exec_module
  File "<frozen importlib._bootstrap>", line 219, in _call_with_frames_removed
  File "/opt/airflow/dags/re_entrainment_model.py", line 7, in <module>
    from sklearn.preprocessing import MinMaxScaler
ModuleNotFoundError: No module named 'sklearn'
[2025-03-14T13:33:15.782+0000] {processor.py:841} WARNING - No viable dags retrieved from /opt/airflow/dags/re_entrainment_model.py
[2025-03-14T13:33:15.857+0000] {processor.py:179} INFO - Processing /opt/airflow/dags/re_entrainment_model.py took 2.672 seconds
[2025-03-14T13:33:46.311+0000] {processor.py:157} INFO - Started process (PID=3278) to work on /opt/airflow/dags/re_entrainment_model.py
[2025-03-14T13:33:46.318+0000] {processor.py:829} INFO - Processing file /opt/airflow/dags/re_entrainment_model.py for tasks to queue
[2025-03-14T13:33:46.321+0000] {logging_mixin.py:151} INFO - [2025-03-14T13:33:46.320+0000] {dagbag.py:539} INFO - Filling up the DagBag from /opt/airflow/dags/re_entrainment_model.py
[2025-03-14T13:33:52.540+0000] {logging_mixin.py:151} INFO - [2025-03-14T13:33:52.501+0000] {dagbag.py:347} ERROR - Failed to import: /opt/airflow/dags/re_entrainment_model.py
Traceback (most recent call last):
  File "/home/airflow/.local/lib/python3.8/site-packages/airflow/models/dagbag.py", line 343, in parse
    loader.exec_module(new_module)
  File "<frozen importlib._bootstrap_external>", line 843, in exec_module
  File "<frozen importlib._bootstrap>", line 219, in _call_with_frames_removed
  File "/opt/airflow/dags/re_entrainment_model.py", line 7, in <module>
    from sklearn.preprocessing import MinMaxScaler
ModuleNotFoundError: No module named 'sklearn'
[2025-03-14T13:33:52.548+0000] {processor.py:841} WARNING - No viable dags retrieved from /opt/airflow/dags/re_entrainment_model.py
[2025-03-14T13:33:52.837+0000] {processor.py:179} INFO - Processing /opt/airflow/dags/re_entrainment_model.py took 6.554 seconds
[2025-03-14T13:34:23.165+0000] {processor.py:157} INFO - Started process (PID=3296) to work on /opt/airflow/dags/re_entrainment_model.py
[2025-03-14T13:34:23.168+0000] {processor.py:829} INFO - Processing file /opt/airflow/dags/re_entrainment_model.py for tasks to queue
[2025-03-14T13:34:23.173+0000] {logging_mixin.py:151} INFO - [2025-03-14T13:34:23.171+0000] {dagbag.py:539} INFO - Filling up the DagBag from /opt/airflow/dags/re_entrainment_model.py
[2025-03-14T13:34:25.020+0000] {logging_mixin.py:151} INFO - [2025-03-14T13:34:25.014+0000] {dagbag.py:347} ERROR - Failed to import: /opt/airflow/dags/re_entrainment_model.py
Traceback (most recent call last):
  File "/home/airflow/.local/lib/python3.8/site-packages/airflow/models/dagbag.py", line 343, in parse
    loader.exec_module(new_module)
  File "<frozen importlib._bootstrap_external>", line 843, in exec_module
  File "<frozen importlib._bootstrap>", line 219, in _call_with_frames_removed
  File "/opt/airflow/dags/re_entrainment_model.py", line 7, in <module>
    from sklearn.preprocessing import MinMaxScaler
ModuleNotFoundError: No module named 'sklearn'
[2025-03-14T13:34:25.023+0000] {processor.py:841} WARNING - No viable dags retrieved from /opt/airflow/dags/re_entrainment_model.py
[2025-03-14T13:34:25.049+0000] {processor.py:179} INFO - Processing /opt/airflow/dags/re_entrainment_model.py took 1.897 seconds
[2025-03-14T13:34:55.607+0000] {processor.py:157} INFO - Started process (PID=3314) to work on /opt/airflow/dags/re_entrainment_model.py
[2025-03-14T13:34:55.609+0000] {processor.py:829} INFO - Processing file /opt/airflow/dags/re_entrainment_model.py for tasks to queue
[2025-03-14T13:34:55.612+0000] {logging_mixin.py:151} INFO - [2025-03-14T13:34:55.611+0000] {dagbag.py:539} INFO - Filling up the DagBag from /opt/airflow/dags/re_entrainment_model.py
[2025-03-14T13:34:56.875+0000] {logging_mixin.py:151} INFO - [2025-03-14T13:34:56.868+0000] {dagbag.py:347} ERROR - Failed to import: /opt/airflow/dags/re_entrainment_model.py
Traceback (most recent call last):
  File "/home/airflow/.local/lib/python3.8/site-packages/airflow/models/dagbag.py", line 343, in parse
    loader.exec_module(new_module)
  File "<frozen importlib._bootstrap_external>", line 843, in exec_module
  File "<frozen importlib._bootstrap>", line 219, in _call_with_frames_removed
  File "/opt/airflow/dags/re_entrainment_model.py", line 7, in <module>
    from sklearn.preprocessing import MinMaxScaler
ModuleNotFoundError: No module named 'sklearn'
[2025-03-14T13:34:56.877+0000] {processor.py:841} WARNING - No viable dags retrieved from /opt/airflow/dags/re_entrainment_model.py
[2025-03-14T13:34:56.902+0000] {processor.py:179} INFO - Processing /opt/airflow/dags/re_entrainment_model.py took 1.306 seconds
[2025-03-14T13:35:27.066+0000] {processor.py:157} INFO - Started process (PID=3332) to work on /opt/airflow/dags/re_entrainment_model.py
[2025-03-14T13:35:27.067+0000] {processor.py:829} INFO - Processing file /opt/airflow/dags/re_entrainment_model.py for tasks to queue
[2025-03-14T13:35:27.069+0000] {logging_mixin.py:151} INFO - [2025-03-14T13:35:27.068+0000] {dagbag.py:539} INFO - Filling up the DagBag from /opt/airflow/dags/re_entrainment_model.py
[2025-03-14T13:35:27.850+0000] {logging_mixin.py:151} INFO - [2025-03-14T13:35:27.843+0000] {dagbag.py:347} ERROR - Failed to import: /opt/airflow/dags/re_entrainment_model.py
Traceback (most recent call last):
  File "/home/airflow/.local/lib/python3.8/site-packages/airflow/models/dagbag.py", line 343, in parse
    loader.exec_module(new_module)
  File "<frozen importlib._bootstrap_external>", line 843, in exec_module
  File "<frozen importlib._bootstrap>", line 219, in _call_with_frames_removed
  File "/opt/airflow/dags/re_entrainment_model.py", line 7, in <module>
    from sklearn.preprocessing import MinMaxScaler
ModuleNotFoundError: No module named 'sklearn'
[2025-03-14T13:35:27.853+0000] {processor.py:841} WARNING - No viable dags retrieved from /opt/airflow/dags/re_entrainment_model.py
[2025-03-14T13:35:27.874+0000] {processor.py:179} INFO - Processing /opt/airflow/dags/re_entrainment_model.py took 0.812 seconds
[2025-03-14T13:35:58.477+0000] {processor.py:157} INFO - Started process (PID=3350) to work on /opt/airflow/dags/re_entrainment_model.py
[2025-03-14T13:35:58.479+0000] {processor.py:829} INFO - Processing file /opt/airflow/dags/re_entrainment_model.py for tasks to queue
[2025-03-14T13:35:58.483+0000] {logging_mixin.py:151} INFO - [2025-03-14T13:35:58.481+0000] {dagbag.py:539} INFO - Filling up the DagBag from /opt/airflow/dags/re_entrainment_model.py
[2025-03-14T13:35:59.791+0000] {logging_mixin.py:151} INFO - [2025-03-14T13:35:59.786+0000] {dagbag.py:347} ERROR - Failed to import: /opt/airflow/dags/re_entrainment_model.py
Traceback (most recent call last):
  File "/home/airflow/.local/lib/python3.8/site-packages/airflow/models/dagbag.py", line 343, in parse
    loader.exec_module(new_module)
  File "<frozen importlib._bootstrap_external>", line 843, in exec_module
  File "<frozen importlib._bootstrap>", line 219, in _call_with_frames_removed
  File "/opt/airflow/dags/re_entrainment_model.py", line 7, in <module>
    from sklearn.preprocessing import MinMaxScaler
ModuleNotFoundError: No module named 'sklearn'
[2025-03-14T13:35:59.792+0000] {processor.py:841} WARNING - No viable dags retrieved from /opt/airflow/dags/re_entrainment_model.py
[2025-03-14T13:35:59.813+0000] {processor.py:179} INFO - Processing /opt/airflow/dags/re_entrainment_model.py took 1.342 seconds
[2025-03-14T13:36:30.135+0000] {processor.py:157} INFO - Started process (PID=3368) to work on /opt/airflow/dags/re_entrainment_model.py
[2025-03-14T13:36:30.138+0000] {processor.py:829} INFO - Processing file /opt/airflow/dags/re_entrainment_model.py for tasks to queue
[2025-03-14T13:36:30.140+0000] {logging_mixin.py:151} INFO - [2025-03-14T13:36:30.139+0000] {dagbag.py:539} INFO - Filling up the DagBag from /opt/airflow/dags/re_entrainment_model.py
[2025-03-14T13:36:31.407+0000] {logging_mixin.py:151} INFO - [2025-03-14T13:36:31.398+0000] {dagbag.py:347} ERROR - Failed to import: /opt/airflow/dags/re_entrainment_model.py
Traceback (most recent call last):
  File "/home/airflow/.local/lib/python3.8/site-packages/airflow/models/dagbag.py", line 343, in parse
    loader.exec_module(new_module)
  File "<frozen importlib._bootstrap_external>", line 843, in exec_module
  File "<frozen importlib._bootstrap>", line 219, in _call_with_frames_removed
  File "/opt/airflow/dags/re_entrainment_model.py", line 7, in <module>
    from sklearn.preprocessing import MinMaxScaler
ModuleNotFoundError: No module named 'sklearn'
[2025-03-14T13:36:31.408+0000] {processor.py:841} WARNING - No viable dags retrieved from /opt/airflow/dags/re_entrainment_model.py
[2025-03-14T13:36:31.435+0000] {processor.py:179} INFO - Processing /opt/airflow/dags/re_entrainment_model.py took 1.306 seconds
[2025-03-14T13:37:02.171+0000] {processor.py:157} INFO - Started process (PID=3386) to work on /opt/airflow/dags/re_entrainment_model.py
[2025-03-14T13:37:02.173+0000] {processor.py:829} INFO - Processing file /opt/airflow/dags/re_entrainment_model.py for tasks to queue
[2025-03-14T13:37:02.174+0000] {logging_mixin.py:151} INFO - [2025-03-14T13:37:02.174+0000] {dagbag.py:539} INFO - Filling up the DagBag from /opt/airflow/dags/re_entrainment_model.py
[2025-03-14T13:37:03.401+0000] {logging_mixin.py:151} INFO - [2025-03-14T13:37:03.394+0000] {dagbag.py:347} ERROR - Failed to import: /opt/airflow/dags/re_entrainment_model.py
Traceback (most recent call last):
  File "/home/airflow/.local/lib/python3.8/site-packages/airflow/models/dagbag.py", line 343, in parse
    loader.exec_module(new_module)
  File "<frozen importlib._bootstrap_external>", line 843, in exec_module
  File "<frozen importlib._bootstrap>", line 219, in _call_with_frames_removed
  File "/opt/airflow/dags/re_entrainment_model.py", line 7, in <module>
    from sklearn.preprocessing import MinMaxScaler
ModuleNotFoundError: No module named 'sklearn'
[2025-03-14T13:37:03.402+0000] {processor.py:841} WARNING - No viable dags retrieved from /opt/airflow/dags/re_entrainment_model.py
[2025-03-14T13:37:03.433+0000] {processor.py:179} INFO - Processing /opt/airflow/dags/re_entrainment_model.py took 1.267 seconds
[2025-03-14T13:37:33.809+0000] {processor.py:157} INFO - Started process (PID=3404) to work on /opt/airflow/dags/re_entrainment_model.py
[2025-03-14T13:37:33.823+0000] {processor.py:829} INFO - Processing file /opt/airflow/dags/re_entrainment_model.py for tasks to queue
[2025-03-14T13:37:33.827+0000] {logging_mixin.py:151} INFO - [2025-03-14T13:37:33.825+0000] {dagbag.py:539} INFO - Filling up the DagBag from /opt/airflow/dags/re_entrainment_model.py
[2025-03-14T13:37:37.533+0000] {logging_mixin.py:151} INFO - [2025-03-14T13:37:37.521+0000] {dagbag.py:347} ERROR - Failed to import: /opt/airflow/dags/re_entrainment_model.py
Traceback (most recent call last):
  File "/home/airflow/.local/lib/python3.8/site-packages/airflow/models/dagbag.py", line 343, in parse
    loader.exec_module(new_module)
  File "<frozen importlib._bootstrap_external>", line 843, in exec_module
  File "<frozen importlib._bootstrap>", line 219, in _call_with_frames_removed
  File "/opt/airflow/dags/re_entrainment_model.py", line 7, in <module>
    from sklearn.preprocessing import MinMaxScaler
ModuleNotFoundError: No module named 'sklearn'
[2025-03-14T13:37:37.540+0000] {processor.py:841} WARNING - No viable dags retrieved from /opt/airflow/dags/re_entrainment_model.py
[2025-03-14T13:37:37.638+0000] {processor.py:179} INFO - Processing /opt/airflow/dags/re_entrainment_model.py took 3.842 seconds
[2025-03-14T13:38:08.508+0000] {processor.py:157} INFO - Started process (PID=3422) to work on /opt/airflow/dags/re_entrainment_model.py
[2025-03-14T13:38:08.526+0000] {processor.py:829} INFO - Processing file /opt/airflow/dags/re_entrainment_model.py for tasks to queue
[2025-03-14T13:38:08.544+0000] {logging_mixin.py:151} INFO - [2025-03-14T13:38:08.541+0000] {dagbag.py:539} INFO - Filling up the DagBag from /opt/airflow/dags/re_entrainment_model.py
[2025-03-14T13:38:13.701+0000] {logging_mixin.py:151} INFO - [2025-03-14T13:38:13.681+0000] {dagbag.py:347} ERROR - Failed to import: /opt/airflow/dags/re_entrainment_model.py
Traceback (most recent call last):
  File "/home/airflow/.local/lib/python3.8/site-packages/airflow/models/dagbag.py", line 343, in parse
    loader.exec_module(new_module)
  File "<frozen importlib._bootstrap_external>", line 843, in exec_module
  File "<frozen importlib._bootstrap>", line 219, in _call_with_frames_removed
  File "/opt/airflow/dags/re_entrainment_model.py", line 7, in <module>
    from sklearn.preprocessing import MinMaxScaler
ModuleNotFoundError: No module named 'sklearn'
[2025-03-14T13:38:13.704+0000] {processor.py:841} WARNING - No viable dags retrieved from /opt/airflow/dags/re_entrainment_model.py
[2025-03-14T13:38:13.802+0000] {processor.py:179} INFO - Processing /opt/airflow/dags/re_entrainment_model.py took 5.321 seconds
[2025-03-14T13:38:44.286+0000] {processor.py:157} INFO - Started process (PID=3440) to work on /opt/airflow/dags/re_entrainment_model.py
[2025-03-14T13:38:44.289+0000] {processor.py:829} INFO - Processing file /opt/airflow/dags/re_entrainment_model.py for tasks to queue
[2025-03-14T13:38:44.292+0000] {logging_mixin.py:151} INFO - [2025-03-14T13:38:44.292+0000] {dagbag.py:539} INFO - Filling up the DagBag from /opt/airflow/dags/re_entrainment_model.py
[2025-03-14T13:38:44.648+0000] {logging_mixin.py:151} INFO - [2025-03-14T13:38:44.641+0000] {dagbag.py:347} ERROR - Failed to import: /opt/airflow/dags/re_entrainment_model.py
Traceback (most recent call last):
  File "/home/airflow/.local/lib/python3.8/site-packages/airflow/models/dagbag.py", line 343, in parse
    loader.exec_module(new_module)
  File "<frozen importlib._bootstrap_external>", line 843, in exec_module
  File "<frozen importlib._bootstrap>", line 219, in _call_with_frames_removed
  File "/opt/airflow/dags/re_entrainment_model.py", line 7, in <module>
    from sklearn.preprocessing import MinMaxScaler
ModuleNotFoundError: No module named 'sklearn'
[2025-03-14T13:38:44.650+0000] {processor.py:841} WARNING - No viable dags retrieved from /opt/airflow/dags/re_entrainment_model.py
[2025-03-14T13:38:44.701+0000] {processor.py:179} INFO - Processing /opt/airflow/dags/re_entrainment_model.py took 2.911 seconds
[2025-03-14T13:39:15.566+0000] {processor.py:157} INFO - Started process (PID=3458) to work on /opt/airflow/dags/re_entrainment_model.py
[2025-03-14T13:39:15.567+0000] {processor.py:829} INFO - Processing file /opt/airflow/dags/re_entrainment_model.py for tasks to queue
[2025-03-14T13:39:15.569+0000] {logging_mixin.py:151} INFO - [2025-03-14T13:39:15.569+0000] {dagbag.py:539} INFO - Filling up the DagBag from /opt/airflow/dags/re_entrainment_model.py
[2025-03-14T13:39:17.748+0000] {logging_mixin.py:151} INFO - [2025-03-14T13:39:17.740+0000] {dagbag.py:347} ERROR - Failed to import: /opt/airflow/dags/re_entrainment_model.py
Traceback (most recent call last):
  File "/home/airflow/.local/lib/python3.8/site-packages/airflow/models/dagbag.py", line 343, in parse
    loader.exec_module(new_module)
  File "<frozen importlib._bootstrap_external>", line 843, in exec_module
  File "<frozen importlib._bootstrap>", line 219, in _call_with_frames_removed
  File "/opt/airflow/dags/re_entrainment_model.py", line 7, in <module>
    from sklearn.preprocessing import MinMaxScaler
ModuleNotFoundError: No module named 'sklearn'
[2025-03-14T13:39:17.752+0000] {processor.py:841} WARNING - No viable dags retrieved from /opt/airflow/dags/re_entrainment_model.py
[2025-03-14T13:39:17.790+0000] {processor.py:179} INFO - Processing /opt/airflow/dags/re_entrainment_model.py took 2.231 seconds
[2025-03-14T13:39:47.901+0000] {processor.py:157} INFO - Started process (PID=3476) to work on /opt/airflow/dags/re_entrainment_model.py
[2025-03-14T13:39:47.906+0000] {processor.py:829} INFO - Processing file /opt/airflow/dags/re_entrainment_model.py for tasks to queue
[2025-03-14T13:39:47.909+0000] {logging_mixin.py:151} INFO - [2025-03-14T13:39:47.908+0000] {dagbag.py:539} INFO - Filling up the DagBag from /opt/airflow/dags/re_entrainment_model.py
[2025-03-14T13:39:52.114+0000] {logging_mixin.py:151} INFO - [2025-03-14T13:39:52.098+0000] {dagbag.py:347} ERROR - Failed to import: /opt/airflow/dags/re_entrainment_model.py
Traceback (most recent call last):
  File "/home/airflow/.local/lib/python3.8/site-packages/airflow/models/dagbag.py", line 343, in parse
    loader.exec_module(new_module)
  File "<frozen importlib._bootstrap_external>", line 843, in exec_module
  File "<frozen importlib._bootstrap>", line 219, in _call_with_frames_removed
  File "/opt/airflow/dags/re_entrainment_model.py", line 7, in <module>
    from sklearn.preprocessing import MinMaxScaler
ModuleNotFoundError: No module named 'sklearn'
[2025-03-14T13:39:52.118+0000] {processor.py:841} WARNING - No viable dags retrieved from /opt/airflow/dags/re_entrainment_model.py
[2025-03-14T13:39:52.240+0000] {processor.py:179} INFO - Processing /opt/airflow/dags/re_entrainment_model.py took 4.357 seconds
[2025-03-14T13:40:22.819+0000] {processor.py:157} INFO - Started process (PID=3494) to work on /opt/airflow/dags/re_entrainment_model.py
[2025-03-14T13:40:22.821+0000] {processor.py:829} INFO - Processing file /opt/airflow/dags/re_entrainment_model.py for tasks to queue
[2025-03-14T13:40:22.822+0000] {logging_mixin.py:151} INFO - [2025-03-14T13:40:22.822+0000] {dagbag.py:539} INFO - Filling up the DagBag from /opt/airflow/dags/re_entrainment_model.py
[2025-03-14T13:40:24.293+0000] {logging_mixin.py:151} INFO - [2025-03-14T13:40:24.285+0000] {dagbag.py:347} ERROR - Failed to import: /opt/airflow/dags/re_entrainment_model.py
Traceback (most recent call last):
  File "/home/airflow/.local/lib/python3.8/site-packages/airflow/models/dagbag.py", line 343, in parse
    loader.exec_module(new_module)
  File "<frozen importlib._bootstrap_external>", line 843, in exec_module
  File "<frozen importlib._bootstrap>", line 219, in _call_with_frames_removed
  File "/opt/airflow/dags/re_entrainment_model.py", line 7, in <module>
    from sklearn.preprocessing import MinMaxScaler
ModuleNotFoundError: No module named 'sklearn'
[2025-03-14T13:40:24.295+0000] {processor.py:841} WARNING - No viable dags retrieved from /opt/airflow/dags/re_entrainment_model.py
[2025-03-14T13:40:24.323+0000] {processor.py:179} INFO - Processing /opt/airflow/dags/re_entrainment_model.py took 1.510 seconds
[2025-03-14T13:40:55.041+0000] {processor.py:157} INFO - Started process (PID=3512) to work on /opt/airflow/dags/re_entrainment_model.py
[2025-03-14T13:40:55.061+0000] {processor.py:829} INFO - Processing file /opt/airflow/dags/re_entrainment_model.py for tasks to queue
[2025-03-14T13:40:55.068+0000] {logging_mixin.py:151} INFO - [2025-03-14T13:40:55.067+0000] {dagbag.py:539} INFO - Filling up the DagBag from /opt/airflow/dags/re_entrainment_model.py
[2025-03-14T13:40:57.571+0000] {logging_mixin.py:151} INFO - [2025-03-14T13:40:57.564+0000] {dagbag.py:347} ERROR - Failed to import: /opt/airflow/dags/re_entrainment_model.py
Traceback (most recent call last):
  File "/home/airflow/.local/lib/python3.8/site-packages/airflow/models/dagbag.py", line 343, in parse
    loader.exec_module(new_module)
  File "<frozen importlib._bootstrap_external>", line 843, in exec_module
  File "<frozen importlib._bootstrap>", line 219, in _call_with_frames_removed
  File "/opt/airflow/dags/re_entrainment_model.py", line 7, in <module>
    from sklearn.preprocessing import MinMaxScaler
ModuleNotFoundError: No module named 'sklearn'
[2025-03-14T13:40:57.574+0000] {processor.py:841} WARNING - No viable dags retrieved from /opt/airflow/dags/re_entrainment_model.py
[2025-03-14T13:40:57.611+0000] {processor.py:179} INFO - Processing /opt/airflow/dags/re_entrainment_model.py took 2.590 seconds
[2025-03-14T13:41:27.975+0000] {processor.py:157} INFO - Started process (PID=3530) to work on /opt/airflow/dags/re_entrainment_model.py
[2025-03-14T13:41:27.979+0000] {processor.py:829} INFO - Processing file /opt/airflow/dags/re_entrainment_model.py for tasks to queue
[2025-03-14T13:41:27.984+0000] {logging_mixin.py:151} INFO - [2025-03-14T13:41:27.982+0000] {dagbag.py:539} INFO - Filling up the DagBag from /opt/airflow/dags/re_entrainment_model.py
[2025-03-14T13:41:29.714+0000] {logging_mixin.py:151} INFO - [2025-03-14T13:41:29.708+0000] {dagbag.py:347} ERROR - Failed to import: /opt/airflow/dags/re_entrainment_model.py
Traceback (most recent call last):
  File "/home/airflow/.local/lib/python3.8/site-packages/airflow/models/dagbag.py", line 343, in parse
    loader.exec_module(new_module)
  File "<frozen importlib._bootstrap_external>", line 843, in exec_module
  File "<frozen importlib._bootstrap>", line 219, in _call_with_frames_removed
  File "/opt/airflow/dags/re_entrainment_model.py", line 7, in <module>
    from sklearn.preprocessing import MinMaxScaler
ModuleNotFoundError: No module named 'sklearn'
[2025-03-14T13:41:29.716+0000] {processor.py:841} WARNING - No viable dags retrieved from /opt/airflow/dags/re_entrainment_model.py
[2025-03-14T13:41:29.747+0000] {processor.py:179} INFO - Processing /opt/airflow/dags/re_entrainment_model.py took 1.812 seconds
[2025-03-14T13:42:00.523+0000] {processor.py:157} INFO - Started process (PID=3548) to work on /opt/airflow/dags/re_entrainment_model.py
[2025-03-14T13:42:00.526+0000] {processor.py:829} INFO - Processing file /opt/airflow/dags/re_entrainment_model.py for tasks to queue
[2025-03-14T13:42:00.530+0000] {logging_mixin.py:151} INFO - [2025-03-14T13:42:00.528+0000] {dagbag.py:539} INFO - Filling up the DagBag from /opt/airflow/dags/re_entrainment_model.py
[2025-03-14T13:42:01.955+0000] {logging_mixin.py:151} INFO - [2025-03-14T13:42:01.950+0000] {dagbag.py:347} ERROR - Failed to import: /opt/airflow/dags/re_entrainment_model.py
Traceback (most recent call last):
  File "/home/airflow/.local/lib/python3.8/site-packages/airflow/models/dagbag.py", line 343, in parse
    loader.exec_module(new_module)
  File "<frozen importlib._bootstrap_external>", line 843, in exec_module
  File "<frozen importlib._bootstrap>", line 219, in _call_with_frames_removed
  File "/opt/airflow/dags/re_entrainment_model.py", line 7, in <module>
    from sklearn.preprocessing import MinMaxScaler
ModuleNotFoundError: No module named 'sklearn'
[2025-03-14T13:42:01.957+0000] {processor.py:841} WARNING - No viable dags retrieved from /opt/airflow/dags/re_entrainment_model.py
[2025-03-14T13:42:01.981+0000] {processor.py:179} INFO - Processing /opt/airflow/dags/re_entrainment_model.py took 1.476 seconds
[2025-03-14T13:42:32.217+0000] {processor.py:157} INFO - Started process (PID=3566) to work on /opt/airflow/dags/re_entrainment_model.py
[2025-03-14T13:42:32.219+0000] {processor.py:829} INFO - Processing file /opt/airflow/dags/re_entrainment_model.py for tasks to queue
[2025-03-14T13:42:32.221+0000] {logging_mixin.py:151} INFO - [2025-03-14T13:42:32.220+0000] {dagbag.py:539} INFO - Filling up the DagBag from /opt/airflow/dags/re_entrainment_model.py
[2025-03-14T13:42:33.939+0000] {logging_mixin.py:151} INFO - [2025-03-14T13:42:33.932+0000] {dagbag.py:347} ERROR - Failed to import: /opt/airflow/dags/re_entrainment_model.py
Traceback (most recent call last):
  File "/home/airflow/.local/lib/python3.8/site-packages/airflow/models/dagbag.py", line 343, in parse
    loader.exec_module(new_module)
  File "<frozen importlib._bootstrap_external>", line 843, in exec_module
  File "<frozen importlib._bootstrap>", line 219, in _call_with_frames_removed
  File "/opt/airflow/dags/re_entrainment_model.py", line 7, in <module>
    from sklearn.preprocessing import MinMaxScaler
ModuleNotFoundError: No module named 'sklearn'
[2025-03-14T13:42:33.942+0000] {processor.py:841} WARNING - No viable dags retrieved from /opt/airflow/dags/re_entrainment_model.py
[2025-03-14T13:42:33.988+0000] {processor.py:179} INFO - Processing /opt/airflow/dags/re_entrainment_model.py took 1.781 seconds
[2025-03-14T13:43:04.158+0000] {processor.py:157} INFO - Started process (PID=3584) to work on /opt/airflow/dags/re_entrainment_model.py
[2025-03-14T13:43:04.160+0000] {processor.py:829} INFO - Processing file /opt/airflow/dags/re_entrainment_model.py for tasks to queue
[2025-03-14T13:43:04.161+0000] {logging_mixin.py:151} INFO - [2025-03-14T13:43:04.161+0000] {dagbag.py:539} INFO - Filling up the DagBag from /opt/airflow/dags/re_entrainment_model.py
[2025-03-14T13:43:05.525+0000] {logging_mixin.py:151} INFO - [2025-03-14T13:43:05.519+0000] {dagbag.py:347} ERROR - Failed to import: /opt/airflow/dags/re_entrainment_model.py
Traceback (most recent call last):
  File "/home/airflow/.local/lib/python3.8/site-packages/airflow/models/dagbag.py", line 343, in parse
    loader.exec_module(new_module)
  File "<frozen importlib._bootstrap_external>", line 843, in exec_module
  File "<frozen importlib._bootstrap>", line 219, in _call_with_frames_removed
  File "/opt/airflow/dags/re_entrainment_model.py", line 7, in <module>
    from sklearn.preprocessing import MinMaxScaler
ModuleNotFoundError: No module named 'sklearn'
[2025-03-14T13:43:05.528+0000] {processor.py:841} WARNING - No viable dags retrieved from /opt/airflow/dags/re_entrainment_model.py
[2025-03-14T13:43:05.598+0000] {processor.py:179} INFO - Processing /opt/airflow/dags/re_entrainment_model.py took 1.444 seconds
[2025-03-14T13:43:35.864+0000] {processor.py:157} INFO - Started process (PID=3602) to work on /opt/airflow/dags/re_entrainment_model.py
[2025-03-14T13:43:35.866+0000] {processor.py:829} INFO - Processing file /opt/airflow/dags/re_entrainment_model.py for tasks to queue
[2025-03-14T13:43:35.868+0000] {logging_mixin.py:151} INFO - [2025-03-14T13:43:35.868+0000] {dagbag.py:539} INFO - Filling up the DagBag from /opt/airflow/dags/re_entrainment_model.py
[2025-03-14T13:43:38.484+0000] {logging_mixin.py:151} INFO - [2025-03-14T13:43:38.473+0000] {dagbag.py:347} ERROR - Failed to import: /opt/airflow/dags/re_entrainment_model.py
Traceback (most recent call last):
  File "/home/airflow/.local/lib/python3.8/site-packages/airflow/models/dagbag.py", line 343, in parse
    loader.exec_module(new_module)
  File "<frozen importlib._bootstrap_external>", line 843, in exec_module
  File "<frozen importlib._bootstrap>", line 219, in _call_with_frames_removed
  File "/opt/airflow/dags/re_entrainment_model.py", line 7, in <module>
    from sklearn.preprocessing import MinMaxScaler
ModuleNotFoundError: No module named 'sklearn'
[2025-03-14T13:43:38.486+0000] {processor.py:841} WARNING - No viable dags retrieved from /opt/airflow/dags/re_entrainment_model.py
[2025-03-14T13:43:38.549+0000] {processor.py:179} INFO - Processing /opt/airflow/dags/re_entrainment_model.py took 2.692 seconds
[2025-03-14T13:44:08.887+0000] {processor.py:157} INFO - Started process (PID=3620) to work on /opt/airflow/dags/re_entrainment_model.py
[2025-03-14T13:44:08.889+0000] {processor.py:829} INFO - Processing file /opt/airflow/dags/re_entrainment_model.py for tasks to queue
[2025-03-14T13:44:08.891+0000] {logging_mixin.py:151} INFO - [2025-03-14T13:44:08.890+0000] {dagbag.py:539} INFO - Filling up the DagBag from /opt/airflow/dags/re_entrainment_model.py
[2025-03-14T13:44:09.933+0000] {logging_mixin.py:151} INFO - [2025-03-14T13:44:09.923+0000] {dagbag.py:347} ERROR - Failed to import: /opt/airflow/dags/re_entrainment_model.py
Traceback (most recent call last):
  File "/home/airflow/.local/lib/python3.8/site-packages/airflow/models/dagbag.py", line 343, in parse
    loader.exec_module(new_module)
  File "<frozen importlib._bootstrap_external>", line 843, in exec_module
  File "<frozen importlib._bootstrap>", line 219, in _call_with_frames_removed
  File "/opt/airflow/dags/re_entrainment_model.py", line 7, in <module>
    from sklearn.preprocessing import MinMaxScaler
ModuleNotFoundError: No module named 'sklearn'
[2025-03-14T13:44:09.936+0000] {processor.py:841} WARNING - No viable dags retrieved from /opt/airflow/dags/re_entrainment_model.py
[2025-03-14T13:44:09.967+0000] {processor.py:179} INFO - Processing /opt/airflow/dags/re_entrainment_model.py took 1.087 seconds
[2025-03-14T13:44:40.222+0000] {processor.py:157} INFO - Started process (PID=3638) to work on /opt/airflow/dags/re_entrainment_model.py
[2025-03-14T13:44:40.224+0000] {processor.py:829} INFO - Processing file /opt/airflow/dags/re_entrainment_model.py for tasks to queue
[2025-03-14T13:44:40.227+0000] {logging_mixin.py:151} INFO - [2025-03-14T13:44:40.226+0000] {dagbag.py:539} INFO - Filling up the DagBag from /opt/airflow/dags/re_entrainment_model.py
[2025-03-14T13:44:41.341+0000] {logging_mixin.py:151} INFO - [2025-03-14T13:44:41.336+0000] {dagbag.py:347} ERROR - Failed to import: /opt/airflow/dags/re_entrainment_model.py
Traceback (most recent call last):
  File "/home/airflow/.local/lib/python3.8/site-packages/airflow/models/dagbag.py", line 343, in parse
    loader.exec_module(new_module)
  File "<frozen importlib._bootstrap_external>", line 843, in exec_module
  File "<frozen importlib._bootstrap>", line 219, in _call_with_frames_removed
  File "/opt/airflow/dags/re_entrainment_model.py", line 7, in <module>
    from sklearn.preprocessing import MinMaxScaler
ModuleNotFoundError: No module named 'sklearn'
[2025-03-14T13:44:41.343+0000] {processor.py:841} WARNING - No viable dags retrieved from /opt/airflow/dags/re_entrainment_model.py
[2025-03-14T13:44:41.365+0000] {processor.py:179} INFO - Processing /opt/airflow/dags/re_entrainment_model.py took 1.149 seconds
[2025-03-14T13:45:09.414+0000] {processor.py:157} INFO - Started process (PID=3656) to work on /opt/airflow/dags/re_entrainment_model.py
[2025-03-14T13:45:09.418+0000] {processor.py:829} INFO - Processing file /opt/airflow/dags/re_entrainment_model.py for tasks to queue
[2025-03-14T13:45:09.421+0000] {logging_mixin.py:151} INFO - [2025-03-14T13:45:09.420+0000] {dagbag.py:539} INFO - Filling up the DagBag from /opt/airflow/dags/re_entrainment_model.py
[2025-03-14T13:45:10.522+0000] {logging_mixin.py:151} INFO - [2025-03-14T13:45:10.517+0000] {dagbag.py:347} ERROR - Failed to import: /opt/airflow/dags/re_entrainment_model.py
Traceback (most recent call last):
  File "/home/airflow/.local/lib/python3.8/site-packages/airflow/models/dagbag.py", line 343, in parse
    loader.exec_module(new_module)
  File "<frozen importlib._bootstrap_external>", line 843, in exec_module
  File "<frozen importlib._bootstrap>", line 219, in _call_with_frames_removed
  File "/opt/airflow/dags/re_entrainment_model.py", line 7, in <module>
    from sklearn.preprocessing import MinMaxScaler
ModuleNotFoundError: No module named 'sklearn'
[2025-03-14T13:45:10.523+0000] {processor.py:841} WARNING - No viable dags retrieved from /opt/airflow/dags/re_entrainment_model.py
[2025-03-14T13:45:10.550+0000] {processor.py:179} INFO - Processing /opt/airflow/dags/re_entrainment_model.py took 1.145 seconds
[2025-03-14T13:45:40.756+0000] {processor.py:157} INFO - Started process (PID=3674) to work on /opt/airflow/dags/re_entrainment_model.py
[2025-03-14T13:45:40.757+0000] {processor.py:829} INFO - Processing file /opt/airflow/dags/re_entrainment_model.py for tasks to queue
[2025-03-14T13:45:40.765+0000] {logging_mixin.py:151} INFO - [2025-03-14T13:45:40.760+0000] {dagbag.py:539} INFO - Filling up the DagBag from /opt/airflow/dags/re_entrainment_model.py
[2025-03-14T13:45:42.817+0000] {logging_mixin.py:151} INFO - [2025-03-14T13:45:42.812+0000] {dagbag.py:347} ERROR - Failed to import: /opt/airflow/dags/re_entrainment_model.py
Traceback (most recent call last):
  File "/home/airflow/.local/lib/python3.8/site-packages/airflow/models/dagbag.py", line 343, in parse
    loader.exec_module(new_module)
  File "<frozen importlib._bootstrap_external>", line 843, in exec_module
  File "<frozen importlib._bootstrap>", line 219, in _call_with_frames_removed
  File "/opt/airflow/dags/re_entrainment_model.py", line 7, in <module>
    from sklearn.preprocessing import MinMaxScaler
ModuleNotFoundError: No module named 'sklearn'
[2025-03-14T13:45:42.819+0000] {processor.py:841} WARNING - No viable dags retrieved from /opt/airflow/dags/re_entrainment_model.py
[2025-03-14T13:45:42.847+0000] {processor.py:179} INFO - Processing /opt/airflow/dags/re_entrainment_model.py took 2.100 seconds
[2025-03-14T14:12:13.907+0000] {processor.py:157} INFO - Started process (PID=167) to work on /opt/airflow/dags/re_entrainment_model.py
[2025-03-14T14:12:13.909+0000] {processor.py:829} INFO - Processing file /opt/airflow/dags/re_entrainment_model.py for tasks to queue
[2025-03-14T14:12:13.911+0000] {logging_mixin.py:151} INFO - [2025-03-14T14:12:13.911+0000] {dagbag.py:539} INFO - Filling up the DagBag from /opt/airflow/dags/re_entrainment_model.py
[2025-03-14T14:12:22.420+0000] {processor.py:839} INFO - DAG(s) dict_keys(['yfinance_lstm_training_dag']) retrieved from /opt/airflow/dags/re_entrainment_model.py
[2025-03-14T14:12:22.600+0000] {logging_mixin.py:151} INFO - [2025-03-14T14:12:22.600+0000] {manager.py:499} INFO - Created Permission View: %s
[2025-03-14T14:12:22.614+0000] {logging_mixin.py:151} INFO - [2025-03-14T14:12:22.614+0000] {manager.py:499} INFO - Created Permission View: %s
[2025-03-14T14:12:22.624+0000] {logging_mixin.py:151} INFO - [2025-03-14T14:12:22.623+0000] {manager.py:499} INFO - Created Permission View: %s
[2025-03-14T14:12:22.625+0000] {logging_mixin.py:151} INFO - [2025-03-14T14:12:22.624+0000] {security.py:708} INFO - Not syncing DAG-level permissions for DAG 'DAG:yfinance_lstm_training_dag' as access control is unset.
[2025-03-14T14:12:22.626+0000] {logging_mixin.py:151} INFO - [2025-03-14T14:12:22.626+0000] {dag.py:2915} INFO - Sync 1 DAGs
[2025-03-14T14:12:22.638+0000] {logging_mixin.py:151} INFO - [2025-03-14T14:12:22.637+0000] {dag.py:2937} INFO - Creating ORM DAG for yfinance_lstm_training_dag
[2025-03-14T14:12:22.650+0000] {logging_mixin.py:151} INFO - [2025-03-14T14:12:22.650+0000] {dag.py:3696} INFO - Setting next_dagrun for yfinance_lstm_training_dag to 2025-03-23T00:00:00+00:00, run_after=2025-03-30T00:00:00+00:00
[2025-03-14T14:12:22.683+0000] {processor.py:179} INFO - Processing /opt/airflow/dags/re_entrainment_model.py took 8.781 seconds
[2025-03-14T14:12:53.078+0000] {processor.py:157} INFO - Started process (PID=204) to work on /opt/airflow/dags/re_entrainment_model.py
[2025-03-14T14:12:53.079+0000] {processor.py:829} INFO - Processing file /opt/airflow/dags/re_entrainment_model.py for tasks to queue
[2025-03-14T14:12:53.080+0000] {logging_mixin.py:151} INFO - [2025-03-14T14:12:53.080+0000] {dagbag.py:539} INFO - Filling up the DagBag from /opt/airflow/dags/re_entrainment_model.py
[2025-03-14T14:12:56.758+0000] {processor.py:839} INFO - DAG(s) dict_keys(['yfinance_lstm_training_dag']) retrieved from /opt/airflow/dags/re_entrainment_model.py
[2025-03-14T14:12:56.786+0000] {logging_mixin.py:151} INFO - [2025-03-14T14:12:56.785+0000] {dag.py:2915} INFO - Sync 1 DAGs
[2025-03-14T14:12:56.812+0000] {logging_mixin.py:151} INFO - [2025-03-14T14:12:56.812+0000] {dag.py:3696} INFO - Setting next_dagrun for yfinance_lstm_training_dag to 2025-03-23T00:00:00+00:00, run_after=2025-03-30T00:00:00+00:00
[2025-03-14T14:12:56.837+0000] {processor.py:179} INFO - Processing /opt/airflow/dags/re_entrainment_model.py took 3.762 seconds
[2025-03-14T14:13:27.002+0000] {processor.py:157} INFO - Started process (PID=229) to work on /opt/airflow/dags/re_entrainment_model.py
[2025-03-14T14:13:27.003+0000] {processor.py:829} INFO - Processing file /opt/airflow/dags/re_entrainment_model.py for tasks to queue
[2025-03-14T14:13:27.004+0000] {logging_mixin.py:151} INFO - [2025-03-14T14:13:27.003+0000] {dagbag.py:539} INFO - Filling up the DagBag from /opt/airflow/dags/re_entrainment_model.py
[2025-03-14T14:13:30.347+0000] {processor.py:839} INFO - DAG(s) dict_keys(['yfinance_lstm_training_dag']) retrieved from /opt/airflow/dags/re_entrainment_model.py
[2025-03-14T14:13:30.396+0000] {logging_mixin.py:151} INFO - [2025-03-14T14:13:30.395+0000] {dag.py:2915} INFO - Sync 1 DAGs
[2025-03-14T14:13:30.473+0000] {logging_mixin.py:151} INFO - [2025-03-14T14:13:30.472+0000] {dag.py:3696} INFO - Setting next_dagrun for yfinance_lstm_training_dag to 2025-03-23T00:00:00+00:00, run_after=2025-03-30T00:00:00+00:00
[2025-03-14T14:13:30.508+0000] {processor.py:179} INFO - Processing /opt/airflow/dags/re_entrainment_model.py took 3.510 seconds
[2025-03-14T14:14:00.677+0000] {processor.py:157} INFO - Started process (PID=254) to work on /opt/airflow/dags/re_entrainment_model.py
[2025-03-14T14:14:00.682+0000] {processor.py:829} INFO - Processing file /opt/airflow/dags/re_entrainment_model.py for tasks to queue
[2025-03-14T14:14:00.684+0000] {logging_mixin.py:151} INFO - [2025-03-14T14:14:00.684+0000] {dagbag.py:539} INFO - Filling up the DagBag from /opt/airflow/dags/re_entrainment_model.py
[2025-03-14T14:14:02.807+0000] {processor.py:839} INFO - DAG(s) dict_keys(['yfinance_lstm_training_dag']) retrieved from /opt/airflow/dags/re_entrainment_model.py
[2025-03-14T14:14:02.833+0000] {logging_mixin.py:151} INFO - [2025-03-14T14:14:02.832+0000] {dag.py:2915} INFO - Sync 1 DAGs
[2025-03-14T14:14:02.862+0000] {logging_mixin.py:151} INFO - [2025-03-14T14:14:02.861+0000] {dag.py:3696} INFO - Setting next_dagrun for yfinance_lstm_training_dag to 2025-03-23T00:00:00+00:00, run_after=2025-03-30T00:00:00+00:00
[2025-03-14T14:14:02.889+0000] {processor.py:179} INFO - Processing /opt/airflow/dags/re_entrainment_model.py took 4.771 seconds
[2025-03-14T14:14:33.214+0000] {processor.py:157} INFO - Started process (PID=279) to work on /opt/airflow/dags/re_entrainment_model.py
[2025-03-14T14:14:33.215+0000] {processor.py:829} INFO - Processing file /opt/airflow/dags/re_entrainment_model.py for tasks to queue
[2025-03-14T14:14:33.216+0000] {logging_mixin.py:151} INFO - [2025-03-14T14:14:33.216+0000] {dagbag.py:539} INFO - Filling up the DagBag from /opt/airflow/dags/re_entrainment_model.py
[2025-03-14T14:14:37.369+0000] {processor.py:839} INFO - DAG(s) dict_keys(['yfinance_lstm_training_dag']) retrieved from /opt/airflow/dags/re_entrainment_model.py
[2025-03-14T14:14:37.398+0000] {logging_mixin.py:151} INFO - [2025-03-14T14:14:37.397+0000] {dag.py:2915} INFO - Sync 1 DAGs
[2025-03-14T14:14:37.430+0000] {logging_mixin.py:151} INFO - [2025-03-14T14:14:37.430+0000] {dag.py:3696} INFO - Setting next_dagrun for yfinance_lstm_training_dag to 2025-03-23T00:00:00+00:00, run_after=2025-03-30T00:00:00+00:00
[2025-03-14T14:14:37.462+0000] {processor.py:179} INFO - Processing /opt/airflow/dags/re_entrainment_model.py took 4.252 seconds
[2025-03-14T14:15:08.199+0000] {processor.py:157} INFO - Started process (PID=304) to work on /opt/airflow/dags/re_entrainment_model.py
[2025-03-14T14:15:08.200+0000] {processor.py:829} INFO - Processing file /opt/airflow/dags/re_entrainment_model.py for tasks to queue
[2025-03-14T14:15:08.202+0000] {logging_mixin.py:151} INFO - [2025-03-14T14:15:08.201+0000] {dagbag.py:539} INFO - Filling up the DagBag from /opt/airflow/dags/re_entrainment_model.py
[2025-03-14T14:15:12.265+0000] {processor.py:839} INFO - DAG(s) dict_keys(['yfinance_lstm_training_dag']) retrieved from /opt/airflow/dags/re_entrainment_model.py
[2025-03-14T14:15:12.304+0000] {logging_mixin.py:151} INFO - [2025-03-14T14:15:12.300+0000] {dag.py:2915} INFO - Sync 1 DAGs
[2025-03-14T14:15:12.339+0000] {logging_mixin.py:151} INFO - [2025-03-14T14:15:12.339+0000] {dag.py:3696} INFO - Setting next_dagrun for yfinance_lstm_training_dag to 2025-03-23T00:00:00+00:00, run_after=2025-03-30T00:00:00+00:00
[2025-03-14T14:15:12.367+0000] {processor.py:179} INFO - Processing /opt/airflow/dags/re_entrainment_model.py took 4.172 seconds
[2025-03-14T14:15:42.897+0000] {processor.py:157} INFO - Started process (PID=329) to work on /opt/airflow/dags/re_entrainment_model.py
[2025-03-14T14:15:42.899+0000] {processor.py:829} INFO - Processing file /opt/airflow/dags/re_entrainment_model.py for tasks to queue
[2025-03-14T14:15:42.901+0000] {logging_mixin.py:151} INFO - [2025-03-14T14:15:42.900+0000] {dagbag.py:539} INFO - Filling up the DagBag from /opt/airflow/dags/re_entrainment_model.py
[2025-03-14T14:15:46.931+0000] {processor.py:839} INFO - DAG(s) dict_keys(['yfinance_lstm_training_dag']) retrieved from /opt/airflow/dags/re_entrainment_model.py
[2025-03-14T14:15:46.958+0000] {logging_mixin.py:151} INFO - [2025-03-14T14:15:46.957+0000] {dag.py:2915} INFO - Sync 1 DAGs
[2025-03-14T14:15:46.987+0000] {logging_mixin.py:151} INFO - [2025-03-14T14:15:46.986+0000] {dag.py:3696} INFO - Setting next_dagrun for yfinance_lstm_training_dag to 2025-03-23T00:00:00+00:00, run_after=2025-03-30T00:00:00+00:00
[2025-03-14T14:15:47.017+0000] {processor.py:179} INFO - Processing /opt/airflow/dags/re_entrainment_model.py took 4.126 seconds
[2025-03-14T14:16:17.904+0000] {processor.py:157} INFO - Started process (PID=354) to work on /opt/airflow/dags/re_entrainment_model.py
[2025-03-14T14:16:17.906+0000] {processor.py:829} INFO - Processing file /opt/airflow/dags/re_entrainment_model.py for tasks to queue
[2025-03-14T14:16:17.908+0000] {logging_mixin.py:151} INFO - [2025-03-14T14:16:17.908+0000] {dagbag.py:539} INFO - Filling up the DagBag from /opt/airflow/dags/re_entrainment_model.py
[2025-03-14T14:16:21.823+0000] {processor.py:839} INFO - DAG(s) dict_keys(['yfinance_lstm_training_dag']) retrieved from /opt/airflow/dags/re_entrainment_model.py
[2025-03-14T14:16:21.852+0000] {logging_mixin.py:151} INFO - [2025-03-14T14:16:21.851+0000] {dag.py:2915} INFO - Sync 1 DAGs
[2025-03-14T14:16:21.881+0000] {logging_mixin.py:151} INFO - [2025-03-14T14:16:21.881+0000] {dag.py:3696} INFO - Setting next_dagrun for yfinance_lstm_training_dag to 2025-03-23T00:00:00+00:00, run_after=2025-03-30T00:00:00+00:00
[2025-03-14T14:16:21.909+0000] {processor.py:179} INFO - Processing /opt/airflow/dags/re_entrainment_model.py took 4.009 seconds
[2025-03-14T14:16:52.064+0000] {processor.py:157} INFO - Started process (PID=379) to work on /opt/airflow/dags/re_entrainment_model.py
[2025-03-14T14:16:52.065+0000] {processor.py:829} INFO - Processing file /opt/airflow/dags/re_entrainment_model.py for tasks to queue
[2025-03-14T14:16:52.066+0000] {logging_mixin.py:151} INFO - [2025-03-14T14:16:52.066+0000] {dagbag.py:539} INFO - Filling up the DagBag from /opt/airflow/dags/re_entrainment_model.py
[2025-03-14T14:16:56.306+0000] {processor.py:839} INFO - DAG(s) dict_keys(['yfinance_lstm_training_dag']) retrieved from /opt/airflow/dags/re_entrainment_model.py
[2025-03-14T14:16:56.338+0000] {logging_mixin.py:151} INFO - [2025-03-14T14:16:56.337+0000] {dag.py:2915} INFO - Sync 1 DAGs
[2025-03-14T14:16:56.368+0000] {logging_mixin.py:151} INFO - [2025-03-14T14:16:56.367+0000] {dag.py:3696} INFO - Setting next_dagrun for yfinance_lstm_training_dag to 2025-03-23T00:00:00+00:00, run_after=2025-03-30T00:00:00+00:00
[2025-03-14T14:16:56.396+0000] {processor.py:179} INFO - Processing /opt/airflow/dags/re_entrainment_model.py took 4.336 seconds
[2025-03-14T14:17:27.226+0000] {processor.py:157} INFO - Started process (PID=404) to work on /opt/airflow/dags/re_entrainment_model.py
[2025-03-14T14:17:27.228+0000] {processor.py:829} INFO - Processing file /opt/airflow/dags/re_entrainment_model.py for tasks to queue
[2025-03-14T14:17:27.229+0000] {logging_mixin.py:151} INFO - [2025-03-14T14:17:27.229+0000] {dagbag.py:539} INFO - Filling up the DagBag from /opt/airflow/dags/re_entrainment_model.py
[2025-03-14T14:17:31.375+0000] {processor.py:839} INFO - DAG(s) dict_keys(['yfinance_lstm_training_dag']) retrieved from /opt/airflow/dags/re_entrainment_model.py
[2025-03-14T14:17:31.404+0000] {logging_mixin.py:151} INFO - [2025-03-14T14:17:31.403+0000] {dag.py:2915} INFO - Sync 1 DAGs
[2025-03-14T14:17:31.429+0000] {logging_mixin.py:151} INFO - [2025-03-14T14:17:31.429+0000] {dag.py:3696} INFO - Setting next_dagrun for yfinance_lstm_training_dag to 2025-03-23T00:00:00+00:00, run_after=2025-03-30T00:00:00+00:00
[2025-03-14T14:17:31.458+0000] {processor.py:179} INFO - Processing /opt/airflow/dags/re_entrainment_model.py took 4.235 seconds
[2025-03-14T14:18:02.180+0000] {processor.py:157} INFO - Started process (PID=435) to work on /opt/airflow/dags/re_entrainment_model.py
[2025-03-14T14:18:02.182+0000] {processor.py:829} INFO - Processing file /opt/airflow/dags/re_entrainment_model.py for tasks to queue
[2025-03-14T14:18:02.183+0000] {logging_mixin.py:151} INFO - [2025-03-14T14:18:02.182+0000] {dagbag.py:539} INFO - Filling up the DagBag from /opt/airflow/dags/re_entrainment_model.py
[2025-03-14T14:18:06.651+0000] {processor.py:839} INFO - DAG(s) dict_keys(['yfinance_lstm_training_dag']) retrieved from /opt/airflow/dags/re_entrainment_model.py
[2025-03-14T14:18:06.679+0000] {logging_mixin.py:151} INFO - [2025-03-14T14:18:06.677+0000] {dag.py:2915} INFO - Sync 1 DAGs
[2025-03-14T14:18:06.709+0000] {logging_mixin.py:151} INFO - [2025-03-14T14:18:06.709+0000] {dag.py:3696} INFO - Setting next_dagrun for yfinance_lstm_training_dag to 2025-03-23T00:00:00+00:00, run_after=2025-03-30T00:00:00+00:00
[2025-03-14T14:18:06.744+0000] {processor.py:179} INFO - Processing /opt/airflow/dags/re_entrainment_model.py took 4.567 seconds
[2025-03-14T14:18:37.159+0000] {processor.py:157} INFO - Started process (PID=466) to work on /opt/airflow/dags/re_entrainment_model.py
[2025-03-14T14:18:37.160+0000] {processor.py:829} INFO - Processing file /opt/airflow/dags/re_entrainment_model.py for tasks to queue
[2025-03-14T14:18:37.162+0000] {logging_mixin.py:151} INFO - [2025-03-14T14:18:37.162+0000] {dagbag.py:539} INFO - Filling up the DagBag from /opt/airflow/dags/re_entrainment_model.py
[2025-03-14T14:18:38.358+0000] {processor.py:839} INFO - DAG(s) dict_keys(['yfinance_lstm_training_dag']) retrieved from /opt/airflow/dags/re_entrainment_model.py
[2025-03-14T14:18:38.385+0000] {logging_mixin.py:151} INFO - [2025-03-14T14:18:38.384+0000] {dag.py:2915} INFO - Sync 1 DAGs
[2025-03-14T14:18:38.410+0000] {logging_mixin.py:151} INFO - [2025-03-14T14:18:38.410+0000] {dag.py:3696} INFO - Setting next_dagrun for yfinance_lstm_training_dag to 2025-03-23T00:00:00+00:00, run_after=2025-03-30T00:00:00+00:00
[2025-03-14T14:18:38.437+0000] {processor.py:179} INFO - Processing /opt/airflow/dags/re_entrainment_model.py took 3.827 seconds
[2025-03-14T14:19:08.736+0000] {processor.py:157} INFO - Started process (PID=491) to work on /opt/airflow/dags/re_entrainment_model.py
[2025-03-14T14:19:08.738+0000] {processor.py:829} INFO - Processing file /opt/airflow/dags/re_entrainment_model.py for tasks to queue
[2025-03-14T14:19:08.740+0000] {logging_mixin.py:151} INFO - [2025-03-14T14:19:08.739+0000] {dagbag.py:539} INFO - Filling up the DagBag from /opt/airflow/dags/re_entrainment_model.py
[2025-03-14T14:19:12.788+0000] {processor.py:839} INFO - DAG(s) dict_keys(['yfinance_lstm_training_dag']) retrieved from /opt/airflow/dags/re_entrainment_model.py
[2025-03-14T14:19:12.819+0000] {logging_mixin.py:151} INFO - [2025-03-14T14:19:12.818+0000] {dag.py:2915} INFO - Sync 1 DAGs
[2025-03-14T14:19:12.900+0000] {logging_mixin.py:151} INFO - [2025-03-14T14:19:12.900+0000] {dag.py:3696} INFO - Setting next_dagrun for yfinance_lstm_training_dag to 2025-03-23T00:00:00+00:00, run_after=2025-03-30T00:00:00+00:00
[2025-03-14T14:19:12.942+0000] {processor.py:179} INFO - Processing /opt/airflow/dags/re_entrainment_model.py took 4.210 seconds
[2025-03-14T14:19:43.855+0000] {processor.py:157} INFO - Started process (PID=516) to work on /opt/airflow/dags/re_entrainment_model.py
[2025-03-14T14:19:43.857+0000] {processor.py:829} INFO - Processing file /opt/airflow/dags/re_entrainment_model.py for tasks to queue
[2025-03-14T14:19:43.858+0000] {logging_mixin.py:151} INFO - [2025-03-14T14:19:43.858+0000] {dagbag.py:539} INFO - Filling up the DagBag from /opt/airflow/dags/re_entrainment_model.py
[2025-03-14T14:19:47.718+0000] {processor.py:839} INFO - DAG(s) dict_keys(['yfinance_lstm_training_dag']) retrieved from /opt/airflow/dags/re_entrainment_model.py
[2025-03-14T14:19:47.749+0000] {logging_mixin.py:151} INFO - [2025-03-14T14:19:47.748+0000] {dag.py:2915} INFO - Sync 1 DAGs
[2025-03-14T14:19:47.778+0000] {logging_mixin.py:151} INFO - [2025-03-14T14:19:47.778+0000] {dag.py:3696} INFO - Setting next_dagrun for yfinance_lstm_training_dag to 2025-03-23T00:00:00+00:00, run_after=2025-03-30T00:00:00+00:00
[2025-03-14T14:19:47.810+0000] {processor.py:179} INFO - Processing /opt/airflow/dags/re_entrainment_model.py took 3.958 seconds
[2025-03-14T14:20:18.558+0000] {processor.py:157} INFO - Started process (PID=541) to work on /opt/airflow/dags/re_entrainment_model.py
[2025-03-14T14:20:18.559+0000] {processor.py:829} INFO - Processing file /opt/airflow/dags/re_entrainment_model.py for tasks to queue
[2025-03-14T14:20:18.561+0000] {logging_mixin.py:151} INFO - [2025-03-14T14:20:18.560+0000] {dagbag.py:539} INFO - Filling up the DagBag from /opt/airflow/dags/re_entrainment_model.py
[2025-03-14T14:20:22.474+0000] {processor.py:839} INFO - DAG(s) dict_keys(['yfinance_lstm_training_dag']) retrieved from /opt/airflow/dags/re_entrainment_model.py
[2025-03-14T14:20:22.505+0000] {logging_mixin.py:151} INFO - [2025-03-14T14:20:22.503+0000] {dag.py:2915} INFO - Sync 1 DAGs
[2025-03-14T14:20:22.534+0000] {logging_mixin.py:151} INFO - [2025-03-14T14:20:22.534+0000] {dag.py:3696} INFO - Setting next_dagrun for yfinance_lstm_training_dag to 2025-03-23T00:00:00+00:00, run_after=2025-03-30T00:00:00+00:00
[2025-03-14T14:20:22.563+0000] {processor.py:179} INFO - Processing /opt/airflow/dags/re_entrainment_model.py took 4.010 seconds
[2025-03-14T14:20:53.364+0000] {processor.py:157} INFO - Started process (PID=566) to work on /opt/airflow/dags/re_entrainment_model.py
[2025-03-14T14:20:53.366+0000] {processor.py:829} INFO - Processing file /opt/airflow/dags/re_entrainment_model.py for tasks to queue
[2025-03-14T14:20:53.367+0000] {logging_mixin.py:151} INFO - [2025-03-14T14:20:53.367+0000] {dagbag.py:539} INFO - Filling up the DagBag from /opt/airflow/dags/re_entrainment_model.py
[2025-03-14T14:20:54.759+0000] {processor.py:839} INFO - DAG(s) dict_keys(['yfinance_lstm_training_dag']) retrieved from /opt/airflow/dags/re_entrainment_model.py
[2025-03-14T14:20:54.796+0000] {logging_mixin.py:151} INFO - [2025-03-14T14:20:54.793+0000] {dag.py:2915} INFO - Sync 1 DAGs
[2025-03-14T14:20:54.832+0000] {logging_mixin.py:151} INFO - [2025-03-14T14:20:54.830+0000] {dag.py:3696} INFO - Setting next_dagrun for yfinance_lstm_training_dag to 2025-03-23T00:00:00+00:00, run_after=2025-03-30T00:00:00+00:00
[2025-03-14T14:20:54.883+0000] {processor.py:179} INFO - Processing /opt/airflow/dags/re_entrainment_model.py took 4.054 seconds
[2025-03-14T14:21:25.505+0000] {processor.py:157} INFO - Started process (PID=591) to work on /opt/airflow/dags/re_entrainment_model.py
[2025-03-14T14:21:25.506+0000] {processor.py:829} INFO - Processing file /opt/airflow/dags/re_entrainment_model.py for tasks to queue
[2025-03-14T14:21:25.507+0000] {logging_mixin.py:151} INFO - [2025-03-14T14:21:25.507+0000] {dagbag.py:539} INFO - Filling up the DagBag from /opt/airflow/dags/re_entrainment_model.py
[2025-03-14T14:21:29.219+0000] {processor.py:839} INFO - DAG(s) dict_keys(['yfinance_lstm_training_dag']) retrieved from /opt/airflow/dags/re_entrainment_model.py
[2025-03-14T14:21:29.261+0000] {logging_mixin.py:151} INFO - [2025-03-14T14:21:29.260+0000] {dag.py:2915} INFO - Sync 1 DAGs
[2025-03-14T14:21:29.325+0000] {logging_mixin.py:151} INFO - [2025-03-14T14:21:29.324+0000] {dag.py:3696} INFO - Setting next_dagrun for yfinance_lstm_training_dag to 2025-03-23T00:00:00+00:00, run_after=2025-03-30T00:00:00+00:00
[2025-03-14T14:21:29.371+0000] {processor.py:179} INFO - Processing /opt/airflow/dags/re_entrainment_model.py took 3.870 seconds
[2025-03-14T14:21:59.988+0000] {processor.py:157} INFO - Started process (PID=616) to work on /opt/airflow/dags/re_entrainment_model.py
[2025-03-14T14:21:59.989+0000] {processor.py:829} INFO - Processing file /opt/airflow/dags/re_entrainment_model.py for tasks to queue
[2025-03-14T14:21:59.990+0000] {logging_mixin.py:151} INFO - [2025-03-14T14:21:59.990+0000] {dagbag.py:539} INFO - Filling up the DagBag from /opt/airflow/dags/re_entrainment_model.py
[2025-03-14T14:22:03.861+0000] {processor.py:839} INFO - DAG(s) dict_keys(['yfinance_lstm_training_dag']) retrieved from /opt/airflow/dags/re_entrainment_model.py
[2025-03-14T14:22:03.889+0000] {logging_mixin.py:151} INFO - [2025-03-14T14:22:03.888+0000] {dag.py:2915} INFO - Sync 1 DAGs
[2025-03-14T14:22:03.915+0000] {logging_mixin.py:151} INFO - [2025-03-14T14:22:03.915+0000] {dag.py:3696} INFO - Setting next_dagrun for yfinance_lstm_training_dag to 2025-03-23T00:00:00+00:00, run_after=2025-03-30T00:00:00+00:00
[2025-03-14T14:22:03.945+0000] {processor.py:179} INFO - Processing /opt/airflow/dags/re_entrainment_model.py took 3.961 seconds
[2025-03-14T14:22:34.116+0000] {processor.py:157} INFO - Started process (PID=641) to work on /opt/airflow/dags/re_entrainment_model.py
[2025-03-14T14:22:34.117+0000] {processor.py:829} INFO - Processing file /opt/airflow/dags/re_entrainment_model.py for tasks to queue
[2025-03-14T14:22:34.119+0000] {logging_mixin.py:151} INFO - [2025-03-14T14:22:34.118+0000] {dagbag.py:539} INFO - Filling up the DagBag from /opt/airflow/dags/re_entrainment_model.py
[2025-03-14T14:22:38.013+0000] {processor.py:839} INFO - DAG(s) dict_keys(['yfinance_lstm_training_dag']) retrieved from /opt/airflow/dags/re_entrainment_model.py
[2025-03-14T14:22:38.040+0000] {logging_mixin.py:151} INFO - [2025-03-14T14:22:38.040+0000] {dag.py:2915} INFO - Sync 1 DAGs
[2025-03-14T14:22:38.068+0000] {logging_mixin.py:151} INFO - [2025-03-14T14:22:38.067+0000] {dag.py:3696} INFO - Setting next_dagrun for yfinance_lstm_training_dag to 2025-03-23T00:00:00+00:00, run_after=2025-03-30T00:00:00+00:00
[2025-03-14T14:22:38.098+0000] {processor.py:179} INFO - Processing /opt/airflow/dags/re_entrainment_model.py took 3.986 seconds
[2025-03-14T14:23:08.857+0000] {processor.py:157} INFO - Started process (PID=666) to work on /opt/airflow/dags/re_entrainment_model.py
[2025-03-14T14:23:08.858+0000] {processor.py:829} INFO - Processing file /opt/airflow/dags/re_entrainment_model.py for tasks to queue
[2025-03-14T14:23:08.859+0000] {logging_mixin.py:151} INFO - [2025-03-14T14:23:08.859+0000] {dagbag.py:539} INFO - Filling up the DagBag from /opt/airflow/dags/re_entrainment_model.py
[2025-03-14T14:23:12.950+0000] {processor.py:839} INFO - DAG(s) dict_keys(['yfinance_lstm_training_dag']) retrieved from /opt/airflow/dags/re_entrainment_model.py
[2025-03-14T14:23:12.979+0000] {logging_mixin.py:151} INFO - [2025-03-14T14:23:12.978+0000] {dag.py:2915} INFO - Sync 1 DAGs
[2025-03-14T14:23:13.005+0000] {logging_mixin.py:151} INFO - [2025-03-14T14:23:13.005+0000] {dag.py:3696} INFO - Setting next_dagrun for yfinance_lstm_training_dag to 2025-03-23T00:00:00+00:00, run_after=2025-03-30T00:00:00+00:00
[2025-03-14T14:23:13.033+0000] {processor.py:179} INFO - Processing /opt/airflow/dags/re_entrainment_model.py took 4.180 seconds
[2025-03-14T14:23:43.394+0000] {processor.py:157} INFO - Started process (PID=697) to work on /opt/airflow/dags/re_entrainment_model.py
[2025-03-14T14:23:43.396+0000] {processor.py:829} INFO - Processing file /opt/airflow/dags/re_entrainment_model.py for tasks to queue
[2025-03-14T14:23:43.397+0000] {logging_mixin.py:151} INFO - [2025-03-14T14:23:43.397+0000] {dagbag.py:539} INFO - Filling up the DagBag from /opt/airflow/dags/re_entrainment_model.py
[2025-03-14T14:23:47.227+0000] {processor.py:839} INFO - DAG(s) dict_keys(['yfinance_lstm_training_dag']) retrieved from /opt/airflow/dags/re_entrainment_model.py
[2025-03-14T14:23:47.257+0000] {logging_mixin.py:151} INFO - [2025-03-14T14:23:47.256+0000] {dag.py:2915} INFO - Sync 1 DAGs
[2025-03-14T14:23:47.283+0000] {logging_mixin.py:151} INFO - [2025-03-14T14:23:47.283+0000] {dag.py:3696} INFO - Setting next_dagrun for yfinance_lstm_training_dag to 2025-03-23T00:00:00+00:00, run_after=2025-03-30T00:00:00+00:00
[2025-03-14T14:23:47.311+0000] {processor.py:179} INFO - Processing /opt/airflow/dags/re_entrainment_model.py took 3.921 seconds
[2025-03-14T14:24:17.466+0000] {processor.py:157} INFO - Started process (PID=722) to work on /opt/airflow/dags/re_entrainment_model.py
[2025-03-14T14:24:17.468+0000] {processor.py:829} INFO - Processing file /opt/airflow/dags/re_entrainment_model.py for tasks to queue
[2025-03-14T14:24:17.469+0000] {logging_mixin.py:151} INFO - [2025-03-14T14:24:17.468+0000] {dagbag.py:539} INFO - Filling up the DagBag from /opt/airflow/dags/re_entrainment_model.py
[2025-03-14T14:24:21.750+0000] {processor.py:839} INFO - DAG(s) dict_keys(['yfinance_lstm_training_dag']) retrieved from /opt/airflow/dags/re_entrainment_model.py
[2025-03-14T14:24:21.781+0000] {logging_mixin.py:151} INFO - [2025-03-14T14:24:21.780+0000] {dag.py:2915} INFO - Sync 1 DAGs
[2025-03-14T14:24:21.813+0000] {logging_mixin.py:151} INFO - [2025-03-14T14:24:21.813+0000] {dag.py:3696} INFO - Setting next_dagrun for yfinance_lstm_training_dag to 2025-03-23T00:00:00+00:00, run_after=2025-03-30T00:00:00+00:00
[2025-03-14T14:24:21.843+0000] {processor.py:179} INFO - Processing /opt/airflow/dags/re_entrainment_model.py took 4.381 seconds
[2025-03-14T14:24:52.471+0000] {processor.py:157} INFO - Started process (PID=747) to work on /opt/airflow/dags/re_entrainment_model.py
[2025-03-14T14:24:52.472+0000] {processor.py:829} INFO - Processing file /opt/airflow/dags/re_entrainment_model.py for tasks to queue
[2025-03-14T14:24:52.474+0000] {logging_mixin.py:151} INFO - [2025-03-14T14:24:52.473+0000] {dagbag.py:539} INFO - Filling up the DagBag from /opt/airflow/dags/re_entrainment_model.py
[2025-03-14T14:24:56.623+0000] {processor.py:839} INFO - DAG(s) dict_keys(['yfinance_lstm_training_dag']) retrieved from /opt/airflow/dags/re_entrainment_model.py
[2025-03-14T14:24:56.655+0000] {logging_mixin.py:151} INFO - [2025-03-14T14:24:56.654+0000] {dag.py:2915} INFO - Sync 1 DAGs
[2025-03-14T14:24:56.686+0000] {logging_mixin.py:151} INFO - [2025-03-14T14:24:56.686+0000] {dag.py:3696} INFO - Setting next_dagrun for yfinance_lstm_training_dag to 2025-03-23T00:00:00+00:00, run_after=2025-03-30T00:00:00+00:00
[2025-03-14T14:24:56.718+0000] {processor.py:179} INFO - Processing /opt/airflow/dags/re_entrainment_model.py took 4.251 seconds
[2025-03-14T14:25:27.481+0000] {processor.py:157} INFO - Started process (PID=772) to work on /opt/airflow/dags/re_entrainment_model.py
[2025-03-14T14:25:27.483+0000] {processor.py:829} INFO - Processing file /opt/airflow/dags/re_entrainment_model.py for tasks to queue
[2025-03-14T14:25:27.484+0000] {logging_mixin.py:151} INFO - [2025-03-14T14:25:27.484+0000] {dagbag.py:539} INFO - Filling up the DagBag from /opt/airflow/dags/re_entrainment_model.py
[2025-03-14T14:25:29.078+0000] {processor.py:839} INFO - DAG(s) dict_keys(['yfinance_lstm_training_dag']) retrieved from /opt/airflow/dags/re_entrainment_model.py
[2025-03-14T14:25:29.125+0000] {logging_mixin.py:151} INFO - [2025-03-14T14:25:29.124+0000] {dag.py:2915} INFO - Sync 1 DAGs
[2025-03-14T14:25:29.162+0000] {logging_mixin.py:151} INFO - [2025-03-14T14:25:29.162+0000] {dag.py:3696} INFO - Setting next_dagrun for yfinance_lstm_training_dag to 2025-03-23T00:00:00+00:00, run_after=2025-03-30T00:00:00+00:00
[2025-03-14T14:25:29.189+0000] {processor.py:179} INFO - Processing /opt/airflow/dags/re_entrainment_model.py took 4.241 seconds
[2025-03-14T14:26:00.004+0000] {processor.py:157} INFO - Started process (PID=801) to work on /opt/airflow/dags/re_entrainment_model.py
[2025-03-14T14:26:00.006+0000] {processor.py:829} INFO - Processing file /opt/airflow/dags/re_entrainment_model.py for tasks to queue
[2025-03-14T14:26:00.008+0000] {logging_mixin.py:151} INFO - [2025-03-14T14:26:00.007+0000] {dagbag.py:539} INFO - Filling up the DagBag from /opt/airflow/dags/re_entrainment_model.py
[2025-03-14T14:26:03.831+0000] {processor.py:839} INFO - DAG(s) dict_keys(['yfinance_lstm_training_dag']) retrieved from /opt/airflow/dags/re_entrainment_model.py
[2025-03-14T14:26:03.857+0000] {logging_mixin.py:151} INFO - [2025-03-14T14:26:03.856+0000] {dag.py:2915} INFO - Sync 1 DAGs
[2025-03-14T14:26:03.883+0000] {logging_mixin.py:151} INFO - [2025-03-14T14:26:03.883+0000] {dag.py:3696} INFO - Setting next_dagrun for yfinance_lstm_training_dag to 2025-03-23T00:00:00+00:00, run_after=2025-03-30T00:00:00+00:00
[2025-03-14T14:26:04.097+0000] {processor.py:179} INFO - Processing /opt/airflow/dags/re_entrainment_model.py took 4.098 seconds
[2025-03-14T14:26:34.884+0000] {processor.py:157} INFO - Started process (PID=828) to work on /opt/airflow/dags/re_entrainment_model.py
[2025-03-14T14:26:34.886+0000] {processor.py:829} INFO - Processing file /opt/airflow/dags/re_entrainment_model.py for tasks to queue
[2025-03-14T14:26:34.887+0000] {logging_mixin.py:151} INFO - [2025-03-14T14:26:34.887+0000] {dagbag.py:539} INFO - Filling up the DagBag from /opt/airflow/dags/re_entrainment_model.py
[2025-03-14T14:26:38.864+0000] {processor.py:839} INFO - DAG(s) dict_keys(['yfinance_lstm_training_dag']) retrieved from /opt/airflow/dags/re_entrainment_model.py
[2025-03-14T14:26:38.899+0000] {logging_mixin.py:151} INFO - [2025-03-14T14:26:38.898+0000] {dag.py:2915} INFO - Sync 1 DAGs
[2025-03-14T14:26:38.930+0000] {logging_mixin.py:151} INFO - [2025-03-14T14:26:38.929+0000] {dag.py:3696} INFO - Setting next_dagrun for yfinance_lstm_training_dag to 2025-03-23T00:00:00+00:00, run_after=2025-03-30T00:00:00+00:00
[2025-03-14T14:26:38.957+0000] {processor.py:179} INFO - Processing /opt/airflow/dags/re_entrainment_model.py took 4.077 seconds
[2025-03-14T14:27:09.498+0000] {processor.py:157} INFO - Started process (PID=853) to work on /opt/airflow/dags/re_entrainment_model.py
[2025-03-14T14:27:09.500+0000] {processor.py:829} INFO - Processing file /opt/airflow/dags/re_entrainment_model.py for tasks to queue
[2025-03-14T14:27:09.501+0000] {logging_mixin.py:151} INFO - [2025-03-14T14:27:09.500+0000] {dagbag.py:539} INFO - Filling up the DagBag from /opt/airflow/dags/re_entrainment_model.py
[2025-03-14T14:27:13.361+0000] {processor.py:839} INFO - DAG(s) dict_keys(['yfinance_lstm_training_dag']) retrieved from /opt/airflow/dags/re_entrainment_model.py
[2025-03-14T14:27:13.389+0000] {logging_mixin.py:151} INFO - [2025-03-14T14:27:13.388+0000] {dag.py:2915} INFO - Sync 1 DAGs
[2025-03-14T14:27:13.416+0000] {logging_mixin.py:151} INFO - [2025-03-14T14:27:13.416+0000] {dag.py:3696} INFO - Setting next_dagrun for yfinance_lstm_training_dag to 2025-03-23T00:00:00+00:00, run_after=2025-03-30T00:00:00+00:00
[2025-03-14T14:27:13.660+0000] {processor.py:179} INFO - Processing /opt/airflow/dags/re_entrainment_model.py took 4.166 seconds
[2025-03-14T14:27:44.469+0000] {processor.py:157} INFO - Started process (PID=878) to work on /opt/airflow/dags/re_entrainment_model.py
[2025-03-14T14:27:44.470+0000] {processor.py:829} INFO - Processing file /opt/airflow/dags/re_entrainment_model.py for tasks to queue
[2025-03-14T14:27:44.472+0000] {logging_mixin.py:151} INFO - [2025-03-14T14:27:44.471+0000] {dagbag.py:539} INFO - Filling up the DagBag from /opt/airflow/dags/re_entrainment_model.py
[2025-03-14T14:27:46.064+0000] {processor.py:839} INFO - DAG(s) dict_keys(['yfinance_lstm_training_dag']) retrieved from /opt/airflow/dags/re_entrainment_model.py
[2025-03-14T14:27:46.101+0000] {logging_mixin.py:151} INFO - [2025-03-14T14:27:46.100+0000] {dag.py:2915} INFO - Sync 1 DAGs
[2025-03-14T14:27:46.129+0000] {logging_mixin.py:151} INFO - [2025-03-14T14:27:46.129+0000] {dag.py:3696} INFO - Setting next_dagrun for yfinance_lstm_training_dag to 2025-03-23T00:00:00+00:00, run_after=2025-03-30T00:00:00+00:00
[2025-03-14T14:27:46.154+0000] {processor.py:179} INFO - Processing /opt/airflow/dags/re_entrainment_model.py took 4.223 seconds
[2025-03-14T14:28:17.027+0000] {processor.py:157} INFO - Started process (PID=909) to work on /opt/airflow/dags/re_entrainment_model.py
[2025-03-14T14:28:17.028+0000] {processor.py:829} INFO - Processing file /opt/airflow/dags/re_entrainment_model.py for tasks to queue
[2025-03-14T14:28:17.029+0000] {logging_mixin.py:151} INFO - [2025-03-14T14:28:17.029+0000] {dagbag.py:539} INFO - Filling up the DagBag from /opt/airflow/dags/re_entrainment_model.py
[2025-03-14T14:28:20.865+0000] {processor.py:839} INFO - DAG(s) dict_keys(['yfinance_lstm_training_dag']) retrieved from /opt/airflow/dags/re_entrainment_model.py
[2025-03-14T14:28:20.891+0000] {logging_mixin.py:151} INFO - [2025-03-14T14:28:20.890+0000] {dag.py:2915} INFO - Sync 1 DAGs
[2025-03-14T14:28:20.918+0000] {logging_mixin.py:151} INFO - [2025-03-14T14:28:20.917+0000] {dag.py:3696} INFO - Setting next_dagrun for yfinance_lstm_training_dag to 2025-03-23T00:00:00+00:00, run_after=2025-03-30T00:00:00+00:00
[2025-03-14T14:28:21.134+0000] {processor.py:179} INFO - Processing /opt/airflow/dags/re_entrainment_model.py took 4.111 seconds
[2025-03-14T14:28:51.771+0000] {processor.py:157} INFO - Started process (PID=934) to work on /opt/airflow/dags/re_entrainment_model.py
[2025-03-14T14:28:51.772+0000] {processor.py:829} INFO - Processing file /opt/airflow/dags/re_entrainment_model.py for tasks to queue
[2025-03-14T14:28:51.773+0000] {logging_mixin.py:151} INFO - [2025-03-14T14:28:51.773+0000] {dagbag.py:539} INFO - Filling up the DagBag from /opt/airflow/dags/re_entrainment_model.py
[2025-03-14T14:28:56.204+0000] {processor.py:839} INFO - DAG(s) dict_keys(['yfinance_lstm_training_dag']) retrieved from /opt/airflow/dags/re_entrainment_model.py
[2025-03-14T14:28:56.232+0000] {logging_mixin.py:151} INFO - [2025-03-14T14:28:56.231+0000] {dag.py:2915} INFO - Sync 1 DAGs
[2025-03-14T14:28:56.262+0000] {logging_mixin.py:151} INFO - [2025-03-14T14:28:56.261+0000] {dag.py:3696} INFO - Setting next_dagrun for yfinance_lstm_training_dag to 2025-03-23T00:00:00+00:00, run_after=2025-03-30T00:00:00+00:00
[2025-03-14T14:28:56.289+0000] {processor.py:179} INFO - Processing /opt/airflow/dags/re_entrainment_model.py took 4.522 seconds
[2025-03-14T14:29:27.086+0000] {processor.py:157} INFO - Started process (PID=959) to work on /opt/airflow/dags/re_entrainment_model.py
[2025-03-14T14:29:27.087+0000] {processor.py:829} INFO - Processing file /opt/airflow/dags/re_entrainment_model.py for tasks to queue
[2025-03-14T14:29:27.088+0000] {logging_mixin.py:151} INFO - [2025-03-14T14:29:27.088+0000] {dagbag.py:539} INFO - Filling up the DagBag from /opt/airflow/dags/re_entrainment_model.py
[2025-03-14T14:29:30.993+0000] {processor.py:839} INFO - DAG(s) dict_keys(['yfinance_lstm_training_dag']) retrieved from /opt/airflow/dags/re_entrainment_model.py
[2025-03-14T14:29:31.045+0000] {logging_mixin.py:151} INFO - [2025-03-14T14:29:31.044+0000] {dag.py:2915} INFO - Sync 1 DAGs
[2025-03-14T14:29:31.094+0000] {logging_mixin.py:151} INFO - [2025-03-14T14:29:31.094+0000] {dag.py:3696} INFO - Setting next_dagrun for yfinance_lstm_training_dag to 2025-03-23T00:00:00+00:00, run_after=2025-03-30T00:00:00+00:00
[2025-03-14T14:29:31.140+0000] {processor.py:179} INFO - Processing /opt/airflow/dags/re_entrainment_model.py took 4.058 seconds
[2025-03-14T14:30:01.967+0000] {processor.py:157} INFO - Started process (PID=984) to work on /opt/airflow/dags/re_entrainment_model.py
[2025-03-14T14:30:01.969+0000] {processor.py:829} INFO - Processing file /opt/airflow/dags/re_entrainment_model.py for tasks to queue
[2025-03-14T14:30:01.971+0000] {logging_mixin.py:151} INFO - [2025-03-14T14:30:01.970+0000] {dagbag.py:539} INFO - Filling up the DagBag from /opt/airflow/dags/re_entrainment_model.py
[2025-03-14T14:30:03.669+0000] {processor.py:839} INFO - DAG(s) dict_keys(['yfinance_lstm_training_dag']) retrieved from /opt/airflow/dags/re_entrainment_model.py
[2025-03-14T14:30:03.695+0000] {logging_mixin.py:151} INFO - [2025-03-14T14:30:03.694+0000] {dag.py:2915} INFO - Sync 1 DAGs
[2025-03-14T14:30:03.720+0000] {logging_mixin.py:151} INFO - [2025-03-14T14:30:03.720+0000] {dag.py:3696} INFO - Setting next_dagrun for yfinance_lstm_training_dag to 2025-03-23T00:00:00+00:00, run_after=2025-03-30T00:00:00+00:00
[2025-03-14T14:30:03.747+0000] {processor.py:179} INFO - Processing /opt/airflow/dags/re_entrainment_model.py took 4.320 seconds
[2025-03-14T14:30:34.645+0000] {processor.py:157} INFO - Started process (PID=1009) to work on /opt/airflow/dags/re_entrainment_model.py
[2025-03-14T14:30:34.647+0000] {processor.py:829} INFO - Processing file /opt/airflow/dags/re_entrainment_model.py for tasks to queue
[2025-03-14T14:30:34.648+0000] {logging_mixin.py:151} INFO - [2025-03-14T14:30:34.648+0000] {dagbag.py:539} INFO - Filling up the DagBag from /opt/airflow/dags/re_entrainment_model.py
[2025-03-14T14:30:38.641+0000] {processor.py:839} INFO - DAG(s) dict_keys(['yfinance_lstm_training_dag']) retrieved from /opt/airflow/dags/re_entrainment_model.py
[2025-03-14T14:30:38.670+0000] {logging_mixin.py:151} INFO - [2025-03-14T14:30:38.669+0000] {dag.py:2915} INFO - Sync 1 DAGs
[2025-03-14T14:30:38.698+0000] {logging_mixin.py:151} INFO - [2025-03-14T14:30:38.698+0000] {dag.py:3696} INFO - Setting next_dagrun for yfinance_lstm_training_dag to 2025-03-23T00:00:00+00:00, run_after=2025-03-30T00:00:00+00:00
[2025-03-14T14:30:38.727+0000] {processor.py:179} INFO - Processing /opt/airflow/dags/re_entrainment_model.py took 4.086 seconds
[2025-03-14T14:31:09.495+0000] {processor.py:157} INFO - Started process (PID=1034) to work on /opt/airflow/dags/re_entrainment_model.py
[2025-03-14T14:31:09.497+0000] {processor.py:829} INFO - Processing file /opt/airflow/dags/re_entrainment_model.py for tasks to queue
[2025-03-14T14:31:09.498+0000] {logging_mixin.py:151} INFO - [2025-03-14T14:31:09.498+0000] {dagbag.py:539} INFO - Filling up the DagBag from /opt/airflow/dags/re_entrainment_model.py
[2025-03-14T14:31:13.828+0000] {processor.py:839} INFO - DAG(s) dict_keys(['yfinance_lstm_training_dag']) retrieved from /opt/airflow/dags/re_entrainment_model.py
[2025-03-14T14:31:13.856+0000] {logging_mixin.py:151} INFO - [2025-03-14T14:31:13.855+0000] {dag.py:2915} INFO - Sync 1 DAGs
[2025-03-14T14:31:13.881+0000] {logging_mixin.py:151} INFO - [2025-03-14T14:31:13.881+0000] {dag.py:3696} INFO - Setting next_dagrun for yfinance_lstm_training_dag to 2025-03-23T00:00:00+00:00, run_after=2025-03-30T00:00:00+00:00
[2025-03-14T14:31:13.910+0000] {processor.py:179} INFO - Processing /opt/airflow/dags/re_entrainment_model.py took 4.418 seconds
[2025-03-14T14:31:44.665+0000] {processor.py:157} INFO - Started process (PID=1059) to work on /opt/airflow/dags/re_entrainment_model.py
[2025-03-14T14:31:44.666+0000] {processor.py:829} INFO - Processing file /opt/airflow/dags/re_entrainment_model.py for tasks to queue
[2025-03-14T14:31:44.668+0000] {logging_mixin.py:151} INFO - [2025-03-14T14:31:44.667+0000] {dagbag.py:539} INFO - Filling up the DagBag from /opt/airflow/dags/re_entrainment_model.py
[2025-03-14T14:31:48.667+0000] {processor.py:839} INFO - DAG(s) dict_keys(['yfinance_lstm_training_dag']) retrieved from /opt/airflow/dags/re_entrainment_model.py
[2025-03-14T14:31:48.895+0000] {logging_mixin.py:151} INFO - [2025-03-14T14:31:48.703+0000] {dag.py:2915} INFO - Sync 1 DAGs
[2025-03-14T14:31:48.921+0000] {logging_mixin.py:151} INFO - [2025-03-14T14:31:48.921+0000] {dag.py:3696} INFO - Setting next_dagrun for yfinance_lstm_training_dag to 2025-03-23T00:00:00+00:00, run_after=2025-03-30T00:00:00+00:00
[2025-03-14T14:31:48.950+0000] {processor.py:179} INFO - Processing /opt/airflow/dags/re_entrainment_model.py took 4.289 seconds
[2025-03-14T14:32:19.786+0000] {processor.py:157} INFO - Started process (PID=1088) to work on /opt/airflow/dags/re_entrainment_model.py
[2025-03-14T14:32:19.788+0000] {processor.py:829} INFO - Processing file /opt/airflow/dags/re_entrainment_model.py for tasks to queue
[2025-03-14T14:32:19.789+0000] {logging_mixin.py:151} INFO - [2025-03-14T14:32:19.789+0000] {dagbag.py:539} INFO - Filling up the DagBag from /opt/airflow/dags/re_entrainment_model.py
[2025-03-14T14:32:21.652+0000] {processor.py:839} INFO - DAG(s) dict_keys(['yfinance_lstm_training_dag']) retrieved from /opt/airflow/dags/re_entrainment_model.py
[2025-03-14T14:32:21.681+0000] {logging_mixin.py:151} INFO - [2025-03-14T14:32:21.680+0000] {dag.py:2915} INFO - Sync 1 DAGs
[2025-03-14T14:32:21.707+0000] {logging_mixin.py:151} INFO - [2025-03-14T14:32:21.707+0000] {dag.py:3696} INFO - Setting next_dagrun for yfinance_lstm_training_dag to 2025-03-23T00:00:00+00:00, run_after=2025-03-30T00:00:00+00:00
[2025-03-14T14:32:21.734+0000] {processor.py:179} INFO - Processing /opt/airflow/dags/re_entrainment_model.py took 4.489 seconds
[2025-03-14T14:32:52.678+0000] {processor.py:157} INFO - Started process (PID=1115) to work on /opt/airflow/dags/re_entrainment_model.py
[2025-03-14T14:32:52.679+0000] {processor.py:829} INFO - Processing file /opt/airflow/dags/re_entrainment_model.py for tasks to queue
[2025-03-14T14:32:52.681+0000] {logging_mixin.py:151} INFO - [2025-03-14T14:32:52.680+0000] {dagbag.py:539} INFO - Filling up the DagBag from /opt/airflow/dags/re_entrainment_model.py
[2025-03-14T14:32:56.922+0000] {processor.py:839} INFO - DAG(s) dict_keys(['yfinance_lstm_training_dag']) retrieved from /opt/airflow/dags/re_entrainment_model.py
[2025-03-14T14:32:56.949+0000] {logging_mixin.py:151} INFO - [2025-03-14T14:32:56.948+0000] {dag.py:2915} INFO - Sync 1 DAGs
[2025-03-14T14:32:56.975+0000] {logging_mixin.py:151} INFO - [2025-03-14T14:32:56.975+0000] {dag.py:3696} INFO - Setting next_dagrun for yfinance_lstm_training_dag to 2025-03-23T00:00:00+00:00, run_after=2025-03-30T00:00:00+00:00
[2025-03-14T14:32:57.003+0000] {processor.py:179} INFO - Processing /opt/airflow/dags/re_entrainment_model.py took 4.329 seconds
[2025-03-14T14:33:27.256+0000] {processor.py:157} INFO - Started process (PID=1144) to work on /opt/airflow/dags/re_entrainment_model.py
[2025-03-14T14:33:27.258+0000] {processor.py:829} INFO - Processing file /opt/airflow/dags/re_entrainment_model.py for tasks to queue
[2025-03-14T14:33:27.260+0000] {logging_mixin.py:151} INFO - [2025-03-14T14:33:27.260+0000] {dagbag.py:539} INFO - Filling up the DagBag from /opt/airflow/dags/re_entrainment_model.py
[2025-03-14T14:33:31.783+0000] {processor.py:839} INFO - DAG(s) dict_keys(['yfinance_lstm_training_dag']) retrieved from /opt/airflow/dags/re_entrainment_model.py
[2025-03-14T14:33:31.819+0000] {logging_mixin.py:151} INFO - [2025-03-14T14:33:31.818+0000] {dag.py:2915} INFO - Sync 1 DAGs
[2025-03-14T14:33:31.852+0000] {logging_mixin.py:151} INFO - [2025-03-14T14:33:31.851+0000] {dag.py:3696} INFO - Setting next_dagrun for yfinance_lstm_training_dag to 2025-03-23T00:00:00+00:00, run_after=2025-03-30T00:00:00+00:00
[2025-03-14T14:33:31.884+0000] {processor.py:179} INFO - Processing /opt/airflow/dags/re_entrainment_model.py took 4.636 seconds
[2025-03-14T14:34:02.798+0000] {processor.py:157} INFO - Started process (PID=1171) to work on /opt/airflow/dags/re_entrainment_model.py
[2025-03-14T14:34:02.800+0000] {processor.py:829} INFO - Processing file /opt/airflow/dags/re_entrainment_model.py for tasks to queue
[2025-03-14T14:34:02.802+0000] {logging_mixin.py:151} INFO - [2025-03-14T14:34:02.801+0000] {dagbag.py:539} INFO - Filling up the DagBag from /opt/airflow/dags/re_entrainment_model.py
[2025-03-14T14:34:06.797+0000] {processor.py:839} INFO - DAG(s) dict_keys(['yfinance_lstm_training_dag']) retrieved from /opt/airflow/dags/re_entrainment_model.py
[2025-03-14T14:34:06.824+0000] {logging_mixin.py:151} INFO - [2025-03-14T14:34:06.823+0000] {dag.py:2915} INFO - Sync 1 DAGs
[2025-03-14T14:34:06.853+0000] {logging_mixin.py:151} INFO - [2025-03-14T14:34:06.853+0000] {dag.py:3696} INFO - Setting next_dagrun for yfinance_lstm_training_dag to 2025-03-23T00:00:00+00:00, run_after=2025-03-30T00:00:00+00:00
[2025-03-14T14:34:06.881+0000] {processor.py:179} INFO - Processing /opt/airflow/dags/re_entrainment_model.py took 4.086 seconds
[2025-03-14T14:34:37.218+0000] {processor.py:157} INFO - Started process (PID=1196) to work on /opt/airflow/dags/re_entrainment_model.py
[2025-03-14T14:34:37.220+0000] {processor.py:829} INFO - Processing file /opt/airflow/dags/re_entrainment_model.py for tasks to queue
[2025-03-14T14:34:37.221+0000] {logging_mixin.py:151} INFO - [2025-03-14T14:34:37.221+0000] {dagbag.py:539} INFO - Filling up the DagBag from /opt/airflow/dags/re_entrainment_model.py
[2025-03-14T14:34:38.750+0000] {processor.py:839} INFO - DAG(s) dict_keys(['yfinance_lstm_training_dag']) retrieved from /opt/airflow/dags/re_entrainment_model.py
[2025-03-14T14:34:38.776+0000] {logging_mixin.py:151} INFO - [2025-03-14T14:34:38.775+0000] {dag.py:2915} INFO - Sync 1 DAGs
[2025-03-14T14:34:38.802+0000] {logging_mixin.py:151} INFO - [2025-03-14T14:34:38.801+0000] {dag.py:3696} INFO - Setting next_dagrun for yfinance_lstm_training_dag to 2025-03-23T00:00:00+00:00, run_after=2025-03-30T00:00:00+00:00
[2025-03-14T14:34:38.832+0000] {processor.py:179} INFO - Processing /opt/airflow/dags/re_entrainment_model.py took 4.158 seconds
[2025-03-14T14:35:09.685+0000] {processor.py:157} INFO - Started process (PID=1221) to work on /opt/airflow/dags/re_entrainment_model.py
[2025-03-14T14:35:09.688+0000] {processor.py:829} INFO - Processing file /opt/airflow/dags/re_entrainment_model.py for tasks to queue
[2025-03-14T14:35:09.690+0000] {logging_mixin.py:151} INFO - [2025-03-14T14:35:09.690+0000] {dagbag.py:539} INFO - Filling up the DagBag from /opt/airflow/dags/re_entrainment_model.py
[2025-03-14T14:35:13.780+0000] {processor.py:839} INFO - DAG(s) dict_keys(['yfinance_lstm_training_dag']) retrieved from /opt/airflow/dags/re_entrainment_model.py
[2025-03-14T14:35:13.806+0000] {logging_mixin.py:151} INFO - [2025-03-14T14:35:13.805+0000] {dag.py:2915} INFO - Sync 1 DAGs
[2025-03-14T14:35:13.835+0000] {logging_mixin.py:151} INFO - [2025-03-14T14:35:13.834+0000] {dag.py:3696} INFO - Setting next_dagrun for yfinance_lstm_training_dag to 2025-03-23T00:00:00+00:00, run_after=2025-03-30T00:00:00+00:00
[2025-03-14T14:35:13.863+0000] {processor.py:179} INFO - Processing /opt/airflow/dags/re_entrainment_model.py took 4.184 seconds
[2025-03-14T14:35:44.634+0000] {processor.py:157} INFO - Started process (PID=1246) to work on /opt/airflow/dags/re_entrainment_model.py
[2025-03-14T14:35:44.636+0000] {processor.py:829} INFO - Processing file /opt/airflow/dags/re_entrainment_model.py for tasks to queue
[2025-03-14T14:35:44.637+0000] {logging_mixin.py:151} INFO - [2025-03-14T14:35:44.637+0000] {dagbag.py:539} INFO - Filling up the DagBag from /opt/airflow/dags/re_entrainment_model.py
[2025-03-14T14:35:48.685+0000] {processor.py:839} INFO - DAG(s) dict_keys(['yfinance_lstm_training_dag']) retrieved from /opt/airflow/dags/re_entrainment_model.py
[2025-03-14T14:35:48.713+0000] {logging_mixin.py:151} INFO - [2025-03-14T14:35:48.712+0000] {dag.py:2915} INFO - Sync 1 DAGs
[2025-03-14T14:35:48.739+0000] {logging_mixin.py:151} INFO - [2025-03-14T14:35:48.738+0000] {dag.py:3696} INFO - Setting next_dagrun for yfinance_lstm_training_dag to 2025-03-23T00:00:00+00:00, run_after=2025-03-30T00:00:00+00:00
[2025-03-14T14:35:48.772+0000] {processor.py:179} INFO - Processing /opt/airflow/dags/re_entrainment_model.py took 4.142 seconds
[2025-03-14T14:36:19.401+0000] {processor.py:157} INFO - Started process (PID=1271) to work on /opt/airflow/dags/re_entrainment_model.py
[2025-03-14T14:36:19.402+0000] {processor.py:829} INFO - Processing file /opt/airflow/dags/re_entrainment_model.py for tasks to queue
[2025-03-14T14:36:19.403+0000] {logging_mixin.py:151} INFO - [2025-03-14T14:36:19.403+0000] {dagbag.py:539} INFO - Filling up the DagBag from /opt/airflow/dags/re_entrainment_model.py
[2025-03-14T14:36:23.439+0000] {processor.py:839} INFO - DAG(s) dict_keys(['yfinance_lstm_training_dag']) retrieved from /opt/airflow/dags/re_entrainment_model.py
[2025-03-14T14:36:23.488+0000] {logging_mixin.py:151} INFO - [2025-03-14T14:36:23.487+0000] {dag.py:2915} INFO - Sync 1 DAGs
[2025-03-14T14:36:23.521+0000] {logging_mixin.py:151} INFO - [2025-03-14T14:36:23.521+0000] {dag.py:3696} INFO - Setting next_dagrun for yfinance_lstm_training_dag to 2025-03-23T00:00:00+00:00, run_after=2025-03-30T00:00:00+00:00
[2025-03-14T14:36:23.548+0000] {processor.py:179} INFO - Processing /opt/airflow/dags/re_entrainment_model.py took 4.151 seconds
[2025-03-14T14:36:54.306+0000] {processor.py:157} INFO - Started process (PID=1296) to work on /opt/airflow/dags/re_entrainment_model.py
[2025-03-14T14:36:54.307+0000] {processor.py:829} INFO - Processing file /opt/airflow/dags/re_entrainment_model.py for tasks to queue
[2025-03-14T14:36:54.309+0000] {logging_mixin.py:151} INFO - [2025-03-14T14:36:54.309+0000] {dagbag.py:539} INFO - Filling up the DagBag from /opt/airflow/dags/re_entrainment_model.py
[2025-03-14T14:36:56.020+0000] {processor.py:839} INFO - DAG(s) dict_keys(['yfinance_lstm_training_dag']) retrieved from /opt/airflow/dags/re_entrainment_model.py
[2025-03-14T14:36:56.049+0000] {logging_mixin.py:151} INFO - [2025-03-14T14:36:56.048+0000] {dag.py:2915} INFO - Sync 1 DAGs
[2025-03-14T14:36:56.078+0000] {logging_mixin.py:151} INFO - [2025-03-14T14:36:56.077+0000] {dag.py:3696} INFO - Setting next_dagrun for yfinance_lstm_training_dag to 2025-03-23T00:00:00+00:00, run_after=2025-03-30T00:00:00+00:00
[2025-03-14T14:36:56.109+0000] {processor.py:179} INFO - Processing /opt/airflow/dags/re_entrainment_model.py took 4.345 seconds
[2025-03-14T14:37:26.212+0000] {processor.py:157} INFO - Started process (PID=1321) to work on /opt/airflow/dags/re_entrainment_model.py
[2025-03-14T14:37:26.213+0000] {processor.py:829} INFO - Processing file /opt/airflow/dags/re_entrainment_model.py for tasks to queue
[2025-03-14T14:37:26.215+0000] {logging_mixin.py:151} INFO - [2025-03-14T14:37:26.214+0000] {dagbag.py:539} INFO - Filling up the DagBag from /opt/airflow/dags/re_entrainment_model.py
[2025-03-14T14:37:30.271+0000] {processor.py:839} INFO - DAG(s) dict_keys(['yfinance_lstm_training_dag']) retrieved from /opt/airflow/dags/re_entrainment_model.py
[2025-03-14T14:37:30.301+0000] {logging_mixin.py:151} INFO - [2025-03-14T14:37:30.300+0000] {dag.py:2915} INFO - Sync 1 DAGs
[2025-03-14T14:37:30.333+0000] {logging_mixin.py:151} INFO - [2025-03-14T14:37:30.333+0000] {dag.py:3696} INFO - Setting next_dagrun for yfinance_lstm_training_dag to 2025-03-23T00:00:00+00:00, run_after=2025-03-30T00:00:00+00:00
[2025-03-14T14:37:30.364+0000] {processor.py:179} INFO - Processing /opt/airflow/dags/re_entrainment_model.py took 4.156 seconds
[2025-03-14T14:38:01.004+0000] {processor.py:157} INFO - Started process (PID=1346) to work on /opt/airflow/dags/re_entrainment_model.py
[2025-03-14T14:38:01.006+0000] {processor.py:829} INFO - Processing file /opt/airflow/dags/re_entrainment_model.py for tasks to queue
[2025-03-14T14:38:01.007+0000] {logging_mixin.py:151} INFO - [2025-03-14T14:38:01.007+0000] {dagbag.py:539} INFO - Filling up the DagBag from /opt/airflow/dags/re_entrainment_model.py
[2025-03-14T14:38:05.306+0000] {processor.py:839} INFO - DAG(s) dict_keys(['yfinance_lstm_training_dag']) retrieved from /opt/airflow/dags/re_entrainment_model.py
[2025-03-14T14:38:05.335+0000] {logging_mixin.py:151} INFO - [2025-03-14T14:38:05.334+0000] {dag.py:2915} INFO - Sync 1 DAGs
[2025-03-14T14:38:05.369+0000] {logging_mixin.py:151} INFO - [2025-03-14T14:38:05.369+0000] {dag.py:3696} INFO - Setting next_dagrun for yfinance_lstm_training_dag to 2025-03-23T00:00:00+00:00, run_after=2025-03-30T00:00:00+00:00
[2025-03-14T14:38:05.406+0000] {processor.py:179} INFO - Processing /opt/airflow/dags/re_entrainment_model.py took 4.406 seconds
[2025-03-14T14:38:36.122+0000] {processor.py:157} INFO - Started process (PID=1375) to work on /opt/airflow/dags/re_entrainment_model.py
[2025-03-14T14:38:36.124+0000] {processor.py:829} INFO - Processing file /opt/airflow/dags/re_entrainment_model.py for tasks to queue
[2025-03-14T14:38:36.125+0000] {logging_mixin.py:151} INFO - [2025-03-14T14:38:36.125+0000] {dagbag.py:539} INFO - Filling up the DagBag from /opt/airflow/dags/re_entrainment_model.py
[2025-03-14T14:38:40.465+0000] {processor.py:839} INFO - DAG(s) dict_keys(['yfinance_lstm_training_dag']) retrieved from /opt/airflow/dags/re_entrainment_model.py
[2025-03-14T14:38:40.498+0000] {logging_mixin.py:151} INFO - [2025-03-14T14:38:40.497+0000] {dag.py:2915} INFO - Sync 1 DAGs
[2025-03-14T14:38:40.532+0000] {logging_mixin.py:151} INFO - [2025-03-14T14:38:40.531+0000] {dag.py:3696} INFO - Setting next_dagrun for yfinance_lstm_training_dag to 2025-03-23T00:00:00+00:00, run_after=2025-03-30T00:00:00+00:00
[2025-03-14T14:38:40.559+0000] {processor.py:179} INFO - Processing /opt/airflow/dags/re_entrainment_model.py took 4.441 seconds
[2025-03-14T14:39:10.709+0000] {processor.py:157} INFO - Started process (PID=1406) to work on /opt/airflow/dags/re_entrainment_model.py
[2025-03-14T14:39:10.711+0000] {processor.py:829} INFO - Processing file /opt/airflow/dags/re_entrainment_model.py for tasks to queue
[2025-03-14T14:39:10.713+0000] {logging_mixin.py:151} INFO - [2025-03-14T14:39:10.712+0000] {dagbag.py:539} INFO - Filling up the DagBag from /opt/airflow/dags/re_entrainment_model.py
[2025-03-14T14:39:12.438+0000] {processor.py:839} INFO - DAG(s) dict_keys(['yfinance_lstm_training_dag']) retrieved from /opt/airflow/dags/re_entrainment_model.py
[2025-03-14T14:39:12.499+0000] {logging_mixin.py:151} INFO - [2025-03-14T14:39:12.497+0000] {dag.py:2915} INFO - Sync 1 DAGs
[2025-03-14T14:39:12.538+0000] {logging_mixin.py:151} INFO - [2025-03-14T14:39:12.537+0000] {dag.py:3696} INFO - Setting next_dagrun for yfinance_lstm_training_dag to 2025-03-23T00:00:00+00:00, run_after=2025-03-30T00:00:00+00:00
[2025-03-14T14:39:12.579+0000] {processor.py:179} INFO - Processing /opt/airflow/dags/re_entrainment_model.py took 4.410 seconds
[2025-03-14T14:39:42.705+0000] {processor.py:157} INFO - Started process (PID=1433) to work on /opt/airflow/dags/re_entrainment_model.py
[2025-03-14T14:39:42.707+0000] {processor.py:829} INFO - Processing file /opt/airflow/dags/re_entrainment_model.py for tasks to queue
[2025-03-14T14:39:42.708+0000] {logging_mixin.py:151} INFO - [2025-03-14T14:39:42.708+0000] {dagbag.py:539} INFO - Filling up the DagBag from /opt/airflow/dags/re_entrainment_model.py
[2025-03-14T14:39:47.292+0000] {processor.py:839} INFO - DAG(s) dict_keys(['yfinance_lstm_training_dag']) retrieved from /opt/airflow/dags/re_entrainment_model.py
[2025-03-14T14:39:47.322+0000] {logging_mixin.py:151} INFO - [2025-03-14T14:39:47.320+0000] {dag.py:2915} INFO - Sync 1 DAGs
[2025-03-14T14:39:47.350+0000] {logging_mixin.py:151} INFO - [2025-03-14T14:39:47.350+0000] {dag.py:3696} INFO - Setting next_dagrun for yfinance_lstm_training_dag to 2025-03-23T00:00:00+00:00, run_after=2025-03-30T00:00:00+00:00
[2025-03-14T14:39:47.380+0000] {processor.py:179} INFO - Processing /opt/airflow/dags/re_entrainment_model.py took 4.680 seconds
[2025-03-14T14:40:18.351+0000] {processor.py:157} INFO - Started process (PID=1458) to work on /opt/airflow/dags/re_entrainment_model.py
[2025-03-14T14:40:18.353+0000] {processor.py:829} INFO - Processing file /opt/airflow/dags/re_entrainment_model.py for tasks to queue
[2025-03-14T14:40:18.355+0000] {logging_mixin.py:151} INFO - [2025-03-14T14:40:18.354+0000] {dagbag.py:539} INFO - Filling up the DagBag from /opt/airflow/dags/re_entrainment_model.py
[2025-03-14T14:40:22.424+0000] {processor.py:839} INFO - DAG(s) dict_keys(['yfinance_lstm_training_dag']) retrieved from /opt/airflow/dags/re_entrainment_model.py
[2025-03-14T14:40:22.451+0000] {logging_mixin.py:151} INFO - [2025-03-14T14:40:22.450+0000] {dag.py:2915} INFO - Sync 1 DAGs
[2025-03-14T14:40:22.484+0000] {logging_mixin.py:151} INFO - [2025-03-14T14:40:22.484+0000] {dag.py:3696} INFO - Setting next_dagrun for yfinance_lstm_training_dag to 2025-03-23T00:00:00+00:00, run_after=2025-03-30T00:00:00+00:00
[2025-03-14T14:40:22.514+0000] {processor.py:179} INFO - Processing /opt/airflow/dags/re_entrainment_model.py took 4.166 seconds
[2025-03-14T14:40:52.689+0000] {processor.py:157} INFO - Started process (PID=1483) to work on /opt/airflow/dags/re_entrainment_model.py
[2025-03-14T14:40:52.691+0000] {processor.py:829} INFO - Processing file /opt/airflow/dags/re_entrainment_model.py for tasks to queue
[2025-03-14T14:40:52.692+0000] {logging_mixin.py:151} INFO - [2025-03-14T14:40:52.692+0000] {dagbag.py:539} INFO - Filling up the DagBag from /opt/airflow/dags/re_entrainment_model.py
[2025-03-14T14:40:57.050+0000] {processor.py:839} INFO - DAG(s) dict_keys(['yfinance_lstm_training_dag']) retrieved from /opt/airflow/dags/re_entrainment_model.py
[2025-03-14T14:40:57.080+0000] {logging_mixin.py:151} INFO - [2025-03-14T14:40:57.079+0000] {dag.py:2915} INFO - Sync 1 DAGs
[2025-03-14T14:40:57.114+0000] {logging_mixin.py:151} INFO - [2025-03-14T14:40:57.113+0000] {dag.py:3696} INFO - Setting next_dagrun for yfinance_lstm_training_dag to 2025-03-23T00:00:00+00:00, run_after=2025-03-30T00:00:00+00:00
[2025-03-14T14:40:57.150+0000] {processor.py:179} INFO - Processing /opt/airflow/dags/re_entrainment_model.py took 4.465 seconds
[2025-03-14T14:41:27.351+0000] {processor.py:157} INFO - Started process (PID=1508) to work on /opt/airflow/dags/re_entrainment_model.py
[2025-03-14T14:41:27.353+0000] {processor.py:829} INFO - Processing file /opt/airflow/dags/re_entrainment_model.py for tasks to queue
[2025-03-14T14:41:27.354+0000] {logging_mixin.py:151} INFO - [2025-03-14T14:41:27.354+0000] {dagbag.py:539} INFO - Filling up the DagBag from /opt/airflow/dags/re_entrainment_model.py
[2025-03-14T14:41:31.302+0000] {processor.py:839} INFO - DAG(s) dict_keys(['yfinance_lstm_training_dag']) retrieved from /opt/airflow/dags/re_entrainment_model.py
[2025-03-14T14:41:31.329+0000] {logging_mixin.py:151} INFO - [2025-03-14T14:41:31.328+0000] {dag.py:2915} INFO - Sync 1 DAGs
[2025-03-14T14:41:31.357+0000] {logging_mixin.py:151} INFO - [2025-03-14T14:41:31.357+0000] {dag.py:3696} INFO - Setting next_dagrun for yfinance_lstm_training_dag to 2025-03-23T00:00:00+00:00, run_after=2025-03-30T00:00:00+00:00
[2025-03-14T14:41:31.386+0000] {processor.py:179} INFO - Processing /opt/airflow/dags/re_entrainment_model.py took 4.039 seconds
[2025-03-14T14:42:01.516+0000] {processor.py:157} INFO - Started process (PID=1533) to work on /opt/airflow/dags/re_entrainment_model.py
[2025-03-14T14:42:01.518+0000] {processor.py:829} INFO - Processing file /opt/airflow/dags/re_entrainment_model.py for tasks to queue
[2025-03-14T14:42:01.519+0000] {logging_mixin.py:151} INFO - [2025-03-14T14:42:01.519+0000] {dagbag.py:539} INFO - Filling up the DagBag from /opt/airflow/dags/re_entrainment_model.py
[2025-03-14T14:42:05.391+0000] {processor.py:839} INFO - DAG(s) dict_keys(['yfinance_lstm_training_dag']) retrieved from /opt/airflow/dags/re_entrainment_model.py
[2025-03-14T14:42:05.419+0000] {logging_mixin.py:151} INFO - [2025-03-14T14:42:05.418+0000] {dag.py:2915} INFO - Sync 1 DAGs
[2025-03-14T14:42:05.445+0000] {logging_mixin.py:151} INFO - [2025-03-14T14:42:05.445+0000] {dag.py:3696} INFO - Setting next_dagrun for yfinance_lstm_training_dag to 2025-03-23T00:00:00+00:00, run_after=2025-03-30T00:00:00+00:00
[2025-03-14T14:42:05.477+0000] {processor.py:179} INFO - Processing /opt/airflow/dags/re_entrainment_model.py took 3.964 seconds
[2025-03-14T14:42:35.567+0000] {processor.py:157} INFO - Started process (PID=1558) to work on /opt/airflow/dags/re_entrainment_model.py
[2025-03-14T14:42:35.568+0000] {processor.py:829} INFO - Processing file /opt/airflow/dags/re_entrainment_model.py for tasks to queue
[2025-03-14T14:42:35.570+0000] {logging_mixin.py:151} INFO - [2025-03-14T14:42:35.569+0000] {dagbag.py:539} INFO - Filling up the DagBag from /opt/airflow/dags/re_entrainment_model.py
[2025-03-14T14:42:39.568+0000] {processor.py:839} INFO - DAG(s) dict_keys(['yfinance_lstm_training_dag']) retrieved from /opt/airflow/dags/re_entrainment_model.py
[2025-03-14T14:42:39.599+0000] {logging_mixin.py:151} INFO - [2025-03-14T14:42:39.598+0000] {dag.py:2915} INFO - Sync 1 DAGs
[2025-03-14T14:42:39.627+0000] {logging_mixin.py:151} INFO - [2025-03-14T14:42:39.627+0000] {dag.py:3696} INFO - Setting next_dagrun for yfinance_lstm_training_dag to 2025-03-23T00:00:00+00:00, run_after=2025-03-30T00:00:00+00:00
[2025-03-14T14:42:39.655+0000] {processor.py:179} INFO - Processing /opt/airflow/dags/re_entrainment_model.py took 4.092 seconds
[2025-03-14T14:43:10.621+0000] {processor.py:157} INFO - Started process (PID=1583) to work on /opt/airflow/dags/re_entrainment_model.py
[2025-03-14T14:43:10.622+0000] {processor.py:829} INFO - Processing file /opt/airflow/dags/re_entrainment_model.py for tasks to queue
[2025-03-14T14:43:10.624+0000] {logging_mixin.py:151} INFO - [2025-03-14T14:43:10.623+0000] {dagbag.py:539} INFO - Filling up the DagBag from /opt/airflow/dags/re_entrainment_model.py
[2025-03-14T14:43:15.123+0000] {processor.py:839} INFO - DAG(s) dict_keys(['yfinance_lstm_training_dag']) retrieved from /opt/airflow/dags/re_entrainment_model.py
[2025-03-14T14:43:15.158+0000] {logging_mixin.py:151} INFO - [2025-03-14T14:43:15.157+0000] {dag.py:2915} INFO - Sync 1 DAGs
[2025-03-14T14:43:15.197+0000] {logging_mixin.py:151} INFO - [2025-03-14T14:43:15.197+0000] {dag.py:3696} INFO - Setting next_dagrun for yfinance_lstm_training_dag to 2025-03-23T00:00:00+00:00, run_after=2025-03-30T00:00:00+00:00
[2025-03-14T14:43:15.229+0000] {processor.py:179} INFO - Processing /opt/airflow/dags/re_entrainment_model.py took 4.611 seconds
[2025-03-14T14:43:46.193+0000] {processor.py:157} INFO - Started process (PID=1608) to work on /opt/airflow/dags/re_entrainment_model.py
[2025-03-14T14:43:46.195+0000] {processor.py:829} INFO - Processing file /opt/airflow/dags/re_entrainment_model.py for tasks to queue
[2025-03-14T14:43:46.197+0000] {logging_mixin.py:151} INFO - [2025-03-14T14:43:46.196+0000] {dagbag.py:539} INFO - Filling up the DagBag from /opt/airflow/dags/re_entrainment_model.py
[2025-03-14T14:43:47.900+0000] {processor.py:839} INFO - DAG(s) dict_keys(['yfinance_lstm_training_dag']) retrieved from /opt/airflow/dags/re_entrainment_model.py
[2025-03-14T14:43:47.928+0000] {logging_mixin.py:151} INFO - [2025-03-14T14:43:47.928+0000] {dag.py:2915} INFO - Sync 1 DAGs
[2025-03-14T14:43:47.960+0000] {logging_mixin.py:151} INFO - [2025-03-14T14:43:47.958+0000] {dag.py:3696} INFO - Setting next_dagrun for yfinance_lstm_training_dag to 2025-03-23T00:00:00+00:00, run_after=2025-03-30T00:00:00+00:00
[2025-03-14T14:43:47.993+0000] {processor.py:179} INFO - Processing /opt/airflow/dags/re_entrainment_model.py took 4.337 seconds
[2025-03-14T14:44:18.598+0000] {processor.py:157} INFO - Started process (PID=1637) to work on /opt/airflow/dags/re_entrainment_model.py
[2025-03-14T14:44:18.600+0000] {processor.py:829} INFO - Processing file /opt/airflow/dags/re_entrainment_model.py for tasks to queue
[2025-03-14T14:44:18.601+0000] {logging_mixin.py:151} INFO - [2025-03-14T14:44:18.601+0000] {dagbag.py:539} INFO - Filling up the DagBag from /opt/airflow/dags/re_entrainment_model.py
[2025-03-14T14:44:23.243+0000] {processor.py:839} INFO - DAG(s) dict_keys(['yfinance_lstm_training_dag']) retrieved from /opt/airflow/dags/re_entrainment_model.py
[2025-03-14T14:44:23.296+0000] {logging_mixin.py:151} INFO - [2025-03-14T14:44:23.294+0000] {dag.py:2915} INFO - Sync 1 DAGs
[2025-03-14T14:44:23.358+0000] {logging_mixin.py:151} INFO - [2025-03-14T14:44:23.357+0000] {dag.py:3696} INFO - Setting next_dagrun for yfinance_lstm_training_dag to 2025-03-23T00:00:00+00:00, run_after=2025-03-30T00:00:00+00:00
[2025-03-14T14:44:23.395+0000] {processor.py:179} INFO - Processing /opt/airflow/dags/re_entrainment_model.py took 4.803 seconds
[2025-03-14T14:44:53.513+0000] {processor.py:157} INFO - Started process (PID=1664) to work on /opt/airflow/dags/re_entrainment_model.py
[2025-03-14T14:44:53.514+0000] {processor.py:829} INFO - Processing file /opt/airflow/dags/re_entrainment_model.py for tasks to queue
[2025-03-14T14:44:53.516+0000] {logging_mixin.py:151} INFO - [2025-03-14T14:44:53.515+0000] {dagbag.py:539} INFO - Filling up the DagBag from /opt/airflow/dags/re_entrainment_model.py
[2025-03-14T14:44:57.963+0000] {processor.py:839} INFO - DAG(s) dict_keys(['yfinance_lstm_training_dag']) retrieved from /opt/airflow/dags/re_entrainment_model.py
[2025-03-14T14:44:58.011+0000] {logging_mixin.py:151} INFO - [2025-03-14T14:44:58.010+0000] {dag.py:2915} INFO - Sync 1 DAGs
[2025-03-14T14:44:58.040+0000] {logging_mixin.py:151} INFO - [2025-03-14T14:44:58.040+0000] {dag.py:3696} INFO - Setting next_dagrun for yfinance_lstm_training_dag to 2025-03-23T00:00:00+00:00, run_after=2025-03-30T00:00:00+00:00
[2025-03-14T14:44:58.067+0000] {processor.py:179} INFO - Processing /opt/airflow/dags/re_entrainment_model.py took 4.558 seconds
[2025-03-14T14:45:29.082+0000] {processor.py:157} INFO - Started process (PID=1695) to work on /opt/airflow/dags/re_entrainment_model.py
[2025-03-14T14:45:29.084+0000] {processor.py:829} INFO - Processing file /opt/airflow/dags/re_entrainment_model.py for tasks to queue
[2025-03-14T14:45:29.086+0000] {logging_mixin.py:151} INFO - [2025-03-14T14:45:29.086+0000] {dagbag.py:539} INFO - Filling up the DagBag from /opt/airflow/dags/re_entrainment_model.py
[2025-03-14T14:45:33.194+0000] {processor.py:839} INFO - DAG(s) dict_keys(['yfinance_lstm_training_dag']) retrieved from /opt/airflow/dags/re_entrainment_model.py
[2025-03-14T14:45:33.221+0000] {logging_mixin.py:151} INFO - [2025-03-14T14:45:33.220+0000] {dag.py:2915} INFO - Sync 1 DAGs
[2025-03-14T14:45:33.250+0000] {logging_mixin.py:151} INFO - [2025-03-14T14:45:33.249+0000] {dag.py:3696} INFO - Setting next_dagrun for yfinance_lstm_training_dag to 2025-03-23T00:00:00+00:00, run_after=2025-03-30T00:00:00+00:00
[2025-03-14T14:45:33.285+0000] {processor.py:179} INFO - Processing /opt/airflow/dags/re_entrainment_model.py took 4.207 seconds
[2025-03-14T14:46:04.214+0000] {processor.py:157} INFO - Started process (PID=1720) to work on /opt/airflow/dags/re_entrainment_model.py
[2025-03-14T14:46:04.216+0000] {processor.py:829} INFO - Processing file /opt/airflow/dags/re_entrainment_model.py for tasks to queue
[2025-03-14T14:46:04.218+0000] {logging_mixin.py:151} INFO - [2025-03-14T14:46:04.218+0000] {dagbag.py:539} INFO - Filling up the DagBag from /opt/airflow/dags/re_entrainment_model.py
[2025-03-14T14:46:05.647+0000] {processor.py:839} INFO - DAG(s) dict_keys(['yfinance_lstm_training_dag']) retrieved from /opt/airflow/dags/re_entrainment_model.py
[2025-03-14T14:46:05.674+0000] {logging_mixin.py:151} INFO - [2025-03-14T14:46:05.673+0000] {dag.py:2915} INFO - Sync 1 DAGs
[2025-03-14T14:46:05.700+0000] {logging_mixin.py:151} INFO - [2025-03-14T14:46:05.700+0000] {dag.py:3696} INFO - Setting next_dagrun for yfinance_lstm_training_dag to 2025-03-23T00:00:00+00:00, run_after=2025-03-30T00:00:00+00:00
[2025-03-14T14:46:05.733+0000] {processor.py:179} INFO - Processing /opt/airflow/dags/re_entrainment_model.py took 4.060 seconds
[2025-03-14T14:46:36.583+0000] {processor.py:157} INFO - Started process (PID=1745) to work on /opt/airflow/dags/re_entrainment_model.py
[2025-03-14T14:46:36.585+0000] {processor.py:829} INFO - Processing file /opt/airflow/dags/re_entrainment_model.py for tasks to queue
[2025-03-14T14:46:36.587+0000] {logging_mixin.py:151} INFO - [2025-03-14T14:46:36.586+0000] {dagbag.py:539} INFO - Filling up the DagBag from /opt/airflow/dags/re_entrainment_model.py
[2025-03-14T14:46:41.353+0000] {processor.py:839} INFO - DAG(s) dict_keys(['yfinance_lstm_training_dag']) retrieved from /opt/airflow/dags/re_entrainment_model.py
[2025-03-14T14:46:41.379+0000] {logging_mixin.py:151} INFO - [2025-03-14T14:46:41.378+0000] {dag.py:2915} INFO - Sync 1 DAGs
[2025-03-14T14:46:41.405+0000] {logging_mixin.py:151} INFO - [2025-03-14T14:46:41.405+0000] {dag.py:3696} INFO - Setting next_dagrun for yfinance_lstm_training_dag to 2025-03-23T00:00:00+00:00, run_after=2025-03-30T00:00:00+00:00
[2025-03-14T14:46:41.434+0000] {processor.py:179} INFO - Processing /opt/airflow/dags/re_entrainment_model.py took 4.855 seconds
[2025-03-14T14:47:12.267+0000] {processor.py:157} INFO - Started process (PID=1770) to work on /opt/airflow/dags/re_entrainment_model.py
[2025-03-14T14:47:12.269+0000] {processor.py:829} INFO - Processing file /opt/airflow/dags/re_entrainment_model.py for tasks to queue
[2025-03-14T14:47:12.270+0000] {logging_mixin.py:151} INFO - [2025-03-14T14:47:12.270+0000] {dagbag.py:539} INFO - Filling up the DagBag from /opt/airflow/dags/re_entrainment_model.py
[2025-03-14T14:47:16.350+0000] {processor.py:839} INFO - DAG(s) dict_keys(['yfinance_lstm_training_dag']) retrieved from /opt/airflow/dags/re_entrainment_model.py
[2025-03-14T14:47:16.378+0000] {logging_mixin.py:151} INFO - [2025-03-14T14:47:16.377+0000] {dag.py:2915} INFO - Sync 1 DAGs
[2025-03-14T14:47:16.406+0000] {logging_mixin.py:151} INFO - [2025-03-14T14:47:16.405+0000] {dag.py:3696} INFO - Setting next_dagrun for yfinance_lstm_training_dag to 2025-03-23T00:00:00+00:00, run_after=2025-03-30T00:00:00+00:00
[2025-03-14T14:47:16.434+0000] {processor.py:179} INFO - Processing /opt/airflow/dags/re_entrainment_model.py took 4.170 seconds
[2025-03-14T14:47:46.562+0000] {processor.py:157} INFO - Started process (PID=1795) to work on /opt/airflow/dags/re_entrainment_model.py
[2025-03-14T14:47:46.564+0000] {processor.py:829} INFO - Processing file /opt/airflow/dags/re_entrainment_model.py for tasks to queue
[2025-03-14T14:47:46.566+0000] {logging_mixin.py:151} INFO - [2025-03-14T14:47:46.566+0000] {dagbag.py:539} INFO - Filling up the DagBag from /opt/airflow/dags/re_entrainment_model.py
[2025-03-14T14:47:50.884+0000] {processor.py:839} INFO - DAG(s) dict_keys(['yfinance_lstm_training_dag']) retrieved from /opt/airflow/dags/re_entrainment_model.py
[2025-03-14T14:47:50.913+0000] {logging_mixin.py:151} INFO - [2025-03-14T14:47:50.912+0000] {dag.py:2915} INFO - Sync 1 DAGs
[2025-03-14T14:47:50.939+0000] {logging_mixin.py:151} INFO - [2025-03-14T14:47:50.938+0000] {dag.py:3696} INFO - Setting next_dagrun for yfinance_lstm_training_dag to 2025-03-23T00:00:00+00:00, run_after=2025-03-30T00:00:00+00:00
[2025-03-14T14:47:50.968+0000] {processor.py:179} INFO - Processing /opt/airflow/dags/re_entrainment_model.py took 4.411 seconds
[2025-03-14T14:48:21.744+0000] {processor.py:157} INFO - Started process (PID=1820) to work on /opt/airflow/dags/re_entrainment_model.py
[2025-03-14T14:48:21.746+0000] {processor.py:829} INFO - Processing file /opt/airflow/dags/re_entrainment_model.py for tasks to queue
[2025-03-14T14:48:21.748+0000] {logging_mixin.py:151} INFO - [2025-03-14T14:48:21.748+0000] {dagbag.py:539} INFO - Filling up the DagBag from /opt/airflow/dags/re_entrainment_model.py
[2025-03-14T14:48:23.331+0000] {processor.py:839} INFO - DAG(s) dict_keys(['yfinance_lstm_training_dag']) retrieved from /opt/airflow/dags/re_entrainment_model.py
[2025-03-14T14:48:23.357+0000] {logging_mixin.py:151} INFO - [2025-03-14T14:48:23.356+0000] {dag.py:2915} INFO - Sync 1 DAGs
[2025-03-14T14:48:23.384+0000] {logging_mixin.py:151} INFO - [2025-03-14T14:48:23.383+0000] {dag.py:3696} INFO - Setting next_dagrun for yfinance_lstm_training_dag to 2025-03-23T00:00:00+00:00, run_after=2025-03-30T00:00:00+00:00
[2025-03-14T14:48:23.411+0000] {processor.py:179} INFO - Processing /opt/airflow/dags/re_entrainment_model.py took 4.202 seconds
[2025-03-14T14:48:54.358+0000] {processor.py:157} INFO - Started process (PID=1845) to work on /opt/airflow/dags/re_entrainment_model.py
[2025-03-14T14:48:54.359+0000] {processor.py:829} INFO - Processing file /opt/airflow/dags/re_entrainment_model.py for tasks to queue
[2025-03-14T14:48:54.361+0000] {logging_mixin.py:151} INFO - [2025-03-14T14:48:54.360+0000] {dagbag.py:539} INFO - Filling up the DagBag from /opt/airflow/dags/re_entrainment_model.py
[2025-03-14T14:48:58.381+0000] {processor.py:839} INFO - DAG(s) dict_keys(['yfinance_lstm_training_dag']) retrieved from /opt/airflow/dags/re_entrainment_model.py
[2025-03-14T14:48:58.413+0000] {logging_mixin.py:151} INFO - [2025-03-14T14:48:58.412+0000] {dag.py:2915} INFO - Sync 1 DAGs
[2025-03-14T14:48:58.453+0000] {logging_mixin.py:151} INFO - [2025-03-14T14:48:58.453+0000] {dag.py:3696} INFO - Setting next_dagrun for yfinance_lstm_training_dag to 2025-03-23T00:00:00+00:00, run_after=2025-03-30T00:00:00+00:00
[2025-03-14T14:48:58.491+0000] {processor.py:179} INFO - Processing /opt/airflow/dags/re_entrainment_model.py took 4.139 seconds
[2025-03-14T14:49:29.201+0000] {processor.py:157} INFO - Started process (PID=1870) to work on /opt/airflow/dags/re_entrainment_model.py
[2025-03-14T14:49:29.202+0000] {processor.py:829} INFO - Processing file /opt/airflow/dags/re_entrainment_model.py for tasks to queue
[2025-03-14T14:49:29.205+0000] {logging_mixin.py:151} INFO - [2025-03-14T14:49:29.204+0000] {dagbag.py:539} INFO - Filling up the DagBag from /opt/airflow/dags/re_entrainment_model.py
[2025-03-14T14:49:33.519+0000] {processor.py:839} INFO - DAG(s) dict_keys(['yfinance_lstm_training_dag']) retrieved from /opt/airflow/dags/re_entrainment_model.py
[2025-03-14T14:49:33.547+0000] {logging_mixin.py:151} INFO - [2025-03-14T14:49:33.546+0000] {dag.py:2915} INFO - Sync 1 DAGs
[2025-03-14T14:49:33.573+0000] {logging_mixin.py:151} INFO - [2025-03-14T14:49:33.573+0000] {dag.py:3696} INFO - Setting next_dagrun for yfinance_lstm_training_dag to 2025-03-23T00:00:00+00:00, run_after=2025-03-30T00:00:00+00:00
[2025-03-14T14:49:33.602+0000] {processor.py:179} INFO - Processing /opt/airflow/dags/re_entrainment_model.py took 4.404 seconds
[2025-03-14T14:50:03.754+0000] {processor.py:157} INFO - Started process (PID=1901) to work on /opt/airflow/dags/re_entrainment_model.py
[2025-03-14T14:50:03.756+0000] {processor.py:829} INFO - Processing file /opt/airflow/dags/re_entrainment_model.py for tasks to queue
[2025-03-14T14:50:03.757+0000] {logging_mixin.py:151} INFO - [2025-03-14T14:50:03.757+0000] {dagbag.py:539} INFO - Filling up the DagBag from /opt/airflow/dags/re_entrainment_model.py
[2025-03-14T14:50:07.711+0000] {processor.py:839} INFO - DAG(s) dict_keys(['yfinance_lstm_training_dag']) retrieved from /opt/airflow/dags/re_entrainment_model.py
[2025-03-14T14:50:07.737+0000] {logging_mixin.py:151} INFO - [2025-03-14T14:50:07.737+0000] {dag.py:2915} INFO - Sync 1 DAGs
[2025-03-14T14:50:07.763+0000] {logging_mixin.py:151} INFO - [2025-03-14T14:50:07.763+0000] {dag.py:3696} INFO - Setting next_dagrun for yfinance_lstm_training_dag to 2025-03-23T00:00:00+00:00, run_after=2025-03-30T00:00:00+00:00
[2025-03-14T14:50:07.790+0000] {processor.py:179} INFO - Processing /opt/airflow/dags/re_entrainment_model.py took 4.039 seconds
[2025-03-14T14:50:38.520+0000] {processor.py:157} INFO - Started process (PID=1926) to work on /opt/airflow/dags/re_entrainment_model.py
[2025-03-14T14:50:38.522+0000] {processor.py:829} INFO - Processing file /opt/airflow/dags/re_entrainment_model.py for tasks to queue
[2025-03-14T14:50:38.524+0000] {logging_mixin.py:151} INFO - [2025-03-14T14:50:38.523+0000] {dagbag.py:539} INFO - Filling up the DagBag from /opt/airflow/dags/re_entrainment_model.py
[2025-03-14T14:50:39.935+0000] {processor.py:839} INFO - DAG(s) dict_keys(['yfinance_lstm_training_dag']) retrieved from /opt/airflow/dags/re_entrainment_model.py
[2025-03-14T14:50:39.962+0000] {logging_mixin.py:151} INFO - [2025-03-14T14:50:39.962+0000] {dag.py:2915} INFO - Sync 1 DAGs
[2025-03-14T14:50:39.988+0000] {logging_mixin.py:151} INFO - [2025-03-14T14:50:39.987+0000] {dag.py:3696} INFO - Setting next_dagrun for yfinance_lstm_training_dag to 2025-03-23T00:00:00+00:00, run_after=2025-03-30T00:00:00+00:00
[2025-03-14T14:50:40.026+0000] {processor.py:179} INFO - Processing /opt/airflow/dags/re_entrainment_model.py took 4.039 seconds
[2025-03-14T14:51:10.933+0000] {processor.py:157} INFO - Started process (PID=1951) to work on /opt/airflow/dags/re_entrainment_model.py
[2025-03-14T14:51:10.934+0000] {processor.py:829} INFO - Processing file /opt/airflow/dags/re_entrainment_model.py for tasks to queue
[2025-03-14T14:51:10.936+0000] {logging_mixin.py:151} INFO - [2025-03-14T14:51:10.935+0000] {dagbag.py:539} INFO - Filling up the DagBag from /opt/airflow/dags/re_entrainment_model.py
[2025-03-14T14:51:15.198+0000] {processor.py:839} INFO - DAG(s) dict_keys(['yfinance_lstm_training_dag']) retrieved from /opt/airflow/dags/re_entrainment_model.py
[2025-03-14T14:51:15.225+0000] {logging_mixin.py:151} INFO - [2025-03-14T14:51:15.224+0000] {dag.py:2915} INFO - Sync 1 DAGs
[2025-03-14T14:51:15.258+0000] {logging_mixin.py:151} INFO - [2025-03-14T14:51:15.258+0000] {dag.py:3696} INFO - Setting next_dagrun for yfinance_lstm_training_dag to 2025-03-23T00:00:00+00:00, run_after=2025-03-30T00:00:00+00:00
[2025-03-14T14:51:15.285+0000] {processor.py:179} INFO - Processing /opt/airflow/dags/re_entrainment_model.py took 4.356 seconds
[2025-03-14T14:51:45.917+0000] {processor.py:157} INFO - Started process (PID=1980) to work on /opt/airflow/dags/re_entrainment_model.py
[2025-03-14T14:51:45.918+0000] {processor.py:829} INFO - Processing file /opt/airflow/dags/re_entrainment_model.py for tasks to queue
[2025-03-14T14:51:45.920+0000] {logging_mixin.py:151} INFO - [2025-03-14T14:51:45.920+0000] {dagbag.py:539} INFO - Filling up the DagBag from /opt/airflow/dags/re_entrainment_model.py
[2025-03-14T14:51:50.073+0000] {processor.py:839} INFO - DAG(s) dict_keys(['yfinance_lstm_training_dag']) retrieved from /opt/airflow/dags/re_entrainment_model.py
[2025-03-14T14:51:50.100+0000] {logging_mixin.py:151} INFO - [2025-03-14T14:51:50.099+0000] {dag.py:2915} INFO - Sync 1 DAGs
[2025-03-14T14:51:50.131+0000] {logging_mixin.py:151} INFO - [2025-03-14T14:51:50.131+0000] {dag.py:3696} INFO - Setting next_dagrun for yfinance_lstm_training_dag to 2025-03-23T00:00:00+00:00, run_after=2025-03-30T00:00:00+00:00
[2025-03-14T14:51:50.169+0000] {processor.py:179} INFO - Processing /opt/airflow/dags/re_entrainment_model.py took 4.257 seconds
[2025-03-14T14:52:21.047+0000] {processor.py:157} INFO - Started process (PID=2007) to work on /opt/airflow/dags/re_entrainment_model.py
[2025-03-14T14:52:21.048+0000] {processor.py:829} INFO - Processing file /opt/airflow/dags/re_entrainment_model.py for tasks to queue
[2025-03-14T14:52:21.050+0000] {logging_mixin.py:151} INFO - [2025-03-14T14:52:21.049+0000] {dagbag.py:539} INFO - Filling up the DagBag from /opt/airflow/dags/re_entrainment_model.py
[2025-03-14T14:52:25.133+0000] {processor.py:839} INFO - DAG(s) dict_keys(['yfinance_lstm_training_dag']) retrieved from /opt/airflow/dags/re_entrainment_model.py
[2025-03-14T14:52:25.162+0000] {logging_mixin.py:151} INFO - [2025-03-14T14:52:25.161+0000] {dag.py:2915} INFO - Sync 1 DAGs
[2025-03-14T14:52:25.200+0000] {logging_mixin.py:151} INFO - [2025-03-14T14:52:25.199+0000] {dag.py:3696} INFO - Setting next_dagrun for yfinance_lstm_training_dag to 2025-03-23T00:00:00+00:00, run_after=2025-03-30T00:00:00+00:00
[2025-03-14T14:52:25.278+0000] {processor.py:179} INFO - Processing /opt/airflow/dags/re_entrainment_model.py took 4.235 seconds
[2025-03-14T14:52:55.894+0000] {processor.py:157} INFO - Started process (PID=2032) to work on /opt/airflow/dags/re_entrainment_model.py
[2025-03-14T14:52:55.895+0000] {processor.py:829} INFO - Processing file /opt/airflow/dags/re_entrainment_model.py for tasks to queue
[2025-03-14T14:52:55.897+0000] {logging_mixin.py:151} INFO - [2025-03-14T14:52:55.896+0000] {dagbag.py:539} INFO - Filling up the DagBag from /opt/airflow/dags/re_entrainment_model.py
[2025-03-14T14:52:57.360+0000] {processor.py:839} INFO - DAG(s) dict_keys(['yfinance_lstm_training_dag']) retrieved from /opt/airflow/dags/re_entrainment_model.py
[2025-03-14T14:52:57.387+0000] {logging_mixin.py:151} INFO - [2025-03-14T14:52:57.386+0000] {dag.py:2915} INFO - Sync 1 DAGs
[2025-03-14T14:52:57.415+0000] {logging_mixin.py:151} INFO - [2025-03-14T14:52:57.414+0000] {dag.py:3696} INFO - Setting next_dagrun for yfinance_lstm_training_dag to 2025-03-23T00:00:00+00:00, run_after=2025-03-30T00:00:00+00:00
[2025-03-14T14:52:57.445+0000] {processor.py:179} INFO - Processing /opt/airflow/dags/re_entrainment_model.py took 4.077 seconds
[2025-03-14T14:53:28.399+0000] {processor.py:157} INFO - Started process (PID=2057) to work on /opt/airflow/dags/re_entrainment_model.py
[2025-03-14T14:53:28.400+0000] {processor.py:829} INFO - Processing file /opt/airflow/dags/re_entrainment_model.py for tasks to queue
[2025-03-14T14:53:28.401+0000] {logging_mixin.py:151} INFO - [2025-03-14T14:53:28.401+0000] {dagbag.py:539} INFO - Filling up the DagBag from /opt/airflow/dags/re_entrainment_model.py
[2025-03-14T14:53:32.355+0000] {processor.py:839} INFO - DAG(s) dict_keys(['yfinance_lstm_training_dag']) retrieved from /opt/airflow/dags/re_entrainment_model.py
[2025-03-14T14:53:32.385+0000] {logging_mixin.py:151} INFO - [2025-03-14T14:53:32.384+0000] {dag.py:2915} INFO - Sync 1 DAGs
[2025-03-14T14:53:32.412+0000] {logging_mixin.py:151} INFO - [2025-03-14T14:53:32.412+0000] {dag.py:3696} INFO - Setting next_dagrun for yfinance_lstm_training_dag to 2025-03-23T00:00:00+00:00, run_after=2025-03-30T00:00:00+00:00
[2025-03-14T14:53:32.441+0000] {processor.py:179} INFO - Processing /opt/airflow/dags/re_entrainment_model.py took 4.045 seconds
[2025-03-14T14:54:02.691+0000] {processor.py:157} INFO - Started process (PID=2082) to work on /opt/airflow/dags/re_entrainment_model.py
[2025-03-14T14:54:02.693+0000] {processor.py:829} INFO - Processing file /opt/airflow/dags/re_entrainment_model.py for tasks to queue
[2025-03-14T14:54:02.695+0000] {logging_mixin.py:151} INFO - [2025-03-14T14:54:02.694+0000] {dagbag.py:539} INFO - Filling up the DagBag from /opt/airflow/dags/re_entrainment_model.py
[2025-03-14T14:54:06.609+0000] {processor.py:839} INFO - DAG(s) dict_keys(['yfinance_lstm_training_dag']) retrieved from /opt/airflow/dags/re_entrainment_model.py
[2025-03-14T14:54:06.637+0000] {logging_mixin.py:151} INFO - [2025-03-14T14:54:06.636+0000] {dag.py:2915} INFO - Sync 1 DAGs
[2025-03-14T14:54:06.664+0000] {logging_mixin.py:151} INFO - [2025-03-14T14:54:06.664+0000] {dag.py:3696} INFO - Setting next_dagrun for yfinance_lstm_training_dag to 2025-03-23T00:00:00+00:00, run_after=2025-03-30T00:00:00+00:00
[2025-03-14T14:54:06.695+0000] {processor.py:179} INFO - Processing /opt/airflow/dags/re_entrainment_model.py took 4.008 seconds
[2025-03-14T14:54:37.497+0000] {processor.py:157} INFO - Started process (PID=2107) to work on /opt/airflow/dags/re_entrainment_model.py
[2025-03-14T14:54:37.499+0000] {processor.py:829} INFO - Processing file /opt/airflow/dags/re_entrainment_model.py for tasks to queue
[2025-03-14T14:54:37.500+0000] {logging_mixin.py:151} INFO - [2025-03-14T14:54:37.499+0000] {dagbag.py:539} INFO - Filling up the DagBag from /opt/airflow/dags/re_entrainment_model.py
[2025-03-14T14:54:41.599+0000] {processor.py:839} INFO - DAG(s) dict_keys(['yfinance_lstm_training_dag']) retrieved from /opt/airflow/dags/re_entrainment_model.py
[2025-03-14T14:54:41.626+0000] {logging_mixin.py:151} INFO - [2025-03-14T14:54:41.625+0000] {dag.py:2915} INFO - Sync 1 DAGs
[2025-03-14T14:54:41.654+0000] {logging_mixin.py:151} INFO - [2025-03-14T14:54:41.654+0000] {dag.py:3696} INFO - Setting next_dagrun for yfinance_lstm_training_dag to 2025-03-23T00:00:00+00:00, run_after=2025-03-30T00:00:00+00:00
[2025-03-14T14:54:41.683+0000] {processor.py:179} INFO - Processing /opt/airflow/dags/re_entrainment_model.py took 4.190 seconds
[2025-03-14T14:55:12.233+0000] {processor.py:157} INFO - Started process (PID=2138) to work on /opt/airflow/dags/re_entrainment_model.py
[2025-03-14T14:55:12.235+0000] {processor.py:829} INFO - Processing file /opt/airflow/dags/re_entrainment_model.py for tasks to queue
[2025-03-14T14:55:12.236+0000] {logging_mixin.py:151} INFO - [2025-03-14T14:55:12.236+0000] {dagbag.py:539} INFO - Filling up the DagBag from /opt/airflow/dags/re_entrainment_model.py
[2025-03-14T14:55:14.032+0000] {processor.py:839} INFO - DAG(s) dict_keys(['yfinance_lstm_training_dag']) retrieved from /opt/airflow/dags/re_entrainment_model.py
[2025-03-14T14:55:14.060+0000] {logging_mixin.py:151} INFO - [2025-03-14T14:55:14.060+0000] {dag.py:2915} INFO - Sync 1 DAGs
[2025-03-14T14:55:14.086+0000] {logging_mixin.py:151} INFO - [2025-03-14T14:55:14.086+0000] {dag.py:3696} INFO - Setting next_dagrun for yfinance_lstm_training_dag to 2025-03-23T00:00:00+00:00, run_after=2025-03-30T00:00:00+00:00
[2025-03-14T14:55:14.115+0000] {processor.py:179} INFO - Processing /opt/airflow/dags/re_entrainment_model.py took 4.408 seconds
[2025-03-14T14:55:45.104+0000] {processor.py:157} INFO - Started process (PID=2163) to work on /opt/airflow/dags/re_entrainment_model.py
[2025-03-14T14:55:45.105+0000] {processor.py:829} INFO - Processing file /opt/airflow/dags/re_entrainment_model.py for tasks to queue
[2025-03-14T14:55:45.106+0000] {logging_mixin.py:151} INFO - [2025-03-14T14:55:45.106+0000] {dagbag.py:539} INFO - Filling up the DagBag from /opt/airflow/dags/re_entrainment_model.py
[2025-03-14T14:55:49.054+0000] {processor.py:839} INFO - DAG(s) dict_keys(['yfinance_lstm_training_dag']) retrieved from /opt/airflow/dags/re_entrainment_model.py
[2025-03-14T14:55:49.088+0000] {logging_mixin.py:151} INFO - [2025-03-14T14:55:49.087+0000] {dag.py:2915} INFO - Sync 1 DAGs
[2025-03-14T14:55:49.124+0000] {logging_mixin.py:151} INFO - [2025-03-14T14:55:49.124+0000] {dag.py:3696} INFO - Setting next_dagrun for yfinance_lstm_training_dag to 2025-03-23T00:00:00+00:00, run_after=2025-03-30T00:00:00+00:00
[2025-03-14T14:55:49.154+0000] {processor.py:179} INFO - Processing /opt/airflow/dags/re_entrainment_model.py took 4.054 seconds
[2025-03-14T14:56:19.267+0000] {processor.py:157} INFO - Started process (PID=2188) to work on /opt/airflow/dags/re_entrainment_model.py
[2025-03-14T14:56:19.269+0000] {processor.py:829} INFO - Processing file /opt/airflow/dags/re_entrainment_model.py for tasks to queue
[2025-03-14T14:56:19.270+0000] {logging_mixin.py:151} INFO - [2025-03-14T14:56:19.270+0000] {dagbag.py:539} INFO - Filling up the DagBag from /opt/airflow/dags/re_entrainment_model.py
[2025-03-14T14:56:23.395+0000] {processor.py:839} INFO - DAG(s) dict_keys(['yfinance_lstm_training_dag']) retrieved from /opt/airflow/dags/re_entrainment_model.py
[2025-03-14T14:56:23.425+0000] {logging_mixin.py:151} INFO - [2025-03-14T14:56:23.425+0000] {dag.py:2915} INFO - Sync 1 DAGs
[2025-03-14T14:56:23.453+0000] {logging_mixin.py:151} INFO - [2025-03-14T14:56:23.453+0000] {dag.py:3696} INFO - Setting next_dagrun for yfinance_lstm_training_dag to 2025-03-23T00:00:00+00:00, run_after=2025-03-30T00:00:00+00:00
[2025-03-14T14:56:23.484+0000] {processor.py:179} INFO - Processing /opt/airflow/dags/re_entrainment_model.py took 4.221 seconds
[2025-03-14T14:56:54.309+0000] {processor.py:157} INFO - Started process (PID=2213) to work on /opt/airflow/dags/re_entrainment_model.py
[2025-03-14T14:56:54.311+0000] {processor.py:829} INFO - Processing file /opt/airflow/dags/re_entrainment_model.py for tasks to queue
[2025-03-14T14:56:54.312+0000] {logging_mixin.py:151} INFO - [2025-03-14T14:56:54.312+0000] {dagbag.py:539} INFO - Filling up the DagBag from /opt/airflow/dags/re_entrainment_model.py
[2025-03-14T14:56:58.356+0000] {processor.py:839} INFO - DAG(s) dict_keys(['yfinance_lstm_training_dag']) retrieved from /opt/airflow/dags/re_entrainment_model.py
[2025-03-14T14:56:58.396+0000] {logging_mixin.py:151} INFO - [2025-03-14T14:56:58.393+0000] {dag.py:2915} INFO - Sync 1 DAGs
[2025-03-14T14:56:58.433+0000] {logging_mixin.py:151} INFO - [2025-03-14T14:56:58.433+0000] {dag.py:3696} INFO - Setting next_dagrun for yfinance_lstm_training_dag to 2025-03-23T00:00:00+00:00, run_after=2025-03-30T00:00:00+00:00
[2025-03-14T14:56:58.469+0000] {processor.py:179} INFO - Processing /opt/airflow/dags/re_entrainment_model.py took 4.163 seconds
[2025-03-14T14:57:29.047+0000] {processor.py:157} INFO - Started process (PID=2238) to work on /opt/airflow/dags/re_entrainment_model.py
[2025-03-14T14:57:29.049+0000] {processor.py:829} INFO - Processing file /opt/airflow/dags/re_entrainment_model.py for tasks to queue
[2025-03-14T14:57:29.050+0000] {logging_mixin.py:151} INFO - [2025-03-14T14:57:29.050+0000] {dagbag.py:539} INFO - Filling up the DagBag from /opt/airflow/dags/re_entrainment_model.py
[2025-03-14T14:57:30.953+0000] {processor.py:839} INFO - DAG(s) dict_keys(['yfinance_lstm_training_dag']) retrieved from /opt/airflow/dags/re_entrainment_model.py
[2025-03-14T14:57:30.985+0000] {logging_mixin.py:151} INFO - [2025-03-14T14:57:30.984+0000] {dag.py:2915} INFO - Sync 1 DAGs
[2025-03-14T14:57:31.018+0000] {logging_mixin.py:151} INFO - [2025-03-14T14:57:31.018+0000] {dag.py:3696} INFO - Setting next_dagrun for yfinance_lstm_training_dag to 2025-03-23T00:00:00+00:00, run_after=2025-03-30T00:00:00+00:00
[2025-03-14T14:57:31.058+0000] {processor.py:179} INFO - Processing /opt/airflow/dags/re_entrainment_model.py took 4.537 seconds
[2025-03-14T14:58:01.752+0000] {processor.py:157} INFO - Started process (PID=2263) to work on /opt/airflow/dags/re_entrainment_model.py
[2025-03-14T14:58:01.753+0000] {processor.py:829} INFO - Processing file /opt/airflow/dags/re_entrainment_model.py for tasks to queue
[2025-03-14T14:58:01.755+0000] {logging_mixin.py:151} INFO - [2025-03-14T14:58:01.754+0000] {dagbag.py:539} INFO - Filling up the DagBag from /opt/airflow/dags/re_entrainment_model.py
[2025-03-14T14:58:05.862+0000] {processor.py:839} INFO - DAG(s) dict_keys(['yfinance_lstm_training_dag']) retrieved from /opt/airflow/dags/re_entrainment_model.py
[2025-03-14T14:58:05.889+0000] {logging_mixin.py:151} INFO - [2025-03-14T14:58:05.889+0000] {dag.py:2915} INFO - Sync 1 DAGs
[2025-03-14T14:58:05.915+0000] {logging_mixin.py:151} INFO - [2025-03-14T14:58:05.915+0000] {dag.py:3696} INFO - Setting next_dagrun for yfinance_lstm_training_dag to 2025-03-23T00:00:00+00:00, run_after=2025-03-30T00:00:00+00:00
[2025-03-14T14:58:05.943+0000] {processor.py:179} INFO - Processing /opt/airflow/dags/re_entrainment_model.py took 4.195 seconds
[2025-03-14T14:58:36.957+0000] {processor.py:157} INFO - Started process (PID=2294) to work on /opt/airflow/dags/re_entrainment_model.py
[2025-03-14T14:58:36.958+0000] {processor.py:829} INFO - Processing file /opt/airflow/dags/re_entrainment_model.py for tasks to queue
[2025-03-14T14:58:36.960+0000] {logging_mixin.py:151} INFO - [2025-03-14T14:58:36.959+0000] {dagbag.py:539} INFO - Filling up the DagBag from /opt/airflow/dags/re_entrainment_model.py
[2025-03-14T14:58:41.031+0000] {processor.py:839} INFO - DAG(s) dict_keys(['yfinance_lstm_training_dag']) retrieved from /opt/airflow/dags/re_entrainment_model.py
[2025-03-14T14:58:41.070+0000] {logging_mixin.py:151} INFO - [2025-03-14T14:58:41.068+0000] {dag.py:2915} INFO - Sync 1 DAGs
[2025-03-14T14:58:41.107+0000] {logging_mixin.py:151} INFO - [2025-03-14T14:58:41.107+0000] {dag.py:3696} INFO - Setting next_dagrun for yfinance_lstm_training_dag to 2025-03-23T00:00:00+00:00, run_after=2025-03-30T00:00:00+00:00
[2025-03-14T14:58:41.138+0000] {processor.py:179} INFO - Processing /opt/airflow/dags/re_entrainment_model.py took 4.185 seconds
[2025-03-14T14:59:12.093+0000] {processor.py:157} INFO - Started process (PID=2319) to work on /opt/airflow/dags/re_entrainment_model.py
[2025-03-14T14:59:12.096+0000] {processor.py:829} INFO - Processing file /opt/airflow/dags/re_entrainment_model.py for tasks to queue
[2025-03-14T14:59:12.098+0000] {logging_mixin.py:151} INFO - [2025-03-14T14:59:12.097+0000] {dagbag.py:539} INFO - Filling up the DagBag from /opt/airflow/dags/re_entrainment_model.py
[2025-03-14T14:59:16.242+0000] {processor.py:839} INFO - DAG(s) dict_keys(['yfinance_lstm_training_dag']) retrieved from /opt/airflow/dags/re_entrainment_model.py
[2025-03-14T14:59:16.271+0000] {logging_mixin.py:151} INFO - [2025-03-14T14:59:16.270+0000] {dag.py:2915} INFO - Sync 1 DAGs
[2025-03-14T14:59:16.297+0000] {logging_mixin.py:151} INFO - [2025-03-14T14:59:16.297+0000] {dag.py:3696} INFO - Setting next_dagrun for yfinance_lstm_training_dag to 2025-03-23T00:00:00+00:00, run_after=2025-03-30T00:00:00+00:00
[2025-03-14T14:59:16.323+0000] {processor.py:179} INFO - Processing /opt/airflow/dags/re_entrainment_model.py took 4.236 seconds
[2025-03-14T14:59:47.296+0000] {processor.py:157} INFO - Started process (PID=2344) to work on /opt/airflow/dags/re_entrainment_model.py
[2025-03-14T14:59:47.297+0000] {processor.py:829} INFO - Processing file /opt/airflow/dags/re_entrainment_model.py for tasks to queue
[2025-03-14T14:59:47.299+0000] {logging_mixin.py:151} INFO - [2025-03-14T14:59:47.298+0000] {dagbag.py:539} INFO - Filling up the DagBag from /opt/airflow/dags/re_entrainment_model.py
[2025-03-14T14:59:49.175+0000] {processor.py:839} INFO - DAG(s) dict_keys(['yfinance_lstm_training_dag']) retrieved from /opt/airflow/dags/re_entrainment_model.py
[2025-03-14T14:59:49.201+0000] {logging_mixin.py:151} INFO - [2025-03-14T14:59:49.199+0000] {dag.py:2915} INFO - Sync 1 DAGs
[2025-03-14T14:59:49.226+0000] {logging_mixin.py:151} INFO - [2025-03-14T14:59:49.226+0000] {dag.py:3696} INFO - Setting next_dagrun for yfinance_lstm_training_dag to 2025-03-23T00:00:00+00:00, run_after=2025-03-30T00:00:00+00:00
[2025-03-14T14:59:49.253+0000] {processor.py:179} INFO - Processing /opt/airflow/dags/re_entrainment_model.py took 4.487 seconds
[2025-03-14T15:00:19.392+0000] {processor.py:157} INFO - Started process (PID=2369) to work on /opt/airflow/dags/re_entrainment_model.py
[2025-03-14T15:00:19.394+0000] {processor.py:829} INFO - Processing file /opt/airflow/dags/re_entrainment_model.py for tasks to queue
[2025-03-14T15:00:19.395+0000] {logging_mixin.py:151} INFO - [2025-03-14T15:00:19.395+0000] {dagbag.py:539} INFO - Filling up the DagBag from /opt/airflow/dags/re_entrainment_model.py
[2025-03-14T15:00:23.495+0000] {processor.py:839} INFO - DAG(s) dict_keys(['yfinance_lstm_training_dag']) retrieved from /opt/airflow/dags/re_entrainment_model.py
[2025-03-14T15:00:23.524+0000] {logging_mixin.py:151} INFO - [2025-03-14T15:00:23.523+0000] {dag.py:2915} INFO - Sync 1 DAGs
[2025-03-14T15:00:23.550+0000] {logging_mixin.py:151} INFO - [2025-03-14T15:00:23.550+0000] {dag.py:3696} INFO - Setting next_dagrun for yfinance_lstm_training_dag to 2025-03-23T00:00:00+00:00, run_after=2025-03-30T00:00:00+00:00
[2025-03-14T15:00:23.580+0000] {processor.py:179} INFO - Processing /opt/airflow/dags/re_entrainment_model.py took 4.192 seconds
[2025-03-14T15:00:54.353+0000] {processor.py:157} INFO - Started process (PID=2400) to work on /opt/airflow/dags/re_entrainment_model.py
[2025-03-14T15:00:54.355+0000] {processor.py:829} INFO - Processing file /opt/airflow/dags/re_entrainment_model.py for tasks to queue
[2025-03-14T15:00:54.357+0000] {logging_mixin.py:151} INFO - [2025-03-14T15:00:54.356+0000] {dagbag.py:539} INFO - Filling up the DagBag from /opt/airflow/dags/re_entrainment_model.py
[2025-03-14T15:00:58.503+0000] {processor.py:839} INFO - DAG(s) dict_keys(['yfinance_lstm_training_dag']) retrieved from /opt/airflow/dags/re_entrainment_model.py
[2025-03-14T15:00:58.530+0000] {logging_mixin.py:151} INFO - [2025-03-14T15:00:58.529+0000] {dag.py:2915} INFO - Sync 1 DAGs
[2025-03-14T15:00:58.557+0000] {logging_mixin.py:151} INFO - [2025-03-14T15:00:58.557+0000] {dag.py:3696} INFO - Setting next_dagrun for yfinance_lstm_training_dag to 2025-03-23T00:00:00+00:00, run_after=2025-03-30T00:00:00+00:00
[2025-03-14T15:00:58.585+0000] {processor.py:179} INFO - Processing /opt/airflow/dags/re_entrainment_model.py took 4.239 seconds
[2025-03-14T15:01:28.700+0000] {processor.py:157} INFO - Started process (PID=2425) to work on /opt/airflow/dags/re_entrainment_model.py
[2025-03-14T15:01:28.702+0000] {processor.py:829} INFO - Processing file /opt/airflow/dags/re_entrainment_model.py for tasks to queue
[2025-03-14T15:01:28.703+0000] {logging_mixin.py:151} INFO - [2025-03-14T15:01:28.703+0000] {dagbag.py:539} INFO - Filling up the DagBag from /opt/airflow/dags/re_entrainment_model.py
[2025-03-14T15:01:32.790+0000] {processor.py:839} INFO - DAG(s) dict_keys(['yfinance_lstm_training_dag']) retrieved from /opt/airflow/dags/re_entrainment_model.py
[2025-03-14T15:01:32.819+0000] {logging_mixin.py:151} INFO - [2025-03-14T15:01:32.818+0000] {dag.py:2915} INFO - Sync 1 DAGs
[2025-03-14T15:01:32.847+0000] {logging_mixin.py:151} INFO - [2025-03-14T15:01:32.847+0000] {dag.py:3696} INFO - Setting next_dagrun for yfinance_lstm_training_dag to 2025-03-23T00:00:00+00:00, run_after=2025-03-30T00:00:00+00:00
[2025-03-14T15:01:32.876+0000] {processor.py:179} INFO - Processing /opt/airflow/dags/re_entrainment_model.py took 4.180 seconds
[2025-03-14T15:02:03.646+0000] {processor.py:157} INFO - Started process (PID=2450) to work on /opt/airflow/dags/re_entrainment_model.py
[2025-03-14T15:02:03.648+0000] {processor.py:829} INFO - Processing file /opt/airflow/dags/re_entrainment_model.py for tasks to queue
[2025-03-14T15:02:03.649+0000] {logging_mixin.py:151} INFO - [2025-03-14T15:02:03.649+0000] {dagbag.py:539} INFO - Filling up the DagBag from /opt/airflow/dags/re_entrainment_model.py
[2025-03-14T15:02:05.123+0000] {processor.py:839} INFO - DAG(s) dict_keys(['yfinance_lstm_training_dag']) retrieved from /opt/airflow/dags/re_entrainment_model.py
[2025-03-14T15:02:05.154+0000] {logging_mixin.py:151} INFO - [2025-03-14T15:02:05.153+0000] {dag.py:2915} INFO - Sync 1 DAGs
[2025-03-14T15:02:05.179+0000] {logging_mixin.py:151} INFO - [2025-03-14T15:02:05.179+0000] {dag.py:3696} INFO - Setting next_dagrun for yfinance_lstm_training_dag to 2025-03-23T00:00:00+00:00, run_after=2025-03-30T00:00:00+00:00
[2025-03-14T15:02:05.207+0000] {processor.py:179} INFO - Processing /opt/airflow/dags/re_entrainment_model.py took 4.089 seconds
[2025-03-14T15:02:35.959+0000] {processor.py:157} INFO - Started process (PID=2475) to work on /opt/airflow/dags/re_entrainment_model.py
[2025-03-14T15:02:35.961+0000] {processor.py:829} INFO - Processing file /opt/airflow/dags/re_entrainment_model.py for tasks to queue
[2025-03-14T15:02:35.962+0000] {logging_mixin.py:151} INFO - [2025-03-14T15:02:35.961+0000] {dagbag.py:539} INFO - Filling up the DagBag from /opt/airflow/dags/re_entrainment_model.py
[2025-03-14T15:02:40.256+0000] {processor.py:839} INFO - DAG(s) dict_keys(['yfinance_lstm_training_dag']) retrieved from /opt/airflow/dags/re_entrainment_model.py
[2025-03-14T15:02:40.287+0000] {logging_mixin.py:151} INFO - [2025-03-14T15:02:40.286+0000] {dag.py:2915} INFO - Sync 1 DAGs
[2025-03-14T15:02:40.314+0000] {logging_mixin.py:151} INFO - [2025-03-14T15:02:40.313+0000] {dag.py:3696} INFO - Setting next_dagrun for yfinance_lstm_training_dag to 2025-03-23T00:00:00+00:00, run_after=2025-03-30T00:00:00+00:00
[2025-03-14T15:02:40.343+0000] {processor.py:179} INFO - Processing /opt/airflow/dags/re_entrainment_model.py took 4.387 seconds
[2025-03-14T15:03:11.051+0000] {processor.py:157} INFO - Started process (PID=2500) to work on /opt/airflow/dags/re_entrainment_model.py
[2025-03-14T15:03:11.053+0000] {processor.py:829} INFO - Processing file /opt/airflow/dags/re_entrainment_model.py for tasks to queue
[2025-03-14T15:03:11.056+0000] {logging_mixin.py:151} INFO - [2025-03-14T15:03:11.055+0000] {dagbag.py:539} INFO - Filling up the DagBag from /opt/airflow/dags/re_entrainment_model.py
[2025-03-14T15:03:15.695+0000] {processor.py:839} INFO - DAG(s) dict_keys(['yfinance_lstm_training_dag']) retrieved from /opt/airflow/dags/re_entrainment_model.py
[2025-03-14T15:03:15.733+0000] {logging_mixin.py:151} INFO - [2025-03-14T15:03:15.731+0000] {dag.py:2915} INFO - Sync 1 DAGs
[2025-03-14T15:03:15.785+0000] {logging_mixin.py:151} INFO - [2025-03-14T15:03:15.785+0000] {dag.py:3696} INFO - Setting next_dagrun for yfinance_lstm_training_dag to 2025-03-23T00:00:00+00:00, run_after=2025-03-30T00:00:00+00:00
[2025-03-14T15:03:15.821+0000] {processor.py:179} INFO - Processing /opt/airflow/dags/re_entrainment_model.py took 4.776 seconds
[2025-03-14T15:03:46.054+0000] {processor.py:157} INFO - Started process (PID=2525) to work on /opt/airflow/dags/re_entrainment_model.py
[2025-03-14T15:03:46.056+0000] {processor.py:829} INFO - Processing file /opt/airflow/dags/re_entrainment_model.py for tasks to queue
[2025-03-14T15:03:46.057+0000] {logging_mixin.py:151} INFO - [2025-03-14T15:03:46.057+0000] {dagbag.py:539} INFO - Filling up the DagBag from /opt/airflow/dags/re_entrainment_model.py
[2025-03-14T15:03:50.217+0000] {processor.py:839} INFO - DAG(s) dict_keys(['yfinance_lstm_training_dag']) retrieved from /opt/airflow/dags/re_entrainment_model.py
[2025-03-14T15:03:50.253+0000] {logging_mixin.py:151} INFO - [2025-03-14T15:03:50.252+0000] {dag.py:2915} INFO - Sync 1 DAGs
[2025-03-14T15:03:50.280+0000] {logging_mixin.py:151} INFO - [2025-03-14T15:03:50.280+0000] {dag.py:3696} INFO - Setting next_dagrun for yfinance_lstm_training_dag to 2025-03-23T00:00:00+00:00, run_after=2025-03-30T00:00:00+00:00
[2025-03-14T15:03:50.311+0000] {processor.py:179} INFO - Processing /opt/airflow/dags/re_entrainment_model.py took 4.262 seconds
[2025-03-14T15:04:20.823+0000] {processor.py:157} INFO - Started process (PID=2554) to work on /opt/airflow/dags/re_entrainment_model.py
[2025-03-14T15:04:20.824+0000] {processor.py:829} INFO - Processing file /opt/airflow/dags/re_entrainment_model.py for tasks to queue
[2025-03-14T15:04:20.826+0000] {logging_mixin.py:151} INFO - [2025-03-14T15:04:20.825+0000] {dagbag.py:539} INFO - Filling up the DagBag from /opt/airflow/dags/re_entrainment_model.py
[2025-03-14T15:04:22.784+0000] {processor.py:839} INFO - DAG(s) dict_keys(['yfinance_lstm_training_dag']) retrieved from /opt/airflow/dags/re_entrainment_model.py
[2025-03-14T15:04:22.815+0000] {logging_mixin.py:151} INFO - [2025-03-14T15:04:22.814+0000] {dag.py:2915} INFO - Sync 1 DAGs
[2025-03-14T15:04:22.844+0000] {logging_mixin.py:151} INFO - [2025-03-14T15:04:22.844+0000] {dag.py:3696} INFO - Setting next_dagrun for yfinance_lstm_training_dag to 2025-03-23T00:00:00+00:00, run_after=2025-03-30T00:00:00+00:00
[2025-03-14T15:04:22.872+0000] {processor.py:179} INFO - Processing /opt/airflow/dags/re_entrainment_model.py took 4.578 seconds
[2025-03-14T15:04:53.412+0000] {processor.py:157} INFO - Started process (PID=2581) to work on /opt/airflow/dags/re_entrainment_model.py
[2025-03-14T15:04:53.413+0000] {processor.py:829} INFO - Processing file /opt/airflow/dags/re_entrainment_model.py for tasks to queue
[2025-03-14T15:04:53.415+0000] {logging_mixin.py:151} INFO - [2025-03-14T15:04:53.414+0000] {dagbag.py:539} INFO - Filling up the DagBag from /opt/airflow/dags/re_entrainment_model.py
[2025-03-14T15:04:57.389+0000] {processor.py:839} INFO - DAG(s) dict_keys(['yfinance_lstm_training_dag']) retrieved from /opt/airflow/dags/re_entrainment_model.py
[2025-03-14T15:04:57.421+0000] {logging_mixin.py:151} INFO - [2025-03-14T15:04:57.420+0000] {dag.py:2915} INFO - Sync 1 DAGs
[2025-03-14T15:04:57.459+0000] {logging_mixin.py:151} INFO - [2025-03-14T15:04:57.458+0000] {dag.py:3696} INFO - Setting next_dagrun for yfinance_lstm_training_dag to 2025-03-23T00:00:00+00:00, run_after=2025-03-30T00:00:00+00:00
[2025-03-14T15:04:57.499+0000] {processor.py:179} INFO - Processing /opt/airflow/dags/re_entrainment_model.py took 4.091 seconds
[2025-03-14T15:05:28.297+0000] {processor.py:157} INFO - Started process (PID=2606) to work on /opt/airflow/dags/re_entrainment_model.py
[2025-03-14T15:05:28.299+0000] {processor.py:829} INFO - Processing file /opt/airflow/dags/re_entrainment_model.py for tasks to queue
[2025-03-14T15:05:28.301+0000] {logging_mixin.py:151} INFO - [2025-03-14T15:05:28.300+0000] {dagbag.py:539} INFO - Filling up the DagBag from /opt/airflow/dags/re_entrainment_model.py
[2025-03-14T15:05:32.502+0000] {processor.py:839} INFO - DAG(s) dict_keys(['yfinance_lstm_training_dag']) retrieved from /opt/airflow/dags/re_entrainment_model.py
[2025-03-14T15:05:32.531+0000] {logging_mixin.py:151} INFO - [2025-03-14T15:05:32.530+0000] {dag.py:2915} INFO - Sync 1 DAGs
[2025-03-14T15:05:32.558+0000] {logging_mixin.py:151} INFO - [2025-03-14T15:05:32.557+0000] {dag.py:3696} INFO - Setting next_dagrun for yfinance_lstm_training_dag to 2025-03-23T00:00:00+00:00, run_after=2025-03-30T00:00:00+00:00
[2025-03-14T15:05:32.584+0000] {processor.py:179} INFO - Processing /opt/airflow/dags/re_entrainment_model.py took 4.291 seconds
[2025-03-14T15:06:02.686+0000] {processor.py:157} INFO - Started process (PID=2631) to work on /opt/airflow/dags/re_entrainment_model.py
[2025-03-14T15:06:02.688+0000] {processor.py:829} INFO - Processing file /opt/airflow/dags/re_entrainment_model.py for tasks to queue
[2025-03-14T15:06:02.689+0000] {logging_mixin.py:151} INFO - [2025-03-14T15:06:02.689+0000] {dagbag.py:539} INFO - Filling up the DagBag from /opt/airflow/dags/re_entrainment_model.py
[2025-03-14T15:06:06.725+0000] {processor.py:839} INFO - DAG(s) dict_keys(['yfinance_lstm_training_dag']) retrieved from /opt/airflow/dags/re_entrainment_model.py
[2025-03-14T15:06:06.751+0000] {logging_mixin.py:151} INFO - [2025-03-14T15:06:06.750+0000] {dag.py:2915} INFO - Sync 1 DAGs
[2025-03-14T15:06:06.779+0000] {logging_mixin.py:151} INFO - [2025-03-14T15:06:06.778+0000] {dag.py:3696} INFO - Setting next_dagrun for yfinance_lstm_training_dag to 2025-03-23T00:00:00+00:00, run_after=2025-03-30T00:00:00+00:00
[2025-03-14T15:06:06.808+0000] {processor.py:179} INFO - Processing /opt/airflow/dags/re_entrainment_model.py took 4.126 seconds
[2025-03-14T15:06:37.681+0000] {processor.py:157} INFO - Started process (PID=2662) to work on /opt/airflow/dags/re_entrainment_model.py
[2025-03-14T15:06:37.683+0000] {processor.py:829} INFO - Processing file /opt/airflow/dags/re_entrainment_model.py for tasks to queue
[2025-03-14T15:06:37.685+0000] {logging_mixin.py:151} INFO - [2025-03-14T15:06:37.684+0000] {dagbag.py:539} INFO - Filling up the DagBag from /opt/airflow/dags/re_entrainment_model.py
[2025-03-14T15:06:42.001+0000] {processor.py:839} INFO - DAG(s) dict_keys(['yfinance_lstm_training_dag']) retrieved from /opt/airflow/dags/re_entrainment_model.py
[2025-03-14T15:06:42.036+0000] {logging_mixin.py:151} INFO - [2025-03-14T15:06:42.035+0000] {dag.py:2915} INFO - Sync 1 DAGs
[2025-03-14T15:06:42.071+0000] {logging_mixin.py:151} INFO - [2025-03-14T15:06:42.070+0000] {dag.py:3696} INFO - Setting next_dagrun for yfinance_lstm_training_dag to 2025-03-23T00:00:00+00:00, run_after=2025-03-30T00:00:00+00:00
[2025-03-14T15:06:42.110+0000] {processor.py:179} INFO - Processing /opt/airflow/dags/re_entrainment_model.py took 4.433 seconds
[2025-03-14T15:07:12.330+0000] {processor.py:157} INFO - Started process (PID=2687) to work on /opt/airflow/dags/re_entrainment_model.py
[2025-03-14T15:07:12.331+0000] {processor.py:829} INFO - Processing file /opt/airflow/dags/re_entrainment_model.py for tasks to queue
[2025-03-14T15:07:12.332+0000] {logging_mixin.py:151} INFO - [2025-03-14T15:07:12.332+0000] {dagbag.py:539} INFO - Filling up the DagBag from /opt/airflow/dags/re_entrainment_model.py
[2025-03-14T15:07:16.392+0000] {processor.py:839} INFO - DAG(s) dict_keys(['yfinance_lstm_training_dag']) retrieved from /opt/airflow/dags/re_entrainment_model.py
[2025-03-14T15:07:16.428+0000] {logging_mixin.py:151} INFO - [2025-03-14T15:07:16.427+0000] {dag.py:2915} INFO - Sync 1 DAGs
[2025-03-14T15:07:16.463+0000] {logging_mixin.py:151} INFO - [2025-03-14T15:07:16.463+0000] {dag.py:3696} INFO - Setting next_dagrun for yfinance_lstm_training_dag to 2025-03-23T00:00:00+00:00, run_after=2025-03-30T00:00:00+00:00
[2025-03-14T15:07:16.494+0000] {processor.py:179} INFO - Processing /opt/airflow/dags/re_entrainment_model.py took 4.168 seconds
[2025-03-14T15:07:47.288+0000] {processor.py:157} INFO - Started process (PID=2712) to work on /opt/airflow/dags/re_entrainment_model.py
[2025-03-14T15:07:47.290+0000] {processor.py:829} INFO - Processing file /opt/airflow/dags/re_entrainment_model.py for tasks to queue
[2025-03-14T15:07:47.291+0000] {logging_mixin.py:151} INFO - [2025-03-14T15:07:47.291+0000] {dagbag.py:539} INFO - Filling up the DagBag from /opt/airflow/dags/re_entrainment_model.py
[2025-03-14T15:07:51.180+0000] {processor.py:839} INFO - DAG(s) dict_keys(['yfinance_lstm_training_dag']) retrieved from /opt/airflow/dags/re_entrainment_model.py
[2025-03-14T15:07:51.205+0000] {logging_mixin.py:151} INFO - [2025-03-14T15:07:51.205+0000] {dag.py:2915} INFO - Sync 1 DAGs
[2025-03-14T15:07:51.230+0000] {logging_mixin.py:151} INFO - [2025-03-14T15:07:51.230+0000] {dag.py:3696} INFO - Setting next_dagrun for yfinance_lstm_training_dag to 2025-03-23T00:00:00+00:00, run_after=2025-03-30T00:00:00+00:00
[2025-03-14T15:07:51.258+0000] {processor.py:179} INFO - Processing /opt/airflow/dags/re_entrainment_model.py took 3.974 seconds
[2025-03-14T15:08:21.383+0000] {processor.py:157} INFO - Started process (PID=2737) to work on /opt/airflow/dags/re_entrainment_model.py
[2025-03-14T15:08:21.384+0000] {processor.py:829} INFO - Processing file /opt/airflow/dags/re_entrainment_model.py for tasks to queue
[2025-03-14T15:08:21.385+0000] {logging_mixin.py:151} INFO - [2025-03-14T15:08:21.385+0000] {dagbag.py:539} INFO - Filling up the DagBag from /opt/airflow/dags/re_entrainment_model.py
[2025-03-14T15:08:25.378+0000] {processor.py:839} INFO - DAG(s) dict_keys(['yfinance_lstm_training_dag']) retrieved from /opt/airflow/dags/re_entrainment_model.py
[2025-03-14T15:08:25.411+0000] {logging_mixin.py:151} INFO - [2025-03-14T15:08:25.410+0000] {dag.py:2915} INFO - Sync 1 DAGs
[2025-03-14T15:08:25.439+0000] {logging_mixin.py:151} INFO - [2025-03-14T15:08:25.438+0000] {dag.py:3696} INFO - Setting next_dagrun for yfinance_lstm_training_dag to 2025-03-23T00:00:00+00:00, run_after=2025-03-30T00:00:00+00:00
[2025-03-14T15:08:25.468+0000] {processor.py:179} INFO - Processing /opt/airflow/dags/re_entrainment_model.py took 4.089 seconds
[2025-03-14T15:08:56.196+0000] {processor.py:157} INFO - Started process (PID=2762) to work on /opt/airflow/dags/re_entrainment_model.py
[2025-03-14T15:08:56.198+0000] {processor.py:829} INFO - Processing file /opt/airflow/dags/re_entrainment_model.py for tasks to queue
[2025-03-14T15:08:56.201+0000] {logging_mixin.py:151} INFO - [2025-03-14T15:08:56.200+0000] {dagbag.py:539} INFO - Filling up the DagBag from /opt/airflow/dags/re_entrainment_model.py
[2025-03-14T15:08:58.000+0000] {processor.py:839} INFO - DAG(s) dict_keys(['yfinance_lstm_training_dag']) retrieved from /opt/airflow/dags/re_entrainment_model.py
[2025-03-14T15:08:58.028+0000] {logging_mixin.py:151} INFO - [2025-03-14T15:08:58.027+0000] {dag.py:2915} INFO - Sync 1 DAGs
[2025-03-14T15:08:58.055+0000] {logging_mixin.py:151} INFO - [2025-03-14T15:08:58.054+0000] {dag.py:3696} INFO - Setting next_dagrun for yfinance_lstm_training_dag to 2025-03-23T00:00:00+00:00, run_after=2025-03-30T00:00:00+00:00
[2025-03-14T15:08:58.079+0000] {processor.py:179} INFO - Processing /opt/airflow/dags/re_entrainment_model.py took 4.415 seconds
[2025-03-14T15:09:28.909+0000] {processor.py:157} INFO - Started process (PID=2787) to work on /opt/airflow/dags/re_entrainment_model.py
[2025-03-14T15:09:28.911+0000] {processor.py:829} INFO - Processing file /opt/airflow/dags/re_entrainment_model.py for tasks to queue
[2025-03-14T15:09:28.912+0000] {logging_mixin.py:151} INFO - [2025-03-14T15:09:28.912+0000] {dagbag.py:539} INFO - Filling up the DagBag from /opt/airflow/dags/re_entrainment_model.py
[2025-03-14T15:09:33.121+0000] {processor.py:839} INFO - DAG(s) dict_keys(['yfinance_lstm_training_dag']) retrieved from /opt/airflow/dags/re_entrainment_model.py
[2025-03-14T15:09:33.155+0000] {logging_mixin.py:151} INFO - [2025-03-14T15:09:33.154+0000] {dag.py:2915} INFO - Sync 1 DAGs
[2025-03-14T15:09:33.186+0000] {logging_mixin.py:151} INFO - [2025-03-14T15:09:33.186+0000] {dag.py:3696} INFO - Setting next_dagrun for yfinance_lstm_training_dag to 2025-03-23T00:00:00+00:00, run_after=2025-03-30T00:00:00+00:00
[2025-03-14T15:09:33.216+0000] {processor.py:179} INFO - Processing /opt/airflow/dags/re_entrainment_model.py took 4.311 seconds
[2025-03-14T15:10:03.944+0000] {processor.py:157} INFO - Started process (PID=2812) to work on /opt/airflow/dags/re_entrainment_model.py
[2025-03-14T15:10:03.945+0000] {processor.py:829} INFO - Processing file /opt/airflow/dags/re_entrainment_model.py for tasks to queue
[2025-03-14T15:10:03.946+0000] {logging_mixin.py:151} INFO - [2025-03-14T15:10:03.946+0000] {dagbag.py:539} INFO - Filling up the DagBag from /opt/airflow/dags/re_entrainment_model.py
[2025-03-14T15:10:07.401+0000] {processor.py:839} INFO - DAG(s) dict_keys(['yfinance_lstm_training_dag']) retrieved from /opt/airflow/dags/re_entrainment_model.py
[2025-03-14T15:10:07.424+0000] {logging_mixin.py:151} INFO - [2025-03-14T15:10:07.423+0000] {dag.py:2915} INFO - Sync 1 DAGs
[2025-03-14T15:10:07.445+0000] {logging_mixin.py:151} INFO - [2025-03-14T15:10:07.444+0000] {dag.py:3696} INFO - Setting next_dagrun for yfinance_lstm_training_dag to 2025-03-23T00:00:00+00:00, run_after=2025-03-30T00:00:00+00:00
[2025-03-14T15:10:07.470+0000] {processor.py:179} INFO - Processing /opt/airflow/dags/re_entrainment_model.py took 3.530 seconds
[2025-03-14T15:10:37.559+0000] {processor.py:157} INFO - Started process (PID=2837) to work on /opt/airflow/dags/re_entrainment_model.py
[2025-03-14T15:10:37.560+0000] {processor.py:829} INFO - Processing file /opt/airflow/dags/re_entrainment_model.py for tasks to queue
[2025-03-14T15:10:37.561+0000] {logging_mixin.py:151} INFO - [2025-03-14T15:10:37.561+0000] {dagbag.py:539} INFO - Filling up the DagBag from /opt/airflow/dags/re_entrainment_model.py
[2025-03-14T15:10:41.708+0000] {processor.py:839} INFO - DAG(s) dict_keys(['yfinance_lstm_training_dag']) retrieved from /opt/airflow/dags/re_entrainment_model.py
[2025-03-14T15:10:41.750+0000] {logging_mixin.py:151} INFO - [2025-03-14T15:10:41.749+0000] {dag.py:2915} INFO - Sync 1 DAGs
[2025-03-14T15:10:41.775+0000] {logging_mixin.py:151} INFO - [2025-03-14T15:10:41.775+0000] {dag.py:3696} INFO - Setting next_dagrun for yfinance_lstm_training_dag to 2025-03-23T00:00:00+00:00, run_after=2025-03-30T00:00:00+00:00
[2025-03-14T15:10:41.809+0000] {processor.py:179} INFO - Processing /opt/airflow/dags/re_entrainment_model.py took 4.253 seconds
[2025-03-14T15:11:12.458+0000] {processor.py:157} INFO - Started process (PID=2874) to work on /opt/airflow/dags/re_entrainment_model.py
[2025-03-14T15:11:12.459+0000] {processor.py:829} INFO - Processing file /opt/airflow/dags/re_entrainment_model.py for tasks to queue
[2025-03-14T15:11:12.460+0000] {logging_mixin.py:151} INFO - [2025-03-14T15:11:12.460+0000] {dagbag.py:539} INFO - Filling up the DagBag from /opt/airflow/dags/re_entrainment_model.py
[2025-03-14T15:11:15.702+0000] {processor.py:839} INFO - DAG(s) dict_keys(['yfinance_lstm_training_dag']) retrieved from /opt/airflow/dags/re_entrainment_model.py
[2025-03-14T15:11:15.728+0000] {logging_mixin.py:151} INFO - [2025-03-14T15:11:15.727+0000] {dag.py:2915} INFO - Sync 1 DAGs
[2025-03-14T15:11:15.749+0000] {logging_mixin.py:151} INFO - [2025-03-14T15:11:15.749+0000] {dag.py:3696} INFO - Setting next_dagrun for yfinance_lstm_training_dag to 2025-03-23T00:00:00+00:00, run_after=2025-03-30T00:00:00+00:00
[2025-03-14T15:11:15.775+0000] {processor.py:179} INFO - Processing /opt/airflow/dags/re_entrainment_model.py took 3.321 seconds
[2025-03-14T15:11:46.330+0000] {processor.py:157} INFO - Started process (PID=2899) to work on /opt/airflow/dags/re_entrainment_model.py
[2025-03-14T15:11:46.331+0000] {processor.py:829} INFO - Processing file /opt/airflow/dags/re_entrainment_model.py for tasks to queue
[2025-03-14T15:11:46.332+0000] {logging_mixin.py:151} INFO - [2025-03-14T15:11:46.332+0000] {dagbag.py:539} INFO - Filling up the DagBag from /opt/airflow/dags/re_entrainment_model.py
[2025-03-14T15:11:49.522+0000] {processor.py:839} INFO - DAG(s) dict_keys(['yfinance_lstm_training_dag']) retrieved from /opt/airflow/dags/re_entrainment_model.py
[2025-03-14T15:11:49.545+0000] {logging_mixin.py:151} INFO - [2025-03-14T15:11:49.544+0000] {dag.py:2915} INFO - Sync 1 DAGs
[2025-03-14T15:11:49.566+0000] {logging_mixin.py:151} INFO - [2025-03-14T15:11:49.565+0000] {dag.py:3696} INFO - Setting next_dagrun for yfinance_lstm_training_dag to 2025-03-23T00:00:00+00:00, run_after=2025-03-30T00:00:00+00:00
[2025-03-14T15:11:49.592+0000] {processor.py:179} INFO - Processing /opt/airflow/dags/re_entrainment_model.py took 3.265 seconds
[2025-03-14T15:12:20.109+0000] {processor.py:157} INFO - Started process (PID=2924) to work on /opt/airflow/dags/re_entrainment_model.py
[2025-03-14T15:12:20.110+0000] {processor.py:829} INFO - Processing file /opt/airflow/dags/re_entrainment_model.py for tasks to queue
[2025-03-14T15:12:20.111+0000] {logging_mixin.py:151} INFO - [2025-03-14T15:12:20.110+0000] {dagbag.py:539} INFO - Filling up the DagBag from /opt/airflow/dags/re_entrainment_model.py
[2025-03-14T15:12:23.305+0000] {processor.py:839} INFO - DAG(s) dict_keys(['yfinance_lstm_training_dag']) retrieved from /opt/airflow/dags/re_entrainment_model.py
[2025-03-14T15:12:23.328+0000] {logging_mixin.py:151} INFO - [2025-03-14T15:12:23.328+0000] {dag.py:2915} INFO - Sync 1 DAGs
[2025-03-14T15:12:23.351+0000] {logging_mixin.py:151} INFO - [2025-03-14T15:12:23.350+0000] {dag.py:3696} INFO - Setting next_dagrun for yfinance_lstm_training_dag to 2025-03-23T00:00:00+00:00, run_after=2025-03-30T00:00:00+00:00
[2025-03-14T15:12:23.374+0000] {processor.py:179} INFO - Processing /opt/airflow/dags/re_entrainment_model.py took 3.269 seconds
[2025-03-14T15:12:53.753+0000] {processor.py:157} INFO - Started process (PID=2949) to work on /opt/airflow/dags/re_entrainment_model.py
[2025-03-14T15:12:53.755+0000] {processor.py:829} INFO - Processing file /opt/airflow/dags/re_entrainment_model.py for tasks to queue
[2025-03-14T15:12:53.756+0000] {logging_mixin.py:151} INFO - [2025-03-14T15:12:53.756+0000] {dagbag.py:539} INFO - Filling up the DagBag from /opt/airflow/dags/re_entrainment_model.py
[2025-03-14T15:12:57.152+0000] {processor.py:839} INFO - DAG(s) dict_keys(['yfinance_lstm_training_dag']) retrieved from /opt/airflow/dags/re_entrainment_model.py
[2025-03-14T15:12:57.175+0000] {logging_mixin.py:151} INFO - [2025-03-14T15:12:57.174+0000] {dag.py:2915} INFO - Sync 1 DAGs
[2025-03-14T15:12:57.195+0000] {logging_mixin.py:151} INFO - [2025-03-14T15:12:57.195+0000] {dag.py:3696} INFO - Setting next_dagrun for yfinance_lstm_training_dag to 2025-03-23T00:00:00+00:00, run_after=2025-03-30T00:00:00+00:00
[2025-03-14T15:12:57.222+0000] {processor.py:179} INFO - Processing /opt/airflow/dags/re_entrainment_model.py took 3.472 seconds
[2025-03-14T15:13:27.782+0000] {processor.py:157} INFO - Started process (PID=2974) to work on /opt/airflow/dags/re_entrainment_model.py
[2025-03-14T15:13:27.783+0000] {processor.py:829} INFO - Processing file /opt/airflow/dags/re_entrainment_model.py for tasks to queue
[2025-03-14T15:13:27.783+0000] {logging_mixin.py:151} INFO - [2025-03-14T15:13:27.783+0000] {dagbag.py:539} INFO - Filling up the DagBag from /opt/airflow/dags/re_entrainment_model.py
[2025-03-14T15:13:30.860+0000] {processor.py:839} INFO - DAG(s) dict_keys(['yfinance_lstm_training_dag']) retrieved from /opt/airflow/dags/re_entrainment_model.py
[2025-03-14T15:13:30.884+0000] {logging_mixin.py:151} INFO - [2025-03-14T15:13:30.883+0000] {dag.py:2915} INFO - Sync 1 DAGs
[2025-03-14T15:13:30.906+0000] {logging_mixin.py:151} INFO - [2025-03-14T15:13:30.906+0000] {dag.py:3696} INFO - Setting next_dagrun for yfinance_lstm_training_dag to 2025-03-23T00:00:00+00:00, run_after=2025-03-30T00:00:00+00:00
[2025-03-14T15:13:30.934+0000] {processor.py:179} INFO - Processing /opt/airflow/dags/re_entrainment_model.py took 3.155 seconds
[2025-03-14T15:14:01.462+0000] {processor.py:157} INFO - Started process (PID=2999) to work on /opt/airflow/dags/re_entrainment_model.py
[2025-03-14T15:14:01.463+0000] {processor.py:829} INFO - Processing file /opt/airflow/dags/re_entrainment_model.py for tasks to queue
[2025-03-14T15:14:01.464+0000] {logging_mixin.py:151} INFO - [2025-03-14T15:14:01.464+0000] {dagbag.py:539} INFO - Filling up the DagBag from /opt/airflow/dags/re_entrainment_model.py
[2025-03-14T15:14:02.094+0000] {processor.py:839} INFO - DAG(s) dict_keys(['yfinance_lstm_training_dag']) retrieved from /opt/airflow/dags/re_entrainment_model.py
[2025-03-14T15:14:02.116+0000] {logging_mixin.py:151} INFO - [2025-03-14T15:14:02.116+0000] {dag.py:2915} INFO - Sync 1 DAGs
[2025-03-14T15:14:02.137+0000] {logging_mixin.py:151} INFO - [2025-03-14T15:14:02.137+0000] {dag.py:3696} INFO - Setting next_dagrun for yfinance_lstm_training_dag to 2025-03-23T00:00:00+00:00, run_after=2025-03-30T00:00:00+00:00
[2025-03-14T15:14:02.164+0000] {processor.py:179} INFO - Processing /opt/airflow/dags/re_entrainment_model.py took 3.253 seconds
[2025-03-14T15:14:32.581+0000] {processor.py:157} INFO - Started process (PID=3024) to work on /opt/airflow/dags/re_entrainment_model.py
[2025-03-14T15:14:32.582+0000] {processor.py:829} INFO - Processing file /opt/airflow/dags/re_entrainment_model.py for tasks to queue
[2025-03-14T15:14:32.583+0000] {logging_mixin.py:151} INFO - [2025-03-14T15:14:32.583+0000] {dagbag.py:539} INFO - Filling up the DagBag from /opt/airflow/dags/re_entrainment_model.py
[2025-03-14T15:14:35.658+0000] {processor.py:839} INFO - DAG(s) dict_keys(['yfinance_lstm_training_dag']) retrieved from /opt/airflow/dags/re_entrainment_model.py
[2025-03-14T15:14:35.680+0000] {logging_mixin.py:151} INFO - [2025-03-14T15:14:35.680+0000] {dag.py:2915} INFO - Sync 1 DAGs
[2025-03-14T15:14:35.701+0000] {logging_mixin.py:151} INFO - [2025-03-14T15:14:35.701+0000] {dag.py:3696} INFO - Setting next_dagrun for yfinance_lstm_training_dag to 2025-03-23T00:00:00+00:00, run_after=2025-03-30T00:00:00+00:00
[2025-03-14T15:14:35.722+0000] {processor.py:179} INFO - Processing /opt/airflow/dags/re_entrainment_model.py took 3.144 seconds
[2025-03-14T15:15:06.298+0000] {processor.py:157} INFO - Started process (PID=3049) to work on /opt/airflow/dags/re_entrainment_model.py
[2025-03-14T15:15:06.300+0000] {processor.py:829} INFO - Processing file /opt/airflow/dags/re_entrainment_model.py for tasks to queue
[2025-03-14T15:15:06.301+0000] {logging_mixin.py:151} INFO - [2025-03-14T15:15:06.300+0000] {dagbag.py:539} INFO - Filling up the DagBag from /opt/airflow/dags/re_entrainment_model.py
[2025-03-14T15:15:09.395+0000] {processor.py:839} INFO - DAG(s) dict_keys(['yfinance_lstm_training_dag']) retrieved from /opt/airflow/dags/re_entrainment_model.py
[2025-03-14T15:15:09.419+0000] {logging_mixin.py:151} INFO - [2025-03-14T15:15:09.417+0000] {dag.py:2915} INFO - Sync 1 DAGs
[2025-03-14T15:15:09.439+0000] {logging_mixin.py:151} INFO - [2025-03-14T15:15:09.439+0000] {dag.py:3696} INFO - Setting next_dagrun for yfinance_lstm_training_dag to 2025-03-23T00:00:00+00:00, run_after=2025-03-30T00:00:00+00:00
[2025-03-14T15:15:09.463+0000] {processor.py:179} INFO - Processing /opt/airflow/dags/re_entrainment_model.py took 3.167 seconds
[2025-03-14T15:15:39.892+0000] {processor.py:157} INFO - Started process (PID=3074) to work on /opt/airflow/dags/re_entrainment_model.py
[2025-03-14T15:15:39.893+0000] {processor.py:829} INFO - Processing file /opt/airflow/dags/re_entrainment_model.py for tasks to queue
[2025-03-14T15:15:39.894+0000] {logging_mixin.py:151} INFO - [2025-03-14T15:15:39.894+0000] {dagbag.py:539} INFO - Filling up the DagBag from /opt/airflow/dags/re_entrainment_model.py
[2025-03-14T15:15:43.013+0000] {processor.py:839} INFO - DAG(s) dict_keys(['yfinance_lstm_training_dag']) retrieved from /opt/airflow/dags/re_entrainment_model.py
[2025-03-14T15:15:43.035+0000] {logging_mixin.py:151} INFO - [2025-03-14T15:15:43.034+0000] {dag.py:2915} INFO - Sync 1 DAGs
[2025-03-14T15:15:43.058+0000] {logging_mixin.py:151} INFO - [2025-03-14T15:15:43.058+0000] {dag.py:3696} INFO - Setting next_dagrun for yfinance_lstm_training_dag to 2025-03-23T00:00:00+00:00, run_after=2025-03-30T00:00:00+00:00
[2025-03-14T15:15:43.083+0000] {processor.py:179} INFO - Processing /opt/airflow/dags/re_entrainment_model.py took 3.194 seconds
[2025-03-14T15:16:13.173+0000] {processor.py:157} INFO - Started process (PID=3099) to work on /opt/airflow/dags/re_entrainment_model.py
[2025-03-14T15:16:13.175+0000] {processor.py:829} INFO - Processing file /opt/airflow/dags/re_entrainment_model.py for tasks to queue
[2025-03-14T15:16:13.177+0000] {logging_mixin.py:151} INFO - [2025-03-14T15:16:13.176+0000] {dagbag.py:539} INFO - Filling up the DagBag from /opt/airflow/dags/re_entrainment_model.py
[2025-03-14T15:16:16.377+0000] {processor.py:839} INFO - DAG(s) dict_keys(['yfinance_lstm_training_dag']) retrieved from /opt/airflow/dags/re_entrainment_model.py
[2025-03-14T15:16:16.401+0000] {logging_mixin.py:151} INFO - [2025-03-14T15:16:16.399+0000] {dag.py:2915} INFO - Sync 1 DAGs
[2025-03-14T15:16:16.424+0000] {logging_mixin.py:151} INFO - [2025-03-14T15:16:16.423+0000] {dag.py:3696} INFO - Setting next_dagrun for yfinance_lstm_training_dag to 2025-03-23T00:00:00+00:00, run_after=2025-03-30T00:00:00+00:00
[2025-03-14T15:16:16.451+0000] {processor.py:179} INFO - Processing /opt/airflow/dags/re_entrainment_model.py took 3.284 seconds
[2025-03-14T15:16:46.556+0000] {processor.py:157} INFO - Started process (PID=3124) to work on /opt/airflow/dags/re_entrainment_model.py
[2025-03-14T15:16:46.557+0000] {processor.py:829} INFO - Processing file /opt/airflow/dags/re_entrainment_model.py for tasks to queue
[2025-03-14T15:16:46.558+0000] {logging_mixin.py:151} INFO - [2025-03-14T15:16:46.558+0000] {dagbag.py:539} INFO - Filling up the DagBag from /opt/airflow/dags/re_entrainment_model.py
[2025-03-14T15:16:49.546+0000] {processor.py:839} INFO - DAG(s) dict_keys(['yfinance_lstm_training_dag']) retrieved from /opt/airflow/dags/re_entrainment_model.py
[2025-03-14T15:16:49.568+0000] {logging_mixin.py:151} INFO - [2025-03-14T15:16:49.567+0000] {dag.py:2915} INFO - Sync 1 DAGs
[2025-03-14T15:16:49.590+0000] {logging_mixin.py:151} INFO - [2025-03-14T15:16:49.589+0000] {dag.py:3696} INFO - Setting next_dagrun for yfinance_lstm_training_dag to 2025-03-23T00:00:00+00:00, run_after=2025-03-30T00:00:00+00:00
[2025-03-14T15:16:49.616+0000] {processor.py:179} INFO - Processing /opt/airflow/dags/re_entrainment_model.py took 3.063 seconds
[2025-03-14T15:17:19.959+0000] {processor.py:157} INFO - Started process (PID=3149) to work on /opt/airflow/dags/re_entrainment_model.py
[2025-03-14T15:17:19.960+0000] {processor.py:829} INFO - Processing file /opt/airflow/dags/re_entrainment_model.py for tasks to queue
[2025-03-14T15:17:19.961+0000] {logging_mixin.py:151} INFO - [2025-03-14T15:17:19.961+0000] {dagbag.py:539} INFO - Filling up the DagBag from /opt/airflow/dags/re_entrainment_model.py
[2025-03-14T15:17:23.134+0000] {processor.py:839} INFO - DAG(s) dict_keys(['yfinance_lstm_training_dag']) retrieved from /opt/airflow/dags/re_entrainment_model.py
[2025-03-14T15:17:23.158+0000] {logging_mixin.py:151} INFO - [2025-03-14T15:17:23.157+0000] {dag.py:2915} INFO - Sync 1 DAGs
[2025-03-14T15:17:23.182+0000] {logging_mixin.py:151} INFO - [2025-03-14T15:17:23.182+0000] {dag.py:3696} INFO - Setting next_dagrun for yfinance_lstm_training_dag to 2025-03-23T00:00:00+00:00, run_after=2025-03-30T00:00:00+00:00
[2025-03-14T15:17:23.203+0000] {processor.py:179} INFO - Processing /opt/airflow/dags/re_entrainment_model.py took 3.248 seconds
[2025-03-14T15:17:53.726+0000] {processor.py:157} INFO - Started process (PID=3174) to work on /opt/airflow/dags/re_entrainment_model.py
[2025-03-14T15:17:53.728+0000] {processor.py:829} INFO - Processing file /opt/airflow/dags/re_entrainment_model.py for tasks to queue
[2025-03-14T15:17:53.730+0000] {logging_mixin.py:151} INFO - [2025-03-14T15:17:53.729+0000] {dagbag.py:539} INFO - Filling up the DagBag from /opt/airflow/dags/re_entrainment_model.py
[2025-03-14T15:17:56.986+0000] {processor.py:839} INFO - DAG(s) dict_keys(['yfinance_lstm_training_dag']) retrieved from /opt/airflow/dags/re_entrainment_model.py
[2025-03-14T15:17:57.008+0000] {logging_mixin.py:151} INFO - [2025-03-14T15:17:57.007+0000] {dag.py:2915} INFO - Sync 1 DAGs
[2025-03-14T15:17:57.030+0000] {logging_mixin.py:151} INFO - [2025-03-14T15:17:57.030+0000] {dag.py:3696} INFO - Setting next_dagrun for yfinance_lstm_training_dag to 2025-03-23T00:00:00+00:00, run_after=2025-03-30T00:00:00+00:00
[2025-03-14T15:17:57.051+0000] {processor.py:179} INFO - Processing /opt/airflow/dags/re_entrainment_model.py took 3.328 seconds
[2025-03-14T15:18:27.698+0000] {processor.py:157} INFO - Started process (PID=3205) to work on /opt/airflow/dags/re_entrainment_model.py
[2025-03-14T15:18:27.700+0000] {processor.py:829} INFO - Processing file /opt/airflow/dags/re_entrainment_model.py for tasks to queue
[2025-03-14T15:18:27.700+0000] {logging_mixin.py:151} INFO - [2025-03-14T15:18:27.700+0000] {dagbag.py:539} INFO - Filling up the DagBag from /opt/airflow/dags/re_entrainment_model.py
[2025-03-14T15:18:31.096+0000] {processor.py:839} INFO - DAG(s) dict_keys(['yfinance_lstm_training_dag']) retrieved from /opt/airflow/dags/re_entrainment_model.py
[2025-03-14T15:18:31.118+0000] {logging_mixin.py:151} INFO - [2025-03-14T15:18:31.117+0000] {dag.py:2915} INFO - Sync 1 DAGs
[2025-03-14T15:18:31.138+0000] {logging_mixin.py:151} INFO - [2025-03-14T15:18:31.138+0000] {dag.py:3696} INFO - Setting next_dagrun for yfinance_lstm_training_dag to 2025-03-23T00:00:00+00:00, run_after=2025-03-30T00:00:00+00:00
[2025-03-14T15:18:31.164+0000] {processor.py:179} INFO - Processing /opt/airflow/dags/re_entrainment_model.py took 3.469 seconds
[2025-03-14T15:19:01.552+0000] {processor.py:157} INFO - Started process (PID=3236) to work on /opt/airflow/dags/re_entrainment_model.py
[2025-03-14T15:19:01.553+0000] {processor.py:829} INFO - Processing file /opt/airflow/dags/re_entrainment_model.py for tasks to queue
[2025-03-14T15:19:01.554+0000] {logging_mixin.py:151} INFO - [2025-03-14T15:19:01.553+0000] {dagbag.py:539} INFO - Filling up the DagBag from /opt/airflow/dags/re_entrainment_model.py
[2025-03-14T15:19:02.092+0000] {processor.py:839} INFO - DAG(s) dict_keys(['yfinance_lstm_training_dag']) retrieved from /opt/airflow/dags/re_entrainment_model.py
[2025-03-14T15:19:02.117+0000] {logging_mixin.py:151} INFO - [2025-03-14T15:19:02.115+0000] {dag.py:2915} INFO - Sync 1 DAGs
[2025-03-14T15:19:02.140+0000] {logging_mixin.py:151} INFO - [2025-03-14T15:19:02.140+0000] {dag.py:3696} INFO - Setting next_dagrun for yfinance_lstm_training_dag to 2025-03-23T00:00:00+00:00, run_after=2025-03-30T00:00:00+00:00
[2025-03-14T15:19:02.165+0000] {processor.py:179} INFO - Processing /opt/airflow/dags/re_entrainment_model.py took 3.206 seconds
[2025-03-14T15:19:32.633+0000] {processor.py:157} INFO - Started process (PID=3261) to work on /opt/airflow/dags/re_entrainment_model.py
[2025-03-14T15:19:32.635+0000] {processor.py:829} INFO - Processing file /opt/airflow/dags/re_entrainment_model.py for tasks to queue
[2025-03-14T15:19:32.636+0000] {logging_mixin.py:151} INFO - [2025-03-14T15:19:32.635+0000] {dagbag.py:539} INFO - Filling up the DagBag from /opt/airflow/dags/re_entrainment_model.py
[2025-03-14T15:19:35.621+0000] {processor.py:839} INFO - DAG(s) dict_keys(['yfinance_lstm_training_dag']) retrieved from /opt/airflow/dags/re_entrainment_model.py
[2025-03-14T15:19:35.652+0000] {logging_mixin.py:151} INFO - [2025-03-14T15:19:35.651+0000] {dag.py:2915} INFO - Sync 1 DAGs
[2025-03-14T15:19:35.678+0000] {logging_mixin.py:151} INFO - [2025-03-14T15:19:35.678+0000] {dag.py:3696} INFO - Setting next_dagrun for yfinance_lstm_training_dag to 2025-03-23T00:00:00+00:00, run_after=2025-03-30T00:00:00+00:00
[2025-03-14T15:19:35.705+0000] {processor.py:179} INFO - Processing /opt/airflow/dags/re_entrainment_model.py took 3.074 seconds
[2025-03-14T15:20:06.317+0000] {processor.py:157} INFO - Started process (PID=3286) to work on /opt/airflow/dags/re_entrainment_model.py
[2025-03-14T15:20:06.318+0000] {processor.py:829} INFO - Processing file /opt/airflow/dags/re_entrainment_model.py for tasks to queue
[2025-03-14T15:20:06.319+0000] {logging_mixin.py:151} INFO - [2025-03-14T15:20:06.318+0000] {dagbag.py:539} INFO - Filling up the DagBag from /opt/airflow/dags/re_entrainment_model.py
[2025-03-14T15:20:09.367+0000] {processor.py:839} INFO - DAG(s) dict_keys(['yfinance_lstm_training_dag']) retrieved from /opt/airflow/dags/re_entrainment_model.py
[2025-03-14T15:20:09.391+0000] {logging_mixin.py:151} INFO - [2025-03-14T15:20:09.390+0000] {dag.py:2915} INFO - Sync 1 DAGs
[2025-03-14T15:20:09.411+0000] {logging_mixin.py:151} INFO - [2025-03-14T15:20:09.411+0000] {dag.py:3696} INFO - Setting next_dagrun for yfinance_lstm_training_dag to 2025-03-23T00:00:00+00:00, run_after=2025-03-30T00:00:00+00:00
[2025-03-14T15:20:09.435+0000] {processor.py:179} INFO - Processing /opt/airflow/dags/re_entrainment_model.py took 3.121 seconds
[2025-03-14T15:20:39.894+0000] {processor.py:157} INFO - Started process (PID=3311) to work on /opt/airflow/dags/re_entrainment_model.py
[2025-03-14T15:20:39.895+0000] {processor.py:829} INFO - Processing file /opt/airflow/dags/re_entrainment_model.py for tasks to queue
[2025-03-14T15:20:39.896+0000] {logging_mixin.py:151} INFO - [2025-03-14T15:20:39.896+0000] {dagbag.py:539} INFO - Filling up the DagBag from /opt/airflow/dags/re_entrainment_model.py
[2025-03-14T15:20:43.554+0000] {processor.py:839} INFO - DAG(s) dict_keys(['yfinance_lstm_training_dag']) retrieved from /opt/airflow/dags/re_entrainment_model.py
[2025-03-14T15:20:43.581+0000] {logging_mixin.py:151} INFO - [2025-03-14T15:20:43.579+0000] {dag.py:2915} INFO - Sync 1 DAGs
[2025-03-14T15:20:43.615+0000] {logging_mixin.py:151} INFO - [2025-03-14T15:20:43.614+0000] {dag.py:3696} INFO - Setting next_dagrun for yfinance_lstm_training_dag to 2025-03-23T00:00:00+00:00, run_after=2025-03-30T00:00:00+00:00
[2025-03-14T15:20:43.649+0000] {processor.py:179} INFO - Processing /opt/airflow/dags/re_entrainment_model.py took 3.758 seconds
[2025-03-14T15:21:13.969+0000] {processor.py:157} INFO - Started process (PID=3336) to work on /opt/airflow/dags/re_entrainment_model.py
[2025-03-14T15:21:13.970+0000] {processor.py:829} INFO - Processing file /opt/airflow/dags/re_entrainment_model.py for tasks to queue
[2025-03-14T15:21:13.971+0000] {logging_mixin.py:151} INFO - [2025-03-14T15:21:13.971+0000] {dagbag.py:539} INFO - Filling up the DagBag from /opt/airflow/dags/re_entrainment_model.py
[2025-03-14T15:21:16.988+0000] {processor.py:839} INFO - DAG(s) dict_keys(['yfinance_lstm_training_dag']) retrieved from /opt/airflow/dags/re_entrainment_model.py
[2025-03-14T15:21:17.011+0000] {logging_mixin.py:151} INFO - [2025-03-14T15:21:17.010+0000] {dag.py:2915} INFO - Sync 1 DAGs
[2025-03-14T15:21:17.032+0000] {logging_mixin.py:151} INFO - [2025-03-14T15:21:17.031+0000] {dag.py:3696} INFO - Setting next_dagrun for yfinance_lstm_training_dag to 2025-03-23T00:00:00+00:00, run_after=2025-03-30T00:00:00+00:00
[2025-03-14T15:21:17.059+0000] {processor.py:179} INFO - Processing /opt/airflow/dags/re_entrainment_model.py took 3.094 seconds
[2025-03-14T15:21:47.660+0000] {processor.py:157} INFO - Started process (PID=3361) to work on /opt/airflow/dags/re_entrainment_model.py
[2025-03-14T15:21:47.661+0000] {processor.py:829} INFO - Processing file /opt/airflow/dags/re_entrainment_model.py for tasks to queue
[2025-03-14T15:21:47.662+0000] {logging_mixin.py:151} INFO - [2025-03-14T15:21:47.661+0000] {dagbag.py:539} INFO - Filling up the DagBag from /opt/airflow/dags/re_entrainment_model.py
[2025-03-14T15:21:48.154+0000] {processor.py:839} INFO - DAG(s) dict_keys(['yfinance_lstm_training_dag']) retrieved from /opt/airflow/dags/re_entrainment_model.py
[2025-03-14T15:21:48.175+0000] {logging_mixin.py:151} INFO - [2025-03-14T15:21:48.175+0000] {dag.py:2915} INFO - Sync 1 DAGs
[2025-03-14T15:21:48.197+0000] {logging_mixin.py:151} INFO - [2025-03-14T15:21:48.197+0000] {dag.py:3696} INFO - Setting next_dagrun for yfinance_lstm_training_dag to 2025-03-23T00:00:00+00:00, run_after=2025-03-30T00:00:00+00:00
[2025-03-14T15:21:48.221+0000] {processor.py:179} INFO - Processing /opt/airflow/dags/re_entrainment_model.py took 3.112 seconds
[2025-03-14T15:22:18.634+0000] {processor.py:157} INFO - Started process (PID=3386) to work on /opt/airflow/dags/re_entrainment_model.py
[2025-03-14T15:22:18.636+0000] {processor.py:829} INFO - Processing file /opt/airflow/dags/re_entrainment_model.py for tasks to queue
[2025-03-14T15:22:18.636+0000] {logging_mixin.py:151} INFO - [2025-03-14T15:22:18.636+0000] {dagbag.py:539} INFO - Filling up the DagBag from /opt/airflow/dags/re_entrainment_model.py
[2025-03-14T15:22:21.488+0000] {processor.py:839} INFO - DAG(s) dict_keys(['yfinance_lstm_training_dag']) retrieved from /opt/airflow/dags/re_entrainment_model.py
[2025-03-14T15:22:21.510+0000] {logging_mixin.py:151} INFO - [2025-03-14T15:22:21.510+0000] {dag.py:2915} INFO - Sync 1 DAGs
[2025-03-14T15:22:21.530+0000] {logging_mixin.py:151} INFO - [2025-03-14T15:22:21.530+0000] {dag.py:3696} INFO - Setting next_dagrun for yfinance_lstm_training_dag to 2025-03-23T00:00:00+00:00, run_after=2025-03-30T00:00:00+00:00
[2025-03-14T15:22:21.555+0000] {processor.py:179} INFO - Processing /opt/airflow/dags/re_entrainment_model.py took 2.924 seconds
[2025-03-14T15:22:51.794+0000] {processor.py:157} INFO - Started process (PID=3411) to work on /opt/airflow/dags/re_entrainment_model.py
[2025-03-14T15:22:51.797+0000] {processor.py:829} INFO - Processing file /opt/airflow/dags/re_entrainment_model.py for tasks to queue
[2025-03-14T15:22:51.799+0000] {logging_mixin.py:151} INFO - [2025-03-14T15:22:51.798+0000] {dagbag.py:539} INFO - Filling up the DagBag from /opt/airflow/dags/re_entrainment_model.py
[2025-03-14T15:22:55.330+0000] {processor.py:839} INFO - DAG(s) dict_keys(['yfinance_lstm_training_dag']) retrieved from /opt/airflow/dags/re_entrainment_model.py
[2025-03-14T15:22:55.357+0000] {logging_mixin.py:151} INFO - [2025-03-14T15:22:55.355+0000] {dag.py:2915} INFO - Sync 1 DAGs
[2025-03-14T15:22:55.383+0000] {logging_mixin.py:151} INFO - [2025-03-14T15:22:55.383+0000] {dag.py:3696} INFO - Setting next_dagrun for yfinance_lstm_training_dag to 2025-03-23T00:00:00+00:00, run_after=2025-03-30T00:00:00+00:00
[2025-03-14T15:22:55.407+0000] {processor.py:179} INFO - Processing /opt/airflow/dags/re_entrainment_model.py took 3.619 seconds
[2025-03-14T15:23:25.733+0000] {processor.py:157} INFO - Started process (PID=3436) to work on /opt/airflow/dags/re_entrainment_model.py
[2025-03-14T15:23:25.734+0000] {processor.py:829} INFO - Processing file /opt/airflow/dags/re_entrainment_model.py for tasks to queue
[2025-03-14T15:23:25.735+0000] {logging_mixin.py:151} INFO - [2025-03-14T15:23:25.735+0000] {dagbag.py:539} INFO - Filling up the DagBag from /opt/airflow/dags/re_entrainment_model.py
[2025-03-14T15:23:28.696+0000] {processor.py:839} INFO - DAG(s) dict_keys(['yfinance_lstm_training_dag']) retrieved from /opt/airflow/dags/re_entrainment_model.py
[2025-03-14T15:23:28.723+0000] {logging_mixin.py:151} INFO - [2025-03-14T15:23:28.722+0000] {dag.py:2915} INFO - Sync 1 DAGs
[2025-03-14T15:23:28.748+0000] {logging_mixin.py:151} INFO - [2025-03-14T15:23:28.748+0000] {dag.py:3696} INFO - Setting next_dagrun for yfinance_lstm_training_dag to 2025-03-23T00:00:00+00:00, run_after=2025-03-30T00:00:00+00:00
[2025-03-14T15:23:28.774+0000] {processor.py:179} INFO - Processing /opt/airflow/dags/re_entrainment_model.py took 3.043 seconds
[2025-03-14T15:23:59.331+0000] {processor.py:157} INFO - Started process (PID=3461) to work on /opt/airflow/dags/re_entrainment_model.py
[2025-03-14T15:23:59.332+0000] {processor.py:829} INFO - Processing file /opt/airflow/dags/re_entrainment_model.py for tasks to queue
[2025-03-14T15:23:59.333+0000] {logging_mixin.py:151} INFO - [2025-03-14T15:23:59.333+0000] {dagbag.py:539} INFO - Filling up the DagBag from /opt/airflow/dags/re_entrainment_model.py
[2025-03-14T15:24:02.485+0000] {processor.py:839} INFO - DAG(s) dict_keys(['yfinance_lstm_training_dag']) retrieved from /opt/airflow/dags/re_entrainment_model.py
[2025-03-14T15:24:02.508+0000] {logging_mixin.py:151} INFO - [2025-03-14T15:24:02.506+0000] {dag.py:2915} INFO - Sync 1 DAGs
[2025-03-14T15:24:02.695+0000] {logging_mixin.py:151} INFO - [2025-03-14T15:24:02.695+0000] {dag.py:3696} INFO - Setting next_dagrun for yfinance_lstm_training_dag to 2025-03-23T00:00:00+00:00, run_after=2025-03-30T00:00:00+00:00
[2025-03-14T15:24:02.720+0000] {processor.py:179} INFO - Processing /opt/airflow/dags/re_entrainment_model.py took 3.392 seconds
[2025-03-14T15:24:33.706+0000] {processor.py:157} INFO - Started process (PID=3486) to work on /opt/airflow/dags/re_entrainment_model.py
[2025-03-14T15:24:33.707+0000] {processor.py:829} INFO - Processing file /opt/airflow/dags/re_entrainment_model.py for tasks to queue
[2025-03-14T15:24:33.708+0000] {logging_mixin.py:151} INFO - [2025-03-14T15:24:33.708+0000] {dagbag.py:539} INFO - Filling up the DagBag from /opt/airflow/dags/re_entrainment_model.py
[2025-03-14T15:24:36.792+0000] {processor.py:839} INFO - DAG(s) dict_keys(['yfinance_lstm_training_dag']) retrieved from /opt/airflow/dags/re_entrainment_model.py
[2025-03-14T15:24:36.812+0000] {logging_mixin.py:151} INFO - [2025-03-14T15:24:36.812+0000] {dag.py:2915} INFO - Sync 1 DAGs
[2025-03-14T15:24:36.834+0000] {logging_mixin.py:151} INFO - [2025-03-14T15:24:36.833+0000] {dag.py:3696} INFO - Setting next_dagrun for yfinance_lstm_training_dag to 2025-03-23T00:00:00+00:00, run_after=2025-03-30T00:00:00+00:00
[2025-03-14T15:24:36.860+0000] {processor.py:179} INFO - Processing /opt/airflow/dags/re_entrainment_model.py took 3.156 seconds
[2025-03-14T15:25:07.388+0000] {processor.py:157} INFO - Started process (PID=3517) to work on /opt/airflow/dags/re_entrainment_model.py
[2025-03-14T15:25:07.389+0000] {processor.py:829} INFO - Processing file /opt/airflow/dags/re_entrainment_model.py for tasks to queue
[2025-03-14T15:25:07.390+0000] {logging_mixin.py:151} INFO - [2025-03-14T15:25:07.389+0000] {dagbag.py:539} INFO - Filling up the DagBag from /opt/airflow/dags/re_entrainment_model.py
[2025-03-14T15:25:10.389+0000] {processor.py:839} INFO - DAG(s) dict_keys(['yfinance_lstm_training_dag']) retrieved from /opt/airflow/dags/re_entrainment_model.py
[2025-03-14T15:25:10.414+0000] {logging_mixin.py:151} INFO - [2025-03-14T15:25:10.413+0000] {dag.py:2915} INFO - Sync 1 DAGs
[2025-03-14T15:25:10.434+0000] {logging_mixin.py:151} INFO - [2025-03-14T15:25:10.434+0000] {dag.py:3696} INFO - Setting next_dagrun for yfinance_lstm_training_dag to 2025-03-23T00:00:00+00:00, run_after=2025-03-30T00:00:00+00:00
[2025-03-14T15:25:10.459+0000] {processor.py:179} INFO - Processing /opt/airflow/dags/re_entrainment_model.py took 3.074 seconds
[2025-03-14T15:25:41.037+0000] {processor.py:157} INFO - Started process (PID=3542) to work on /opt/airflow/dags/re_entrainment_model.py
[2025-03-14T15:25:41.038+0000] {processor.py:829} INFO - Processing file /opt/airflow/dags/re_entrainment_model.py for tasks to queue
[2025-03-14T15:25:41.039+0000] {logging_mixin.py:151} INFO - [2025-03-14T15:25:41.039+0000] {dagbag.py:539} INFO - Filling up the DagBag from /opt/airflow/dags/re_entrainment_model.py
[2025-03-14T15:25:44.353+0000] {processor.py:839} INFO - DAG(s) dict_keys(['yfinance_lstm_training_dag']) retrieved from /opt/airflow/dags/re_entrainment_model.py
[2025-03-14T15:25:44.375+0000] {logging_mixin.py:151} INFO - [2025-03-14T15:25:44.375+0000] {dag.py:2915} INFO - Sync 1 DAGs
[2025-03-14T15:25:44.400+0000] {logging_mixin.py:151} INFO - [2025-03-14T15:25:44.399+0000] {dag.py:3696} INFO - Setting next_dagrun for yfinance_lstm_training_dag to 2025-03-23T00:00:00+00:00, run_after=2025-03-30T00:00:00+00:00
[2025-03-14T15:25:44.424+0000] {processor.py:179} INFO - Processing /opt/airflow/dags/re_entrainment_model.py took 3.390 seconds
[2025-03-14T15:26:15.127+0000] {processor.py:157} INFO - Started process (PID=3567) to work on /opt/airflow/dags/re_entrainment_model.py
[2025-03-14T15:26:15.128+0000] {processor.py:829} INFO - Processing file /opt/airflow/dags/re_entrainment_model.py for tasks to queue
[2025-03-14T15:26:15.129+0000] {logging_mixin.py:151} INFO - [2025-03-14T15:26:15.128+0000] {dagbag.py:539} INFO - Filling up the DagBag from /opt/airflow/dags/re_entrainment_model.py
[2025-03-14T15:26:18.619+0000] {processor.py:839} INFO - DAG(s) dict_keys(['yfinance_lstm_training_dag']) retrieved from /opt/airflow/dags/re_entrainment_model.py
[2025-03-14T15:26:18.642+0000] {logging_mixin.py:151} INFO - [2025-03-14T15:26:18.642+0000] {dag.py:2915} INFO - Sync 1 DAGs
[2025-03-14T15:26:18.662+0000] {logging_mixin.py:151} INFO - [2025-03-14T15:26:18.662+0000] {dag.py:3696} INFO - Setting next_dagrun for yfinance_lstm_training_dag to 2025-03-23T00:00:00+00:00, run_after=2025-03-30T00:00:00+00:00
[2025-03-14T15:26:18.688+0000] {processor.py:179} INFO - Processing /opt/airflow/dags/re_entrainment_model.py took 3.565 seconds
[2025-03-14T15:26:48.961+0000] {processor.py:157} INFO - Started process (PID=3596) to work on /opt/airflow/dags/re_entrainment_model.py
[2025-03-14T15:26:48.962+0000] {processor.py:829} INFO - Processing file /opt/airflow/dags/re_entrainment_model.py for tasks to queue
[2025-03-14T15:26:48.963+0000] {logging_mixin.py:151} INFO - [2025-03-14T15:26:48.963+0000] {dagbag.py:539} INFO - Filling up the DagBag from /opt/airflow/dags/re_entrainment_model.py
[2025-03-14T15:26:49.714+0000] {processor.py:839} INFO - DAG(s) dict_keys(['yfinance_lstm_training_dag']) retrieved from /opt/airflow/dags/re_entrainment_model.py
[2025-03-14T15:26:49.738+0000] {logging_mixin.py:151} INFO - [2025-03-14T15:26:49.736+0000] {dag.py:2915} INFO - Sync 1 DAGs
[2025-03-14T15:26:49.760+0000] {logging_mixin.py:151} INFO - [2025-03-14T15:26:49.759+0000] {dag.py:3696} INFO - Setting next_dagrun for yfinance_lstm_training_dag to 2025-03-23T00:00:00+00:00, run_after=2025-03-30T00:00:00+00:00
[2025-03-14T15:26:49.784+0000] {processor.py:179} INFO - Processing /opt/airflow/dags/re_entrainment_model.py took 3.374 seconds
[2025-03-14T15:27:20.515+0000] {processor.py:157} INFO - Started process (PID=3617) to work on /opt/airflow/dags/re_entrainment_model.py
[2025-03-14T15:27:20.517+0000] {processor.py:829} INFO - Processing file /opt/airflow/dags/re_entrainment_model.py for tasks to queue
[2025-03-14T15:27:20.519+0000] {logging_mixin.py:151} INFO - [2025-03-14T15:27:20.518+0000] {dagbag.py:539} INFO - Filling up the DagBag from /opt/airflow/dags/re_entrainment_model.py
[2025-03-14T15:27:24.178+0000] {processor.py:839} INFO - DAG(s) dict_keys(['yfinance_lstm_training_dag']) retrieved from /opt/airflow/dags/re_entrainment_model.py
[2025-03-14T15:27:24.223+0000] {logging_mixin.py:151} INFO - [2025-03-14T15:27:24.221+0000] {dag.py:2915} INFO - Sync 1 DAGs
[2025-03-14T15:27:24.253+0000] {logging_mixin.py:151} INFO - [2025-03-14T15:27:24.253+0000] {dag.py:3696} INFO - Setting next_dagrun for yfinance_lstm_training_dag to 2025-03-23T00:00:00+00:00, run_after=2025-03-30T00:00:00+00:00
[2025-03-14T15:27:24.279+0000] {processor.py:179} INFO - Processing /opt/airflow/dags/re_entrainment_model.py took 3.769 seconds
[2025-03-14T15:27:55.312+0000] {processor.py:157} INFO - Started process (PID=3648) to work on /opt/airflow/dags/re_entrainment_model.py
[2025-03-14T15:27:55.314+0000] {processor.py:829} INFO - Processing file /opt/airflow/dags/re_entrainment_model.py for tasks to queue
[2025-03-14T15:27:55.315+0000] {logging_mixin.py:151} INFO - [2025-03-14T15:27:55.315+0000] {dagbag.py:539} INFO - Filling up the DagBag from /opt/airflow/dags/re_entrainment_model.py
[2025-03-14T15:27:58.452+0000] {processor.py:839} INFO - DAG(s) dict_keys(['yfinance_lstm_training_dag']) retrieved from /opt/airflow/dags/re_entrainment_model.py
[2025-03-14T15:27:58.476+0000] {logging_mixin.py:151} INFO - [2025-03-14T15:27:58.475+0000] {dag.py:2915} INFO - Sync 1 DAGs
[2025-03-14T15:27:58.496+0000] {logging_mixin.py:151} INFO - [2025-03-14T15:27:58.495+0000] {dag.py:3696} INFO - Setting next_dagrun for yfinance_lstm_training_dag to 2025-03-23T00:00:00+00:00, run_after=2025-03-30T00:00:00+00:00
[2025-03-14T15:27:58.520+0000] {processor.py:179} INFO - Processing /opt/airflow/dags/re_entrainment_model.py took 3.212 seconds
[2025-03-14T15:28:28.622+0000] {processor.py:157} INFO - Started process (PID=3673) to work on /opt/airflow/dags/re_entrainment_model.py
[2025-03-14T15:28:28.624+0000] {processor.py:829} INFO - Processing file /opt/airflow/dags/re_entrainment_model.py for tasks to queue
[2025-03-14T15:28:28.625+0000] {logging_mixin.py:151} INFO - [2025-03-14T15:28:28.625+0000] {dagbag.py:539} INFO - Filling up the DagBag from /opt/airflow/dags/re_entrainment_model.py
[2025-03-14T15:28:33.725+0000] {processor.py:839} INFO - DAG(s) dict_keys(['yfinance_lstm_training_dag']) retrieved from /opt/airflow/dags/re_entrainment_model.py
[2025-03-14T15:28:33.763+0000] {logging_mixin.py:151} INFO - [2025-03-14T15:28:33.761+0000] {dag.py:2915} INFO - Sync 1 DAGs
[2025-03-14T15:28:33.808+0000] {logging_mixin.py:151} INFO - [2025-03-14T15:28:33.808+0000] {dag.py:3696} INFO - Setting next_dagrun for yfinance_lstm_training_dag to 2025-03-23T00:00:00+00:00, run_after=2025-03-30T00:00:00+00:00
[2025-03-14T15:28:33.851+0000] {processor.py:179} INFO - Processing /opt/airflow/dags/re_entrainment_model.py took 5.233 seconds
[2025-03-14T15:29:04.753+0000] {processor.py:157} INFO - Started process (PID=3698) to work on /opt/airflow/dags/re_entrainment_model.py
[2025-03-14T15:29:04.755+0000] {processor.py:829} INFO - Processing file /opt/airflow/dags/re_entrainment_model.py for tasks to queue
[2025-03-14T15:29:04.756+0000] {logging_mixin.py:151} INFO - [2025-03-14T15:29:04.756+0000] {dagbag.py:539} INFO - Filling up the DagBag from /opt/airflow/dags/re_entrainment_model.py
[2025-03-14T15:29:06.250+0000] {processor.py:839} INFO - DAG(s) dict_keys(['yfinance_lstm_training_dag']) retrieved from /opt/airflow/dags/re_entrainment_model.py
[2025-03-14T15:29:06.278+0000] {logging_mixin.py:151} INFO - [2025-03-14T15:29:06.277+0000] {dag.py:2915} INFO - Sync 1 DAGs
[2025-03-14T15:29:06.302+0000] {logging_mixin.py:151} INFO - [2025-03-14T15:29:06.302+0000] {dag.py:3696} INFO - Setting next_dagrun for yfinance_lstm_training_dag to 2025-03-23T00:00:00+00:00, run_after=2025-03-30T00:00:00+00:00
[2025-03-14T15:29:06.330+0000] {processor.py:179} INFO - Processing /opt/airflow/dags/re_entrainment_model.py took 4.150 seconds
[2025-03-14T15:29:36.898+0000] {processor.py:157} INFO - Started process (PID=3723) to work on /opt/airflow/dags/re_entrainment_model.py
[2025-03-14T15:29:36.899+0000] {processor.py:829} INFO - Processing file /opt/airflow/dags/re_entrainment_model.py for tasks to queue
[2025-03-14T15:29:36.900+0000] {logging_mixin.py:151} INFO - [2025-03-14T15:29:36.900+0000] {dagbag.py:539} INFO - Filling up the DagBag from /opt/airflow/dags/re_entrainment_model.py
[2025-03-14T15:29:40.446+0000] {processor.py:839} INFO - DAG(s) dict_keys(['yfinance_lstm_training_dag']) retrieved from /opt/airflow/dags/re_entrainment_model.py
[2025-03-14T15:29:40.469+0000] {logging_mixin.py:151} INFO - [2025-03-14T15:29:40.467+0000] {dag.py:2915} INFO - Sync 1 DAGs
[2025-03-14T15:29:40.491+0000] {logging_mixin.py:151} INFO - [2025-03-14T15:29:40.491+0000] {dag.py:3696} INFO - Setting next_dagrun for yfinance_lstm_training_dag to 2025-03-23T00:00:00+00:00, run_after=2025-03-30T00:00:00+00:00
[2025-03-14T15:29:40.518+0000] {processor.py:179} INFO - Processing /opt/airflow/dags/re_entrainment_model.py took 3.623 seconds
[2025-03-14T15:30:10.679+0000] {processor.py:157} INFO - Started process (PID=3748) to work on /opt/airflow/dags/re_entrainment_model.py
[2025-03-14T15:30:10.680+0000] {processor.py:829} INFO - Processing file /opt/airflow/dags/re_entrainment_model.py for tasks to queue
[2025-03-14T15:30:10.681+0000] {logging_mixin.py:151} INFO - [2025-03-14T15:30:10.681+0000] {dagbag.py:539} INFO - Filling up the DagBag from /opt/airflow/dags/re_entrainment_model.py
[2025-03-14T15:30:14.159+0000] {processor.py:839} INFO - DAG(s) dict_keys(['yfinance_lstm_training_dag']) retrieved from /opt/airflow/dags/re_entrainment_model.py
[2025-03-14T15:30:14.182+0000] {logging_mixin.py:151} INFO - [2025-03-14T15:30:14.182+0000] {dag.py:2915} INFO - Sync 1 DAGs
[2025-03-14T15:30:14.207+0000] {logging_mixin.py:151} INFO - [2025-03-14T15:30:14.207+0000] {dag.py:3696} INFO - Setting next_dagrun for yfinance_lstm_training_dag to 2025-03-23T00:00:00+00:00, run_after=2025-03-30T00:00:00+00:00
[2025-03-14T15:30:14.233+0000] {processor.py:179} INFO - Processing /opt/airflow/dags/re_entrainment_model.py took 3.557 seconds
[2025-03-14T15:30:44.625+0000] {processor.py:157} INFO - Started process (PID=3773) to work on /opt/airflow/dags/re_entrainment_model.py
[2025-03-14T15:30:44.627+0000] {processor.py:829} INFO - Processing file /opt/airflow/dags/re_entrainment_model.py for tasks to queue
[2025-03-14T15:30:44.629+0000] {logging_mixin.py:151} INFO - [2025-03-14T15:30:44.628+0000] {dagbag.py:539} INFO - Filling up the DagBag from /opt/airflow/dags/re_entrainment_model.py
[2025-03-14T15:30:49.228+0000] {processor.py:839} INFO - DAG(s) dict_keys(['yfinance_lstm_training_dag']) retrieved from /opt/airflow/dags/re_entrainment_model.py
[2025-03-14T15:30:49.266+0000] {logging_mixin.py:151} INFO - [2025-03-14T15:30:49.265+0000] {dag.py:2915} INFO - Sync 1 DAGs
[2025-03-14T15:30:49.298+0000] {logging_mixin.py:151} INFO - [2025-03-14T15:30:49.298+0000] {dag.py:3696} INFO - Setting next_dagrun for yfinance_lstm_training_dag to 2025-03-23T00:00:00+00:00, run_after=2025-03-30T00:00:00+00:00
[2025-03-14T15:30:49.335+0000] {processor.py:179} INFO - Processing /opt/airflow/dags/re_entrainment_model.py took 4.717 seconds
[2025-03-14T15:31:17.323+0000] {processor.py:157} INFO - Started process (PID=3798) to work on /opt/airflow/dags/re_entrainment_model.py
[2025-03-14T15:31:17.324+0000] {processor.py:829} INFO - Processing file /opt/airflow/dags/re_entrainment_model.py for tasks to queue
[2025-03-14T15:31:17.326+0000] {logging_mixin.py:151} INFO - [2025-03-14T15:31:17.325+0000] {dagbag.py:539} INFO - Filling up the DagBag from /opt/airflow/dags/re_entrainment_model.py
[2025-03-14T15:31:22.472+0000] {processor.py:839} INFO - DAG(s) dict_keys(['yfinance_lstm_training_dag']) retrieved from /opt/airflow/dags/re_entrainment_model.py
[2025-03-14T15:31:22.580+0000] {logging_mixin.py:151} INFO - [2025-03-14T15:31:22.579+0000] {security.py:708} INFO - Not syncing DAG-level permissions for DAG 'DAG:yfinance_lstm_training_dag' as access control is unset.
[2025-03-14T15:31:22.581+0000] {logging_mixin.py:151} INFO - [2025-03-14T15:31:22.581+0000] {dag.py:2915} INFO - Sync 1 DAGs
[2025-03-14T15:31:22.608+0000] {logging_mixin.py:151} INFO - [2025-03-14T15:31:22.607+0000] {dag.py:3696} INFO - Setting next_dagrun for yfinance_lstm_training_dag to 2025-03-18T00:00:00+00:00, run_after=2025-03-19T00:00:00+00:00
[2025-03-14T15:31:22.647+0000] {processor.py:179} INFO - Processing /opt/airflow/dags/re_entrainment_model.py took 5.327 seconds
[2025-03-14T15:31:35.172+0000] {processor.py:157} INFO - Started process (PID=3823) to work on /opt/airflow/dags/re_entrainment_model.py
[2025-03-14T15:31:35.173+0000] {processor.py:829} INFO - Processing file /opt/airflow/dags/re_entrainment_model.py for tasks to queue
[2025-03-14T15:31:35.178+0000] {logging_mixin.py:151} INFO - [2025-03-14T15:31:35.177+0000] {dagbag.py:539} INFO - Filling up the DagBag from /opt/airflow/dags/re_entrainment_model.py
[2025-03-14T15:31:40.372+0000] {processor.py:839} INFO - DAG(s) dict_keys(['yfinance_lstm_training_dag']) retrieved from /opt/airflow/dags/re_entrainment_model.py
[2025-03-14T15:31:40.386+0000] {logging_mixin.py:151} INFO - [2025-03-14T15:31:40.385+0000] {dag.py:2915} INFO - Sync 1 DAGs
[2025-03-14T15:31:40.404+0000] {logging_mixin.py:151} INFO - [2025-03-14T15:31:40.404+0000] {dag.py:3696} INFO - Setting next_dagrun for yfinance_lstm_training_dag to 2025-03-18T00:00:00+00:00, run_after=2025-03-19T00:00:00+00:00
[2025-03-14T15:31:40.433+0000] {processor.py:179} INFO - Processing /opt/airflow/dags/re_entrainment_model.py took 5.267 seconds
[2025-03-14T15:32:11.444+0000] {processor.py:157} INFO - Started process (PID=3848) to work on /opt/airflow/dags/re_entrainment_model.py
[2025-03-14T15:32:11.446+0000] {processor.py:829} INFO - Processing file /opt/airflow/dags/re_entrainment_model.py for tasks to queue
[2025-03-14T15:32:11.447+0000] {logging_mixin.py:151} INFO - [2025-03-14T15:32:11.447+0000] {dagbag.py:539} INFO - Filling up the DagBag from /opt/airflow/dags/re_entrainment_model.py
[2025-03-14T15:32:14.964+0000] {processor.py:839} INFO - DAG(s) dict_keys(['yfinance_lstm_training_dag']) retrieved from /opt/airflow/dags/re_entrainment_model.py
[2025-03-14T15:32:15.053+0000] {logging_mixin.py:151} INFO - [2025-03-14T15:32:15.053+0000] {security.py:708} INFO - Not syncing DAG-level permissions for DAG 'DAG:yfinance_lstm_training_dag' as access control is unset.
[2025-03-14T15:32:15.055+0000] {logging_mixin.py:151} INFO - [2025-03-14T15:32:15.054+0000] {dag.py:2915} INFO - Sync 1 DAGs
[2025-03-14T15:32:15.072+0000] {logging_mixin.py:151} INFO - [2025-03-14T15:32:15.071+0000] {dag.py:3696} INFO - Setting next_dagrun for yfinance_lstm_training_dag to 2025-03-18T00:00:00+00:00, run_after=2025-03-19T00:00:00+00:00
[2025-03-14T15:32:15.098+0000] {processor.py:179} INFO - Processing /opt/airflow/dags/re_entrainment_model.py took 3.659 seconds
[2025-03-14T15:32:17.692+0000] {processor.py:157} INFO - Started process (PID=3861) to work on /opt/airflow/dags/re_entrainment_model.py
[2025-03-14T15:32:17.693+0000] {processor.py:829} INFO - Processing file /opt/airflow/dags/re_entrainment_model.py for tasks to queue
[2025-03-14T15:32:17.694+0000] {logging_mixin.py:151} INFO - [2025-03-14T15:32:17.693+0000] {dagbag.py:539} INFO - Filling up the DagBag from /opt/airflow/dags/re_entrainment_model.py
[2025-03-14T15:32:23.629+0000] {processor.py:839} INFO - DAG(s) dict_keys(['yfinance_lstm_training_dag']) retrieved from /opt/airflow/dags/re_entrainment_model.py
[2025-03-14T15:32:23.652+0000] {logging_mixin.py:151} INFO - [2025-03-14T15:32:23.651+0000] {dag.py:2915} INFO - Sync 1 DAGs
[2025-03-14T15:32:23.684+0000] {logging_mixin.py:151} INFO - [2025-03-14T15:32:23.684+0000] {dag.py:3696} INFO - Setting next_dagrun for yfinance_lstm_training_dag to 2025-01-01T00:00:00+00:00, run_after=2025-01-02T00:00:00+00:00
[2025-03-14T15:32:23.718+0000] {processor.py:179} INFO - Processing /opt/airflow/dags/re_entrainment_model.py took 6.030 seconds
[2025-03-14T15:32:53.982+0000] {processor.py:157} INFO - Started process (PID=3886) to work on /opt/airflow/dags/re_entrainment_model.py
[2025-03-14T15:32:53.983+0000] {processor.py:829} INFO - Processing file /opt/airflow/dags/re_entrainment_model.py for tasks to queue
[2025-03-14T15:32:53.984+0000] {logging_mixin.py:151} INFO - [2025-03-14T15:32:53.984+0000] {dagbag.py:539} INFO - Filling up the DagBag from /opt/airflow/dags/re_entrainment_model.py
[2025-03-14T15:32:57.456+0000] {processor.py:839} INFO - DAG(s) dict_keys(['yfinance_lstm_training_dag']) retrieved from /opt/airflow/dags/re_entrainment_model.py
[2025-03-14T15:32:57.550+0000] {logging_mixin.py:151} INFO - [2025-03-14T15:32:57.549+0000] {security.py:708} INFO - Not syncing DAG-level permissions for DAG 'DAG:yfinance_lstm_training_dag' as access control is unset.
[2025-03-14T15:32:57.551+0000] {logging_mixin.py:151} INFO - [2025-03-14T15:32:57.550+0000] {dag.py:2915} INFO - Sync 1 DAGs
[2025-03-14T15:32:57.571+0000] {logging_mixin.py:151} INFO - [2025-03-14T15:32:57.571+0000] {dag.py:3696} INFO - Setting next_dagrun for yfinance_lstm_training_dag to 2025-01-02T00:00:00+00:00, run_after=2025-01-03T00:00:00+00:00
[2025-03-14T15:32:57.599+0000] {processor.py:179} INFO - Processing /opt/airflow/dags/re_entrainment_model.py took 3.620 seconds
[2025-03-14T15:33:28.414+0000] {processor.py:157} INFO - Started process (PID=4058) to work on /opt/airflow/dags/re_entrainment_model.py
[2025-03-14T15:33:28.428+0000] {processor.py:829} INFO - Processing file /opt/airflow/dags/re_entrainment_model.py for tasks to queue
[2025-03-14T15:33:28.436+0000] {logging_mixin.py:151} INFO - [2025-03-14T15:33:28.430+0000] {dagbag.py:539} INFO - Filling up the DagBag from /opt/airflow/dags/re_entrainment_model.py
[2025-03-14T15:34:06.838+0000] {logging_mixin.py:151} INFO - [2025-03-14T15:34:02.869+0000] {timeout.py:68} ERROR - Process timed out, PID: 4058
[2025-03-14T15:34:16.139+0000] {logging_mixin.py:151} INFO - [2025-03-14T15:34:11.563+0000] {dagbag.py:347} ERROR - Failed to import: /opt/airflow/dags/re_entrainment_model.py
Traceback (most recent call last):
  File "/home/airflow/.local/lib/python3.8/site-packages/airflow/models/dagbag.py", line 343, in parse
    loader.exec_module(new_module)
  File "<frozen importlib._bootstrap_external>", line 843, in exec_module
  File "<frozen importlib._bootstrap>", line 219, in _call_with_frames_removed
  File "/opt/airflow/dags/re_entrainment_model.py", line 4, in <module>
    from cassandra.cluster import Cluster
  File "cassandra/cluster.py", line 68, in init cassandra.cluster
  File "cassandra/metadata.py", line 31, in init cassandra.metadata
  File "/home/airflow/.local/lib/python3.8/site-packages/cassandra/murmur3.py", line 112, in <module>
    from cassandra.cmurmur3 import murmur3
  File "<frozen importlib._bootstrap>", line 991, in _find_and_load
  File "<frozen importlib._bootstrap>", line 971, in _find_and_load_unlocked
  File "<frozen importlib._bootstrap>", line 914, in _find_spec
  File "<frozen importlib._bootstrap_external>", line 1407, in find_spec
  File "<frozen importlib._bootstrap_external>", line 1379, in _get_spec
  File "<frozen importlib._bootstrap_external>", line 1534, in find_spec
  File "<frozen importlib._bootstrap_external>", line 123, in _path_join
  File "/home/airflow/.local/lib/python3.8/site-packages/airflow/utils/timeout.py", line 69, in handle_timeout
    raise AirflowTaskTimeout(self.error_message)
airflow.exceptions.AirflowTaskTimeout: DagBag import timeout for /opt/airflow/dags/re_entrainment_model.py after 30.0s.
Please take a look at these docs to improve your DAG import time:
* https://airflow.apache.org/docs/apache-airflow/2.7.1/best-practices.html#top-level-python-code
* https://airflow.apache.org/docs/apache-airflow/2.7.1/best-practices.html#reducing-dag-complexity, PID: 4058
[2025-03-14T15:34:16.487+0000] {processor.py:841} WARNING - No viable dags retrieved from /opt/airflow/dags/re_entrainment_model.py
[2025-03-14T15:34:32.839+0000] {processor.py:182} ERROR - Got an exception! Propagating...
Traceback (most recent call last):
  File "/home/airflow/.local/lib/python3.8/site-packages/sqlalchemy/engine/base.py", line 3371, in _wrap_pool_connect
    return fn()
  File "/home/airflow/.local/lib/python3.8/site-packages/sqlalchemy/pool/base.py", line 327, in connect
    return _ConnectionFairy._checkout(self)
  File "/home/airflow/.local/lib/python3.8/site-packages/sqlalchemy/pool/base.py", line 894, in _checkout
    fairy = _ConnectionRecord.checkout(pool)
  File "/home/airflow/.local/lib/python3.8/site-packages/sqlalchemy/pool/base.py", line 493, in checkout
    rec = pool._do_get()
  File "/home/airflow/.local/lib/python3.8/site-packages/sqlalchemy/pool/impl.py", line 146, in _do_get
    self._dec_overflow()
  File "/home/airflow/.local/lib/python3.8/site-packages/sqlalchemy/util/langhelpers.py", line 70, in __exit__
    compat.raise_(
  File "/home/airflow/.local/lib/python3.8/site-packages/sqlalchemy/util/compat.py", line 211, in raise_
    raise exception
  File "/home/airflow/.local/lib/python3.8/site-packages/sqlalchemy/pool/impl.py", line 143, in _do_get
    return self._create_connection()
  File "/home/airflow/.local/lib/python3.8/site-packages/sqlalchemy/pool/base.py", line 273, in _create_connection
    return _ConnectionRecord(self)
  File "/home/airflow/.local/lib/python3.8/site-packages/sqlalchemy/pool/base.py", line 388, in __init__
    self.__connect()
  File "/home/airflow/.local/lib/python3.8/site-packages/sqlalchemy/pool/base.py", line 691, in __connect
    pool.logger.debug("Error on connect(): %s", e)
  File "/home/airflow/.local/lib/python3.8/site-packages/sqlalchemy/util/langhelpers.py", line 70, in __exit__
    compat.raise_(
  File "/home/airflow/.local/lib/python3.8/site-packages/sqlalchemy/util/compat.py", line 211, in raise_
    raise exception
  File "/home/airflow/.local/lib/python3.8/site-packages/sqlalchemy/pool/base.py", line 686, in __connect
    self.dbapi_connection = connection = pool._invoke_creator(self)
  File "/home/airflow/.local/lib/python3.8/site-packages/sqlalchemy/engine/create.py", line 574, in connect
    return dialect.connect(*cargs, **cparams)
  File "/home/airflow/.local/lib/python3.8/site-packages/sqlalchemy/engine/default.py", line 598, in connect
    return self.dbapi.connect(*cargs, **cparams)
  File "/home/airflow/.local/lib/python3.8/site-packages/psycopg2/__init__.py", line 122, in connect
    conn = _connect(dsn, connection_factory=connection_factory, **kwasync)
psycopg2.OperationalError: could not translate host name "postgres" to address: Temporary failure in name resolution


The above exception was the direct cause of the following exception:

Traceback (most recent call last):
  File "/home/airflow/.local/lib/python3.8/site-packages/airflow/dag_processing/processor.py", line 178, in _run_file_processor
    _handle_dag_file_processing()
  File "/home/airflow/.local/lib/python3.8/site-packages/airflow/dag_processing/processor.py", line 159, in _handle_dag_file_processing
    result: tuple[int, int] = dag_file_processor.process_file(
  File "/home/airflow/.local/lib/python3.8/site-packages/airflow/utils/session.py", line 77, in wrapper
    return func(*args, session=session, **kwargs)
  File "/home/airflow/.local/lib/python3.8/site-packages/airflow/dag_processing/processor.py", line 842, in process_file
    DagFileProcessor.update_import_errors(
  File "/home/airflow/.local/lib/python3.8/site-packages/airflow/api_internal/internal_api_call.py", line 114, in wrapper
    return func(*args, **kwargs)
  File "/home/airflow/.local/lib/python3.8/site-packages/airflow/utils/session.py", line 74, in wrapper
    return func(*args, **kwargs)
  File "/home/airflow/.local/lib/python3.8/site-packages/airflow/dag_processing/processor.py", line 625, in update_import_errors
    existing_import_error_files = [x.filename for x in session.query(errors.ImportError.filename).all()]
  File "/home/airflow/.local/lib/python3.8/site-packages/sqlalchemy/orm/query.py", line 2773, in all
    return self._iter().all()
  File "/home/airflow/.local/lib/python3.8/site-packages/sqlalchemy/orm/query.py", line 2916, in _iter
    result = self.session.execute(
  File "/home/airflow/.local/lib/python3.8/site-packages/sqlalchemy/orm/session.py", line 1716, in execute
    conn = self._connection_for_bind(bind)
  File "/home/airflow/.local/lib/python3.8/site-packages/sqlalchemy/orm/session.py", line 1555, in _connection_for_bind
    return self._transaction._connection_for_bind(
  File "/home/airflow/.local/lib/python3.8/site-packages/sqlalchemy/orm/session.py", line 750, in _connection_for_bind
    conn = bind.connect()
  File "/home/airflow/.local/lib/python3.8/site-packages/sqlalchemy/future/engine.py", line 406, in connect
    return super(Engine, self).connect()
  File "/home/airflow/.local/lib/python3.8/site-packages/sqlalchemy/engine/base.py", line 3325, in connect
    return self._connection_cls(self, close_with_result=close_with_result)
  File "/home/airflow/.local/lib/python3.8/site-packages/sqlalchemy/engine/base.py", line 96, in __init__
    else engine.raw_connection()
  File "/home/airflow/.local/lib/python3.8/site-packages/sqlalchemy/engine/base.py", line 3404, in raw_connection
    return self._wrap_pool_connect(self.pool.connect, _connection)
  File "/home/airflow/.local/lib/python3.8/site-packages/sqlalchemy/engine/base.py", line 3374, in _wrap_pool_connect
    Connection._handle_dbapi_exception_noconnection(
  File "/home/airflow/.local/lib/python3.8/site-packages/sqlalchemy/engine/base.py", line 2208, in _handle_dbapi_exception_noconnection
    util.raise_(
  File "/home/airflow/.local/lib/python3.8/site-packages/sqlalchemy/util/compat.py", line 211, in raise_
    raise exception
  File "/home/airflow/.local/lib/python3.8/site-packages/sqlalchemy/engine/base.py", line 3371, in _wrap_pool_connect
    return fn()
  File "/home/airflow/.local/lib/python3.8/site-packages/sqlalchemy/pool/base.py", line 327, in connect
    return _ConnectionFairy._checkout(self)
  File "/home/airflow/.local/lib/python3.8/site-packages/sqlalchemy/pool/base.py", line 894, in _checkout
    fairy = _ConnectionRecord.checkout(pool)
  File "/home/airflow/.local/lib/python3.8/site-packages/sqlalchemy/pool/base.py", line 493, in checkout
    rec = pool._do_get()
  File "/home/airflow/.local/lib/python3.8/site-packages/sqlalchemy/pool/impl.py", line 146, in _do_get
    self._dec_overflow()
  File "/home/airflow/.local/lib/python3.8/site-packages/sqlalchemy/util/langhelpers.py", line 70, in __exit__
    compat.raise_(
  File "/home/airflow/.local/lib/python3.8/site-packages/sqlalchemy/util/compat.py", line 211, in raise_
    raise exception
  File "/home/airflow/.local/lib/python3.8/site-packages/sqlalchemy/pool/impl.py", line 143, in _do_get
    return self._create_connection()
  File "/home/airflow/.local/lib/python3.8/site-packages/sqlalchemy/pool/base.py", line 273, in _create_connection
    return _ConnectionRecord(self)
  File "/home/airflow/.local/lib/python3.8/site-packages/sqlalchemy/pool/base.py", line 388, in __init__
    self.__connect()
  File "/home/airflow/.local/lib/python3.8/site-packages/sqlalchemy/pool/base.py", line 691, in __connect
    pool.logger.debug("Error on connect(): %s", e)
  File "/home/airflow/.local/lib/python3.8/site-packages/sqlalchemy/util/langhelpers.py", line 70, in __exit__
    compat.raise_(
  File "/home/airflow/.local/lib/python3.8/site-packages/sqlalchemy/util/compat.py", line 211, in raise_
    raise exception
  File "/home/airflow/.local/lib/python3.8/site-packages/sqlalchemy/pool/base.py", line 686, in __connect
    self.dbapi_connection = connection = pool._invoke_creator(self)
  File "/home/airflow/.local/lib/python3.8/site-packages/sqlalchemy/engine/create.py", line 574, in connect
    return dialect.connect(*cargs, **cparams)
  File "/home/airflow/.local/lib/python3.8/site-packages/sqlalchemy/engine/default.py", line 598, in connect
    return self.dbapi.connect(*cargs, **cparams)
  File "/home/airflow/.local/lib/python3.8/site-packages/psycopg2/__init__.py", line 122, in connect
    conn = _connect(dsn, connection_factory=connection_factory, **kwasync)
sqlalchemy.exc.OperationalError: (psycopg2.OperationalError) could not translate host name "postgres" to address: Temporary failure in name resolution

(Background on this error at: https://sqlalche.me/e/14/e3q8)
[2025-03-14T15:35:04.393+0000] {processor.py:157} INFO - Started process (PID=4084) to work on /opt/airflow/dags/re_entrainment_model.py
[2025-03-14T15:35:04.395+0000] {processor.py:829} INFO - Processing file /opt/airflow/dags/re_entrainment_model.py for tasks to queue
[2025-03-14T15:35:04.397+0000] {logging_mixin.py:151} INFO - [2025-03-14T15:35:04.396+0000] {dagbag.py:539} INFO - Filling up the DagBag from /opt/airflow/dags/re_entrainment_model.py
[2025-03-14T15:35:09.608+0000] {processor.py:839} INFO - DAG(s) dict_keys(['yfinance_lstm_training_dag']) retrieved from /opt/airflow/dags/re_entrainment_model.py
[2025-03-14T15:35:09.651+0000] {logging_mixin.py:151} INFO - [2025-03-14T15:35:09.650+0000] {dag.py:2915} INFO - Sync 1 DAGs
[2025-03-14T15:35:09.689+0000] {logging_mixin.py:151} INFO - [2025-03-14T15:35:09.688+0000] {dag.py:3696} INFO - Setting next_dagrun for yfinance_lstm_training_dag to 2025-01-19T00:00:00+00:00, run_after=2025-01-20T00:00:00+00:00
[2025-03-14T15:35:09.720+0000] {processor.py:179} INFO - Processing /opt/airflow/dags/re_entrainment_model.py took 8.058 seconds
[2025-03-14T15:35:40.840+0000] {processor.py:157} INFO - Started process (PID=4264) to work on /opt/airflow/dags/re_entrainment_model.py
[2025-03-14T15:35:40.848+0000] {processor.py:829} INFO - Processing file /opt/airflow/dags/re_entrainment_model.py for tasks to queue
[2025-03-14T15:35:40.851+0000] {logging_mixin.py:151} INFO - [2025-03-14T15:35:40.850+0000] {dagbag.py:539} INFO - Filling up the DagBag from /opt/airflow/dags/re_entrainment_model.py
[2025-03-14T15:35:52.599+0000] {processor.py:839} INFO - DAG(s) dict_keys(['yfinance_lstm_training_dag']) retrieved from /opt/airflow/dags/re_entrainment_model.py
[2025-03-14T15:35:52.632+0000] {logging_mixin.py:151} INFO - [2025-03-14T15:35:52.631+0000] {dag.py:2915} INFO - Sync 1 DAGs
[2025-03-14T15:35:52.667+0000] {logging_mixin.py:151} INFO - [2025-03-14T15:35:52.667+0000] {dag.py:3696} INFO - Setting next_dagrun for yfinance_lstm_training_dag to 2025-02-03T00:00:00+00:00, run_after=2025-02-04T00:00:00+00:00
[2025-03-14T15:35:52.711+0000] {processor.py:179} INFO - Processing /opt/airflow/dags/re_entrainment_model.py took 11.899 seconds
[2025-03-14T15:36:23.098+0000] {processor.py:157} INFO - Started process (PID=4451) to work on /opt/airflow/dags/re_entrainment_model.py
[2025-03-14T15:36:23.105+0000] {processor.py:829} INFO - Processing file /opt/airflow/dags/re_entrainment_model.py for tasks to queue
[2025-03-14T15:36:23.113+0000] {logging_mixin.py:151} INFO - [2025-03-14T15:36:23.112+0000] {dagbag.py:539} INFO - Filling up the DagBag from /opt/airflow/dags/re_entrainment_model.py
[2025-03-14T15:36:27.808+0000] {processor.py:839} INFO - DAG(s) dict_keys(['yfinance_lstm_training_dag']) retrieved from /opt/airflow/dags/re_entrainment_model.py
[2025-03-14T15:36:27.852+0000] {logging_mixin.py:151} INFO - [2025-03-14T15:36:27.851+0000] {dag.py:2915} INFO - Sync 1 DAGs
[2025-03-14T15:36:27.876+0000] {logging_mixin.py:151} INFO - [2025-03-14T15:36:27.876+0000] {dag.py:3696} INFO - Setting next_dagrun for yfinance_lstm_training_dag to 2025-02-19T00:00:00+00:00, run_after=2025-02-20T00:00:00+00:00
[2025-03-14T15:36:27.903+0000] {processor.py:179} INFO - Processing /opt/airflow/dags/re_entrainment_model.py took 7.362 seconds
[2025-03-14T15:36:58.071+0000] {processor.py:157} INFO - Started process (PID=4640) to work on /opt/airflow/dags/re_entrainment_model.py
[2025-03-14T15:36:58.073+0000] {processor.py:829} INFO - Processing file /opt/airflow/dags/re_entrainment_model.py for tasks to queue
[2025-03-14T15:36:58.076+0000] {logging_mixin.py:151} INFO - [2025-03-14T15:36:58.075+0000] {dagbag.py:539} INFO - Filling up the DagBag from /opt/airflow/dags/re_entrainment_model.py
[2025-03-14T15:37:03.873+0000] {processor.py:839} INFO - DAG(s) dict_keys(['yfinance_lstm_training_dag']) retrieved from /opt/airflow/dags/re_entrainment_model.py
[2025-03-14T15:37:03.903+0000] {logging_mixin.py:151} INFO - [2025-03-14T15:37:03.903+0000] {dag.py:2915} INFO - Sync 1 DAGs
[2025-03-14T15:37:03.933+0000] {logging_mixin.py:151} INFO - [2025-03-14T15:37:03.933+0000] {dag.py:3696} INFO - Setting next_dagrun for yfinance_lstm_training_dag to 2025-03-07T00:00:00+00:00, run_after=2025-03-08T00:00:00+00:00
[2025-03-14T15:37:03.961+0000] {processor.py:179} INFO - Processing /opt/airflow/dags/re_entrainment_model.py took 5.900 seconds
[2025-03-14T15:37:27.159+0000] {processor.py:157} INFO - Started process (PID=4739) to work on /opt/airflow/dags/re_entrainment_model.py
[2025-03-14T15:37:27.161+0000] {processor.py:829} INFO - Processing file /opt/airflow/dags/re_entrainment_model.py for tasks to queue
[2025-03-14T15:37:27.163+0000] {logging_mixin.py:151} INFO - [2025-03-14T15:37:27.162+0000] {dagbag.py:539} INFO - Filling up the DagBag from /opt/airflow/dags/re_entrainment_model.py
[2025-03-14T15:37:32.400+0000] {processor.py:839} INFO - DAG(s) dict_keys(['yfinance_lstn_training_dag']) retrieved from /opt/airflow/dags/re_entrainment_model.py
[2025-03-14T15:37:32.704+0000] {logging_mixin.py:151} INFO - [2025-03-14T15:37:32.703+0000] {manager.py:499} INFO - Created Permission View: %s
[2025-03-14T15:37:32.719+0000] {logging_mixin.py:151} INFO - [2025-03-14T15:37:32.719+0000] {manager.py:499} INFO - Created Permission View: %s
[2025-03-14T15:37:32.730+0000] {logging_mixin.py:151} INFO - [2025-03-14T15:37:32.730+0000] {manager.py:499} INFO - Created Permission View: %s
[2025-03-14T15:37:32.732+0000] {logging_mixin.py:151} INFO - [2025-03-14T15:37:32.731+0000] {security.py:708} INFO - Not syncing DAG-level permissions for DAG 'DAG:yfinance_lstn_training_dag' as access control is unset.
[2025-03-14T15:37:32.733+0000] {logging_mixin.py:151} INFO - [2025-03-14T15:37:32.732+0000] {dag.py:2915} INFO - Sync 1 DAGs
[2025-03-14T15:37:32.746+0000] {logging_mixin.py:151} INFO - [2025-03-14T15:37:32.745+0000] {dag.py:2937} INFO - Creating ORM DAG for yfinance_lstn_training_dag
[2025-03-14T15:37:32.762+0000] {logging_mixin.py:151} INFO - [2025-03-14T15:37:32.761+0000] {dag.py:3696} INFO - Setting next_dagrun for yfinance_lstn_training_dag to 2025-03-02T00:00:00+00:00, run_after=2025-03-09T00:00:00+00:00
[2025-03-14T15:37:32.792+0000] {processor.py:179} INFO - Processing /opt/airflow/dags/re_entrainment_model.py took 5.637 seconds
[2025-03-14T15:37:48.014+0000] {processor.py:157} INFO - Started process (PID=4752) to work on /opt/airflow/dags/re_entrainment_model.py
[2025-03-14T15:37:48.017+0000] {processor.py:829} INFO - Processing file /opt/airflow/dags/re_entrainment_model.py for tasks to queue
[2025-03-14T15:37:48.020+0000] {logging_mixin.py:151} INFO - [2025-03-14T15:37:48.019+0000] {dagbag.py:539} INFO - Filling up the DagBag from /opt/airflow/dags/re_entrainment_model.py
[2025-03-14T15:37:50.566+0000] {processor.py:839} INFO - DAG(s) dict_keys(['yfinance_lstn_training_dag']) retrieved from /opt/airflow/dags/re_entrainment_model.py
[2025-03-14T15:37:50.590+0000] {logging_mixin.py:151} INFO - [2025-03-14T15:37:50.586+0000] {dag.py:2915} INFO - Sync 1 DAGs
[2025-03-14T15:37:50.631+0000] {logging_mixin.py:151} INFO - [2025-03-14T15:37:50.631+0000] {dag.py:3696} INFO - Setting next_dagrun for yfinance_lstn_training_dag to 2025-03-02T00:00:00+00:00, run_after=2025-03-09T00:00:00+00:00
[2025-03-14T15:37:50.671+0000] {processor.py:179} INFO - Processing /opt/airflow/dags/re_entrainment_model.py took 5.242 seconds
[2025-03-14T15:38:59.888+0000] {processor.py:157} INFO - Started process (PID=167) to work on /opt/airflow/dags/re_entrainment_model.py
[2025-03-14T15:38:59.890+0000] {processor.py:829} INFO - Processing file /opt/airflow/dags/re_entrainment_model.py for tasks to queue
[2025-03-14T15:38:59.892+0000] {logging_mixin.py:151} INFO - [2025-03-14T15:38:59.891+0000] {dagbag.py:539} INFO - Filling up the DagBag from /opt/airflow/dags/re_entrainment_model.py
[2025-03-14T15:39:09.643+0000] {processor.py:839} INFO - DAG(s) dict_keys(['yfinance_lstn_training_dag']) retrieved from /opt/airflow/dags/re_entrainment_model.py
[2025-03-14T15:39:09.998+0000] {logging_mixin.py:151} INFO - [2025-03-14T15:39:09.997+0000] {security.py:708} INFO - Not syncing DAG-level permissions for DAG 'DAG:yfinance_lstn_training_dag' as access control is unset.
[2025-03-14T15:39:10.020+0000] {logging_mixin.py:151} INFO - [2025-03-14T15:39:10.017+0000] {dag.py:2915} INFO - Sync 1 DAGs
[2025-03-14T15:39:10.120+0000] {logging_mixin.py:151} INFO - [2025-03-14T15:39:10.119+0000] {dag.py:3696} INFO - Setting next_dagrun for yfinance_lstn_training_dag to 2025-03-02T00:00:00+00:00, run_after=2025-03-09T00:00:00+00:00
[2025-03-14T15:39:10.290+0000] {processor.py:179} INFO - Processing /opt/airflow/dags/re_entrainment_model.py took 10.408 seconds
[2025-03-14T15:39:40.481+0000] {processor.py:157} INFO - Started process (PID=204) to work on /opt/airflow/dags/re_entrainment_model.py
[2025-03-14T15:39:40.483+0000] {processor.py:829} INFO - Processing file /opt/airflow/dags/re_entrainment_model.py for tasks to queue
[2025-03-14T15:39:40.484+0000] {logging_mixin.py:151} INFO - [2025-03-14T15:39:40.484+0000] {dagbag.py:539} INFO - Filling up the DagBag from /opt/airflow/dags/re_entrainment_model.py
[2025-03-14T15:39:46.315+0000] {processor.py:839} INFO - DAG(s) dict_keys(['yfinance_lstn_training_dag']) retrieved from /opt/airflow/dags/re_entrainment_model.py
[2025-03-14T15:39:46.350+0000] {logging_mixin.py:151} INFO - [2025-03-14T15:39:46.349+0000] {dag.py:2915} INFO - Sync 1 DAGs
[2025-03-14T15:39:46.385+0000] {logging_mixin.py:151} INFO - [2025-03-14T15:39:46.384+0000] {dag.py:3696} INFO - Setting next_dagrun for yfinance_lstn_training_dag to 2025-03-02T00:00:00+00:00, run_after=2025-03-09T00:00:00+00:00
[2025-03-14T15:39:46.420+0000] {processor.py:179} INFO - Processing /opt/airflow/dags/re_entrainment_model.py took 5.946 seconds
[2025-03-14T15:40:17.102+0000] {processor.py:157} INFO - Started process (PID=261) to work on /opt/airflow/dags/re_entrainment_model.py
[2025-03-14T15:40:17.105+0000] {processor.py:829} INFO - Processing file /opt/airflow/dags/re_entrainment_model.py for tasks to queue
[2025-03-14T15:40:17.107+0000] {logging_mixin.py:151} INFO - [2025-03-14T15:40:17.106+0000] {dagbag.py:539} INFO - Filling up the DagBag from /opt/airflow/dags/re_entrainment_model.py
[2025-03-14T15:40:22.061+0000] {processor.py:839} INFO - DAG(s) dict_keys(['yfinance_lstn_training_dag']) retrieved from /opt/airflow/dags/re_entrainment_model.py
[2025-03-14T15:40:22.085+0000] {logging_mixin.py:151} INFO - [2025-03-14T15:40:22.085+0000] {dag.py:2915} INFO - Sync 1 DAGs
[2025-03-14T15:40:22.117+0000] {logging_mixin.py:151} INFO - [2025-03-14T15:40:22.116+0000] {dag.py:3696} INFO - Setting next_dagrun for yfinance_lstn_training_dag to 2025-03-09T00:00:00+00:00, run_after=2025-03-16T00:00:00+00:00
[2025-03-14T15:40:22.147+0000] {processor.py:179} INFO - Processing /opt/airflow/dags/re_entrainment_model.py took 5.055 seconds
[2025-03-14T15:40:52.601+0000] {processor.py:157} INFO - Started process (PID=286) to work on /opt/airflow/dags/re_entrainment_model.py
[2025-03-14T15:40:52.604+0000] {processor.py:829} INFO - Processing file /opt/airflow/dags/re_entrainment_model.py for tasks to queue
[2025-03-14T15:40:52.606+0000] {logging_mixin.py:151} INFO - [2025-03-14T15:40:52.605+0000] {dagbag.py:539} INFO - Filling up the DagBag from /opt/airflow/dags/re_entrainment_model.py
[2025-03-14T15:40:57.553+0000] {processor.py:839} INFO - DAG(s) dict_keys(['yfinance_lstn_training_dag']) retrieved from /opt/airflow/dags/re_entrainment_model.py
[2025-03-14T15:40:57.578+0000] {logging_mixin.py:151} INFO - [2025-03-14T15:40:57.577+0000] {dag.py:2915} INFO - Sync 1 DAGs
[2025-03-14T15:40:57.601+0000] {logging_mixin.py:151} INFO - [2025-03-14T15:40:57.600+0000] {dag.py:3696} INFO - Setting next_dagrun for yfinance_lstn_training_dag to 2025-03-09T00:00:00+00:00, run_after=2025-03-16T00:00:00+00:00
[2025-03-14T15:40:57.625+0000] {processor.py:179} INFO - Processing /opt/airflow/dags/re_entrainment_model.py took 5.031 seconds
[2025-03-14T15:41:27.870+0000] {processor.py:157} INFO - Started process (PID=311) to work on /opt/airflow/dags/re_entrainment_model.py
[2025-03-14T15:41:27.872+0000] {processor.py:829} INFO - Processing file /opt/airflow/dags/re_entrainment_model.py for tasks to queue
[2025-03-14T15:41:27.873+0000] {logging_mixin.py:151} INFO - [2025-03-14T15:41:27.873+0000] {dagbag.py:539} INFO - Filling up the DagBag from /opt/airflow/dags/re_entrainment_model.py
[2025-03-14T15:41:30.146+0000] {processor.py:839} INFO - DAG(s) dict_keys(['yfinance_lstn_training_dag']) retrieved from /opt/airflow/dags/re_entrainment_model.py
[2025-03-14T15:41:30.196+0000] {logging_mixin.py:151} INFO - [2025-03-14T15:41:30.195+0000] {dag.py:2915} INFO - Sync 1 DAGs
[2025-03-14T15:41:30.247+0000] {logging_mixin.py:151} INFO - [2025-03-14T15:41:30.245+0000] {dag.py:3696} INFO - Setting next_dagrun for yfinance_lstn_training_dag to 2025-03-09T00:00:00+00:00, run_after=2025-03-16T00:00:00+00:00
[2025-03-14T15:41:30.294+0000] {processor.py:179} INFO - Processing /opt/airflow/dags/re_entrainment_model.py took 4.998 seconds
[2025-03-14T15:42:00.414+0000] {processor.py:157} INFO - Started process (PID=336) to work on /opt/airflow/dags/re_entrainment_model.py
[2025-03-14T15:42:00.423+0000] {processor.py:829} INFO - Processing file /opt/airflow/dags/re_entrainment_model.py for tasks to queue
[2025-03-14T15:42:00.425+0000] {logging_mixin.py:151} INFO - [2025-03-14T15:42:00.424+0000] {dagbag.py:539} INFO - Filling up the DagBag from /opt/airflow/dags/re_entrainment_model.py
[2025-03-14T15:42:06.284+0000] {processor.py:839} INFO - DAG(s) dict_keys(['yfinance_lstn_training_dag']) retrieved from /opt/airflow/dags/re_entrainment_model.py
[2025-03-14T15:42:06.322+0000] {logging_mixin.py:151} INFO - [2025-03-14T15:42:06.321+0000] {dag.py:2915} INFO - Sync 1 DAGs
[2025-03-14T15:42:06.358+0000] {logging_mixin.py:151} INFO - [2025-03-14T15:42:06.358+0000] {dag.py:3696} INFO - Setting next_dagrun for yfinance_lstn_training_dag to 2025-03-09T00:00:00+00:00, run_after=2025-03-16T00:00:00+00:00
[2025-03-14T15:42:06.386+0000] {processor.py:179} INFO - Processing /opt/airflow/dags/re_entrainment_model.py took 5.977 seconds
[2025-03-14T15:42:10.383+0000] {processor.py:157} INFO - Started process (PID=349) to work on /opt/airflow/dags/re_entrainment_model.py
[2025-03-14T15:42:10.385+0000] {processor.py:829} INFO - Processing file /opt/airflow/dags/re_entrainment_model.py for tasks to queue
[2025-03-14T15:42:10.387+0000] {logging_mixin.py:151} INFO - [2025-03-14T15:42:10.386+0000] {dagbag.py:539} INFO - Filling up the DagBag from /opt/airflow/dags/re_entrainment_model.py
[2025-03-14T15:42:14.184+0000] {processor.py:839} INFO - DAG(s) dict_keys(['yfinance_lstm_training_dag']) retrieved from /opt/airflow/dags/re_entrainment_model.py
[2025-03-14T15:42:14.296+0000] {logging_mixin.py:151} INFO - [2025-03-14T15:42:14.296+0000] {security.py:708} INFO - Not syncing DAG-level permissions for DAG 'DAG:yfinance_lstm_training_dag' as access control is unset.
[2025-03-14T15:42:14.298+0000] {logging_mixin.py:151} INFO - [2025-03-14T15:42:14.297+0000] {dag.py:2915} INFO - Sync 1 DAGs
[2025-03-14T15:42:14.320+0000] {logging_mixin.py:151} INFO - [2025-03-14T15:42:14.320+0000] {dag.py:3696} INFO - Setting next_dagrun for yfinance_lstm_training_dag to 2025-03-09T00:00:00+00:00, run_after=2025-03-16T00:00:00+00:00
[2025-03-14T15:42:14.356+0000] {processor.py:179} INFO - Processing /opt/airflow/dags/re_entrainment_model.py took 3.978 seconds
[2025-03-14T15:42:30.252+0000] {processor.py:157} INFO - Started process (PID=374) to work on /opt/airflow/dags/re_entrainment_model.py
[2025-03-14T15:42:30.253+0000] {processor.py:829} INFO - Processing file /opt/airflow/dags/re_entrainment_model.py for tasks to queue
[2025-03-14T15:42:30.254+0000] {logging_mixin.py:151} INFO - [2025-03-14T15:42:30.254+0000] {dagbag.py:539} INFO - Filling up the DagBag from /opt/airflow/dags/re_entrainment_model.py
[2025-03-14T15:42:34.216+0000] {processor.py:839} INFO - DAG(s) dict_keys(['yfinance_lstm_training_dag']) retrieved from /opt/airflow/dags/re_entrainment_model.py
[2025-03-14T15:42:34.238+0000] {logging_mixin.py:151} INFO - [2025-03-14T15:42:34.237+0000] {dag.py:2915} INFO - Sync 1 DAGs
[2025-03-14T15:42:34.288+0000] {logging_mixin.py:151} INFO - [2025-03-14T15:42:34.288+0000] {dag.py:3696} INFO - Setting next_dagrun for yfinance_lstm_training_dag to 2025-03-09T00:00:00+00:00, run_after=2025-03-16T00:00:00+00:00
[2025-03-14T15:42:34.331+0000] {processor.py:179} INFO - Processing /opt/airflow/dags/re_entrainment_model.py took 4.082 seconds
[2025-03-14T15:43:04.689+0000] {processor.py:157} INFO - Started process (PID=399) to work on /opt/airflow/dags/re_entrainment_model.py
[2025-03-14T15:43:04.691+0000] {processor.py:829} INFO - Processing file /opt/airflow/dags/re_entrainment_model.py for tasks to queue
[2025-03-14T15:43:04.692+0000] {logging_mixin.py:151} INFO - [2025-03-14T15:43:04.692+0000] {dagbag.py:539} INFO - Filling up the DagBag from /opt/airflow/dags/re_entrainment_model.py
[2025-03-14T15:43:10.734+0000] {processor.py:839} INFO - DAG(s) dict_keys(['yfinance_lstm_training_dag']) retrieved from /opt/airflow/dags/re_entrainment_model.py
[2025-03-14T15:43:10.795+0000] {logging_mixin.py:151} INFO - [2025-03-14T15:43:10.792+0000] {dag.py:2915} INFO - Sync 1 DAGs
[2025-03-14T15:43:10.847+0000] {logging_mixin.py:151} INFO - [2025-03-14T15:43:10.847+0000] {dag.py:3696} INFO - Setting next_dagrun for yfinance_lstm_training_dag to 2025-03-09T00:00:00+00:00, run_after=2025-03-16T00:00:00+00:00
[2025-03-14T15:43:10.887+0000] {processor.py:179} INFO - Processing /opt/airflow/dags/re_entrainment_model.py took 6.201 seconds
[2025-03-14T15:43:28.741+0000] {processor.py:157} INFO - Started process (PID=433) to work on /opt/airflow/dags/re_entrainment_model.py
[2025-03-14T15:43:28.743+0000] {processor.py:829} INFO - Processing file /opt/airflow/dags/re_entrainment_model.py for tasks to queue
[2025-03-14T15:43:28.744+0000] {logging_mixin.py:151} INFO - [2025-03-14T15:43:28.744+0000] {dagbag.py:539} INFO - Filling up the DagBag from /opt/airflow/dags/re_entrainment_model.py
[2025-03-14T15:43:33.198+0000] {processor.py:839} INFO - DAG(s) dict_keys(['yfinance_lstm_training_dag']) retrieved from /opt/airflow/dags/re_entrainment_model.py
[2025-03-14T15:43:33.233+0000] {logging_mixin.py:151} INFO - [2025-03-14T15:43:33.231+0000] {dag.py:2915} INFO - Sync 1 DAGs
[2025-03-14T15:43:33.272+0000] {logging_mixin.py:151} INFO - [2025-03-14T15:43:33.271+0000] {dag.py:3696} INFO - Setting next_dagrun for yfinance_lstm_training_dag to 2025-03-09T00:00:00+00:00, run_after=2025-03-16T00:00:00+00:00
[2025-03-14T15:43:33.313+0000] {processor.py:179} INFO - Processing /opt/airflow/dags/re_entrainment_model.py took 4.574 seconds
[2025-03-14T15:44:04.031+0000] {processor.py:157} INFO - Started process (PID=467) to work on /opt/airflow/dags/re_entrainment_model.py
[2025-03-14T15:44:04.033+0000] {processor.py:829} INFO - Processing file /opt/airflow/dags/re_entrainment_model.py for tasks to queue
[2025-03-14T15:44:04.035+0000] {logging_mixin.py:151} INFO - [2025-03-14T15:44:04.034+0000] {dagbag.py:539} INFO - Filling up the DagBag from /opt/airflow/dags/re_entrainment_model.py
[2025-03-14T15:44:08.764+0000] {processor.py:839} INFO - DAG(s) dict_keys(['yfinance_lstm_training_dag']) retrieved from /opt/airflow/dags/re_entrainment_model.py
[2025-03-14T15:44:08.827+0000] {logging_mixin.py:151} INFO - [2025-03-14T15:44:08.819+0000] {dag.py:2915} INFO - Sync 1 DAGs
[2025-03-14T15:44:08.908+0000] {logging_mixin.py:151} INFO - [2025-03-14T15:44:08.908+0000] {dag.py:3696} INFO - Setting next_dagrun for yfinance_lstm_training_dag to 2025-03-09T00:00:00+00:00, run_after=2025-03-16T00:00:00+00:00
[2025-03-14T15:44:08.966+0000] {processor.py:179} INFO - Processing /opt/airflow/dags/re_entrainment_model.py took 4.941 seconds
[2025-03-14T15:45:05.245+0000] {processor.py:157} INFO - Started process (PID=168) to work on /opt/airflow/dags/re_entrainment_model.py
[2025-03-14T15:45:05.247+0000] {processor.py:829} INFO - Processing file /opt/airflow/dags/re_entrainment_model.py for tasks to queue
[2025-03-14T15:45:05.248+0000] {logging_mixin.py:151} INFO - [2025-03-14T15:45:05.248+0000] {dagbag.py:539} INFO - Filling up the DagBag from /opt/airflow/dags/re_entrainment_model.py
[2025-03-14T15:45:11.640+0000] {processor.py:839} INFO - DAG(s) dict_keys(['yfinance_lstm_training_dag']) retrieved from /opt/airflow/dags/re_entrainment_model.py
[2025-03-14T15:45:11.837+0000] {logging_mixin.py:151} INFO - [2025-03-14T15:45:11.836+0000] {security.py:708} INFO - Not syncing DAG-level permissions for DAG 'DAG:yfinance_lstm_training_dag' as access control is unset.
[2025-03-14T15:45:11.838+0000] {logging_mixin.py:151} INFO - [2025-03-14T15:45:11.838+0000] {dag.py:2915} INFO - Sync 1 DAGs
[2025-03-14T15:45:11.868+0000] {logging_mixin.py:151} INFO - [2025-03-14T15:45:11.868+0000] {dag.py:3696} INFO - Setting next_dagrun for yfinance_lstm_training_dag to 2025-03-09T00:00:00+00:00, run_after=2025-03-16T00:00:00+00:00
[2025-03-14T15:45:11.896+0000] {processor.py:179} INFO - Processing /opt/airflow/dags/re_entrainment_model.py took 9.280 seconds
[2025-03-14T15:45:42.091+0000] {processor.py:157} INFO - Started process (PID=205) to work on /opt/airflow/dags/re_entrainment_model.py
[2025-03-14T15:45:42.093+0000] {processor.py:829} INFO - Processing file /opt/airflow/dags/re_entrainment_model.py for tasks to queue
[2025-03-14T15:45:42.094+0000] {logging_mixin.py:151} INFO - [2025-03-14T15:45:42.094+0000] {dagbag.py:539} INFO - Filling up the DagBag from /opt/airflow/dags/re_entrainment_model.py
[2025-03-14T15:45:47.306+0000] {processor.py:839} INFO - DAG(s) dict_keys(['yfinance_lstm_training_dag']) retrieved from /opt/airflow/dags/re_entrainment_model.py
[2025-03-14T15:45:47.330+0000] {logging_mixin.py:151} INFO - [2025-03-14T15:45:47.330+0000] {dag.py:2915} INFO - Sync 1 DAGs
[2025-03-14T15:45:47.375+0000] {logging_mixin.py:151} INFO - [2025-03-14T15:45:47.375+0000] {dag.py:3696} INFO - Setting next_dagrun for yfinance_lstm_training_dag to 2025-03-09T00:00:00+00:00, run_after=2025-03-16T00:00:00+00:00
[2025-03-14T15:45:47.412+0000] {processor.py:179} INFO - Processing /opt/airflow/dags/re_entrainment_model.py took 5.325 seconds
[2025-03-14T15:49:44.629+0000] {processor.py:157} INFO - Started process (PID=244) to work on /opt/airflow/dags/re_entrainment_model.py
[2025-03-14T15:49:44.641+0000] {processor.py:829} INFO - Processing file /opt/airflow/dags/re_entrainment_model.py for tasks to queue
[2025-03-14T15:49:44.643+0000] {logging_mixin.py:151} INFO - [2025-03-14T15:49:44.642+0000] {dagbag.py:539} INFO - Filling up the DagBag from /opt/airflow/dags/re_entrainment_model.py
[2025-03-14T15:49:54.419+0000] {processor.py:839} INFO - DAG(s) dict_keys(['yfinance_lstm_training_dag']) retrieved from /opt/airflow/dags/re_entrainment_model.py
[2025-03-14T15:49:54.462+0000] {logging_mixin.py:151} INFO - [2025-03-14T15:49:54.461+0000] {dag.py:2915} INFO - Sync 1 DAGs
[2025-03-14T15:49:54.520+0000] {logging_mixin.py:151} INFO - [2025-03-14T15:49:54.519+0000] {dag.py:3696} INFO - Setting next_dagrun for yfinance_lstm_training_dag to 2025-03-09T00:00:00+00:00, run_after=2025-03-16T00:00:00+00:00
[2025-03-14T15:49:54.589+0000] {processor.py:179} INFO - Processing /opt/airflow/dags/re_entrainment_model.py took 9.967 seconds
[2025-03-14T15:50:01.771+0000] {processor.py:157} INFO - Started process (PID=271) to work on /opt/airflow/dags/re_entrainment_model.py
[2025-03-14T15:50:01.773+0000] {processor.py:829} INFO - Processing file /opt/airflow/dags/re_entrainment_model.py for tasks to queue
[2025-03-14T15:50:01.774+0000] {logging_mixin.py:151} INFO - [2025-03-14T15:50:01.774+0000] {dagbag.py:539} INFO - Filling up the DagBag from /opt/airflow/dags/re_entrainment_model.py
[2025-03-14T15:50:07.094+0000] {processor.py:839} INFO - DAG(s) dict_keys(['yfinance_lstn_training_dag']) retrieved from /opt/airflow/dags/re_entrainment_model.py
[2025-03-14T15:50:07.237+0000] {logging_mixin.py:151} INFO - [2025-03-14T15:50:07.236+0000] {security.py:708} INFO - Not syncing DAG-level permissions for DAG 'DAG:yfinance_lstn_training_dag' as access control is unset.
[2025-03-14T15:50:07.238+0000] {logging_mixin.py:151} INFO - [2025-03-14T15:50:07.237+0000] {dag.py:2915} INFO - Sync 1 DAGs
[2025-03-14T15:50:07.277+0000] {logging_mixin.py:151} INFO - [2025-03-14T15:50:07.277+0000] {dag.py:3696} INFO - Setting next_dagrun for yfinance_lstn_training_dag to 2025-03-09T00:00:00+00:00, run_after=2025-03-16T00:00:00+00:00
[2025-03-14T15:50:07.357+0000] {processor.py:179} INFO - Processing /opt/airflow/dags/re_entrainment_model.py took 5.589 seconds
[2025-03-14T15:50:37.971+0000] {processor.py:157} INFO - Started process (PID=314) to work on /opt/airflow/dags/re_entrainment_model.py
[2025-03-14T15:50:37.973+0000] {processor.py:829} INFO - Processing file /opt/airflow/dags/re_entrainment_model.py for tasks to queue
[2025-03-14T15:50:37.974+0000] {logging_mixin.py:151} INFO - [2025-03-14T15:50:37.974+0000] {dagbag.py:539} INFO - Filling up the DagBag from /opt/airflow/dags/re_entrainment_model.py
[2025-03-14T15:50:43.696+0000] {processor.py:839} INFO - DAG(s) dict_keys(['yfinance_lstn_training_dag']) retrieved from /opt/airflow/dags/re_entrainment_model.py
[2025-03-14T15:50:43.840+0000] {logging_mixin.py:151} INFO - [2025-03-14T15:50:43.839+0000] {dag.py:2915} INFO - Sync 1 DAGs
[2025-03-14T15:50:43.980+0000] {logging_mixin.py:151} INFO - [2025-03-14T15:50:43.979+0000] {dag.py:3696} INFO - Setting next_dagrun for yfinance_lstn_training_dag to 2025-03-09T00:00:00+00:00, run_after=2025-03-16T00:00:00+00:00
[2025-03-14T15:50:44.074+0000] {processor.py:179} INFO - Processing /opt/airflow/dags/re_entrainment_model.py took 6.108 seconds
[2025-03-14T15:51:44.791+0000] {processor.py:157} INFO - Started process (PID=166) to work on /opt/airflow/dags/re_entrainment_model.py
[2025-03-14T15:51:44.793+0000] {processor.py:829} INFO - Processing file /opt/airflow/dags/re_entrainment_model.py for tasks to queue
[2025-03-14T15:51:44.795+0000] {logging_mixin.py:151} INFO - [2025-03-14T15:51:44.794+0000] {dagbag.py:539} INFO - Filling up the DagBag from /opt/airflow/dags/re_entrainment_model.py
[2025-03-14T15:51:50.160+0000] {processor.py:839} INFO - DAG(s) dict_keys(['yfinance_lstm_training_dag']) retrieved from /opt/airflow/dags/re_entrainment_model.py
[2025-03-14T15:51:50.375+0000] {logging_mixin.py:151} INFO - [2025-03-14T15:51:50.374+0000] {security.py:708} INFO - Not syncing DAG-level permissions for DAG 'DAG:yfinance_lstm_training_dag' as access control is unset.
[2025-03-14T15:51:50.380+0000] {logging_mixin.py:151} INFO - [2025-03-14T15:51:50.376+0000] {dag.py:2915} INFO - Sync 1 DAGs
[2025-03-14T15:51:50.420+0000] {logging_mixin.py:151} INFO - [2025-03-14T15:51:50.420+0000] {dag.py:3696} INFO - Setting next_dagrun for yfinance_lstm_training_dag to 2025-03-09T00:00:00+00:00, run_after=2025-03-16T00:00:00+00:00
[2025-03-14T15:51:50.457+0000] {processor.py:179} INFO - Processing /opt/airflow/dags/re_entrainment_model.py took 7.686 seconds
[2025-03-14T15:52:21.097+0000] {processor.py:157} INFO - Started process (PID=218) to work on /opt/airflow/dags/re_entrainment_model.py
[2025-03-14T15:52:21.099+0000] {processor.py:829} INFO - Processing file /opt/airflow/dags/re_entrainment_model.py for tasks to queue
[2025-03-14T15:52:21.100+0000] {logging_mixin.py:151} INFO - [2025-03-14T15:52:21.100+0000] {dagbag.py:539} INFO - Filling up the DagBag from /opt/airflow/dags/re_entrainment_model.py
[2025-03-14T15:52:26.189+0000] {processor.py:839} INFO - DAG(s) dict_keys(['yfinance_lstm_training_dag']) retrieved from /opt/airflow/dags/re_entrainment_model.py
[2025-03-14T15:52:26.231+0000] {logging_mixin.py:151} INFO - [2025-03-14T15:52:26.230+0000] {dag.py:2915} INFO - Sync 1 DAGs
[2025-03-14T15:52:26.272+0000] {logging_mixin.py:151} INFO - [2025-03-14T15:52:26.271+0000] {dag.py:3696} INFO - Setting next_dagrun for yfinance_lstm_training_dag to 2025-03-09T00:00:00+00:00, run_after=2025-03-16T00:00:00+00:00
[2025-03-14T15:52:26.308+0000] {processor.py:179} INFO - Processing /opt/airflow/dags/re_entrainment_model.py took 5.214 seconds
[2025-03-14T15:52:56.777+0000] {processor.py:157} INFO - Started process (PID=257) to work on /opt/airflow/dags/re_entrainment_model.py
[2025-03-14T15:52:56.779+0000] {processor.py:829} INFO - Processing file /opt/airflow/dags/re_entrainment_model.py for tasks to queue
[2025-03-14T15:52:56.781+0000] {logging_mixin.py:151} INFO - [2025-03-14T15:52:56.780+0000] {dagbag.py:539} INFO - Filling up the DagBag from /opt/airflow/dags/re_entrainment_model.py
[2025-03-14T15:53:01.701+0000] {processor.py:839} INFO - DAG(s) dict_keys(['yfinance_lstm_training_dag']) retrieved from /opt/airflow/dags/re_entrainment_model.py
[2025-03-14T15:53:01.722+0000] {logging_mixin.py:151} INFO - [2025-03-14T15:53:01.722+0000] {dag.py:2915} INFO - Sync 1 DAGs
[2025-03-14T15:53:01.743+0000] {logging_mixin.py:151} INFO - [2025-03-14T15:53:01.743+0000] {dag.py:3696} INFO - Setting next_dagrun for yfinance_lstm_training_dag to 2025-03-09T00:00:00+00:00, run_after=2025-03-16T00:00:00+00:00
[2025-03-14T15:53:01.763+0000] {processor.py:179} INFO - Processing /opt/airflow/dags/re_entrainment_model.py took 4.992 seconds
[2025-03-14T15:53:32.427+0000] {processor.py:157} INFO - Started process (PID=282) to work on /opt/airflow/dags/re_entrainment_model.py
[2025-03-14T15:53:32.429+0000] {processor.py:829} INFO - Processing file /opt/airflow/dags/re_entrainment_model.py for tasks to queue
[2025-03-14T15:53:32.433+0000] {logging_mixin.py:151} INFO - [2025-03-14T15:53:32.431+0000] {dagbag.py:539} INFO - Filling up the DagBag from /opt/airflow/dags/re_entrainment_model.py
[2025-03-14T15:53:35.956+0000] {processor.py:839} INFO - DAG(s) dict_keys(['yfinance_lstm_training_dag']) retrieved from /opt/airflow/dags/re_entrainment_model.py
[2025-03-14T15:53:35.978+0000] {logging_mixin.py:151} INFO - [2025-03-14T15:53:35.977+0000] {dag.py:2915} INFO - Sync 1 DAGs
[2025-03-14T15:53:36.004+0000] {logging_mixin.py:151} INFO - [2025-03-14T15:53:36.003+0000] {dag.py:3696} INFO - Setting next_dagrun for yfinance_lstm_training_dag to 2025-03-02T00:00:00+00:00, run_after=2025-03-09T00:00:00+00:00
[2025-03-14T15:53:36.032+0000] {processor.py:179} INFO - Processing /opt/airflow/dags/re_entrainment_model.py took 3.611 seconds
[2025-03-14T15:54:06.575+0000] {processor.py:157} INFO - Started process (PID=391) to work on /opt/airflow/dags/re_entrainment_model.py
[2025-03-14T15:54:06.578+0000] {processor.py:829} INFO - Processing file /opt/airflow/dags/re_entrainment_model.py for tasks to queue
[2025-03-14T15:54:06.605+0000] {logging_mixin.py:151} INFO - [2025-03-14T15:54:06.601+0000] {dagbag.py:539} INFO - Filling up the DagBag from /opt/airflow/dags/re_entrainment_model.py
[2025-03-14T15:54:47.466+0000] {logging_mixin.py:151} INFO - [2025-03-14T15:54:47.460+0000] {timeout.py:68} ERROR - Process timed out, PID: 391
[2025-03-14T15:54:47.481+0000] {logging_mixin.py:151} INFO - [2025-03-14T15:54:47.468+0000] {dagbag.py:347} ERROR - Failed to import: /opt/airflow/dags/re_entrainment_model.py
Traceback (most recent call last):
  File "/home/airflow/.local/lib/python3.8/site-packages/airflow/models/dagbag.py", line 343, in parse
    loader.exec_module(new_module)
  File "<frozen importlib._bootstrap_external>", line 843, in exec_module
  File "<frozen importlib._bootstrap>", line 219, in _call_with_frames_removed
  File "/opt/airflow/dags/re_entrainment_model.py", line 9, in <module>
    from tensorflow.keras.models import Sequential, load_model
  File "/home/airflow/.local/lib/python3.8/site-packages/tensorflow/__init__.py", line 38, in <module>
    from tensorflow.python.tools import module_util as _module_util
  File "/home/airflow/.local/lib/python3.8/site-packages/tensorflow/python/__init__.py", line 36, in <module>
    from tensorflow.python import pywrap_tensorflow as _pywrap_tensorflow
  File "/home/airflow/.local/lib/python3.8/site-packages/tensorflow/python/pywrap_tensorflow.py", line 26, in <module>
    self_check.preload_check()
  File "/home/airflow/.local/lib/python3.8/site-packages/tensorflow/python/platform/self_check.py", line 63, in preload_check
    from tensorflow.python.platform import _pywrap_cpu_feature_guard
  File "/home/airflow/.local/lib/python3.8/site-packages/airflow/utils/timeout.py", line 69, in handle_timeout
    raise AirflowTaskTimeout(self.error_message)
airflow.exceptions.AirflowTaskTimeout: DagBag import timeout for /opt/airflow/dags/re_entrainment_model.py after 30.0s.
Please take a look at these docs to improve your DAG import time:
* https://airflow.apache.org/docs/apache-airflow/2.7.1/best-practices.html#top-level-python-code
* https://airflow.apache.org/docs/apache-airflow/2.7.1/best-practices.html#reducing-dag-complexity, PID: 391
[2025-03-14T15:54:47.483+0000] {processor.py:841} WARNING - No viable dags retrieved from /opt/airflow/dags/re_entrainment_model.py
[2025-03-14T15:54:47.578+0000] {processor.py:179} INFO - Processing /opt/airflow/dags/re_entrainment_model.py took 46.501 seconds
[2025-03-14T15:55:17.712+0000] {processor.py:157} INFO - Started process (PID=482) to work on /opt/airflow/dags/re_entrainment_model.py
[2025-03-14T15:55:17.714+0000] {processor.py:829} INFO - Processing file /opt/airflow/dags/re_entrainment_model.py for tasks to queue
[2025-03-14T15:55:17.716+0000] {logging_mixin.py:151} INFO - [2025-03-14T15:55:17.716+0000] {dagbag.py:539} INFO - Filling up the DagBag from /opt/airflow/dags/re_entrainment_model.py
[2025-03-14T15:55:22.450+0000] {processor.py:839} INFO - DAG(s) dict_keys(['yfinance_lstm_training_dag']) retrieved from /opt/airflow/dags/re_entrainment_model.py
[2025-03-14T15:55:22.479+0000] {logging_mixin.py:151} INFO - [2025-03-14T15:55:22.477+0000] {dag.py:2915} INFO - Sync 1 DAGs
[2025-03-14T15:55:22.512+0000] {logging_mixin.py:151} INFO - [2025-03-14T15:55:22.512+0000] {dag.py:3696} INFO - Setting next_dagrun for yfinance_lstm_training_dag to 2025-03-02T00:00:00+00:00, run_after=2025-03-09T00:00:00+00:00
[2025-03-14T15:55:22.545+0000] {processor.py:179} INFO - Processing /opt/airflow/dags/re_entrainment_model.py took 4.840 seconds
[2025-03-14T15:55:52.774+0000] {processor.py:157} INFO - Started process (PID=523) to work on /opt/airflow/dags/re_entrainment_model.py
[2025-03-14T15:55:52.776+0000] {processor.py:829} INFO - Processing file /opt/airflow/dags/re_entrainment_model.py for tasks to queue
[2025-03-14T15:55:52.779+0000] {logging_mixin.py:151} INFO - [2025-03-14T15:55:52.778+0000] {dagbag.py:539} INFO - Filling up the DagBag from /opt/airflow/dags/re_entrainment_model.py
[2025-03-14T15:55:57.035+0000] {processor.py:839} INFO - DAG(s) dict_keys(['yfinance_lstm_training_dag']) retrieved from /opt/airflow/dags/re_entrainment_model.py
[2025-03-14T15:55:57.066+0000] {logging_mixin.py:151} INFO - [2025-03-14T15:55:57.065+0000] {dag.py:2915} INFO - Sync 1 DAGs
[2025-03-14T15:55:57.100+0000] {logging_mixin.py:151} INFO - [2025-03-14T15:55:57.100+0000] {dag.py:3696} INFO - Setting next_dagrun for yfinance_lstm_training_dag to 2025-03-09T00:00:00+00:00, run_after=2025-03-16T00:00:00+00:00
[2025-03-14T15:55:57.126+0000] {processor.py:179} INFO - Processing /opt/airflow/dags/re_entrainment_model.py took 4.360 seconds
[2025-03-14T15:56:27.445+0000] {processor.py:157} INFO - Started process (PID=554) to work on /opt/airflow/dags/re_entrainment_model.py
[2025-03-14T15:56:27.446+0000] {processor.py:829} INFO - Processing file /opt/airflow/dags/re_entrainment_model.py for tasks to queue
[2025-03-14T15:56:27.447+0000] {logging_mixin.py:151} INFO - [2025-03-14T15:56:27.447+0000] {dagbag.py:539} INFO - Filling up the DagBag from /opt/airflow/dags/re_entrainment_model.py
[2025-03-14T15:56:30.803+0000] {processor.py:839} INFO - DAG(s) dict_keys(['yfinance_lstm_training_dag']) retrieved from /opt/airflow/dags/re_entrainment_model.py
[2025-03-14T15:56:30.828+0000] {logging_mixin.py:151} INFO - [2025-03-14T15:56:30.827+0000] {dag.py:2915} INFO - Sync 1 DAGs
[2025-03-14T15:56:30.854+0000] {logging_mixin.py:151} INFO - [2025-03-14T15:56:30.854+0000] {dag.py:3696} INFO - Setting next_dagrun for yfinance_lstm_training_dag to 2025-03-09T00:00:00+00:00, run_after=2025-03-16T00:00:00+00:00
[2025-03-14T15:56:30.874+0000] {processor.py:179} INFO - Processing /opt/airflow/dags/re_entrainment_model.py took 3.432 seconds
[2025-03-14T15:57:01.437+0000] {processor.py:157} INFO - Started process (PID=579) to work on /opt/airflow/dags/re_entrainment_model.py
[2025-03-14T15:57:01.439+0000] {processor.py:829} INFO - Processing file /opt/airflow/dags/re_entrainment_model.py for tasks to queue
[2025-03-14T15:57:01.442+0000] {logging_mixin.py:151} INFO - [2025-03-14T15:57:01.441+0000] {dagbag.py:539} INFO - Filling up the DagBag from /opt/airflow/dags/re_entrainment_model.py
[2025-03-14T15:57:04.672+0000] {processor.py:839} INFO - DAG(s) dict_keys(['yfinance_lstm_training_dag']) retrieved from /opt/airflow/dags/re_entrainment_model.py
[2025-03-14T15:57:04.696+0000] {logging_mixin.py:151} INFO - [2025-03-14T15:57:04.696+0000] {dag.py:2915} INFO - Sync 1 DAGs
[2025-03-14T15:57:04.728+0000] {logging_mixin.py:151} INFO - [2025-03-14T15:57:04.727+0000] {dag.py:3696} INFO - Setting next_dagrun for yfinance_lstm_training_dag to 2025-03-09T00:00:00+00:00, run_after=2025-03-16T00:00:00+00:00
[2025-03-14T15:57:02.337+0000] {processor.py:179} INFO - Processing /opt/airflow/dags/re_entrainment_model.py took 3.329 seconds
[2025-03-14T15:57:32.873+0000] {processor.py:157} INFO - Started process (PID=604) to work on /opt/airflow/dags/re_entrainment_model.py
[2025-03-14T15:57:32.875+0000] {processor.py:829} INFO - Processing file /opt/airflow/dags/re_entrainment_model.py for tasks to queue
[2025-03-14T15:57:32.876+0000] {logging_mixin.py:151} INFO - [2025-03-14T15:57:32.876+0000] {dagbag.py:539} INFO - Filling up the DagBag from /opt/airflow/dags/re_entrainment_model.py
[2025-03-14T15:57:35.826+0000] {processor.py:839} INFO - DAG(s) dict_keys(['yfinance_lstm_training_dag']) retrieved from /opt/airflow/dags/re_entrainment_model.py
[2025-03-14T15:57:35.852+0000] {logging_mixin.py:151} INFO - [2025-03-14T15:57:35.851+0000] {dag.py:2915} INFO - Sync 1 DAGs
[2025-03-14T15:57:35.875+0000] {logging_mixin.py:151} INFO - [2025-03-14T15:57:35.874+0000] {dag.py:3696} INFO - Setting next_dagrun for yfinance_lstm_training_dag to 2025-03-09T00:00:00+00:00, run_after=2025-03-16T00:00:00+00:00
[2025-03-14T15:57:35.918+0000] {processor.py:179} INFO - Processing /opt/airflow/dags/re_entrainment_model.py took 3.049 seconds
[2025-03-14T15:58:06.298+0000] {processor.py:157} INFO - Started process (PID=629) to work on /opt/airflow/dags/re_entrainment_model.py
[2025-03-14T15:58:06.300+0000] {processor.py:829} INFO - Processing file /opt/airflow/dags/re_entrainment_model.py for tasks to queue
[2025-03-14T15:58:06.302+0000] {logging_mixin.py:151} INFO - [2025-03-14T15:58:06.302+0000] {dagbag.py:539} INFO - Filling up the DagBag from /opt/airflow/dags/re_entrainment_model.py
[2025-03-14T15:58:09.319+0000] {processor.py:839} INFO - DAG(s) dict_keys(['yfinance_lstm_training_dag']) retrieved from /opt/airflow/dags/re_entrainment_model.py
[2025-03-14T15:58:09.340+0000] {logging_mixin.py:151} INFO - [2025-03-14T15:58:09.339+0000] {dag.py:2915} INFO - Sync 1 DAGs
[2025-03-14T15:58:09.362+0000] {logging_mixin.py:151} INFO - [2025-03-14T15:58:09.362+0000] {dag.py:3696} INFO - Setting next_dagrun for yfinance_lstm_training_dag to 2025-03-09T00:00:00+00:00, run_after=2025-03-16T00:00:00+00:00
[2025-03-14T15:58:09.387+0000] {processor.py:179} INFO - Processing /opt/airflow/dags/re_entrainment_model.py took 3.092 seconds
[2025-03-14T15:58:39.657+0000] {processor.py:157} INFO - Started process (PID=654) to work on /opt/airflow/dags/re_entrainment_model.py
[2025-03-14T15:58:39.661+0000] {processor.py:829} INFO - Processing file /opt/airflow/dags/re_entrainment_model.py for tasks to queue
[2025-03-14T15:58:39.665+0000] {logging_mixin.py:151} INFO - [2025-03-14T15:58:39.664+0000] {dagbag.py:539} INFO - Filling up the DagBag from /opt/airflow/dags/re_entrainment_model.py
[2025-03-14T15:58:47.075+0000] {processor.py:839} INFO - DAG(s) dict_keys(['yfinance_lstm_training_dag']) retrieved from /opt/airflow/dags/re_entrainment_model.py
[2025-03-14T15:58:47.111+0000] {logging_mixin.py:151} INFO - [2025-03-14T15:58:47.110+0000] {dag.py:2915} INFO - Sync 1 DAGs
[2025-03-14T15:58:47.158+0000] {logging_mixin.py:151} INFO - [2025-03-14T15:58:47.158+0000] {dag.py:3696} INFO - Setting next_dagrun for yfinance_lstm_training_dag to 2025-03-09T00:00:00+00:00, run_after=2025-03-16T00:00:00+00:00
[2025-03-14T15:58:47.195+0000] {processor.py:179} INFO - Processing /opt/airflow/dags/re_entrainment_model.py took 7.547 seconds
[2025-03-14T15:59:18.119+0000] {processor.py:157} INFO - Started process (PID=679) to work on /opt/airflow/dags/re_entrainment_model.py
[2025-03-14T15:59:18.123+0000] {processor.py:829} INFO - Processing file /opt/airflow/dags/re_entrainment_model.py for tasks to queue
[2025-03-14T15:59:18.125+0000] {logging_mixin.py:151} INFO - [2025-03-14T15:59:18.124+0000] {dagbag.py:539} INFO - Filling up the DagBag from /opt/airflow/dags/re_entrainment_model.py
[2025-03-14T15:59:21.452+0000] {processor.py:839} INFO - DAG(s) dict_keys(['yfinance_lstm_training_dag']) retrieved from /opt/airflow/dags/re_entrainment_model.py
[2025-03-14T15:59:21.490+0000] {logging_mixin.py:151} INFO - [2025-03-14T15:59:21.489+0000] {dag.py:2915} INFO - Sync 1 DAGs
[2025-03-14T15:59:21.532+0000] {logging_mixin.py:151} INFO - [2025-03-14T15:59:21.531+0000] {dag.py:3696} INFO - Setting next_dagrun for yfinance_lstm_training_dag to 2025-03-09T00:00:00+00:00, run_after=2025-03-16T00:00:00+00:00
[2025-03-14T15:59:21.569+0000] {processor.py:179} INFO - Processing /opt/airflow/dags/re_entrainment_model.py took 5.961 seconds
[2025-03-14T16:00:36.685+0000] {processor.py:157} INFO - Started process (PID=718) to work on /opt/airflow/dags/re_entrainment_model.py
[2025-03-14T16:00:36.695+0000] {processor.py:829} INFO - Processing file /opt/airflow/dags/re_entrainment_model.py for tasks to queue
[2025-03-14T16:00:36.699+0000] {logging_mixin.py:151} INFO - [2025-03-14T16:00:36.698+0000] {dagbag.py:539} INFO - Filling up the DagBag from /opt/airflow/dags/re_entrainment_model.py
[2025-03-14T16:00:46.436+0000] {processor.py:839} INFO - DAG(s) dict_keys(['yfinance_lstm_training_dag']) retrieved from /opt/airflow/dags/re_entrainment_model.py
[2025-03-14T16:00:46.468+0000] {logging_mixin.py:151} INFO - [2025-03-14T16:00:46.467+0000] {dag.py:2915} INFO - Sync 1 DAGs
[2025-03-14T16:00:46.509+0000] {logging_mixin.py:151} INFO - [2025-03-14T16:00:46.509+0000] {dag.py:3696} INFO - Setting next_dagrun for yfinance_lstm_training_dag to 2025-03-09T00:00:00+00:00, run_after=2025-03-16T00:00:00+00:00
[2025-03-14T16:00:46.538+0000] {processor.py:179} INFO - Processing /opt/airflow/dags/re_entrainment_model.py took 9.873 seconds
[2025-03-14T16:01:16.732+0000] {processor.py:157} INFO - Started process (PID=757) to work on /opt/airflow/dags/re_entrainment_model.py
[2025-03-14T16:01:16.734+0000] {processor.py:829} INFO - Processing file /opt/airflow/dags/re_entrainment_model.py for tasks to queue
[2025-03-14T16:01:16.737+0000] {logging_mixin.py:151} INFO - [2025-03-14T16:01:16.736+0000] {dagbag.py:539} INFO - Filling up the DagBag from /opt/airflow/dags/re_entrainment_model.py
[2025-03-14T16:01:22.007+0000] {processor.py:839} INFO - DAG(s) dict_keys(['yfinance_lstm_training_dag']) retrieved from /opt/airflow/dags/re_entrainment_model.py
[2025-03-14T16:01:22.039+0000] {logging_mixin.py:151} INFO - [2025-03-14T16:01:22.037+0000] {dag.py:2915} INFO - Sync 1 DAGs
[2025-03-14T16:01:22.082+0000] {logging_mixin.py:151} INFO - [2025-03-14T16:01:22.081+0000] {dag.py:3696} INFO - Setting next_dagrun for yfinance_lstm_training_dag to 2025-03-09T00:00:00+00:00, run_after=2025-03-16T00:00:00+00:00
[2025-03-14T16:01:22.109+0000] {processor.py:179} INFO - Processing /opt/airflow/dags/re_entrainment_model.py took 5.382 seconds
[2025-03-14T16:01:52.746+0000] {processor.py:157} INFO - Started process (PID=782) to work on /opt/airflow/dags/re_entrainment_model.py
[2025-03-14T16:01:52.748+0000] {processor.py:829} INFO - Processing file /opt/airflow/dags/re_entrainment_model.py for tasks to queue
[2025-03-14T16:01:52.751+0000] {logging_mixin.py:151} INFO - [2025-03-14T16:01:52.750+0000] {dagbag.py:539} INFO - Filling up the DagBag from /opt/airflow/dags/re_entrainment_model.py
[2025-03-14T16:01:57.608+0000] {processor.py:839} INFO - DAG(s) dict_keys(['yfinance_lstm_training_dag']) retrieved from /opt/airflow/dags/re_entrainment_model.py
[2025-03-14T16:01:57.631+0000] {logging_mixin.py:151} INFO - [2025-03-14T16:01:57.629+0000] {dag.py:2915} INFO - Sync 1 DAGs
[2025-03-14T16:01:57.655+0000] {logging_mixin.py:151} INFO - [2025-03-14T16:01:57.655+0000] {dag.py:3696} INFO - Setting next_dagrun for yfinance_lstm_training_dag to 2025-03-09T00:00:00+00:00, run_after=2025-03-16T00:00:00+00:00
[2025-03-14T16:01:57.687+0000] {processor.py:179} INFO - Processing /opt/airflow/dags/re_entrainment_model.py took 4.948 seconds
[2025-03-14T16:02:28.203+0000] {processor.py:157} INFO - Started process (PID=807) to work on /opt/airflow/dags/re_entrainment_model.py
[2025-03-14T16:02:28.204+0000] {processor.py:829} INFO - Processing file /opt/airflow/dags/re_entrainment_model.py for tasks to queue
[2025-03-14T16:02:28.206+0000] {logging_mixin.py:151} INFO - [2025-03-14T16:02:28.205+0000] {dagbag.py:539} INFO - Filling up the DagBag from /opt/airflow/dags/re_entrainment_model.py
[2025-03-14T16:02:32.917+0000] {processor.py:839} INFO - DAG(s) dict_keys(['yfinance_lstm_training_dag']) retrieved from /opt/airflow/dags/re_entrainment_model.py
[2025-03-14T16:02:32.980+0000] {logging_mixin.py:151} INFO - [2025-03-14T16:02:32.978+0000] {dag.py:2915} INFO - Sync 1 DAGs
[2025-03-14T16:02:33.039+0000] {logging_mixin.py:151} INFO - [2025-03-14T16:02:33.038+0000] {dag.py:3696} INFO - Setting next_dagrun for yfinance_lstm_training_dag to 2025-03-09T00:00:00+00:00, run_after=2025-03-16T00:00:00+00:00
[2025-03-14T16:02:33.076+0000] {processor.py:179} INFO - Processing /opt/airflow/dags/re_entrainment_model.py took 4.876 seconds
[2025-03-14T17:32:59.580+0000] {processor.py:157} INFO - Started process (PID=830) to work on /opt/airflow/dags/re_entrainment_model.py
[2025-03-14T17:32:59.583+0000] {processor.py:829} INFO - Processing file /opt/airflow/dags/re_entrainment_model.py for tasks to queue
[2025-03-14T17:32:59.593+0000] {logging_mixin.py:151} INFO - [2025-03-14T17:32:59.584+0000] {dagbag.py:539} INFO - Filling up the DagBag from /opt/airflow/dags/re_entrainment_model.py
[2025-03-14T17:33:13.803+0000] {processor.py:839} INFO - DAG(s) dict_keys(['yfinance_lstm_training_dag']) retrieved from /opt/airflow/dags/re_entrainment_model.py
[2025-03-14T17:33:13.860+0000] {logging_mixin.py:151} INFO - [2025-03-14T17:33:13.859+0000] {dag.py:2915} INFO - Sync 1 DAGs
[2025-03-14T17:33:13.908+0000] {logging_mixin.py:151} INFO - [2025-03-14T17:33:13.907+0000] {dag.py:3696} INFO - Setting next_dagrun for yfinance_lstm_training_dag to 2025-03-09T00:00:00+00:00, run_after=2025-03-16T00:00:00+00:00
[2025-03-14T17:33:13.940+0000] {processor.py:179} INFO - Processing /opt/airflow/dags/re_entrainment_model.py took 14.644 seconds
[2025-03-14T17:33:44.920+0000] {processor.py:157} INFO - Started process (PID=869) to work on /opt/airflow/dags/re_entrainment_model.py
[2025-03-14T17:33:44.922+0000] {processor.py:829} INFO - Processing file /opt/airflow/dags/re_entrainment_model.py for tasks to queue
[2025-03-14T17:33:44.923+0000] {logging_mixin.py:151} INFO - [2025-03-14T17:33:44.923+0000] {dagbag.py:539} INFO - Filling up the DagBag from /opt/airflow/dags/re_entrainment_model.py
[2025-03-14T17:33:48.731+0000] {processor.py:839} INFO - DAG(s) dict_keys(['yfinance_lstm_training_dag']) retrieved from /opt/airflow/dags/re_entrainment_model.py
[2025-03-14T17:33:48.757+0000] {logging_mixin.py:151} INFO - [2025-03-14T17:33:48.756+0000] {dag.py:2915} INFO - Sync 1 DAGs
[2025-03-14T17:33:48.779+0000] {logging_mixin.py:151} INFO - [2025-03-14T17:33:48.779+0000] {dag.py:3696} INFO - Setting next_dagrun for yfinance_lstm_training_dag to 2025-03-09T00:00:00+00:00, run_after=2025-03-16T00:00:00+00:00
[2025-03-14T17:33:48.811+0000] {processor.py:179} INFO - Processing /opt/airflow/dags/re_entrainment_model.py took 3.895 seconds
[2025-03-14T17:34:19.228+0000] {processor.py:157} INFO - Started process (PID=894) to work on /opt/airflow/dags/re_entrainment_model.py
[2025-03-14T17:34:19.229+0000] {processor.py:829} INFO - Processing file /opt/airflow/dags/re_entrainment_model.py for tasks to queue
[2025-03-14T17:34:19.230+0000] {logging_mixin.py:151} INFO - [2025-03-14T17:34:19.230+0000] {dagbag.py:539} INFO - Filling up the DagBag from /opt/airflow/dags/re_entrainment_model.py
[2025-03-14T17:34:22.146+0000] {processor.py:839} INFO - DAG(s) dict_keys(['yfinance_lstm_training_dag']) retrieved from /opt/airflow/dags/re_entrainment_model.py
[2025-03-14T17:34:22.168+0000] {logging_mixin.py:151} INFO - [2025-03-14T17:34:22.167+0000] {dag.py:2915} INFO - Sync 1 DAGs
[2025-03-14T17:34:22.187+0000] {logging_mixin.py:151} INFO - [2025-03-14T17:34:22.187+0000] {dag.py:3696} INFO - Setting next_dagrun for yfinance_lstm_training_dag to 2025-03-09T00:00:00+00:00, run_after=2025-03-16T00:00:00+00:00
[2025-03-14T17:34:22.206+0000] {processor.py:179} INFO - Processing /opt/airflow/dags/re_entrainment_model.py took 2.983 seconds
[2025-03-14T17:34:52.428+0000] {processor.py:157} INFO - Started process (PID=919) to work on /opt/airflow/dags/re_entrainment_model.py
[2025-03-14T17:34:52.430+0000] {processor.py:829} INFO - Processing file /opt/airflow/dags/re_entrainment_model.py for tasks to queue
[2025-03-14T17:34:52.431+0000] {logging_mixin.py:151} INFO - [2025-03-14T17:34:52.431+0000] {dagbag.py:539} INFO - Filling up the DagBag from /opt/airflow/dags/re_entrainment_model.py
[2025-03-14T17:34:55.693+0000] {processor.py:839} INFO - DAG(s) dict_keys(['yfinance_lstm_training_dag']) retrieved from /opt/airflow/dags/re_entrainment_model.py
[2025-03-14T17:34:55.716+0000] {logging_mixin.py:151} INFO - [2025-03-14T17:34:55.715+0000] {dag.py:2915} INFO - Sync 1 DAGs
[2025-03-14T17:34:55.740+0000] {logging_mixin.py:151} INFO - [2025-03-14T17:34:55.740+0000] {dag.py:3696} INFO - Setting next_dagrun for yfinance_lstm_training_dag to 2025-03-09T00:00:00+00:00, run_after=2025-03-16T00:00:00+00:00
[2025-03-14T17:34:55.765+0000] {processor.py:179} INFO - Processing /opt/airflow/dags/re_entrainment_model.py took 3.342 seconds
[2025-03-14T17:35:26.499+0000] {processor.py:157} INFO - Started process (PID=944) to work on /opt/airflow/dags/re_entrainment_model.py
[2025-03-14T17:35:26.501+0000] {processor.py:829} INFO - Processing file /opt/airflow/dags/re_entrainment_model.py for tasks to queue
[2025-03-14T17:35:26.503+0000] {logging_mixin.py:151} INFO - [2025-03-14T17:35:26.503+0000] {dagbag.py:539} INFO - Filling up the DagBag from /opt/airflow/dags/re_entrainment_model.py
[2025-03-14T17:35:29.064+0000] {processor.py:839} INFO - DAG(s) dict_keys(['yfinance_lstm_training_dag']) retrieved from /opt/airflow/dags/re_entrainment_model.py
[2025-03-14T17:35:29.095+0000] {logging_mixin.py:151} INFO - [2025-03-14T17:35:29.094+0000] {dag.py:2915} INFO - Sync 1 DAGs
[2025-03-14T17:35:29.119+0000] {logging_mixin.py:151} INFO - [2025-03-14T17:35:29.118+0000] {dag.py:3696} INFO - Setting next_dagrun for yfinance_lstm_training_dag to 2025-03-09T00:00:00+00:00, run_after=2025-03-16T00:00:00+00:00
[2025-03-14T17:35:29.142+0000] {processor.py:179} INFO - Processing /opt/airflow/dags/re_entrainment_model.py took 3.403 seconds
[2025-03-14T17:35:59.270+0000] {processor.py:157} INFO - Started process (PID=969) to work on /opt/airflow/dags/re_entrainment_model.py
[2025-03-14T17:35:59.272+0000] {processor.py:829} INFO - Processing file /opt/airflow/dags/re_entrainment_model.py for tasks to queue
[2025-03-14T17:35:59.273+0000] {logging_mixin.py:151} INFO - [2025-03-14T17:35:59.273+0000] {dagbag.py:539} INFO - Filling up the DagBag from /opt/airflow/dags/re_entrainment_model.py
[2025-03-14T17:36:02.291+0000] {processor.py:839} INFO - DAG(s) dict_keys(['yfinance_lstm_training_dag']) retrieved from /opt/airflow/dags/re_entrainment_model.py
[2025-03-14T17:36:02.312+0000] {logging_mixin.py:151} INFO - [2025-03-14T17:36:02.311+0000] {dag.py:2915} INFO - Sync 1 DAGs
[2025-03-14T17:36:02.334+0000] {logging_mixin.py:151} INFO - [2025-03-14T17:36:02.334+0000] {dag.py:3696} INFO - Setting next_dagrun for yfinance_lstm_training_dag to 2025-03-09T00:00:00+00:00, run_after=2025-03-16T00:00:00+00:00
[2025-03-14T17:36:02.354+0000] {processor.py:179} INFO - Processing /opt/airflow/dags/re_entrainment_model.py took 3.087 seconds
[2025-03-14T17:36:32.622+0000] {processor.py:157} INFO - Started process (PID=994) to work on /opt/airflow/dags/re_entrainment_model.py
[2025-03-14T17:36:32.623+0000] {processor.py:829} INFO - Processing file /opt/airflow/dags/re_entrainment_model.py for tasks to queue
[2025-03-14T17:36:32.624+0000] {logging_mixin.py:151} INFO - [2025-03-14T17:36:32.624+0000] {dagbag.py:539} INFO - Filling up the DagBag from /opt/airflow/dags/re_entrainment_model.py
[2025-03-14T17:36:35.458+0000] {processor.py:839} INFO - DAG(s) dict_keys(['yfinance_lstm_training_dag']) retrieved from /opt/airflow/dags/re_entrainment_model.py
[2025-03-14T17:36:35.478+0000] {logging_mixin.py:151} INFO - [2025-03-14T17:36:35.477+0000] {dag.py:2915} INFO - Sync 1 DAGs
[2025-03-14T17:36:35.497+0000] {logging_mixin.py:151} INFO - [2025-03-14T17:36:35.497+0000] {dag.py:3696} INFO - Setting next_dagrun for yfinance_lstm_training_dag to 2025-03-09T00:00:00+00:00, run_after=2025-03-16T00:00:00+00:00
[2025-03-14T17:36:35.517+0000] {processor.py:179} INFO - Processing /opt/airflow/dags/re_entrainment_model.py took 2.899 seconds
[2025-03-14T17:37:06.206+0000] {processor.py:157} INFO - Started process (PID=1019) to work on /opt/airflow/dags/re_entrainment_model.py
[2025-03-14T17:37:06.208+0000] {processor.py:829} INFO - Processing file /opt/airflow/dags/re_entrainment_model.py for tasks to queue
[2025-03-14T17:37:06.209+0000] {logging_mixin.py:151} INFO - [2025-03-14T17:37:06.208+0000] {dagbag.py:539} INFO - Filling up the DagBag from /opt/airflow/dags/re_entrainment_model.py
[2025-03-14T17:37:09.488+0000] {processor.py:839} INFO - DAG(s) dict_keys(['yfinance_lstm_training_dag']) retrieved from /opt/airflow/dags/re_entrainment_model.py
[2025-03-14T17:37:09.520+0000] {logging_mixin.py:151} INFO - [2025-03-14T17:37:09.519+0000] {dag.py:2915} INFO - Sync 1 DAGs
[2025-03-14T17:37:09.753+0000] {logging_mixin.py:151} INFO - [2025-03-14T17:37:09.753+0000] {dag.py:3696} INFO - Setting next_dagrun for yfinance_lstm_training_dag to 2025-03-09T00:00:00+00:00, run_after=2025-03-16T00:00:00+00:00
[2025-03-14T17:37:09.775+0000] {processor.py:179} INFO - Processing /opt/airflow/dags/re_entrainment_model.py took 3.571 seconds
[2025-03-14T17:37:40.030+0000] {processor.py:157} INFO - Started process (PID=1050) to work on /opt/airflow/dags/re_entrainment_model.py
[2025-03-14T17:37:40.031+0000] {processor.py:829} INFO - Processing file /opt/airflow/dags/re_entrainment_model.py for tasks to queue
[2025-03-14T17:37:40.032+0000] {logging_mixin.py:151} INFO - [2025-03-14T17:37:40.032+0000] {dagbag.py:539} INFO - Filling up the DagBag from /opt/airflow/dags/re_entrainment_model.py
[2025-03-14T17:37:43.520+0000] {processor.py:839} INFO - DAG(s) dict_keys(['yfinance_lstm_training_dag']) retrieved from /opt/airflow/dags/re_entrainment_model.py
[2025-03-14T17:37:43.544+0000] {logging_mixin.py:151} INFO - [2025-03-14T17:37:43.542+0000] {dag.py:2915} INFO - Sync 1 DAGs
[2025-03-14T17:37:43.566+0000] {logging_mixin.py:151} INFO - [2025-03-14T17:37:43.566+0000] {dag.py:3696} INFO - Setting next_dagrun for yfinance_lstm_training_dag to 2025-03-09T00:00:00+00:00, run_after=2025-03-16T00:00:00+00:00
[2025-03-14T17:37:43.591+0000] {processor.py:179} INFO - Processing /opt/airflow/dags/re_entrainment_model.py took 3.565 seconds
[2025-03-14T17:38:13.944+0000] {processor.py:157} INFO - Started process (PID=1079) to work on /opt/airflow/dags/re_entrainment_model.py
[2025-03-14T17:38:13.945+0000] {processor.py:829} INFO - Processing file /opt/airflow/dags/re_entrainment_model.py for tasks to queue
[2025-03-14T17:38:13.946+0000] {logging_mixin.py:151} INFO - [2025-03-14T17:38:13.946+0000] {dagbag.py:539} INFO - Filling up the DagBag from /opt/airflow/dags/re_entrainment_model.py
[2025-03-14T17:38:17.120+0000] {processor.py:839} INFO - DAG(s) dict_keys(['yfinance_lstm_training_dag']) retrieved from /opt/airflow/dags/re_entrainment_model.py
[2025-03-14T17:38:17.148+0000] {logging_mixin.py:151} INFO - [2025-03-14T17:38:17.147+0000] {dag.py:2915} INFO - Sync 1 DAGs
[2025-03-14T17:38:17.178+0000] {logging_mixin.py:151} INFO - [2025-03-14T17:38:17.178+0000] {dag.py:3696} INFO - Setting next_dagrun for yfinance_lstm_training_dag to 2025-03-09T00:00:00+00:00, run_after=2025-03-16T00:00:00+00:00
[2025-03-14T17:38:17.200+0000] {processor.py:179} INFO - Processing /opt/airflow/dags/re_entrainment_model.py took 3.261 seconds
[2025-03-14T17:38:47.465+0000] {processor.py:157} INFO - Started process (PID=1106) to work on /opt/airflow/dags/re_entrainment_model.py
[2025-03-14T17:38:47.467+0000] {processor.py:829} INFO - Processing file /opt/airflow/dags/re_entrainment_model.py for tasks to queue
[2025-03-14T17:38:47.469+0000] {logging_mixin.py:151} INFO - [2025-03-14T17:38:47.469+0000] {dagbag.py:539} INFO - Filling up the DagBag from /opt/airflow/dags/re_entrainment_model.py
[2025-03-14T17:38:50.799+0000] {processor.py:839} INFO - DAG(s) dict_keys(['yfinance_lstm_training_dag']) retrieved from /opt/airflow/dags/re_entrainment_model.py
[2025-03-14T17:38:50.821+0000] {logging_mixin.py:151} INFO - [2025-03-14T17:38:50.821+0000] {dag.py:2915} INFO - Sync 1 DAGs
[2025-03-14T17:38:50.842+0000] {logging_mixin.py:151} INFO - [2025-03-14T17:38:50.842+0000] {dag.py:3696} INFO - Setting next_dagrun for yfinance_lstm_training_dag to 2025-03-09T00:00:00+00:00, run_after=2025-03-16T00:00:00+00:00
[2025-03-14T17:38:50.860+0000] {processor.py:179} INFO - Processing /opt/airflow/dags/re_entrainment_model.py took 3.397 seconds
[2025-03-14T17:39:21.274+0000] {processor.py:157} INFO - Started process (PID=1131) to work on /opt/airflow/dags/re_entrainment_model.py
[2025-03-14T17:39:21.276+0000] {processor.py:829} INFO - Processing file /opt/airflow/dags/re_entrainment_model.py for tasks to queue
[2025-03-14T17:39:21.279+0000] {logging_mixin.py:151} INFO - [2025-03-14T17:39:21.279+0000] {dagbag.py:539} INFO - Filling up the DagBag from /opt/airflow/dags/re_entrainment_model.py
[2025-03-14T17:39:23.339+0000] {processor.py:839} INFO - DAG(s) dict_keys(['yfinance_lstm_training_dag']) retrieved from /opt/airflow/dags/re_entrainment_model.py
[2025-03-14T17:39:23.359+0000] {logging_mixin.py:151} INFO - [2025-03-14T17:39:23.358+0000] {dag.py:2915} INFO - Sync 1 DAGs
[2025-03-14T17:39:23.378+0000] {logging_mixin.py:151} INFO - [2025-03-14T17:39:23.377+0000] {dag.py:3696} INFO - Setting next_dagrun for yfinance_lstm_training_dag to 2025-03-09T00:00:00+00:00, run_after=2025-03-16T00:00:00+00:00
[2025-03-14T17:39:23.399+0000] {processor.py:179} INFO - Processing /opt/airflow/dags/re_entrainment_model.py took 2.878 seconds
[2025-03-14T17:39:54.238+0000] {processor.py:157} INFO - Started process (PID=1156) to work on /opt/airflow/dags/re_entrainment_model.py
[2025-03-14T17:39:54.239+0000] {processor.py:829} INFO - Processing file /opt/airflow/dags/re_entrainment_model.py for tasks to queue
[2025-03-14T17:39:54.241+0000] {logging_mixin.py:151} INFO - [2025-03-14T17:39:54.241+0000] {dagbag.py:539} INFO - Filling up the DagBag from /opt/airflow/dags/re_entrainment_model.py
[2025-03-14T17:39:56.943+0000] {processor.py:839} INFO - DAG(s) dict_keys(['yfinance_lstm_training_dag']) retrieved from /opt/airflow/dags/re_entrainment_model.py
[2025-03-14T17:39:56.962+0000] {logging_mixin.py:151} INFO - [2025-03-14T17:39:56.962+0000] {dag.py:2915} INFO - Sync 1 DAGs
[2025-03-14T17:39:56.983+0000] {logging_mixin.py:151} INFO - [2025-03-14T17:39:56.982+0000] {dag.py:3696} INFO - Setting next_dagrun for yfinance_lstm_training_dag to 2025-03-09T00:00:00+00:00, run_after=2025-03-16T00:00:00+00:00
[2025-03-14T17:39:57.001+0000] {processor.py:179} INFO - Processing /opt/airflow/dags/re_entrainment_model.py took 2.767 seconds
[2025-03-14T17:40:27.453+0000] {processor.py:157} INFO - Started process (PID=1181) to work on /opt/airflow/dags/re_entrainment_model.py
[2025-03-14T17:40:27.454+0000] {processor.py:829} INFO - Processing file /opt/airflow/dags/re_entrainment_model.py for tasks to queue
[2025-03-14T17:40:27.456+0000] {logging_mixin.py:151} INFO - [2025-03-14T17:40:27.455+0000] {dagbag.py:539} INFO - Filling up the DagBag from /opt/airflow/dags/re_entrainment_model.py
[2025-03-14T17:40:30.408+0000] {processor.py:839} INFO - DAG(s) dict_keys(['yfinance_lstm_training_dag']) retrieved from /opt/airflow/dags/re_entrainment_model.py
[2025-03-14T17:40:30.435+0000] {logging_mixin.py:151} INFO - [2025-03-14T17:40:30.435+0000] {dag.py:2915} INFO - Sync 1 DAGs
[2025-03-14T17:40:30.459+0000] {logging_mixin.py:151} INFO - [2025-03-14T17:40:30.458+0000] {dag.py:3696} INFO - Setting next_dagrun for yfinance_lstm_training_dag to 2025-03-09T00:00:00+00:00, run_after=2025-03-16T00:00:00+00:00
[2025-03-14T17:40:30.491+0000] {processor.py:179} INFO - Processing /opt/airflow/dags/re_entrainment_model.py took 3.040 seconds
[2025-03-14T17:41:00.830+0000] {processor.py:157} INFO - Started process (PID=1206) to work on /opt/airflow/dags/re_entrainment_model.py
[2025-03-14T17:41:00.831+0000] {processor.py:829} INFO - Processing file /opt/airflow/dags/re_entrainment_model.py for tasks to queue
[2025-03-14T17:41:00.833+0000] {logging_mixin.py:151} INFO - [2025-03-14T17:41:00.833+0000] {dagbag.py:539} INFO - Filling up the DagBag from /opt/airflow/dags/re_entrainment_model.py
[2025-03-14T17:41:03.708+0000] {processor.py:839} INFO - DAG(s) dict_keys(['yfinance_lstm_training_dag']) retrieved from /opt/airflow/dags/re_entrainment_model.py
[2025-03-14T17:41:03.730+0000] {logging_mixin.py:151} INFO - [2025-03-14T17:41:03.728+0000] {dag.py:2915} INFO - Sync 1 DAGs
[2025-03-14T17:41:03.926+0000] {logging_mixin.py:151} INFO - [2025-03-14T17:41:03.926+0000] {dag.py:3696} INFO - Setting next_dagrun for yfinance_lstm_training_dag to 2025-03-09T00:00:00+00:00, run_after=2025-03-16T00:00:00+00:00
[2025-03-14T17:41:03.969+0000] {processor.py:179} INFO - Processing /opt/airflow/dags/re_entrainment_model.py took 3.143 seconds
[2025-03-14T17:41:34.379+0000] {processor.py:157} INFO - Started process (PID=1231) to work on /opt/airflow/dags/re_entrainment_model.py
[2025-03-14T17:41:34.380+0000] {processor.py:829} INFO - Processing file /opt/airflow/dags/re_entrainment_model.py for tasks to queue
[2025-03-14T17:41:34.381+0000] {logging_mixin.py:151} INFO - [2025-03-14T17:41:34.381+0000] {dagbag.py:539} INFO - Filling up the DagBag from /opt/airflow/dags/re_entrainment_model.py
[2025-03-14T17:41:37.693+0000] {processor.py:839} INFO - DAG(s) dict_keys(['yfinance_lstm_training_dag']) retrieved from /opt/airflow/dags/re_entrainment_model.py
[2025-03-14T17:41:37.721+0000] {logging_mixin.py:151} INFO - [2025-03-14T17:41:37.720+0000] {dag.py:2915} INFO - Sync 1 DAGs
[2025-03-14T17:41:37.746+0000] {logging_mixin.py:151} INFO - [2025-03-14T17:41:37.746+0000] {dag.py:3696} INFO - Setting next_dagrun for yfinance_lstm_training_dag to 2025-03-09T00:00:00+00:00, run_after=2025-03-16T00:00:00+00:00
[2025-03-14T17:41:37.774+0000] {processor.py:179} INFO - Processing /opt/airflow/dags/re_entrainment_model.py took 3.399 seconds
[2025-03-14T17:42:08.341+0000] {processor.py:157} INFO - Started process (PID=1256) to work on /opt/airflow/dags/re_entrainment_model.py
[2025-03-14T17:42:08.343+0000] {processor.py:829} INFO - Processing file /opt/airflow/dags/re_entrainment_model.py for tasks to queue
[2025-03-14T17:42:08.346+0000] {logging_mixin.py:151} INFO - [2025-03-14T17:42:08.345+0000] {dagbag.py:539} INFO - Filling up the DagBag from /opt/airflow/dags/re_entrainment_model.py
[2025-03-14T17:42:11.334+0000] {processor.py:839} INFO - DAG(s) dict_keys(['yfinance_lstm_training_dag']) retrieved from /opt/airflow/dags/re_entrainment_model.py
[2025-03-14T17:42:11.532+0000] {logging_mixin.py:151} INFO - [2025-03-14T17:42:11.359+0000] {dag.py:2915} INFO - Sync 1 DAGs
[2025-03-14T17:42:11.555+0000] {logging_mixin.py:151} INFO - [2025-03-14T17:42:11.555+0000] {dag.py:3696} INFO - Setting next_dagrun for yfinance_lstm_training_dag to 2025-03-09T00:00:00+00:00, run_after=2025-03-16T00:00:00+00:00
[2025-03-14T17:42:11.575+0000] {processor.py:179} INFO - Processing /opt/airflow/dags/re_entrainment_model.py took 3.240 seconds
[2025-03-14T17:42:42.404+0000] {processor.py:157} INFO - Started process (PID=1281) to work on /opt/airflow/dags/re_entrainment_model.py
[2025-03-14T17:42:42.406+0000] {processor.py:829} INFO - Processing file /opt/airflow/dags/re_entrainment_model.py for tasks to queue
[2025-03-14T17:42:42.407+0000] {logging_mixin.py:151} INFO - [2025-03-14T17:42:42.407+0000] {dagbag.py:539} INFO - Filling up the DagBag from /opt/airflow/dags/re_entrainment_model.py
[2025-03-14T17:42:46.030+0000] {processor.py:839} INFO - DAG(s) dict_keys(['yfinance_lstm_training_dag']) retrieved from /opt/airflow/dags/re_entrainment_model.py
[2025-03-14T17:42:46.073+0000] {logging_mixin.py:151} INFO - [2025-03-14T17:42:46.072+0000] {dag.py:2915} INFO - Sync 1 DAGs
[2025-03-14T17:42:46.096+0000] {logging_mixin.py:151} INFO - [2025-03-14T17:42:46.096+0000] {dag.py:3696} INFO - Setting next_dagrun for yfinance_lstm_training_dag to 2025-03-09T00:00:00+00:00, run_after=2025-03-16T00:00:00+00:00
[2025-03-14T17:42:46.117+0000] {processor.py:179} INFO - Processing /opt/airflow/dags/re_entrainment_model.py took 3.715 seconds
[2025-03-14T17:43:16.573+0000] {processor.py:157} INFO - Started process (PID=1306) to work on /opt/airflow/dags/re_entrainment_model.py
[2025-03-14T17:43:16.574+0000] {processor.py:829} INFO - Processing file /opt/airflow/dags/re_entrainment_model.py for tasks to queue
[2025-03-14T17:43:16.575+0000] {logging_mixin.py:151} INFO - [2025-03-14T17:43:16.575+0000] {dagbag.py:539} INFO - Filling up the DagBag from /opt/airflow/dags/re_entrainment_model.py
[2025-03-14T17:43:19.396+0000] {processor.py:839} INFO - DAG(s) dict_keys(['yfinance_lstm_training_dag']) retrieved from /opt/airflow/dags/re_entrainment_model.py
[2025-03-14T17:43:19.418+0000] {logging_mixin.py:151} INFO - [2025-03-14T17:43:19.417+0000] {dag.py:2915} INFO - Sync 1 DAGs
[2025-03-14T17:43:19.440+0000] {logging_mixin.py:151} INFO - [2025-03-14T17:43:19.440+0000] {dag.py:3696} INFO - Setting next_dagrun for yfinance_lstm_training_dag to 2025-03-09T00:00:00+00:00, run_after=2025-03-16T00:00:00+00:00
[2025-03-14T17:43:19.463+0000] {processor.py:179} INFO - Processing /opt/airflow/dags/re_entrainment_model.py took 3.083 seconds
[2025-03-14T17:43:49.572+0000] {processor.py:157} INFO - Started process (PID=1331) to work on /opt/airflow/dags/re_entrainment_model.py
[2025-03-14T17:43:49.574+0000] {processor.py:829} INFO - Processing file /opt/airflow/dags/re_entrainment_model.py for tasks to queue
[2025-03-14T17:43:49.576+0000] {logging_mixin.py:151} INFO - [2025-03-14T17:43:49.575+0000] {dagbag.py:539} INFO - Filling up the DagBag from /opt/airflow/dags/re_entrainment_model.py
[2025-03-14T17:43:53.905+0000] {processor.py:839} INFO - DAG(s) dict_keys(['yfinance_lstm_training_dag']) retrieved from /opt/airflow/dags/re_entrainment_model.py
[2025-03-14T17:43:53.926+0000] {logging_mixin.py:151} INFO - [2025-03-14T17:43:53.925+0000] {dag.py:2915} INFO - Sync 1 DAGs
[2025-03-14T17:43:53.946+0000] {logging_mixin.py:151} INFO - [2025-03-14T17:43:53.946+0000] {dag.py:3696} INFO - Setting next_dagrun for yfinance_lstm_training_dag to 2025-03-09T00:00:00+00:00, run_after=2025-03-16T00:00:00+00:00
[2025-03-14T17:43:53.968+0000] {processor.py:179} INFO - Processing /opt/airflow/dags/re_entrainment_model.py took 4.399 seconds
[2025-03-14T17:44:24.549+0000] {processor.py:157} INFO - Started process (PID=1362) to work on /opt/airflow/dags/re_entrainment_model.py
[2025-03-14T17:44:24.551+0000] {processor.py:829} INFO - Processing file /opt/airflow/dags/re_entrainment_model.py for tasks to queue
[2025-03-14T17:44:24.552+0000] {logging_mixin.py:151} INFO - [2025-03-14T17:44:24.552+0000] {dagbag.py:539} INFO - Filling up the DagBag from /opt/airflow/dags/re_entrainment_model.py
[2025-03-14T17:44:27.343+0000] {processor.py:839} INFO - DAG(s) dict_keys(['yfinance_lstm_training_dag']) retrieved from /opt/airflow/dags/re_entrainment_model.py
[2025-03-14T17:44:27.534+0000] {logging_mixin.py:151} INFO - [2025-03-14T17:44:27.533+0000] {dag.py:2915} INFO - Sync 1 DAGs
[2025-03-14T17:44:27.558+0000] {logging_mixin.py:151} INFO - [2025-03-14T17:44:27.557+0000] {dag.py:3696} INFO - Setting next_dagrun for yfinance_lstm_training_dag to 2025-03-09T00:00:00+00:00, run_after=2025-03-16T00:00:00+00:00
[2025-03-14T17:44:27.581+0000] {processor.py:179} INFO - Processing /opt/airflow/dags/re_entrainment_model.py took 3.035 seconds
[2025-03-14T17:44:57.775+0000] {processor.py:157} INFO - Started process (PID=1387) to work on /opt/airflow/dags/re_entrainment_model.py
[2025-03-14T17:44:57.777+0000] {processor.py:829} INFO - Processing file /opt/airflow/dags/re_entrainment_model.py for tasks to queue
[2025-03-14T17:44:57.778+0000] {logging_mixin.py:151} INFO - [2025-03-14T17:44:57.778+0000] {dagbag.py:539} INFO - Filling up the DagBag from /opt/airflow/dags/re_entrainment_model.py
[2025-03-14T17:45:01.543+0000] {processor.py:839} INFO - DAG(s) dict_keys(['yfinance_lstm_training_dag']) retrieved from /opt/airflow/dags/re_entrainment_model.py
[2025-03-14T17:45:01.585+0000] {logging_mixin.py:151} INFO - [2025-03-14T17:45:01.583+0000] {dag.py:2915} INFO - Sync 1 DAGs
[2025-03-14T17:45:01.623+0000] {logging_mixin.py:151} INFO - [2025-03-14T17:45:01.623+0000] {dag.py:3696} INFO - Setting next_dagrun for yfinance_lstm_training_dag to 2025-03-09T00:00:00+00:00, run_after=2025-03-16T00:00:00+00:00
[2025-03-14T17:45:01.644+0000] {processor.py:179} INFO - Processing /opt/airflow/dags/re_entrainment_model.py took 3.872 seconds
[2025-03-14T17:45:32.088+0000] {processor.py:157} INFO - Started process (PID=1418) to work on /opt/airflow/dags/re_entrainment_model.py
[2025-03-14T17:45:32.089+0000] {processor.py:829} INFO - Processing file /opt/airflow/dags/re_entrainment_model.py for tasks to queue
[2025-03-14T17:45:32.090+0000] {logging_mixin.py:151} INFO - [2025-03-14T17:45:32.090+0000] {dagbag.py:539} INFO - Filling up the DagBag from /opt/airflow/dags/re_entrainment_model.py
[2025-03-14T17:45:34.959+0000] {processor.py:839} INFO - DAG(s) dict_keys(['yfinance_lstm_training_dag']) retrieved from /opt/airflow/dags/re_entrainment_model.py
[2025-03-14T17:45:34.979+0000] {logging_mixin.py:151} INFO - [2025-03-14T17:45:34.978+0000] {dag.py:2915} INFO - Sync 1 DAGs
[2025-03-14T17:45:35.004+0000] {logging_mixin.py:151} INFO - [2025-03-14T17:45:35.004+0000] {dag.py:3696} INFO - Setting next_dagrun for yfinance_lstm_training_dag to 2025-03-09T00:00:00+00:00, run_after=2025-03-16T00:00:00+00:00
[2025-03-14T17:45:35.024+0000] {processor.py:179} INFO - Processing /opt/airflow/dags/re_entrainment_model.py took 2.940 seconds
[2025-03-14T17:46:05.272+0000] {processor.py:157} INFO - Started process (PID=1443) to work on /opt/airflow/dags/re_entrainment_model.py
[2025-03-14T17:46:05.273+0000] {processor.py:829} INFO - Processing file /opt/airflow/dags/re_entrainment_model.py for tasks to queue
[2025-03-14T17:46:05.274+0000] {logging_mixin.py:151} INFO - [2025-03-14T17:46:05.273+0000] {dagbag.py:539} INFO - Filling up the DagBag from /opt/airflow/dags/re_entrainment_model.py
[2025-03-14T17:46:08.218+0000] {processor.py:839} INFO - DAG(s) dict_keys(['yfinance_lstm_training_dag']) retrieved from /opt/airflow/dags/re_entrainment_model.py
[2025-03-14T17:46:08.256+0000] {logging_mixin.py:151} INFO - [2025-03-14T17:46:08.253+0000] {dag.py:2915} INFO - Sync 1 DAGs
[2025-03-14T17:46:08.305+0000] {logging_mixin.py:151} INFO - [2025-03-14T17:46:08.305+0000] {dag.py:3696} INFO - Setting next_dagrun for yfinance_lstm_training_dag to 2025-03-09T00:00:00+00:00, run_after=2025-03-16T00:00:00+00:00
[2025-03-14T17:46:08.351+0000] {processor.py:179} INFO - Processing /opt/airflow/dags/re_entrainment_model.py took 3.082 seconds
[2025-03-14T17:46:38.459+0000] {processor.py:157} INFO - Started process (PID=1468) to work on /opt/airflow/dags/re_entrainment_model.py
[2025-03-14T17:46:38.460+0000] {processor.py:829} INFO - Processing file /opt/airflow/dags/re_entrainment_model.py for tasks to queue
[2025-03-14T17:46:38.462+0000] {logging_mixin.py:151} INFO - [2025-03-14T17:46:38.462+0000] {dagbag.py:539} INFO - Filling up the DagBag from /opt/airflow/dags/re_entrainment_model.py
[2025-03-14T17:46:41.708+0000] {processor.py:839} INFO - DAG(s) dict_keys(['yfinance_lstm_training_dag']) retrieved from /opt/airflow/dags/re_entrainment_model.py
[2025-03-14T17:46:41.731+0000] {logging_mixin.py:151} INFO - [2025-03-14T17:46:41.730+0000] {dag.py:2915} INFO - Sync 1 DAGs
[2025-03-14T17:46:41.751+0000] {logging_mixin.py:151} INFO - [2025-03-14T17:46:41.751+0000] {dag.py:3696} INFO - Setting next_dagrun for yfinance_lstm_training_dag to 2025-03-09T00:00:00+00:00, run_after=2025-03-16T00:00:00+00:00
[2025-03-14T17:46:41.771+0000] {processor.py:179} INFO - Processing /opt/airflow/dags/re_entrainment_model.py took 3.318 seconds
[2025-03-14T17:47:11.937+0000] {processor.py:157} INFO - Started process (PID=1493) to work on /opt/airflow/dags/re_entrainment_model.py
[2025-03-14T17:47:11.939+0000] {processor.py:829} INFO - Processing file /opt/airflow/dags/re_entrainment_model.py for tasks to queue
[2025-03-14T17:47:11.940+0000] {logging_mixin.py:151} INFO - [2025-03-14T17:47:11.940+0000] {dagbag.py:539} INFO - Filling up the DagBag from /opt/airflow/dags/re_entrainment_model.py
[2025-03-14T17:47:14.950+0000] {processor.py:839} INFO - DAG(s) dict_keys(['yfinance_lstm_training_dag']) retrieved from /opt/airflow/dags/re_entrainment_model.py
[2025-03-14T17:47:14.979+0000] {logging_mixin.py:151} INFO - [2025-03-14T17:47:14.977+0000] {dag.py:2915} INFO - Sync 1 DAGs
[2025-03-14T17:47:15.011+0000] {logging_mixin.py:151} INFO - [2025-03-14T17:47:15.010+0000] {dag.py:3696} INFO - Setting next_dagrun for yfinance_lstm_training_dag to 2025-03-09T00:00:00+00:00, run_after=2025-03-16T00:00:00+00:00
[2025-03-14T17:47:15.039+0000] {processor.py:179} INFO - Processing /opt/airflow/dags/re_entrainment_model.py took 3.106 seconds
[2025-03-14T17:47:45.294+0000] {processor.py:157} INFO - Started process (PID=1518) to work on /opt/airflow/dags/re_entrainment_model.py
[2025-03-14T17:47:45.296+0000] {processor.py:829} INFO - Processing file /opt/airflow/dags/re_entrainment_model.py for tasks to queue
[2025-03-14T17:47:45.297+0000] {logging_mixin.py:151} INFO - [2025-03-14T17:47:45.297+0000] {dagbag.py:539} INFO - Filling up the DagBag from /opt/airflow/dags/re_entrainment_model.py
[2025-03-14T17:47:49.336+0000] {processor.py:839} INFO - DAG(s) dict_keys(['yfinance_lstm_training_dag']) retrieved from /opt/airflow/dags/re_entrainment_model.py
[2025-03-14T17:47:49.363+0000] {logging_mixin.py:151} INFO - [2025-03-14T17:47:49.363+0000] {dag.py:2915} INFO - Sync 1 DAGs
[2025-03-14T17:47:49.391+0000] {logging_mixin.py:151} INFO - [2025-03-14T17:47:49.391+0000] {dag.py:3696} INFO - Setting next_dagrun for yfinance_lstm_training_dag to 2025-03-09T00:00:00+00:00, run_after=2025-03-16T00:00:00+00:00
[2025-03-14T17:47:49.416+0000] {processor.py:179} INFO - Processing /opt/airflow/dags/re_entrainment_model.py took 4.281 seconds
[2025-03-14T17:48:19.534+0000] {processor.py:157} INFO - Started process (PID=1543) to work on /opt/airflow/dags/re_entrainment_model.py
[2025-03-14T17:48:19.536+0000] {processor.py:829} INFO - Processing file /opt/airflow/dags/re_entrainment_model.py for tasks to queue
[2025-03-14T17:48:19.538+0000] {logging_mixin.py:151} INFO - [2025-03-14T17:48:19.537+0000] {dagbag.py:539} INFO - Filling up the DagBag from /opt/airflow/dags/re_entrainment_model.py
[2025-03-14T17:48:22.755+0000] {processor.py:839} INFO - DAG(s) dict_keys(['yfinance_lstm_training_dag']) retrieved from /opt/airflow/dags/re_entrainment_model.py
[2025-03-14T17:48:22.780+0000] {logging_mixin.py:151} INFO - [2025-03-14T17:48:22.779+0000] {dag.py:2915} INFO - Sync 1 DAGs
[2025-03-14T17:48:22.802+0000] {logging_mixin.py:151} INFO - [2025-03-14T17:48:22.802+0000] {dag.py:3696} INFO - Setting next_dagrun for yfinance_lstm_training_dag to 2025-03-09T00:00:00+00:00, run_after=2025-03-16T00:00:00+00:00
[2025-03-14T17:48:22.823+0000] {processor.py:179} INFO - Processing /opt/airflow/dags/re_entrainment_model.py took 3.293 seconds
[2025-03-14T17:48:53.213+0000] {processor.py:157} INFO - Started process (PID=1568) to work on /opt/airflow/dags/re_entrainment_model.py
[2025-03-14T17:48:53.215+0000] {processor.py:829} INFO - Processing file /opt/airflow/dags/re_entrainment_model.py for tasks to queue
[2025-03-14T17:48:53.217+0000] {logging_mixin.py:151} INFO - [2025-03-14T17:48:53.216+0000] {dagbag.py:539} INFO - Filling up the DagBag from /opt/airflow/dags/re_entrainment_model.py
[2025-03-14T17:48:56.165+0000] {processor.py:839} INFO - DAG(s) dict_keys(['yfinance_lstm_training_dag']) retrieved from /opt/airflow/dags/re_entrainment_model.py
[2025-03-14T17:48:56.186+0000] {logging_mixin.py:151} INFO - [2025-03-14T17:48:56.186+0000] {dag.py:2915} INFO - Sync 1 DAGs
[2025-03-14T17:48:56.206+0000] {logging_mixin.py:151} INFO - [2025-03-14T17:48:56.206+0000] {dag.py:3696} INFO - Setting next_dagrun for yfinance_lstm_training_dag to 2025-03-09T00:00:00+00:00, run_after=2025-03-16T00:00:00+00:00
[2025-03-14T17:48:56.233+0000] {processor.py:179} INFO - Processing /opt/airflow/dags/re_entrainment_model.py took 3.025 seconds
[2025-03-14T17:49:26.458+0000] {processor.py:157} INFO - Started process (PID=1593) to work on /opt/airflow/dags/re_entrainment_model.py
[2025-03-14T17:49:26.459+0000] {processor.py:829} INFO - Processing file /opt/airflow/dags/re_entrainment_model.py for tasks to queue
[2025-03-14T17:49:26.461+0000] {logging_mixin.py:151} INFO - [2025-03-14T17:49:26.460+0000] {dagbag.py:539} INFO - Filling up the DagBag from /opt/airflow/dags/re_entrainment_model.py
[2025-03-14T17:49:29.721+0000] {processor.py:839} INFO - DAG(s) dict_keys(['yfinance_lstm_training_dag']) retrieved from /opt/airflow/dags/re_entrainment_model.py
[2025-03-14T17:49:29.745+0000] {logging_mixin.py:151} INFO - [2025-03-14T17:49:29.744+0000] {dag.py:2915} INFO - Sync 1 DAGs
[2025-03-14T17:49:29.763+0000] {logging_mixin.py:151} INFO - [2025-03-14T17:49:29.763+0000] {dag.py:3696} INFO - Setting next_dagrun for yfinance_lstm_training_dag to 2025-03-09T00:00:00+00:00, run_after=2025-03-16T00:00:00+00:00
[2025-03-14T17:49:29.783+0000] {processor.py:179} INFO - Processing /opt/airflow/dags/re_entrainment_model.py took 3.328 seconds
[2025-03-14T17:50:00.195+0000] {processor.py:157} INFO - Started process (PID=1618) to work on /opt/airflow/dags/re_entrainment_model.py
[2025-03-14T17:50:00.196+0000] {processor.py:829} INFO - Processing file /opt/airflow/dags/re_entrainment_model.py for tasks to queue
[2025-03-14T17:50:00.198+0000] {logging_mixin.py:151} INFO - [2025-03-14T17:50:00.198+0000] {dagbag.py:539} INFO - Filling up the DagBag from /opt/airflow/dags/re_entrainment_model.py
[2025-03-14T17:50:03.307+0000] {processor.py:839} INFO - DAG(s) dict_keys(['yfinance_lstm_training_dag']) retrieved from /opt/airflow/dags/re_entrainment_model.py
[2025-03-14T17:50:03.334+0000] {logging_mixin.py:151} INFO - [2025-03-14T17:50:03.334+0000] {dag.py:2915} INFO - Sync 1 DAGs
[2025-03-14T17:50:03.360+0000] {logging_mixin.py:151} INFO - [2025-03-14T17:50:03.359+0000] {dag.py:3696} INFO - Setting next_dagrun for yfinance_lstm_training_dag to 2025-03-09T00:00:00+00:00, run_after=2025-03-16T00:00:00+00:00
[2025-03-14T17:50:03.383+0000] {processor.py:179} INFO - Processing /opt/airflow/dags/re_entrainment_model.py took 3.192 seconds
[2025-03-14T17:50:33.776+0000] {processor.py:157} INFO - Started process (PID=1643) to work on /opt/airflow/dags/re_entrainment_model.py
[2025-03-14T17:50:33.777+0000] {processor.py:829} INFO - Processing file /opt/airflow/dags/re_entrainment_model.py for tasks to queue
[2025-03-14T17:50:33.778+0000] {logging_mixin.py:151} INFO - [2025-03-14T17:50:33.778+0000] {dagbag.py:539} INFO - Filling up the DagBag from /opt/airflow/dags/re_entrainment_model.py
[2025-03-14T17:50:36.683+0000] {processor.py:839} INFO - DAG(s) dict_keys(['yfinance_lstm_training_dag']) retrieved from /opt/airflow/dags/re_entrainment_model.py
[2025-03-14T17:50:36.706+0000] {logging_mixin.py:151} INFO - [2025-03-14T17:50:36.706+0000] {dag.py:2915} INFO - Sync 1 DAGs
[2025-03-14T17:50:36.730+0000] {logging_mixin.py:151} INFO - [2025-03-14T17:50:36.730+0000] {dag.py:3696} INFO - Setting next_dagrun for yfinance_lstm_training_dag to 2025-03-09T00:00:00+00:00, run_after=2025-03-16T00:00:00+00:00
[2025-03-14T17:50:36.755+0000] {processor.py:179} INFO - Processing /opt/airflow/dags/re_entrainment_model.py took 2.982 seconds
[2025-03-14T17:51:07.180+0000] {processor.py:157} INFO - Started process (PID=1668) to work on /opt/airflow/dags/re_entrainment_model.py
[2025-03-14T17:51:07.182+0000] {processor.py:829} INFO - Processing file /opt/airflow/dags/re_entrainment_model.py for tasks to queue
[2025-03-14T17:51:07.183+0000] {logging_mixin.py:151} INFO - [2025-03-14T17:51:07.183+0000] {dagbag.py:539} INFO - Filling up the DagBag from /opt/airflow/dags/re_entrainment_model.py
[2025-03-14T17:51:10.519+0000] {processor.py:839} INFO - DAG(s) dict_keys(['yfinance_lstm_training_dag']) retrieved from /opt/airflow/dags/re_entrainment_model.py
[2025-03-14T17:51:10.543+0000] {logging_mixin.py:151} INFO - [2025-03-14T17:51:10.542+0000] {dag.py:2915} INFO - Sync 1 DAGs
[2025-03-14T17:51:10.562+0000] {logging_mixin.py:151} INFO - [2025-03-14T17:51:10.562+0000] {dag.py:3696} INFO - Setting next_dagrun for yfinance_lstm_training_dag to 2025-03-09T00:00:00+00:00, run_after=2025-03-16T00:00:00+00:00
[2025-03-14T17:51:10.584+0000] {processor.py:179} INFO - Processing /opt/airflow/dags/re_entrainment_model.py took 3.408 seconds
[2025-03-14T17:51:40.740+0000] {processor.py:157} INFO - Started process (PID=1699) to work on /opt/airflow/dags/re_entrainment_model.py
[2025-03-14T17:51:40.741+0000] {processor.py:829} INFO - Processing file /opt/airflow/dags/re_entrainment_model.py for tasks to queue
[2025-03-14T17:51:40.743+0000] {logging_mixin.py:151} INFO - [2025-03-14T17:51:40.743+0000] {dagbag.py:539} INFO - Filling up the DagBag from /opt/airflow/dags/re_entrainment_model.py
[2025-03-14T17:51:43.669+0000] {processor.py:839} INFO - DAG(s) dict_keys(['yfinance_lstm_training_dag']) retrieved from /opt/airflow/dags/re_entrainment_model.py
[2025-03-14T17:51:43.691+0000] {logging_mixin.py:151} INFO - [2025-03-14T17:51:43.690+0000] {dag.py:2915} INFO - Sync 1 DAGs
[2025-03-14T17:51:43.713+0000] {logging_mixin.py:151} INFO - [2025-03-14T17:51:43.713+0000] {dag.py:3696} INFO - Setting next_dagrun for yfinance_lstm_training_dag to 2025-03-09T00:00:00+00:00, run_after=2025-03-16T00:00:00+00:00
[2025-03-14T17:51:43.731+0000] {processor.py:179} INFO - Processing /opt/airflow/dags/re_entrainment_model.py took 2.995 seconds
[2025-03-14T17:52:14.145+0000] {processor.py:157} INFO - Started process (PID=1724) to work on /opt/airflow/dags/re_entrainment_model.py
[2025-03-14T17:52:14.147+0000] {processor.py:829} INFO - Processing file /opt/airflow/dags/re_entrainment_model.py for tasks to queue
[2025-03-14T17:52:14.148+0000] {logging_mixin.py:151} INFO - [2025-03-14T17:52:14.148+0000] {dagbag.py:539} INFO - Filling up the DagBag from /opt/airflow/dags/re_entrainment_model.py
[2025-03-14T17:52:17.143+0000] {processor.py:839} INFO - DAG(s) dict_keys(['yfinance_lstm_training_dag']) retrieved from /opt/airflow/dags/re_entrainment_model.py
[2025-03-14T17:52:17.167+0000] {logging_mixin.py:151} INFO - [2025-03-14T17:52:17.167+0000] {dag.py:2915} INFO - Sync 1 DAGs
[2025-03-14T17:52:17.190+0000] {logging_mixin.py:151} INFO - [2025-03-14T17:52:17.190+0000] {dag.py:3696} INFO - Setting next_dagrun for yfinance_lstm_training_dag to 2025-03-09T00:00:00+00:00, run_after=2025-03-16T00:00:00+00:00
[2025-03-14T17:52:17.212+0000] {processor.py:179} INFO - Processing /opt/airflow/dags/re_entrainment_model.py took 3.079 seconds
[2025-03-14T17:52:47.624+0000] {processor.py:157} INFO - Started process (PID=1749) to work on /opt/airflow/dags/re_entrainment_model.py
[2025-03-14T17:52:47.626+0000] {processor.py:829} INFO - Processing file /opt/airflow/dags/re_entrainment_model.py for tasks to queue
[2025-03-14T17:52:47.627+0000] {logging_mixin.py:151} INFO - [2025-03-14T17:52:47.626+0000] {dagbag.py:539} INFO - Filling up the DagBag from /opt/airflow/dags/re_entrainment_model.py
[2025-03-14T17:52:50.980+0000] {processor.py:839} INFO - DAG(s) dict_keys(['yfinance_lstm_training_dag']) retrieved from /opt/airflow/dags/re_entrainment_model.py
[2025-03-14T17:52:51.001+0000] {logging_mixin.py:151} INFO - [2025-03-14T17:52:51.000+0000] {dag.py:2915} INFO - Sync 1 DAGs
[2025-03-14T17:52:51.025+0000] {logging_mixin.py:151} INFO - [2025-03-14T17:52:51.024+0000] {dag.py:3696} INFO - Setting next_dagrun for yfinance_lstm_training_dag to 2025-03-09T00:00:00+00:00, run_after=2025-03-16T00:00:00+00:00
[2025-03-14T17:52:51.045+0000] {processor.py:179} INFO - Processing /opt/airflow/dags/re_entrainment_model.py took 3.425 seconds
[2025-03-14T17:53:21.474+0000] {processor.py:157} INFO - Started process (PID=1780) to work on /opt/airflow/dags/re_entrainment_model.py
[2025-03-14T17:53:21.476+0000] {processor.py:829} INFO - Processing file /opt/airflow/dags/re_entrainment_model.py for tasks to queue
[2025-03-14T17:53:21.478+0000] {logging_mixin.py:151} INFO - [2025-03-14T17:53:21.477+0000] {dagbag.py:539} INFO - Filling up the DagBag from /opt/airflow/dags/re_entrainment_model.py
[2025-03-14T17:53:24.562+0000] {processor.py:839} INFO - DAG(s) dict_keys(['yfinance_lstm_training_dag']) retrieved from /opt/airflow/dags/re_entrainment_model.py
[2025-03-14T17:53:24.584+0000] {logging_mixin.py:151} INFO - [2025-03-14T17:53:24.584+0000] {dag.py:2915} INFO - Sync 1 DAGs
[2025-03-14T17:53:24.607+0000] {logging_mixin.py:151} INFO - [2025-03-14T17:53:24.607+0000] {dag.py:3696} INFO - Setting next_dagrun for yfinance_lstm_training_dag to 2025-03-09T00:00:00+00:00, run_after=2025-03-16T00:00:00+00:00
[2025-03-14T17:53:24.628+0000] {processor.py:179} INFO - Processing /opt/airflow/dags/re_entrainment_model.py took 3.159 seconds
[2025-03-14T17:53:54.977+0000] {processor.py:157} INFO - Started process (PID=1805) to work on /opt/airflow/dags/re_entrainment_model.py
[2025-03-14T17:53:54.979+0000] {processor.py:829} INFO - Processing file /opt/airflow/dags/re_entrainment_model.py for tasks to queue
[2025-03-14T17:53:54.981+0000] {logging_mixin.py:151} INFO - [2025-03-14T17:53:54.981+0000] {dagbag.py:539} INFO - Filling up the DagBag from /opt/airflow/dags/re_entrainment_model.py
[2025-03-14T17:53:57.863+0000] {processor.py:839} INFO - DAG(s) dict_keys(['yfinance_lstm_training_dag']) retrieved from /opt/airflow/dags/re_entrainment_model.py
[2025-03-14T17:53:57.884+0000] {logging_mixin.py:151} INFO - [2025-03-14T17:53:57.882+0000] {dag.py:2915} INFO - Sync 1 DAGs
[2025-03-14T17:53:57.904+0000] {logging_mixin.py:151} INFO - [2025-03-14T17:53:57.903+0000] {dag.py:3696} INFO - Setting next_dagrun for yfinance_lstm_training_dag to 2025-03-09T00:00:00+00:00, run_after=2025-03-16T00:00:00+00:00
[2025-03-14T17:53:57.924+0000] {processor.py:179} INFO - Processing /opt/airflow/dags/re_entrainment_model.py took 2.954 seconds
[2025-03-14T17:54:28.258+0000] {processor.py:157} INFO - Started process (PID=1830) to work on /opt/airflow/dags/re_entrainment_model.py
[2025-03-14T17:54:28.260+0000] {processor.py:829} INFO - Processing file /opt/airflow/dags/re_entrainment_model.py for tasks to queue
[2025-03-14T17:54:28.261+0000] {logging_mixin.py:151} INFO - [2025-03-14T17:54:28.261+0000] {dagbag.py:539} INFO - Filling up the DagBag from /opt/airflow/dags/re_entrainment_model.py
[2025-03-14T17:54:31.623+0000] {processor.py:839} INFO - DAG(s) dict_keys(['yfinance_lstm_training_dag']) retrieved from /opt/airflow/dags/re_entrainment_model.py
[2025-03-14T17:54:31.649+0000] {logging_mixin.py:151} INFO - [2025-03-14T17:54:31.649+0000] {dag.py:2915} INFO - Sync 1 DAGs
[2025-03-14T17:54:31.693+0000] {logging_mixin.py:151} INFO - [2025-03-14T17:54:31.692+0000] {dag.py:3696} INFO - Setting next_dagrun for yfinance_lstm_training_dag to 2025-03-09T00:00:00+00:00, run_after=2025-03-16T00:00:00+00:00
[2025-03-14T17:54:31.729+0000] {processor.py:179} INFO - Processing /opt/airflow/dags/re_entrainment_model.py took 3.474 seconds
[2025-03-14T17:55:02.149+0000] {processor.py:157} INFO - Started process (PID=1855) to work on /opt/airflow/dags/re_entrainment_model.py
[2025-03-14T17:55:02.150+0000] {processor.py:829} INFO - Processing file /opt/airflow/dags/re_entrainment_model.py for tasks to queue
[2025-03-14T17:55:02.151+0000] {logging_mixin.py:151} INFO - [2025-03-14T17:55:02.151+0000] {dagbag.py:539} INFO - Filling up the DagBag from /opt/airflow/dags/re_entrainment_model.py
[2025-03-14T17:55:05.131+0000] {processor.py:839} INFO - DAG(s) dict_keys(['yfinance_lstm_training_dag']) retrieved from /opt/airflow/dags/re_entrainment_model.py
[2025-03-14T17:55:05.153+0000] {logging_mixin.py:151} INFO - [2025-03-14T17:55:05.153+0000] {dag.py:2915} INFO - Sync 1 DAGs
[2025-03-14T17:55:05.173+0000] {logging_mixin.py:151} INFO - [2025-03-14T17:55:05.172+0000] {dag.py:3696} INFO - Setting next_dagrun for yfinance_lstm_training_dag to 2025-03-09T00:00:00+00:00, run_after=2025-03-16T00:00:00+00:00
[2025-03-14T17:55:05.196+0000] {processor.py:179} INFO - Processing /opt/airflow/dags/re_entrainment_model.py took 3.052 seconds
[2025-03-14T17:55:35.523+0000] {processor.py:157} INFO - Started process (PID=1880) to work on /opt/airflow/dags/re_entrainment_model.py
[2025-03-14T17:55:35.524+0000] {processor.py:829} INFO - Processing file /opt/airflow/dags/re_entrainment_model.py for tasks to queue
[2025-03-14T17:55:35.526+0000] {logging_mixin.py:151} INFO - [2025-03-14T17:55:35.525+0000] {dagbag.py:539} INFO - Filling up the DagBag from /opt/airflow/dags/re_entrainment_model.py
[2025-03-14T17:55:38.482+0000] {processor.py:839} INFO - DAG(s) dict_keys(['yfinance_lstm_training_dag']) retrieved from /opt/airflow/dags/re_entrainment_model.py
[2025-03-14T17:55:38.503+0000] {logging_mixin.py:151} INFO - [2025-03-14T17:55:38.503+0000] {dag.py:2915} INFO - Sync 1 DAGs
[2025-03-14T17:55:38.525+0000] {logging_mixin.py:151} INFO - [2025-03-14T17:55:38.525+0000] {dag.py:3696} INFO - Setting next_dagrun for yfinance_lstm_training_dag to 2025-03-09T00:00:00+00:00, run_after=2025-03-16T00:00:00+00:00
[2025-03-14T17:55:38.548+0000] {processor.py:179} INFO - Processing /opt/airflow/dags/re_entrainment_model.py took 3.029 seconds
[2025-03-14T17:56:09.003+0000] {processor.py:157} INFO - Started process (PID=1905) to work on /opt/airflow/dags/re_entrainment_model.py
[2025-03-14T17:56:09.006+0000] {processor.py:829} INFO - Processing file /opt/airflow/dags/re_entrainment_model.py for tasks to queue
[2025-03-14T17:56:09.009+0000] {logging_mixin.py:151} INFO - [2025-03-14T17:56:09.008+0000] {dagbag.py:539} INFO - Filling up the DagBag from /opt/airflow/dags/re_entrainment_model.py
[2025-03-14T17:56:12.196+0000] {processor.py:839} INFO - DAG(s) dict_keys(['yfinance_lstm_training_dag']) retrieved from /opt/airflow/dags/re_entrainment_model.py
[2025-03-14T17:56:12.214+0000] {logging_mixin.py:151} INFO - [2025-03-14T17:56:12.213+0000] {dag.py:2915} INFO - Sync 1 DAGs
[2025-03-14T17:56:12.233+0000] {logging_mixin.py:151} INFO - [2025-03-14T17:56:12.233+0000] {dag.py:3696} INFO - Setting next_dagrun for yfinance_lstm_training_dag to 2025-03-09T00:00:00+00:00, run_after=2025-03-16T00:00:00+00:00
[2025-03-14T17:56:12.254+0000] {processor.py:179} INFO - Processing /opt/airflow/dags/re_entrainment_model.py took 3.259 seconds
[2025-03-14T17:56:42.372+0000] {processor.py:157} INFO - Started process (PID=1930) to work on /opt/airflow/dags/re_entrainment_model.py
[2025-03-14T17:56:42.373+0000] {processor.py:829} INFO - Processing file /opt/airflow/dags/re_entrainment_model.py for tasks to queue
[2025-03-14T17:56:42.375+0000] {logging_mixin.py:151} INFO - [2025-03-14T17:56:42.374+0000] {dagbag.py:539} INFO - Filling up the DagBag from /opt/airflow/dags/re_entrainment_model.py
[2025-03-14T17:56:45.306+0000] {processor.py:839} INFO - DAG(s) dict_keys(['yfinance_lstm_training_dag']) retrieved from /opt/airflow/dags/re_entrainment_model.py
[2025-03-14T17:56:45.327+0000] {logging_mixin.py:151} INFO - [2025-03-14T17:56:45.325+0000] {dag.py:2915} INFO - Sync 1 DAGs
[2025-03-14T17:56:45.353+0000] {logging_mixin.py:151} INFO - [2025-03-14T17:56:45.353+0000] {dag.py:3696} INFO - Setting next_dagrun for yfinance_lstm_training_dag to 2025-03-09T00:00:00+00:00, run_after=2025-03-16T00:00:00+00:00
[2025-03-14T17:56:45.378+0000] {processor.py:179} INFO - Processing /opt/airflow/dags/re_entrainment_model.py took 3.009 seconds
[2025-03-14T17:57:15.597+0000] {processor.py:157} INFO - Started process (PID=1955) to work on /opt/airflow/dags/re_entrainment_model.py
[2025-03-14T17:57:15.599+0000] {processor.py:829} INFO - Processing file /opt/airflow/dags/re_entrainment_model.py for tasks to queue
[2025-03-14T17:57:15.600+0000] {logging_mixin.py:151} INFO - [2025-03-14T17:57:15.600+0000] {dagbag.py:539} INFO - Filling up the DagBag from /opt/airflow/dags/re_entrainment_model.py
[2025-03-14T17:57:18.605+0000] {processor.py:839} INFO - DAG(s) dict_keys(['yfinance_lstm_training_dag']) retrieved from /opt/airflow/dags/re_entrainment_model.py
[2025-03-14T17:57:18.626+0000] {logging_mixin.py:151} INFO - [2025-03-14T17:57:18.625+0000] {dag.py:2915} INFO - Sync 1 DAGs
[2025-03-14T17:57:18.657+0000] {logging_mixin.py:151} INFO - [2025-03-14T17:57:18.657+0000] {dag.py:3696} INFO - Setting next_dagrun for yfinance_lstm_training_dag to 2025-03-09T00:00:00+00:00, run_after=2025-03-16T00:00:00+00:00
[2025-03-14T17:57:18.703+0000] {processor.py:179} INFO - Processing /opt/airflow/dags/re_entrainment_model.py took 3.112 seconds
[2025-03-14T17:57:48.911+0000] {processor.py:157} INFO - Started process (PID=1980) to work on /opt/airflow/dags/re_entrainment_model.py
[2025-03-14T17:57:48.912+0000] {processor.py:829} INFO - Processing file /opt/airflow/dags/re_entrainment_model.py for tasks to queue
[2025-03-14T17:57:48.915+0000] {logging_mixin.py:151} INFO - [2025-03-14T17:57:48.914+0000] {dagbag.py:539} INFO - Filling up the DagBag from /opt/airflow/dags/re_entrainment_model.py
[2025-03-14T17:57:52.284+0000] {processor.py:839} INFO - DAG(s) dict_keys(['yfinance_lstm_training_dag']) retrieved from /opt/airflow/dags/re_entrainment_model.py
[2025-03-14T17:57:52.306+0000] {logging_mixin.py:151} INFO - [2025-03-14T17:57:52.305+0000] {dag.py:2915} INFO - Sync 1 DAGs
[2025-03-14T17:57:52.326+0000] {logging_mixin.py:151} INFO - [2025-03-14T17:57:52.326+0000] {dag.py:3696} INFO - Setting next_dagrun for yfinance_lstm_training_dag to 2025-03-09T00:00:00+00:00, run_after=2025-03-16T00:00:00+00:00
[2025-03-14T17:57:52.351+0000] {processor.py:179} INFO - Processing /opt/airflow/dags/re_entrainment_model.py took 3.445 seconds
[2025-03-14T17:58:22.442+0000] {processor.py:157} INFO - Started process (PID=2011) to work on /opt/airflow/dags/re_entrainment_model.py
[2025-03-14T17:58:22.443+0000] {processor.py:829} INFO - Processing file /opt/airflow/dags/re_entrainment_model.py for tasks to queue
[2025-03-14T17:58:22.445+0000] {logging_mixin.py:151} INFO - [2025-03-14T17:58:22.444+0000] {dagbag.py:539} INFO - Filling up the DagBag from /opt/airflow/dags/re_entrainment_model.py
[2025-03-14T17:58:25.327+0000] {processor.py:839} INFO - DAG(s) dict_keys(['yfinance_lstm_training_dag']) retrieved from /opt/airflow/dags/re_entrainment_model.py
[2025-03-14T17:58:25.350+0000] {logging_mixin.py:151} INFO - [2025-03-14T17:58:25.349+0000] {dag.py:2915} INFO - Sync 1 DAGs
[2025-03-14T17:58:25.372+0000] {logging_mixin.py:151} INFO - [2025-03-14T17:58:25.371+0000] {dag.py:3696} INFO - Setting next_dagrun for yfinance_lstm_training_dag to 2025-03-09T00:00:00+00:00, run_after=2025-03-16T00:00:00+00:00
[2025-03-14T17:58:25.401+0000] {processor.py:179} INFO - Processing /opt/airflow/dags/re_entrainment_model.py took 2.962 seconds
[2025-03-14T17:58:55.539+0000] {processor.py:157} INFO - Started process (PID=2036) to work on /opt/airflow/dags/re_entrainment_model.py
[2025-03-14T17:58:55.541+0000] {processor.py:829} INFO - Processing file /opt/airflow/dags/re_entrainment_model.py for tasks to queue
[2025-03-14T17:58:55.542+0000] {logging_mixin.py:151} INFO - [2025-03-14T17:58:55.542+0000] {dagbag.py:539} INFO - Filling up the DagBag from /opt/airflow/dags/re_entrainment_model.py
[2025-03-14T17:58:58.512+0000] {processor.py:839} INFO - DAG(s) dict_keys(['yfinance_lstm_training_dag']) retrieved from /opt/airflow/dags/re_entrainment_model.py
[2025-03-14T17:58:58.533+0000] {logging_mixin.py:151} INFO - [2025-03-14T17:58:58.532+0000] {dag.py:2915} INFO - Sync 1 DAGs
[2025-03-14T17:58:58.554+0000] {logging_mixin.py:151} INFO - [2025-03-14T17:58:58.554+0000] {dag.py:3696} INFO - Setting next_dagrun for yfinance_lstm_training_dag to 2025-03-09T00:00:00+00:00, run_after=2025-03-16T00:00:00+00:00
[2025-03-14T17:58:58.577+0000] {processor.py:179} INFO - Processing /opt/airflow/dags/re_entrainment_model.py took 3.040 seconds
[2025-03-14T17:59:29.003+0000] {processor.py:157} INFO - Started process (PID=2061) to work on /opt/airflow/dags/re_entrainment_model.py
[2025-03-14T17:59:29.004+0000] {processor.py:829} INFO - Processing file /opt/airflow/dags/re_entrainment_model.py for tasks to queue
[2025-03-14T17:59:29.006+0000] {logging_mixin.py:151} INFO - [2025-03-14T17:59:29.005+0000] {dagbag.py:539} INFO - Filling up the DagBag from /opt/airflow/dags/re_entrainment_model.py
[2025-03-14T17:59:32.145+0000] {processor.py:839} INFO - DAG(s) dict_keys(['yfinance_lstm_training_dag']) retrieved from /opt/airflow/dags/re_entrainment_model.py
[2025-03-14T17:59:32.168+0000] {logging_mixin.py:151} INFO - [2025-03-14T17:59:32.168+0000] {dag.py:2915} INFO - Sync 1 DAGs
[2025-03-14T17:59:32.188+0000] {logging_mixin.py:151} INFO - [2025-03-14T17:59:32.188+0000] {dag.py:3696} INFO - Setting next_dagrun for yfinance_lstm_training_dag to 2025-03-09T00:00:00+00:00, run_after=2025-03-16T00:00:00+00:00
[2025-03-14T17:59:32.209+0000] {processor.py:179} INFO - Processing /opt/airflow/dags/re_entrainment_model.py took 3.213 seconds
[2025-03-14T18:00:02.310+0000] {processor.py:157} INFO - Started process (PID=2086) to work on /opt/airflow/dags/re_entrainment_model.py
[2025-03-14T18:00:02.311+0000] {processor.py:829} INFO - Processing file /opt/airflow/dags/re_entrainment_model.py for tasks to queue
[2025-03-14T18:00:02.313+0000] {logging_mixin.py:151} INFO - [2025-03-14T18:00:02.313+0000] {dagbag.py:539} INFO - Filling up the DagBag from /opt/airflow/dags/re_entrainment_model.py
[2025-03-14T18:00:05.179+0000] {processor.py:839} INFO - DAG(s) dict_keys(['yfinance_lstm_training_dag']) retrieved from /opt/airflow/dags/re_entrainment_model.py
[2025-03-14T18:00:05.200+0000] {logging_mixin.py:151} INFO - [2025-03-14T18:00:05.200+0000] {dag.py:2915} INFO - Sync 1 DAGs
[2025-03-14T18:00:05.223+0000] {logging_mixin.py:151} INFO - [2025-03-14T18:00:05.223+0000] {dag.py:3696} INFO - Setting next_dagrun for yfinance_lstm_training_dag to 2025-03-09T00:00:00+00:00, run_after=2025-03-16T00:00:00+00:00
[2025-03-14T18:00:05.247+0000] {processor.py:179} INFO - Processing /opt/airflow/dags/re_entrainment_model.py took 2.941 seconds
[2025-03-14T18:00:35.693+0000] {processor.py:157} INFO - Started process (PID=2111) to work on /opt/airflow/dags/re_entrainment_model.py
[2025-03-14T18:00:35.694+0000] {processor.py:829} INFO - Processing file /opt/airflow/dags/re_entrainment_model.py for tasks to queue
[2025-03-14T18:00:35.696+0000] {logging_mixin.py:151} INFO - [2025-03-14T18:00:35.696+0000] {dagbag.py:539} INFO - Filling up the DagBag from /opt/airflow/dags/re_entrainment_model.py
[2025-03-14T18:00:38.812+0000] {processor.py:839} INFO - DAG(s) dict_keys(['yfinance_lstm_training_dag']) retrieved from /opt/airflow/dags/re_entrainment_model.py
[2025-03-14T18:00:38.843+0000] {logging_mixin.py:151} INFO - [2025-03-14T18:00:38.841+0000] {dag.py:2915} INFO - Sync 1 DAGs
[2025-03-14T18:00:38.899+0000] {logging_mixin.py:151} INFO - [2025-03-14T18:00:38.899+0000] {dag.py:3696} INFO - Setting next_dagrun for yfinance_lstm_training_dag to 2025-03-09T00:00:00+00:00, run_after=2025-03-16T00:00:00+00:00
[2025-03-14T18:00:38.942+0000] {processor.py:179} INFO - Processing /opt/airflow/dags/re_entrainment_model.py took 3.253 seconds
[2025-03-14T18:01:09.046+0000] {processor.py:157} INFO - Started process (PID=2142) to work on /opt/airflow/dags/re_entrainment_model.py
[2025-03-14T18:01:09.048+0000] {processor.py:829} INFO - Processing file /opt/airflow/dags/re_entrainment_model.py for tasks to queue
[2025-03-14T18:01:09.049+0000] {logging_mixin.py:151} INFO - [2025-03-14T18:01:09.049+0000] {dagbag.py:539} INFO - Filling up the DagBag from /opt/airflow/dags/re_entrainment_model.py
[2025-03-14T18:01:12.311+0000] {processor.py:839} INFO - DAG(s) dict_keys(['yfinance_lstm_training_dag']) retrieved from /opt/airflow/dags/re_entrainment_model.py
[2025-03-14T18:01:12.338+0000] {logging_mixin.py:151} INFO - [2025-03-14T18:01:12.337+0000] {dag.py:2915} INFO - Sync 1 DAGs
[2025-03-14T18:01:12.362+0000] {logging_mixin.py:151} INFO - [2025-03-14T18:01:12.362+0000] {dag.py:3696} INFO - Setting next_dagrun for yfinance_lstm_training_dag to 2025-03-09T00:00:00+00:00, run_after=2025-03-16T00:00:00+00:00
[2025-03-14T18:01:12.392+0000] {processor.py:179} INFO - Processing /opt/airflow/dags/re_entrainment_model.py took 3.351 seconds
[2025-03-14T18:01:43.358+0000] {processor.py:157} INFO - Started process (PID=2167) to work on /opt/airflow/dags/re_entrainment_model.py
[2025-03-14T18:01:43.360+0000] {processor.py:829} INFO - Processing file /opt/airflow/dags/re_entrainment_model.py for tasks to queue
[2025-03-14T18:01:43.362+0000] {logging_mixin.py:151} INFO - [2025-03-14T18:01:43.361+0000] {dagbag.py:539} INFO - Filling up the DagBag from /opt/airflow/dags/re_entrainment_model.py
[2025-03-14T18:01:46.285+0000] {processor.py:839} INFO - DAG(s) dict_keys(['yfinance_lstm_training_dag']) retrieved from /opt/airflow/dags/re_entrainment_model.py
[2025-03-14T18:01:46.306+0000] {logging_mixin.py:151} INFO - [2025-03-14T18:01:46.303+0000] {dag.py:2915} INFO - Sync 1 DAGs
[2025-03-14T18:01:46.343+0000] {logging_mixin.py:151} INFO - [2025-03-14T18:01:46.342+0000] {dag.py:3696} INFO - Setting next_dagrun for yfinance_lstm_training_dag to 2025-03-09T00:00:00+00:00, run_after=2025-03-16T00:00:00+00:00
[2025-03-14T18:01:46.372+0000] {processor.py:179} INFO - Processing /opt/airflow/dags/re_entrainment_model.py took 3.020 seconds
[2025-03-14T18:02:16.623+0000] {processor.py:157} INFO - Started process (PID=2192) to work on /opt/airflow/dags/re_entrainment_model.py
[2025-03-14T18:02:16.624+0000] {processor.py:829} INFO - Processing file /opt/airflow/dags/re_entrainment_model.py for tasks to queue
[2025-03-14T18:02:16.625+0000] {logging_mixin.py:151} INFO - [2025-03-14T18:02:16.624+0000] {dagbag.py:539} INFO - Filling up the DagBag from /opt/airflow/dags/re_entrainment_model.py
[2025-03-14T18:02:19.653+0000] {processor.py:839} INFO - DAG(s) dict_keys(['yfinance_lstm_training_dag']) retrieved from /opt/airflow/dags/re_entrainment_model.py
[2025-03-14T18:02:19.674+0000] {logging_mixin.py:151} INFO - [2025-03-14T18:02:19.673+0000] {dag.py:2915} INFO - Sync 1 DAGs
[2025-03-14T18:02:19.693+0000] {logging_mixin.py:151} INFO - [2025-03-14T18:02:19.693+0000] {dag.py:3696} INFO - Setting next_dagrun for yfinance_lstm_training_dag to 2025-03-09T00:00:00+00:00, run_after=2025-03-16T00:00:00+00:00
[2025-03-14T18:02:19.718+0000] {processor.py:179} INFO - Processing /opt/airflow/dags/re_entrainment_model.py took 3.100 seconds
[2025-03-14T18:02:50.138+0000] {processor.py:157} INFO - Started process (PID=2217) to work on /opt/airflow/dags/re_entrainment_model.py
[2025-03-14T18:02:50.140+0000] {processor.py:829} INFO - Processing file /opt/airflow/dags/re_entrainment_model.py for tasks to queue
[2025-03-14T18:02:50.141+0000] {logging_mixin.py:151} INFO - [2025-03-14T18:02:50.141+0000] {dagbag.py:539} INFO - Filling up the DagBag from /opt/airflow/dags/re_entrainment_model.py
[2025-03-14T18:02:53.573+0000] {processor.py:839} INFO - DAG(s) dict_keys(['yfinance_lstm_training_dag']) retrieved from /opt/airflow/dags/re_entrainment_model.py
[2025-03-14T18:02:53.594+0000] {logging_mixin.py:151} INFO - [2025-03-14T18:02:53.593+0000] {dag.py:2915} INFO - Sync 1 DAGs
[2025-03-14T18:02:53.613+0000] {logging_mixin.py:151} INFO - [2025-03-14T18:02:53.613+0000] {dag.py:3696} INFO - Setting next_dagrun for yfinance_lstm_training_dag to 2025-03-09T00:00:00+00:00, run_after=2025-03-16T00:00:00+00:00
[2025-03-14T18:02:53.635+0000] {processor.py:179} INFO - Processing /opt/airflow/dags/re_entrainment_model.py took 3.500 seconds
[2025-03-14T18:03:24.429+0000] {processor.py:157} INFO - Started process (PID=2242) to work on /opt/airflow/dags/re_entrainment_model.py
[2025-03-14T18:03:24.431+0000] {processor.py:829} INFO - Processing file /opt/airflow/dags/re_entrainment_model.py for tasks to queue
[2025-03-14T18:03:24.432+0000] {logging_mixin.py:151} INFO - [2025-03-14T18:03:24.432+0000] {dagbag.py:539} INFO - Filling up the DagBag from /opt/airflow/dags/re_entrainment_model.py
[2025-03-14T18:03:27.671+0000] {processor.py:839} INFO - DAG(s) dict_keys(['yfinance_lstm_training_dag']) retrieved from /opt/airflow/dags/re_entrainment_model.py
[2025-03-14T18:03:27.692+0000] {logging_mixin.py:151} INFO - [2025-03-14T18:03:27.691+0000] {dag.py:2915} INFO - Sync 1 DAGs
[2025-03-14T18:03:27.713+0000] {logging_mixin.py:151} INFO - [2025-03-14T18:03:27.713+0000] {dag.py:3696} INFO - Setting next_dagrun for yfinance_lstm_training_dag to 2025-03-09T00:00:00+00:00, run_after=2025-03-16T00:00:00+00:00
[2025-03-14T18:03:27.731+0000] {processor.py:179} INFO - Processing /opt/airflow/dags/re_entrainment_model.py took 3.305 seconds
[2025-03-14T18:03:58.084+0000] {processor.py:157} INFO - Started process (PID=2267) to work on /opt/airflow/dags/re_entrainment_model.py
[2025-03-14T18:03:58.085+0000] {processor.py:829} INFO - Processing file /opt/airflow/dags/re_entrainment_model.py for tasks to queue
[2025-03-14T18:03:58.087+0000] {logging_mixin.py:151} INFO - [2025-03-14T18:03:58.086+0000] {dagbag.py:539} INFO - Filling up the DagBag from /opt/airflow/dags/re_entrainment_model.py
[2025-03-14T18:04:01.198+0000] {processor.py:839} INFO - DAG(s) dict_keys(['yfinance_lstm_training_dag']) retrieved from /opt/airflow/dags/re_entrainment_model.py
[2025-03-14T18:04:01.218+0000] {logging_mixin.py:151} INFO - [2025-03-14T18:04:01.218+0000] {dag.py:2915} INFO - Sync 1 DAGs
[2025-03-14T18:04:01.239+0000] {logging_mixin.py:151} INFO - [2025-03-14T18:04:01.238+0000] {dag.py:3696} INFO - Setting next_dagrun for yfinance_lstm_training_dag to 2025-03-09T00:00:00+00:00, run_after=2025-03-16T00:00:00+00:00
[2025-03-14T18:04:01.258+0000] {processor.py:179} INFO - Processing /opt/airflow/dags/re_entrainment_model.py took 3.177 seconds
[2025-03-14T18:04:31.722+0000] {processor.py:157} INFO - Started process (PID=2292) to work on /opt/airflow/dags/re_entrainment_model.py
[2025-03-14T18:04:31.723+0000] {processor.py:829} INFO - Processing file /opt/airflow/dags/re_entrainment_model.py for tasks to queue
[2025-03-14T18:04:31.725+0000] {logging_mixin.py:151} INFO - [2025-03-14T18:04:31.724+0000] {dagbag.py:539} INFO - Filling up the DagBag from /opt/airflow/dags/re_entrainment_model.py
[2025-03-14T18:04:34.824+0000] {processor.py:839} INFO - DAG(s) dict_keys(['yfinance_lstm_training_dag']) retrieved from /opt/airflow/dags/re_entrainment_model.py
[2025-03-14T18:04:34.845+0000] {logging_mixin.py:151} INFO - [2025-03-14T18:04:34.843+0000] {dag.py:2915} INFO - Sync 1 DAGs
[2025-03-14T18:04:34.866+0000] {logging_mixin.py:151} INFO - [2025-03-14T18:04:34.865+0000] {dag.py:3696} INFO - Setting next_dagrun for yfinance_lstm_training_dag to 2025-03-09T00:00:00+00:00, run_after=2025-03-16T00:00:00+00:00
[2025-03-14T18:04:34.886+0000] {processor.py:179} INFO - Processing /opt/airflow/dags/re_entrainment_model.py took 3.167 seconds
[2025-03-14T18:05:05.125+0000] {processor.py:157} INFO - Started process (PID=2317) to work on /opt/airflow/dags/re_entrainment_model.py
[2025-03-14T18:05:05.126+0000] {processor.py:829} INFO - Processing file /opt/airflow/dags/re_entrainment_model.py for tasks to queue
[2025-03-14T18:05:05.128+0000] {logging_mixin.py:151} INFO - [2025-03-14T18:05:05.127+0000] {dagbag.py:539} INFO - Filling up the DagBag from /opt/airflow/dags/re_entrainment_model.py
[2025-03-14T18:05:08.141+0000] {processor.py:839} INFO - DAG(s) dict_keys(['yfinance_lstm_training_dag']) retrieved from /opt/airflow/dags/re_entrainment_model.py
[2025-03-14T18:05:08.163+0000] {logging_mixin.py:151} INFO - [2025-03-14T18:05:08.163+0000] {dag.py:2915} INFO - Sync 1 DAGs
[2025-03-14T18:05:08.184+0000] {logging_mixin.py:151} INFO - [2025-03-14T18:05:08.184+0000] {dag.py:3696} INFO - Setting next_dagrun for yfinance_lstm_training_dag to 2025-03-09T00:00:00+00:00, run_after=2025-03-16T00:00:00+00:00
[2025-03-14T18:05:08.205+0000] {processor.py:179} INFO - Processing /opt/airflow/dags/re_entrainment_model.py took 3.084 seconds
[2025-03-14T18:05:38.553+0000] {processor.py:157} INFO - Started process (PID=2348) to work on /opt/airflow/dags/re_entrainment_model.py
[2025-03-14T18:05:38.555+0000] {processor.py:829} INFO - Processing file /opt/airflow/dags/re_entrainment_model.py for tasks to queue
[2025-03-14T18:05:38.556+0000] {logging_mixin.py:151} INFO - [2025-03-14T18:05:38.555+0000] {dagbag.py:539} INFO - Filling up the DagBag from /opt/airflow/dags/re_entrainment_model.py
[2025-03-14T18:05:41.680+0000] {processor.py:839} INFO - DAG(s) dict_keys(['yfinance_lstm_training_dag']) retrieved from /opt/airflow/dags/re_entrainment_model.py
[2025-03-14T18:05:41.701+0000] {logging_mixin.py:151} INFO - [2025-03-14T18:05:41.700+0000] {dag.py:2915} INFO - Sync 1 DAGs
[2025-03-14T18:05:41.721+0000] {logging_mixin.py:151} INFO - [2025-03-14T18:05:41.720+0000] {dag.py:3696} INFO - Setting next_dagrun for yfinance_lstm_training_dag to 2025-03-09T00:00:00+00:00, run_after=2025-03-16T00:00:00+00:00
[2025-03-14T18:05:41.740+0000] {processor.py:179} INFO - Processing /opt/airflow/dags/re_entrainment_model.py took 3.190 seconds
[2025-03-14T18:06:12.276+0000] {processor.py:157} INFO - Started process (PID=2373) to work on /opt/airflow/dags/re_entrainment_model.py
[2025-03-14T18:06:12.278+0000] {processor.py:829} INFO - Processing file /opt/airflow/dags/re_entrainment_model.py for tasks to queue
[2025-03-14T18:06:12.280+0000] {logging_mixin.py:151} INFO - [2025-03-14T18:06:12.279+0000] {dagbag.py:539} INFO - Filling up the DagBag from /opt/airflow/dags/re_entrainment_model.py
[2025-03-14T18:06:15.368+0000] {processor.py:839} INFO - DAG(s) dict_keys(['yfinance_lstm_training_dag']) retrieved from /opt/airflow/dags/re_entrainment_model.py
[2025-03-14T18:06:15.403+0000] {logging_mixin.py:151} INFO - [2025-03-14T18:06:15.402+0000] {dag.py:2915} INFO - Sync 1 DAGs
[2025-03-14T18:06:15.433+0000] {logging_mixin.py:151} INFO - [2025-03-14T18:06:15.433+0000] {dag.py:3696} INFO - Setting next_dagrun for yfinance_lstm_training_dag to 2025-03-09T00:00:00+00:00, run_after=2025-03-16T00:00:00+00:00
[2025-03-14T18:06:15.453+0000] {processor.py:179} INFO - Processing /opt/airflow/dags/re_entrainment_model.py took 3.185 seconds
[2025-03-14T18:06:46.492+0000] {processor.py:157} INFO - Started process (PID=2398) to work on /opt/airflow/dags/re_entrainment_model.py
[2025-03-14T18:06:46.494+0000] {processor.py:829} INFO - Processing file /opt/airflow/dags/re_entrainment_model.py for tasks to queue
[2025-03-14T18:06:46.495+0000] {logging_mixin.py:151} INFO - [2025-03-14T18:06:46.495+0000] {dagbag.py:539} INFO - Filling up the DagBag from /opt/airflow/dags/re_entrainment_model.py
[2025-03-14T18:06:49.496+0000] {processor.py:839} INFO - DAG(s) dict_keys(['yfinance_lstm_training_dag']) retrieved from /opt/airflow/dags/re_entrainment_model.py
[2025-03-14T18:06:49.537+0000] {logging_mixin.py:151} INFO - [2025-03-14T18:06:49.536+0000] {dag.py:2915} INFO - Sync 1 DAGs
[2025-03-14T18:06:49.568+0000] {logging_mixin.py:151} INFO - [2025-03-14T18:06:49.567+0000] {dag.py:3696} INFO - Setting next_dagrun for yfinance_lstm_training_dag to 2025-03-09T00:00:00+00:00, run_after=2025-03-16T00:00:00+00:00
[2025-03-14T18:06:49.605+0000] {processor.py:179} INFO - Processing /opt/airflow/dags/re_entrainment_model.py took 3.117 seconds
[2025-03-14T18:07:19.850+0000] {processor.py:157} INFO - Started process (PID=2423) to work on /opt/airflow/dags/re_entrainment_model.py
[2025-03-14T18:07:19.852+0000] {processor.py:829} INFO - Processing file /opt/airflow/dags/re_entrainment_model.py for tasks to queue
[2025-03-14T18:07:19.854+0000] {logging_mixin.py:151} INFO - [2025-03-14T18:07:19.853+0000] {dagbag.py:539} INFO - Filling up the DagBag from /opt/airflow/dags/re_entrainment_model.py
[2025-03-14T18:07:22.952+0000] {processor.py:839} INFO - DAG(s) dict_keys(['yfinance_lstm_training_dag']) retrieved from /opt/airflow/dags/re_entrainment_model.py
[2025-03-14T18:07:22.973+0000] {logging_mixin.py:151} INFO - [2025-03-14T18:07:22.972+0000] {dag.py:2915} INFO - Sync 1 DAGs
[2025-03-14T18:07:22.994+0000] {logging_mixin.py:151} INFO - [2025-03-14T18:07:22.994+0000] {dag.py:3696} INFO - Setting next_dagrun for yfinance_lstm_training_dag to 2025-03-09T00:00:00+00:00, run_after=2025-03-16T00:00:00+00:00
[2025-03-14T18:07:23.016+0000] {processor.py:179} INFO - Processing /opt/airflow/dags/re_entrainment_model.py took 3.169 seconds
[2025-03-14T18:07:53.320+0000] {processor.py:157} INFO - Started process (PID=2448) to work on /opt/airflow/dags/re_entrainment_model.py
[2025-03-14T18:07:53.322+0000] {processor.py:829} INFO - Processing file /opt/airflow/dags/re_entrainment_model.py for tasks to queue
[2025-03-14T18:07:53.324+0000] {logging_mixin.py:151} INFO - [2025-03-14T18:07:53.324+0000] {dagbag.py:539} INFO - Filling up the DagBag from /opt/airflow/dags/re_entrainment_model.py
[2025-03-14T18:07:56.491+0000] {processor.py:839} INFO - DAG(s) dict_keys(['yfinance_lstm_training_dag']) retrieved from /opt/airflow/dags/re_entrainment_model.py
[2025-03-14T18:07:56.517+0000] {logging_mixin.py:151} INFO - [2025-03-14T18:07:56.516+0000] {dag.py:2915} INFO - Sync 1 DAGs
[2025-03-14T18:07:56.544+0000] {logging_mixin.py:151} INFO - [2025-03-14T18:07:56.544+0000] {dag.py:3696} INFO - Setting next_dagrun for yfinance_lstm_training_dag to 2025-03-09T00:00:00+00:00, run_after=2025-03-16T00:00:00+00:00
[2025-03-14T18:07:56.569+0000] {processor.py:179} INFO - Processing /opt/airflow/dags/re_entrainment_model.py took 3.253 seconds
[2025-03-14T18:08:26.643+0000] {processor.py:157} INFO - Started process (PID=2479) to work on /opt/airflow/dags/re_entrainment_model.py
[2025-03-14T18:08:26.644+0000] {processor.py:829} INFO - Processing file /opt/airflow/dags/re_entrainment_model.py for tasks to queue
[2025-03-14T18:08:26.645+0000] {logging_mixin.py:151} INFO - [2025-03-14T18:08:26.645+0000] {dagbag.py:539} INFO - Filling up the DagBag from /opt/airflow/dags/re_entrainment_model.py
[2025-03-14T18:08:29.749+0000] {processor.py:839} INFO - DAG(s) dict_keys(['yfinance_lstm_training_dag']) retrieved from /opt/airflow/dags/re_entrainment_model.py
[2025-03-14T18:08:29.770+0000] {logging_mixin.py:151} INFO - [2025-03-14T18:08:29.770+0000] {dag.py:2915} INFO - Sync 1 DAGs
[2025-03-14T18:08:29.789+0000] {logging_mixin.py:151} INFO - [2025-03-14T18:08:29.789+0000] {dag.py:3696} INFO - Setting next_dagrun for yfinance_lstm_training_dag to 2025-03-09T00:00:00+00:00, run_after=2025-03-16T00:00:00+00:00
[2025-03-14T18:08:29.810+0000] {processor.py:179} INFO - Processing /opt/airflow/dags/re_entrainment_model.py took 3.170 seconds
[2025-03-14T18:09:00.132+0000] {processor.py:157} INFO - Started process (PID=2504) to work on /opt/airflow/dags/re_entrainment_model.py
[2025-03-14T18:09:00.134+0000] {processor.py:829} INFO - Processing file /opt/airflow/dags/re_entrainment_model.py for tasks to queue
[2025-03-14T18:09:00.136+0000] {logging_mixin.py:151} INFO - [2025-03-14T18:09:00.136+0000] {dagbag.py:539} INFO - Filling up the DagBag from /opt/airflow/dags/re_entrainment_model.py
[2025-03-14T18:09:03.542+0000] {processor.py:839} INFO - DAG(s) dict_keys(['yfinance_lstm_training_dag']) retrieved from /opt/airflow/dags/re_entrainment_model.py
[2025-03-14T18:09:03.560+0000] {logging_mixin.py:151} INFO - [2025-03-14T18:09:03.559+0000] {dag.py:2915} INFO - Sync 1 DAGs
[2025-03-14T18:09:03.579+0000] {logging_mixin.py:151} INFO - [2025-03-14T18:09:03.579+0000] {dag.py:3696} INFO - Setting next_dagrun for yfinance_lstm_training_dag to 2025-03-09T00:00:00+00:00, run_after=2025-03-16T00:00:00+00:00
[2025-03-14T18:09:03.597+0000] {processor.py:179} INFO - Processing /opt/airflow/dags/re_entrainment_model.py took 3.470 seconds
[2025-03-14T18:09:34.359+0000] {processor.py:157} INFO - Started process (PID=2529) to work on /opt/airflow/dags/re_entrainment_model.py
[2025-03-14T18:09:34.361+0000] {processor.py:829} INFO - Processing file /opt/airflow/dags/re_entrainment_model.py for tasks to queue
[2025-03-14T18:09:34.362+0000] {logging_mixin.py:151} INFO - [2025-03-14T18:09:34.362+0000] {dagbag.py:539} INFO - Filling up the DagBag from /opt/airflow/dags/re_entrainment_model.py
[2025-03-14T18:09:37.211+0000] {processor.py:839} INFO - DAG(s) dict_keys(['yfinance_lstm_training_dag']) retrieved from /opt/airflow/dags/re_entrainment_model.py
[2025-03-14T18:09:37.232+0000] {logging_mixin.py:151} INFO - [2025-03-14T18:09:37.232+0000] {dag.py:2915} INFO - Sync 1 DAGs
[2025-03-14T18:09:37.251+0000] {logging_mixin.py:151} INFO - [2025-03-14T18:09:37.251+0000] {dag.py:3696} INFO - Setting next_dagrun for yfinance_lstm_training_dag to 2025-03-09T00:00:00+00:00, run_after=2025-03-16T00:00:00+00:00
[2025-03-14T18:09:37.275+0000] {processor.py:179} INFO - Processing /opt/airflow/dags/re_entrainment_model.py took 2.919 seconds
[2025-03-14T18:10:07.636+0000] {processor.py:157} INFO - Started process (PID=2554) to work on /opt/airflow/dags/re_entrainment_model.py
[2025-03-14T18:10:07.637+0000] {processor.py:829} INFO - Processing file /opt/airflow/dags/re_entrainment_model.py for tasks to queue
[2025-03-14T18:10:07.638+0000] {logging_mixin.py:151} INFO - [2025-03-14T18:10:07.638+0000] {dagbag.py:539} INFO - Filling up the DagBag from /opt/airflow/dags/re_entrainment_model.py
[2025-03-14T18:10:11.479+0000] {processor.py:839} INFO - DAG(s) dict_keys(['yfinance_lstm_training_dag']) retrieved from /opt/airflow/dags/re_entrainment_model.py
[2025-03-14T18:10:11.518+0000] {logging_mixin.py:151} INFO - [2025-03-14T18:10:11.517+0000] {dag.py:2915} INFO - Sync 1 DAGs
[2025-03-14T18:10:11.543+0000] {logging_mixin.py:151} INFO - [2025-03-14T18:10:11.543+0000] {dag.py:3696} INFO - Setting next_dagrun for yfinance_lstm_training_dag to 2025-03-09T00:00:00+00:00, run_after=2025-03-16T00:00:00+00:00
[2025-03-14T18:10:11.577+0000] {processor.py:179} INFO - Processing /opt/airflow/dags/re_entrainment_model.py took 3.945 seconds
[2025-03-14T18:10:42.332+0000] {processor.py:157} INFO - Started process (PID=2579) to work on /opt/airflow/dags/re_entrainment_model.py
[2025-03-14T18:10:42.334+0000] {processor.py:829} INFO - Processing file /opt/airflow/dags/re_entrainment_model.py for tasks to queue
[2025-03-14T18:10:42.335+0000] {logging_mixin.py:151} INFO - [2025-03-14T18:10:42.335+0000] {dagbag.py:539} INFO - Filling up the DagBag from /opt/airflow/dags/re_entrainment_model.py
[2025-03-14T18:10:45.261+0000] {processor.py:839} INFO - DAG(s) dict_keys(['yfinance_lstm_training_dag']) retrieved from /opt/airflow/dags/re_entrainment_model.py
[2025-03-14T18:10:45.282+0000] {logging_mixin.py:151} INFO - [2025-03-14T18:10:45.280+0000] {dag.py:2915} INFO - Sync 1 DAGs
[2025-03-14T18:10:45.308+0000] {logging_mixin.py:151} INFO - [2025-03-14T18:10:45.308+0000] {dag.py:3696} INFO - Setting next_dagrun for yfinance_lstm_training_dag to 2025-03-09T00:00:00+00:00, run_after=2025-03-16T00:00:00+00:00
[2025-03-14T18:10:45.336+0000] {processor.py:179} INFO - Processing /opt/airflow/dags/re_entrainment_model.py took 3.007 seconds
[2025-03-14T18:11:15.789+0000] {processor.py:157} INFO - Started process (PID=2604) to work on /opt/airflow/dags/re_entrainment_model.py
[2025-03-14T18:11:15.791+0000] {processor.py:829} INFO - Processing file /opt/airflow/dags/re_entrainment_model.py for tasks to queue
[2025-03-14T18:11:15.792+0000] {logging_mixin.py:151} INFO - [2025-03-14T18:11:15.792+0000] {dagbag.py:539} INFO - Filling up the DagBag from /opt/airflow/dags/re_entrainment_model.py
[2025-03-14T18:11:19.147+0000] {processor.py:839} INFO - DAG(s) dict_keys(['yfinance_lstm_training_dag']) retrieved from /opt/airflow/dags/re_entrainment_model.py
[2025-03-14T18:11:19.167+0000] {logging_mixin.py:151} INFO - [2025-03-14T18:11:19.166+0000] {dag.py:2915} INFO - Sync 1 DAGs
[2025-03-14T18:11:19.186+0000] {logging_mixin.py:151} INFO - [2025-03-14T18:11:19.186+0000] {dag.py:3696} INFO - Setting next_dagrun for yfinance_lstm_training_dag to 2025-03-09T00:00:00+00:00, run_after=2025-03-16T00:00:00+00:00
[2025-03-14T18:11:19.207+0000] {processor.py:179} INFO - Processing /opt/airflow/dags/re_entrainment_model.py took 3.424 seconds
[2025-03-14T18:11:49.632+0000] {processor.py:157} INFO - Started process (PID=2635) to work on /opt/airflow/dags/re_entrainment_model.py
[2025-03-14T18:11:49.634+0000] {processor.py:829} INFO - Processing file /opt/airflow/dags/re_entrainment_model.py for tasks to queue
[2025-03-14T18:11:49.635+0000] {logging_mixin.py:151} INFO - [2025-03-14T18:11:49.635+0000] {dagbag.py:539} INFO - Filling up the DagBag from /opt/airflow/dags/re_entrainment_model.py
[2025-03-14T18:11:52.874+0000] {processor.py:839} INFO - DAG(s) dict_keys(['yfinance_lstm_training_dag']) retrieved from /opt/airflow/dags/re_entrainment_model.py
[2025-03-14T18:11:52.912+0000] {logging_mixin.py:151} INFO - [2025-03-14T18:11:52.911+0000] {dag.py:2915} INFO - Sync 1 DAGs
[2025-03-14T18:11:52.956+0000] {logging_mixin.py:151} INFO - [2025-03-14T18:11:52.955+0000] {dag.py:3696} INFO - Setting next_dagrun for yfinance_lstm_training_dag to 2025-03-09T00:00:00+00:00, run_after=2025-03-16T00:00:00+00:00
[2025-03-14T18:11:52.993+0000] {processor.py:179} INFO - Processing /opt/airflow/dags/re_entrainment_model.py took 3.365 seconds
[2025-03-14T18:12:23.943+0000] {processor.py:157} INFO - Started process (PID=2660) to work on /opt/airflow/dags/re_entrainment_model.py
[2025-03-14T18:12:23.944+0000] {processor.py:829} INFO - Processing file /opt/airflow/dags/re_entrainment_model.py for tasks to queue
[2025-03-14T18:12:23.945+0000] {logging_mixin.py:151} INFO - [2025-03-14T18:12:23.945+0000] {dagbag.py:539} INFO - Filling up the DagBag from /opt/airflow/dags/re_entrainment_model.py
[2025-03-14T18:12:26.902+0000] {processor.py:839} INFO - DAG(s) dict_keys(['yfinance_lstm_training_dag']) retrieved from /opt/airflow/dags/re_entrainment_model.py
[2025-03-14T18:12:26.920+0000] {logging_mixin.py:151} INFO - [2025-03-14T18:12:26.919+0000] {dag.py:2915} INFO - Sync 1 DAGs
[2025-03-14T18:12:26.938+0000] {logging_mixin.py:151} INFO - [2025-03-14T18:12:26.938+0000] {dag.py:3696} INFO - Setting next_dagrun for yfinance_lstm_training_dag to 2025-03-09T00:00:00+00:00, run_after=2025-03-16T00:00:00+00:00
[2025-03-14T18:12:26.957+0000] {processor.py:179} INFO - Processing /opt/airflow/dags/re_entrainment_model.py took 3.018 seconds
[2025-03-14T18:12:57.112+0000] {processor.py:157} INFO - Started process (PID=2685) to work on /opt/airflow/dags/re_entrainment_model.py
[2025-03-14T18:12:57.113+0000] {processor.py:829} INFO - Processing file /opt/airflow/dags/re_entrainment_model.py for tasks to queue
[2025-03-14T18:12:57.115+0000] {logging_mixin.py:151} INFO - [2025-03-14T18:12:57.114+0000] {dagbag.py:539} INFO - Filling up the DagBag from /opt/airflow/dags/re_entrainment_model.py
[2025-03-14T18:13:00.224+0000] {processor.py:839} INFO - DAG(s) dict_keys(['yfinance_lstm_training_dag']) retrieved from /opt/airflow/dags/re_entrainment_model.py
[2025-03-14T18:13:00.246+0000] {logging_mixin.py:151} INFO - [2025-03-14T18:13:00.245+0000] {dag.py:2915} INFO - Sync 1 DAGs
[2025-03-14T18:13:00.266+0000] {logging_mixin.py:151} INFO - [2025-03-14T18:13:00.265+0000] {dag.py:3696} INFO - Setting next_dagrun for yfinance_lstm_training_dag to 2025-03-09T00:00:00+00:00, run_after=2025-03-16T00:00:00+00:00
[2025-03-14T18:13:00.286+0000] {processor.py:179} INFO - Processing /opt/airflow/dags/re_entrainment_model.py took 3.177 seconds
[2025-03-14T18:13:30.693+0000] {processor.py:157} INFO - Started process (PID=2710) to work on /opt/airflow/dags/re_entrainment_model.py
[2025-03-14T18:13:30.695+0000] {processor.py:829} INFO - Processing file /opt/airflow/dags/re_entrainment_model.py for tasks to queue
[2025-03-14T18:13:30.696+0000] {logging_mixin.py:151} INFO - [2025-03-14T18:13:30.696+0000] {dagbag.py:539} INFO - Filling up the DagBag from /opt/airflow/dags/re_entrainment_model.py
[2025-03-14T18:13:33.673+0000] {processor.py:839} INFO - DAG(s) dict_keys(['yfinance_lstm_training_dag']) retrieved from /opt/airflow/dags/re_entrainment_model.py
[2025-03-14T18:13:33.694+0000] {logging_mixin.py:151} INFO - [2025-03-14T18:13:33.694+0000] {dag.py:2915} INFO - Sync 1 DAGs
[2025-03-14T18:13:33.716+0000] {logging_mixin.py:151} INFO - [2025-03-14T18:13:33.715+0000] {dag.py:3696} INFO - Setting next_dagrun for yfinance_lstm_training_dag to 2025-03-09T00:00:00+00:00, run_after=2025-03-16T00:00:00+00:00
[2025-03-14T18:13:33.737+0000] {processor.py:179} INFO - Processing /opt/airflow/dags/re_entrainment_model.py took 3.049 seconds
[2025-03-14T18:14:04.118+0000] {processor.py:157} INFO - Started process (PID=2735) to work on /opt/airflow/dags/re_entrainment_model.py
[2025-03-14T18:14:04.119+0000] {processor.py:829} INFO - Processing file /opt/airflow/dags/re_entrainment_model.py for tasks to queue
[2025-03-14T18:14:04.120+0000] {logging_mixin.py:151} INFO - [2025-03-14T18:14:04.120+0000] {dagbag.py:539} INFO - Filling up the DagBag from /opt/airflow/dags/re_entrainment_model.py
[2025-03-14T18:14:06.945+0000] {processor.py:839} INFO - DAG(s) dict_keys(['yfinance_lstm_training_dag']) retrieved from /opt/airflow/dags/re_entrainment_model.py
[2025-03-14T18:14:06.966+0000] {logging_mixin.py:151} INFO - [2025-03-14T18:14:06.966+0000] {dag.py:2915} INFO - Sync 1 DAGs
[2025-03-14T18:14:06.985+0000] {logging_mixin.py:151} INFO - [2025-03-14T18:14:06.984+0000] {dag.py:3696} INFO - Setting next_dagrun for yfinance_lstm_training_dag to 2025-03-09T00:00:00+00:00, run_after=2025-03-16T00:00:00+00:00
[2025-03-14T18:14:07.008+0000] {processor.py:179} INFO - Processing /opt/airflow/dags/re_entrainment_model.py took 2.893 seconds
[2025-03-14T18:14:37.419+0000] {processor.py:157} INFO - Started process (PID=2760) to work on /opt/airflow/dags/re_entrainment_model.py
[2025-03-14T18:14:37.421+0000] {processor.py:829} INFO - Processing file /opt/airflow/dags/re_entrainment_model.py for tasks to queue
[2025-03-14T18:14:37.422+0000] {logging_mixin.py:151} INFO - [2025-03-14T18:14:37.422+0000] {dagbag.py:539} INFO - Filling up the DagBag from /opt/airflow/dags/re_entrainment_model.py
[2025-03-14T18:14:40.573+0000] {processor.py:839} INFO - DAG(s) dict_keys(['yfinance_lstm_training_dag']) retrieved from /opt/airflow/dags/re_entrainment_model.py
[2025-03-14T18:14:40.598+0000] {logging_mixin.py:151} INFO - [2025-03-14T18:14:40.597+0000] {dag.py:2915} INFO - Sync 1 DAGs
[2025-03-14T18:14:40.622+0000] {logging_mixin.py:151} INFO - [2025-03-14T18:14:40.622+0000] {dag.py:3696} INFO - Setting next_dagrun for yfinance_lstm_training_dag to 2025-03-09T00:00:00+00:00, run_after=2025-03-16T00:00:00+00:00
[2025-03-14T18:14:40.644+0000] {processor.py:179} INFO - Processing /opt/airflow/dags/re_entrainment_model.py took 3.228 seconds
[2025-03-14T18:15:11.086+0000] {processor.py:157} INFO - Started process (PID=2785) to work on /opt/airflow/dags/re_entrainment_model.py
[2025-03-14T18:15:11.088+0000] {processor.py:829} INFO - Processing file /opt/airflow/dags/re_entrainment_model.py for tasks to queue
[2025-03-14T18:15:11.090+0000] {logging_mixin.py:151} INFO - [2025-03-14T18:15:11.089+0000] {dagbag.py:539} INFO - Filling up the DagBag from /opt/airflow/dags/re_entrainment_model.py
[2025-03-14T18:15:14.416+0000] {processor.py:839} INFO - DAG(s) dict_keys(['yfinance_lstm_training_dag']) retrieved from /opt/airflow/dags/re_entrainment_model.py
[2025-03-14T18:15:14.436+0000] {logging_mixin.py:151} INFO - [2025-03-14T18:15:14.436+0000] {dag.py:2915} INFO - Sync 1 DAGs
[2025-03-14T18:15:14.457+0000] {logging_mixin.py:151} INFO - [2025-03-14T18:15:14.457+0000] {dag.py:3696} INFO - Setting next_dagrun for yfinance_lstm_training_dag to 2025-03-09T00:00:00+00:00, run_after=2025-03-16T00:00:00+00:00
[2025-03-14T18:15:14.480+0000] {processor.py:179} INFO - Processing /opt/airflow/dags/re_entrainment_model.py took 3.397 seconds
[2025-03-14T18:15:44.887+0000] {processor.py:157} INFO - Started process (PID=2816) to work on /opt/airflow/dags/re_entrainment_model.py
[2025-03-14T18:15:44.889+0000] {processor.py:829} INFO - Processing file /opt/airflow/dags/re_entrainment_model.py for tasks to queue
[2025-03-14T18:15:44.891+0000] {logging_mixin.py:151} INFO - [2025-03-14T18:15:44.890+0000] {dagbag.py:539} INFO - Filling up the DagBag from /opt/airflow/dags/re_entrainment_model.py
[2025-03-14T18:15:47.790+0000] {processor.py:839} INFO - DAG(s) dict_keys(['yfinance_lstm_training_dag']) retrieved from /opt/airflow/dags/re_entrainment_model.py
[2025-03-14T18:15:47.813+0000] {logging_mixin.py:151} INFO - [2025-03-14T18:15:47.812+0000] {dag.py:2915} INFO - Sync 1 DAGs
[2025-03-14T18:15:47.833+0000] {logging_mixin.py:151} INFO - [2025-03-14T18:15:47.833+0000] {dag.py:3696} INFO - Setting next_dagrun for yfinance_lstm_training_dag to 2025-03-09T00:00:00+00:00, run_after=2025-03-16T00:00:00+00:00
[2025-03-14T18:15:47.856+0000] {processor.py:179} INFO - Processing /opt/airflow/dags/re_entrainment_model.py took 2.975 seconds
[2025-03-14T18:16:17.959+0000] {processor.py:157} INFO - Started process (PID=2841) to work on /opt/airflow/dags/re_entrainment_model.py
[2025-03-14T18:16:17.961+0000] {processor.py:829} INFO - Processing file /opt/airflow/dags/re_entrainment_model.py for tasks to queue
[2025-03-14T18:16:17.962+0000] {logging_mixin.py:151} INFO - [2025-03-14T18:16:17.962+0000] {dagbag.py:539} INFO - Filling up the DagBag from /opt/airflow/dags/re_entrainment_model.py
[2025-03-14T18:16:21.006+0000] {processor.py:839} INFO - DAG(s) dict_keys(['yfinance_lstm_training_dag']) retrieved from /opt/airflow/dags/re_entrainment_model.py
[2025-03-14T18:16:21.026+0000] {logging_mixin.py:151} INFO - [2025-03-14T18:16:21.026+0000] {dag.py:2915} INFO - Sync 1 DAGs
[2025-03-14T18:16:21.045+0000] {logging_mixin.py:151} INFO - [2025-03-14T18:16:21.045+0000] {dag.py:3696} INFO - Setting next_dagrun for yfinance_lstm_training_dag to 2025-03-09T00:00:00+00:00, run_after=2025-03-16T00:00:00+00:00
[2025-03-14T18:16:21.067+0000] {processor.py:179} INFO - Processing /opt/airflow/dags/re_entrainment_model.py took 3.111 seconds
[2025-03-14T18:16:51.499+0000] {processor.py:157} INFO - Started process (PID=2866) to work on /opt/airflow/dags/re_entrainment_model.py
[2025-03-14T18:16:51.500+0000] {processor.py:829} INFO - Processing file /opt/airflow/dags/re_entrainment_model.py for tasks to queue
[2025-03-14T18:16:51.502+0000] {logging_mixin.py:151} INFO - [2025-03-14T18:16:51.501+0000] {dagbag.py:539} INFO - Filling up the DagBag from /opt/airflow/dags/re_entrainment_model.py
[2025-03-14T18:16:54.844+0000] {processor.py:839} INFO - DAG(s) dict_keys(['yfinance_lstm_training_dag']) retrieved from /opt/airflow/dags/re_entrainment_model.py
[2025-03-14T18:16:54.865+0000] {logging_mixin.py:151} INFO - [2025-03-14T18:16:54.864+0000] {dag.py:2915} INFO - Sync 1 DAGs
[2025-03-14T18:16:54.886+0000] {logging_mixin.py:151} INFO - [2025-03-14T18:16:54.886+0000] {dag.py:3696} INFO - Setting next_dagrun for yfinance_lstm_training_dag to 2025-03-09T00:00:00+00:00, run_after=2025-03-16T00:00:00+00:00
[2025-03-14T18:16:54.909+0000] {processor.py:179} INFO - Processing /opt/airflow/dags/re_entrainment_model.py took 3.414 seconds
[2025-03-14T18:17:25.355+0000] {processor.py:157} INFO - Started process (PID=2891) to work on /opt/airflow/dags/re_entrainment_model.py
[2025-03-14T18:17:25.357+0000] {processor.py:829} INFO - Processing file /opt/airflow/dags/re_entrainment_model.py for tasks to queue
[2025-03-14T18:17:25.359+0000] {logging_mixin.py:151} INFO - [2025-03-14T18:17:25.358+0000] {dagbag.py:539} INFO - Filling up the DagBag from /opt/airflow/dags/re_entrainment_model.py
[2025-03-14T18:17:28.203+0000] {processor.py:839} INFO - DAG(s) dict_keys(['yfinance_lstm_training_dag']) retrieved from /opt/airflow/dags/re_entrainment_model.py
[2025-03-14T18:17:28.224+0000] {logging_mixin.py:151} INFO - [2025-03-14T18:17:28.223+0000] {dag.py:2915} INFO - Sync 1 DAGs
[2025-03-14T18:17:28.243+0000] {logging_mixin.py:151} INFO - [2025-03-14T18:17:28.243+0000] {dag.py:3696} INFO - Setting next_dagrun for yfinance_lstm_training_dag to 2025-03-09T00:00:00+00:00, run_after=2025-03-16T00:00:00+00:00
[2025-03-14T18:17:28.265+0000] {processor.py:179} INFO - Processing /opt/airflow/dags/re_entrainment_model.py took 2.913 seconds
[2025-03-14T18:17:58.962+0000] {processor.py:157} INFO - Started process (PID=2916) to work on /opt/airflow/dags/re_entrainment_model.py
[2025-03-14T18:17:58.963+0000] {processor.py:829} INFO - Processing file /opt/airflow/dags/re_entrainment_model.py for tasks to queue
[2025-03-14T18:17:58.964+0000] {logging_mixin.py:151} INFO - [2025-03-14T18:17:58.964+0000] {dagbag.py:539} INFO - Filling up the DagBag from /opt/airflow/dags/re_entrainment_model.py
[2025-03-14T18:18:02.262+0000] {processor.py:839} INFO - DAG(s) dict_keys(['yfinance_lstm_training_dag']) retrieved from /opt/airflow/dags/re_entrainment_model.py
[2025-03-14T18:18:02.283+0000] {logging_mixin.py:151} INFO - [2025-03-14T18:18:02.283+0000] {dag.py:2915} INFO - Sync 1 DAGs
[2025-03-14T18:18:02.304+0000] {logging_mixin.py:151} INFO - [2025-03-14T18:18:02.303+0000] {dag.py:3696} INFO - Setting next_dagrun for yfinance_lstm_training_dag to 2025-03-09T00:00:00+00:00, run_after=2025-03-16T00:00:00+00:00
[2025-03-14T18:18:02.321+0000] {processor.py:179} INFO - Processing /opt/airflow/dags/re_entrainment_model.py took 3.362 seconds
[2025-03-14T18:18:32.460+0000] {processor.py:157} INFO - Started process (PID=2947) to work on /opt/airflow/dags/re_entrainment_model.py
[2025-03-14T18:18:32.462+0000] {processor.py:829} INFO - Processing file /opt/airflow/dags/re_entrainment_model.py for tasks to queue
[2025-03-14T18:18:32.463+0000] {logging_mixin.py:151} INFO - [2025-03-14T18:18:32.463+0000] {dagbag.py:539} INFO - Filling up the DagBag from /opt/airflow/dags/re_entrainment_model.py
[2025-03-14T18:18:35.507+0000] {processor.py:839} INFO - DAG(s) dict_keys(['yfinance_lstm_training_dag']) retrieved from /opt/airflow/dags/re_entrainment_model.py
[2025-03-14T18:18:35.528+0000] {logging_mixin.py:151} INFO - [2025-03-14T18:18:35.528+0000] {dag.py:2915} INFO - Sync 1 DAGs
[2025-03-14T18:18:35.548+0000] {logging_mixin.py:151} INFO - [2025-03-14T18:18:35.548+0000] {dag.py:3696} INFO - Setting next_dagrun for yfinance_lstm_training_dag to 2025-03-09T00:00:00+00:00, run_after=2025-03-16T00:00:00+00:00
[2025-03-14T18:18:35.571+0000] {processor.py:179} INFO - Processing /opt/airflow/dags/re_entrainment_model.py took 3.116 seconds
[2025-03-14T18:19:05.940+0000] {processor.py:157} INFO - Started process (PID=2972) to work on /opt/airflow/dags/re_entrainment_model.py
[2025-03-14T18:19:05.941+0000] {processor.py:829} INFO - Processing file /opt/airflow/dags/re_entrainment_model.py for tasks to queue
[2025-03-14T18:19:05.943+0000] {logging_mixin.py:151} INFO - [2025-03-14T18:19:05.942+0000] {dagbag.py:539} INFO - Filling up the DagBag from /opt/airflow/dags/re_entrainment_model.py
[2025-03-14T18:19:08.833+0000] {processor.py:839} INFO - DAG(s) dict_keys(['yfinance_lstm_training_dag']) retrieved from /opt/airflow/dags/re_entrainment_model.py
[2025-03-14T18:19:08.858+0000] {logging_mixin.py:151} INFO - [2025-03-14T18:19:08.857+0000] {dag.py:2915} INFO - Sync 1 DAGs
[2025-03-14T18:19:08.879+0000] {logging_mixin.py:151} INFO - [2025-03-14T18:19:08.878+0000] {dag.py:3696} INFO - Setting next_dagrun for yfinance_lstm_training_dag to 2025-03-09T00:00:00+00:00, run_after=2025-03-16T00:00:00+00:00
[2025-03-14T18:19:08.902+0000] {processor.py:179} INFO - Processing /opt/airflow/dags/re_entrainment_model.py took 2.965 seconds
[2025-03-14T18:19:39.530+0000] {processor.py:157} INFO - Started process (PID=2997) to work on /opt/airflow/dags/re_entrainment_model.py
[2025-03-14T18:19:39.531+0000] {processor.py:829} INFO - Processing file /opt/airflow/dags/re_entrainment_model.py for tasks to queue
[2025-03-14T18:19:39.533+0000] {logging_mixin.py:151} INFO - [2025-03-14T18:19:39.532+0000] {dagbag.py:539} INFO - Filling up the DagBag from /opt/airflow/dags/re_entrainment_model.py
[2025-03-14T18:19:42.718+0000] {processor.py:839} INFO - DAG(s) dict_keys(['yfinance_lstm_training_dag']) retrieved from /opt/airflow/dags/re_entrainment_model.py
[2025-03-14T18:19:42.742+0000] {logging_mixin.py:151} INFO - [2025-03-14T18:19:42.741+0000] {dag.py:2915} INFO - Sync 1 DAGs
[2025-03-14T18:19:42.766+0000] {logging_mixin.py:151} INFO - [2025-03-14T18:19:42.765+0000] {dag.py:3696} INFO - Setting next_dagrun for yfinance_lstm_training_dag to 2025-03-09T00:00:00+00:00, run_after=2025-03-16T00:00:00+00:00
[2025-03-14T18:19:42.791+0000] {processor.py:179} INFO - Processing /opt/airflow/dags/re_entrainment_model.py took 3.264 seconds
[2025-03-14T18:20:13.184+0000] {processor.py:157} INFO - Started process (PID=3022) to work on /opt/airflow/dags/re_entrainment_model.py
[2025-03-14T18:20:13.186+0000] {processor.py:829} INFO - Processing file /opt/airflow/dags/re_entrainment_model.py for tasks to queue
[2025-03-14T18:20:13.188+0000] {logging_mixin.py:151} INFO - [2025-03-14T18:20:13.188+0000] {dagbag.py:539} INFO - Filling up the DagBag from /opt/airflow/dags/re_entrainment_model.py
[2025-03-14T18:20:15.989+0000] {processor.py:839} INFO - DAG(s) dict_keys(['yfinance_lstm_training_dag']) retrieved from /opt/airflow/dags/re_entrainment_model.py
[2025-03-14T18:20:16.010+0000] {logging_mixin.py:151} INFO - [2025-03-14T18:20:16.010+0000] {dag.py:2915} INFO - Sync 1 DAGs
[2025-03-14T18:20:16.030+0000] {logging_mixin.py:151} INFO - [2025-03-14T18:20:16.029+0000] {dag.py:3696} INFO - Setting next_dagrun for yfinance_lstm_training_dag to 2025-03-09T00:00:00+00:00, run_after=2025-03-16T00:00:00+00:00
[2025-03-14T18:20:16.053+0000] {processor.py:179} INFO - Processing /opt/airflow/dags/re_entrainment_model.py took 2.874 seconds
[2025-03-14T18:20:46.397+0000] {processor.py:157} INFO - Started process (PID=3047) to work on /opt/airflow/dags/re_entrainment_model.py
[2025-03-14T18:20:46.399+0000] {processor.py:829} INFO - Processing file /opt/airflow/dags/re_entrainment_model.py for tasks to queue
[2025-03-14T18:20:46.401+0000] {logging_mixin.py:151} INFO - [2025-03-14T18:20:46.400+0000] {dagbag.py:539} INFO - Filling up the DagBag from /opt/airflow/dags/re_entrainment_model.py
[2025-03-14T18:20:49.251+0000] {processor.py:839} INFO - DAG(s) dict_keys(['yfinance_lstm_training_dag']) retrieved from /opt/airflow/dags/re_entrainment_model.py
[2025-03-14T18:20:49.275+0000] {logging_mixin.py:151} INFO - [2025-03-14T18:20:49.273+0000] {dag.py:2915} INFO - Sync 1 DAGs
[2025-03-14T18:20:49.295+0000] {logging_mixin.py:151} INFO - [2025-03-14T18:20:49.295+0000] {dag.py:3696} INFO - Setting next_dagrun for yfinance_lstm_training_dag to 2025-03-09T00:00:00+00:00, run_after=2025-03-16T00:00:00+00:00
[2025-03-14T18:20:49.315+0000] {processor.py:179} INFO - Processing /opt/airflow/dags/re_entrainment_model.py took 2.922 seconds
[2025-03-14T18:21:19.436+0000] {processor.py:157} INFO - Started process (PID=3072) to work on /opt/airflow/dags/re_entrainment_model.py
[2025-03-14T18:21:19.437+0000] {processor.py:829} INFO - Processing file /opt/airflow/dags/re_entrainment_model.py for tasks to queue
[2025-03-14T18:21:19.439+0000] {logging_mixin.py:151} INFO - [2025-03-14T18:21:19.438+0000] {dagbag.py:539} INFO - Filling up the DagBag from /opt/airflow/dags/re_entrainment_model.py
[2025-03-14T18:21:22.475+0000] {processor.py:839} INFO - DAG(s) dict_keys(['yfinance_lstm_training_dag']) retrieved from /opt/airflow/dags/re_entrainment_model.py
[2025-03-14T18:21:22.495+0000] {logging_mixin.py:151} INFO - [2025-03-14T18:21:22.494+0000] {dag.py:2915} INFO - Sync 1 DAGs
[2025-03-14T18:21:22.515+0000] {logging_mixin.py:151} INFO - [2025-03-14T18:21:22.515+0000] {dag.py:3696} INFO - Setting next_dagrun for yfinance_lstm_training_dag to 2025-03-09T00:00:00+00:00, run_after=2025-03-16T00:00:00+00:00
[2025-03-14T18:21:22.539+0000] {processor.py:179} INFO - Processing /opt/airflow/dags/re_entrainment_model.py took 3.106 seconds
[2025-03-14T18:21:52.955+0000] {processor.py:157} INFO - Started process (PID=3097) to work on /opt/airflow/dags/re_entrainment_model.py
[2025-03-14T18:21:52.957+0000] {processor.py:829} INFO - Processing file /opt/airflow/dags/re_entrainment_model.py for tasks to queue
[2025-03-14T18:21:52.967+0000] {logging_mixin.py:151} INFO - [2025-03-14T18:21:52.967+0000] {dagbag.py:539} INFO - Filling up the DagBag from /opt/airflow/dags/re_entrainment_model.py
[2025-03-14T18:21:56.097+0000] {processor.py:839} INFO - DAG(s) dict_keys(['yfinance_lstm_training_dag']) retrieved from /opt/airflow/dags/re_entrainment_model.py
[2025-03-14T18:21:56.121+0000] {logging_mixin.py:151} INFO - [2025-03-14T18:21:56.120+0000] {dag.py:2915} INFO - Sync 1 DAGs
[2025-03-14T18:21:56.139+0000] {logging_mixin.py:151} INFO - [2025-03-14T18:21:56.139+0000] {dag.py:3696} INFO - Setting next_dagrun for yfinance_lstm_training_dag to 2025-03-09T00:00:00+00:00, run_after=2025-03-16T00:00:00+00:00
[2025-03-14T18:21:56.159+0000] {processor.py:179} INFO - Processing /opt/airflow/dags/re_entrainment_model.py took 3.212 seconds
[2025-03-14T18:22:26.639+0000] {processor.py:157} INFO - Started process (PID=3122) to work on /opt/airflow/dags/re_entrainment_model.py
[2025-03-14T18:22:26.641+0000] {processor.py:829} INFO - Processing file /opt/airflow/dags/re_entrainment_model.py for tasks to queue
[2025-03-14T18:22:26.642+0000] {logging_mixin.py:151} INFO - [2025-03-14T18:22:26.642+0000] {dagbag.py:539} INFO - Filling up the DagBag from /opt/airflow/dags/re_entrainment_model.py
[2025-03-14T18:22:29.456+0000] {processor.py:839} INFO - DAG(s) dict_keys(['yfinance_lstm_training_dag']) retrieved from /opt/airflow/dags/re_entrainment_model.py
[2025-03-14T18:22:29.475+0000] {logging_mixin.py:151} INFO - [2025-03-14T18:22:29.474+0000] {dag.py:2915} INFO - Sync 1 DAGs
[2025-03-14T18:22:29.495+0000] {logging_mixin.py:151} INFO - [2025-03-14T18:22:29.495+0000] {dag.py:3696} INFO - Setting next_dagrun for yfinance_lstm_training_dag to 2025-03-09T00:00:00+00:00, run_after=2025-03-16T00:00:00+00:00
[2025-03-14T18:22:29.514+0000] {processor.py:179} INFO - Processing /opt/airflow/dags/re_entrainment_model.py took 2.878 seconds
[2025-03-14T18:22:59.954+0000] {processor.py:157} INFO - Started process (PID=3147) to work on /opt/airflow/dags/re_entrainment_model.py
[2025-03-14T18:22:59.956+0000] {processor.py:829} INFO - Processing file /opt/airflow/dags/re_entrainment_model.py for tasks to queue
[2025-03-14T18:22:59.959+0000] {logging_mixin.py:151} INFO - [2025-03-14T18:22:59.958+0000] {dagbag.py:539} INFO - Filling up the DagBag from /opt/airflow/dags/re_entrainment_model.py
[2025-03-14T18:23:03.408+0000] {processor.py:839} INFO - DAG(s) dict_keys(['yfinance_lstm_training_dag']) retrieved from /opt/airflow/dags/re_entrainment_model.py
[2025-03-14T18:23:03.437+0000] {logging_mixin.py:151} INFO - [2025-03-14T18:23:03.436+0000] {dag.py:2915} INFO - Sync 1 DAGs
[2025-03-14T18:23:03.459+0000] {logging_mixin.py:151} INFO - [2025-03-14T18:23:03.459+0000] {dag.py:3696} INFO - Setting next_dagrun for yfinance_lstm_training_dag to 2025-03-09T00:00:00+00:00, run_after=2025-03-16T00:00:00+00:00
[2025-03-14T18:23:03.482+0000] {processor.py:179} INFO - Processing /opt/airflow/dags/re_entrainment_model.py took 3.535 seconds
[2025-03-14T18:23:33.889+0000] {processor.py:157} INFO - Started process (PID=3176) to work on /opt/airflow/dags/re_entrainment_model.py
[2025-03-14T18:23:33.890+0000] {processor.py:829} INFO - Processing file /opt/airflow/dags/re_entrainment_model.py for tasks to queue
[2025-03-14T18:23:33.892+0000] {logging_mixin.py:151} INFO - [2025-03-14T18:23:33.891+0000] {dagbag.py:539} INFO - Filling up the DagBag from /opt/airflow/dags/re_entrainment_model.py
[2025-03-14T18:23:36.757+0000] {processor.py:839} INFO - DAG(s) dict_keys(['yfinance_lstm_training_dag']) retrieved from /opt/airflow/dags/re_entrainment_model.py
[2025-03-14T18:23:36.781+0000] {logging_mixin.py:151} INFO - [2025-03-14T18:23:36.780+0000] {dag.py:2915} INFO - Sync 1 DAGs
[2025-03-14T18:23:36.799+0000] {logging_mixin.py:151} INFO - [2025-03-14T18:23:36.799+0000] {dag.py:3696} INFO - Setting next_dagrun for yfinance_lstm_training_dag to 2025-03-09T00:00:00+00:00, run_after=2025-03-16T00:00:00+00:00
[2025-03-14T18:23:36.821+0000] {processor.py:179} INFO - Processing /opt/airflow/dags/re_entrainment_model.py took 2.937 seconds
[2025-03-14T18:24:07.192+0000] {processor.py:157} INFO - Started process (PID=3203) to work on /opt/airflow/dags/re_entrainment_model.py
[2025-03-14T18:24:07.194+0000] {processor.py:829} INFO - Processing file /opt/airflow/dags/re_entrainment_model.py for tasks to queue
[2025-03-14T18:24:07.196+0000] {logging_mixin.py:151} INFO - [2025-03-14T18:24:07.196+0000] {dagbag.py:539} INFO - Filling up the DagBag from /opt/airflow/dags/re_entrainment_model.py
[2025-03-14T18:24:10.017+0000] {processor.py:839} INFO - DAG(s) dict_keys(['yfinance_lstm_training_dag']) retrieved from /opt/airflow/dags/re_entrainment_model.py
[2025-03-14T18:24:10.062+0000] {logging_mixin.py:151} INFO - [2025-03-14T18:24:10.061+0000] {dag.py:2915} INFO - Sync 1 DAGs
[2025-03-14T18:24:10.102+0000] {logging_mixin.py:151} INFO - [2025-03-14T18:24:10.102+0000] {dag.py:3696} INFO - Setting next_dagrun for yfinance_lstm_training_dag to 2025-03-09T00:00:00+00:00, run_after=2025-03-16T00:00:00+00:00
[2025-03-14T18:24:10.138+0000] {processor.py:179} INFO - Processing /opt/airflow/dags/re_entrainment_model.py took 2.948 seconds
[2025-03-14T18:24:40.617+0000] {processor.py:157} INFO - Started process (PID=3228) to work on /opt/airflow/dags/re_entrainment_model.py
[2025-03-14T18:24:40.618+0000] {processor.py:829} INFO - Processing file /opt/airflow/dags/re_entrainment_model.py for tasks to queue
[2025-03-14T18:24:40.620+0000] {logging_mixin.py:151} INFO - [2025-03-14T18:24:40.619+0000] {dagbag.py:539} INFO - Filling up the DagBag from /opt/airflow/dags/re_entrainment_model.py
[2025-03-14T18:24:43.709+0000] {processor.py:839} INFO - DAG(s) dict_keys(['yfinance_lstm_training_dag']) retrieved from /opt/airflow/dags/re_entrainment_model.py
[2025-03-14T18:24:43.732+0000] {logging_mixin.py:151} INFO - [2025-03-14T18:24:43.731+0000] {dag.py:2915} INFO - Sync 1 DAGs
[2025-03-14T18:24:43.757+0000] {logging_mixin.py:151} INFO - [2025-03-14T18:24:43.757+0000] {dag.py:3696} INFO - Setting next_dagrun for yfinance_lstm_training_dag to 2025-03-09T00:00:00+00:00, run_after=2025-03-16T00:00:00+00:00
[2025-03-14T18:24:43.780+0000] {processor.py:179} INFO - Processing /opt/airflow/dags/re_entrainment_model.py took 3.168 seconds
[2025-03-14T18:25:14.142+0000] {processor.py:157} INFO - Started process (PID=3253) to work on /opt/airflow/dags/re_entrainment_model.py
[2025-03-14T18:25:14.143+0000] {processor.py:829} INFO - Processing file /opt/airflow/dags/re_entrainment_model.py for tasks to queue
[2025-03-14T18:25:14.145+0000] {logging_mixin.py:151} INFO - [2025-03-14T18:25:14.144+0000] {dagbag.py:539} INFO - Filling up the DagBag from /opt/airflow/dags/re_entrainment_model.py
[2025-03-14T18:25:17.093+0000] {processor.py:839} INFO - DAG(s) dict_keys(['yfinance_lstm_training_dag']) retrieved from /opt/airflow/dags/re_entrainment_model.py
[2025-03-14T18:25:17.112+0000] {logging_mixin.py:151} INFO - [2025-03-14T18:25:17.111+0000] {dag.py:2915} INFO - Sync 1 DAGs
[2025-03-14T18:25:17.133+0000] {logging_mixin.py:151} INFO - [2025-03-14T18:25:17.133+0000] {dag.py:3696} INFO - Setting next_dagrun for yfinance_lstm_training_dag to 2025-03-09T00:00:00+00:00, run_after=2025-03-16T00:00:00+00:00
[2025-03-14T18:25:17.151+0000] {processor.py:179} INFO - Processing /opt/airflow/dags/re_entrainment_model.py took 3.016 seconds
[2025-03-14T18:25:47.549+0000] {processor.py:157} INFO - Started process (PID=3284) to work on /opt/airflow/dags/re_entrainment_model.py
[2025-03-14T18:25:47.551+0000] {processor.py:829} INFO - Processing file /opt/airflow/dags/re_entrainment_model.py for tasks to queue
[2025-03-14T18:25:47.553+0000] {logging_mixin.py:151} INFO - [2025-03-14T18:25:47.552+0000] {dagbag.py:539} INFO - Filling up the DagBag from /opt/airflow/dags/re_entrainment_model.py
[2025-03-14T18:25:50.628+0000] {processor.py:839} INFO - DAG(s) dict_keys(['yfinance_lstm_training_dag']) retrieved from /opt/airflow/dags/re_entrainment_model.py
[2025-03-14T18:25:50.649+0000] {logging_mixin.py:151} INFO - [2025-03-14T18:25:50.649+0000] {dag.py:2915} INFO - Sync 1 DAGs
[2025-03-14T18:25:50.669+0000] {logging_mixin.py:151} INFO - [2025-03-14T18:25:50.669+0000] {dag.py:3696} INFO - Setting next_dagrun for yfinance_lstm_training_dag to 2025-03-09T00:00:00+00:00, run_after=2025-03-16T00:00:00+00:00
[2025-03-14T18:25:50.690+0000] {processor.py:179} INFO - Processing /opt/airflow/dags/re_entrainment_model.py took 3.144 seconds
[2025-03-14T18:26:21.084+0000] {processor.py:157} INFO - Started process (PID=3309) to work on /opt/airflow/dags/re_entrainment_model.py
[2025-03-14T18:26:21.086+0000] {processor.py:829} INFO - Processing file /opt/airflow/dags/re_entrainment_model.py for tasks to queue
[2025-03-14T18:26:21.087+0000] {logging_mixin.py:151} INFO - [2025-03-14T18:26:21.087+0000] {dagbag.py:539} INFO - Filling up the DagBag from /opt/airflow/dags/re_entrainment_model.py
[2025-03-14T18:26:23.978+0000] {processor.py:839} INFO - DAG(s) dict_keys(['yfinance_lstm_training_dag']) retrieved from /opt/airflow/dags/re_entrainment_model.py
[2025-03-14T18:26:23.997+0000] {logging_mixin.py:151} INFO - [2025-03-14T18:26:23.996+0000] {dag.py:2915} INFO - Sync 1 DAGs
[2025-03-14T18:26:24.020+0000] {logging_mixin.py:151} INFO - [2025-03-14T18:26:24.020+0000] {dag.py:3696} INFO - Setting next_dagrun for yfinance_lstm_training_dag to 2025-03-09T00:00:00+00:00, run_after=2025-03-16T00:00:00+00:00
[2025-03-14T18:26:24.041+0000] {processor.py:179} INFO - Processing /opt/airflow/dags/re_entrainment_model.py took 2.962 seconds
[2025-03-14T18:26:54.381+0000] {processor.py:157} INFO - Started process (PID=3334) to work on /opt/airflow/dags/re_entrainment_model.py
[2025-03-14T18:26:54.383+0000] {processor.py:829} INFO - Processing file /opt/airflow/dags/re_entrainment_model.py for tasks to queue
[2025-03-14T18:26:54.384+0000] {logging_mixin.py:151} INFO - [2025-03-14T18:26:54.384+0000] {dagbag.py:539} INFO - Filling up the DagBag from /opt/airflow/dags/re_entrainment_model.py
[2025-03-14T18:26:57.281+0000] {processor.py:839} INFO - DAG(s) dict_keys(['yfinance_lstm_training_dag']) retrieved from /opt/airflow/dags/re_entrainment_model.py
[2025-03-14T18:26:57.305+0000] {logging_mixin.py:151} INFO - [2025-03-14T18:26:57.304+0000] {dag.py:2915} INFO - Sync 1 DAGs
[2025-03-14T18:26:57.324+0000] {logging_mixin.py:151} INFO - [2025-03-14T18:26:57.324+0000] {dag.py:3696} INFO - Setting next_dagrun for yfinance_lstm_training_dag to 2025-03-09T00:00:00+00:00, run_after=2025-03-16T00:00:00+00:00
[2025-03-14T18:26:57.349+0000] {processor.py:179} INFO - Processing /opt/airflow/dags/re_entrainment_model.py took 2.972 seconds
[2025-03-14T18:27:27.817+0000] {processor.py:157} INFO - Started process (PID=3359) to work on /opt/airflow/dags/re_entrainment_model.py
[2025-03-14T18:27:27.819+0000] {processor.py:829} INFO - Processing file /opt/airflow/dags/re_entrainment_model.py for tasks to queue
[2025-03-14T18:27:27.820+0000] {logging_mixin.py:151} INFO - [2025-03-14T18:27:27.820+0000] {dagbag.py:539} INFO - Filling up the DagBag from /opt/airflow/dags/re_entrainment_model.py
[2025-03-14T18:27:30.832+0000] {processor.py:839} INFO - DAG(s) dict_keys(['yfinance_lstm_training_dag']) retrieved from /opt/airflow/dags/re_entrainment_model.py
[2025-03-14T18:27:30.850+0000] {logging_mixin.py:151} INFO - [2025-03-14T18:27:30.850+0000] {dag.py:2915} INFO - Sync 1 DAGs
[2025-03-14T18:27:30.870+0000] {logging_mixin.py:151} INFO - [2025-03-14T18:27:30.870+0000] {dag.py:3696} INFO - Setting next_dagrun for yfinance_lstm_training_dag to 2025-03-09T00:00:00+00:00, run_after=2025-03-16T00:00:00+00:00
[2025-03-14T18:27:30.895+0000] {processor.py:179} INFO - Processing /opt/airflow/dags/re_entrainment_model.py took 3.081 seconds
[2025-03-14T18:28:01.344+0000] {processor.py:157} INFO - Started process (PID=3384) to work on /opt/airflow/dags/re_entrainment_model.py
[2025-03-14T18:28:01.346+0000] {processor.py:829} INFO - Processing file /opt/airflow/dags/re_entrainment_model.py for tasks to queue
[2025-03-14T18:28:01.347+0000] {logging_mixin.py:151} INFO - [2025-03-14T18:28:01.347+0000] {dagbag.py:539} INFO - Filling up the DagBag from /opt/airflow/dags/re_entrainment_model.py
[2025-03-14T18:28:04.204+0000] {processor.py:839} INFO - DAG(s) dict_keys(['yfinance_lstm_training_dag']) retrieved from /opt/airflow/dags/re_entrainment_model.py
[2025-03-14T18:28:04.223+0000] {logging_mixin.py:151} INFO - [2025-03-14T18:28:04.222+0000] {dag.py:2915} INFO - Sync 1 DAGs
[2025-03-14T18:28:04.242+0000] {logging_mixin.py:151} INFO - [2025-03-14T18:28:04.242+0000] {dag.py:3696} INFO - Setting next_dagrun for yfinance_lstm_training_dag to 2025-03-09T00:00:00+00:00, run_after=2025-03-16T00:00:00+00:00
[2025-03-14T18:28:04.265+0000] {processor.py:179} INFO - Processing /opt/airflow/dags/re_entrainment_model.py took 2.923 seconds
[2025-03-14T18:28:34.634+0000] {processor.py:157} INFO - Started process (PID=3409) to work on /opt/airflow/dags/re_entrainment_model.py
[2025-03-14T18:28:34.635+0000] {processor.py:829} INFO - Processing file /opt/airflow/dags/re_entrainment_model.py for tasks to queue
[2025-03-14T18:28:34.636+0000] {logging_mixin.py:151} INFO - [2025-03-14T18:28:34.636+0000] {dagbag.py:539} INFO - Filling up the DagBag from /opt/airflow/dags/re_entrainment_model.py
[2025-03-14T18:28:37.396+0000] {processor.py:839} INFO - DAG(s) dict_keys(['yfinance_lstm_training_dag']) retrieved from /opt/airflow/dags/re_entrainment_model.py
[2025-03-14T18:28:37.419+0000] {logging_mixin.py:151} INFO - [2025-03-14T18:28:37.418+0000] {dag.py:2915} INFO - Sync 1 DAGs
[2025-03-14T18:28:37.439+0000] {logging_mixin.py:151} INFO - [2025-03-14T18:28:37.439+0000] {dag.py:3696} INFO - Setting next_dagrun for yfinance_lstm_training_dag to 2025-03-09T00:00:00+00:00, run_after=2025-03-16T00:00:00+00:00
[2025-03-14T18:28:37.464+0000] {processor.py:179} INFO - Processing /opt/airflow/dags/re_entrainment_model.py took 2.833 seconds
[2025-03-14T18:29:08.180+0000] {processor.py:157} INFO - Started process (PID=3434) to work on /opt/airflow/dags/re_entrainment_model.py
[2025-03-14T18:29:08.181+0000] {processor.py:829} INFO - Processing file /opt/airflow/dags/re_entrainment_model.py for tasks to queue
[2025-03-14T18:29:08.183+0000] {logging_mixin.py:151} INFO - [2025-03-14T18:29:08.182+0000] {dagbag.py:539} INFO - Filling up the DagBag from /opt/airflow/dags/re_entrainment_model.py
[2025-03-14T18:29:11.438+0000] {processor.py:839} INFO - DAG(s) dict_keys(['yfinance_lstm_training_dag']) retrieved from /opt/airflow/dags/re_entrainment_model.py
[2025-03-14T18:29:11.471+0000] {logging_mixin.py:151} INFO - [2025-03-14T18:29:11.470+0000] {dag.py:2915} INFO - Sync 1 DAGs
[2025-03-14T18:29:11.504+0000] {logging_mixin.py:151} INFO - [2025-03-14T18:29:11.504+0000] {dag.py:3696} INFO - Setting next_dagrun for yfinance_lstm_training_dag to 2025-03-09T00:00:00+00:00, run_after=2025-03-16T00:00:00+00:00
[2025-03-14T18:29:11.529+0000] {processor.py:179} INFO - Processing /opt/airflow/dags/re_entrainment_model.py took 3.352 seconds
[2025-03-14T18:29:41.913+0000] {processor.py:157} INFO - Started process (PID=3459) to work on /opt/airflow/dags/re_entrainment_model.py
[2025-03-14T18:29:41.914+0000] {processor.py:829} INFO - Processing file /opt/airflow/dags/re_entrainment_model.py for tasks to queue
[2025-03-14T18:29:41.915+0000] {logging_mixin.py:151} INFO - [2025-03-14T18:29:41.914+0000] {dagbag.py:539} INFO - Filling up the DagBag from /opt/airflow/dags/re_entrainment_model.py
[2025-03-14T18:29:44.846+0000] {processor.py:839} INFO - DAG(s) dict_keys(['yfinance_lstm_training_dag']) retrieved from /opt/airflow/dags/re_entrainment_model.py
[2025-03-14T18:29:44.869+0000] {logging_mixin.py:151} INFO - [2025-03-14T18:29:44.868+0000] {dag.py:2915} INFO - Sync 1 DAGs
[2025-03-14T18:29:44.890+0000] {logging_mixin.py:151} INFO - [2025-03-14T18:29:44.889+0000] {dag.py:3696} INFO - Setting next_dagrun for yfinance_lstm_training_dag to 2025-03-09T00:00:00+00:00, run_after=2025-03-16T00:00:00+00:00
[2025-03-14T18:29:44.910+0000] {processor.py:179} INFO - Processing /opt/airflow/dags/re_entrainment_model.py took 3.000 seconds
[2025-03-14T18:30:15.520+0000] {processor.py:157} INFO - Started process (PID=3484) to work on /opt/airflow/dags/re_entrainment_model.py
[2025-03-14T18:30:15.521+0000] {processor.py:829} INFO - Processing file /opt/airflow/dags/re_entrainment_model.py for tasks to queue
[2025-03-14T18:30:15.523+0000] {logging_mixin.py:151} INFO - [2025-03-14T18:30:15.522+0000] {dagbag.py:539} INFO - Filling up the DagBag from /opt/airflow/dags/re_entrainment_model.py
[2025-03-14T18:30:18.286+0000] {processor.py:839} INFO - DAG(s) dict_keys(['yfinance_lstm_training_dag']) retrieved from /opt/airflow/dags/re_entrainment_model.py
[2025-03-14T18:30:18.306+0000] {logging_mixin.py:151} INFO - [2025-03-14T18:30:18.305+0000] {dag.py:2915} INFO - Sync 1 DAGs
[2025-03-14T18:30:18.327+0000] {logging_mixin.py:151} INFO - [2025-03-14T18:30:18.327+0000] {dag.py:3696} INFO - Setting next_dagrun for yfinance_lstm_training_dag to 2025-03-09T00:00:00+00:00, run_after=2025-03-16T00:00:00+00:00
[2025-03-14T18:30:18.351+0000] {processor.py:179} INFO - Processing /opt/airflow/dags/re_entrainment_model.py took 2.836 seconds
[2025-03-14T18:30:48.609+0000] {processor.py:157} INFO - Started process (PID=3509) to work on /opt/airflow/dags/re_entrainment_model.py
[2025-03-14T18:30:48.611+0000] {processor.py:829} INFO - Processing file /opt/airflow/dags/re_entrainment_model.py for tasks to queue
[2025-03-14T18:30:48.612+0000] {logging_mixin.py:151} INFO - [2025-03-14T18:30:48.612+0000] {dagbag.py:539} INFO - Filling up the DagBag from /opt/airflow/dags/re_entrainment_model.py
[2025-03-14T18:30:51.680+0000] {processor.py:839} INFO - DAG(s) dict_keys(['yfinance_lstm_training_dag']) retrieved from /opt/airflow/dags/re_entrainment_model.py
[2025-03-14T18:30:51.701+0000] {logging_mixin.py:151} INFO - [2025-03-14T18:30:51.700+0000] {dag.py:2915} INFO - Sync 1 DAGs
[2025-03-14T18:30:51.720+0000] {logging_mixin.py:151} INFO - [2025-03-14T18:30:51.719+0000] {dag.py:3696} INFO - Setting next_dagrun for yfinance_lstm_training_dag to 2025-03-09T00:00:00+00:00, run_after=2025-03-16T00:00:00+00:00
[2025-03-14T18:30:51.741+0000] {processor.py:179} INFO - Processing /opt/airflow/dags/re_entrainment_model.py took 3.134 seconds
[2025-03-14T18:31:22.331+0000] {processor.py:157} INFO - Started process (PID=3534) to work on /opt/airflow/dags/re_entrainment_model.py
[2025-03-14T18:31:22.333+0000] {processor.py:829} INFO - Processing file /opt/airflow/dags/re_entrainment_model.py for tasks to queue
[2025-03-14T18:31:22.334+0000] {logging_mixin.py:151} INFO - [2025-03-14T18:31:22.334+0000] {dagbag.py:539} INFO - Filling up the DagBag from /opt/airflow/dags/re_entrainment_model.py
[2025-03-14T18:31:25.505+0000] {processor.py:839} INFO - DAG(s) dict_keys(['yfinance_lstm_training_dag']) retrieved from /opt/airflow/dags/re_entrainment_model.py
[2025-03-14T18:31:25.531+0000] {logging_mixin.py:151} INFO - [2025-03-14T18:31:25.530+0000] {dag.py:2915} INFO - Sync 1 DAGs
[2025-03-14T18:31:25.566+0000] {logging_mixin.py:151} INFO - [2025-03-14T18:31:25.565+0000] {dag.py:3696} INFO - Setting next_dagrun for yfinance_lstm_training_dag to 2025-03-09T00:00:00+00:00, run_after=2025-03-16T00:00:00+00:00
[2025-03-14T18:31:25.592+0000] {processor.py:179} INFO - Processing /opt/airflow/dags/re_entrainment_model.py took 3.264 seconds
[2025-03-14T18:31:56.065+0000] {processor.py:157} INFO - Started process (PID=3559) to work on /opt/airflow/dags/re_entrainment_model.py
[2025-03-14T18:31:56.066+0000] {processor.py:829} INFO - Processing file /opt/airflow/dags/re_entrainment_model.py for tasks to queue
[2025-03-14T18:31:56.067+0000] {logging_mixin.py:151} INFO - [2025-03-14T18:31:56.067+0000] {dagbag.py:539} INFO - Filling up the DagBag from /opt/airflow/dags/re_entrainment_model.py
[2025-03-14T18:31:59.246+0000] {processor.py:839} INFO - DAG(s) dict_keys(['yfinance_lstm_training_dag']) retrieved from /opt/airflow/dags/re_entrainment_model.py
[2025-03-14T18:31:59.269+0000] {logging_mixin.py:151} INFO - [2025-03-14T18:31:59.268+0000] {dag.py:2915} INFO - Sync 1 DAGs
[2025-03-14T18:31:59.291+0000] {logging_mixin.py:151} INFO - [2025-03-14T18:31:59.291+0000] {dag.py:3696} INFO - Setting next_dagrun for yfinance_lstm_training_dag to 2025-03-09T00:00:00+00:00, run_after=2025-03-16T00:00:00+00:00
[2025-03-14T18:31:59.312+0000] {processor.py:179} INFO - Processing /opt/airflow/dags/re_entrainment_model.py took 3.250 seconds
[2025-03-14T18:32:29.700+0000] {processor.py:157} INFO - Started process (PID=3596) to work on /opt/airflow/dags/re_entrainment_model.py
[2025-03-14T18:32:29.702+0000] {processor.py:829} INFO - Processing file /opt/airflow/dags/re_entrainment_model.py for tasks to queue
[2025-03-14T18:32:29.705+0000] {logging_mixin.py:151} INFO - [2025-03-14T18:32:29.704+0000] {dagbag.py:539} INFO - Filling up the DagBag from /opt/airflow/dags/re_entrainment_model.py
[2025-03-14T18:32:32.693+0000] {processor.py:839} INFO - DAG(s) dict_keys(['yfinance_lstm_training_dag']) retrieved from /opt/airflow/dags/re_entrainment_model.py
[2025-03-14T18:32:32.731+0000] {logging_mixin.py:151} INFO - [2025-03-14T18:32:32.731+0000] {dag.py:2915} INFO - Sync 1 DAGs
[2025-03-14T18:32:32.753+0000] {logging_mixin.py:151} INFO - [2025-03-14T18:32:32.753+0000] {dag.py:3696} INFO - Setting next_dagrun for yfinance_lstm_training_dag to 2025-03-09T00:00:00+00:00, run_after=2025-03-16T00:00:00+00:00
[2025-03-14T18:32:32.777+0000] {processor.py:179} INFO - Processing /opt/airflow/dags/re_entrainment_model.py took 3.081 seconds
[2025-03-14T18:33:03.216+0000] {processor.py:157} INFO - Started process (PID=3621) to work on /opt/airflow/dags/re_entrainment_model.py
[2025-03-14T18:33:03.217+0000] {processor.py:829} INFO - Processing file /opt/airflow/dags/re_entrainment_model.py for tasks to queue
[2025-03-14T18:33:03.218+0000] {logging_mixin.py:151} INFO - [2025-03-14T18:33:03.218+0000] {dagbag.py:539} INFO - Filling up the DagBag from /opt/airflow/dags/re_entrainment_model.py
[2025-03-14T18:33:06.406+0000] {processor.py:839} INFO - DAG(s) dict_keys(['yfinance_lstm_training_dag']) retrieved from /opt/airflow/dags/re_entrainment_model.py
[2025-03-14T18:33:06.432+0000] {logging_mixin.py:151} INFO - [2025-03-14T18:33:06.430+0000] {dag.py:2915} INFO - Sync 1 DAGs
[2025-03-14T18:33:06.452+0000] {logging_mixin.py:151} INFO - [2025-03-14T18:33:06.451+0000] {dag.py:3696} INFO - Setting next_dagrun for yfinance_lstm_training_dag to 2025-03-09T00:00:00+00:00, run_after=2025-03-16T00:00:00+00:00
[2025-03-14T18:33:06.472+0000] {processor.py:179} INFO - Processing /opt/airflow/dags/re_entrainment_model.py took 3.260 seconds
[2025-03-14T18:33:36.576+0000] {processor.py:157} INFO - Started process (PID=3646) to work on /opt/airflow/dags/re_entrainment_model.py
[2025-03-14T18:33:36.578+0000] {processor.py:829} INFO - Processing file /opt/airflow/dags/re_entrainment_model.py for tasks to queue
[2025-03-14T18:33:36.579+0000] {logging_mixin.py:151} INFO - [2025-03-14T18:33:36.578+0000] {dagbag.py:539} INFO - Filling up the DagBag from /opt/airflow/dags/re_entrainment_model.py
[2025-03-14T18:33:39.342+0000] {processor.py:839} INFO - DAG(s) dict_keys(['yfinance_lstm_training_dag']) retrieved from /opt/airflow/dags/re_entrainment_model.py
[2025-03-14T18:33:39.364+0000] {logging_mixin.py:151} INFO - [2025-03-14T18:33:39.364+0000] {dag.py:2915} INFO - Sync 1 DAGs
[2025-03-14T18:33:39.384+0000] {logging_mixin.py:151} INFO - [2025-03-14T18:33:39.384+0000] {dag.py:3696} INFO - Setting next_dagrun for yfinance_lstm_training_dag to 2025-03-09T00:00:00+00:00, run_after=2025-03-16T00:00:00+00:00
[2025-03-14T18:33:39.407+0000] {processor.py:179} INFO - Processing /opt/airflow/dags/re_entrainment_model.py took 2.834 seconds
[2025-03-14T18:34:10.067+0000] {processor.py:157} INFO - Started process (PID=3671) to work on /opt/airflow/dags/re_entrainment_model.py
[2025-03-14T18:34:10.068+0000] {processor.py:829} INFO - Processing file /opt/airflow/dags/re_entrainment_model.py for tasks to queue
[2025-03-14T18:34:10.069+0000] {logging_mixin.py:151} INFO - [2025-03-14T18:34:10.069+0000] {dagbag.py:539} INFO - Filling up the DagBag from /opt/airflow/dags/re_entrainment_model.py
[2025-03-14T18:34:13.121+0000] {processor.py:839} INFO - DAG(s) dict_keys(['yfinance_lstm_training_dag']) retrieved from /opt/airflow/dags/re_entrainment_model.py
[2025-03-14T18:34:13.144+0000] {logging_mixin.py:151} INFO - [2025-03-14T18:34:13.143+0000] {dag.py:2915} INFO - Sync 1 DAGs
[2025-03-14T18:34:13.163+0000] {logging_mixin.py:151} INFO - [2025-03-14T18:34:13.163+0000] {dag.py:3696} INFO - Setting next_dagrun for yfinance_lstm_training_dag to 2025-03-09T00:00:00+00:00, run_after=2025-03-16T00:00:00+00:00
[2025-03-14T18:34:13.187+0000] {processor.py:179} INFO - Processing /opt/airflow/dags/re_entrainment_model.py took 3.123 seconds
[2025-03-14T18:34:43.603+0000] {processor.py:157} INFO - Started process (PID=3696) to work on /opt/airflow/dags/re_entrainment_model.py
[2025-03-14T18:34:43.605+0000] {processor.py:829} INFO - Processing file /opt/airflow/dags/re_entrainment_model.py for tasks to queue
[2025-03-14T18:34:43.606+0000] {logging_mixin.py:151} INFO - [2025-03-14T18:34:43.606+0000] {dagbag.py:539} INFO - Filling up the DagBag from /opt/airflow/dags/re_entrainment_model.py
[2025-03-14T18:34:46.448+0000] {processor.py:839} INFO - DAG(s) dict_keys(['yfinance_lstm_training_dag']) retrieved from /opt/airflow/dags/re_entrainment_model.py
[2025-03-14T18:34:46.468+0000] {logging_mixin.py:151} INFO - [2025-03-14T18:34:46.468+0000] {dag.py:2915} INFO - Sync 1 DAGs
[2025-03-14T18:34:46.488+0000] {logging_mixin.py:151} INFO - [2025-03-14T18:34:46.488+0000] {dag.py:3696} INFO - Setting next_dagrun for yfinance_lstm_training_dag to 2025-03-09T00:00:00+00:00, run_after=2025-03-16T00:00:00+00:00
[2025-03-14T18:34:46.510+0000] {processor.py:179} INFO - Processing /opt/airflow/dags/re_entrainment_model.py took 2.911 seconds
[2025-03-14T18:35:16.769+0000] {processor.py:157} INFO - Started process (PID=3721) to work on /opt/airflow/dags/re_entrainment_model.py
[2025-03-14T18:35:16.771+0000] {processor.py:829} INFO - Processing file /opt/airflow/dags/re_entrainment_model.py for tasks to queue
[2025-03-14T18:35:16.772+0000] {logging_mixin.py:151} INFO - [2025-03-14T18:35:16.772+0000] {dagbag.py:539} INFO - Filling up the DagBag from /opt/airflow/dags/re_entrainment_model.py
[2025-03-14T18:35:19.440+0000] {processor.py:839} INFO - DAG(s) dict_keys(['yfinance_lstm_training_dag']) retrieved from /opt/airflow/dags/re_entrainment_model.py
[2025-03-14T18:35:19.460+0000] {logging_mixin.py:151} INFO - [2025-03-14T18:35:19.459+0000] {dag.py:2915} INFO - Sync 1 DAGs
[2025-03-14T18:35:19.480+0000] {logging_mixin.py:151} INFO - [2025-03-14T18:35:19.480+0000] {dag.py:3696} INFO - Setting next_dagrun for yfinance_lstm_training_dag to 2025-03-09T00:00:00+00:00, run_after=2025-03-16T00:00:00+00:00
[2025-03-14T18:35:19.503+0000] {processor.py:179} INFO - Processing /opt/airflow/dags/re_entrainment_model.py took 2.738 seconds
[2025-03-14T18:35:49.786+0000] {processor.py:157} INFO - Started process (PID=3746) to work on /opt/airflow/dags/re_entrainment_model.py
[2025-03-14T18:35:49.787+0000] {processor.py:829} INFO - Processing file /opt/airflow/dags/re_entrainment_model.py for tasks to queue
[2025-03-14T18:35:49.788+0000] {logging_mixin.py:151} INFO - [2025-03-14T18:35:49.788+0000] {dagbag.py:539} INFO - Filling up the DagBag from /opt/airflow/dags/re_entrainment_model.py
[2025-03-14T18:35:52.783+0000] {processor.py:839} INFO - DAG(s) dict_keys(['yfinance_lstm_training_dag']) retrieved from /opt/airflow/dags/re_entrainment_model.py
[2025-03-14T18:35:52.853+0000] {logging_mixin.py:151} INFO - [2025-03-14T18:35:52.851+0000] {dag.py:2915} INFO - Sync 1 DAGs
[2025-03-14T18:35:53.179+0000] {logging_mixin.py:151} INFO - [2025-03-14T18:35:53.178+0000] {dag.py:3696} INFO - Setting next_dagrun for yfinance_lstm_training_dag to 2025-03-09T00:00:00+00:00, run_after=2025-03-16T00:00:00+00:00
[2025-03-14T18:35:53.212+0000] {processor.py:179} INFO - Processing /opt/airflow/dags/re_entrainment_model.py took 3.428 seconds
[2025-03-14T18:36:23.677+0000] {processor.py:157} INFO - Started process (PID=3771) to work on /opt/airflow/dags/re_entrainment_model.py
[2025-03-14T18:36:23.679+0000] {processor.py:829} INFO - Processing file /opt/airflow/dags/re_entrainment_model.py for tasks to queue
[2025-03-14T18:36:23.681+0000] {logging_mixin.py:151} INFO - [2025-03-14T18:36:23.680+0000] {dagbag.py:539} INFO - Filling up the DagBag from /opt/airflow/dags/re_entrainment_model.py
[2025-03-14T18:36:26.581+0000] {processor.py:839} INFO - DAG(s) dict_keys(['yfinance_lstm_training_dag']) retrieved from /opt/airflow/dags/re_entrainment_model.py
[2025-03-14T18:36:26.606+0000] {logging_mixin.py:151} INFO - [2025-03-14T18:36:26.605+0000] {dag.py:2915} INFO - Sync 1 DAGs
[2025-03-14T18:36:26.630+0000] {logging_mixin.py:151} INFO - [2025-03-14T18:36:26.629+0000] {dag.py:3696} INFO - Setting next_dagrun for yfinance_lstm_training_dag to 2025-03-09T00:00:00+00:00, run_after=2025-03-16T00:00:00+00:00
[2025-03-14T18:36:26.654+0000] {processor.py:179} INFO - Processing /opt/airflow/dags/re_entrainment_model.py took 2.982 seconds
[2025-03-14T18:36:56.864+0000] {processor.py:157} INFO - Started process (PID=3796) to work on /opt/airflow/dags/re_entrainment_model.py
[2025-03-14T18:36:56.866+0000] {processor.py:829} INFO - Processing file /opt/airflow/dags/re_entrainment_model.py for tasks to queue
[2025-03-14T18:36:56.867+0000] {logging_mixin.py:151} INFO - [2025-03-14T18:36:56.867+0000] {dagbag.py:539} INFO - Filling up the DagBag from /opt/airflow/dags/re_entrainment_model.py
[2025-03-14T18:36:59.598+0000] {processor.py:839} INFO - DAG(s) dict_keys(['yfinance_lstm_training_dag']) retrieved from /opt/airflow/dags/re_entrainment_model.py
[2025-03-14T18:36:59.620+0000] {logging_mixin.py:151} INFO - [2025-03-14T18:36:59.619+0000] {dag.py:2915} INFO - Sync 1 DAGs
[2025-03-14T18:36:59.816+0000] {logging_mixin.py:151} INFO - [2025-03-14T18:36:59.816+0000] {dag.py:3696} INFO - Setting next_dagrun for yfinance_lstm_training_dag to 2025-03-09T00:00:00+00:00, run_after=2025-03-16T00:00:00+00:00
[2025-03-14T18:36:59.839+0000] {processor.py:179} INFO - Processing /opt/airflow/dags/re_entrainment_model.py took 2.978 seconds
[2025-03-14T18:37:30.146+0000] {processor.py:157} INFO - Started process (PID=3821) to work on /opt/airflow/dags/re_entrainment_model.py
[2025-03-14T18:37:30.149+0000] {processor.py:829} INFO - Processing file /opt/airflow/dags/re_entrainment_model.py for tasks to queue
[2025-03-14T18:37:30.150+0000] {logging_mixin.py:151} INFO - [2025-03-14T18:37:30.150+0000] {dagbag.py:539} INFO - Filling up the DagBag from /opt/airflow/dags/re_entrainment_model.py
[2025-03-14T18:37:33.701+0000] {processor.py:839} INFO - DAG(s) dict_keys(['yfinance_lstm_training_dag']) retrieved from /opt/airflow/dags/re_entrainment_model.py
[2025-03-14T18:37:33.722+0000] {logging_mixin.py:151} INFO - [2025-03-14T18:37:33.722+0000] {dag.py:2915} INFO - Sync 1 DAGs
[2025-03-14T18:37:33.745+0000] {logging_mixin.py:151} INFO - [2025-03-14T18:37:33.745+0000] {dag.py:3696} INFO - Setting next_dagrun for yfinance_lstm_training_dag to 2025-03-09T00:00:00+00:00, run_after=2025-03-16T00:00:00+00:00
[2025-03-14T18:37:33.796+0000] {processor.py:179} INFO - Processing /opt/airflow/dags/re_entrainment_model.py took 3.653 seconds
[2025-03-14T18:38:04.287+0000] {processor.py:157} INFO - Started process (PID=3846) to work on /opt/airflow/dags/re_entrainment_model.py
[2025-03-14T18:38:04.288+0000] {processor.py:829} INFO - Processing file /opt/airflow/dags/re_entrainment_model.py for tasks to queue
[2025-03-14T18:38:04.290+0000] {logging_mixin.py:151} INFO - [2025-03-14T18:38:04.289+0000] {dagbag.py:539} INFO - Filling up the DagBag from /opt/airflow/dags/re_entrainment_model.py
[2025-03-14T18:38:06.966+0000] {processor.py:839} INFO - DAG(s) dict_keys(['yfinance_lstm_training_dag']) retrieved from /opt/airflow/dags/re_entrainment_model.py
[2025-03-14T18:38:07.176+0000] {logging_mixin.py:151} INFO - [2025-03-14T18:38:06.989+0000] {dag.py:2915} INFO - Sync 1 DAGs
[2025-03-14T18:38:07.199+0000] {logging_mixin.py:151} INFO - [2025-03-14T18:38:07.199+0000] {dag.py:3696} INFO - Setting next_dagrun for yfinance_lstm_training_dag to 2025-03-09T00:00:00+00:00, run_after=2025-03-16T00:00:00+00:00
[2025-03-14T18:38:07.222+0000] {processor.py:179} INFO - Processing /opt/airflow/dags/re_entrainment_model.py took 2.938 seconds
[2025-03-14T18:38:37.692+0000] {processor.py:157} INFO - Started process (PID=3871) to work on /opt/airflow/dags/re_entrainment_model.py
[2025-03-14T18:38:37.693+0000] {processor.py:829} INFO - Processing file /opt/airflow/dags/re_entrainment_model.py for tasks to queue
[2025-03-14T18:38:37.694+0000] {logging_mixin.py:151} INFO - [2025-03-14T18:38:37.694+0000] {dagbag.py:539} INFO - Filling up the DagBag from /opt/airflow/dags/re_entrainment_model.py
[2025-03-14T18:38:41.350+0000] {processor.py:839} INFO - DAG(s) dict_keys(['yfinance_lstm_training_dag']) retrieved from /opt/airflow/dags/re_entrainment_model.py
[2025-03-14T18:38:41.374+0000] {logging_mixin.py:151} INFO - [2025-03-14T18:38:41.374+0000] {dag.py:2915} INFO - Sync 1 DAGs
[2025-03-14T18:38:41.401+0000] {logging_mixin.py:151} INFO - [2025-03-14T18:38:41.401+0000] {dag.py:3696} INFO - Setting next_dagrun for yfinance_lstm_training_dag to 2025-03-09T00:00:00+00:00, run_after=2025-03-16T00:00:00+00:00
[2025-03-14T18:38:41.426+0000] {processor.py:179} INFO - Processing /opt/airflow/dags/re_entrainment_model.py took 3.737 seconds
[2025-03-14T18:39:11.838+0000] {processor.py:157} INFO - Started process (PID=3896) to work on /opt/airflow/dags/re_entrainment_model.py
[2025-03-14T18:39:11.839+0000] {processor.py:829} INFO - Processing file /opt/airflow/dags/re_entrainment_model.py for tasks to queue
[2025-03-14T18:39:11.840+0000] {logging_mixin.py:151} INFO - [2025-03-14T18:39:11.840+0000] {dagbag.py:539} INFO - Filling up the DagBag from /opt/airflow/dags/re_entrainment_model.py
[2025-03-14T18:39:15.067+0000] {processor.py:839} INFO - DAG(s) dict_keys(['yfinance_lstm_training_dag']) retrieved from /opt/airflow/dags/re_entrainment_model.py
[2025-03-14T18:39:15.255+0000] {logging_mixin.py:151} INFO - [2025-03-14T18:39:15.254+0000] {dag.py:2915} INFO - Sync 1 DAGs
[2025-03-14T18:39:15.276+0000] {logging_mixin.py:151} INFO - [2025-03-14T18:39:15.276+0000] {dag.py:3696} INFO - Setting next_dagrun for yfinance_lstm_training_dag to 2025-03-09T00:00:00+00:00, run_after=2025-03-16T00:00:00+00:00
[2025-03-14T18:39:15.297+0000] {processor.py:179} INFO - Processing /opt/airflow/dags/re_entrainment_model.py took 3.463 seconds
[2025-03-14T18:39:45.397+0000] {processor.py:157} INFO - Started process (PID=3933) to work on /opt/airflow/dags/re_entrainment_model.py
[2025-03-14T18:39:45.399+0000] {processor.py:829} INFO - Processing file /opt/airflow/dags/re_entrainment_model.py for tasks to queue
[2025-03-14T18:39:45.400+0000] {logging_mixin.py:151} INFO - [2025-03-14T18:39:45.400+0000] {dagbag.py:539} INFO - Filling up the DagBag from /opt/airflow/dags/re_entrainment_model.py
[2025-03-14T18:39:48.573+0000] {processor.py:839} INFO - DAG(s) dict_keys(['yfinance_lstm_training_dag']) retrieved from /opt/airflow/dags/re_entrainment_model.py
[2025-03-14T18:39:48.597+0000] {logging_mixin.py:151} INFO - [2025-03-14T18:39:48.596+0000] {dag.py:2915} INFO - Sync 1 DAGs
[2025-03-14T18:39:48.620+0000] {logging_mixin.py:151} INFO - [2025-03-14T18:39:48.620+0000] {dag.py:3696} INFO - Setting next_dagrun for yfinance_lstm_training_dag to 2025-03-09T00:00:00+00:00, run_after=2025-03-16T00:00:00+00:00
[2025-03-14T18:39:48.645+0000] {processor.py:179} INFO - Processing /opt/airflow/dags/re_entrainment_model.py took 3.253 seconds
[2025-03-14T18:40:18.881+0000] {processor.py:157} INFO - Started process (PID=3958) to work on /opt/airflow/dags/re_entrainment_model.py
[2025-03-14T18:40:18.883+0000] {processor.py:829} INFO - Processing file /opt/airflow/dags/re_entrainment_model.py for tasks to queue
[2025-03-14T18:40:18.885+0000] {logging_mixin.py:151} INFO - [2025-03-14T18:40:18.885+0000] {dagbag.py:539} INFO - Filling up the DagBag from /opt/airflow/dags/re_entrainment_model.py
[2025-03-14T18:40:21.983+0000] {processor.py:839} INFO - DAG(s) dict_keys(['yfinance_lstm_training_dag']) retrieved from /opt/airflow/dags/re_entrainment_model.py
[2025-03-14T18:40:22.004+0000] {logging_mixin.py:151} INFO - [2025-03-14T18:40:22.004+0000] {dag.py:2915} INFO - Sync 1 DAGs
[2025-03-14T18:40:22.025+0000] {logging_mixin.py:151} INFO - [2025-03-14T18:40:22.024+0000] {dag.py:3696} INFO - Setting next_dagrun for yfinance_lstm_training_dag to 2025-03-09T00:00:00+00:00, run_after=2025-03-16T00:00:00+00:00
[2025-03-14T18:40:22.048+0000] {processor.py:179} INFO - Processing /opt/airflow/dags/re_entrainment_model.py took 3.171 seconds
[2025-03-14T18:40:52.510+0000] {processor.py:157} INFO - Started process (PID=3983) to work on /opt/airflow/dags/re_entrainment_model.py
[2025-03-14T18:40:52.511+0000] {processor.py:829} INFO - Processing file /opt/airflow/dags/re_entrainment_model.py for tasks to queue
[2025-03-14T18:40:52.512+0000] {logging_mixin.py:151} INFO - [2025-03-14T18:40:52.512+0000] {dagbag.py:539} INFO - Filling up the DagBag from /opt/airflow/dags/re_entrainment_model.py
[2025-03-14T18:40:56.175+0000] {processor.py:839} INFO - DAG(s) dict_keys(['yfinance_lstm_training_dag']) retrieved from /opt/airflow/dags/re_entrainment_model.py
[2025-03-14T18:40:56.200+0000] {logging_mixin.py:151} INFO - [2025-03-14T18:40:56.199+0000] {dag.py:2915} INFO - Sync 1 DAGs
[2025-03-14T18:40:56.218+0000] {logging_mixin.py:151} INFO - [2025-03-14T18:40:56.218+0000] {dag.py:3696} INFO - Setting next_dagrun for yfinance_lstm_training_dag to 2025-03-09T00:00:00+00:00, run_after=2025-03-16T00:00:00+00:00
[2025-03-14T18:40:56.241+0000] {processor.py:179} INFO - Processing /opt/airflow/dags/re_entrainment_model.py took 3.735 seconds
[2025-03-14T18:41:26.475+0000] {processor.py:157} INFO - Started process (PID=4008) to work on /opt/airflow/dags/re_entrainment_model.py
[2025-03-14T18:41:26.477+0000] {processor.py:829} INFO - Processing file /opt/airflow/dags/re_entrainment_model.py for tasks to queue
[2025-03-14T18:41:26.478+0000] {logging_mixin.py:151} INFO - [2025-03-14T18:41:26.478+0000] {dagbag.py:539} INFO - Filling up the DagBag from /opt/airflow/dags/re_entrainment_model.py
[2025-03-14T18:41:29.356+0000] {processor.py:839} INFO - DAG(s) dict_keys(['yfinance_lstm_training_dag']) retrieved from /opt/airflow/dags/re_entrainment_model.py
[2025-03-14T18:41:29.377+0000] {logging_mixin.py:151} INFO - [2025-03-14T18:41:29.377+0000] {dag.py:2915} INFO - Sync 1 DAGs
[2025-03-14T18:41:29.398+0000] {logging_mixin.py:151} INFO - [2025-03-14T18:41:29.398+0000] {dag.py:3696} INFO - Setting next_dagrun for yfinance_lstm_training_dag to 2025-03-09T00:00:00+00:00, run_after=2025-03-16T00:00:00+00:00
[2025-03-14T18:41:29.417+0000] {processor.py:179} INFO - Processing /opt/airflow/dags/re_entrainment_model.py took 2.945 seconds
[2025-03-14T18:41:59.656+0000] {processor.py:157} INFO - Started process (PID=4033) to work on /opt/airflow/dags/re_entrainment_model.py
[2025-03-14T18:41:59.658+0000] {processor.py:829} INFO - Processing file /opt/airflow/dags/re_entrainment_model.py for tasks to queue
[2025-03-14T18:41:59.659+0000] {logging_mixin.py:151} INFO - [2025-03-14T18:41:59.658+0000] {dagbag.py:539} INFO - Filling up the DagBag from /opt/airflow/dags/re_entrainment_model.py
[2025-03-14T18:42:02.925+0000] {processor.py:839} INFO - DAG(s) dict_keys(['yfinance_lstm_training_dag']) retrieved from /opt/airflow/dags/re_entrainment_model.py
[2025-03-14T18:42:02.947+0000] {logging_mixin.py:151} INFO - [2025-03-14T18:42:02.946+0000] {dag.py:2915} INFO - Sync 1 DAGs
[2025-03-14T18:42:02.966+0000] {logging_mixin.py:151} INFO - [2025-03-14T18:42:02.966+0000] {dag.py:3696} INFO - Setting next_dagrun for yfinance_lstm_training_dag to 2025-03-09T00:00:00+00:00, run_after=2025-03-16T00:00:00+00:00
[2025-03-14T18:42:02.984+0000] {processor.py:179} INFO - Processing /opt/airflow/dags/re_entrainment_model.py took 3.330 seconds
[2025-03-14T18:42:33.923+0000] {processor.py:157} INFO - Started process (PID=4058) to work on /opt/airflow/dags/re_entrainment_model.py
[2025-03-14T18:42:33.924+0000] {processor.py:829} INFO - Processing file /opt/airflow/dags/re_entrainment_model.py for tasks to queue
[2025-03-14T18:42:33.926+0000] {logging_mixin.py:151} INFO - [2025-03-14T18:42:33.925+0000] {dagbag.py:539} INFO - Filling up the DagBag from /opt/airflow/dags/re_entrainment_model.py
[2025-03-14T18:42:36.801+0000] {processor.py:839} INFO - DAG(s) dict_keys(['yfinance_lstm_training_dag']) retrieved from /opt/airflow/dags/re_entrainment_model.py
[2025-03-14T18:42:36.825+0000] {logging_mixin.py:151} INFO - [2025-03-14T18:42:36.825+0000] {dag.py:2915} INFO - Sync 1 DAGs
[2025-03-14T18:42:36.847+0000] {logging_mixin.py:151} INFO - [2025-03-14T18:42:36.846+0000] {dag.py:3696} INFO - Setting next_dagrun for yfinance_lstm_training_dag to 2025-03-09T00:00:00+00:00, run_after=2025-03-16T00:00:00+00:00
[2025-03-14T18:42:36.866+0000] {processor.py:179} INFO - Processing /opt/airflow/dags/re_entrainment_model.py took 2.947 seconds
[2025-03-14T18:43:07.505+0000] {processor.py:157} INFO - Started process (PID=4083) to work on /opt/airflow/dags/re_entrainment_model.py
[2025-03-14T18:43:07.506+0000] {processor.py:829} INFO - Processing file /opt/airflow/dags/re_entrainment_model.py for tasks to queue
[2025-03-14T18:43:07.507+0000] {logging_mixin.py:151} INFO - [2025-03-14T18:43:07.507+0000] {dagbag.py:539} INFO - Filling up the DagBag from /opt/airflow/dags/re_entrainment_model.py
[2025-03-14T18:43:10.399+0000] {processor.py:839} INFO - DAG(s) dict_keys(['yfinance_lstm_training_dag']) retrieved from /opt/airflow/dags/re_entrainment_model.py
[2025-03-14T18:43:10.423+0000] {logging_mixin.py:151} INFO - [2025-03-14T18:43:10.422+0000] {dag.py:2915} INFO - Sync 1 DAGs
[2025-03-14T18:43:10.443+0000] {logging_mixin.py:151} INFO - [2025-03-14T18:43:10.443+0000] {dag.py:3696} INFO - Setting next_dagrun for yfinance_lstm_training_dag to 2025-03-09T00:00:00+00:00, run_after=2025-03-16T00:00:00+00:00
[2025-03-14T18:43:10.469+0000] {processor.py:179} INFO - Processing /opt/airflow/dags/re_entrainment_model.py took 2.966 seconds
[2025-03-14T18:43:40.789+0000] {processor.py:157} INFO - Started process (PID=4108) to work on /opt/airflow/dags/re_entrainment_model.py
[2025-03-14T18:43:40.790+0000] {processor.py:829} INFO - Processing file /opt/airflow/dags/re_entrainment_model.py for tasks to queue
[2025-03-14T18:43:40.791+0000] {logging_mixin.py:151} INFO - [2025-03-14T18:43:40.791+0000] {dagbag.py:539} INFO - Filling up the DagBag from /opt/airflow/dags/re_entrainment_model.py
[2025-03-14T18:43:44.079+0000] {processor.py:839} INFO - DAG(s) dict_keys(['yfinance_lstm_training_dag']) retrieved from /opt/airflow/dags/re_entrainment_model.py
[2025-03-14T18:43:44.105+0000] {logging_mixin.py:151} INFO - [2025-03-14T18:43:44.104+0000] {dag.py:2915} INFO - Sync 1 DAGs
[2025-03-14T18:43:44.138+0000] {logging_mixin.py:151} INFO - [2025-03-14T18:43:44.138+0000] {dag.py:3696} INFO - Setting next_dagrun for yfinance_lstm_training_dag to 2025-03-09T00:00:00+00:00, run_after=2025-03-16T00:00:00+00:00
[2025-03-14T18:43:44.167+0000] {processor.py:179} INFO - Processing /opt/airflow/dags/re_entrainment_model.py took 3.381 seconds
[2025-03-14T18:44:14.602+0000] {processor.py:157} INFO - Started process (PID=4133) to work on /opt/airflow/dags/re_entrainment_model.py
[2025-03-14T18:44:14.603+0000] {processor.py:829} INFO - Processing file /opt/airflow/dags/re_entrainment_model.py for tasks to queue
[2025-03-14T18:44:14.604+0000] {logging_mixin.py:151} INFO - [2025-03-14T18:44:14.604+0000] {dagbag.py:539} INFO - Filling up the DagBag from /opt/airflow/dags/re_entrainment_model.py
[2025-03-14T18:44:17.505+0000] {processor.py:839} INFO - DAG(s) dict_keys(['yfinance_lstm_training_dag']) retrieved from /opt/airflow/dags/re_entrainment_model.py
[2025-03-14T18:44:17.528+0000] {logging_mixin.py:151} INFO - [2025-03-14T18:44:17.528+0000] {dag.py:2915} INFO - Sync 1 DAGs
[2025-03-14T18:44:17.550+0000] {logging_mixin.py:151} INFO - [2025-03-14T18:44:17.549+0000] {dag.py:3696} INFO - Setting next_dagrun for yfinance_lstm_training_dag to 2025-03-09T00:00:00+00:00, run_after=2025-03-16T00:00:00+00:00
[2025-03-14T18:44:17.575+0000] {processor.py:179} INFO - Processing /opt/airflow/dags/re_entrainment_model.py took 2.977 seconds
[2025-03-14T18:44:47.733+0000] {processor.py:157} INFO - Started process (PID=4158) to work on /opt/airflow/dags/re_entrainment_model.py
[2025-03-14T18:44:47.734+0000] {processor.py:829} INFO - Processing file /opt/airflow/dags/re_entrainment_model.py for tasks to queue
[2025-03-14T18:44:47.735+0000] {logging_mixin.py:151} INFO - [2025-03-14T18:44:47.735+0000] {dagbag.py:539} INFO - Filling up the DagBag from /opt/airflow/dags/re_entrainment_model.py
[2025-03-14T18:44:50.582+0000] {processor.py:839} INFO - DAG(s) dict_keys(['yfinance_lstm_training_dag']) retrieved from /opt/airflow/dags/re_entrainment_model.py
[2025-03-14T18:44:50.605+0000] {logging_mixin.py:151} INFO - [2025-03-14T18:44:50.603+0000] {dag.py:2915} INFO - Sync 1 DAGs
[2025-03-14T18:44:50.624+0000] {logging_mixin.py:151} INFO - [2025-03-14T18:44:50.624+0000] {dag.py:3696} INFO - Setting next_dagrun for yfinance_lstm_training_dag to 2025-03-09T00:00:00+00:00, run_after=2025-03-16T00:00:00+00:00
[2025-03-14T18:44:50.648+0000] {processor.py:179} INFO - Processing /opt/airflow/dags/re_entrainment_model.py took 2.917 seconds
[2025-03-14T18:45:20.780+0000] {processor.py:157} INFO - Started process (PID=4183) to work on /opt/airflow/dags/re_entrainment_model.py
[2025-03-14T18:45:20.781+0000] {processor.py:829} INFO - Processing file /opt/airflow/dags/re_entrainment_model.py for tasks to queue
[2025-03-14T18:45:20.782+0000] {logging_mixin.py:151} INFO - [2025-03-14T18:45:20.781+0000] {dagbag.py:539} INFO - Filling up the DagBag from /opt/airflow/dags/re_entrainment_model.py
[2025-03-14T18:45:23.882+0000] {processor.py:839} INFO - DAG(s) dict_keys(['yfinance_lstm_training_dag']) retrieved from /opt/airflow/dags/re_entrainment_model.py
[2025-03-14T18:45:23.908+0000] {logging_mixin.py:151} INFO - [2025-03-14T18:45:23.907+0000] {dag.py:2915} INFO - Sync 1 DAGs
[2025-03-14T18:45:23.933+0000] {logging_mixin.py:151} INFO - [2025-03-14T18:45:23.932+0000] {dag.py:3696} INFO - Setting next_dagrun for yfinance_lstm_training_dag to 2025-03-09T00:00:00+00:00, run_after=2025-03-16T00:00:00+00:00
[2025-03-14T18:45:23.960+0000] {processor.py:179} INFO - Processing /opt/airflow/dags/re_entrainment_model.py took 3.183 seconds
[2025-03-14T18:45:54.152+0000] {processor.py:157} INFO - Started process (PID=4208) to work on /opt/airflow/dags/re_entrainment_model.py
[2025-03-14T18:45:54.154+0000] {processor.py:829} INFO - Processing file /opt/airflow/dags/re_entrainment_model.py for tasks to queue
[2025-03-14T18:45:54.155+0000] {logging_mixin.py:151} INFO - [2025-03-14T18:45:54.155+0000] {dagbag.py:539} INFO - Filling up the DagBag from /opt/airflow/dags/re_entrainment_model.py
[2025-03-14T18:45:57.494+0000] {processor.py:839} INFO - DAG(s) dict_keys(['yfinance_lstm_training_dag']) retrieved from /opt/airflow/dags/re_entrainment_model.py
[2025-03-14T18:45:57.520+0000] {logging_mixin.py:151} INFO - [2025-03-14T18:45:57.519+0000] {dag.py:2915} INFO - Sync 1 DAGs
[2025-03-14T18:45:57.544+0000] {logging_mixin.py:151} INFO - [2025-03-14T18:45:57.544+0000] {dag.py:3696} INFO - Setting next_dagrun for yfinance_lstm_training_dag to 2025-03-09T00:00:00+00:00, run_after=2025-03-16T00:00:00+00:00
[2025-03-14T18:45:57.567+0000] {processor.py:179} INFO - Processing /opt/airflow/dags/re_entrainment_model.py took 3.420 seconds
[2025-03-14T18:46:27.821+0000] {processor.py:157} INFO - Started process (PID=4233) to work on /opt/airflow/dags/re_entrainment_model.py
[2025-03-14T18:46:27.823+0000] {processor.py:829} INFO - Processing file /opt/airflow/dags/re_entrainment_model.py for tasks to queue
[2025-03-14T18:46:27.824+0000] {logging_mixin.py:151} INFO - [2025-03-14T18:46:27.824+0000] {dagbag.py:539} INFO - Filling up the DagBag from /opt/airflow/dags/re_entrainment_model.py
[2025-03-14T18:46:30.892+0000] {processor.py:839} INFO - DAG(s) dict_keys(['yfinance_lstm_training_dag']) retrieved from /opt/airflow/dags/re_entrainment_model.py
[2025-03-14T18:46:30.914+0000] {logging_mixin.py:151} INFO - [2025-03-14T18:46:30.913+0000] {dag.py:2915} INFO - Sync 1 DAGs
[2025-03-14T18:46:30.938+0000] {logging_mixin.py:151} INFO - [2025-03-14T18:46:30.938+0000] {dag.py:3696} INFO - Setting next_dagrun for yfinance_lstm_training_dag to 2025-03-09T00:00:00+00:00, run_after=2025-03-16T00:00:00+00:00
[2025-03-14T18:46:30.961+0000] {processor.py:179} INFO - Processing /opt/airflow/dags/re_entrainment_model.py took 3.144 seconds
[2025-03-14T18:47:01.351+0000] {processor.py:157} INFO - Started process (PID=4264) to work on /opt/airflow/dags/re_entrainment_model.py
[2025-03-14T18:47:01.353+0000] {processor.py:829} INFO - Processing file /opt/airflow/dags/re_entrainment_model.py for tasks to queue
[2025-03-14T18:47:01.355+0000] {logging_mixin.py:151} INFO - [2025-03-14T18:47:01.354+0000] {dagbag.py:539} INFO - Filling up the DagBag from /opt/airflow/dags/re_entrainment_model.py
[2025-03-14T18:47:04.616+0000] {processor.py:839} INFO - DAG(s) dict_keys(['yfinance_lstm_training_dag']) retrieved from /opt/airflow/dags/re_entrainment_model.py
[2025-03-14T18:47:04.637+0000] {logging_mixin.py:151} INFO - [2025-03-14T18:47:04.636+0000] {dag.py:2915} INFO - Sync 1 DAGs
[2025-03-14T18:47:04.657+0000] {logging_mixin.py:151} INFO - [2025-03-14T18:47:04.657+0000] {dag.py:3696} INFO - Setting next_dagrun for yfinance_lstm_training_dag to 2025-03-09T00:00:00+00:00, run_after=2025-03-16T00:00:00+00:00
[2025-03-14T18:47:04.683+0000] {processor.py:179} INFO - Processing /opt/airflow/dags/re_entrainment_model.py took 3.337 seconds
[2025-03-14T18:47:35.122+0000] {processor.py:157} INFO - Started process (PID=4295) to work on /opt/airflow/dags/re_entrainment_model.py
[2025-03-14T18:47:35.124+0000] {processor.py:829} INFO - Processing file /opt/airflow/dags/re_entrainment_model.py for tasks to queue
[2025-03-14T18:47:35.126+0000] {logging_mixin.py:151} INFO - [2025-03-14T18:47:35.125+0000] {dagbag.py:539} INFO - Filling up the DagBag from /opt/airflow/dags/re_entrainment_model.py
[2025-03-14T18:47:38.032+0000] {processor.py:839} INFO - DAG(s) dict_keys(['yfinance_lstm_training_dag']) retrieved from /opt/airflow/dags/re_entrainment_model.py
[2025-03-14T18:47:38.056+0000] {logging_mixin.py:151} INFO - [2025-03-14T18:47:38.053+0000] {dag.py:2915} INFO - Sync 1 DAGs
[2025-03-14T18:47:38.078+0000] {logging_mixin.py:151} INFO - [2025-03-14T18:47:38.077+0000] {dag.py:3696} INFO - Setting next_dagrun for yfinance_lstm_training_dag to 2025-03-09T00:00:00+00:00, run_after=2025-03-16T00:00:00+00:00
[2025-03-14T18:47:38.099+0000] {processor.py:179} INFO - Processing /opt/airflow/dags/re_entrainment_model.py took 2.982 seconds
[2025-03-14T18:48:08.629+0000] {processor.py:157} INFO - Started process (PID=4320) to work on /opt/airflow/dags/re_entrainment_model.py
[2025-03-14T18:48:08.631+0000] {processor.py:829} INFO - Processing file /opt/airflow/dags/re_entrainment_model.py for tasks to queue
[2025-03-14T18:48:08.632+0000] {logging_mixin.py:151} INFO - [2025-03-14T18:48:08.632+0000] {dagbag.py:539} INFO - Filling up the DagBag from /opt/airflow/dags/re_entrainment_model.py
[2025-03-14T18:48:11.762+0000] {processor.py:839} INFO - DAG(s) dict_keys(['yfinance_lstm_training_dag']) retrieved from /opt/airflow/dags/re_entrainment_model.py
[2025-03-14T18:48:11.780+0000] {logging_mixin.py:151} INFO - [2025-03-14T18:48:11.780+0000] {dag.py:2915} INFO - Sync 1 DAGs
[2025-03-14T18:48:11.804+0000] {logging_mixin.py:151} INFO - [2025-03-14T18:48:11.804+0000] {dag.py:3696} INFO - Setting next_dagrun for yfinance_lstm_training_dag to 2025-03-09T00:00:00+00:00, run_after=2025-03-16T00:00:00+00:00
[2025-03-14T18:48:11.822+0000] {processor.py:179} INFO - Processing /opt/airflow/dags/re_entrainment_model.py took 3.196 seconds
[2025-03-14T18:48:42.119+0000] {processor.py:157} INFO - Started process (PID=4345) to work on /opt/airflow/dags/re_entrainment_model.py
[2025-03-14T18:48:42.120+0000] {processor.py:829} INFO - Processing file /opt/airflow/dags/re_entrainment_model.py for tasks to queue
[2025-03-14T18:48:42.121+0000] {logging_mixin.py:151} INFO - [2025-03-14T18:48:42.120+0000] {dagbag.py:539} INFO - Filling up the DagBag from /opt/airflow/dags/re_entrainment_model.py
[2025-03-14T18:48:45.166+0000] {processor.py:839} INFO - DAG(s) dict_keys(['yfinance_lstm_training_dag']) retrieved from /opt/airflow/dags/re_entrainment_model.py
[2025-03-14T18:48:45.187+0000] {logging_mixin.py:151} INFO - [2025-03-14T18:48:45.186+0000] {dag.py:2915} INFO - Sync 1 DAGs
[2025-03-14T18:48:45.208+0000] {logging_mixin.py:151} INFO - [2025-03-14T18:48:45.207+0000] {dag.py:3696} INFO - Setting next_dagrun for yfinance_lstm_training_dag to 2025-03-09T00:00:00+00:00, run_after=2025-03-16T00:00:00+00:00
[2025-03-14T18:48:45.226+0000] {processor.py:179} INFO - Processing /opt/airflow/dags/re_entrainment_model.py took 3.110 seconds
[2025-03-14T18:49:15.606+0000] {processor.py:157} INFO - Started process (PID=4370) to work on /opt/airflow/dags/re_entrainment_model.py
[2025-03-14T18:49:15.608+0000] {processor.py:829} INFO - Processing file /opt/airflow/dags/re_entrainment_model.py for tasks to queue
[2025-03-14T18:49:15.609+0000] {logging_mixin.py:151} INFO - [2025-03-14T18:49:15.609+0000] {dagbag.py:539} INFO - Filling up the DagBag from /opt/airflow/dags/re_entrainment_model.py
[2025-03-14T18:49:18.661+0000] {processor.py:839} INFO - DAG(s) dict_keys(['yfinance_lstm_training_dag']) retrieved from /opt/airflow/dags/re_entrainment_model.py
[2025-03-14T18:49:18.681+0000] {logging_mixin.py:151} INFO - [2025-03-14T18:49:18.681+0000] {dag.py:2915} INFO - Sync 1 DAGs
[2025-03-14T18:49:18.705+0000] {logging_mixin.py:151} INFO - [2025-03-14T18:49:18.705+0000] {dag.py:3696} INFO - Setting next_dagrun for yfinance_lstm_training_dag to 2025-03-09T00:00:00+00:00, run_after=2025-03-16T00:00:00+00:00
[2025-03-14T18:49:18.723+0000] {processor.py:179} INFO - Processing /opt/airflow/dags/re_entrainment_model.py took 3.121 seconds
[2025-03-14T18:49:49.101+0000] {processor.py:157} INFO - Started process (PID=4395) to work on /opt/airflow/dags/re_entrainment_model.py
[2025-03-14T18:49:49.102+0000] {processor.py:829} INFO - Processing file /opt/airflow/dags/re_entrainment_model.py for tasks to queue
[2025-03-14T18:49:49.103+0000] {logging_mixin.py:151} INFO - [2025-03-14T18:49:49.103+0000] {dagbag.py:539} INFO - Filling up the DagBag from /opt/airflow/dags/re_entrainment_model.py
[2025-03-14T18:49:52.222+0000] {processor.py:839} INFO - DAG(s) dict_keys(['yfinance_lstm_training_dag']) retrieved from /opt/airflow/dags/re_entrainment_model.py
[2025-03-14T18:49:52.242+0000] {logging_mixin.py:151} INFO - [2025-03-14T18:49:52.242+0000] {dag.py:2915} INFO - Sync 1 DAGs
[2025-03-14T18:49:52.262+0000] {logging_mixin.py:151} INFO - [2025-03-14T18:49:52.262+0000] {dag.py:3696} INFO - Setting next_dagrun for yfinance_lstm_training_dag to 2025-03-09T00:00:00+00:00, run_after=2025-03-16T00:00:00+00:00
[2025-03-14T18:49:52.284+0000] {processor.py:179} INFO - Processing /opt/airflow/dags/re_entrainment_model.py took 3.186 seconds
[2025-03-14T18:50:22.524+0000] {processor.py:157} INFO - Started process (PID=4420) to work on /opt/airflow/dags/re_entrainment_model.py
[2025-03-14T18:50:22.525+0000] {processor.py:829} INFO - Processing file /opt/airflow/dags/re_entrainment_model.py for tasks to queue
[2025-03-14T18:50:22.527+0000] {logging_mixin.py:151} INFO - [2025-03-14T18:50:22.526+0000] {dagbag.py:539} INFO - Filling up the DagBag from /opt/airflow/dags/re_entrainment_model.py
[2025-03-14T18:50:25.580+0000] {processor.py:839} INFO - DAG(s) dict_keys(['yfinance_lstm_training_dag']) retrieved from /opt/airflow/dags/re_entrainment_model.py
[2025-03-14T18:50:25.605+0000] {logging_mixin.py:151} INFO - [2025-03-14T18:50:25.604+0000] {dag.py:2915} INFO - Sync 1 DAGs
[2025-03-14T18:50:25.627+0000] {logging_mixin.py:151} INFO - [2025-03-14T18:50:25.627+0000] {dag.py:3696} INFO - Setting next_dagrun for yfinance_lstm_training_dag to 2025-03-09T00:00:00+00:00, run_after=2025-03-16T00:00:00+00:00
[2025-03-14T18:50:25.650+0000] {processor.py:179} INFO - Processing /opt/airflow/dags/re_entrainment_model.py took 3.129 seconds
[2025-03-14T18:50:56.080+0000] {processor.py:157} INFO - Started process (PID=4445) to work on /opt/airflow/dags/re_entrainment_model.py
[2025-03-14T18:50:56.081+0000] {processor.py:829} INFO - Processing file /opt/airflow/dags/re_entrainment_model.py for tasks to queue
[2025-03-14T18:50:56.082+0000] {logging_mixin.py:151} INFO - [2025-03-14T18:50:56.081+0000] {dagbag.py:539} INFO - Filling up the DagBag from /opt/airflow/dags/re_entrainment_model.py
[2025-03-14T18:50:59.085+0000] {processor.py:839} INFO - DAG(s) dict_keys(['yfinance_lstm_training_dag']) retrieved from /opt/airflow/dags/re_entrainment_model.py
[2025-03-14T18:50:59.104+0000] {logging_mixin.py:151} INFO - [2025-03-14T18:50:59.103+0000] {dag.py:2915} INFO - Sync 1 DAGs
[2025-03-14T18:50:59.124+0000] {logging_mixin.py:151} INFO - [2025-03-14T18:50:59.124+0000] {dag.py:3696} INFO - Setting next_dagrun for yfinance_lstm_training_dag to 2025-03-09T00:00:00+00:00, run_after=2025-03-16T00:00:00+00:00
[2025-03-14T18:50:59.150+0000] {processor.py:179} INFO - Processing /opt/airflow/dags/re_entrainment_model.py took 3.073 seconds
[2025-03-14T18:51:29.396+0000] {processor.py:157} INFO - Started process (PID=4470) to work on /opt/airflow/dags/re_entrainment_model.py
[2025-03-14T18:51:29.398+0000] {processor.py:829} INFO - Processing file /opt/airflow/dags/re_entrainment_model.py for tasks to queue
[2025-03-14T18:51:29.399+0000] {logging_mixin.py:151} INFO - [2025-03-14T18:51:29.399+0000] {dagbag.py:539} INFO - Filling up the DagBag from /opt/airflow/dags/re_entrainment_model.py
[2025-03-14T18:51:32.547+0000] {processor.py:839} INFO - DAG(s) dict_keys(['yfinance_lstm_training_dag']) retrieved from /opt/airflow/dags/re_entrainment_model.py
[2025-03-14T18:51:32.568+0000] {logging_mixin.py:151} INFO - [2025-03-14T18:51:32.568+0000] {dag.py:2915} INFO - Sync 1 DAGs
[2025-03-14T18:51:32.589+0000] {logging_mixin.py:151} INFO - [2025-03-14T18:51:32.589+0000] {dag.py:3696} INFO - Setting next_dagrun for yfinance_lstm_training_dag to 2025-03-09T00:00:00+00:00, run_after=2025-03-16T00:00:00+00:00
[2025-03-14T18:51:32.616+0000] {processor.py:179} INFO - Processing /opt/airflow/dags/re_entrainment_model.py took 3.223 seconds
[2025-03-14T18:52:03.065+0000] {processor.py:157} INFO - Started process (PID=4495) to work on /opt/airflow/dags/re_entrainment_model.py
[2025-03-14T18:52:03.066+0000] {processor.py:829} INFO - Processing file /opt/airflow/dags/re_entrainment_model.py for tasks to queue
[2025-03-14T18:52:03.067+0000] {logging_mixin.py:151} INFO - [2025-03-14T18:52:03.067+0000] {dagbag.py:539} INFO - Filling up the DagBag from /opt/airflow/dags/re_entrainment_model.py
[2025-03-14T18:52:06.213+0000] {processor.py:839} INFO - DAG(s) dict_keys(['yfinance_lstm_training_dag']) retrieved from /opt/airflow/dags/re_entrainment_model.py
[2025-03-14T18:52:06.243+0000] {logging_mixin.py:151} INFO - [2025-03-14T18:52:06.242+0000] {dag.py:2915} INFO - Sync 1 DAGs
[2025-03-14T18:52:06.266+0000] {logging_mixin.py:151} INFO - [2025-03-14T18:52:06.266+0000] {dag.py:3696} INFO - Setting next_dagrun for yfinance_lstm_training_dag to 2025-03-09T00:00:00+00:00, run_after=2025-03-16T00:00:00+00:00
[2025-03-14T18:52:06.291+0000] {processor.py:179} INFO - Processing /opt/airflow/dags/re_entrainment_model.py took 3.229 seconds
[2025-03-14T18:52:36.497+0000] {processor.py:157} INFO - Started process (PID=4520) to work on /opt/airflow/dags/re_entrainment_model.py
[2025-03-14T18:52:36.498+0000] {processor.py:829} INFO - Processing file /opt/airflow/dags/re_entrainment_model.py for tasks to queue
[2025-03-14T18:52:36.500+0000] {logging_mixin.py:151} INFO - [2025-03-14T18:52:36.500+0000] {dagbag.py:539} INFO - Filling up the DagBag from /opt/airflow/dags/re_entrainment_model.py
[2025-03-14T18:52:39.507+0000] {processor.py:839} INFO - DAG(s) dict_keys(['yfinance_lstm_training_dag']) retrieved from /opt/airflow/dags/re_entrainment_model.py
[2025-03-14T18:52:39.530+0000] {logging_mixin.py:151} INFO - [2025-03-14T18:52:39.527+0000] {dag.py:2915} INFO - Sync 1 DAGs
[2025-03-14T18:52:39.549+0000] {logging_mixin.py:151} INFO - [2025-03-14T18:52:39.548+0000] {dag.py:3696} INFO - Setting next_dagrun for yfinance_lstm_training_dag to 2025-03-09T00:00:00+00:00, run_after=2025-03-16T00:00:00+00:00
[2025-03-14T18:52:39.568+0000] {processor.py:179} INFO - Processing /opt/airflow/dags/re_entrainment_model.py took 3.074 seconds
[2025-03-14T18:53:10.090+0000] {processor.py:157} INFO - Started process (PID=4545) to work on /opt/airflow/dags/re_entrainment_model.py
[2025-03-14T18:53:10.092+0000] {processor.py:829} INFO - Processing file /opt/airflow/dags/re_entrainment_model.py for tasks to queue
[2025-03-14T18:53:10.092+0000] {logging_mixin.py:151} INFO - [2025-03-14T18:53:10.092+0000] {dagbag.py:539} INFO - Filling up the DagBag from /opt/airflow/dags/re_entrainment_model.py
[2025-03-14T18:53:13.168+0000] {processor.py:839} INFO - DAG(s) dict_keys(['yfinance_lstm_training_dag']) retrieved from /opt/airflow/dags/re_entrainment_model.py
[2025-03-14T18:53:13.201+0000] {logging_mixin.py:151} INFO - [2025-03-14T18:53:13.200+0000] {dag.py:2915} INFO - Sync 1 DAGs
[2025-03-14T18:53:13.241+0000] {logging_mixin.py:151} INFO - [2025-03-14T18:53:13.241+0000] {dag.py:3696} INFO - Setting next_dagrun for yfinance_lstm_training_dag to 2025-03-09T00:00:00+00:00, run_after=2025-03-16T00:00:00+00:00
[2025-03-14T18:53:13.271+0000] {processor.py:179} INFO - Processing /opt/airflow/dags/re_entrainment_model.py took 3.184 seconds
[2025-03-14T18:53:43.390+0000] {processor.py:157} INFO - Started process (PID=4570) to work on /opt/airflow/dags/re_entrainment_model.py
[2025-03-14T18:53:43.391+0000] {processor.py:829} INFO - Processing file /opt/airflow/dags/re_entrainment_model.py for tasks to queue
[2025-03-14T18:53:43.393+0000] {logging_mixin.py:151} INFO - [2025-03-14T18:53:43.393+0000] {dagbag.py:539} INFO - Filling up the DagBag from /opt/airflow/dags/re_entrainment_model.py
[2025-03-14T18:53:46.629+0000] {processor.py:839} INFO - DAG(s) dict_keys(['yfinance_lstm_training_dag']) retrieved from /opt/airflow/dags/re_entrainment_model.py
[2025-03-14T18:53:46.651+0000] {logging_mixin.py:151} INFO - [2025-03-14T18:53:46.650+0000] {dag.py:2915} INFO - Sync 1 DAGs
[2025-03-14T18:53:46.670+0000] {logging_mixin.py:151} INFO - [2025-03-14T18:53:46.670+0000] {dag.py:3696} INFO - Setting next_dagrun for yfinance_lstm_training_dag to 2025-03-09T00:00:00+00:00, run_after=2025-03-16T00:00:00+00:00
[2025-03-14T18:53:46.695+0000] {processor.py:179} INFO - Processing /opt/airflow/dags/re_entrainment_model.py took 3.309 seconds
[2025-03-14T18:54:17.105+0000] {processor.py:157} INFO - Started process (PID=4601) to work on /opt/airflow/dags/re_entrainment_model.py
[2025-03-14T18:54:17.107+0000] {processor.py:829} INFO - Processing file /opt/airflow/dags/re_entrainment_model.py for tasks to queue
[2025-03-14T18:54:17.108+0000] {logging_mixin.py:151} INFO - [2025-03-14T18:54:17.108+0000] {dagbag.py:539} INFO - Filling up the DagBag from /opt/airflow/dags/re_entrainment_model.py
[2025-03-14T18:54:20.212+0000] {processor.py:839} INFO - DAG(s) dict_keys(['yfinance_lstm_training_dag']) retrieved from /opt/airflow/dags/re_entrainment_model.py
[2025-03-14T18:54:20.243+0000] {logging_mixin.py:151} INFO - [2025-03-14T18:54:20.241+0000] {dag.py:2915} INFO - Sync 1 DAGs
[2025-03-14T18:54:20.270+0000] {logging_mixin.py:151} INFO - [2025-03-14T18:54:20.270+0000] {dag.py:3696} INFO - Setting next_dagrun for yfinance_lstm_training_dag to 2025-03-09T00:00:00+00:00, run_after=2025-03-16T00:00:00+00:00
[2025-03-14T18:54:20.296+0000] {processor.py:179} INFO - Processing /opt/airflow/dags/re_entrainment_model.py took 3.195 seconds
[2025-03-14T18:54:50.397+0000] {processor.py:157} INFO - Started process (PID=4626) to work on /opt/airflow/dags/re_entrainment_model.py
[2025-03-14T18:54:50.399+0000] {processor.py:829} INFO - Processing file /opt/airflow/dags/re_entrainment_model.py for tasks to queue
[2025-03-14T18:54:50.401+0000] {logging_mixin.py:151} INFO - [2025-03-14T18:54:50.400+0000] {dagbag.py:539} INFO - Filling up the DagBag from /opt/airflow/dags/re_entrainment_model.py
[2025-03-14T18:54:54.079+0000] {processor.py:839} INFO - DAG(s) dict_keys(['yfinance_lstm_training_dag']) retrieved from /opt/airflow/dags/re_entrainment_model.py
[2025-03-14T18:54:54.099+0000] {logging_mixin.py:151} INFO - [2025-03-14T18:54:54.098+0000] {dag.py:2915} INFO - Sync 1 DAGs
[2025-03-14T18:54:54.118+0000] {logging_mixin.py:151} INFO - [2025-03-14T18:54:54.118+0000] {dag.py:3696} INFO - Setting next_dagrun for yfinance_lstm_training_dag to 2025-03-09T00:00:00+00:00, run_after=2025-03-16T00:00:00+00:00
[2025-03-14T18:54:54.142+0000] {processor.py:179} INFO - Processing /opt/airflow/dags/re_entrainment_model.py took 3.749 seconds
[2025-03-14T18:55:24.582+0000] {processor.py:157} INFO - Started process (PID=4657) to work on /opt/airflow/dags/re_entrainment_model.py
[2025-03-14T18:55:24.584+0000] {processor.py:829} INFO - Processing file /opt/airflow/dags/re_entrainment_model.py for tasks to queue
[2025-03-14T18:55:24.586+0000] {logging_mixin.py:151} INFO - [2025-03-14T18:55:24.586+0000] {dagbag.py:539} INFO - Filling up the DagBag from /opt/airflow/dags/re_entrainment_model.py
[2025-03-14T18:55:27.555+0000] {processor.py:839} INFO - DAG(s) dict_keys(['yfinance_lstm_training_dag']) retrieved from /opt/airflow/dags/re_entrainment_model.py
[2025-03-14T18:55:27.576+0000] {logging_mixin.py:151} INFO - [2025-03-14T18:55:27.576+0000] {dag.py:2915} INFO - Sync 1 DAGs
[2025-03-14T18:55:27.595+0000] {logging_mixin.py:151} INFO - [2025-03-14T18:55:27.595+0000] {dag.py:3696} INFO - Setting next_dagrun for yfinance_lstm_training_dag to 2025-03-09T00:00:00+00:00, run_after=2025-03-16T00:00:00+00:00
[2025-03-14T18:55:27.617+0000] {processor.py:179} INFO - Processing /opt/airflow/dags/re_entrainment_model.py took 3.040 seconds
[2025-03-14T18:55:58.057+0000] {processor.py:157} INFO - Started process (PID=4682) to work on /opt/airflow/dags/re_entrainment_model.py
[2025-03-14T18:55:58.059+0000] {processor.py:829} INFO - Processing file /opt/airflow/dags/re_entrainment_model.py for tasks to queue
[2025-03-14T18:55:58.061+0000] {logging_mixin.py:151} INFO - [2025-03-14T18:55:58.060+0000] {dagbag.py:539} INFO - Filling up the DagBag from /opt/airflow/dags/re_entrainment_model.py
[2025-03-14T18:56:01.094+0000] {processor.py:839} INFO - DAG(s) dict_keys(['yfinance_lstm_training_dag']) retrieved from /opt/airflow/dags/re_entrainment_model.py
[2025-03-14T18:56:01.115+0000] {logging_mixin.py:151} INFO - [2025-03-14T18:56:01.115+0000] {dag.py:2915} INFO - Sync 1 DAGs
[2025-03-14T18:56:01.141+0000] {logging_mixin.py:151} INFO - [2025-03-14T18:56:01.140+0000] {dag.py:3696} INFO - Setting next_dagrun for yfinance_lstm_training_dag to 2025-03-09T00:00:00+00:00, run_after=2025-03-16T00:00:00+00:00
[2025-03-14T18:56:01.161+0000] {processor.py:179} INFO - Processing /opt/airflow/dags/re_entrainment_model.py took 3.108 seconds
[2025-03-14T18:56:31.575+0000] {processor.py:157} INFO - Started process (PID=4707) to work on /opt/airflow/dags/re_entrainment_model.py
[2025-03-14T18:56:31.577+0000] {processor.py:829} INFO - Processing file /opt/airflow/dags/re_entrainment_model.py for tasks to queue
[2025-03-14T18:56:31.580+0000] {logging_mixin.py:151} INFO - [2025-03-14T18:56:31.579+0000] {dagbag.py:539} INFO - Filling up the DagBag from /opt/airflow/dags/re_entrainment_model.py
[2025-03-14T18:56:34.618+0000] {processor.py:839} INFO - DAG(s) dict_keys(['yfinance_lstm_training_dag']) retrieved from /opt/airflow/dags/re_entrainment_model.py
[2025-03-14T18:56:34.665+0000] {logging_mixin.py:151} INFO - [2025-03-14T18:56:34.664+0000] {dag.py:2915} INFO - Sync 1 DAGs
[2025-03-14T18:56:34.699+0000] {logging_mixin.py:151} INFO - [2025-03-14T18:56:34.699+0000] {dag.py:3696} INFO - Setting next_dagrun for yfinance_lstm_training_dag to 2025-03-09T00:00:00+00:00, run_after=2025-03-16T00:00:00+00:00
[2025-03-14T18:56:34.721+0000] {processor.py:179} INFO - Processing /opt/airflow/dags/re_entrainment_model.py took 3.154 seconds
[2025-03-14T18:57:05.014+0000] {processor.py:157} INFO - Started process (PID=4732) to work on /opt/airflow/dags/re_entrainment_model.py
[2025-03-14T18:57:05.017+0000] {processor.py:829} INFO - Processing file /opt/airflow/dags/re_entrainment_model.py for tasks to queue
[2025-03-14T18:57:05.019+0000] {logging_mixin.py:151} INFO - [2025-03-14T18:57:05.019+0000] {dagbag.py:539} INFO - Filling up the DagBag from /opt/airflow/dags/re_entrainment_model.py
[2025-03-14T18:57:07.888+0000] {processor.py:839} INFO - DAG(s) dict_keys(['yfinance_lstm_training_dag']) retrieved from /opt/airflow/dags/re_entrainment_model.py
[2025-03-14T18:57:07.909+0000] {logging_mixin.py:151} INFO - [2025-03-14T18:57:07.908+0000] {dag.py:2915} INFO - Sync 1 DAGs
[2025-03-14T18:57:07.929+0000] {logging_mixin.py:151} INFO - [2025-03-14T18:57:07.929+0000] {dag.py:3696} INFO - Setting next_dagrun for yfinance_lstm_training_dag to 2025-03-09T00:00:00+00:00, run_after=2025-03-16T00:00:00+00:00
[2025-03-14T18:57:07.947+0000] {processor.py:179} INFO - Processing /opt/airflow/dags/re_entrainment_model.py took 2.940 seconds
[2025-03-14T18:57:38.173+0000] {processor.py:157} INFO - Started process (PID=4757) to work on /opt/airflow/dags/re_entrainment_model.py
[2025-03-14T18:57:38.174+0000] {processor.py:829} INFO - Processing file /opt/airflow/dags/re_entrainment_model.py for tasks to queue
[2025-03-14T18:57:38.177+0000] {logging_mixin.py:151} INFO - [2025-03-14T18:57:38.176+0000] {dagbag.py:539} INFO - Filling up the DagBag from /opt/airflow/dags/re_entrainment_model.py
[2025-03-14T18:57:41.082+0000] {processor.py:839} INFO - DAG(s) dict_keys(['yfinance_lstm_training_dag']) retrieved from /opt/airflow/dags/re_entrainment_model.py
[2025-03-14T18:57:41.106+0000] {logging_mixin.py:151} INFO - [2025-03-14T18:57:41.105+0000] {dag.py:2915} INFO - Sync 1 DAGs
[2025-03-14T18:57:41.125+0000] {logging_mixin.py:151} INFO - [2025-03-14T18:57:41.125+0000] {dag.py:3696} INFO - Setting next_dagrun for yfinance_lstm_training_dag to 2025-03-09T00:00:00+00:00, run_after=2025-03-16T00:00:00+00:00
[2025-03-14T18:57:41.146+0000] {processor.py:179} INFO - Processing /opt/airflow/dags/re_entrainment_model.py took 2.976 seconds
[2025-03-14T18:58:11.528+0000] {processor.py:157} INFO - Started process (PID=4782) to work on /opt/airflow/dags/re_entrainment_model.py
[2025-03-14T18:58:11.529+0000] {processor.py:829} INFO - Processing file /opt/airflow/dags/re_entrainment_model.py for tasks to queue
[2025-03-14T18:58:11.531+0000] {logging_mixin.py:151} INFO - [2025-03-14T18:58:11.530+0000] {dagbag.py:539} INFO - Filling up the DagBag from /opt/airflow/dags/re_entrainment_model.py
[2025-03-14T18:58:14.743+0000] {processor.py:839} INFO - DAG(s) dict_keys(['yfinance_lstm_training_dag']) retrieved from /opt/airflow/dags/re_entrainment_model.py
[2025-03-14T18:58:14.770+0000] {logging_mixin.py:151} INFO - [2025-03-14T18:58:14.769+0000] {dag.py:2915} INFO - Sync 1 DAGs
[2025-03-14T18:58:14.795+0000] {logging_mixin.py:151} INFO - [2025-03-14T18:58:14.794+0000] {dag.py:3696} INFO - Setting next_dagrun for yfinance_lstm_training_dag to 2025-03-09T00:00:00+00:00, run_after=2025-03-16T00:00:00+00:00
[2025-03-14T18:58:14.820+0000] {processor.py:179} INFO - Processing /opt/airflow/dags/re_entrainment_model.py took 3.296 seconds
[2025-03-14T18:58:45.092+0000] {processor.py:157} INFO - Started process (PID=4807) to work on /opt/airflow/dags/re_entrainment_model.py
[2025-03-14T18:58:45.094+0000] {processor.py:829} INFO - Processing file /opt/airflow/dags/re_entrainment_model.py for tasks to queue
[2025-03-14T18:58:45.095+0000] {logging_mixin.py:151} INFO - [2025-03-14T18:58:45.095+0000] {dagbag.py:539} INFO - Filling up the DagBag from /opt/airflow/dags/re_entrainment_model.py
[2025-03-14T18:58:48.064+0000] {processor.py:839} INFO - DAG(s) dict_keys(['yfinance_lstm_training_dag']) retrieved from /opt/airflow/dags/re_entrainment_model.py
[2025-03-14T18:58:48.086+0000] {logging_mixin.py:151} INFO - [2025-03-14T18:58:48.085+0000] {dag.py:2915} INFO - Sync 1 DAGs
[2025-03-14T18:58:48.106+0000] {logging_mixin.py:151} INFO - [2025-03-14T18:58:48.106+0000] {dag.py:3696} INFO - Setting next_dagrun for yfinance_lstm_training_dag to 2025-03-09T00:00:00+00:00, run_after=2025-03-16T00:00:00+00:00
[2025-03-14T18:58:48.130+0000] {processor.py:179} INFO - Processing /opt/airflow/dags/re_entrainment_model.py took 3.042 seconds
[2025-03-14T18:59:18.543+0000] {processor.py:157} INFO - Started process (PID=4832) to work on /opt/airflow/dags/re_entrainment_model.py
[2025-03-14T18:59:18.544+0000] {processor.py:829} INFO - Processing file /opt/airflow/dags/re_entrainment_model.py for tasks to queue
[2025-03-14T18:59:18.546+0000] {logging_mixin.py:151} INFO - [2025-03-14T18:59:18.545+0000] {dagbag.py:539} INFO - Filling up the DagBag from /opt/airflow/dags/re_entrainment_model.py
[2025-03-14T18:59:21.415+0000] {processor.py:839} INFO - DAG(s) dict_keys(['yfinance_lstm_training_dag']) retrieved from /opt/airflow/dags/re_entrainment_model.py
[2025-03-14T18:59:21.442+0000] {logging_mixin.py:151} INFO - [2025-03-14T18:59:21.441+0000] {dag.py:2915} INFO - Sync 1 DAGs
[2025-03-14T18:59:21.461+0000] {logging_mixin.py:151} INFO - [2025-03-14T18:59:21.461+0000] {dag.py:3696} INFO - Setting next_dagrun for yfinance_lstm_training_dag to 2025-03-09T00:00:00+00:00, run_after=2025-03-16T00:00:00+00:00
[2025-03-14T18:59:21.482+0000] {processor.py:179} INFO - Processing /opt/airflow/dags/re_entrainment_model.py took 2.943 seconds
[2025-03-14T18:59:52.060+0000] {processor.py:157} INFO - Started process (PID=4857) to work on /opt/airflow/dags/re_entrainment_model.py
[2025-03-14T18:59:52.063+0000] {processor.py:829} INFO - Processing file /opt/airflow/dags/re_entrainment_model.py for tasks to queue
[2025-03-14T18:59:52.066+0000] {logging_mixin.py:151} INFO - [2025-03-14T18:59:52.066+0000] {dagbag.py:539} INFO - Filling up the DagBag from /opt/airflow/dags/re_entrainment_model.py
[2025-03-14T18:59:55.568+0000] {processor.py:839} INFO - DAG(s) dict_keys(['yfinance_lstm_training_dag']) retrieved from /opt/airflow/dags/re_entrainment_model.py
[2025-03-14T18:59:55.589+0000] {logging_mixin.py:151} INFO - [2025-03-14T18:59:55.588+0000] {dag.py:2915} INFO - Sync 1 DAGs
[2025-03-14T18:59:55.608+0000] {logging_mixin.py:151} INFO - [2025-03-14T18:59:55.607+0000] {dag.py:3696} INFO - Setting next_dagrun for yfinance_lstm_training_dag to 2025-03-09T00:00:00+00:00, run_after=2025-03-16T00:00:00+00:00
[2025-03-14T18:59:55.627+0000] {processor.py:179} INFO - Processing /opt/airflow/dags/re_entrainment_model.py took 3.574 seconds
[2025-03-14T19:00:26.037+0000] {processor.py:157} INFO - Started process (PID=4882) to work on /opt/airflow/dags/re_entrainment_model.py
[2025-03-14T19:00:26.038+0000] {processor.py:829} INFO - Processing file /opt/airflow/dags/re_entrainment_model.py for tasks to queue
[2025-03-14T19:00:26.040+0000] {logging_mixin.py:151} INFO - [2025-03-14T19:00:26.039+0000] {dagbag.py:539} INFO - Filling up the DagBag from /opt/airflow/dags/re_entrainment_model.py
[2025-03-14T19:00:28.973+0000] {processor.py:839} INFO - DAG(s) dict_keys(['yfinance_lstm_training_dag']) retrieved from /opt/airflow/dags/re_entrainment_model.py
[2025-03-14T19:00:28.997+0000] {logging_mixin.py:151} INFO - [2025-03-14T19:00:28.993+0000] {dag.py:2915} INFO - Sync 1 DAGs
[2025-03-14T19:00:29.020+0000] {logging_mixin.py:151} INFO - [2025-03-14T19:00:29.020+0000] {dag.py:3696} INFO - Setting next_dagrun for yfinance_lstm_training_dag to 2025-03-09T00:00:00+00:00, run_after=2025-03-16T00:00:00+00:00
[2025-03-14T19:00:29.043+0000] {processor.py:179} INFO - Processing /opt/airflow/dags/re_entrainment_model.py took 3.009 seconds
[2025-03-14T19:00:59.132+0000] {processor.py:157} INFO - Started process (PID=4907) to work on /opt/airflow/dags/re_entrainment_model.py
[2025-03-14T19:00:59.133+0000] {processor.py:829} INFO - Processing file /opt/airflow/dags/re_entrainment_model.py for tasks to queue
[2025-03-14T19:00:59.135+0000] {logging_mixin.py:151} INFO - [2025-03-14T19:00:59.134+0000] {dagbag.py:539} INFO - Filling up the DagBag from /opt/airflow/dags/re_entrainment_model.py
[2025-03-14T19:01:02.512+0000] {processor.py:839} INFO - DAG(s) dict_keys(['yfinance_lstm_training_dag']) retrieved from /opt/airflow/dags/re_entrainment_model.py
[2025-03-14T19:01:02.531+0000] {logging_mixin.py:151} INFO - [2025-03-14T19:01:02.531+0000] {dag.py:2915} INFO - Sync 1 DAGs
[2025-03-14T19:01:02.551+0000] {logging_mixin.py:151} INFO - [2025-03-14T19:01:02.551+0000] {dag.py:3696} INFO - Setting next_dagrun for yfinance_lstm_training_dag to 2025-03-09T00:00:00+00:00, run_after=2025-03-16T00:00:00+00:00
[2025-03-14T19:01:02.584+0000] {processor.py:179} INFO - Processing /opt/airflow/dags/re_entrainment_model.py took 3.455 seconds
[2025-03-14T19:01:33.542+0000] {processor.py:157} INFO - Started process (PID=4938) to work on /opt/airflow/dags/re_entrainment_model.py
[2025-03-14T19:01:33.544+0000] {processor.py:829} INFO - Processing file /opt/airflow/dags/re_entrainment_model.py for tasks to queue
[2025-03-14T19:01:33.545+0000] {logging_mixin.py:151} INFO - [2025-03-14T19:01:33.544+0000] {dagbag.py:539} INFO - Filling up the DagBag from /opt/airflow/dags/re_entrainment_model.py
[2025-03-14T19:01:36.602+0000] {processor.py:839} INFO - DAG(s) dict_keys(['yfinance_lstm_training_dag']) retrieved from /opt/airflow/dags/re_entrainment_model.py
[2025-03-14T19:01:36.623+0000] {logging_mixin.py:151} INFO - [2025-03-14T19:01:36.623+0000] {dag.py:2915} INFO - Sync 1 DAGs
[2025-03-14T19:01:36.643+0000] {logging_mixin.py:151} INFO - [2025-03-14T19:01:36.643+0000] {dag.py:3696} INFO - Setting next_dagrun for yfinance_lstm_training_dag to 2025-03-09T00:00:00+00:00, run_after=2025-03-16T00:00:00+00:00
[2025-03-14T19:01:36.665+0000] {processor.py:179} INFO - Processing /opt/airflow/dags/re_entrainment_model.py took 3.126 seconds
[2025-03-14T19:02:06.796+0000] {processor.py:157} INFO - Started process (PID=4963) to work on /opt/airflow/dags/re_entrainment_model.py
[2025-03-14T19:02:06.797+0000] {processor.py:829} INFO - Processing file /opt/airflow/dags/re_entrainment_model.py for tasks to queue
[2025-03-14T19:02:06.799+0000] {logging_mixin.py:151} INFO - [2025-03-14T19:02:06.798+0000] {dagbag.py:539} INFO - Filling up the DagBag from /opt/airflow/dags/re_entrainment_model.py
[2025-03-14T19:02:10.029+0000] {processor.py:839} INFO - DAG(s) dict_keys(['yfinance_lstm_training_dag']) retrieved from /opt/airflow/dags/re_entrainment_model.py
[2025-03-14T19:02:10.048+0000] {logging_mixin.py:151} INFO - [2025-03-14T19:02:10.047+0000] {dag.py:2915} INFO - Sync 1 DAGs
[2025-03-14T19:02:10.069+0000] {logging_mixin.py:151} INFO - [2025-03-14T19:02:10.069+0000] {dag.py:3696} INFO - Setting next_dagrun for yfinance_lstm_training_dag to 2025-03-09T00:00:00+00:00, run_after=2025-03-16T00:00:00+00:00
[2025-03-14T19:02:10.086+0000] {processor.py:179} INFO - Processing /opt/airflow/dags/re_entrainment_model.py took 3.293 seconds
[2025-03-14T19:02:40.498+0000] {processor.py:157} INFO - Started process (PID=4992) to work on /opt/airflow/dags/re_entrainment_model.py
[2025-03-14T19:02:40.499+0000] {processor.py:829} INFO - Processing file /opt/airflow/dags/re_entrainment_model.py for tasks to queue
[2025-03-14T19:02:40.500+0000] {logging_mixin.py:151} INFO - [2025-03-14T19:02:40.500+0000] {dagbag.py:539} INFO - Filling up the DagBag from /opt/airflow/dags/re_entrainment_model.py
[2025-03-14T19:02:43.679+0000] {processor.py:839} INFO - DAG(s) dict_keys(['yfinance_lstm_training_dag']) retrieved from /opt/airflow/dags/re_entrainment_model.py
[2025-03-14T19:02:43.699+0000] {logging_mixin.py:151} INFO - [2025-03-14T19:02:43.698+0000] {dag.py:2915} INFO - Sync 1 DAGs
[2025-03-14T19:02:43.718+0000] {logging_mixin.py:151} INFO - [2025-03-14T19:02:43.718+0000] {dag.py:3696} INFO - Setting next_dagrun for yfinance_lstm_training_dag to 2025-03-09T00:00:00+00:00, run_after=2025-03-16T00:00:00+00:00
[2025-03-14T19:02:43.739+0000] {processor.py:179} INFO - Processing /opt/airflow/dags/re_entrainment_model.py took 3.244 seconds
[2025-03-14T19:03:14.151+0000] {processor.py:157} INFO - Started process (PID=5019) to work on /opt/airflow/dags/re_entrainment_model.py
[2025-03-14T19:03:14.152+0000] {processor.py:829} INFO - Processing file /opt/airflow/dags/re_entrainment_model.py for tasks to queue
[2025-03-14T19:03:14.154+0000] {logging_mixin.py:151} INFO - [2025-03-14T19:03:14.153+0000] {dagbag.py:539} INFO - Filling up the DagBag from /opt/airflow/dags/re_entrainment_model.py
[2025-03-14T19:03:17.592+0000] {processor.py:839} INFO - DAG(s) dict_keys(['yfinance_lstm_training_dag']) retrieved from /opt/airflow/dags/re_entrainment_model.py
[2025-03-14T19:03:17.621+0000] {logging_mixin.py:151} INFO - [2025-03-14T19:03:17.618+0000] {dag.py:2915} INFO - Sync 1 DAGs
[2025-03-14T19:03:17.641+0000] {logging_mixin.py:151} INFO - [2025-03-14T19:03:17.641+0000] {dag.py:3696} INFO - Setting next_dagrun for yfinance_lstm_training_dag to 2025-03-09T00:00:00+00:00, run_after=2025-03-16T00:00:00+00:00
[2025-03-14T19:03:17.661+0000] {processor.py:179} INFO - Processing /opt/airflow/dags/re_entrainment_model.py took 3.515 seconds
[2025-03-14T19:03:47.802+0000] {processor.py:157} INFO - Started process (PID=5044) to work on /opt/airflow/dags/re_entrainment_model.py
[2025-03-14T19:03:47.803+0000] {processor.py:829} INFO - Processing file /opt/airflow/dags/re_entrainment_model.py for tasks to queue
[2025-03-14T19:03:47.805+0000] {logging_mixin.py:151} INFO - [2025-03-14T19:03:47.804+0000] {dagbag.py:539} INFO - Filling up the DagBag from /opt/airflow/dags/re_entrainment_model.py
[2025-03-14T19:03:51.014+0000] {processor.py:839} INFO - DAG(s) dict_keys(['yfinance_lstm_training_dag']) retrieved from /opt/airflow/dags/re_entrainment_model.py
[2025-03-14T19:03:51.037+0000] {logging_mixin.py:151} INFO - [2025-03-14T19:03:51.035+0000] {dag.py:2915} INFO - Sync 1 DAGs
[2025-03-14T19:03:51.066+0000] {logging_mixin.py:151} INFO - [2025-03-14T19:03:51.066+0000] {dag.py:3696} INFO - Setting next_dagrun for yfinance_lstm_training_dag to 2025-03-09T00:00:00+00:00, run_after=2025-03-16T00:00:00+00:00
[2025-03-14T19:03:51.100+0000] {processor.py:179} INFO - Processing /opt/airflow/dags/re_entrainment_model.py took 3.302 seconds
[2025-03-14T19:04:21.526+0000] {processor.py:157} INFO - Started process (PID=5069) to work on /opt/airflow/dags/re_entrainment_model.py
[2025-03-14T19:04:21.528+0000] {processor.py:829} INFO - Processing file /opt/airflow/dags/re_entrainment_model.py for tasks to queue
[2025-03-14T19:04:21.529+0000] {logging_mixin.py:151} INFO - [2025-03-14T19:04:21.529+0000] {dagbag.py:539} INFO - Filling up the DagBag from /opt/airflow/dags/re_entrainment_model.py
[2025-03-14T19:04:25.146+0000] {processor.py:839} INFO - DAG(s) dict_keys(['yfinance_lstm_training_dag']) retrieved from /opt/airflow/dags/re_entrainment_model.py
[2025-03-14T19:04:25.173+0000] {logging_mixin.py:151} INFO - [2025-03-14T19:04:25.172+0000] {dag.py:2915} INFO - Sync 1 DAGs
[2025-03-14T19:04:25.197+0000] {logging_mixin.py:151} INFO - [2025-03-14T19:04:25.197+0000] {dag.py:3696} INFO - Setting next_dagrun for yfinance_lstm_training_dag to 2025-03-09T00:00:00+00:00, run_after=2025-03-16T00:00:00+00:00
[2025-03-14T19:04:25.226+0000] {processor.py:179} INFO - Processing /opt/airflow/dags/re_entrainment_model.py took 3.703 seconds
[2025-03-14T19:04:55.554+0000] {processor.py:157} INFO - Started process (PID=5094) to work on /opt/airflow/dags/re_entrainment_model.py
[2025-03-14T19:04:55.555+0000] {processor.py:829} INFO - Processing file /opt/airflow/dags/re_entrainment_model.py for tasks to queue
[2025-03-14T19:04:55.557+0000] {logging_mixin.py:151} INFO - [2025-03-14T19:04:55.557+0000] {dagbag.py:539} INFO - Filling up the DagBag from /opt/airflow/dags/re_entrainment_model.py
[2025-03-14T19:04:58.961+0000] {processor.py:839} INFO - DAG(s) dict_keys(['yfinance_lstm_training_dag']) retrieved from /opt/airflow/dags/re_entrainment_model.py
[2025-03-14T19:04:58.992+0000] {logging_mixin.py:151} INFO - [2025-03-14T19:04:58.991+0000] {dag.py:2915} INFO - Sync 1 DAGs
[2025-03-14T19:04:59.014+0000] {logging_mixin.py:151} INFO - [2025-03-14T19:04:59.014+0000] {dag.py:3696} INFO - Setting next_dagrun for yfinance_lstm_training_dag to 2025-03-09T00:00:00+00:00, run_after=2025-03-16T00:00:00+00:00
[2025-03-14T19:04:59.045+0000] {processor.py:179} INFO - Processing /opt/airflow/dags/re_entrainment_model.py took 3.495 seconds
[2025-03-14T19:05:29.524+0000] {processor.py:157} INFO - Started process (PID=5119) to work on /opt/airflow/dags/re_entrainment_model.py
[2025-03-14T19:05:29.525+0000] {processor.py:829} INFO - Processing file /opt/airflow/dags/re_entrainment_model.py for tasks to queue
[2025-03-14T19:05:29.527+0000] {logging_mixin.py:151} INFO - [2025-03-14T19:05:29.526+0000] {dagbag.py:539} INFO - Filling up the DagBag from /opt/airflow/dags/re_entrainment_model.py
[2025-03-14T19:05:32.757+0000] {processor.py:839} INFO - DAG(s) dict_keys(['yfinance_lstm_training_dag']) retrieved from /opt/airflow/dags/re_entrainment_model.py
[2025-03-14T19:05:32.779+0000] {logging_mixin.py:151} INFO - [2025-03-14T19:05:32.778+0000] {dag.py:2915} INFO - Sync 1 DAGs
[2025-03-14T19:05:32.814+0000] {logging_mixin.py:151} INFO - [2025-03-14T19:05:32.814+0000] {dag.py:3696} INFO - Setting next_dagrun for yfinance_lstm_training_dag to 2025-03-09T00:00:00+00:00, run_after=2025-03-16T00:00:00+00:00
[2025-03-14T19:05:32.842+0000] {processor.py:179} INFO - Processing /opt/airflow/dags/re_entrainment_model.py took 3.321 seconds
[2025-03-14T19:06:03.174+0000] {processor.py:157} INFO - Started process (PID=5144) to work on /opt/airflow/dags/re_entrainment_model.py
[2025-03-14T19:06:03.176+0000] {processor.py:829} INFO - Processing file /opt/airflow/dags/re_entrainment_model.py for tasks to queue
[2025-03-14T19:06:03.177+0000] {logging_mixin.py:151} INFO - [2025-03-14T19:06:03.177+0000] {dagbag.py:539} INFO - Filling up the DagBag from /opt/airflow/dags/re_entrainment_model.py
[2025-03-14T19:06:06.728+0000] {processor.py:839} INFO - DAG(s) dict_keys(['yfinance_lstm_training_dag']) retrieved from /opt/airflow/dags/re_entrainment_model.py
[2025-03-14T19:06:06.748+0000] {logging_mixin.py:151} INFO - [2025-03-14T19:06:06.748+0000] {dag.py:2915} INFO - Sync 1 DAGs
[2025-03-14T19:06:06.768+0000] {logging_mixin.py:151} INFO - [2025-03-14T19:06:06.767+0000] {dag.py:3696} INFO - Setting next_dagrun for yfinance_lstm_training_dag to 2025-03-09T00:00:00+00:00, run_after=2025-03-16T00:00:00+00:00
[2025-03-14T19:06:06.788+0000] {processor.py:179} INFO - Processing /opt/airflow/dags/re_entrainment_model.py took 3.617 seconds
[2025-03-14T19:06:37.166+0000] {processor.py:157} INFO - Started process (PID=5169) to work on /opt/airflow/dags/re_entrainment_model.py
[2025-03-14T19:06:37.168+0000] {processor.py:829} INFO - Processing file /opt/airflow/dags/re_entrainment_model.py for tasks to queue
[2025-03-14T19:06:37.170+0000] {logging_mixin.py:151} INFO - [2025-03-14T19:06:37.169+0000] {dagbag.py:539} INFO - Filling up the DagBag from /opt/airflow/dags/re_entrainment_model.py
[2025-03-14T19:06:40.204+0000] {processor.py:839} INFO - DAG(s) dict_keys(['yfinance_lstm_training_dag']) retrieved from /opt/airflow/dags/re_entrainment_model.py
[2025-03-14T19:06:40.230+0000] {logging_mixin.py:151} INFO - [2025-03-14T19:06:40.229+0000] {dag.py:2915} INFO - Sync 1 DAGs
[2025-03-14T19:06:40.259+0000] {logging_mixin.py:151} INFO - [2025-03-14T19:06:40.259+0000] {dag.py:3696} INFO - Setting next_dagrun for yfinance_lstm_training_dag to 2025-03-09T00:00:00+00:00, run_after=2025-03-16T00:00:00+00:00
[2025-03-14T19:06:40.287+0000] {processor.py:179} INFO - Processing /opt/airflow/dags/re_entrainment_model.py took 3.123 seconds
[2025-03-14T19:07:10.736+0000] {processor.py:157} INFO - Started process (PID=5194) to work on /opt/airflow/dags/re_entrainment_model.py
[2025-03-14T19:07:10.738+0000] {processor.py:829} INFO - Processing file /opt/airflow/dags/re_entrainment_model.py for tasks to queue
[2025-03-14T19:07:10.739+0000] {logging_mixin.py:151} INFO - [2025-03-14T19:07:10.739+0000] {dagbag.py:539} INFO - Filling up the DagBag from /opt/airflow/dags/re_entrainment_model.py
[2025-03-14T19:07:14.521+0000] {processor.py:839} INFO - DAG(s) dict_keys(['yfinance_lstm_training_dag']) retrieved from /opt/airflow/dags/re_entrainment_model.py
[2025-03-14T19:07:14.546+0000] {logging_mixin.py:151} INFO - [2025-03-14T19:07:14.545+0000] {dag.py:2915} INFO - Sync 1 DAGs
[2025-03-14T19:07:14.569+0000] {logging_mixin.py:151} INFO - [2025-03-14T19:07:14.568+0000] {dag.py:3696} INFO - Setting next_dagrun for yfinance_lstm_training_dag to 2025-03-09T00:00:00+00:00, run_after=2025-03-16T00:00:00+00:00
[2025-03-14T19:07:14.593+0000] {processor.py:179} INFO - Processing /opt/airflow/dags/re_entrainment_model.py took 3.860 seconds
[2025-03-14T19:07:45.029+0000] {processor.py:157} INFO - Started process (PID=5225) to work on /opt/airflow/dags/re_entrainment_model.py
[2025-03-14T19:07:45.031+0000] {processor.py:829} INFO - Processing file /opt/airflow/dags/re_entrainment_model.py for tasks to queue
[2025-03-14T19:07:45.033+0000] {logging_mixin.py:151} INFO - [2025-03-14T19:07:45.032+0000] {dagbag.py:539} INFO - Filling up the DagBag from /opt/airflow/dags/re_entrainment_model.py
[2025-03-14T19:07:48.183+0000] {processor.py:839} INFO - DAG(s) dict_keys(['yfinance_lstm_training_dag']) retrieved from /opt/airflow/dags/re_entrainment_model.py
[2025-03-14T19:07:48.205+0000] {logging_mixin.py:151} INFO - [2025-03-14T19:07:48.203+0000] {dag.py:2915} INFO - Sync 1 DAGs
[2025-03-14T19:07:48.224+0000] {logging_mixin.py:151} INFO - [2025-03-14T19:07:48.224+0000] {dag.py:3696} INFO - Setting next_dagrun for yfinance_lstm_training_dag to 2025-03-09T00:00:00+00:00, run_after=2025-03-16T00:00:00+00:00
[2025-03-14T19:07:48.244+0000] {processor.py:179} INFO - Processing /opt/airflow/dags/re_entrainment_model.py took 3.221 seconds
[2025-03-14T19:08:18.445+0000] {processor.py:157} INFO - Started process (PID=5250) to work on /opt/airflow/dags/re_entrainment_model.py
[2025-03-14T19:08:18.447+0000] {processor.py:829} INFO - Processing file /opt/airflow/dags/re_entrainment_model.py for tasks to queue
[2025-03-14T19:08:18.448+0000] {logging_mixin.py:151} INFO - [2025-03-14T19:08:18.448+0000] {dagbag.py:539} INFO - Filling up the DagBag from /opt/airflow/dags/re_entrainment_model.py
[2025-03-14T19:08:21.606+0000] {processor.py:839} INFO - DAG(s) dict_keys(['yfinance_lstm_training_dag']) retrieved from /opt/airflow/dags/re_entrainment_model.py
[2025-03-14T19:08:21.626+0000] {logging_mixin.py:151} INFO - [2025-03-14T19:08:21.625+0000] {dag.py:2915} INFO - Sync 1 DAGs
[2025-03-14T19:08:21.644+0000] {logging_mixin.py:151} INFO - [2025-03-14T19:08:21.644+0000] {dag.py:3696} INFO - Setting next_dagrun for yfinance_lstm_training_dag to 2025-03-09T00:00:00+00:00, run_after=2025-03-16T00:00:00+00:00
[2025-03-14T19:08:21.664+0000] {processor.py:179} INFO - Processing /opt/airflow/dags/re_entrainment_model.py took 3.222 seconds
[2025-03-14T19:08:52.064+0000] {processor.py:157} INFO - Started process (PID=5275) to work on /opt/airflow/dags/re_entrainment_model.py
[2025-03-14T19:08:52.066+0000] {processor.py:829} INFO - Processing file /opt/airflow/dags/re_entrainment_model.py for tasks to queue
[2025-03-14T19:08:52.067+0000] {logging_mixin.py:151} INFO - [2025-03-14T19:08:52.067+0000] {dagbag.py:539} INFO - Filling up the DagBag from /opt/airflow/dags/re_entrainment_model.py
[2025-03-14T19:08:55.771+0000] {processor.py:839} INFO - DAG(s) dict_keys(['yfinance_lstm_training_dag']) retrieved from /opt/airflow/dags/re_entrainment_model.py
[2025-03-14T19:08:55.796+0000] {logging_mixin.py:151} INFO - [2025-03-14T19:08:55.795+0000] {dag.py:2915} INFO - Sync 1 DAGs
[2025-03-14T19:08:55.825+0000] {logging_mixin.py:151} INFO - [2025-03-14T19:08:55.825+0000] {dag.py:3696} INFO - Setting next_dagrun for yfinance_lstm_training_dag to 2025-03-09T00:00:00+00:00, run_after=2025-03-16T00:00:00+00:00
[2025-03-14T19:08:55.852+0000] {processor.py:179} INFO - Processing /opt/airflow/dags/re_entrainment_model.py took 3.791 seconds
[2025-03-14T19:09:26.496+0000] {processor.py:157} INFO - Started process (PID=5300) to work on /opt/airflow/dags/re_entrainment_model.py
[2025-03-14T19:09:26.498+0000] {processor.py:829} INFO - Processing file /opt/airflow/dags/re_entrainment_model.py for tasks to queue
[2025-03-14T19:09:26.501+0000] {logging_mixin.py:151} INFO - [2025-03-14T19:09:26.499+0000] {dagbag.py:539} INFO - Filling up the DagBag from /opt/airflow/dags/re_entrainment_model.py
[2025-03-14T19:09:29.582+0000] {processor.py:839} INFO - DAG(s) dict_keys(['yfinance_lstm_training_dag']) retrieved from /opt/airflow/dags/re_entrainment_model.py
[2025-03-14T19:09:29.603+0000] {logging_mixin.py:151} INFO - [2025-03-14T19:09:29.602+0000] {dag.py:2915} INFO - Sync 1 DAGs
[2025-03-14T19:09:29.624+0000] {logging_mixin.py:151} INFO - [2025-03-14T19:09:29.624+0000] {dag.py:3696} INFO - Setting next_dagrun for yfinance_lstm_training_dag to 2025-03-09T00:00:00+00:00, run_after=2025-03-16T00:00:00+00:00
[2025-03-14T19:09:29.647+0000] {processor.py:179} INFO - Processing /opt/airflow/dags/re_entrainment_model.py took 3.156 seconds
[2025-03-14T19:10:00.111+0000] {processor.py:157} INFO - Started process (PID=5331) to work on /opt/airflow/dags/re_entrainment_model.py
[2025-03-14T19:10:00.113+0000] {processor.py:829} INFO - Processing file /opt/airflow/dags/re_entrainment_model.py for tasks to queue
[2025-03-14T19:10:00.115+0000] {logging_mixin.py:151} INFO - [2025-03-14T19:10:00.114+0000] {dagbag.py:539} INFO - Filling up the DagBag from /opt/airflow/dags/re_entrainment_model.py
[2025-03-14T19:10:03.344+0000] {processor.py:839} INFO - DAG(s) dict_keys(['yfinance_lstm_training_dag']) retrieved from /opt/airflow/dags/re_entrainment_model.py
[2025-03-14T19:10:03.367+0000] {logging_mixin.py:151} INFO - [2025-03-14T19:10:03.366+0000] {dag.py:2915} INFO - Sync 1 DAGs
[2025-03-14T19:10:03.386+0000] {logging_mixin.py:151} INFO - [2025-03-14T19:10:03.386+0000] {dag.py:3696} INFO - Setting next_dagrun for yfinance_lstm_training_dag to 2025-03-09T00:00:00+00:00, run_after=2025-03-16T00:00:00+00:00
[2025-03-14T19:10:03.408+0000] {processor.py:179} INFO - Processing /opt/airflow/dags/re_entrainment_model.py took 3.301 seconds
[2025-03-14T19:10:33.772+0000] {processor.py:157} INFO - Started process (PID=5356) to work on /opt/airflow/dags/re_entrainment_model.py
[2025-03-14T19:10:33.774+0000] {processor.py:829} INFO - Processing file /opt/airflow/dags/re_entrainment_model.py for tasks to queue
[2025-03-14T19:10:33.776+0000] {logging_mixin.py:151} INFO - [2025-03-14T19:10:33.775+0000] {dagbag.py:539} INFO - Filling up the DagBag from /opt/airflow/dags/re_entrainment_model.py
[2025-03-14T19:10:36.879+0000] {processor.py:839} INFO - DAG(s) dict_keys(['yfinance_lstm_training_dag']) retrieved from /opt/airflow/dags/re_entrainment_model.py
[2025-03-14T19:10:36.902+0000] {logging_mixin.py:151} INFO - [2025-03-14T19:10:36.901+0000] {dag.py:2915} INFO - Sync 1 DAGs
[2025-03-14T19:10:36.922+0000] {logging_mixin.py:151} INFO - [2025-03-14T19:10:36.922+0000] {dag.py:3696} INFO - Setting next_dagrun for yfinance_lstm_training_dag to 2025-03-09T00:00:00+00:00, run_after=2025-03-16T00:00:00+00:00
[2025-03-14T19:10:36.943+0000] {processor.py:179} INFO - Processing /opt/airflow/dags/re_entrainment_model.py took 3.173 seconds
[2025-03-14T19:11:07.345+0000] {processor.py:157} INFO - Started process (PID=5381) to work on /opt/airflow/dags/re_entrainment_model.py
[2025-03-14T19:11:07.347+0000] {processor.py:829} INFO - Processing file /opt/airflow/dags/re_entrainment_model.py for tasks to queue
[2025-03-14T19:11:07.348+0000] {logging_mixin.py:151} INFO - [2025-03-14T19:11:07.348+0000] {dagbag.py:539} INFO - Filling up the DagBag from /opt/airflow/dags/re_entrainment_model.py
[2025-03-14T19:11:10.204+0000] {processor.py:839} INFO - DAG(s) dict_keys(['yfinance_lstm_training_dag']) retrieved from /opt/airflow/dags/re_entrainment_model.py
[2025-03-14T19:11:10.228+0000] {logging_mixin.py:151} INFO - [2025-03-14T19:11:10.227+0000] {dag.py:2915} INFO - Sync 1 DAGs
[2025-03-14T19:11:10.254+0000] {logging_mixin.py:151} INFO - [2025-03-14T19:11:10.254+0000] {dag.py:3696} INFO - Setting next_dagrun for yfinance_lstm_training_dag to 2025-03-09T00:00:00+00:00, run_after=2025-03-16T00:00:00+00:00
[2025-03-14T19:11:10.293+0000] {processor.py:179} INFO - Processing /opt/airflow/dags/re_entrainment_model.py took 2.950 seconds
[2025-03-14T19:11:40.875+0000] {processor.py:157} INFO - Started process (PID=5406) to work on /opt/airflow/dags/re_entrainment_model.py
[2025-03-14T19:11:40.876+0000] {processor.py:829} INFO - Processing file /opt/airflow/dags/re_entrainment_model.py for tasks to queue
[2025-03-14T19:11:40.878+0000] {logging_mixin.py:151} INFO - [2025-03-14T19:11:40.878+0000] {dagbag.py:539} INFO - Filling up the DagBag from /opt/airflow/dags/re_entrainment_model.py
[2025-03-14T19:11:44.104+0000] {processor.py:839} INFO - DAG(s) dict_keys(['yfinance_lstm_training_dag']) retrieved from /opt/airflow/dags/re_entrainment_model.py
[2025-03-14T19:11:44.131+0000] {logging_mixin.py:151} INFO - [2025-03-14T19:11:44.130+0000] {dag.py:2915} INFO - Sync 1 DAGs
[2025-03-14T19:11:44.150+0000] {logging_mixin.py:151} INFO - [2025-03-14T19:11:44.150+0000] {dag.py:3696} INFO - Setting next_dagrun for yfinance_lstm_training_dag to 2025-03-09T00:00:00+00:00, run_after=2025-03-16T00:00:00+00:00
[2025-03-14T19:11:44.170+0000] {processor.py:179} INFO - Processing /opt/airflow/dags/re_entrainment_model.py took 3.298 seconds
[2025-03-14T19:12:14.536+0000] {processor.py:157} INFO - Started process (PID=5431) to work on /opt/airflow/dags/re_entrainment_model.py
[2025-03-14T19:12:14.537+0000] {processor.py:829} INFO - Processing file /opt/airflow/dags/re_entrainment_model.py for tasks to queue
[2025-03-14T19:12:14.539+0000] {logging_mixin.py:151} INFO - [2025-03-14T19:12:14.539+0000] {dagbag.py:539} INFO - Filling up the DagBag from /opt/airflow/dags/re_entrainment_model.py
[2025-03-14T19:12:17.510+0000] {processor.py:839} INFO - DAG(s) dict_keys(['yfinance_lstm_training_dag']) retrieved from /opt/airflow/dags/re_entrainment_model.py
[2025-03-14T19:12:17.533+0000] {logging_mixin.py:151} INFO - [2025-03-14T19:12:17.531+0000] {dag.py:2915} INFO - Sync 1 DAGs
[2025-03-14T19:12:17.555+0000] {logging_mixin.py:151} INFO - [2025-03-14T19:12:17.555+0000] {dag.py:3696} INFO - Setting next_dagrun for yfinance_lstm_training_dag to 2025-03-09T00:00:00+00:00, run_after=2025-03-16T00:00:00+00:00
[2025-03-14T19:12:17.577+0000] {processor.py:179} INFO - Processing /opt/airflow/dags/re_entrainment_model.py took 3.045 seconds
[2025-03-14T19:12:48.004+0000] {processor.py:157} INFO - Started process (PID=5456) to work on /opt/airflow/dags/re_entrainment_model.py
[2025-03-14T19:12:48.006+0000] {processor.py:829} INFO - Processing file /opt/airflow/dags/re_entrainment_model.py for tasks to queue
[2025-03-14T19:12:48.008+0000] {logging_mixin.py:151} INFO - [2025-03-14T19:12:48.008+0000] {dagbag.py:539} INFO - Filling up the DagBag from /opt/airflow/dags/re_entrainment_model.py
[2025-03-14T19:12:51.883+0000] {processor.py:839} INFO - DAG(s) dict_keys(['yfinance_lstm_training_dag']) retrieved from /opt/airflow/dags/re_entrainment_model.py
[2025-03-14T19:12:51.907+0000] {logging_mixin.py:151} INFO - [2025-03-14T19:12:51.907+0000] {dag.py:2915} INFO - Sync 1 DAGs
[2025-03-14T19:12:51.937+0000] {logging_mixin.py:151} INFO - [2025-03-14T19:12:51.937+0000] {dag.py:3696} INFO - Setting next_dagrun for yfinance_lstm_training_dag to 2025-03-09T00:00:00+00:00, run_after=2025-03-16T00:00:00+00:00
[2025-03-14T19:12:51.976+0000] {processor.py:179} INFO - Processing /opt/airflow/dags/re_entrainment_model.py took 3.977 seconds
[2025-03-14T19:13:22.610+0000] {processor.py:157} INFO - Started process (PID=5481) to work on /opt/airflow/dags/re_entrainment_model.py
[2025-03-14T19:13:22.612+0000] {processor.py:829} INFO - Processing file /opt/airflow/dags/re_entrainment_model.py for tasks to queue
[2025-03-14T19:13:22.614+0000] {logging_mixin.py:151} INFO - [2025-03-14T19:13:22.613+0000] {dagbag.py:539} INFO - Filling up the DagBag from /opt/airflow/dags/re_entrainment_model.py
[2025-03-14T19:13:26.663+0000] {processor.py:839} INFO - DAG(s) dict_keys(['yfinance_lstm_training_dag']) retrieved from /opt/airflow/dags/re_entrainment_model.py
[2025-03-14T19:13:26.691+0000] {logging_mixin.py:151} INFO - [2025-03-14T19:13:26.690+0000] {dag.py:2915} INFO - Sync 1 DAGs
[2025-03-14T19:13:26.717+0000] {logging_mixin.py:151} INFO - [2025-03-14T19:13:26.716+0000] {dag.py:3696} INFO - Setting next_dagrun for yfinance_lstm_training_dag to 2025-03-09T00:00:00+00:00, run_after=2025-03-16T00:00:00+00:00
[2025-03-14T19:13:26.749+0000] {processor.py:179} INFO - Processing /opt/airflow/dags/re_entrainment_model.py took 4.143 seconds
[2025-03-14T19:13:57.171+0000] {processor.py:157} INFO - Started process (PID=5512) to work on /opt/airflow/dags/re_entrainment_model.py
[2025-03-14T19:13:57.172+0000] {processor.py:829} INFO - Processing file /opt/airflow/dags/re_entrainment_model.py for tasks to queue
[2025-03-14T19:13:57.174+0000] {logging_mixin.py:151} INFO - [2025-03-14T19:13:57.174+0000] {dagbag.py:539} INFO - Filling up the DagBag from /opt/airflow/dags/re_entrainment_model.py
[2025-03-14T19:14:01.005+0000] {processor.py:839} INFO - DAG(s) dict_keys(['yfinance_lstm_training_dag']) retrieved from /opt/airflow/dags/re_entrainment_model.py
[2025-03-14T19:14:01.039+0000] {logging_mixin.py:151} INFO - [2025-03-14T19:14:01.038+0000] {dag.py:2915} INFO - Sync 1 DAGs
[2025-03-14T19:14:01.077+0000] {logging_mixin.py:151} INFO - [2025-03-14T19:14:01.077+0000] {dag.py:3696} INFO - Setting next_dagrun for yfinance_lstm_training_dag to 2025-03-09T00:00:00+00:00, run_after=2025-03-16T00:00:00+00:00
[2025-03-14T19:14:01.114+0000] {processor.py:179} INFO - Processing /opt/airflow/dags/re_entrainment_model.py took 3.948 seconds
[2025-03-14T19:14:31.563+0000] {processor.py:157} INFO - Started process (PID=5537) to work on /opt/airflow/dags/re_entrainment_model.py
[2025-03-14T19:14:31.565+0000] {processor.py:829} INFO - Processing file /opt/airflow/dags/re_entrainment_model.py for tasks to queue
[2025-03-14T19:14:31.567+0000] {logging_mixin.py:151} INFO - [2025-03-14T19:14:31.566+0000] {dagbag.py:539} INFO - Filling up the DagBag from /opt/airflow/dags/re_entrainment_model.py
[2025-03-14T19:14:35.475+0000] {processor.py:839} INFO - DAG(s) dict_keys(['yfinance_lstm_training_dag']) retrieved from /opt/airflow/dags/re_entrainment_model.py
[2025-03-14T19:14:35.510+0000] {logging_mixin.py:151} INFO - [2025-03-14T19:14:35.509+0000] {dag.py:2915} INFO - Sync 1 DAGs
[2025-03-14T19:14:35.542+0000] {logging_mixin.py:151} INFO - [2025-03-14T19:14:35.541+0000] {dag.py:3696} INFO - Setting next_dagrun for yfinance_lstm_training_dag to 2025-03-09T00:00:00+00:00, run_after=2025-03-16T00:00:00+00:00
[2025-03-14T19:14:35.570+0000] {processor.py:179} INFO - Processing /opt/airflow/dags/re_entrainment_model.py took 4.013 seconds
[2025-03-14T19:15:05.857+0000] {processor.py:157} INFO - Started process (PID=5562) to work on /opt/airflow/dags/re_entrainment_model.py
[2025-03-14T19:15:05.859+0000] {processor.py:829} INFO - Processing file /opt/airflow/dags/re_entrainment_model.py for tasks to queue
[2025-03-14T19:15:05.861+0000] {logging_mixin.py:151} INFO - [2025-03-14T19:15:05.860+0000] {dagbag.py:539} INFO - Filling up the DagBag from /opt/airflow/dags/re_entrainment_model.py
[2025-03-14T19:15:09.422+0000] {processor.py:839} INFO - DAG(s) dict_keys(['yfinance_lstm_training_dag']) retrieved from /opt/airflow/dags/re_entrainment_model.py
[2025-03-14T19:15:09.452+0000] {logging_mixin.py:151} INFO - [2025-03-14T19:15:09.451+0000] {dag.py:2915} INFO - Sync 1 DAGs
[2025-03-14T19:15:09.478+0000] {logging_mixin.py:151} INFO - [2025-03-14T19:15:09.478+0000] {dag.py:3696} INFO - Setting next_dagrun for yfinance_lstm_training_dag to 2025-03-09T00:00:00+00:00, run_after=2025-03-16T00:00:00+00:00
[2025-03-14T19:15:09.504+0000] {processor.py:179} INFO - Processing /opt/airflow/dags/re_entrainment_model.py took 3.651 seconds
[2025-03-14T19:15:39.709+0000] {processor.py:157} INFO - Started process (PID=5587) to work on /opt/airflow/dags/re_entrainment_model.py
[2025-03-14T19:15:39.711+0000] {processor.py:829} INFO - Processing file /opt/airflow/dags/re_entrainment_model.py for tasks to queue
[2025-03-14T19:15:39.714+0000] {logging_mixin.py:151} INFO - [2025-03-14T19:15:39.713+0000] {dagbag.py:539} INFO - Filling up the DagBag from /opt/airflow/dags/re_entrainment_model.py
[2025-03-14T19:15:43.716+0000] {processor.py:839} INFO - DAG(s) dict_keys(['yfinance_lstm_training_dag']) retrieved from /opt/airflow/dags/re_entrainment_model.py
[2025-03-14T19:15:43.743+0000] {logging_mixin.py:151} INFO - [2025-03-14T19:15:43.743+0000] {dag.py:2915} INFO - Sync 1 DAGs
[2025-03-14T19:15:43.771+0000] {logging_mixin.py:151} INFO - [2025-03-14T19:15:43.771+0000] {dag.py:3696} INFO - Setting next_dagrun for yfinance_lstm_training_dag to 2025-03-09T00:00:00+00:00, run_after=2025-03-16T00:00:00+00:00
[2025-03-14T19:15:43.799+0000] {processor.py:179} INFO - Processing /opt/airflow/dags/re_entrainment_model.py took 4.098 seconds
[2025-03-14T19:16:14.229+0000] {processor.py:157} INFO - Started process (PID=5612) to work on /opt/airflow/dags/re_entrainment_model.py
[2025-03-14T19:16:14.231+0000] {processor.py:829} INFO - Processing file /opt/airflow/dags/re_entrainment_model.py for tasks to queue
[2025-03-14T19:16:14.233+0000] {logging_mixin.py:151} INFO - [2025-03-14T19:16:14.232+0000] {dagbag.py:539} INFO - Filling up the DagBag from /opt/airflow/dags/re_entrainment_model.py
[2025-03-14T19:16:18.118+0000] {processor.py:839} INFO - DAG(s) dict_keys(['yfinance_lstm_training_dag']) retrieved from /opt/airflow/dags/re_entrainment_model.py
[2025-03-14T19:16:18.140+0000] {logging_mixin.py:151} INFO - [2025-03-14T19:16:18.139+0000] {dag.py:2915} INFO - Sync 1 DAGs
[2025-03-14T19:16:18.168+0000] {logging_mixin.py:151} INFO - [2025-03-14T19:16:18.168+0000] {dag.py:3696} INFO - Setting next_dagrun for yfinance_lstm_training_dag to 2025-03-09T00:00:00+00:00, run_after=2025-03-16T00:00:00+00:00
[2025-03-14T19:16:18.204+0000] {processor.py:179} INFO - Processing /opt/airflow/dags/re_entrainment_model.py took 3.982 seconds
[2025-03-14T19:16:48.920+0000] {processor.py:157} INFO - Started process (PID=5643) to work on /opt/airflow/dags/re_entrainment_model.py
[2025-03-14T19:16:48.921+0000] {processor.py:829} INFO - Processing file /opt/airflow/dags/re_entrainment_model.py for tasks to queue
[2025-03-14T19:16:48.922+0000] {logging_mixin.py:151} INFO - [2025-03-14T19:16:48.922+0000] {dagbag.py:539} INFO - Filling up the DagBag from /opt/airflow/dags/re_entrainment_model.py
[2025-03-14T19:16:52.543+0000] {processor.py:839} INFO - DAG(s) dict_keys(['yfinance_lstm_training_dag']) retrieved from /opt/airflow/dags/re_entrainment_model.py
[2025-03-14T19:16:52.571+0000] {logging_mixin.py:151} INFO - [2025-03-14T19:16:52.570+0000] {dag.py:2915} INFO - Sync 1 DAGs
[2025-03-14T19:16:52.603+0000] {logging_mixin.py:151} INFO - [2025-03-14T19:16:52.603+0000] {dag.py:3696} INFO - Setting next_dagrun for yfinance_lstm_training_dag to 2025-03-09T00:00:00+00:00, run_after=2025-03-16T00:00:00+00:00
[2025-03-14T19:16:52.641+0000] {processor.py:179} INFO - Processing /opt/airflow/dags/re_entrainment_model.py took 3.725 seconds
[2025-03-14T19:17:23.569+0000] {processor.py:157} INFO - Started process (PID=5668) to work on /opt/airflow/dags/re_entrainment_model.py
[2025-03-14T19:17:23.571+0000] {processor.py:829} INFO - Processing file /opt/airflow/dags/re_entrainment_model.py for tasks to queue
[2025-03-14T19:17:23.573+0000] {logging_mixin.py:151} INFO - [2025-03-14T19:17:23.572+0000] {dagbag.py:539} INFO - Filling up the DagBag from /opt/airflow/dags/re_entrainment_model.py
[2025-03-14T19:17:27.366+0000] {processor.py:839} INFO - DAG(s) dict_keys(['yfinance_lstm_training_dag']) retrieved from /opt/airflow/dags/re_entrainment_model.py
[2025-03-14T19:17:27.403+0000] {logging_mixin.py:151} INFO - [2025-03-14T19:17:27.401+0000] {dag.py:2915} INFO - Sync 1 DAGs
[2025-03-14T19:17:27.430+0000] {logging_mixin.py:151} INFO - [2025-03-14T19:17:27.430+0000] {dag.py:3696} INFO - Setting next_dagrun for yfinance_lstm_training_dag to 2025-03-09T00:00:00+00:00, run_after=2025-03-16T00:00:00+00:00
[2025-03-14T19:17:27.455+0000] {processor.py:179} INFO - Processing /opt/airflow/dags/re_entrainment_model.py took 3.894 seconds
[2025-03-14T19:17:58.141+0000] {processor.py:157} INFO - Started process (PID=5693) to work on /opt/airflow/dags/re_entrainment_model.py
[2025-03-14T19:17:58.142+0000] {processor.py:829} INFO - Processing file /opt/airflow/dags/re_entrainment_model.py for tasks to queue
[2025-03-14T19:17:58.143+0000] {logging_mixin.py:151} INFO - [2025-03-14T19:17:58.143+0000] {dagbag.py:539} INFO - Filling up the DagBag from /opt/airflow/dags/re_entrainment_model.py
[2025-03-14T19:18:02.079+0000] {processor.py:839} INFO - DAG(s) dict_keys(['yfinance_lstm_training_dag']) retrieved from /opt/airflow/dags/re_entrainment_model.py
[2025-03-14T19:18:02.104+0000] {logging_mixin.py:151} INFO - [2025-03-14T19:18:02.104+0000] {dag.py:2915} INFO - Sync 1 DAGs
[2025-03-14T19:18:02.153+0000] {logging_mixin.py:151} INFO - [2025-03-14T19:18:02.153+0000] {dag.py:3696} INFO - Setting next_dagrun for yfinance_lstm_training_dag to 2025-03-09T00:00:00+00:00, run_after=2025-03-16T00:00:00+00:00
[2025-03-14T19:18:02.174+0000] {processor.py:179} INFO - Processing /opt/airflow/dags/re_entrainment_model.py took 4.038 seconds
[2025-03-14T19:18:32.703+0000] {processor.py:157} INFO - Started process (PID=5718) to work on /opt/airflow/dags/re_entrainment_model.py
[2025-03-14T19:18:32.705+0000] {processor.py:829} INFO - Processing file /opt/airflow/dags/re_entrainment_model.py for tasks to queue
[2025-03-14T19:18:32.707+0000] {logging_mixin.py:151} INFO - [2025-03-14T19:18:32.706+0000] {dagbag.py:539} INFO - Filling up the DagBag from /opt/airflow/dags/re_entrainment_model.py
[2025-03-14T19:18:36.782+0000] {processor.py:839} INFO - DAG(s) dict_keys(['yfinance_lstm_training_dag']) retrieved from /opt/airflow/dags/re_entrainment_model.py
[2025-03-14T19:18:36.811+0000] {logging_mixin.py:151} INFO - [2025-03-14T19:18:36.809+0000] {dag.py:2915} INFO - Sync 1 DAGs
[2025-03-14T19:18:36.840+0000] {logging_mixin.py:151} INFO - [2025-03-14T19:18:36.839+0000] {dag.py:3696} INFO - Setting next_dagrun for yfinance_lstm_training_dag to 2025-03-09T00:00:00+00:00, run_after=2025-03-16T00:00:00+00:00
[2025-03-14T19:18:36.877+0000] {processor.py:179} INFO - Processing /opt/airflow/dags/re_entrainment_model.py took 4.178 seconds
[2025-03-14T19:19:07.364+0000] {processor.py:157} INFO - Started process (PID=5743) to work on /opt/airflow/dags/re_entrainment_model.py
[2025-03-14T19:19:07.366+0000] {processor.py:829} INFO - Processing file /opt/airflow/dags/re_entrainment_model.py for tasks to queue
[2025-03-14T19:19:07.369+0000] {logging_mixin.py:151} INFO - [2025-03-14T19:19:07.368+0000] {dagbag.py:539} INFO - Filling up the DagBag from /opt/airflow/dags/re_entrainment_model.py
[2025-03-14T19:19:10.963+0000] {processor.py:839} INFO - DAG(s) dict_keys(['yfinance_lstm_training_dag']) retrieved from /opt/airflow/dags/re_entrainment_model.py
[2025-03-14T19:19:10.996+0000] {logging_mixin.py:151} INFO - [2025-03-14T19:19:10.995+0000] {dag.py:2915} INFO - Sync 1 DAGs
[2025-03-14T19:19:11.037+0000] {logging_mixin.py:151} INFO - [2025-03-14T19:19:11.037+0000] {dag.py:3696} INFO - Setting next_dagrun for yfinance_lstm_training_dag to 2025-03-09T00:00:00+00:00, run_after=2025-03-16T00:00:00+00:00
[2025-03-14T19:19:11.071+0000] {processor.py:179} INFO - Processing /opt/airflow/dags/re_entrainment_model.py took 3.713 seconds
[2025-03-14T19:19:41.397+0000] {processor.py:157} INFO - Started process (PID=5774) to work on /opt/airflow/dags/re_entrainment_model.py
[2025-03-14T19:19:41.398+0000] {processor.py:829} INFO - Processing file /opt/airflow/dags/re_entrainment_model.py for tasks to queue
[2025-03-14T19:19:41.399+0000] {logging_mixin.py:151} INFO - [2025-03-14T19:19:41.399+0000] {dagbag.py:539} INFO - Filling up the DagBag from /opt/airflow/dags/re_entrainment_model.py
[2025-03-14T19:19:45.215+0000] {processor.py:839} INFO - DAG(s) dict_keys(['yfinance_lstm_training_dag']) retrieved from /opt/airflow/dags/re_entrainment_model.py
[2025-03-14T19:19:45.241+0000] {logging_mixin.py:151} INFO - [2025-03-14T19:19:45.240+0000] {dag.py:2915} INFO - Sync 1 DAGs
[2025-03-14T19:19:45.270+0000] {logging_mixin.py:151} INFO - [2025-03-14T19:19:45.270+0000] {dag.py:3696} INFO - Setting next_dagrun for yfinance_lstm_training_dag to 2025-03-09T00:00:00+00:00, run_after=2025-03-16T00:00:00+00:00
[2025-03-14T19:19:45.303+0000] {processor.py:179} INFO - Processing /opt/airflow/dags/re_entrainment_model.py took 3.910 seconds
[2025-03-14T19:20:15.480+0000] {processor.py:157} INFO - Started process (PID=5799) to work on /opt/airflow/dags/re_entrainment_model.py
[2025-03-14T19:20:15.483+0000] {processor.py:829} INFO - Processing file /opt/airflow/dags/re_entrainment_model.py for tasks to queue
[2025-03-14T19:20:15.486+0000] {logging_mixin.py:151} INFO - [2025-03-14T19:20:15.486+0000] {dagbag.py:539} INFO - Filling up the DagBag from /opt/airflow/dags/re_entrainment_model.py
[2025-03-14T19:20:19.646+0000] {processor.py:839} INFO - DAG(s) dict_keys(['yfinance_lstm_training_dag']) retrieved from /opt/airflow/dags/re_entrainment_model.py
[2025-03-14T19:20:19.668+0000] {logging_mixin.py:151} INFO - [2025-03-14T19:20:19.667+0000] {dag.py:2915} INFO - Sync 1 DAGs
[2025-03-14T19:20:19.696+0000] {logging_mixin.py:151} INFO - [2025-03-14T19:20:19.696+0000] {dag.py:3696} INFO - Setting next_dagrun for yfinance_lstm_training_dag to 2025-03-09T00:00:00+00:00, run_after=2025-03-16T00:00:00+00:00
[2025-03-14T19:20:19.725+0000] {processor.py:179} INFO - Processing /opt/airflow/dags/re_entrainment_model.py took 4.253 seconds
[2025-03-14T19:20:50.030+0000] {processor.py:157} INFO - Started process (PID=5824) to work on /opt/airflow/dags/re_entrainment_model.py
[2025-03-14T19:20:50.033+0000] {processor.py:829} INFO - Processing file /opt/airflow/dags/re_entrainment_model.py for tasks to queue
[2025-03-14T19:20:50.035+0000] {logging_mixin.py:151} INFO - [2025-03-14T19:20:50.034+0000] {dagbag.py:539} INFO - Filling up the DagBag from /opt/airflow/dags/re_entrainment_model.py
[2025-03-14T19:20:54.230+0000] {processor.py:839} INFO - DAG(s) dict_keys(['yfinance_lstm_training_dag']) retrieved from /opt/airflow/dags/re_entrainment_model.py
[2025-03-14T19:20:54.265+0000] {logging_mixin.py:151} INFO - [2025-03-14T19:20:54.264+0000] {dag.py:2915} INFO - Sync 1 DAGs
[2025-03-14T19:20:54.289+0000] {logging_mixin.py:151} INFO - [2025-03-14T19:20:54.289+0000] {dag.py:3696} INFO - Setting next_dagrun for yfinance_lstm_training_dag to 2025-03-09T00:00:00+00:00, run_after=2025-03-16T00:00:00+00:00
[2025-03-14T19:20:54.312+0000] {processor.py:179} INFO - Processing /opt/airflow/dags/re_entrainment_model.py took 4.288 seconds
[2025-03-14T19:21:24.460+0000] {processor.py:157} INFO - Started process (PID=5849) to work on /opt/airflow/dags/re_entrainment_model.py
[2025-03-14T19:21:24.461+0000] {processor.py:829} INFO - Processing file /opt/airflow/dags/re_entrainment_model.py for tasks to queue
[2025-03-14T19:21:24.463+0000] {logging_mixin.py:151} INFO - [2025-03-14T19:21:24.463+0000] {dagbag.py:539} INFO - Filling up the DagBag from /opt/airflow/dags/re_entrainment_model.py
[2025-03-14T19:21:28.592+0000] {processor.py:839} INFO - DAG(s) dict_keys(['yfinance_lstm_training_dag']) retrieved from /opt/airflow/dags/re_entrainment_model.py
[2025-03-14T19:21:28.619+0000] {logging_mixin.py:151} INFO - [2025-03-14T19:21:28.618+0000] {dag.py:2915} INFO - Sync 1 DAGs
[2025-03-14T19:21:28.641+0000] {logging_mixin.py:151} INFO - [2025-03-14T19:21:28.641+0000] {dag.py:3696} INFO - Setting next_dagrun for yfinance_lstm_training_dag to 2025-03-09T00:00:00+00:00, run_after=2025-03-16T00:00:00+00:00
[2025-03-14T19:21:28.665+0000] {processor.py:179} INFO - Processing /opt/airflow/dags/re_entrainment_model.py took 4.210 seconds
[2025-03-14T19:21:58.966+0000] {processor.py:157} INFO - Started process (PID=5874) to work on /opt/airflow/dags/re_entrainment_model.py
[2025-03-14T19:21:58.968+0000] {processor.py:829} INFO - Processing file /opt/airflow/dags/re_entrainment_model.py for tasks to queue
[2025-03-14T19:21:58.970+0000] {logging_mixin.py:151} INFO - [2025-03-14T19:21:58.969+0000] {dagbag.py:539} INFO - Filling up the DagBag from /opt/airflow/dags/re_entrainment_model.py
[2025-03-14T19:22:02.488+0000] {processor.py:839} INFO - DAG(s) dict_keys(['yfinance_lstm_training_dag']) retrieved from /opt/airflow/dags/re_entrainment_model.py
[2025-03-14T19:22:02.515+0000] {logging_mixin.py:151} INFO - [2025-03-14T19:22:02.514+0000] {dag.py:2915} INFO - Sync 1 DAGs
[2025-03-14T19:22:02.554+0000] {logging_mixin.py:151} INFO - [2025-03-14T19:22:02.554+0000] {dag.py:3696} INFO - Setting next_dagrun for yfinance_lstm_training_dag to 2025-03-09T00:00:00+00:00, run_after=2025-03-16T00:00:00+00:00
[2025-03-14T19:22:02.596+0000] {processor.py:179} INFO - Processing /opt/airflow/dags/re_entrainment_model.py took 3.635 seconds
[2025-03-14T19:22:32.779+0000] {processor.py:157} INFO - Started process (PID=5899) to work on /opt/airflow/dags/re_entrainment_model.py
[2025-03-14T19:22:32.781+0000] {processor.py:829} INFO - Processing file /opt/airflow/dags/re_entrainment_model.py for tasks to queue
[2025-03-14T19:22:32.782+0000] {logging_mixin.py:151} INFO - [2025-03-14T19:22:32.782+0000] {dagbag.py:539} INFO - Filling up the DagBag from /opt/airflow/dags/re_entrainment_model.py
[2025-03-14T19:22:37.069+0000] {processor.py:839} INFO - DAG(s) dict_keys(['yfinance_lstm_training_dag']) retrieved from /opt/airflow/dags/re_entrainment_model.py
[2025-03-14T19:22:37.093+0000] {logging_mixin.py:151} INFO - [2025-03-14T19:22:37.092+0000] {dag.py:2915} INFO - Sync 1 DAGs
[2025-03-14T19:22:37.117+0000] {logging_mixin.py:151} INFO - [2025-03-14T19:22:37.116+0000] {dag.py:3696} INFO - Setting next_dagrun for yfinance_lstm_training_dag to 2025-03-09T00:00:00+00:00, run_after=2025-03-16T00:00:00+00:00
[2025-03-14T19:22:37.140+0000] {processor.py:179} INFO - Processing /opt/airflow/dags/re_entrainment_model.py took 4.366 seconds
[2025-03-14T19:23:07.454+0000] {processor.py:157} INFO - Started process (PID=5930) to work on /opt/airflow/dags/re_entrainment_model.py
[2025-03-14T19:23:07.456+0000] {processor.py:829} INFO - Processing file /opt/airflow/dags/re_entrainment_model.py for tasks to queue
[2025-03-14T19:23:07.457+0000] {logging_mixin.py:151} INFO - [2025-03-14T19:23:07.457+0000] {dagbag.py:539} INFO - Filling up the DagBag from /opt/airflow/dags/re_entrainment_model.py
[2025-03-14T19:23:10.949+0000] {processor.py:839} INFO - DAG(s) dict_keys(['yfinance_lstm_training_dag']) retrieved from /opt/airflow/dags/re_entrainment_model.py
[2025-03-14T19:23:10.974+0000] {logging_mixin.py:151} INFO - [2025-03-14T19:23:10.973+0000] {dag.py:2915} INFO - Sync 1 DAGs
[2025-03-14T19:23:10.998+0000] {logging_mixin.py:151} INFO - [2025-03-14T19:23:10.998+0000] {dag.py:3696} INFO - Setting next_dagrun for yfinance_lstm_training_dag to 2025-03-09T00:00:00+00:00, run_after=2025-03-16T00:00:00+00:00
[2025-03-14T19:23:11.025+0000] {processor.py:179} INFO - Processing /opt/airflow/dags/re_entrainment_model.py took 3.574 seconds
[2025-03-14T19:23:41.915+0000] {processor.py:157} INFO - Started process (PID=5955) to work on /opt/airflow/dags/re_entrainment_model.py
[2025-03-14T19:23:41.917+0000] {processor.py:829} INFO - Processing file /opt/airflow/dags/re_entrainment_model.py for tasks to queue
[2025-03-14T19:23:41.918+0000] {logging_mixin.py:151} INFO - [2025-03-14T19:23:41.918+0000] {dagbag.py:539} INFO - Filling up the DagBag from /opt/airflow/dags/re_entrainment_model.py
[2025-03-14T19:23:45.776+0000] {processor.py:839} INFO - DAG(s) dict_keys(['yfinance_lstm_training_dag']) retrieved from /opt/airflow/dags/re_entrainment_model.py
[2025-03-14T19:23:45.800+0000] {logging_mixin.py:151} INFO - [2025-03-14T19:23:45.799+0000] {dag.py:2915} INFO - Sync 1 DAGs
[2025-03-14T19:23:45.829+0000] {logging_mixin.py:151} INFO - [2025-03-14T19:23:45.828+0000] {dag.py:3696} INFO - Setting next_dagrun for yfinance_lstm_training_dag to 2025-03-09T00:00:00+00:00, run_after=2025-03-16T00:00:00+00:00
[2025-03-14T19:23:45.860+0000] {processor.py:179} INFO - Processing /opt/airflow/dags/re_entrainment_model.py took 3.949 seconds
[2025-03-14T19:24:16.572+0000] {processor.py:157} INFO - Started process (PID=5980) to work on /opt/airflow/dags/re_entrainment_model.py
[2025-03-14T19:24:16.574+0000] {processor.py:829} INFO - Processing file /opt/airflow/dags/re_entrainment_model.py for tasks to queue
[2025-03-14T19:24:16.576+0000] {logging_mixin.py:151} INFO - [2025-03-14T19:24:16.576+0000] {dagbag.py:539} INFO - Filling up the DagBag from /opt/airflow/dags/re_entrainment_model.py
[2025-03-14T19:24:20.233+0000] {processor.py:839} INFO - DAG(s) dict_keys(['yfinance_lstm_training_dag']) retrieved from /opt/airflow/dags/re_entrainment_model.py
[2025-03-14T19:24:20.260+0000] {logging_mixin.py:151} INFO - [2025-03-14T19:24:20.259+0000] {dag.py:2915} INFO - Sync 1 DAGs
[2025-03-14T19:24:20.297+0000] {logging_mixin.py:151} INFO - [2025-03-14T19:24:20.297+0000] {dag.py:3696} INFO - Setting next_dagrun for yfinance_lstm_training_dag to 2025-03-09T00:00:00+00:00, run_after=2025-03-16T00:00:00+00:00
[2025-03-14T19:24:20.334+0000] {processor.py:179} INFO - Processing /opt/airflow/dags/re_entrainment_model.py took 3.770 seconds
[2025-03-14T19:24:51.175+0000] {processor.py:157} INFO - Started process (PID=6005) to work on /opt/airflow/dags/re_entrainment_model.py
[2025-03-14T19:24:51.178+0000] {processor.py:829} INFO - Processing file /opt/airflow/dags/re_entrainment_model.py for tasks to queue
[2025-03-14T19:24:51.181+0000] {logging_mixin.py:151} INFO - [2025-03-14T19:24:51.181+0000] {dagbag.py:539} INFO - Filling up the DagBag from /opt/airflow/dags/re_entrainment_model.py
[2025-03-14T19:24:55.160+0000] {processor.py:839} INFO - DAG(s) dict_keys(['yfinance_lstm_training_dag']) retrieved from /opt/airflow/dags/re_entrainment_model.py
[2025-03-14T19:24:55.184+0000] {logging_mixin.py:151} INFO - [2025-03-14T19:24:55.183+0000] {dag.py:2915} INFO - Sync 1 DAGs
[2025-03-14T19:24:55.215+0000] {logging_mixin.py:151} INFO - [2025-03-14T19:24:55.215+0000] {dag.py:3696} INFO - Setting next_dagrun for yfinance_lstm_training_dag to 2025-03-09T00:00:00+00:00, run_after=2025-03-16T00:00:00+00:00
[2025-03-14T19:24:55.252+0000] {processor.py:179} INFO - Processing /opt/airflow/dags/re_entrainment_model.py took 4.084 seconds
[2025-03-14T19:25:25.821+0000] {processor.py:157} INFO - Started process (PID=6036) to work on /opt/airflow/dags/re_entrainment_model.py
[2025-03-14T19:25:25.823+0000] {processor.py:829} INFO - Processing file /opt/airflow/dags/re_entrainment_model.py for tasks to queue
[2025-03-14T19:25:25.824+0000] {logging_mixin.py:151} INFO - [2025-03-14T19:25:25.824+0000] {dagbag.py:539} INFO - Filling up the DagBag from /opt/airflow/dags/re_entrainment_model.py
[2025-03-14T19:25:29.534+0000] {processor.py:839} INFO - DAG(s) dict_keys(['yfinance_lstm_training_dag']) retrieved from /opt/airflow/dags/re_entrainment_model.py
[2025-03-14T19:25:29.559+0000] {logging_mixin.py:151} INFO - [2025-03-14T19:25:29.558+0000] {dag.py:2915} INFO - Sync 1 DAGs
[2025-03-14T19:25:29.583+0000] {logging_mixin.py:151} INFO - [2025-03-14T19:25:29.582+0000] {dag.py:3696} INFO - Setting next_dagrun for yfinance_lstm_training_dag to 2025-03-09T00:00:00+00:00, run_after=2025-03-16T00:00:00+00:00
[2025-03-14T19:25:29.612+0000] {processor.py:179} INFO - Processing /opt/airflow/dags/re_entrainment_model.py took 3.796 seconds
[2025-03-14T19:26:00.029+0000] {processor.py:157} INFO - Started process (PID=6061) to work on /opt/airflow/dags/re_entrainment_model.py
[2025-03-14T19:26:00.031+0000] {processor.py:829} INFO - Processing file /opt/airflow/dags/re_entrainment_model.py for tasks to queue
[2025-03-14T19:26:00.033+0000] {logging_mixin.py:151} INFO - [2025-03-14T19:26:00.033+0000] {dagbag.py:539} INFO - Filling up the DagBag from /opt/airflow/dags/re_entrainment_model.py
[2025-03-14T19:26:03.956+0000] {processor.py:839} INFO - DAG(s) dict_keys(['yfinance_lstm_training_dag']) retrieved from /opt/airflow/dags/re_entrainment_model.py
[2025-03-14T19:26:03.984+0000] {logging_mixin.py:151} INFO - [2025-03-14T19:26:03.983+0000] {dag.py:2915} INFO - Sync 1 DAGs
[2025-03-14T19:26:04.018+0000] {logging_mixin.py:151} INFO - [2025-03-14T19:26:04.018+0000] {dag.py:3696} INFO - Setting next_dagrun for yfinance_lstm_training_dag to 2025-03-09T00:00:00+00:00, run_after=2025-03-16T00:00:00+00:00
[2025-03-14T19:26:04.048+0000] {processor.py:179} INFO - Processing /opt/airflow/dags/re_entrainment_model.py took 4.024 seconds
[2025-03-14T19:26:34.616+0000] {processor.py:157} INFO - Started process (PID=6086) to work on /opt/airflow/dags/re_entrainment_model.py
[2025-03-14T19:26:34.617+0000] {processor.py:829} INFO - Processing file /opt/airflow/dags/re_entrainment_model.py for tasks to queue
[2025-03-14T19:26:34.619+0000] {logging_mixin.py:151} INFO - [2025-03-14T19:26:34.618+0000] {dagbag.py:539} INFO - Filling up the DagBag from /opt/airflow/dags/re_entrainment_model.py
[2025-03-14T19:26:38.168+0000] {processor.py:839} INFO - DAG(s) dict_keys(['yfinance_lstm_training_dag']) retrieved from /opt/airflow/dags/re_entrainment_model.py
[2025-03-14T19:26:38.200+0000] {logging_mixin.py:151} INFO - [2025-03-14T19:26:38.199+0000] {dag.py:2915} INFO - Sync 1 DAGs
[2025-03-14T19:26:38.223+0000] {logging_mixin.py:151} INFO - [2025-03-14T19:26:38.223+0000] {dag.py:3696} INFO - Setting next_dagrun for yfinance_lstm_training_dag to 2025-03-09T00:00:00+00:00, run_after=2025-03-16T00:00:00+00:00
[2025-03-14T19:26:38.252+0000] {processor.py:179} INFO - Processing /opt/airflow/dags/re_entrainment_model.py took 3.639 seconds
[2025-03-14T19:27:08.830+0000] {processor.py:157} INFO - Started process (PID=6111) to work on /opt/airflow/dags/re_entrainment_model.py
[2025-03-14T19:27:08.833+0000] {processor.py:829} INFO - Processing file /opt/airflow/dags/re_entrainment_model.py for tasks to queue
[2025-03-14T19:27:08.835+0000] {logging_mixin.py:151} INFO - [2025-03-14T19:27:08.835+0000] {dagbag.py:539} INFO - Filling up the DagBag from /opt/airflow/dags/re_entrainment_model.py
[2025-03-14T19:27:12.371+0000] {processor.py:839} INFO - DAG(s) dict_keys(['yfinance_lstm_training_dag']) retrieved from /opt/airflow/dags/re_entrainment_model.py
[2025-03-14T19:27:12.406+0000] {logging_mixin.py:151} INFO - [2025-03-14T19:27:12.406+0000] {dag.py:2915} INFO - Sync 1 DAGs
[2025-03-14T19:27:12.442+0000] {logging_mixin.py:151} INFO - [2025-03-14T19:27:12.442+0000] {dag.py:3696} INFO - Setting next_dagrun for yfinance_lstm_training_dag to 2025-03-09T00:00:00+00:00, run_after=2025-03-16T00:00:00+00:00
[2025-03-14T19:27:12.480+0000] {processor.py:179} INFO - Processing /opt/airflow/dags/re_entrainment_model.py took 3.657 seconds
[2025-03-14T19:27:42.796+0000] {processor.py:157} INFO - Started process (PID=6136) to work on /opt/airflow/dags/re_entrainment_model.py
[2025-03-14T19:27:42.798+0000] {processor.py:829} INFO - Processing file /opt/airflow/dags/re_entrainment_model.py for tasks to queue
[2025-03-14T19:27:42.800+0000] {logging_mixin.py:151} INFO - [2025-03-14T19:27:42.799+0000] {dagbag.py:539} INFO - Filling up the DagBag from /opt/airflow/dags/re_entrainment_model.py
[2025-03-14T19:27:46.805+0000] {processor.py:839} INFO - DAG(s) dict_keys(['yfinance_lstm_training_dag']) retrieved from /opt/airflow/dags/re_entrainment_model.py
[2025-03-14T19:27:46.828+0000] {logging_mixin.py:151} INFO - [2025-03-14T19:27:46.828+0000] {dag.py:2915} INFO - Sync 1 DAGs
[2025-03-14T19:27:46.860+0000] {logging_mixin.py:151} INFO - [2025-03-14T19:27:46.860+0000] {dag.py:3696} INFO - Setting next_dagrun for yfinance_lstm_training_dag to 2025-03-09T00:00:00+00:00, run_after=2025-03-16T00:00:00+00:00
[2025-03-14T19:27:46.897+0000] {processor.py:179} INFO - Processing /opt/airflow/dags/re_entrainment_model.py took 4.106 seconds
[2025-03-14T19:28:17.285+0000] {processor.py:157} INFO - Started process (PID=6161) to work on /opt/airflow/dags/re_entrainment_model.py
[2025-03-14T19:28:17.287+0000] {processor.py:829} INFO - Processing file /opt/airflow/dags/re_entrainment_model.py for tasks to queue
[2025-03-14T19:28:17.290+0000] {logging_mixin.py:151} INFO - [2025-03-14T19:28:17.289+0000] {dagbag.py:539} INFO - Filling up the DagBag from /opt/airflow/dags/re_entrainment_model.py
[2025-03-14T19:28:21.017+0000] {processor.py:839} INFO - DAG(s) dict_keys(['yfinance_lstm_training_dag']) retrieved from /opt/airflow/dags/re_entrainment_model.py
[2025-03-14T19:28:21.039+0000] {logging_mixin.py:151} INFO - [2025-03-14T19:28:21.039+0000] {dag.py:2915} INFO - Sync 1 DAGs
[2025-03-14T19:28:21.063+0000] {logging_mixin.py:151} INFO - [2025-03-14T19:28:21.062+0000] {dag.py:3696} INFO - Setting next_dagrun for yfinance_lstm_training_dag to 2025-03-09T00:00:00+00:00, run_after=2025-03-16T00:00:00+00:00
[2025-03-14T19:28:21.086+0000] {processor.py:179} INFO - Processing /opt/airflow/dags/re_entrainment_model.py took 3.811 seconds
[2025-03-14T19:28:51.528+0000] {processor.py:157} INFO - Started process (PID=6186) to work on /opt/airflow/dags/re_entrainment_model.py
[2025-03-14T19:28:51.530+0000] {processor.py:829} INFO - Processing file /opt/airflow/dags/re_entrainment_model.py for tasks to queue
[2025-03-14T19:28:51.532+0000] {logging_mixin.py:151} INFO - [2025-03-14T19:28:51.531+0000] {dagbag.py:539} INFO - Filling up the DagBag from /opt/airflow/dags/re_entrainment_model.py
[2025-03-14T19:28:55.458+0000] {processor.py:839} INFO - DAG(s) dict_keys(['yfinance_lstm_training_dag']) retrieved from /opt/airflow/dags/re_entrainment_model.py
[2025-03-14T19:28:55.486+0000] {logging_mixin.py:151} INFO - [2025-03-14T19:28:55.485+0000] {dag.py:2915} INFO - Sync 1 DAGs
[2025-03-14T19:28:55.520+0000] {logging_mixin.py:151} INFO - [2025-03-14T19:28:55.520+0000] {dag.py:3696} INFO - Setting next_dagrun for yfinance_lstm_training_dag to 2025-03-09T00:00:00+00:00, run_after=2025-03-16T00:00:00+00:00
[2025-03-14T19:28:55.550+0000] {processor.py:179} INFO - Processing /opt/airflow/dags/re_entrainment_model.py took 4.027 seconds
[2025-03-14T19:29:26.078+0000] {processor.py:157} INFO - Started process (PID=6217) to work on /opt/airflow/dags/re_entrainment_model.py
[2025-03-14T19:29:26.080+0000] {processor.py:829} INFO - Processing file /opt/airflow/dags/re_entrainment_model.py for tasks to queue
[2025-03-14T19:29:26.082+0000] {logging_mixin.py:151} INFO - [2025-03-14T19:29:26.081+0000] {dagbag.py:539} INFO - Filling up the DagBag from /opt/airflow/dags/re_entrainment_model.py
[2025-03-14T19:29:30.092+0000] {processor.py:839} INFO - DAG(s) dict_keys(['yfinance_lstm_training_dag']) retrieved from /opt/airflow/dags/re_entrainment_model.py
[2025-03-14T19:29:30.119+0000] {logging_mixin.py:151} INFO - [2025-03-14T19:29:30.118+0000] {dag.py:2915} INFO - Sync 1 DAGs
[2025-03-14T19:29:30.149+0000] {logging_mixin.py:151} INFO - [2025-03-14T19:29:30.149+0000] {dag.py:3696} INFO - Setting next_dagrun for yfinance_lstm_training_dag to 2025-03-09T00:00:00+00:00, run_after=2025-03-16T00:00:00+00:00
[2025-03-14T19:29:30.188+0000] {processor.py:179} INFO - Processing /opt/airflow/dags/re_entrainment_model.py took 4.118 seconds
[2025-03-14T19:30:00.739+0000] {processor.py:157} INFO - Started process (PID=6242) to work on /opt/airflow/dags/re_entrainment_model.py
[2025-03-14T19:30:00.741+0000] {processor.py:829} INFO - Processing file /opt/airflow/dags/re_entrainment_model.py for tasks to queue
[2025-03-14T19:30:00.743+0000] {logging_mixin.py:151} INFO - [2025-03-14T19:30:00.743+0000] {dagbag.py:539} INFO - Filling up the DagBag from /opt/airflow/dags/re_entrainment_model.py
[2025-03-14T19:30:04.517+0000] {processor.py:839} INFO - DAG(s) dict_keys(['yfinance_lstm_training_dag']) retrieved from /opt/airflow/dags/re_entrainment_model.py
[2025-03-14T19:30:04.546+0000] {logging_mixin.py:151} INFO - [2025-03-14T19:30:04.545+0000] {dag.py:2915} INFO - Sync 1 DAGs
[2025-03-14T19:30:04.578+0000] {logging_mixin.py:151} INFO - [2025-03-14T19:30:04.578+0000] {dag.py:3696} INFO - Setting next_dagrun for yfinance_lstm_training_dag to 2025-03-09T00:00:00+00:00, run_after=2025-03-16T00:00:00+00:00
[2025-03-14T19:30:04.610+0000] {processor.py:179} INFO - Processing /opt/airflow/dags/re_entrainment_model.py took 3.879 seconds
[2025-03-14T19:30:35.353+0000] {processor.py:157} INFO - Started process (PID=6267) to work on /opt/airflow/dags/re_entrainment_model.py
[2025-03-14T19:30:35.354+0000] {processor.py:829} INFO - Processing file /opt/airflow/dags/re_entrainment_model.py for tasks to queue
[2025-03-14T19:30:35.355+0000] {logging_mixin.py:151} INFO - [2025-03-14T19:30:35.355+0000] {dagbag.py:539} INFO - Filling up the DagBag from /opt/airflow/dags/re_entrainment_model.py
[2025-03-14T19:30:39.085+0000] {processor.py:839} INFO - DAG(s) dict_keys(['yfinance_lstm_training_dag']) retrieved from /opt/airflow/dags/re_entrainment_model.py
[2025-03-14T19:30:39.110+0000] {logging_mixin.py:151} INFO - [2025-03-14T19:30:39.109+0000] {dag.py:2915} INFO - Sync 1 DAGs
[2025-03-14T19:30:39.136+0000] {logging_mixin.py:151} INFO - [2025-03-14T19:30:39.135+0000] {dag.py:3696} INFO - Setting next_dagrun for yfinance_lstm_training_dag to 2025-03-09T00:00:00+00:00, run_after=2025-03-16T00:00:00+00:00
[2025-03-14T19:30:39.166+0000] {processor.py:179} INFO - Processing /opt/airflow/dags/re_entrainment_model.py took 3.816 seconds
[2025-03-14T19:31:09.346+0000] {processor.py:157} INFO - Started process (PID=6298) to work on /opt/airflow/dags/re_entrainment_model.py
[2025-03-14T19:31:09.349+0000] {processor.py:829} INFO - Processing file /opt/airflow/dags/re_entrainment_model.py for tasks to queue
[2025-03-14T19:31:09.351+0000] {logging_mixin.py:151} INFO - [2025-03-14T19:31:09.350+0000] {dagbag.py:539} INFO - Filling up the DagBag from /opt/airflow/dags/re_entrainment_model.py
[2025-03-14T19:31:12.816+0000] {processor.py:839} INFO - DAG(s) dict_keys(['yfinance_lstm_training_dag']) retrieved from /opt/airflow/dags/re_entrainment_model.py
[2025-03-14T19:31:12.855+0000] {logging_mixin.py:151} INFO - [2025-03-14T19:31:12.854+0000] {dag.py:2915} INFO - Sync 1 DAGs
[2025-03-14T19:31:12.883+0000] {logging_mixin.py:151} INFO - [2025-03-14T19:31:12.882+0000] {dag.py:3696} INFO - Setting next_dagrun for yfinance_lstm_training_dag to 2025-03-09T00:00:00+00:00, run_after=2025-03-16T00:00:00+00:00
[2025-03-14T19:31:12.921+0000] {processor.py:179} INFO - Processing /opt/airflow/dags/re_entrainment_model.py took 3.582 seconds
[2025-03-14T19:31:43.328+0000] {processor.py:157} INFO - Started process (PID=6323) to work on /opt/airflow/dags/re_entrainment_model.py
[2025-03-14T19:31:43.330+0000] {processor.py:829} INFO - Processing file /opt/airflow/dags/re_entrainment_model.py for tasks to queue
[2025-03-14T19:31:43.332+0000] {logging_mixin.py:151} INFO - [2025-03-14T19:31:43.332+0000] {dagbag.py:539} INFO - Filling up the DagBag from /opt/airflow/dags/re_entrainment_model.py
[2025-03-14T19:31:47.447+0000] {processor.py:839} INFO - DAG(s) dict_keys(['yfinance_lstm_training_dag']) retrieved from /opt/airflow/dags/re_entrainment_model.py
[2025-03-14T19:31:47.476+0000] {logging_mixin.py:151} INFO - [2025-03-14T19:31:47.475+0000] {dag.py:2915} INFO - Sync 1 DAGs
[2025-03-14T19:31:47.512+0000] {logging_mixin.py:151} INFO - [2025-03-14T19:31:47.512+0000] {dag.py:3696} INFO - Setting next_dagrun for yfinance_lstm_training_dag to 2025-03-09T00:00:00+00:00, run_after=2025-03-16T00:00:00+00:00
[2025-03-14T19:31:47.553+0000] {processor.py:179} INFO - Processing /opt/airflow/dags/re_entrainment_model.py took 4.235 seconds
[2025-03-14T19:32:17.901+0000] {processor.py:157} INFO - Started process (PID=6348) to work on /opt/airflow/dags/re_entrainment_model.py
[2025-03-14T19:32:17.903+0000] {processor.py:829} INFO - Processing file /opt/airflow/dags/re_entrainment_model.py for tasks to queue
[2025-03-14T19:32:17.905+0000] {logging_mixin.py:151} INFO - [2025-03-14T19:32:17.905+0000] {dagbag.py:539} INFO - Filling up the DagBag from /opt/airflow/dags/re_entrainment_model.py
[2025-03-14T19:32:21.611+0000] {processor.py:839} INFO - DAG(s) dict_keys(['yfinance_lstm_training_dag']) retrieved from /opt/airflow/dags/re_entrainment_model.py
[2025-03-14T19:32:21.635+0000] {logging_mixin.py:151} INFO - [2025-03-14T19:32:21.634+0000] {dag.py:2915} INFO - Sync 1 DAGs
[2025-03-14T19:32:21.658+0000] {logging_mixin.py:151} INFO - [2025-03-14T19:32:21.658+0000] {dag.py:3696} INFO - Setting next_dagrun for yfinance_lstm_training_dag to 2025-03-09T00:00:00+00:00, run_after=2025-03-16T00:00:00+00:00
[2025-03-14T19:32:21.684+0000] {processor.py:179} INFO - Processing /opt/airflow/dags/re_entrainment_model.py took 3.789 seconds
[2025-03-14T19:32:51.917+0000] {processor.py:157} INFO - Started process (PID=6373) to work on /opt/airflow/dags/re_entrainment_model.py
[2025-03-14T19:32:51.919+0000] {processor.py:829} INFO - Processing file /opt/airflow/dags/re_entrainment_model.py for tasks to queue
[2025-03-14T19:32:51.921+0000] {logging_mixin.py:151} INFO - [2025-03-14T19:32:51.920+0000] {dagbag.py:539} INFO - Filling up the DagBag from /opt/airflow/dags/re_entrainment_model.py
[2025-03-14T19:32:56.013+0000] {processor.py:839} INFO - DAG(s) dict_keys(['yfinance_lstm_training_dag']) retrieved from /opt/airflow/dags/re_entrainment_model.py
[2025-03-14T19:32:56.044+0000] {logging_mixin.py:151} INFO - [2025-03-14T19:32:56.041+0000] {dag.py:2915} INFO - Sync 1 DAGs
[2025-03-14T19:32:56.269+0000] {logging_mixin.py:151} INFO - [2025-03-14T19:32:56.269+0000] {dag.py:3696} INFO - Setting next_dagrun for yfinance_lstm_training_dag to 2025-03-09T00:00:00+00:00, run_after=2025-03-16T00:00:00+00:00
[2025-03-14T19:32:56.312+0000] {processor.py:179} INFO - Processing /opt/airflow/dags/re_entrainment_model.py took 4.400 seconds
[2025-03-14T19:33:26.525+0000] {processor.py:157} INFO - Started process (PID=6398) to work on /opt/airflow/dags/re_entrainment_model.py
[2025-03-14T19:33:26.527+0000] {processor.py:829} INFO - Processing file /opt/airflow/dags/re_entrainment_model.py for tasks to queue
[2025-03-14T19:33:26.529+0000] {logging_mixin.py:151} INFO - [2025-03-14T19:33:26.528+0000] {dagbag.py:539} INFO - Filling up the DagBag from /opt/airflow/dags/re_entrainment_model.py
[2025-03-14T19:33:30.800+0000] {processor.py:839} INFO - DAG(s) dict_keys(['yfinance_lstm_training_dag']) retrieved from /opt/airflow/dags/re_entrainment_model.py
[2025-03-14T19:33:30.830+0000] {logging_mixin.py:151} INFO - [2025-03-14T19:33:30.828+0000] {dag.py:2915} INFO - Sync 1 DAGs
[2025-03-14T19:33:30.860+0000] {logging_mixin.py:151} INFO - [2025-03-14T19:33:30.860+0000] {dag.py:3696} INFO - Setting next_dagrun for yfinance_lstm_training_dag to 2025-03-09T00:00:00+00:00, run_after=2025-03-16T00:00:00+00:00
[2025-03-14T19:33:30.892+0000] {processor.py:179} INFO - Processing /opt/airflow/dags/re_entrainment_model.py took 4.372 seconds
[2025-03-14T19:34:01.168+0000] {processor.py:157} INFO - Started process (PID=6423) to work on /opt/airflow/dags/re_entrainment_model.py
[2025-03-14T19:34:01.169+0000] {processor.py:829} INFO - Processing file /opt/airflow/dags/re_entrainment_model.py for tasks to queue
[2025-03-14T19:34:01.171+0000] {logging_mixin.py:151} INFO - [2025-03-14T19:34:01.171+0000] {dagbag.py:539} INFO - Filling up the DagBag from /opt/airflow/dags/re_entrainment_model.py
[2025-03-14T19:34:05.216+0000] {processor.py:839} INFO - DAG(s) dict_keys(['yfinance_lstm_training_dag']) retrieved from /opt/airflow/dags/re_entrainment_model.py
[2025-03-14T19:34:05.266+0000] {logging_mixin.py:151} INFO - [2025-03-14T19:34:05.265+0000] {dag.py:2915} INFO - Sync 1 DAGs
[2025-03-14T19:34:05.299+0000] {logging_mixin.py:151} INFO - [2025-03-14T19:34:05.298+0000] {dag.py:3696} INFO - Setting next_dagrun for yfinance_lstm_training_dag to 2025-03-09T00:00:00+00:00, run_after=2025-03-16T00:00:00+00:00
[2025-03-14T19:34:05.339+0000] {processor.py:179} INFO - Processing /opt/airflow/dags/re_entrainment_model.py took 4.175 seconds
[2025-03-14T19:34:35.719+0000] {processor.py:157} INFO - Started process (PID=6448) to work on /opt/airflow/dags/re_entrainment_model.py
[2025-03-14T19:34:35.721+0000] {processor.py:829} INFO - Processing file /opt/airflow/dags/re_entrainment_model.py for tasks to queue
[2025-03-14T19:34:35.722+0000] {logging_mixin.py:151} INFO - [2025-03-14T19:34:35.722+0000] {dagbag.py:539} INFO - Filling up the DagBag from /opt/airflow/dags/re_entrainment_model.py
[2025-03-14T19:34:40.160+0000] {processor.py:839} INFO - DAG(s) dict_keys(['yfinance_lstm_training_dag']) retrieved from /opt/airflow/dags/re_entrainment_model.py
[2025-03-14T19:34:40.189+0000] {logging_mixin.py:151} INFO - [2025-03-14T19:34:40.188+0000] {dag.py:2915} INFO - Sync 1 DAGs
[2025-03-14T19:34:40.217+0000] {logging_mixin.py:151} INFO - [2025-03-14T19:34:40.217+0000] {dag.py:3696} INFO - Setting next_dagrun for yfinance_lstm_training_dag to 2025-03-09T00:00:00+00:00, run_after=2025-03-16T00:00:00+00:00
[2025-03-14T19:34:40.242+0000] {processor.py:179} INFO - Processing /opt/airflow/dags/re_entrainment_model.py took 4.528 seconds
[2025-03-14T19:35:10.326+0000] {processor.py:157} INFO - Started process (PID=6477) to work on /opt/airflow/dags/re_entrainment_model.py
[2025-03-14T19:35:10.328+0000] {processor.py:829} INFO - Processing file /opt/airflow/dags/re_entrainment_model.py for tasks to queue
[2025-03-14T19:35:10.329+0000] {logging_mixin.py:151} INFO - [2025-03-14T19:35:10.329+0000] {dagbag.py:539} INFO - Filling up the DagBag from /opt/airflow/dags/re_entrainment_model.py
[2025-03-14T19:35:14.200+0000] {processor.py:839} INFO - DAG(s) dict_keys(['yfinance_lstm_training_dag']) retrieved from /opt/airflow/dags/re_entrainment_model.py
[2025-03-14T19:35:14.227+0000] {logging_mixin.py:151} INFO - [2025-03-14T19:35:14.226+0000] {dag.py:2915} INFO - Sync 1 DAGs
[2025-03-14T19:35:14.251+0000] {logging_mixin.py:151} INFO - [2025-03-14T19:35:14.251+0000] {dag.py:3696} INFO - Setting next_dagrun for yfinance_lstm_training_dag to 2025-03-09T00:00:00+00:00, run_after=2025-03-16T00:00:00+00:00
[2025-03-14T19:35:14.279+0000] {processor.py:179} INFO - Processing /opt/airflow/dags/re_entrainment_model.py took 3.956 seconds
[2025-03-14T19:57:50.248+0000] {processor.py:157} INFO - Started process (PID=6500) to work on /opt/airflow/dags/re_entrainment_model.py
[2025-03-14T19:57:50.251+0000] {processor.py:829} INFO - Processing file /opt/airflow/dags/re_entrainment_model.py for tasks to queue
[2025-03-14T19:57:50.253+0000] {logging_mixin.py:151} INFO - [2025-03-14T19:57:50.253+0000] {dagbag.py:539} INFO - Filling up the DagBag from /opt/airflow/dags/re_entrainment_model.py
[2025-03-14T20:01:50.268+0000] {processor.py:157} INFO - Started process (PID=6525) to work on /opt/airflow/dags/re_entrainment_model.py
[2025-03-14T20:01:50.270+0000] {processor.py:829} INFO - Processing file /opt/airflow/dags/re_entrainment_model.py for tasks to queue
[2025-03-14T20:01:50.272+0000] {logging_mixin.py:151} INFO - [2025-03-14T20:01:50.271+0000] {dagbag.py:539} INFO - Filling up the DagBag from /opt/airflow/dags/re_entrainment_model.py
[2025-03-14T20:01:55.064+0000] {processor.py:839} INFO - DAG(s) dict_keys(['yfinance_lstm_training_dag']) retrieved from /opt/airflow/dags/re_entrainment_model.py
[2025-03-14T20:01:55.286+0000] {logging_mixin.py:151} INFO - [2025-03-14T20:01:55.286+0000] {dag.py:2915} INFO - Sync 1 DAGs
[2025-03-14T20:01:55.313+0000] {logging_mixin.py:151} INFO - [2025-03-14T20:01:55.313+0000] {dag.py:3696} INFO - Setting next_dagrun for yfinance_lstm_training_dag to 2025-03-09T00:00:00+00:00, run_after=2025-03-16T00:00:00+00:00
[2025-03-14T20:01:55.334+0000] {processor.py:179} INFO - Processing /opt/airflow/dags/re_entrainment_model.py took 5.071 seconds
[2025-03-14T20:02:26.052+0000] {processor.py:157} INFO - Started process (PID=6562) to work on /opt/airflow/dags/re_entrainment_model.py
[2025-03-14T20:02:26.054+0000] {processor.py:829} INFO - Processing file /opt/airflow/dags/re_entrainment_model.py for tasks to queue
[2025-03-14T20:02:26.055+0000] {logging_mixin.py:151} INFO - [2025-03-14T20:02:26.055+0000] {dagbag.py:539} INFO - Filling up the DagBag from /opt/airflow/dags/re_entrainment_model.py
[2025-03-14T20:02:29.342+0000] {processor.py:839} INFO - DAG(s) dict_keys(['yfinance_lstm_training_dag']) retrieved from /opt/airflow/dags/re_entrainment_model.py
[2025-03-14T20:02:29.379+0000] {logging_mixin.py:151} INFO - [2025-03-14T20:02:29.378+0000] {dag.py:2915} INFO - Sync 1 DAGs
[2025-03-14T20:02:29.414+0000] {logging_mixin.py:151} INFO - [2025-03-14T20:02:29.414+0000] {dag.py:3696} INFO - Setting next_dagrun for yfinance_lstm_training_dag to 2025-03-09T00:00:00+00:00, run_after=2025-03-16T00:00:00+00:00
[2025-03-14T20:02:29.441+0000] {processor.py:179} INFO - Processing /opt/airflow/dags/re_entrainment_model.py took 3.392 seconds
[2025-03-14T20:02:59.914+0000] {processor.py:157} INFO - Started process (PID=6587) to work on /opt/airflow/dags/re_entrainment_model.py
[2025-03-14T20:02:59.917+0000] {processor.py:829} INFO - Processing file /opt/airflow/dags/re_entrainment_model.py for tasks to queue
[2025-03-14T20:02:59.919+0000] {logging_mixin.py:151} INFO - [2025-03-14T20:02:59.919+0000] {dagbag.py:539} INFO - Filling up the DagBag from /opt/airflow/dags/re_entrainment_model.py
[2025-03-14T20:03:04.667+0000] {processor.py:839} INFO - DAG(s) dict_keys(['yfinance_lstm_training_dag']) retrieved from /opt/airflow/dags/re_entrainment_model.py
[2025-03-14T20:03:04.694+0000] {logging_mixin.py:151} INFO - [2025-03-14T20:03:04.694+0000] {dag.py:2915} INFO - Sync 1 DAGs
[2025-03-14T20:03:04.719+0000] {logging_mixin.py:151} INFO - [2025-03-14T20:03:04.718+0000] {dag.py:3696} INFO - Setting next_dagrun for yfinance_lstm_training_dag to 2025-03-09T00:00:00+00:00, run_after=2025-03-16T00:00:00+00:00
[2025-03-14T20:03:04.744+0000] {processor.py:179} INFO - Processing /opt/airflow/dags/re_entrainment_model.py took 4.842 seconds
[2025-03-14T20:03:35.351+0000] {processor.py:157} INFO - Started process (PID=6612) to work on /opt/airflow/dags/re_entrainment_model.py
[2025-03-14T20:03:35.352+0000] {processor.py:829} INFO - Processing file /opt/airflow/dags/re_entrainment_model.py for tasks to queue
[2025-03-14T20:03:35.354+0000] {logging_mixin.py:151} INFO - [2025-03-14T20:03:35.353+0000] {dagbag.py:539} INFO - Filling up the DagBag from /opt/airflow/dags/re_entrainment_model.py
[2025-03-14T20:03:38.784+0000] {processor.py:839} INFO - DAG(s) dict_keys(['yfinance_lstm_training_dag']) retrieved from /opt/airflow/dags/re_entrainment_model.py
[2025-03-14T20:03:38.997+0000] {logging_mixin.py:151} INFO - [2025-03-14T20:03:38.997+0000] {dag.py:2915} INFO - Sync 1 DAGs
[2025-03-14T20:03:39.019+0000] {logging_mixin.py:151} INFO - [2025-03-14T20:03:39.019+0000] {dag.py:3696} INFO - Setting next_dagrun for yfinance_lstm_training_dag to 2025-03-09T00:00:00+00:00, run_after=2025-03-16T00:00:00+00:00
[2025-03-14T20:03:39.046+0000] {processor.py:179} INFO - Processing /opt/airflow/dags/re_entrainment_model.py took 3.700 seconds
[2025-03-14T20:04:09.174+0000] {processor.py:157} INFO - Started process (PID=6637) to work on /opt/airflow/dags/re_entrainment_model.py
[2025-03-14T20:04:09.177+0000] {processor.py:829} INFO - Processing file /opt/airflow/dags/re_entrainment_model.py for tasks to queue
[2025-03-14T20:04:09.180+0000] {logging_mixin.py:151} INFO - [2025-03-14T20:04:09.179+0000] {dagbag.py:539} INFO - Filling up the DagBag from /opt/airflow/dags/re_entrainment_model.py
[2025-03-14T20:04:12.853+0000] {processor.py:839} INFO - DAG(s) dict_keys(['yfinance_lstm_training_dag']) retrieved from /opt/airflow/dags/re_entrainment_model.py
[2025-03-14T20:04:12.874+0000] {logging_mixin.py:151} INFO - [2025-03-14T20:04:12.873+0000] {dag.py:2915} INFO - Sync 1 DAGs
[2025-03-14T20:04:12.900+0000] {logging_mixin.py:151} INFO - [2025-03-14T20:04:12.900+0000] {dag.py:3696} INFO - Setting next_dagrun for yfinance_lstm_training_dag to 2025-03-09T00:00:00+00:00, run_after=2025-03-16T00:00:00+00:00
[2025-03-14T20:04:12.922+0000] {processor.py:179} INFO - Processing /opt/airflow/dags/re_entrainment_model.py took 3.754 seconds
[2025-03-14T20:04:43.456+0000] {processor.py:157} INFO - Started process (PID=6662) to work on /opt/airflow/dags/re_entrainment_model.py
[2025-03-14T20:04:43.458+0000] {processor.py:829} INFO - Processing file /opt/airflow/dags/re_entrainment_model.py for tasks to queue
[2025-03-14T20:04:43.459+0000] {logging_mixin.py:151} INFO - [2025-03-14T20:04:43.459+0000] {dagbag.py:539} INFO - Filling up the DagBag from /opt/airflow/dags/re_entrainment_model.py
[2025-03-14T20:04:46.954+0000] {processor.py:839} INFO - DAG(s) dict_keys(['yfinance_lstm_training_dag']) retrieved from /opt/airflow/dags/re_entrainment_model.py
[2025-03-14T20:04:46.979+0000] {logging_mixin.py:151} INFO - [2025-03-14T20:04:46.978+0000] {dag.py:2915} INFO - Sync 1 DAGs
[2025-03-14T20:04:47.009+0000] {logging_mixin.py:151} INFO - [2025-03-14T20:04:47.009+0000] {dag.py:3696} INFO - Setting next_dagrun for yfinance_lstm_training_dag to 2025-03-09T00:00:00+00:00, run_after=2025-03-16T00:00:00+00:00
[2025-03-14T20:04:47.033+0000] {processor.py:179} INFO - Processing /opt/airflow/dags/re_entrainment_model.py took 3.580 seconds
[2025-03-14T20:05:17.442+0000] {processor.py:157} INFO - Started process (PID=6687) to work on /opt/airflow/dags/re_entrainment_model.py
[2025-03-14T20:05:17.443+0000] {processor.py:829} INFO - Processing file /opt/airflow/dags/re_entrainment_model.py for tasks to queue
[2025-03-14T20:05:17.445+0000] {logging_mixin.py:151} INFO - [2025-03-14T20:05:17.444+0000] {dagbag.py:539} INFO - Filling up the DagBag from /opt/airflow/dags/re_entrainment_model.py
[2025-03-14T20:05:21.047+0000] {processor.py:839} INFO - DAG(s) dict_keys(['yfinance_lstm_training_dag']) retrieved from /opt/airflow/dags/re_entrainment_model.py
[2025-03-14T20:05:21.266+0000] {logging_mixin.py:151} INFO - [2025-03-14T20:05:21.075+0000] {dag.py:2915} INFO - Sync 1 DAGs
[2025-03-14T20:05:21.286+0000] {logging_mixin.py:151} INFO - [2025-03-14T20:05:21.286+0000] {dag.py:3696} INFO - Setting next_dagrun for yfinance_lstm_training_dag to 2025-03-09T00:00:00+00:00, run_after=2025-03-16T00:00:00+00:00
[2025-03-14T20:05:21.306+0000] {processor.py:179} INFO - Processing /opt/airflow/dags/re_entrainment_model.py took 3.868 seconds
[2025-03-14T20:05:51.879+0000] {processor.py:157} INFO - Started process (PID=6712) to work on /opt/airflow/dags/re_entrainment_model.py
[2025-03-14T20:05:51.880+0000] {processor.py:829} INFO - Processing file /opt/airflow/dags/re_entrainment_model.py for tasks to queue
[2025-03-14T20:05:51.882+0000] {logging_mixin.py:151} INFO - [2025-03-14T20:05:51.881+0000] {dagbag.py:539} INFO - Filling up the DagBag from /opt/airflow/dags/re_entrainment_model.py
[2025-03-14T20:05:55.302+0000] {processor.py:839} INFO - DAG(s) dict_keys(['yfinance_lstm_training_dag']) retrieved from /opt/airflow/dags/re_entrainment_model.py
[2025-03-14T20:05:55.329+0000] {logging_mixin.py:151} INFO - [2025-03-14T20:05:55.327+0000] {dag.py:2915} INFO - Sync 1 DAGs
[2025-03-14T20:05:55.357+0000] {logging_mixin.py:151} INFO - [2025-03-14T20:05:55.357+0000] {dag.py:3696} INFO - Setting next_dagrun for yfinance_lstm_training_dag to 2025-03-09T00:00:00+00:00, run_after=2025-03-16T00:00:00+00:00
[2025-03-14T20:05:55.383+0000] {processor.py:179} INFO - Processing /opt/airflow/dags/re_entrainment_model.py took 3.507 seconds
[2025-03-14T20:06:25.572+0000] {processor.py:157} INFO - Started process (PID=6737) to work on /opt/airflow/dags/re_entrainment_model.py
[2025-03-14T20:06:25.574+0000] {processor.py:829} INFO - Processing file /opt/airflow/dags/re_entrainment_model.py for tasks to queue
[2025-03-14T20:06:25.576+0000] {logging_mixin.py:151} INFO - [2025-03-14T20:06:25.575+0000] {dagbag.py:539} INFO - Filling up the DagBag from /opt/airflow/dags/re_entrainment_model.py
[2025-03-14T20:06:28.961+0000] {processor.py:839} INFO - DAG(s) dict_keys(['yfinance_lstm_training_dag']) retrieved from /opt/airflow/dags/re_entrainment_model.py
[2025-03-14T20:06:28.990+0000] {logging_mixin.py:151} INFO - [2025-03-14T20:06:28.990+0000] {dag.py:2915} INFO - Sync 1 DAGs
[2025-03-14T20:06:29.014+0000] {logging_mixin.py:151} INFO - [2025-03-14T20:06:29.014+0000] {dag.py:3696} INFO - Setting next_dagrun for yfinance_lstm_training_dag to 2025-03-09T00:00:00+00:00, run_after=2025-03-16T00:00:00+00:00
[2025-03-14T20:06:29.041+0000] {processor.py:179} INFO - Processing /opt/airflow/dags/re_entrainment_model.py took 3.472 seconds
[2025-03-14T20:06:59.763+0000] {processor.py:157} INFO - Started process (PID=6762) to work on /opt/airflow/dags/re_entrainment_model.py
[2025-03-14T20:06:59.764+0000] {processor.py:829} INFO - Processing file /opt/airflow/dags/re_entrainment_model.py for tasks to queue
[2025-03-14T20:06:59.767+0000] {logging_mixin.py:151} INFO - [2025-03-14T20:06:59.766+0000] {dagbag.py:539} INFO - Filling up the DagBag from /opt/airflow/dags/re_entrainment_model.py
[2025-03-14T20:07:04.127+0000] {processor.py:839} INFO - DAG(s) dict_keys(['yfinance_lstm_training_dag']) retrieved from /opt/airflow/dags/re_entrainment_model.py
[2025-03-14T20:07:04.153+0000] {logging_mixin.py:151} INFO - [2025-03-14T20:07:04.152+0000] {dag.py:2915} INFO - Sync 1 DAGs
[2025-03-14T20:07:04.181+0000] {logging_mixin.py:151} INFO - [2025-03-14T20:07:04.180+0000] {dag.py:3696} INFO - Setting next_dagrun for yfinance_lstm_training_dag to 2025-03-09T00:00:00+00:00, run_after=2025-03-16T00:00:00+00:00
[2025-03-14T20:07:04.204+0000] {processor.py:179} INFO - Processing /opt/airflow/dags/re_entrainment_model.py took 4.448 seconds
[2025-03-14T20:07:34.378+0000] {processor.py:157} INFO - Started process (PID=6787) to work on /opt/airflow/dags/re_entrainment_model.py
[2025-03-14T20:07:34.381+0000] {processor.py:829} INFO - Processing file /opt/airflow/dags/re_entrainment_model.py for tasks to queue
[2025-03-14T20:07:34.383+0000] {logging_mixin.py:151} INFO - [2025-03-14T20:07:34.383+0000] {dagbag.py:539} INFO - Filling up the DagBag from /opt/airflow/dags/re_entrainment_model.py
[2025-03-14T20:07:39.597+0000] {processor.py:839} INFO - DAG(s) dict_keys(['yfinance_lstm_training_dag']) retrieved from /opt/airflow/dags/re_entrainment_model.py
[2025-03-14T20:07:39.630+0000] {logging_mixin.py:151} INFO - [2025-03-14T20:07:39.629+0000] {dag.py:2915} INFO - Sync 1 DAGs
[2025-03-14T20:07:39.670+0000] {logging_mixin.py:151} INFO - [2025-03-14T20:07:39.670+0000] {dag.py:3696} INFO - Setting next_dagrun for yfinance_lstm_training_dag to 2025-03-09T00:00:00+00:00, run_after=2025-03-16T00:00:00+00:00
[2025-03-14T20:07:39.701+0000] {processor.py:179} INFO - Processing /opt/airflow/dags/re_entrainment_model.py took 5.329 seconds
[2025-03-14T20:08:10.101+0000] {processor.py:157} INFO - Started process (PID=6812) to work on /opt/airflow/dags/re_entrainment_model.py
[2025-03-14T20:08:10.103+0000] {processor.py:829} INFO - Processing file /opt/airflow/dags/re_entrainment_model.py for tasks to queue
[2025-03-14T20:08:10.106+0000] {logging_mixin.py:151} INFO - [2025-03-14T20:08:10.105+0000] {dagbag.py:539} INFO - Filling up the DagBag from /opt/airflow/dags/re_entrainment_model.py
[2025-03-14T20:08:16.572+0000] {processor.py:839} INFO - DAG(s) dict_keys(['yfinance_lstm_training_dag']) retrieved from /opt/airflow/dags/re_entrainment_model.py
[2025-03-14T20:08:16.597+0000] {logging_mixin.py:151} INFO - [2025-03-14T20:08:16.596+0000] {dag.py:2915} INFO - Sync 1 DAGs
[2025-03-14T20:08:16.628+0000] {logging_mixin.py:151} INFO - [2025-03-14T20:08:16.628+0000] {dag.py:3696} INFO - Setting next_dagrun for yfinance_lstm_training_dag to 2025-03-09T00:00:00+00:00, run_after=2025-03-16T00:00:00+00:00
[2025-03-14T20:08:16.655+0000] {processor.py:179} INFO - Processing /opt/airflow/dags/re_entrainment_model.py took 6.559 seconds
[2025-03-14T20:08:47.071+0000] {processor.py:157} INFO - Started process (PID=6849) to work on /opt/airflow/dags/re_entrainment_model.py
[2025-03-14T20:08:47.073+0000] {processor.py:829} INFO - Processing file /opt/airflow/dags/re_entrainment_model.py for tasks to queue
[2025-03-14T20:08:47.074+0000] {logging_mixin.py:151} INFO - [2025-03-14T20:08:47.074+0000] {dagbag.py:539} INFO - Filling up the DagBag from /opt/airflow/dags/re_entrainment_model.py
[2025-03-14T20:08:51.905+0000] {processor.py:839} INFO - DAG(s) dict_keys(['yfinance_lstm_training_dag']) retrieved from /opt/airflow/dags/re_entrainment_model.py
[2025-03-14T20:08:51.940+0000] {logging_mixin.py:151} INFO - [2025-03-14T20:08:51.938+0000] {dag.py:2915} INFO - Sync 1 DAGs
[2025-03-14T20:08:51.972+0000] {logging_mixin.py:151} INFO - [2025-03-14T20:08:51.972+0000] {dag.py:3696} INFO - Setting next_dagrun for yfinance_lstm_training_dag to 2025-03-09T00:00:00+00:00, run_after=2025-03-16T00:00:00+00:00
[2025-03-14T20:08:52.000+0000] {processor.py:179} INFO - Processing /opt/airflow/dags/re_entrainment_model.py took 4.933 seconds
[2025-03-14T20:09:08.459+0000] {processor.py:157} INFO - Started process (PID=6862) to work on /opt/airflow/dags/re_entrainment_model.py
[2025-03-14T20:09:08.461+0000] {processor.py:829} INFO - Processing file /opt/airflow/dags/re_entrainment_model.py for tasks to queue
[2025-03-14T20:09:08.463+0000] {logging_mixin.py:151} INFO - [2025-03-14T20:09:08.462+0000] {dagbag.py:539} INFO - Filling up the DagBag from /opt/airflow/dags/re_entrainment_model.py
[2025-03-14T20:09:15.686+0000] {processor.py:839} INFO - DAG(s) dict_keys(['yfinance_lstm_training_dag']) retrieved from /opt/airflow/dags/re_entrainment_model.py
[2025-03-14T20:09:15.713+0000] {logging_mixin.py:151} INFO - [2025-03-14T20:09:15.710+0000] {dag.py:2915} INFO - Sync 1 DAGs
[2025-03-14T20:09:15.748+0000] {logging_mixin.py:151} INFO - [2025-03-14T20:09:15.748+0000] {dag.py:3696} INFO - Setting next_dagrun for yfinance_lstm_training_dag to 2025-03-09T00:00:00+00:00, run_after=2025-03-16T00:00:00+00:00
[2025-03-14T20:09:15.799+0000] {processor.py:179} INFO - Processing /opt/airflow/dags/re_entrainment_model.py took 7.346 seconds
[2025-03-14T20:09:46.029+0000] {processor.py:157} INFO - Started process (PID=6893) to work on /opt/airflow/dags/re_entrainment_model.py
[2025-03-14T20:09:46.030+0000] {processor.py:829} INFO - Processing file /opt/airflow/dags/re_entrainment_model.py for tasks to queue
[2025-03-14T20:09:46.032+0000] {logging_mixin.py:151} INFO - [2025-03-14T20:09:46.031+0000] {dagbag.py:539} INFO - Filling up the DagBag from /opt/airflow/dags/re_entrainment_model.py
[2025-03-14T20:09:49.811+0000] {processor.py:839} INFO - DAG(s) dict_keys(['yfinance_lstm_training_dag']) retrieved from /opt/airflow/dags/re_entrainment_model.py
[2025-03-14T20:09:49.843+0000] {logging_mixin.py:151} INFO - [2025-03-14T20:09:49.842+0000] {dag.py:2915} INFO - Sync 1 DAGs
[2025-03-14T20:09:49.901+0000] {logging_mixin.py:151} INFO - [2025-03-14T20:09:49.900+0000] {dag.py:3696} INFO - Setting next_dagrun for yfinance_lstm_training_dag to 2025-03-09T00:00:00+00:00, run_after=2025-03-16T00:00:00+00:00
[2025-03-14T20:09:49.946+0000] {processor.py:179} INFO - Processing /opt/airflow/dags/re_entrainment_model.py took 3.921 seconds
[2025-03-14T20:10:20.203+0000] {processor.py:157} INFO - Started process (PID=6918) to work on /opt/airflow/dags/re_entrainment_model.py
[2025-03-14T20:10:20.206+0000] {processor.py:829} INFO - Processing file /opt/airflow/dags/re_entrainment_model.py for tasks to queue
[2025-03-14T20:10:20.208+0000] {logging_mixin.py:151} INFO - [2025-03-14T20:10:20.207+0000] {dagbag.py:539} INFO - Filling up the DagBag from /opt/airflow/dags/re_entrainment_model.py
[2025-03-14T20:10:24.092+0000] {processor.py:839} INFO - DAG(s) dict_keys(['yfinance_lstm_training_dag']) retrieved from /opt/airflow/dags/re_entrainment_model.py
[2025-03-14T20:10:24.117+0000] {logging_mixin.py:151} INFO - [2025-03-14T20:10:24.117+0000] {dag.py:2915} INFO - Sync 1 DAGs
[2025-03-14T20:10:24.140+0000] {logging_mixin.py:151} INFO - [2025-03-14T20:10:24.140+0000] {dag.py:3696} INFO - Setting next_dagrun for yfinance_lstm_training_dag to 2025-03-09T00:00:00+00:00, run_after=2025-03-16T00:00:00+00:00
[2025-03-14T20:10:24.166+0000] {processor.py:179} INFO - Processing /opt/airflow/dags/re_entrainment_model.py took 3.970 seconds
[2025-03-14T20:10:30.782+0000] {processor.py:157} INFO - Started process (PID=6937) to work on /opt/airflow/dags/re_entrainment_model.py
[2025-03-14T20:10:30.783+0000] {processor.py:829} INFO - Processing file /opt/airflow/dags/re_entrainment_model.py for tasks to queue
[2025-03-14T20:10:30.784+0000] {logging_mixin.py:151} INFO - [2025-03-14T20:10:30.784+0000] {dagbag.py:539} INFO - Filling up the DagBag from /opt/airflow/dags/re_entrainment_model.py
[2025-03-14T20:10:36.790+0000] {processor.py:839} INFO - DAG(s) dict_keys(['yfinance_lstm_training_dag']) retrieved from /opt/airflow/dags/re_entrainment_model.py
[2025-03-14T20:10:36.842+0000] {logging_mixin.py:151} INFO - [2025-03-14T20:10:36.841+0000] {dag.py:2915} INFO - Sync 1 DAGs
[2025-03-14T20:10:36.892+0000] {logging_mixin.py:151} INFO - [2025-03-14T20:10:36.891+0000] {dag.py:3696} INFO - Setting next_dagrun for yfinance_lstm_training_dag to 2025-03-09T00:00:00+00:00, run_after=2025-03-16T00:00:00+00:00
[2025-03-14T20:10:36.939+0000] {processor.py:179} INFO - Processing /opt/airflow/dags/re_entrainment_model.py took 6.162 seconds
[2025-03-14T20:11:07.247+0000] {processor.py:157} INFO - Started process (PID=6976) to work on /opt/airflow/dags/re_entrainment_model.py
[2025-03-14T20:11:07.248+0000] {processor.py:829} INFO - Processing file /opt/airflow/dags/re_entrainment_model.py for tasks to queue
[2025-03-14T20:11:07.249+0000] {logging_mixin.py:151} INFO - [2025-03-14T20:11:07.249+0000] {dagbag.py:539} INFO - Filling up the DagBag from /opt/airflow/dags/re_entrainment_model.py
[2025-03-14T20:11:11.427+0000] {processor.py:839} INFO - DAG(s) dict_keys(['yfinance_lstm_training_dag']) retrieved from /opt/airflow/dags/re_entrainment_model.py
[2025-03-14T20:11:11.453+0000] {logging_mixin.py:151} INFO - [2025-03-14T20:11:11.452+0000] {dag.py:2915} INFO - Sync 1 DAGs
[2025-03-14T20:11:11.486+0000] {logging_mixin.py:151} INFO - [2025-03-14T20:11:11.485+0000] {dag.py:3696} INFO - Setting next_dagrun for yfinance_lstm_training_dag to 2025-03-09T00:00:00+00:00, run_after=2025-03-16T00:00:00+00:00
[2025-03-14T20:11:11.513+0000] {processor.py:179} INFO - Processing /opt/airflow/dags/re_entrainment_model.py took 4.271 seconds
[2025-03-14T20:11:41.892+0000] {processor.py:157} INFO - Started process (PID=7001) to work on /opt/airflow/dags/re_entrainment_model.py
[2025-03-14T20:11:41.893+0000] {processor.py:829} INFO - Processing file /opt/airflow/dags/re_entrainment_model.py for tasks to queue
[2025-03-14T20:11:41.895+0000] {logging_mixin.py:151} INFO - [2025-03-14T20:11:41.894+0000] {dagbag.py:539} INFO - Filling up the DagBag from /opt/airflow/dags/re_entrainment_model.py
[2025-03-14T20:11:45.948+0000] {processor.py:839} INFO - DAG(s) dict_keys(['yfinance_lstm_training_dag']) retrieved from /opt/airflow/dags/re_entrainment_model.py
[2025-03-14T20:11:45.976+0000] {logging_mixin.py:151} INFO - [2025-03-14T20:11:45.975+0000] {dag.py:2915} INFO - Sync 1 DAGs
[2025-03-14T20:11:46.004+0000] {logging_mixin.py:151} INFO - [2025-03-14T20:11:46.004+0000] {dag.py:3696} INFO - Setting next_dagrun for yfinance_lstm_training_dag to 2025-03-09T00:00:00+00:00, run_after=2025-03-16T00:00:00+00:00
[2025-03-14T20:11:46.043+0000] {processor.py:179} INFO - Processing /opt/airflow/dags/re_entrainment_model.py took 4.156 seconds
[2025-03-14T20:12:16.149+0000] {processor.py:157} INFO - Started process (PID=7026) to work on /opt/airflow/dags/re_entrainment_model.py
[2025-03-14T20:12:16.151+0000] {processor.py:829} INFO - Processing file /opt/airflow/dags/re_entrainment_model.py for tasks to queue
[2025-03-14T20:12:16.154+0000] {logging_mixin.py:151} INFO - [2025-03-14T20:12:16.153+0000] {dagbag.py:539} INFO - Filling up the DagBag from /opt/airflow/dags/re_entrainment_model.py
[2025-03-14T20:12:20.561+0000] {processor.py:839} INFO - DAG(s) dict_keys(['yfinance_lstm_training_dag']) retrieved from /opt/airflow/dags/re_entrainment_model.py
[2025-03-14T20:12:20.609+0000] {logging_mixin.py:151} INFO - [2025-03-14T20:12:20.608+0000] {dag.py:2915} INFO - Sync 1 DAGs
[2025-03-14T20:12:20.660+0000] {logging_mixin.py:151} INFO - [2025-03-14T20:12:20.660+0000] {dag.py:3696} INFO - Setting next_dagrun for yfinance_lstm_training_dag to 2025-03-09T00:00:00+00:00, run_after=2025-03-16T00:00:00+00:00
[2025-03-14T20:12:20.695+0000] {processor.py:179} INFO - Processing /opt/airflow/dags/re_entrainment_model.py took 4.550 seconds
[2025-03-14T20:12:50.822+0000] {processor.py:157} INFO - Started process (PID=7051) to work on /opt/airflow/dags/re_entrainment_model.py
[2025-03-14T20:12:50.824+0000] {processor.py:829} INFO - Processing file /opt/airflow/dags/re_entrainment_model.py for tasks to queue
[2025-03-14T20:12:50.826+0000] {logging_mixin.py:151} INFO - [2025-03-14T20:12:50.825+0000] {dagbag.py:539} INFO - Filling up the DagBag from /opt/airflow/dags/re_entrainment_model.py
[2025-03-14T20:12:54.724+0000] {processor.py:839} INFO - DAG(s) dict_keys(['yfinance_lstm_training_dag']) retrieved from /opt/airflow/dags/re_entrainment_model.py
[2025-03-14T20:12:54.752+0000] {logging_mixin.py:151} INFO - [2025-03-14T20:12:54.751+0000] {dag.py:2915} INFO - Sync 1 DAGs
[2025-03-14T20:12:54.782+0000] {logging_mixin.py:151} INFO - [2025-03-14T20:12:54.782+0000] {dag.py:3696} INFO - Setting next_dagrun for yfinance_lstm_training_dag to 2025-03-09T00:00:00+00:00, run_after=2025-03-16T00:00:00+00:00
[2025-03-14T20:12:54.813+0000] {processor.py:179} INFO - Processing /opt/airflow/dags/re_entrainment_model.py took 3.995 seconds
[2025-03-14T20:13:25.089+0000] {processor.py:157} INFO - Started process (PID=7082) to work on /opt/airflow/dags/re_entrainment_model.py
[2025-03-14T20:13:25.090+0000] {processor.py:829} INFO - Processing file /opt/airflow/dags/re_entrainment_model.py for tasks to queue
[2025-03-14T20:13:25.092+0000] {logging_mixin.py:151} INFO - [2025-03-14T20:13:25.091+0000] {dagbag.py:539} INFO - Filling up the DagBag from /opt/airflow/dags/re_entrainment_model.py
[2025-03-14T20:13:29.980+0000] {processor.py:839} INFO - DAG(s) dict_keys(['yfinance_lstm_training_dag']) retrieved from /opt/airflow/dags/re_entrainment_model.py
[2025-03-14T20:13:30.024+0000] {logging_mixin.py:151} INFO - [2025-03-14T20:13:30.022+0000] {dag.py:2915} INFO - Sync 1 DAGs
[2025-03-14T20:13:30.093+0000] {logging_mixin.py:151} INFO - [2025-03-14T20:13:30.093+0000] {dag.py:3696} INFO - Setting next_dagrun for yfinance_lstm_training_dag to 2025-03-09T00:00:00+00:00, run_after=2025-03-16T00:00:00+00:00
[2025-03-14T20:13:30.167+0000] {processor.py:179} INFO - Processing /opt/airflow/dags/re_entrainment_model.py took 5.083 seconds
[2025-03-14T20:14:00.353+0000] {processor.py:157} INFO - Started process (PID=7107) to work on /opt/airflow/dags/re_entrainment_model.py
[2025-03-14T20:14:00.354+0000] {processor.py:829} INFO - Processing file /opt/airflow/dags/re_entrainment_model.py for tasks to queue
[2025-03-14T20:14:00.356+0000] {logging_mixin.py:151} INFO - [2025-03-14T20:14:00.355+0000] {dagbag.py:539} INFO - Filling up the DagBag from /opt/airflow/dags/re_entrainment_model.py
[2025-03-14T20:14:04.082+0000] {processor.py:839} INFO - DAG(s) dict_keys(['yfinance_lstm_training_dag']) retrieved from /opt/airflow/dags/re_entrainment_model.py
[2025-03-14T20:14:04.110+0000] {logging_mixin.py:151} INFO - [2025-03-14T20:14:04.109+0000] {dag.py:2915} INFO - Sync 1 DAGs
[2025-03-14T20:14:04.134+0000] {logging_mixin.py:151} INFO - [2025-03-14T20:14:04.134+0000] {dag.py:3696} INFO - Setting next_dagrun for yfinance_lstm_training_dag to 2025-03-09T00:00:00+00:00, run_after=2025-03-16T00:00:00+00:00
[2025-03-14T20:14:04.157+0000] {processor.py:179} INFO - Processing /opt/airflow/dags/re_entrainment_model.py took 3.811 seconds
[2025-03-14T20:14:34.397+0000] {processor.py:157} INFO - Started process (PID=7136) to work on /opt/airflow/dags/re_entrainment_model.py
[2025-03-14T20:14:34.399+0000] {processor.py:829} INFO - Processing file /opt/airflow/dags/re_entrainment_model.py for tasks to queue
[2025-03-14T20:14:34.401+0000] {logging_mixin.py:151} INFO - [2025-03-14T20:14:34.400+0000] {dagbag.py:539} INFO - Filling up the DagBag from /opt/airflow/dags/re_entrainment_model.py
[2025-03-14T20:14:39.385+0000] {processor.py:839} INFO - DAG(s) dict_keys(['yfinance_lstm_training_dag']) retrieved from /opt/airflow/dags/re_entrainment_model.py
[2025-03-14T20:14:39.419+0000] {logging_mixin.py:151} INFO - [2025-03-14T20:14:39.418+0000] {dag.py:2915} INFO - Sync 1 DAGs
[2025-03-14T20:14:39.450+0000] {logging_mixin.py:151} INFO - [2025-03-14T20:14:39.450+0000] {dag.py:3696} INFO - Setting next_dagrun for yfinance_lstm_training_dag to 2025-03-09T00:00:00+00:00, run_after=2025-03-16T00:00:00+00:00
[2025-03-14T20:14:39.482+0000] {processor.py:179} INFO - Processing /opt/airflow/dags/re_entrainment_model.py took 5.091 seconds
[2025-03-14T20:15:09.929+0000] {processor.py:157} INFO - Started process (PID=7163) to work on /opt/airflow/dags/re_entrainment_model.py
[2025-03-14T20:15:09.933+0000] {processor.py:829} INFO - Processing file /opt/airflow/dags/re_entrainment_model.py for tasks to queue
[2025-03-14T20:15:09.935+0000] {logging_mixin.py:151} INFO - [2025-03-14T20:15:09.935+0000] {dagbag.py:539} INFO - Filling up the DagBag from /opt/airflow/dags/re_entrainment_model.py
[2025-03-14T20:15:13.698+0000] {processor.py:839} INFO - DAG(s) dict_keys(['yfinance_lstm_training_dag']) retrieved from /opt/airflow/dags/re_entrainment_model.py
[2025-03-14T20:15:13.728+0000] {logging_mixin.py:151} INFO - [2025-03-14T20:15:13.727+0000] {dag.py:2915} INFO - Sync 1 DAGs
[2025-03-14T20:15:13.751+0000] {logging_mixin.py:151} INFO - [2025-03-14T20:15:13.751+0000] {dag.py:3696} INFO - Setting next_dagrun for yfinance_lstm_training_dag to 2025-03-09T00:00:00+00:00, run_after=2025-03-16T00:00:00+00:00
[2025-03-14T20:15:13.777+0000] {processor.py:179} INFO - Processing /opt/airflow/dags/re_entrainment_model.py took 3.856 seconds
[2025-03-14T20:15:44.264+0000] {processor.py:157} INFO - Started process (PID=7188) to work on /opt/airflow/dags/re_entrainment_model.py
[2025-03-14T20:15:44.265+0000] {processor.py:829} INFO - Processing file /opt/airflow/dags/re_entrainment_model.py for tasks to queue
[2025-03-14T20:15:44.266+0000] {logging_mixin.py:151} INFO - [2025-03-14T20:15:44.266+0000] {dagbag.py:539} INFO - Filling up the DagBag from /opt/airflow/dags/re_entrainment_model.py
[2025-03-14T20:15:48.338+0000] {processor.py:839} INFO - DAG(s) dict_keys(['yfinance_lstm_training_dag']) retrieved from /opt/airflow/dags/re_entrainment_model.py
[2025-03-14T20:15:48.378+0000] {logging_mixin.py:151} INFO - [2025-03-14T20:15:48.375+0000] {dag.py:2915} INFO - Sync 1 DAGs
[2025-03-14T20:15:48.409+0000] {logging_mixin.py:151} INFO - [2025-03-14T20:15:48.408+0000] {dag.py:3696} INFO - Setting next_dagrun for yfinance_lstm_training_dag to 2025-03-09T00:00:00+00:00, run_after=2025-03-16T00:00:00+00:00
[2025-03-14T20:15:48.434+0000] {processor.py:179} INFO - Processing /opt/airflow/dags/re_entrainment_model.py took 4.174 seconds
[2025-03-14T20:16:19.269+0000] {processor.py:157} INFO - Started process (PID=7227) to work on /opt/airflow/dags/re_entrainment_model.py
[2025-03-14T20:16:19.270+0000] {processor.py:829} INFO - Processing file /opt/airflow/dags/re_entrainment_model.py for tasks to queue
[2025-03-14T20:16:19.272+0000] {logging_mixin.py:151} INFO - [2025-03-14T20:16:19.271+0000] {dagbag.py:539} INFO - Filling up the DagBag from /opt/airflow/dags/re_entrainment_model.py
[2025-03-14T20:16:23.196+0000] {processor.py:839} INFO - DAG(s) dict_keys(['yfinance_lstm_training_dag']) retrieved from /opt/airflow/dags/re_entrainment_model.py
[2025-03-14T20:16:23.220+0000] {logging_mixin.py:151} INFO - [2025-03-14T20:16:23.219+0000] {dag.py:2915} INFO - Sync 1 DAGs
[2025-03-14T20:16:23.253+0000] {logging_mixin.py:151} INFO - [2025-03-14T20:16:23.253+0000] {dag.py:3696} INFO - Setting next_dagrun for yfinance_lstm_training_dag to 2025-03-09T00:00:00+00:00, run_after=2025-03-16T00:00:00+00:00
[2025-03-14T20:16:23.278+0000] {processor.py:179} INFO - Processing /opt/airflow/dags/re_entrainment_model.py took 4.013 seconds
[2025-03-14T20:16:53.719+0000] {processor.py:157} INFO - Started process (PID=7252) to work on /opt/airflow/dags/re_entrainment_model.py
[2025-03-14T20:16:53.721+0000] {processor.py:829} INFO - Processing file /opt/airflow/dags/re_entrainment_model.py for tasks to queue
[2025-03-14T20:16:53.722+0000] {logging_mixin.py:151} INFO - [2025-03-14T20:16:53.722+0000] {dagbag.py:539} INFO - Filling up the DagBag from /opt/airflow/dags/re_entrainment_model.py
[2025-03-14T20:16:58.187+0000] {processor.py:839} INFO - DAG(s) dict_keys(['yfinance_lstm_training_dag']) retrieved from /opt/airflow/dags/re_entrainment_model.py
[2025-03-14T20:16:58.217+0000] {logging_mixin.py:151} INFO - [2025-03-14T20:16:58.216+0000] {dag.py:2915} INFO - Sync 1 DAGs
[2025-03-14T20:16:58.243+0000] {logging_mixin.py:151} INFO - [2025-03-14T20:16:58.243+0000] {dag.py:3696} INFO - Setting next_dagrun for yfinance_lstm_training_dag to 2025-03-09T00:00:00+00:00, run_after=2025-03-16T00:00:00+00:00
[2025-03-14T20:16:58.276+0000] {processor.py:179} INFO - Processing /opt/airflow/dags/re_entrainment_model.py took 4.564 seconds
[2025-03-14T20:17:17.399+0000] {processor.py:157} INFO - Started process (PID=7277) to work on /opt/airflow/dags/re_entrainment_model.py
[2025-03-14T20:17:17.401+0000] {processor.py:829} INFO - Processing file /opt/airflow/dags/re_entrainment_model.py for tasks to queue
[2025-03-14T20:17:17.403+0000] {logging_mixin.py:151} INFO - [2025-03-14T20:17:17.403+0000] {dagbag.py:539} INFO - Filling up the DagBag from /opt/airflow/dags/re_entrainment_model.py
[2025-03-14T20:17:22.266+0000] {processor.py:839} INFO - DAG(s) dict_keys(['yfinance_lstm_training_dag']) retrieved from /opt/airflow/dags/re_entrainment_model.py
[2025-03-14T20:17:22.294+0000] {logging_mixin.py:151} INFO - [2025-03-14T20:17:22.292+0000] {dag.py:2915} INFO - Sync 1 DAGs
[2025-03-14T20:17:22.323+0000] {logging_mixin.py:151} INFO - [2025-03-14T20:17:22.323+0000] {dag.py:3696} INFO - Setting next_dagrun for yfinance_lstm_training_dag to 2025-03-09T00:00:00+00:00, run_after=2025-03-16T00:00:00+00:00
[2025-03-14T20:17:22.365+0000] {processor.py:179} INFO - Processing /opt/airflow/dags/re_entrainment_model.py took 4.971 seconds
[2025-03-14T20:17:22.468+0000] {processor.py:157} INFO - Started process (PID=7290) to work on /opt/airflow/dags/re_entrainment_model.py
[2025-03-14T20:17:22.470+0000] {processor.py:829} INFO - Processing file /opt/airflow/dags/re_entrainment_model.py for tasks to queue
[2025-03-14T20:17:22.472+0000] {logging_mixin.py:151} INFO - [2025-03-14T20:17:22.472+0000] {dagbag.py:539} INFO - Filling up the DagBag from /opt/airflow/dags/re_entrainment_model.py
[2025-03-14T20:17:27.144+0000] {processor.py:839} INFO - DAG(s) dict_keys(['yfinance_lstm_training_dag']) retrieved from /opt/airflow/dags/re_entrainment_model.py
[2025-03-14T20:17:27.174+0000] {logging_mixin.py:151} INFO - [2025-03-14T20:17:27.172+0000] {dag.py:2915} INFO - Sync 1 DAGs
[2025-03-14T20:17:27.238+0000] {logging_mixin.py:151} INFO - [2025-03-14T20:17:27.237+0000] {dag.py:3696} INFO - Setting next_dagrun for yfinance_lstm_training_dag to 2025-03-09T00:00:00+00:00, run_after=2025-03-16T00:00:00+00:00
[2025-03-14T20:17:27.281+0000] {processor.py:179} INFO - Processing /opt/airflow/dags/re_entrainment_model.py took 4.816 seconds
[2025-03-14T20:17:57.399+0000] {processor.py:157} INFO - Started process (PID=7315) to work on /opt/airflow/dags/re_entrainment_model.py
[2025-03-14T20:17:57.401+0000] {processor.py:829} INFO - Processing file /opt/airflow/dags/re_entrainment_model.py for tasks to queue
[2025-03-14T20:17:57.403+0000] {logging_mixin.py:151} INFO - [2025-03-14T20:17:57.402+0000] {dagbag.py:539} INFO - Filling up the DagBag from /opt/airflow/dags/re_entrainment_model.py
[2025-03-14T20:18:01.403+0000] {processor.py:839} INFO - DAG(s) dict_keys(['yfinance_lstm_training_dag']) retrieved from /opt/airflow/dags/re_entrainment_model.py
[2025-03-14T20:18:01.436+0000] {logging_mixin.py:151} INFO - [2025-03-14T20:18:01.435+0000] {dag.py:2915} INFO - Sync 1 DAGs
[2025-03-14T20:18:01.462+0000] {logging_mixin.py:151} INFO - [2025-03-14T20:18:01.462+0000] {dag.py:3696} INFO - Setting next_dagrun for yfinance_lstm_training_dag to 2025-03-09T00:00:00+00:00, run_after=2025-03-16T00:00:00+00:00
[2025-03-14T20:18:01.491+0000] {processor.py:179} INFO - Processing /opt/airflow/dags/re_entrainment_model.py took 4.097 seconds
[2025-03-14T20:18:32.432+0000] {processor.py:157} INFO - Started process (PID=7340) to work on /opt/airflow/dags/re_entrainment_model.py
[2025-03-14T20:18:32.434+0000] {processor.py:829} INFO - Processing file /opt/airflow/dags/re_entrainment_model.py for tasks to queue
[2025-03-14T20:18:32.436+0000] {logging_mixin.py:151} INFO - [2025-03-14T20:18:32.435+0000] {dagbag.py:539} INFO - Filling up the DagBag from /opt/airflow/dags/re_entrainment_model.py
[2025-03-14T20:18:36.408+0000] {processor.py:839} INFO - DAG(s) dict_keys(['yfinance_lstm_training_dag']) retrieved from /opt/airflow/dags/re_entrainment_model.py
[2025-03-14T20:18:36.458+0000] {logging_mixin.py:151} INFO - [2025-03-14T20:18:36.457+0000] {dag.py:2915} INFO - Sync 1 DAGs
[2025-03-14T20:18:36.489+0000] {logging_mixin.py:151} INFO - [2025-03-14T20:18:36.489+0000] {dag.py:3696} INFO - Setting next_dagrun for yfinance_lstm_training_dag to 2025-03-09T00:00:00+00:00, run_after=2025-03-16T00:00:00+00:00
[2025-03-14T20:18:36.522+0000] {processor.py:179} INFO - Processing /opt/airflow/dags/re_entrainment_model.py took 4.095 seconds
[2025-03-14T20:19:07.036+0000] {processor.py:157} INFO - Started process (PID=7365) to work on /opt/airflow/dags/re_entrainment_model.py
[2025-03-14T20:19:07.038+0000] {processor.py:829} INFO - Processing file /opt/airflow/dags/re_entrainment_model.py for tasks to queue
[2025-03-14T20:19:07.040+0000] {logging_mixin.py:151} INFO - [2025-03-14T20:19:07.040+0000] {dagbag.py:539} INFO - Filling up the DagBag from /opt/airflow/dags/re_entrainment_model.py
[2025-03-14T20:19:11.701+0000] {processor.py:839} INFO - DAG(s) dict_keys(['yfinance_lstm_training_dag']) retrieved from /opt/airflow/dags/re_entrainment_model.py
[2025-03-14T20:19:11.727+0000] {logging_mixin.py:151} INFO - [2025-03-14T20:19:11.726+0000] {dag.py:2915} INFO - Sync 1 DAGs
[2025-03-14T20:19:11.750+0000] {logging_mixin.py:151} INFO - [2025-03-14T20:19:11.750+0000] {dag.py:3696} INFO - Setting next_dagrun for yfinance_lstm_training_dag to 2025-03-09T00:00:00+00:00, run_after=2025-03-16T00:00:00+00:00
[2025-03-14T20:19:11.780+0000] {processor.py:179} INFO - Processing /opt/airflow/dags/re_entrainment_model.py took 4.748 seconds
[2025-03-14T20:19:42.358+0000] {processor.py:157} INFO - Started process (PID=7396) to work on /opt/airflow/dags/re_entrainment_model.py
[2025-03-14T20:19:42.360+0000] {processor.py:829} INFO - Processing file /opt/airflow/dags/re_entrainment_model.py for tasks to queue
[2025-03-14T20:19:42.361+0000] {logging_mixin.py:151} INFO - [2025-03-14T20:19:42.361+0000] {dagbag.py:539} INFO - Filling up the DagBag from /opt/airflow/dags/re_entrainment_model.py
[2025-03-14T20:19:46.163+0000] {processor.py:839} INFO - DAG(s) dict_keys(['yfinance_lstm_training_dag']) retrieved from /opt/airflow/dags/re_entrainment_model.py
[2025-03-14T20:19:46.191+0000] {logging_mixin.py:151} INFO - [2025-03-14T20:19:46.189+0000] {dag.py:2915} INFO - Sync 1 DAGs
[2025-03-14T20:19:46.215+0000] {logging_mixin.py:151} INFO - [2025-03-14T20:19:46.215+0000] {dag.py:3696} INFO - Setting next_dagrun for yfinance_lstm_training_dag to 2025-03-09T00:00:00+00:00, run_after=2025-03-16T00:00:00+00:00
[2025-03-14T20:19:46.239+0000] {processor.py:179} INFO - Processing /opt/airflow/dags/re_entrainment_model.py took 3.885 seconds
[2025-03-14T20:20:17.134+0000] {processor.py:157} INFO - Started process (PID=7421) to work on /opt/airflow/dags/re_entrainment_model.py
[2025-03-14T20:20:17.135+0000] {processor.py:829} INFO - Processing file /opt/airflow/dags/re_entrainment_model.py for tasks to queue
[2025-03-14T20:20:17.137+0000] {logging_mixin.py:151} INFO - [2025-03-14T20:20:17.136+0000] {dagbag.py:539} INFO - Filling up the DagBag from /opt/airflow/dags/re_entrainment_model.py
[2025-03-14T20:20:19.553+0000] {processor.py:839} INFO - DAG(s) dict_keys(['yfinance_lstm_training_dag']) retrieved from /opt/airflow/dags/re_entrainment_model.py
[2025-03-14T20:20:19.582+0000] {logging_mixin.py:151} INFO - [2025-03-14T20:20:19.582+0000] {dag.py:2915} INFO - Sync 1 DAGs
[2025-03-14T20:20:19.613+0000] {logging_mixin.py:151} INFO - [2025-03-14T20:20:19.613+0000] {dag.py:3696} INFO - Setting next_dagrun for yfinance_lstm_training_dag to 2025-03-09T00:00:00+00:00, run_after=2025-03-16T00:00:00+00:00
[2025-03-14T20:20:19.651+0000] {processor.py:179} INFO - Processing /opt/airflow/dags/re_entrainment_model.py took 4.269 seconds
[2025-03-14T20:20:50.216+0000] {processor.py:157} INFO - Started process (PID=7446) to work on /opt/airflow/dags/re_entrainment_model.py
[2025-03-14T20:20:50.217+0000] {processor.py:829} INFO - Processing file /opt/airflow/dags/re_entrainment_model.py for tasks to queue
[2025-03-14T20:20:50.219+0000] {logging_mixin.py:151} INFO - [2025-03-14T20:20:50.219+0000] {dagbag.py:539} INFO - Filling up the DagBag from /opt/airflow/dags/re_entrainment_model.py
[2025-03-14T20:20:56.325+0000] {processor.py:839} INFO - DAG(s) dict_keys(['yfinance_lstm_training_dag']) retrieved from /opt/airflow/dags/re_entrainment_model.py
[2025-03-14T20:20:56.367+0000] {logging_mixin.py:151} INFO - [2025-03-14T20:20:56.366+0000] {dag.py:2915} INFO - Sync 1 DAGs
[2025-03-14T20:20:56.400+0000] {logging_mixin.py:151} INFO - [2025-03-14T20:20:56.400+0000] {dag.py:3696} INFO - Setting next_dagrun for yfinance_lstm_training_dag to 2025-03-09T00:00:00+00:00, run_after=2025-03-16T00:00:00+00:00
[2025-03-14T20:20:56.429+0000] {processor.py:179} INFO - Processing /opt/airflow/dags/re_entrainment_model.py took 6.218 seconds
[2025-03-14T20:21:27.044+0000] {processor.py:157} INFO - Started process (PID=7471) to work on /opt/airflow/dags/re_entrainment_model.py
[2025-03-14T20:21:27.046+0000] {processor.py:829} INFO - Processing file /opt/airflow/dags/re_entrainment_model.py for tasks to queue
[2025-03-14T20:21:27.047+0000] {logging_mixin.py:151} INFO - [2025-03-14T20:21:27.047+0000] {dagbag.py:539} INFO - Filling up the DagBag from /opt/airflow/dags/re_entrainment_model.py
[2025-03-14T20:21:32.061+0000] {processor.py:839} INFO - DAG(s) dict_keys(['yfinance_lstm_training_dag']) retrieved from /opt/airflow/dags/re_entrainment_model.py
[2025-03-14T20:21:32.101+0000] {logging_mixin.py:151} INFO - [2025-03-14T20:21:32.100+0000] {dag.py:2915} INFO - Sync 1 DAGs
[2025-03-14T20:21:32.138+0000] {logging_mixin.py:151} INFO - [2025-03-14T20:21:32.138+0000] {dag.py:3696} INFO - Setting next_dagrun for yfinance_lstm_training_dag to 2025-03-09T00:00:00+00:00, run_after=2025-03-16T00:00:00+00:00
[2025-03-14T20:21:32.182+0000] {processor.py:179} INFO - Processing /opt/airflow/dags/re_entrainment_model.py took 5.143 seconds
[2025-03-14T20:22:02.464+0000] {processor.py:157} INFO - Started process (PID=7502) to work on /opt/airflow/dags/re_entrainment_model.py
[2025-03-14T20:22:02.466+0000] {processor.py:829} INFO - Processing file /opt/airflow/dags/re_entrainment_model.py for tasks to queue
[2025-03-14T20:22:02.470+0000] {logging_mixin.py:151} INFO - [2025-03-14T20:22:02.469+0000] {dagbag.py:539} INFO - Filling up the DagBag from /opt/airflow/dags/re_entrainment_model.py
[2025-03-14T20:22:08.000+0000] {processor.py:839} INFO - DAG(s) dict_keys(['yfinance_lstm_training_dag']) retrieved from /opt/airflow/dags/re_entrainment_model.py
[2025-03-14T20:22:08.040+0000] {logging_mixin.py:151} INFO - [2025-03-14T20:22:08.038+0000] {dag.py:2915} INFO - Sync 1 DAGs
[2025-03-14T20:22:08.076+0000] {logging_mixin.py:151} INFO - [2025-03-14T20:22:08.075+0000] {dag.py:3696} INFO - Setting next_dagrun for yfinance_lstm_training_dag to 2025-03-09T00:00:00+00:00, run_after=2025-03-16T00:00:00+00:00
[2025-03-14T20:22:08.108+0000] {processor.py:179} INFO - Processing /opt/airflow/dags/re_entrainment_model.py took 5.651 seconds
[2025-03-14T20:22:38.367+0000] {processor.py:157} INFO - Started process (PID=7527) to work on /opt/airflow/dags/re_entrainment_model.py
[2025-03-14T20:22:38.369+0000] {processor.py:829} INFO - Processing file /opt/airflow/dags/re_entrainment_model.py for tasks to queue
[2025-03-14T20:22:38.371+0000] {logging_mixin.py:151} INFO - [2025-03-14T20:22:38.370+0000] {dagbag.py:539} INFO - Filling up the DagBag from /opt/airflow/dags/re_entrainment_model.py
[2025-03-14T20:22:42.880+0000] {processor.py:839} INFO - DAG(s) dict_keys(['yfinance_lstm_training_dag']) retrieved from /opt/airflow/dags/re_entrainment_model.py
[2025-03-14T20:22:42.966+0000] {logging_mixin.py:151} INFO - [2025-03-14T20:22:42.965+0000] {dag.py:2915} INFO - Sync 1 DAGs
[2025-03-14T20:22:42.996+0000] {logging_mixin.py:151} INFO - [2025-03-14T20:22:42.995+0000] {dag.py:3696} INFO - Setting next_dagrun for yfinance_lstm_training_dag to 2025-03-09T00:00:00+00:00, run_after=2025-03-16T00:00:00+00:00
[2025-03-14T20:22:43.022+0000] {processor.py:179} INFO - Processing /opt/airflow/dags/re_entrainment_model.py took 6.417 seconds
[2025-03-14T20:23:13.780+0000] {processor.py:157} INFO - Started process (PID=7552) to work on /opt/airflow/dags/re_entrainment_model.py
[2025-03-14T20:23:13.782+0000] {processor.py:829} INFO - Processing file /opt/airflow/dags/re_entrainment_model.py for tasks to queue
[2025-03-14T20:23:13.784+0000] {logging_mixin.py:151} INFO - [2025-03-14T20:23:13.783+0000] {dagbag.py:539} INFO - Filling up the DagBag from /opt/airflow/dags/re_entrainment_model.py
[2025-03-14T20:23:17.700+0000] {processor.py:839} INFO - DAG(s) dict_keys(['yfinance_lstm_training_dag']) retrieved from /opt/airflow/dags/re_entrainment_model.py
[2025-03-14T20:23:17.728+0000] {logging_mixin.py:151} INFO - [2025-03-14T20:23:17.727+0000] {dag.py:2915} INFO - Sync 1 DAGs
[2025-03-14T20:23:17.756+0000] {logging_mixin.py:151} INFO - [2025-03-14T20:23:17.756+0000] {dag.py:3696} INFO - Setting next_dagrun for yfinance_lstm_training_dag to 2025-03-09T00:00:00+00:00, run_after=2025-03-16T00:00:00+00:00
[2025-03-14T20:23:17.785+0000] {processor.py:179} INFO - Processing /opt/airflow/dags/re_entrainment_model.py took 4.010 seconds
[2025-03-14T20:23:48.355+0000] {processor.py:157} INFO - Started process (PID=7577) to work on /opt/airflow/dags/re_entrainment_model.py
[2025-03-14T20:23:48.356+0000] {processor.py:829} INFO - Processing file /opt/airflow/dags/re_entrainment_model.py for tasks to queue
[2025-03-14T20:23:48.357+0000] {logging_mixin.py:151} INFO - [2025-03-14T20:23:48.357+0000] {dagbag.py:539} INFO - Filling up the DagBag from /opt/airflow/dags/re_entrainment_model.py
[2025-03-14T20:23:52.516+0000] {processor.py:839} INFO - DAG(s) dict_keys(['yfinance_lstm_training_dag']) retrieved from /opt/airflow/dags/re_entrainment_model.py
[2025-03-14T20:23:52.567+0000] {logging_mixin.py:151} INFO - [2025-03-14T20:23:52.566+0000] {dag.py:2915} INFO - Sync 1 DAGs
[2025-03-14T20:23:52.624+0000] {logging_mixin.py:151} INFO - [2025-03-14T20:23:52.623+0000] {dag.py:3696} INFO - Setting next_dagrun for yfinance_lstm_training_dag to 2025-03-09T00:00:00+00:00, run_after=2025-03-16T00:00:00+00:00
[2025-03-14T20:23:52.655+0000] {processor.py:179} INFO - Processing /opt/airflow/dags/re_entrainment_model.py took 4.303 seconds
[2025-03-14T20:24:23.030+0000] {processor.py:157} INFO - Started process (PID=7602) to work on /opt/airflow/dags/re_entrainment_model.py
[2025-03-14T20:24:23.032+0000] {processor.py:829} INFO - Processing file /opt/airflow/dags/re_entrainment_model.py for tasks to queue
[2025-03-14T20:24:23.034+0000] {logging_mixin.py:151} INFO - [2025-03-14T20:24:23.034+0000] {dagbag.py:539} INFO - Filling up the DagBag from /opt/airflow/dags/re_entrainment_model.py
[2025-03-14T20:24:27.405+0000] {processor.py:839} INFO - DAG(s) dict_keys(['yfinance_lstm_training_dag']) retrieved from /opt/airflow/dags/re_entrainment_model.py
[2025-03-14T20:24:27.434+0000] {logging_mixin.py:151} INFO - [2025-03-14T20:24:27.431+0000] {dag.py:2915} INFO - Sync 1 DAGs
[2025-03-14T20:24:27.471+0000] {logging_mixin.py:151} INFO - [2025-03-14T20:24:27.471+0000] {dag.py:3696} INFO - Setting next_dagrun for yfinance_lstm_training_dag to 2025-03-09T00:00:00+00:00, run_after=2025-03-16T00:00:00+00:00
[2025-03-14T20:24:27.501+0000] {processor.py:179} INFO - Processing /opt/airflow/dags/re_entrainment_model.py took 4.474 seconds
[2025-03-14T20:24:57.973+0000] {processor.py:157} INFO - Started process (PID=7633) to work on /opt/airflow/dags/re_entrainment_model.py
[2025-03-14T20:24:57.975+0000] {processor.py:829} INFO - Processing file /opt/airflow/dags/re_entrainment_model.py for tasks to queue
[2025-03-14T20:24:57.977+0000] {logging_mixin.py:151} INFO - [2025-03-14T20:24:57.977+0000] {dagbag.py:539} INFO - Filling up the DagBag from /opt/airflow/dags/re_entrainment_model.py
[2025-03-14T20:25:01.462+0000] {processor.py:839} INFO - DAG(s) dict_keys(['yfinance_lstm_training_dag']) retrieved from /opt/airflow/dags/re_entrainment_model.py
[2025-03-14T20:25:01.489+0000] {logging_mixin.py:151} INFO - [2025-03-14T20:25:01.487+0000] {dag.py:2915} INFO - Sync 1 DAGs
[2025-03-14T20:25:01.516+0000] {logging_mixin.py:151} INFO - [2025-03-14T20:25:01.515+0000] {dag.py:3696} INFO - Setting next_dagrun for yfinance_lstm_training_dag to 2025-03-09T00:00:00+00:00, run_after=2025-03-16T00:00:00+00:00
[2025-03-14T20:25:01.544+0000] {processor.py:179} INFO - Processing /opt/airflow/dags/re_entrainment_model.py took 5.329 seconds
[2025-03-14T20:25:31.822+0000] {processor.py:157} INFO - Started process (PID=7658) to work on /opt/airflow/dags/re_entrainment_model.py
[2025-03-14T20:25:31.825+0000] {processor.py:829} INFO - Processing file /opt/airflow/dags/re_entrainment_model.py for tasks to queue
[2025-03-14T20:25:31.828+0000] {logging_mixin.py:151} INFO - [2025-03-14T20:25:31.827+0000] {dagbag.py:539} INFO - Filling up the DagBag from /opt/airflow/dags/re_entrainment_model.py
[2025-03-14T20:25:35.548+0000] {processor.py:839} INFO - DAG(s) dict_keys(['yfinance_lstm_training_dag']) retrieved from /opt/airflow/dags/re_entrainment_model.py
[2025-03-14T20:25:35.572+0000] {logging_mixin.py:151} INFO - [2025-03-14T20:25:35.571+0000] {dag.py:2915} INFO - Sync 1 DAGs
[2025-03-14T20:25:35.602+0000] {logging_mixin.py:151} INFO - [2025-03-14T20:25:35.601+0000] {dag.py:3696} INFO - Setting next_dagrun for yfinance_lstm_training_dag to 2025-03-09T00:00:00+00:00, run_after=2025-03-16T00:00:00+00:00
[2025-03-14T20:25:35.626+0000] {processor.py:179} INFO - Processing /opt/airflow/dags/re_entrainment_model.py took 3.811 seconds
[2025-03-14T20:26:06.303+0000] {processor.py:157} INFO - Started process (PID=7683) to work on /opt/airflow/dags/re_entrainment_model.py
[2025-03-14T20:26:06.306+0000] {processor.py:829} INFO - Processing file /opt/airflow/dags/re_entrainment_model.py for tasks to queue
[2025-03-14T20:26:06.310+0000] {logging_mixin.py:151} INFO - [2025-03-14T20:26:06.309+0000] {dagbag.py:539} INFO - Filling up the DagBag from /opt/airflow/dags/re_entrainment_model.py
[2025-03-14T20:26:10.991+0000] {processor.py:839} INFO - DAG(s) dict_keys(['yfinance_lstm_training_dag']) retrieved from /opt/airflow/dags/re_entrainment_model.py
[2025-03-14T20:26:11.019+0000] {logging_mixin.py:151} INFO - [2025-03-14T20:26:11.018+0000] {dag.py:2915} INFO - Sync 1 DAGs
[2025-03-14T20:26:11.044+0000] {logging_mixin.py:151} INFO - [2025-03-14T20:26:11.044+0000] {dag.py:3696} INFO - Setting next_dagrun for yfinance_lstm_training_dag to 2025-03-09T00:00:00+00:00, run_after=2025-03-16T00:00:00+00:00
[2025-03-14T20:26:11.077+0000] {processor.py:179} INFO - Processing /opt/airflow/dags/re_entrainment_model.py took 4.781 seconds
[2025-03-14T20:26:41.412+0000] {processor.py:157} INFO - Started process (PID=7708) to work on /opt/airflow/dags/re_entrainment_model.py
[2025-03-14T20:26:41.414+0000] {processor.py:829} INFO - Processing file /opt/airflow/dags/re_entrainment_model.py for tasks to queue
[2025-03-14T20:26:41.415+0000] {logging_mixin.py:151} INFO - [2025-03-14T20:26:41.415+0000] {dagbag.py:539} INFO - Filling up the DagBag from /opt/airflow/dags/re_entrainment_model.py
[2025-03-14T20:26:45.422+0000] {processor.py:839} INFO - DAG(s) dict_keys(['yfinance_lstm_training_dag']) retrieved from /opt/airflow/dags/re_entrainment_model.py
[2025-03-14T20:26:45.455+0000] {logging_mixin.py:151} INFO - [2025-03-14T20:26:45.455+0000] {dag.py:2915} INFO - Sync 1 DAGs
[2025-03-14T20:26:45.485+0000] {logging_mixin.py:151} INFO - [2025-03-14T20:26:45.485+0000] {dag.py:3696} INFO - Setting next_dagrun for yfinance_lstm_training_dag to 2025-03-09T00:00:00+00:00, run_after=2025-03-16T00:00:00+00:00
[2025-03-14T20:26:45.512+0000] {processor.py:179} INFO - Processing /opt/airflow/dags/re_entrainment_model.py took 4.104 seconds
[2025-03-14T20:27:15.811+0000] {processor.py:157} INFO - Started process (PID=7733) to work on /opt/airflow/dags/re_entrainment_model.py
[2025-03-14T20:27:15.813+0000] {processor.py:829} INFO - Processing file /opt/airflow/dags/re_entrainment_model.py for tasks to queue
[2025-03-14T20:27:15.815+0000] {logging_mixin.py:151} INFO - [2025-03-14T20:27:15.814+0000] {dagbag.py:539} INFO - Filling up the DagBag from /opt/airflow/dags/re_entrainment_model.py
[2025-03-14T20:27:19.705+0000] {processor.py:839} INFO - DAG(s) dict_keys(['yfinance_lstm_training_dag']) retrieved from /opt/airflow/dags/re_entrainment_model.py
[2025-03-14T20:27:19.738+0000] {logging_mixin.py:151} INFO - [2025-03-14T20:27:19.737+0000] {dag.py:2915} INFO - Sync 1 DAGs
[2025-03-14T20:27:19.776+0000] {logging_mixin.py:151} INFO - [2025-03-14T20:27:19.775+0000] {dag.py:3696} INFO - Setting next_dagrun for yfinance_lstm_training_dag to 2025-03-09T00:00:00+00:00, run_after=2025-03-16T00:00:00+00:00
[2025-03-14T20:27:19.813+0000] {processor.py:179} INFO - Processing /opt/airflow/dags/re_entrainment_model.py took 4.008 seconds
[2025-03-14T20:27:50.531+0000] {processor.py:157} INFO - Started process (PID=7764) to work on /opt/airflow/dags/re_entrainment_model.py
[2025-03-14T20:27:50.533+0000] {processor.py:829} INFO - Processing file /opt/airflow/dags/re_entrainment_model.py for tasks to queue
[2025-03-14T20:27:50.534+0000] {logging_mixin.py:151} INFO - [2025-03-14T20:27:50.534+0000] {dagbag.py:539} INFO - Filling up the DagBag from /opt/airflow/dags/re_entrainment_model.py
[2025-03-14T20:27:54.633+0000] {processor.py:839} INFO - DAG(s) dict_keys(['yfinance_lstm_training_dag']) retrieved from /opt/airflow/dags/re_entrainment_model.py
[2025-03-14T20:27:54.660+0000] {logging_mixin.py:151} INFO - [2025-03-14T20:27:54.659+0000] {dag.py:2915} INFO - Sync 1 DAGs
[2025-03-14T20:27:54.686+0000] {logging_mixin.py:151} INFO - [2025-03-14T20:27:54.686+0000] {dag.py:3696} INFO - Setting next_dagrun for yfinance_lstm_training_dag to 2025-03-09T00:00:00+00:00, run_after=2025-03-16T00:00:00+00:00
[2025-03-14T20:27:54.717+0000] {processor.py:179} INFO - Processing /opt/airflow/dags/re_entrainment_model.py took 4.192 seconds
[2025-03-14T20:28:25.036+0000] {processor.py:157} INFO - Started process (PID=7789) to work on /opt/airflow/dags/re_entrainment_model.py
[2025-03-14T20:28:25.038+0000] {processor.py:829} INFO - Processing file /opt/airflow/dags/re_entrainment_model.py for tasks to queue
[2025-03-14T20:28:25.039+0000] {logging_mixin.py:151} INFO - [2025-03-14T20:28:25.038+0000] {dagbag.py:539} INFO - Filling up the DagBag from /opt/airflow/dags/re_entrainment_model.py
[2025-03-14T20:28:30.695+0000] {processor.py:839} INFO - DAG(s) dict_keys(['yfinance_lstm_training_dag']) retrieved from /opt/airflow/dags/re_entrainment_model.py
[2025-03-14T20:28:30.786+0000] {logging_mixin.py:151} INFO - [2025-03-14T20:28:30.784+0000] {dag.py:2915} INFO - Sync 1 DAGs
[2025-03-14T20:28:30.874+0000] {logging_mixin.py:151} INFO - [2025-03-14T20:28:30.873+0000] {dag.py:3696} INFO - Setting next_dagrun for yfinance_lstm_training_dag to 2025-03-09T00:00:00+00:00, run_after=2025-03-16T00:00:00+00:00
[2025-03-14T20:28:30.926+0000] {processor.py:179} INFO - Processing /opt/airflow/dags/re_entrainment_model.py took 5.893 seconds
[2025-03-14T20:29:01.929+0000] {processor.py:157} INFO - Started process (PID=7814) to work on /opt/airflow/dags/re_entrainment_model.py
[2025-03-14T20:29:01.931+0000] {processor.py:829} INFO - Processing file /opt/airflow/dags/re_entrainment_model.py for tasks to queue
[2025-03-14T20:29:01.933+0000] {logging_mixin.py:151} INFO - [2025-03-14T20:29:01.932+0000] {dagbag.py:539} INFO - Filling up the DagBag from /opt/airflow/dags/re_entrainment_model.py
[2025-03-14T20:29:07.168+0000] {processor.py:839} INFO - DAG(s) dict_keys(['yfinance_lstm_training_dag']) retrieved from /opt/airflow/dags/re_entrainment_model.py
[2025-03-14T20:29:07.201+0000] {logging_mixin.py:151} INFO - [2025-03-14T20:29:07.199+0000] {dag.py:2915} INFO - Sync 1 DAGs
[2025-03-14T20:29:07.240+0000] {logging_mixin.py:151} INFO - [2025-03-14T20:29:07.240+0000] {dag.py:3696} INFO - Setting next_dagrun for yfinance_lstm_training_dag to 2025-03-09T00:00:00+00:00, run_after=2025-03-16T00:00:00+00:00
[2025-03-14T20:29:07.265+0000] {processor.py:179} INFO - Processing /opt/airflow/dags/re_entrainment_model.py took 5.340 seconds
[2025-03-14T20:29:37.556+0000] {processor.py:157} INFO - Started process (PID=7839) to work on /opt/airflow/dags/re_entrainment_model.py
[2025-03-14T20:29:37.558+0000] {processor.py:829} INFO - Processing file /opt/airflow/dags/re_entrainment_model.py for tasks to queue
[2025-03-14T20:29:37.560+0000] {logging_mixin.py:151} INFO - [2025-03-14T20:29:37.560+0000] {dagbag.py:539} INFO - Filling up the DagBag from /opt/airflow/dags/re_entrainment_model.py
[2025-03-14T20:29:40.121+0000] {processor.py:839} INFO - DAG(s) dict_keys(['yfinance_lstm_training_dag']) retrieved from /opt/airflow/dags/re_entrainment_model.py
[2025-03-14T20:29:40.157+0000] {logging_mixin.py:151} INFO - [2025-03-14T20:29:40.156+0000] {dag.py:2915} INFO - Sync 1 DAGs
[2025-03-14T20:29:40.196+0000] {logging_mixin.py:151} INFO - [2025-03-14T20:29:40.195+0000] {dag.py:3696} INFO - Setting next_dagrun for yfinance_lstm_training_dag to 2025-03-09T00:00:00+00:00, run_after=2025-03-16T00:00:00+00:00
[2025-03-14T20:29:40.233+0000] {processor.py:179} INFO - Processing /opt/airflow/dags/re_entrainment_model.py took 5.138 seconds
[2025-03-14T20:30:10.438+0000] {processor.py:157} INFO - Started process (PID=7864) to work on /opt/airflow/dags/re_entrainment_model.py
[2025-03-14T20:30:10.440+0000] {processor.py:829} INFO - Processing file /opt/airflow/dags/re_entrainment_model.py for tasks to queue
[2025-03-14T20:30:10.441+0000] {logging_mixin.py:151} INFO - [2025-03-14T20:30:10.441+0000] {dagbag.py:539} INFO - Filling up the DagBag from /opt/airflow/dags/re_entrainment_model.py
[2025-03-14T20:30:20.301+0000] {processor.py:839} INFO - DAG(s) dict_keys(['yfinance_lstm_training_dag']) retrieved from /opt/airflow/dags/re_entrainment_model.py
[2025-03-14T20:30:20.380+0000] {logging_mixin.py:151} INFO - [2025-03-14T20:30:20.378+0000] {dag.py:2915} INFO - Sync 1 DAGs
[2025-03-14T20:30:20.460+0000] {logging_mixin.py:151} INFO - [2025-03-14T20:30:20.459+0000] {dag.py:3696} INFO - Setting next_dagrun for yfinance_lstm_training_dag to 2025-03-09T00:00:00+00:00, run_after=2025-03-16T00:00:00+00:00
[2025-03-14T20:30:20.641+0000] {processor.py:179} INFO - Processing /opt/airflow/dags/re_entrainment_model.py took 10.206 seconds
[2025-03-14T20:30:51.098+0000] {processor.py:157} INFO - Started process (PID=7895) to work on /opt/airflow/dags/re_entrainment_model.py
[2025-03-14T20:30:51.100+0000] {processor.py:829} INFO - Processing file /opt/airflow/dags/re_entrainment_model.py for tasks to queue
[2025-03-14T20:30:51.104+0000] {logging_mixin.py:151} INFO - [2025-03-14T20:30:51.104+0000] {dagbag.py:539} INFO - Filling up the DagBag from /opt/airflow/dags/re_entrainment_model.py
[2025-03-14T20:30:56.336+0000] {processor.py:839} INFO - DAG(s) dict_keys(['yfinance_lstm_training_dag']) retrieved from /opt/airflow/dags/re_entrainment_model.py
[2025-03-14T20:30:56.366+0000] {logging_mixin.py:151} INFO - [2025-03-14T20:30:56.366+0000] {dag.py:2915} INFO - Sync 1 DAGs
[2025-03-14T20:30:56.396+0000] {logging_mixin.py:151} INFO - [2025-03-14T20:30:56.396+0000] {dag.py:3696} INFO - Setting next_dagrun for yfinance_lstm_training_dag to 2025-03-09T00:00:00+00:00, run_after=2025-03-16T00:00:00+00:00
[2025-03-14T20:30:56.433+0000] {processor.py:179} INFO - Processing /opt/airflow/dags/re_entrainment_model.py took 5.342 seconds
[2025-03-14T20:31:26.658+0000] {processor.py:157} INFO - Started process (PID=7920) to work on /opt/airflow/dags/re_entrainment_model.py
[2025-03-14T20:31:26.660+0000] {processor.py:829} INFO - Processing file /opt/airflow/dags/re_entrainment_model.py for tasks to queue
[2025-03-14T20:31:26.662+0000] {logging_mixin.py:151} INFO - [2025-03-14T20:31:26.661+0000] {dagbag.py:539} INFO - Filling up the DagBag from /opt/airflow/dags/re_entrainment_model.py
[2025-03-14T20:31:34.587+0000] {processor.py:839} INFO - DAG(s) dict_keys(['yfinance_lstm_training_dag']) retrieved from /opt/airflow/dags/re_entrainment_model.py
[2025-03-14T20:31:34.618+0000] {logging_mixin.py:151} INFO - [2025-03-14T20:31:34.617+0000] {dag.py:2915} INFO - Sync 1 DAGs
[2025-03-14T20:31:34.652+0000] {logging_mixin.py:151} INFO - [2025-03-14T20:31:34.651+0000] {dag.py:3696} INFO - Setting next_dagrun for yfinance_lstm_training_dag to 2025-03-09T00:00:00+00:00, run_after=2025-03-16T00:00:00+00:00
[2025-03-14T20:31:34.678+0000] {processor.py:179} INFO - Processing /opt/airflow/dags/re_entrainment_model.py took 10.607 seconds
[2025-03-14T20:32:04.785+0000] {processor.py:157} INFO - Started process (PID=7949) to work on /opt/airflow/dags/re_entrainment_model.py
[2025-03-14T20:32:04.787+0000] {processor.py:829} INFO - Processing file /opt/airflow/dags/re_entrainment_model.py for tasks to queue
[2025-03-14T20:32:04.789+0000] {logging_mixin.py:151} INFO - [2025-03-14T20:32:04.789+0000] {dagbag.py:539} INFO - Filling up the DagBag from /opt/airflow/dags/re_entrainment_model.py
[2025-03-14T20:32:10.399+0000] {processor.py:839} INFO - DAG(s) dict_keys(['yfinance_lstm_training_dag']) retrieved from /opt/airflow/dags/re_entrainment_model.py
[2025-03-14T20:32:10.444+0000] {logging_mixin.py:151} INFO - [2025-03-14T20:32:10.443+0000] {dag.py:2915} INFO - Sync 1 DAGs
[2025-03-14T20:32:10.490+0000] {logging_mixin.py:151} INFO - [2025-03-14T20:32:10.489+0000] {dag.py:3696} INFO - Setting next_dagrun for yfinance_lstm_training_dag to 2025-03-09T00:00:00+00:00, run_after=2025-03-16T00:00:00+00:00
[2025-03-14T20:32:10.559+0000] {processor.py:179} INFO - Processing /opt/airflow/dags/re_entrainment_model.py took 5.786 seconds
[2025-03-14T20:32:41.092+0000] {processor.py:157} INFO - Started process (PID=8035) to work on /opt/airflow/dags/re_entrainment_model.py
[2025-03-14T20:32:41.094+0000] {processor.py:829} INFO - Processing file /opt/airflow/dags/re_entrainment_model.py for tasks to queue
[2025-03-14T20:32:41.097+0000] {logging_mixin.py:151} INFO - [2025-03-14T20:32:41.096+0000] {dagbag.py:539} INFO - Filling up the DagBag from /opt/airflow/dags/re_entrainment_model.py
[2025-03-14T20:32:49.907+0000] {processor.py:839} INFO - DAG(s) dict_keys(['yfinance_lstm_training_dag']) retrieved from /opt/airflow/dags/re_entrainment_model.py
[2025-03-14T20:32:49.968+0000] {logging_mixin.py:151} INFO - [2025-03-14T20:32:49.966+0000] {dag.py:2915} INFO - Sync 1 DAGs
[2025-03-14T20:32:50.043+0000] {logging_mixin.py:151} INFO - [2025-03-14T20:32:50.042+0000] {dag.py:3696} INFO - Setting next_dagrun for yfinance_lstm_training_dag to 2025-03-09T00:00:00+00:00, run_after=2025-03-16T00:00:00+00:00
[2025-03-14T20:32:50.089+0000] {processor.py:179} INFO - Processing /opt/airflow/dags/re_entrainment_model.py took 9.009 seconds
[2025-03-14T20:33:20.859+0000] {processor.py:157} INFO - Started process (PID=8101) to work on /opt/airflow/dags/re_entrainment_model.py
[2025-03-14T20:33:20.863+0000] {processor.py:829} INFO - Processing file /opt/airflow/dags/re_entrainment_model.py for tasks to queue
[2025-03-14T20:33:20.867+0000] {logging_mixin.py:151} INFO - [2025-03-14T20:33:20.866+0000] {dagbag.py:539} INFO - Filling up the DagBag from /opt/airflow/dags/re_entrainment_model.py
[2025-03-14T20:33:32.068+0000] {processor.py:839} INFO - DAG(s) dict_keys(['yfinance_lstm_training_dag']) retrieved from /opt/airflow/dags/re_entrainment_model.py
[2025-03-14T20:33:32.141+0000] {logging_mixin.py:151} INFO - [2025-03-14T20:33:32.139+0000] {dag.py:2915} INFO - Sync 1 DAGs
[2025-03-14T20:33:32.232+0000] {logging_mixin.py:151} INFO - [2025-03-14T20:33:32.231+0000] {dag.py:3696} INFO - Setting next_dagrun for yfinance_lstm_training_dag to 2025-03-09T00:00:00+00:00, run_after=2025-03-16T00:00:00+00:00
[2025-03-14T20:33:32.356+0000] {processor.py:179} INFO - Processing /opt/airflow/dags/re_entrainment_model.py took 11.503 seconds
[2025-03-14T20:34:02.723+0000] {processor.py:157} INFO - Started process (PID=8168) to work on /opt/airflow/dags/re_entrainment_model.py
[2025-03-14T20:34:02.725+0000] {processor.py:829} INFO - Processing file /opt/airflow/dags/re_entrainment_model.py for tasks to queue
[2025-03-14T20:34:02.727+0000] {logging_mixin.py:151} INFO - [2025-03-14T20:34:02.726+0000] {dagbag.py:539} INFO - Filling up the DagBag from /opt/airflow/dags/re_entrainment_model.py
[2025-03-14T20:34:11.284+0000] {processor.py:839} INFO - DAG(s) dict_keys(['yfinance_lstm_training_dag']) retrieved from /opt/airflow/dags/re_entrainment_model.py
[2025-03-14T20:34:11.377+0000] {logging_mixin.py:151} INFO - [2025-03-14T20:34:11.376+0000] {dag.py:2915} INFO - Sync 1 DAGs
[2025-03-14T20:34:11.434+0000] {logging_mixin.py:151} INFO - [2025-03-14T20:34:11.433+0000] {dag.py:3696} INFO - Setting next_dagrun for yfinance_lstm_training_dag to 2025-03-09T00:00:00+00:00, run_after=2025-03-16T00:00:00+00:00
[2025-03-14T20:34:11.472+0000] {processor.py:179} INFO - Processing /opt/airflow/dags/re_entrainment_model.py took 11.326 seconds
[2025-03-14T20:34:41.944+0000] {processor.py:157} INFO - Started process (PID=8229) to work on /opt/airflow/dags/re_entrainment_model.py
[2025-03-14T20:34:41.948+0000] {processor.py:829} INFO - Processing file /opt/airflow/dags/re_entrainment_model.py for tasks to queue
[2025-03-14T20:34:41.951+0000] {logging_mixin.py:151} INFO - [2025-03-14T20:34:41.950+0000] {dagbag.py:539} INFO - Filling up the DagBag from /opt/airflow/dags/re_entrainment_model.py
[2025-03-14T20:34:48.244+0000] {processor.py:839} INFO - DAG(s) dict_keys(['yfinance_lstm_training_dag']) retrieved from /opt/airflow/dags/re_entrainment_model.py
[2025-03-14T20:34:48.279+0000] {logging_mixin.py:151} INFO - [2025-03-14T20:34:48.278+0000] {dag.py:2915} INFO - Sync 1 DAGs
[2025-03-14T20:34:48.313+0000] {logging_mixin.py:151} INFO - [2025-03-14T20:34:48.312+0000] {dag.py:3696} INFO - Setting next_dagrun for yfinance_lstm_training_dag to 2025-03-09T00:00:00+00:00, run_after=2025-03-16T00:00:00+00:00
[2025-03-14T20:34:48.344+0000] {processor.py:179} INFO - Processing /opt/airflow/dags/re_entrainment_model.py took 6.412 seconds
[2025-03-14T20:35:18.773+0000] {processor.py:157} INFO - Started process (PID=8283) to work on /opt/airflow/dags/re_entrainment_model.py
[2025-03-14T20:35:18.775+0000] {processor.py:829} INFO - Processing file /opt/airflow/dags/re_entrainment_model.py for tasks to queue
[2025-03-14T20:35:18.777+0000] {logging_mixin.py:151} INFO - [2025-03-14T20:35:18.777+0000] {dagbag.py:539} INFO - Filling up the DagBag from /opt/airflow/dags/re_entrainment_model.py
[2025-03-14T20:35:23.251+0000] {processor.py:839} INFO - DAG(s) dict_keys(['yfinance_lstm_training_dag']) retrieved from /opt/airflow/dags/re_entrainment_model.py
[2025-03-14T20:35:23.283+0000] {logging_mixin.py:151} INFO - [2025-03-14T20:35:23.282+0000] {dag.py:2915} INFO - Sync 1 DAGs
[2025-03-14T20:35:23.313+0000] {logging_mixin.py:151} INFO - [2025-03-14T20:35:23.313+0000] {dag.py:3696} INFO - Setting next_dagrun for yfinance_lstm_training_dag to 2025-03-09T00:00:00+00:00, run_after=2025-03-16T00:00:00+00:00
[2025-03-14T20:35:23.341+0000] {processor.py:179} INFO - Processing /opt/airflow/dags/re_entrainment_model.py took 4.573 seconds
[2025-03-14T20:35:53.455+0000] {processor.py:157} INFO - Started process (PID=8312) to work on /opt/airflow/dags/re_entrainment_model.py
[2025-03-14T20:35:53.457+0000] {processor.py:829} INFO - Processing file /opt/airflow/dags/re_entrainment_model.py for tasks to queue
[2025-03-14T20:35:53.469+0000] {logging_mixin.py:151} INFO - [2025-03-14T20:35:53.469+0000] {dagbag.py:539} INFO - Filling up the DagBag from /opt/airflow/dags/re_entrainment_model.py
[2025-03-14T20:35:59.656+0000] {processor.py:839} INFO - DAG(s) dict_keys(['yfinance_lstm_training_dag']) retrieved from /opt/airflow/dags/re_entrainment_model.py
[2025-03-14T20:35:59.730+0000] {logging_mixin.py:151} INFO - [2025-03-14T20:35:59.728+0000] {dag.py:2915} INFO - Sync 1 DAGs
[2025-03-14T20:35:59.816+0000] {logging_mixin.py:151} INFO - [2025-03-14T20:35:59.816+0000] {dag.py:3696} INFO - Setting next_dagrun for yfinance_lstm_training_dag to 2025-03-09T00:00:00+00:00, run_after=2025-03-16T00:00:00+00:00
[2025-03-14T20:35:59.843+0000] {processor.py:179} INFO - Processing /opt/airflow/dags/re_entrainment_model.py took 6.395 seconds
[2025-03-14T20:36:30.193+0000] {processor.py:157} INFO - Started process (PID=8339) to work on /opt/airflow/dags/re_entrainment_model.py
[2025-03-14T20:36:30.195+0000] {processor.py:829} INFO - Processing file /opt/airflow/dags/re_entrainment_model.py for tasks to queue
[2025-03-14T20:36:30.198+0000] {logging_mixin.py:151} INFO - [2025-03-14T20:36:30.197+0000] {dagbag.py:539} INFO - Filling up the DagBag from /opt/airflow/dags/re_entrainment_model.py
[2025-03-14T20:36:33.475+0000] {processor.py:839} INFO - DAG(s) dict_keys(['yfinance_lstm_training_dag']) retrieved from /opt/airflow/dags/re_entrainment_model.py
[2025-03-14T20:36:33.502+0000] {logging_mixin.py:151} INFO - [2025-03-14T20:36:33.501+0000] {dag.py:2915} INFO - Sync 1 DAGs
[2025-03-14T20:36:33.529+0000] {logging_mixin.py:151} INFO - [2025-03-14T20:36:33.528+0000] {dag.py:3696} INFO - Setting next_dagrun for yfinance_lstm_training_dag to 2025-03-09T00:00:00+00:00, run_after=2025-03-16T00:00:00+00:00
[2025-03-14T20:36:33.554+0000] {processor.py:179} INFO - Processing /opt/airflow/dags/re_entrainment_model.py took 5.991 seconds
[2025-03-14T20:37:03.838+0000] {processor.py:157} INFO - Started process (PID=8364) to work on /opt/airflow/dags/re_entrainment_model.py
[2025-03-14T20:37:03.840+0000] {processor.py:829} INFO - Processing file /opt/airflow/dags/re_entrainment_model.py for tasks to queue
[2025-03-14T20:37:03.841+0000] {logging_mixin.py:151} INFO - [2025-03-14T20:37:03.841+0000] {dagbag.py:539} INFO - Filling up the DagBag from /opt/airflow/dags/re_entrainment_model.py
[2025-03-14T20:37:08.098+0000] {processor.py:839} INFO - DAG(s) dict_keys(['yfinance_lstm_training_dag']) retrieved from /opt/airflow/dags/re_entrainment_model.py
[2025-03-14T20:37:08.128+0000] {logging_mixin.py:151} INFO - [2025-03-14T20:37:08.127+0000] {dag.py:2915} INFO - Sync 1 DAGs
[2025-03-14T20:37:08.163+0000] {logging_mixin.py:151} INFO - [2025-03-14T20:37:08.163+0000] {dag.py:3696} INFO - Setting next_dagrun for yfinance_lstm_training_dag to 2025-03-09T00:00:00+00:00, run_after=2025-03-16T00:00:00+00:00
[2025-03-14T20:37:08.203+0000] {processor.py:179} INFO - Processing /opt/airflow/dags/re_entrainment_model.py took 4.369 seconds
[2025-03-14T20:37:38.977+0000] {processor.py:157} INFO - Started process (PID=8395) to work on /opt/airflow/dags/re_entrainment_model.py
[2025-03-14T20:37:38.978+0000] {processor.py:829} INFO - Processing file /opt/airflow/dags/re_entrainment_model.py for tasks to queue
[2025-03-14T20:37:38.980+0000] {logging_mixin.py:151} INFO - [2025-03-14T20:37:38.980+0000] {dagbag.py:539} INFO - Filling up the DagBag from /opt/airflow/dags/re_entrainment_model.py
[2025-03-14T20:37:42.915+0000] {processor.py:839} INFO - DAG(s) dict_keys(['yfinance_lstm_training_dag']) retrieved from /opt/airflow/dags/re_entrainment_model.py
[2025-03-14T20:37:42.962+0000] {logging_mixin.py:151} INFO - [2025-03-14T20:37:42.961+0000] {dag.py:2915} INFO - Sync 1 DAGs
[2025-03-14T20:37:43.006+0000] {logging_mixin.py:151} INFO - [2025-03-14T20:37:43.006+0000] {dag.py:3696} INFO - Setting next_dagrun for yfinance_lstm_training_dag to 2025-03-09T00:00:00+00:00, run_after=2025-03-16T00:00:00+00:00
[2025-03-14T20:37:43.034+0000] {processor.py:179} INFO - Processing /opt/airflow/dags/re_entrainment_model.py took 4.061 seconds
[2025-03-14T20:38:13.933+0000] {processor.py:157} INFO - Started process (PID=8420) to work on /opt/airflow/dags/re_entrainment_model.py
[2025-03-14T20:38:13.936+0000] {processor.py:829} INFO - Processing file /opt/airflow/dags/re_entrainment_model.py for tasks to queue
[2025-03-14T20:38:13.943+0000] {logging_mixin.py:151} INFO - [2025-03-14T20:38:13.942+0000] {dagbag.py:539} INFO - Filling up the DagBag from /opt/airflow/dags/re_entrainment_model.py
[2025-03-14T20:38:19.122+0000] {processor.py:839} INFO - DAG(s) dict_keys(['yfinance_lstm_training_dag']) retrieved from /opt/airflow/dags/re_entrainment_model.py
[2025-03-14T20:38:19.153+0000] {logging_mixin.py:151} INFO - [2025-03-14T20:38:19.152+0000] {dag.py:2915} INFO - Sync 1 DAGs
[2025-03-14T20:38:19.180+0000] {logging_mixin.py:151} INFO - [2025-03-14T20:38:19.180+0000] {dag.py:3696} INFO - Setting next_dagrun for yfinance_lstm_training_dag to 2025-03-09T00:00:00+00:00, run_after=2025-03-16T00:00:00+00:00
[2025-03-14T20:38:19.212+0000] {processor.py:179} INFO - Processing /opt/airflow/dags/re_entrainment_model.py took 5.285 seconds
[2025-03-14T20:38:36.633+0000] {processor.py:157} INFO - Started process (PID=8439) to work on /opt/airflow/dags/re_entrainment_model.py
[2025-03-14T20:38:36.635+0000] {processor.py:829} INFO - Processing file /opt/airflow/dags/re_entrainment_model.py for tasks to queue
[2025-03-14T20:38:36.636+0000] {logging_mixin.py:151} INFO - [2025-03-14T20:38:36.635+0000] {dagbag.py:539} INFO - Filling up the DagBag from /opt/airflow/dags/re_entrainment_model.py
[2025-03-14T20:38:42.403+0000] {processor.py:839} INFO - DAG(s) dict_keys(['yfinance_lstm_training_dag']) retrieved from /opt/airflow/dags/re_entrainment_model.py
[2025-03-14T20:38:42.433+0000] {logging_mixin.py:151} INFO - [2025-03-14T20:38:42.432+0000] {dag.py:2915} INFO - Sync 1 DAGs
[2025-03-14T20:38:42.459+0000] {logging_mixin.py:151} INFO - [2025-03-14T20:38:42.458+0000] {dag.py:3696} INFO - Setting next_dagrun for yfinance_lstm_training_dag to 2025-03-09T00:00:00+00:00, run_after=2025-03-16T00:00:00+00:00
[2025-03-14T20:38:42.508+0000] {processor.py:179} INFO - Processing /opt/airflow/dags/re_entrainment_model.py took 5.881 seconds
[2025-03-14T20:39:13.271+0000] {processor.py:157} INFO - Started process (PID=8520) to work on /opt/airflow/dags/re_entrainment_model.py
[2025-03-14T20:39:13.273+0000] {processor.py:829} INFO - Processing file /opt/airflow/dags/re_entrainment_model.py for tasks to queue
[2025-03-14T20:39:13.275+0000] {logging_mixin.py:151} INFO - [2025-03-14T20:39:13.274+0000] {dagbag.py:539} INFO - Filling up the DagBag from /opt/airflow/dags/re_entrainment_model.py
[2025-03-14T20:39:20.053+0000] {processor.py:839} INFO - DAG(s) dict_keys(['yfinance_lstm_training_dag']) retrieved from /opt/airflow/dags/re_entrainment_model.py
[2025-03-14T20:39:20.136+0000] {logging_mixin.py:151} INFO - [2025-03-14T20:39:20.134+0000] {dag.py:2915} INFO - Sync 1 DAGs
[2025-03-14T20:39:20.225+0000] {logging_mixin.py:151} INFO - [2025-03-14T20:39:20.224+0000] {dag.py:3696} INFO - Setting next_dagrun for yfinance_lstm_training_dag to 2025-03-09T00:00:00+00:00, run_after=2025-03-16T00:00:00+00:00
[2025-03-14T20:39:20.285+0000] {processor.py:179} INFO - Processing /opt/airflow/dags/re_entrainment_model.py took 9.748 seconds
[2025-03-14T20:39:50.495+0000] {processor.py:157} INFO - Started process (PID=8595) to work on /opt/airflow/dags/re_entrainment_model.py
[2025-03-14T20:39:50.499+0000] {processor.py:829} INFO - Processing file /opt/airflow/dags/re_entrainment_model.py for tasks to queue
[2025-03-14T20:39:50.504+0000] {logging_mixin.py:151} INFO - [2025-03-14T20:39:50.503+0000] {dagbag.py:539} INFO - Filling up the DagBag from /opt/airflow/dags/re_entrainment_model.py
[2025-03-14T20:40:01.185+0000] {processor.py:839} INFO - DAG(s) dict_keys(['yfinance_lstm_training_dag']) retrieved from /opt/airflow/dags/re_entrainment_model.py
[2025-03-14T20:40:01.227+0000] {logging_mixin.py:151} INFO - [2025-03-14T20:40:01.225+0000] {dag.py:2915} INFO - Sync 1 DAGs
[2025-03-14T20:40:01.275+0000] {logging_mixin.py:151} INFO - [2025-03-14T20:40:01.275+0000] {dag.py:3696} INFO - Setting next_dagrun for yfinance_lstm_training_dag to 2025-03-09T00:00:00+00:00, run_after=2025-03-16T00:00:00+00:00
[2025-03-14T20:40:01.313+0000] {processor.py:179} INFO - Processing /opt/airflow/dags/re_entrainment_model.py took 10.826 seconds
[2025-03-14T20:40:32.280+0000] {processor.py:157} INFO - Started process (PID=8668) to work on /opt/airflow/dags/re_entrainment_model.py
[2025-03-14T20:40:32.282+0000] {processor.py:829} INFO - Processing file /opt/airflow/dags/re_entrainment_model.py for tasks to queue
[2025-03-14T20:40:32.285+0000] {logging_mixin.py:151} INFO - [2025-03-14T20:40:32.284+0000] {dagbag.py:539} INFO - Filling up the DagBag from /opt/airflow/dags/re_entrainment_model.py
[2025-03-14T20:40:37.255+0000] {processor.py:839} INFO - DAG(s) dict_keys(['yfinance_lstm_training_dag']) retrieved from /opt/airflow/dags/re_entrainment_model.py
[2025-03-14T20:40:37.305+0000] {logging_mixin.py:151} INFO - [2025-03-14T20:40:37.303+0000] {dag.py:2915} INFO - Sync 1 DAGs
[2025-03-14T20:40:37.356+0000] {logging_mixin.py:151} INFO - [2025-03-14T20:40:37.355+0000] {dag.py:3696} INFO - Setting next_dagrun for yfinance_lstm_training_dag to 2025-03-09T00:00:00+00:00, run_after=2025-03-16T00:00:00+00:00
[2025-03-14T20:40:37.393+0000] {processor.py:179} INFO - Processing /opt/airflow/dags/re_entrainment_model.py took 7.852 seconds
[2025-03-14T20:41:08.114+0000] {processor.py:157} INFO - Started process (PID=8746) to work on /opt/airflow/dags/re_entrainment_model.py
[2025-03-14T20:41:08.125+0000] {processor.py:829} INFO - Processing file /opt/airflow/dags/re_entrainment_model.py for tasks to queue
[2025-03-14T20:41:08.141+0000] {logging_mixin.py:151} INFO - [2025-03-14T20:41:08.140+0000] {dagbag.py:539} INFO - Filling up the DagBag from /opt/airflow/dags/re_entrainment_model.py
[2025-03-14T20:41:14.351+0000] {processor.py:839} INFO - DAG(s) dict_keys(['yfinance_lstm_training_dag']) retrieved from /opt/airflow/dags/re_entrainment_model.py
[2025-03-14T20:41:14.422+0000] {logging_mixin.py:151} INFO - [2025-03-14T20:41:14.420+0000] {dag.py:2915} INFO - Sync 1 DAGs
[2025-03-14T20:41:14.474+0000] {logging_mixin.py:151} INFO - [2025-03-14T20:41:14.473+0000] {dag.py:3696} INFO - Setting next_dagrun for yfinance_lstm_training_dag to 2025-03-09T00:00:00+00:00, run_after=2025-03-16T00:00:00+00:00
[2025-03-14T20:41:14.521+0000] {processor.py:179} INFO - Processing /opt/airflow/dags/re_entrainment_model.py took 6.414 seconds
[2025-03-14T20:41:45.321+0000] {processor.py:157} INFO - Started process (PID=8777) to work on /opt/airflow/dags/re_entrainment_model.py
[2025-03-14T20:41:45.322+0000] {processor.py:829} INFO - Processing file /opt/airflow/dags/re_entrainment_model.py for tasks to queue
[2025-03-14T20:41:45.323+0000] {logging_mixin.py:151} INFO - [2025-03-14T20:41:45.323+0000] {dagbag.py:539} INFO - Filling up the DagBag from /opt/airflow/dags/re_entrainment_model.py
[2025-03-14T20:41:49.815+0000] {processor.py:839} INFO - DAG(s) dict_keys(['yfinance_lstm_training_dag']) retrieved from /opt/airflow/dags/re_entrainment_model.py
[2025-03-14T20:41:49.852+0000] {logging_mixin.py:151} INFO - [2025-03-14T20:41:49.851+0000] {dag.py:2915} INFO - Sync 1 DAGs
[2025-03-14T20:41:49.882+0000] {logging_mixin.py:151} INFO - [2025-03-14T20:41:49.882+0000] {dag.py:3696} INFO - Setting next_dagrun for yfinance_lstm_training_dag to 2025-03-09T00:00:00+00:00, run_after=2025-03-16T00:00:00+00:00
[2025-03-14T20:41:49.911+0000] {processor.py:179} INFO - Processing /opt/airflow/dags/re_entrainment_model.py took 4.595 seconds
[2025-03-14T20:42:20.852+0000] {processor.py:157} INFO - Started process (PID=8802) to work on /opt/airflow/dags/re_entrainment_model.py
[2025-03-14T20:42:20.853+0000] {processor.py:829} INFO - Processing file /opt/airflow/dags/re_entrainment_model.py for tasks to queue
[2025-03-14T20:42:20.855+0000] {logging_mixin.py:151} INFO - [2025-03-14T20:42:20.855+0000] {dagbag.py:539} INFO - Filling up the DagBag from /opt/airflow/dags/re_entrainment_model.py
[2025-03-14T20:42:23.590+0000] {processor.py:839} INFO - DAG(s) dict_keys(['yfinance_lstm_training_dag']) retrieved from /opt/airflow/dags/re_entrainment_model.py
[2025-03-14T20:42:23.617+0000] {logging_mixin.py:151} INFO - [2025-03-14T20:42:23.615+0000] {dag.py:2915} INFO - Sync 1 DAGs
[2025-03-14T20:42:23.639+0000] {logging_mixin.py:151} INFO - [2025-03-14T20:42:23.639+0000] {dag.py:3696} INFO - Setting next_dagrun for yfinance_lstm_training_dag to 2025-03-09T00:00:00+00:00, run_after=2025-03-16T00:00:00+00:00
[2025-03-14T20:42:23.664+0000] {processor.py:179} INFO - Processing /opt/airflow/dags/re_entrainment_model.py took 5.505 seconds
[2025-03-14T20:42:53.729+0000] {processor.py:157} INFO - Started process (PID=8830) to work on /opt/airflow/dags/re_entrainment_model.py
[2025-03-14T20:42:53.730+0000] {processor.py:829} INFO - Processing file /opt/airflow/dags/re_entrainment_model.py for tasks to queue
[2025-03-14T20:42:53.731+0000] {logging_mixin.py:151} INFO - [2025-03-14T20:42:53.731+0000] {dagbag.py:539} INFO - Filling up the DagBag from /opt/airflow/dags/re_entrainment_model.py
[2025-03-14T20:42:58.089+0000] {processor.py:839} INFO - DAG(s) dict_keys(['yfinance_lstm_training_dag']) retrieved from /opt/airflow/dags/re_entrainment_model.py
[2025-03-14T20:42:58.117+0000] {logging_mixin.py:151} INFO - [2025-03-14T20:42:58.116+0000] {dag.py:2915} INFO - Sync 1 DAGs
[2025-03-14T20:42:58.150+0000] {logging_mixin.py:151} INFO - [2025-03-14T20:42:58.149+0000] {dag.py:3696} INFO - Setting next_dagrun for yfinance_lstm_training_dag to 2025-03-09T00:00:00+00:00, run_after=2025-03-16T00:00:00+00:00
[2025-03-14T20:42:58.178+0000] {processor.py:179} INFO - Processing /opt/airflow/dags/re_entrainment_model.py took 4.453 seconds
[2025-03-14T20:43:29.052+0000] {processor.py:157} INFO - Started process (PID=8858) to work on /opt/airflow/dags/re_entrainment_model.py
[2025-03-14T20:43:29.054+0000] {processor.py:829} INFO - Processing file /opt/airflow/dags/re_entrainment_model.py for tasks to queue
[2025-03-14T20:43:29.056+0000] {logging_mixin.py:151} INFO - [2025-03-14T20:43:29.055+0000] {dagbag.py:539} INFO - Filling up the DagBag from /opt/airflow/dags/re_entrainment_model.py
[2025-03-14T20:43:32.891+0000] {processor.py:839} INFO - DAG(s) dict_keys(['yfinance_lstm_training_dag']) retrieved from /opt/airflow/dags/re_entrainment_model.py
[2025-03-14T20:43:32.918+0000] {logging_mixin.py:151} INFO - [2025-03-14T20:43:32.917+0000] {dag.py:2915} INFO - Sync 1 DAGs
[2025-03-14T20:43:32.941+0000] {logging_mixin.py:151} INFO - [2025-03-14T20:43:32.941+0000] {dag.py:3696} INFO - Setting next_dagrun for yfinance_lstm_training_dag to 2025-03-09T00:00:00+00:00, run_after=2025-03-16T00:00:00+00:00
[2025-03-14T20:43:32.965+0000] {processor.py:179} INFO - Processing /opt/airflow/dags/re_entrainment_model.py took 3.918 seconds
[2025-03-14T20:44:03.169+0000] {processor.py:157} INFO - Started process (PID=8883) to work on /opt/airflow/dags/re_entrainment_model.py
[2025-03-14T20:44:03.171+0000] {processor.py:829} INFO - Processing file /opt/airflow/dags/re_entrainment_model.py for tasks to queue
[2025-03-14T20:44:03.172+0000] {logging_mixin.py:151} INFO - [2025-03-14T20:44:03.172+0000] {dagbag.py:539} INFO - Filling up the DagBag from /opt/airflow/dags/re_entrainment_model.py
[2025-03-14T20:44:06.691+0000] {processor.py:839} INFO - DAG(s) dict_keys(['yfinance_lstm_training_dag']) retrieved from /opt/airflow/dags/re_entrainment_model.py
[2025-03-14T20:44:06.725+0000] {logging_mixin.py:151} INFO - [2025-03-14T20:44:06.723+0000] {dag.py:2915} INFO - Sync 1 DAGs
[2025-03-14T20:44:06.756+0000] {logging_mixin.py:151} INFO - [2025-03-14T20:44:06.756+0000] {dag.py:3696} INFO - Setting next_dagrun for yfinance_lstm_training_dag to 2025-03-09T00:00:00+00:00, run_after=2025-03-16T00:00:00+00:00
[2025-03-14T20:44:06.787+0000] {processor.py:179} INFO - Processing /opt/airflow/dags/re_entrainment_model.py took 3.621 seconds
[2025-03-14T20:44:37.386+0000] {processor.py:157} INFO - Started process (PID=8908) to work on /opt/airflow/dags/re_entrainment_model.py
[2025-03-14T20:44:37.388+0000] {processor.py:829} INFO - Processing file /opt/airflow/dags/re_entrainment_model.py for tasks to queue
[2025-03-14T20:44:37.391+0000] {logging_mixin.py:151} INFO - [2025-03-14T20:44:37.390+0000] {dagbag.py:539} INFO - Filling up the DagBag from /opt/airflow/dags/re_entrainment_model.py
[2025-03-14T20:44:41.235+0000] {processor.py:839} INFO - DAG(s) dict_keys(['yfinance_lstm_training_dag']) retrieved from /opt/airflow/dags/re_entrainment_model.py
[2025-03-14T20:44:41.269+0000] {logging_mixin.py:151} INFO - [2025-03-14T20:44:41.268+0000] {dag.py:2915} INFO - Sync 1 DAGs
[2025-03-14T20:44:41.303+0000] {logging_mixin.py:151} INFO - [2025-03-14T20:44:41.303+0000] {dag.py:3696} INFO - Setting next_dagrun for yfinance_lstm_training_dag to 2025-03-09T00:00:00+00:00, run_after=2025-03-16T00:00:00+00:00
[2025-03-14T20:44:41.338+0000] {processor.py:179} INFO - Processing /opt/airflow/dags/re_entrainment_model.py took 3.956 seconds
[2025-03-14T20:44:42.750+0000] {processor.py:157} INFO - Started process (PID=8921) to work on /opt/airflow/dags/re_entrainment_model.py
[2025-03-14T20:44:42.751+0000] {processor.py:829} INFO - Processing file /opt/airflow/dags/re_entrainment_model.py for tasks to queue
[2025-03-14T20:44:42.753+0000] {logging_mixin.py:151} INFO - [2025-03-14T20:44:42.752+0000] {dagbag.py:539} INFO - Filling up the DagBag from /opt/airflow/dags/re_entrainment_model.py
[2025-03-14T20:44:47.236+0000] {processor.py:839} INFO - DAG(s) dict_keys(['yfinance_lstm_training_dag']) retrieved from /opt/airflow/dags/re_entrainment_model.py
[2025-03-14T20:44:47.279+0000] {logging_mixin.py:151} INFO - [2025-03-14T20:44:47.278+0000] {dag.py:2915} INFO - Sync 1 DAGs
[2025-03-14T20:44:47.328+0000] {logging_mixin.py:151} INFO - [2025-03-14T20:44:47.327+0000] {dag.py:3696} INFO - Setting next_dagrun for yfinance_lstm_training_dag to 2025-03-09T00:00:00+00:00, run_after=2025-03-16T00:00:00+00:00
[2025-03-14T20:44:47.367+0000] {processor.py:179} INFO - Processing /opt/airflow/dags/re_entrainment_model.py took 4.621 seconds
[2025-03-14T20:45:17.464+0000] {processor.py:157} INFO - Started process (PID=8969) to work on /opt/airflow/dags/re_entrainment_model.py
[2025-03-14T20:45:17.466+0000] {processor.py:829} INFO - Processing file /opt/airflow/dags/re_entrainment_model.py for tasks to queue
[2025-03-14T20:45:17.468+0000] {logging_mixin.py:151} INFO - [2025-03-14T20:45:17.467+0000] {dagbag.py:539} INFO - Filling up the DagBag from /opt/airflow/dags/re_entrainment_model.py
[2025-03-14T20:45:24.021+0000] {processor.py:839} INFO - DAG(s) dict_keys(['yfinance_lstm_training_dag']) retrieved from /opt/airflow/dags/re_entrainment_model.py
[2025-03-14T20:45:24.089+0000] {logging_mixin.py:151} INFO - [2025-03-14T20:45:24.084+0000] {dag.py:2915} INFO - Sync 1 DAGs
[2025-03-14T20:45:24.157+0000] {logging_mixin.py:151} INFO - [2025-03-14T20:45:24.156+0000] {dag.py:3696} INFO - Setting next_dagrun for yfinance_lstm_training_dag to 2025-03-09T00:00:00+00:00, run_after=2025-03-16T00:00:00+00:00
[2025-03-14T20:45:24.213+0000] {processor.py:179} INFO - Processing /opt/airflow/dags/re_entrainment_model.py took 6.754 seconds
[2025-03-14T20:45:54.450+0000] {processor.py:157} INFO - Started process (PID=9081) to work on /opt/airflow/dags/re_entrainment_model.py
[2025-03-14T20:45:54.452+0000] {processor.py:829} INFO - Processing file /opt/airflow/dags/re_entrainment_model.py for tasks to queue
[2025-03-14T20:45:54.454+0000] {logging_mixin.py:151} INFO - [2025-03-14T20:45:54.454+0000] {dagbag.py:539} INFO - Filling up the DagBag from /opt/airflow/dags/re_entrainment_model.py
[2025-03-14T20:46:00.941+0000] {processor.py:839} INFO - DAG(s) dict_keys(['yfinance_lstm_training_dag']) retrieved from /opt/airflow/dags/re_entrainment_model.py
[2025-03-14T20:46:01.002+0000] {logging_mixin.py:151} INFO - [2025-03-14T20:46:00.996+0000] {dag.py:2915} INFO - Sync 1 DAGs
[2025-03-14T20:46:01.066+0000] {logging_mixin.py:151} INFO - [2025-03-14T20:46:01.065+0000] {dag.py:3696} INFO - Setting next_dagrun for yfinance_lstm_training_dag to 2025-03-09T00:00:00+00:00, run_after=2025-03-16T00:00:00+00:00
[2025-03-14T20:46:01.119+0000] {processor.py:179} INFO - Processing /opt/airflow/dags/re_entrainment_model.py took 9.404 seconds
[2025-03-14T20:46:31.638+0000] {processor.py:157} INFO - Started process (PID=9148) to work on /opt/airflow/dags/re_entrainment_model.py
[2025-03-14T20:46:31.647+0000] {processor.py:829} INFO - Processing file /opt/airflow/dags/re_entrainment_model.py for tasks to queue
[2025-03-14T20:46:31.650+0000] {logging_mixin.py:151} INFO - [2025-03-14T20:46:31.649+0000] {dagbag.py:539} INFO - Filling up the DagBag from /opt/airflow/dags/re_entrainment_model.py
[2025-03-14T20:46:40.789+0000] {processor.py:839} INFO - DAG(s) dict_keys(['yfinance_lstm_training_dag']) retrieved from /opt/airflow/dags/re_entrainment_model.py
[2025-03-14T20:46:40.862+0000] {logging_mixin.py:151} INFO - [2025-03-14T20:46:40.860+0000] {dag.py:2915} INFO - Sync 1 DAGs
[2025-03-14T20:46:40.951+0000] {logging_mixin.py:151} INFO - [2025-03-14T20:46:40.949+0000] {dag.py:3696} INFO - Setting next_dagrun for yfinance_lstm_training_dag to 2025-03-09T00:00:00+00:00, run_after=2025-03-16T00:00:00+00:00
[2025-03-14T20:46:41.014+0000] {processor.py:179} INFO - Processing /opt/airflow/dags/re_entrainment_model.py took 9.382 seconds
[2025-03-14T20:47:11.352+0000] {processor.py:157} INFO - Started process (PID=9227) to work on /opt/airflow/dags/re_entrainment_model.py
[2025-03-14T20:47:11.357+0000] {processor.py:829} INFO - Processing file /opt/airflow/dags/re_entrainment_model.py for tasks to queue
[2025-03-14T20:47:11.365+0000] {logging_mixin.py:151} INFO - [2025-03-14T20:47:11.364+0000] {dagbag.py:539} INFO - Filling up the DagBag from /opt/airflow/dags/re_entrainment_model.py
[2025-03-14T20:47:24.346+0000] {processor.py:839} INFO - DAG(s) dict_keys(['yfinance_lstm_training_dag']) retrieved from /opt/airflow/dags/re_entrainment_model.py
[2025-03-14T20:47:24.406+0000] {logging_mixin.py:151} INFO - [2025-03-14T20:47:24.405+0000] {dag.py:2915} INFO - Sync 1 DAGs
[2025-03-14T20:47:24.474+0000] {logging_mixin.py:151} INFO - [2025-03-14T20:47:24.474+0000] {dag.py:3696} INFO - Setting next_dagrun for yfinance_lstm_training_dag to 2025-03-09T00:00:00+00:00, run_after=2025-03-16T00:00:00+00:00
[2025-03-14T20:47:24.569+0000] {processor.py:179} INFO - Processing /opt/airflow/dags/re_entrainment_model.py took 13.231 seconds
[2025-03-14T20:47:55.041+0000] {processor.py:157} INFO - Started process (PID=9281) to work on /opt/airflow/dags/re_entrainment_model.py
[2025-03-14T20:47:55.043+0000] {processor.py:829} INFO - Processing file /opt/airflow/dags/re_entrainment_model.py for tasks to queue
[2025-03-14T20:47:55.044+0000] {logging_mixin.py:151} INFO - [2025-03-14T20:47:55.044+0000] {dagbag.py:539} INFO - Filling up the DagBag from /opt/airflow/dags/re_entrainment_model.py
[2025-03-14T20:47:58.630+0000] {processor.py:839} INFO - DAG(s) dict_keys(['yfinance_lstm_training_dag']) retrieved from /opt/airflow/dags/re_entrainment_model.py
[2025-03-14T20:47:58.661+0000] {logging_mixin.py:151} INFO - [2025-03-14T20:47:58.660+0000] {dag.py:2915} INFO - Sync 1 DAGs
[2025-03-14T20:47:58.696+0000] {logging_mixin.py:151} INFO - [2025-03-14T20:47:58.695+0000] {dag.py:3696} INFO - Setting next_dagrun for yfinance_lstm_training_dag to 2025-03-09T00:00:00+00:00, run_after=2025-03-16T00:00:00+00:00
[2025-03-14T20:47:58.732+0000] {processor.py:179} INFO - Processing /opt/airflow/dags/re_entrainment_model.py took 3.695 seconds
[2025-03-14T20:48:29.135+0000] {processor.py:157} INFO - Started process (PID=9306) to work on /opt/airflow/dags/re_entrainment_model.py
[2025-03-14T20:48:29.137+0000] {processor.py:829} INFO - Processing file /opt/airflow/dags/re_entrainment_model.py for tasks to queue
[2025-03-14T20:48:29.138+0000] {logging_mixin.py:151} INFO - [2025-03-14T20:48:29.138+0000] {dagbag.py:539} INFO - Filling up the DagBag from /opt/airflow/dags/re_entrainment_model.py
[2025-03-14T20:48:32.978+0000] {processor.py:839} INFO - DAG(s) dict_keys(['yfinance_lstm_training_dag']) retrieved from /opt/airflow/dags/re_entrainment_model.py
[2025-03-14T20:48:33.011+0000] {logging_mixin.py:151} INFO - [2025-03-14T20:48:33.010+0000] {dag.py:2915} INFO - Sync 1 DAGs
[2025-03-14T20:48:33.041+0000] {logging_mixin.py:151} INFO - [2025-03-14T20:48:33.040+0000] {dag.py:3696} INFO - Setting next_dagrun for yfinance_lstm_training_dag to 2025-03-09T00:00:00+00:00, run_after=2025-03-16T00:00:00+00:00
[2025-03-14T20:48:33.074+0000] {processor.py:179} INFO - Processing /opt/airflow/dags/re_entrainment_model.py took 3.943 seconds
[2025-03-14T20:49:03.670+0000] {processor.py:157} INFO - Started process (PID=9331) to work on /opt/airflow/dags/re_entrainment_model.py
[2025-03-14T20:49:03.671+0000] {processor.py:829} INFO - Processing file /opt/airflow/dags/re_entrainment_model.py for tasks to queue
[2025-03-14T20:49:03.673+0000] {logging_mixin.py:151} INFO - [2025-03-14T20:49:03.672+0000] {dagbag.py:539} INFO - Filling up the DagBag from /opt/airflow/dags/re_entrainment_model.py
[2025-03-14T20:49:07.295+0000] {processor.py:839} INFO - DAG(s) dict_keys(['yfinance_lstm_training_dag']) retrieved from /opt/airflow/dags/re_entrainment_model.py
[2025-03-14T20:49:07.324+0000] {logging_mixin.py:151} INFO - [2025-03-14T20:49:07.323+0000] {dag.py:2915} INFO - Sync 1 DAGs
[2025-03-14T20:49:07.354+0000] {logging_mixin.py:151} INFO - [2025-03-14T20:49:07.353+0000] {dag.py:3696} INFO - Setting next_dagrun for yfinance_lstm_training_dag to 2025-03-09T00:00:00+00:00, run_after=2025-03-16T00:00:00+00:00
[2025-03-14T20:49:07.386+0000] {processor.py:179} INFO - Processing /opt/airflow/dags/re_entrainment_model.py took 3.720 seconds
[2025-03-14T20:49:37.546+0000] {processor.py:157} INFO - Started process (PID=9356) to work on /opt/airflow/dags/re_entrainment_model.py
[2025-03-14T20:49:37.549+0000] {processor.py:829} INFO - Processing file /opt/airflow/dags/re_entrainment_model.py for tasks to queue
[2025-03-14T20:49:37.551+0000] {logging_mixin.py:151} INFO - [2025-03-14T20:49:37.550+0000] {dagbag.py:539} INFO - Filling up the DagBag from /opt/airflow/dags/re_entrainment_model.py
[2025-03-14T20:49:41.090+0000] {processor.py:839} INFO - DAG(s) dict_keys(['yfinance_lstm_training_dag']) retrieved from /opt/airflow/dags/re_entrainment_model.py
[2025-03-14T20:49:41.128+0000] {logging_mixin.py:151} INFO - [2025-03-14T20:49:41.127+0000] {dag.py:2915} INFO - Sync 1 DAGs
[2025-03-14T20:49:41.162+0000] {logging_mixin.py:151} INFO - [2025-03-14T20:49:41.161+0000] {dag.py:3696} INFO - Setting next_dagrun for yfinance_lstm_training_dag to 2025-03-09T00:00:00+00:00, run_after=2025-03-16T00:00:00+00:00
[2025-03-14T20:49:41.196+0000] {processor.py:179} INFO - Processing /opt/airflow/dags/re_entrainment_model.py took 6.390 seconds
[2025-03-14T20:50:11.440+0000] {processor.py:157} INFO - Started process (PID=9381) to work on /opt/airflow/dags/re_entrainment_model.py
[2025-03-14T20:50:11.442+0000] {processor.py:829} INFO - Processing file /opt/airflow/dags/re_entrainment_model.py for tasks to queue
[2025-03-14T20:50:11.443+0000] {logging_mixin.py:151} INFO - [2025-03-14T20:50:11.443+0000] {dagbag.py:539} INFO - Filling up the DagBag from /opt/airflow/dags/re_entrainment_model.py
[2025-03-14T20:50:16.434+0000] {processor.py:839} INFO - DAG(s) dict_keys(['yfinance_lstm_training_dag']) retrieved from /opt/airflow/dags/re_entrainment_model.py
[2025-03-14T20:50:16.464+0000] {logging_mixin.py:151} INFO - [2025-03-14T20:50:16.463+0000] {dag.py:2915} INFO - Sync 1 DAGs
[2025-03-14T20:50:16.499+0000] {logging_mixin.py:151} INFO - [2025-03-14T20:50:16.499+0000] {dag.py:3696} INFO - Setting next_dagrun for yfinance_lstm_training_dag to 2025-03-09T00:00:00+00:00, run_after=2025-03-16T00:00:00+00:00
[2025-03-14T20:50:16.527+0000] {processor.py:179} INFO - Processing /opt/airflow/dags/re_entrainment_model.py took 5.091 seconds
