[2025-03-13T20:13:54.269+0000] {processor.py:157} INFO - Started process (PID=170) to work on /opt/airflow/dags/ingest_historique.py
[2025-03-13T20:13:54.271+0000] {processor.py:829} INFO - Processing file /opt/airflow/dags/ingest_historique.py for tasks to queue
[2025-03-13T20:13:54.274+0000] {logging_mixin.py:151} INFO - [2025-03-13T20:13:54.273+0000] {dagbag.py:539} INFO - Filling up the DagBag from /opt/airflow/dags/ingest_historique.py
[2025-03-13T20:14:00.886+0000] {processor.py:841} WARNING - No viable dags retrieved from /opt/airflow/dags/ingest_historique.py
[2025-03-13T20:14:00.920+0000] {processor.py:179} INFO - Processing /opt/airflow/dags/ingest_historique.py took 6.656 seconds
[2025-03-13T20:14:31.178+0000] {processor.py:157} INFO - Started process (PID=179) to work on /opt/airflow/dags/ingest_historique.py
[2025-03-13T20:14:31.179+0000] {processor.py:829} INFO - Processing file /opt/airflow/dags/ingest_historique.py for tasks to queue
[2025-03-13T20:14:31.180+0000] {logging_mixin.py:151} INFO - [2025-03-13T20:14:31.180+0000] {dagbag.py:539} INFO - Filling up the DagBag from /opt/airflow/dags/ingest_historique.py
[2025-03-13T20:14:32.133+0000] {processor.py:841} WARNING - No viable dags retrieved from /opt/airflow/dags/ingest_historique.py
[2025-03-13T20:14:32.156+0000] {processor.py:179} INFO - Processing /opt/airflow/dags/ingest_historique.py took 0.982 seconds
[2025-03-13T20:15:02.631+0000] {processor.py:157} INFO - Started process (PID=191) to work on /opt/airflow/dags/ingest_historique.py
[2025-03-13T20:15:02.636+0000] {processor.py:829} INFO - Processing file /opt/airflow/dags/ingest_historique.py for tasks to queue
[2025-03-13T20:15:02.638+0000] {logging_mixin.py:151} INFO - [2025-03-13T20:15:02.637+0000] {dagbag.py:539} INFO - Filling up the DagBag from /opt/airflow/dags/ingest_historique.py
[2025-03-13T20:15:06.043+0000] {processor.py:841} WARNING - No viable dags retrieved from /opt/airflow/dags/ingest_historique.py
[2025-03-13T20:15:06.089+0000] {processor.py:179} INFO - Processing /opt/airflow/dags/ingest_historique.py took 3.476 seconds
[2025-03-13T20:15:36.546+0000] {processor.py:157} INFO - Started process (PID=203) to work on /opt/airflow/dags/ingest_historique.py
[2025-03-13T20:15:36.551+0000] {processor.py:829} INFO - Processing file /opt/airflow/dags/ingest_historique.py for tasks to queue
[2025-03-13T20:15:36.560+0000] {logging_mixin.py:151} INFO - [2025-03-13T20:15:36.556+0000] {dagbag.py:539} INFO - Filling up the DagBag from /opt/airflow/dags/ingest_historique.py
[2025-03-13T20:15:37.701+0000] {processor.py:841} WARNING - No viable dags retrieved from /opt/airflow/dags/ingest_historique.py
[2025-03-13T20:15:37.717+0000] {processor.py:179} INFO - Processing /opt/airflow/dags/ingest_historique.py took 1.182 seconds
[2025-03-13T20:16:08.266+0000] {processor.py:157} INFO - Started process (PID=218) to work on /opt/airflow/dags/ingest_historique.py
[2025-03-13T20:16:08.268+0000] {processor.py:829} INFO - Processing file /opt/airflow/dags/ingest_historique.py for tasks to queue
[2025-03-13T20:16:08.272+0000] {logging_mixin.py:151} INFO - [2025-03-13T20:16:08.271+0000] {dagbag.py:539} INFO - Filling up the DagBag from /opt/airflow/dags/ingest_historique.py
[2025-03-13T20:16:09.280+0000] {processor.py:841} WARNING - No viable dags retrieved from /opt/airflow/dags/ingest_historique.py
[2025-03-13T20:16:09.313+0000] {processor.py:179} INFO - Processing /opt/airflow/dags/ingest_historique.py took 1.055 seconds
[2025-03-13T20:16:39.967+0000] {processor.py:157} INFO - Started process (PID=230) to work on /opt/airflow/dags/ingest_historique.py
[2025-03-13T20:16:39.977+0000] {processor.py:829} INFO - Processing file /opt/airflow/dags/ingest_historique.py for tasks to queue
[2025-03-13T20:16:39.986+0000] {logging_mixin.py:151} INFO - [2025-03-13T20:16:39.985+0000] {dagbag.py:539} INFO - Filling up the DagBag from /opt/airflow/dags/ingest_historique.py
[2025-03-13T20:16:40.635+0000] {processor.py:841} WARNING - No viable dags retrieved from /opt/airflow/dags/ingest_historique.py
[2025-03-13T20:16:40.655+0000] {processor.py:179} INFO - Processing /opt/airflow/dags/ingest_historique.py took 0.693 seconds
[2025-03-13T20:17:11.266+0000] {processor.py:157} INFO - Started process (PID=242) to work on /opt/airflow/dags/ingest_historique.py
[2025-03-13T20:17:11.267+0000] {processor.py:829} INFO - Processing file /opt/airflow/dags/ingest_historique.py for tasks to queue
[2025-03-13T20:17:11.269+0000] {logging_mixin.py:151} INFO - [2025-03-13T20:17:11.269+0000] {dagbag.py:539} INFO - Filling up the DagBag from /opt/airflow/dags/ingest_historique.py
[2025-03-13T20:17:11.918+0000] {processor.py:841} WARNING - No viable dags retrieved from /opt/airflow/dags/ingest_historique.py
[2025-03-13T20:17:11.954+0000] {processor.py:179} INFO - Processing /opt/airflow/dags/ingest_historique.py took 0.700 seconds
[2025-03-13T20:17:42.497+0000] {processor.py:157} INFO - Started process (PID=254) to work on /opt/airflow/dags/ingest_historique.py
[2025-03-13T20:17:42.499+0000] {processor.py:829} INFO - Processing file /opt/airflow/dags/ingest_historique.py for tasks to queue
[2025-03-13T20:17:42.501+0000] {logging_mixin.py:151} INFO - [2025-03-13T20:17:42.501+0000] {dagbag.py:539} INFO - Filling up the DagBag from /opt/airflow/dags/ingest_historique.py
[2025-03-13T20:17:43.263+0000] {processor.py:841} WARNING - No viable dags retrieved from /opt/airflow/dags/ingest_historique.py
[2025-03-13T20:17:43.281+0000] {processor.py:179} INFO - Processing /opt/airflow/dags/ingest_historique.py took 0.790 seconds
[2025-03-13T20:18:14.064+0000] {processor.py:157} INFO - Started process (PID=266) to work on /opt/airflow/dags/ingest_historique.py
[2025-03-13T20:18:14.065+0000] {processor.py:829} INFO - Processing file /opt/airflow/dags/ingest_historique.py for tasks to queue
[2025-03-13T20:18:14.066+0000] {logging_mixin.py:151} INFO - [2025-03-13T20:18:14.066+0000] {dagbag.py:539} INFO - Filling up the DagBag from /opt/airflow/dags/ingest_historique.py
[2025-03-13T20:18:14.615+0000] {processor.py:841} WARNING - No viable dags retrieved from /opt/airflow/dags/ingest_historique.py
[2025-03-13T20:18:14.670+0000] {processor.py:179} INFO - Processing /opt/airflow/dags/ingest_historique.py took 0.610 seconds
[2025-03-13T20:18:45.206+0000] {processor.py:157} INFO - Started process (PID=278) to work on /opt/airflow/dags/ingest_historique.py
[2025-03-13T20:18:45.208+0000] {processor.py:829} INFO - Processing file /opt/airflow/dags/ingest_historique.py for tasks to queue
[2025-03-13T20:18:45.211+0000] {logging_mixin.py:151} INFO - [2025-03-13T20:18:45.210+0000] {dagbag.py:539} INFO - Filling up the DagBag from /opt/airflow/dags/ingest_historique.py
[2025-03-13T20:18:46.312+0000] {processor.py:841} WARNING - No viable dags retrieved from /opt/airflow/dags/ingest_historique.py
[2025-03-13T20:18:46.342+0000] {processor.py:179} INFO - Processing /opt/airflow/dags/ingest_historique.py took 1.143 seconds
[2025-03-13T20:19:16.971+0000] {processor.py:157} INFO - Started process (PID=290) to work on /opt/airflow/dags/ingest_historique.py
[2025-03-13T20:19:16.973+0000] {processor.py:829} INFO - Processing file /opt/airflow/dags/ingest_historique.py for tasks to queue
[2025-03-13T20:19:16.976+0000] {logging_mixin.py:151} INFO - [2025-03-13T20:19:16.975+0000] {dagbag.py:539} INFO - Filling up the DagBag from /opt/airflow/dags/ingest_historique.py
[2025-03-13T20:19:18.012+0000] {processor.py:841} WARNING - No viable dags retrieved from /opt/airflow/dags/ingest_historique.py
[2025-03-13T20:19:18.033+0000] {processor.py:179} INFO - Processing /opt/airflow/dags/ingest_historique.py took 1.068 seconds
[2025-03-13T20:19:48.908+0000] {processor.py:157} INFO - Started process (PID=302) to work on /opt/airflow/dags/ingest_historique.py
[2025-03-13T20:19:48.910+0000] {processor.py:829} INFO - Processing file /opt/airflow/dags/ingest_historique.py for tasks to queue
[2025-03-13T20:19:48.914+0000] {logging_mixin.py:151} INFO - [2025-03-13T20:19:48.913+0000] {dagbag.py:539} INFO - Filling up the DagBag from /opt/airflow/dags/ingest_historique.py
[2025-03-13T20:19:50.475+0000] {processor.py:841} WARNING - No viable dags retrieved from /opt/airflow/dags/ingest_historique.py
[2025-03-13T20:19:50.513+0000] {processor.py:179} INFO - Processing /opt/airflow/dags/ingest_historique.py took 1.613 seconds
[2025-03-13T20:20:21.083+0000] {processor.py:157} INFO - Started process (PID=314) to work on /opt/airflow/dags/ingest_historique.py
[2025-03-13T20:20:21.085+0000] {processor.py:829} INFO - Processing file /opt/airflow/dags/ingest_historique.py for tasks to queue
[2025-03-13T20:20:21.087+0000] {logging_mixin.py:151} INFO - [2025-03-13T20:20:21.086+0000] {dagbag.py:539} INFO - Filling up the DagBag from /opt/airflow/dags/ingest_historique.py
[2025-03-13T20:20:22.139+0000] {processor.py:841} WARNING - No viable dags retrieved from /opt/airflow/dags/ingest_historique.py
[2025-03-13T20:20:22.212+0000] {processor.py:179} INFO - Processing /opt/airflow/dags/ingest_historique.py took 1.135 seconds
[2025-03-13T20:20:52.721+0000] {processor.py:157} INFO - Started process (PID=326) to work on /opt/airflow/dags/ingest_historique.py
[2025-03-13T20:20:52.723+0000] {processor.py:829} INFO - Processing file /opt/airflow/dags/ingest_historique.py for tasks to queue
[2025-03-13T20:20:52.724+0000] {logging_mixin.py:151} INFO - [2025-03-13T20:20:52.723+0000] {dagbag.py:539} INFO - Filling up the DagBag from /opt/airflow/dags/ingest_historique.py
[2025-03-13T20:20:53.320+0000] {processor.py:841} WARNING - No viable dags retrieved from /opt/airflow/dags/ingest_historique.py
[2025-03-13T20:20:53.336+0000] {processor.py:179} INFO - Processing /opt/airflow/dags/ingest_historique.py took 0.619 seconds
[2025-03-13T20:21:23.967+0000] {processor.py:157} INFO - Started process (PID=338) to work on /opt/airflow/dags/ingest_historique.py
[2025-03-13T20:21:23.969+0000] {processor.py:829} INFO - Processing file /opt/airflow/dags/ingest_historique.py for tasks to queue
[2025-03-13T20:21:23.972+0000] {logging_mixin.py:151} INFO - [2025-03-13T20:21:23.971+0000] {dagbag.py:539} INFO - Filling up the DagBag from /opt/airflow/dags/ingest_historique.py
[2025-03-13T20:21:25.412+0000] {processor.py:841} WARNING - No viable dags retrieved from /opt/airflow/dags/ingest_historique.py
[2025-03-13T20:21:25.455+0000] {processor.py:179} INFO - Processing /opt/airflow/dags/ingest_historique.py took 1.504 seconds
[2025-03-13T20:21:55.989+0000] {processor.py:157} INFO - Started process (PID=350) to work on /opt/airflow/dags/ingest_historique.py
[2025-03-13T20:21:55.991+0000] {processor.py:829} INFO - Processing file /opt/airflow/dags/ingest_historique.py for tasks to queue
[2025-03-13T20:21:55.992+0000] {logging_mixin.py:151} INFO - [2025-03-13T20:21:55.992+0000] {dagbag.py:539} INFO - Filling up the DagBag from /opt/airflow/dags/ingest_historique.py
[2025-03-13T20:21:56.665+0000] {processor.py:841} WARNING - No viable dags retrieved from /opt/airflow/dags/ingest_historique.py
[2025-03-13T20:21:56.685+0000] {processor.py:179} INFO - Processing /opt/airflow/dags/ingest_historique.py took 0.702 seconds
[2025-03-13T20:22:27.170+0000] {processor.py:157} INFO - Started process (PID=362) to work on /opt/airflow/dags/ingest_historique.py
[2025-03-13T20:22:27.171+0000] {processor.py:829} INFO - Processing file /opt/airflow/dags/ingest_historique.py for tasks to queue
[2025-03-13T20:22:27.172+0000] {logging_mixin.py:151} INFO - [2025-03-13T20:22:27.172+0000] {dagbag.py:539} INFO - Filling up the DagBag from /opt/airflow/dags/ingest_historique.py
[2025-03-13T20:22:27.752+0000] {processor.py:841} WARNING - No viable dags retrieved from /opt/airflow/dags/ingest_historique.py
[2025-03-13T20:22:27.785+0000] {processor.py:179} INFO - Processing /opt/airflow/dags/ingest_historique.py took 0.619 seconds
[2025-03-13T20:22:58.324+0000] {processor.py:157} INFO - Started process (PID=374) to work on /opt/airflow/dags/ingest_historique.py
[2025-03-13T20:22:58.326+0000] {processor.py:829} INFO - Processing file /opt/airflow/dags/ingest_historique.py for tasks to queue
[2025-03-13T20:22:58.327+0000] {logging_mixin.py:151} INFO - [2025-03-13T20:22:58.327+0000] {dagbag.py:539} INFO - Filling up the DagBag from /opt/airflow/dags/ingest_historique.py
[2025-03-13T20:22:59.244+0000] {processor.py:841} WARNING - No viable dags retrieved from /opt/airflow/dags/ingest_historique.py
[2025-03-13T20:22:59.301+0000] {processor.py:179} INFO - Processing /opt/airflow/dags/ingest_historique.py took 0.983 seconds
[2025-03-13T20:23:29.822+0000] {processor.py:157} INFO - Started process (PID=386) to work on /opt/airflow/dags/ingest_historique.py
[2025-03-13T20:23:29.824+0000] {processor.py:829} INFO - Processing file /opt/airflow/dags/ingest_historique.py for tasks to queue
[2025-03-13T20:23:29.825+0000] {logging_mixin.py:151} INFO - [2025-03-13T20:23:29.825+0000] {dagbag.py:539} INFO - Filling up the DagBag from /opt/airflow/dags/ingest_historique.py
[2025-03-13T20:23:30.863+0000] {processor.py:841} WARNING - No viable dags retrieved from /opt/airflow/dags/ingest_historique.py
[2025-03-13T20:23:30.886+0000] {processor.py:179} INFO - Processing /opt/airflow/dags/ingest_historique.py took 1.068 seconds
[2025-03-13T20:24:01.422+0000] {processor.py:157} INFO - Started process (PID=398) to work on /opt/airflow/dags/ingest_historique.py
[2025-03-13T20:24:01.423+0000] {processor.py:829} INFO - Processing file /opt/airflow/dags/ingest_historique.py for tasks to queue
[2025-03-13T20:24:01.425+0000] {logging_mixin.py:151} INFO - [2025-03-13T20:24:01.424+0000] {dagbag.py:539} INFO - Filling up the DagBag from /opt/airflow/dags/ingest_historique.py
[2025-03-13T20:24:02.058+0000] {processor.py:841} WARNING - No viable dags retrieved from /opt/airflow/dags/ingest_historique.py
[2025-03-13T20:24:02.072+0000] {processor.py:179} INFO - Processing /opt/airflow/dags/ingest_historique.py took 0.653 seconds
[2025-03-13T20:24:32.539+0000] {processor.py:157} INFO - Started process (PID=410) to work on /opt/airflow/dags/ingest_historique.py
[2025-03-13T20:24:32.541+0000] {processor.py:829} INFO - Processing file /opt/airflow/dags/ingest_historique.py for tasks to queue
[2025-03-13T20:24:32.542+0000] {logging_mixin.py:151} INFO - [2025-03-13T20:24:32.542+0000] {dagbag.py:539} INFO - Filling up the DagBag from /opt/airflow/dags/ingest_historique.py
[2025-03-13T20:24:32.384+0000] {processor.py:841} WARNING - No viable dags retrieved from /opt/airflow/dags/ingest_historique.py
[2025-03-13T20:24:32.432+0000] {processor.py:179} INFO - Processing /opt/airflow/dags/ingest_historique.py took 0.816 seconds
[2025-03-13T20:25:02.934+0000] {processor.py:157} INFO - Started process (PID=422) to work on /opt/airflow/dags/ingest_historique.py
[2025-03-13T20:25:02.936+0000] {processor.py:829} INFO - Processing file /opt/airflow/dags/ingest_historique.py for tasks to queue
[2025-03-13T20:25:02.937+0000] {logging_mixin.py:151} INFO - [2025-03-13T20:25:02.936+0000] {dagbag.py:539} INFO - Filling up the DagBag from /opt/airflow/dags/ingest_historique.py
[2025-03-13T20:25:03.459+0000] {processor.py:841} WARNING - No viable dags retrieved from /opt/airflow/dags/ingest_historique.py
[2025-03-13T20:25:03.484+0000] {processor.py:179} INFO - Processing /opt/airflow/dags/ingest_historique.py took 0.554 seconds
[2025-03-13T20:25:33.926+0000] {processor.py:157} INFO - Started process (PID=434) to work on /opt/airflow/dags/ingest_historique.py
[2025-03-13T20:25:33.927+0000] {processor.py:829} INFO - Processing file /opt/airflow/dags/ingest_historique.py for tasks to queue
[2025-03-13T20:25:33.929+0000] {logging_mixin.py:151} INFO - [2025-03-13T20:25:33.928+0000] {dagbag.py:539} INFO - Filling up the DagBag from /opt/airflow/dags/ingest_historique.py
[2025-03-13T20:25:34.620+0000] {processor.py:841} WARNING - No viable dags retrieved from /opt/airflow/dags/ingest_historique.py
[2025-03-13T20:25:34.640+0000] {processor.py:179} INFO - Processing /opt/airflow/dags/ingest_historique.py took 0.720 seconds
[2025-03-13T20:26:05.108+0000] {processor.py:157} INFO - Started process (PID=446) to work on /opt/airflow/dags/ingest_historique.py
[2025-03-13T20:26:05.109+0000] {processor.py:829} INFO - Processing file /opt/airflow/dags/ingest_historique.py for tasks to queue
[2025-03-13T20:26:05.111+0000] {logging_mixin.py:151} INFO - [2025-03-13T20:26:05.111+0000] {dagbag.py:539} INFO - Filling up the DagBag from /opt/airflow/dags/ingest_historique.py
[2025-03-13T20:26:05.901+0000] {processor.py:841} WARNING - No viable dags retrieved from /opt/airflow/dags/ingest_historique.py
[2025-03-13T20:26:05.977+0000] {processor.py:179} INFO - Processing /opt/airflow/dags/ingest_historique.py took 0.877 seconds
[2025-03-13T20:26:36.460+0000] {processor.py:157} INFO - Started process (PID=458) to work on /opt/airflow/dags/ingest_historique.py
[2025-03-13T20:26:36.462+0000] {processor.py:829} INFO - Processing file /opt/airflow/dags/ingest_historique.py for tasks to queue
[2025-03-13T20:26:36.464+0000] {logging_mixin.py:151} INFO - [2025-03-13T20:26:36.463+0000] {dagbag.py:539} INFO - Filling up the DagBag from /opt/airflow/dags/ingest_historique.py
[2025-03-13T20:26:37.023+0000] {processor.py:841} WARNING - No viable dags retrieved from /opt/airflow/dags/ingest_historique.py
[2025-03-13T20:26:37.040+0000] {processor.py:179} INFO - Processing /opt/airflow/dags/ingest_historique.py took 0.586 seconds
[2025-03-13T20:27:07.528+0000] {processor.py:157} INFO - Started process (PID=470) to work on /opt/airflow/dags/ingest_historique.py
[2025-03-13T20:27:07.530+0000] {processor.py:829} INFO - Processing file /opt/airflow/dags/ingest_historique.py for tasks to queue
[2025-03-13T20:27:07.532+0000] {logging_mixin.py:151} INFO - [2025-03-13T20:27:07.531+0000] {dagbag.py:539} INFO - Filling up the DagBag from /opt/airflow/dags/ingest_historique.py
[2025-03-13T20:27:08.162+0000] {processor.py:841} WARNING - No viable dags retrieved from /opt/airflow/dags/ingest_historique.py
[2025-03-13T20:27:08.180+0000] {processor.py:179} INFO - Processing /opt/airflow/dags/ingest_historique.py took 0.658 seconds
[2025-03-13T20:27:38.594+0000] {processor.py:157} INFO - Started process (PID=482) to work on /opt/airflow/dags/ingest_historique.py
[2025-03-13T20:27:38.595+0000] {processor.py:829} INFO - Processing file /opt/airflow/dags/ingest_historique.py for tasks to queue
[2025-03-13T20:27:38.596+0000] {logging_mixin.py:151} INFO - [2025-03-13T20:27:38.595+0000] {dagbag.py:539} INFO - Filling up the DagBag from /opt/airflow/dags/ingest_historique.py
[2025-03-13T20:27:39.191+0000] {processor.py:841} WARNING - No viable dags retrieved from /opt/airflow/dags/ingest_historique.py
[2025-03-13T20:27:39.233+0000] {processor.py:179} INFO - Processing /opt/airflow/dags/ingest_historique.py took 0.643 seconds
[2025-03-13T20:28:09.707+0000] {processor.py:157} INFO - Started process (PID=494) to work on /opt/airflow/dags/ingest_historique.py
[2025-03-13T20:28:09.708+0000] {processor.py:829} INFO - Processing file /opt/airflow/dags/ingest_historique.py for tasks to queue
[2025-03-13T20:28:09.709+0000] {logging_mixin.py:151} INFO - [2025-03-13T20:28:09.709+0000] {dagbag.py:539} INFO - Filling up the DagBag from /opt/airflow/dags/ingest_historique.py
[2025-03-13T20:28:10.485+0000] {processor.py:841} WARNING - No viable dags retrieved from /opt/airflow/dags/ingest_historique.py
[2025-03-13T20:28:10.536+0000] {processor.py:179} INFO - Processing /opt/airflow/dags/ingest_historique.py took 0.833 seconds
[2025-03-13T20:28:40.861+0000] {processor.py:157} INFO - Started process (PID=506) to work on /opt/airflow/dags/ingest_historique.py
[2025-03-13T20:28:40.863+0000] {processor.py:829} INFO - Processing file /opt/airflow/dags/ingest_historique.py for tasks to queue
[2025-03-13T20:28:40.867+0000] {logging_mixin.py:151} INFO - [2025-03-13T20:28:40.866+0000] {dagbag.py:539} INFO - Filling up the DagBag from /opt/airflow/dags/ingest_historique.py
[2025-03-13T20:28:41.409+0000] {processor.py:841} WARNING - No viable dags retrieved from /opt/airflow/dags/ingest_historique.py
[2025-03-13T20:28:41.428+0000] {processor.py:179} INFO - Processing /opt/airflow/dags/ingest_historique.py took 0.574 seconds
[2025-03-13T20:29:11.899+0000] {processor.py:157} INFO - Started process (PID=518) to work on /opt/airflow/dags/ingest_historique.py
[2025-03-13T20:29:11.900+0000] {processor.py:829} INFO - Processing file /opt/airflow/dags/ingest_historique.py for tasks to queue
[2025-03-13T20:29:11.902+0000] {logging_mixin.py:151} INFO - [2025-03-13T20:29:11.901+0000] {dagbag.py:539} INFO - Filling up the DagBag from /opt/airflow/dags/ingest_historique.py
[2025-03-13T20:29:12.420+0000] {processor.py:841} WARNING - No viable dags retrieved from /opt/airflow/dags/ingest_historique.py
[2025-03-13T20:29:12.458+0000] {processor.py:179} INFO - Processing /opt/airflow/dags/ingest_historique.py took 0.563 seconds
[2025-03-13T20:29:42.889+0000] {processor.py:157} INFO - Started process (PID=530) to work on /opt/airflow/dags/ingest_historique.py
[2025-03-13T20:29:42.892+0000] {processor.py:829} INFO - Processing file /opt/airflow/dags/ingest_historique.py for tasks to queue
[2025-03-13T20:29:42.894+0000] {logging_mixin.py:151} INFO - [2025-03-13T20:29:42.893+0000] {dagbag.py:539} INFO - Filling up the DagBag from /opt/airflow/dags/ingest_historique.py
[2025-03-13T20:29:43.755+0000] {processor.py:841} WARNING - No viable dags retrieved from /opt/airflow/dags/ingest_historique.py
[2025-03-13T20:29:43.838+0000] {processor.py:179} INFO - Processing /opt/airflow/dags/ingest_historique.py took 0.954 seconds
[2025-03-13T20:30:14.298+0000] {processor.py:157} INFO - Started process (PID=542) to work on /opt/airflow/dags/ingest_historique.py
[2025-03-13T20:30:14.299+0000] {processor.py:829} INFO - Processing file /opt/airflow/dags/ingest_historique.py for tasks to queue
[2025-03-13T20:30:14.300+0000] {logging_mixin.py:151} INFO - [2025-03-13T20:30:14.300+0000] {dagbag.py:539} INFO - Filling up the DagBag from /opt/airflow/dags/ingest_historique.py
[2025-03-13T20:30:14.833+0000] {processor.py:841} WARNING - No viable dags retrieved from /opt/airflow/dags/ingest_historique.py
[2025-03-13T20:30:14.852+0000] {processor.py:179} INFO - Processing /opt/airflow/dags/ingest_historique.py took 0.559 seconds
[2025-03-13T20:30:45.337+0000] {processor.py:157} INFO - Started process (PID=554) to work on /opt/airflow/dags/ingest_historique.py
[2025-03-13T20:30:45.338+0000] {processor.py:829} INFO - Processing file /opt/airflow/dags/ingest_historique.py for tasks to queue
[2025-03-13T20:30:45.339+0000] {logging_mixin.py:151} INFO - [2025-03-13T20:30:45.338+0000] {dagbag.py:539} INFO - Filling up the DagBag from /opt/airflow/dags/ingest_historique.py
[2025-03-13T20:30:45.895+0000] {processor.py:841} WARNING - No viable dags retrieved from /opt/airflow/dags/ingest_historique.py
[2025-03-13T20:30:45.914+0000] {processor.py:179} INFO - Processing /opt/airflow/dags/ingest_historique.py took 0.581 seconds
[2025-03-13T20:31:16.369+0000] {processor.py:157} INFO - Started process (PID=566) to work on /opt/airflow/dags/ingest_historique.py
[2025-03-13T20:31:16.370+0000] {processor.py:829} INFO - Processing file /opt/airflow/dags/ingest_historique.py for tasks to queue
[2025-03-13T20:31:16.372+0000] {logging_mixin.py:151} INFO - [2025-03-13T20:31:16.372+0000] {dagbag.py:539} INFO - Filling up the DagBag from /opt/airflow/dags/ingest_historique.py
[2025-03-13T20:31:17.117+0000] {processor.py:841} WARNING - No viable dags retrieved from /opt/airflow/dags/ingest_historique.py
[2025-03-13T20:31:17.165+0000] {processor.py:179} INFO - Processing /opt/airflow/dags/ingest_historique.py took 0.801 seconds
[2025-03-13T20:31:47.648+0000] {processor.py:157} INFO - Started process (PID=578) to work on /opt/airflow/dags/ingest_historique.py
[2025-03-13T20:31:47.650+0000] {processor.py:829} INFO - Processing file /opt/airflow/dags/ingest_historique.py for tasks to queue
[2025-03-13T20:31:47.652+0000] {logging_mixin.py:151} INFO - [2025-03-13T20:31:47.651+0000] {dagbag.py:539} INFO - Filling up the DagBag from /opt/airflow/dags/ingest_historique.py
[2025-03-13T20:31:48.230+0000] {processor.py:841} WARNING - No viable dags retrieved from /opt/airflow/dags/ingest_historique.py
[2025-03-13T20:31:48.246+0000] {processor.py:179} INFO - Processing /opt/airflow/dags/ingest_historique.py took 0.604 seconds
[2025-03-13T20:32:18.686+0000] {processor.py:157} INFO - Started process (PID=590) to work on /opt/airflow/dags/ingest_historique.py
[2025-03-13T20:32:18.688+0000] {processor.py:829} INFO - Processing file /opt/airflow/dags/ingest_historique.py for tasks to queue
[2025-03-13T20:32:18.689+0000] {logging_mixin.py:151} INFO - [2025-03-13T20:32:18.689+0000] {dagbag.py:539} INFO - Filling up the DagBag from /opt/airflow/dags/ingest_historique.py
[2025-03-13T20:32:19.311+0000] {processor.py:841} WARNING - No viable dags retrieved from /opt/airflow/dags/ingest_historique.py
[2025-03-13T20:32:19.359+0000] {processor.py:179} INFO - Processing /opt/airflow/dags/ingest_historique.py took 0.678 seconds
[2025-03-13T20:32:49.799+0000] {processor.py:157} INFO - Started process (PID=602) to work on /opt/airflow/dags/ingest_historique.py
[2025-03-13T20:32:49.801+0000] {processor.py:829} INFO - Processing file /opt/airflow/dags/ingest_historique.py for tasks to queue
[2025-03-13T20:32:49.803+0000] {logging_mixin.py:151} INFO - [2025-03-13T20:32:49.802+0000] {dagbag.py:539} INFO - Filling up the DagBag from /opt/airflow/dags/ingest_historique.py
[2025-03-13T20:32:50.654+0000] {processor.py:841} WARNING - No viable dags retrieved from /opt/airflow/dags/ingest_historique.py
[2025-03-13T20:32:50.670+0000] {processor.py:179} INFO - Processing /opt/airflow/dags/ingest_historique.py took 0.876 seconds
[2025-03-13T20:33:21.301+0000] {processor.py:157} INFO - Started process (PID=614) to work on /opt/airflow/dags/ingest_historique.py
[2025-03-13T20:33:21.311+0000] {processor.py:829} INFO - Processing file /opt/airflow/dags/ingest_historique.py for tasks to queue
[2025-03-13T20:33:21.320+0000] {logging_mixin.py:151} INFO - [2025-03-13T20:33:21.318+0000] {dagbag.py:539} INFO - Filling up the DagBag from /opt/airflow/dags/ingest_historique.py
[2025-03-13T20:33:23.618+0000] {processor.py:841} WARNING - No viable dags retrieved from /opt/airflow/dags/ingest_historique.py
[2025-03-13T20:33:23.839+0000] {processor.py:179} INFO - Processing /opt/airflow/dags/ingest_historique.py took 2.582 seconds
[2025-03-13T20:33:54.529+0000] {processor.py:157} INFO - Started process (PID=626) to work on /opt/airflow/dags/ingest_historique.py
[2025-03-13T20:33:54.531+0000] {processor.py:829} INFO - Processing file /opt/airflow/dags/ingest_historique.py for tasks to queue
[2025-03-13T20:33:54.534+0000] {logging_mixin.py:151} INFO - [2025-03-13T20:33:54.533+0000] {dagbag.py:539} INFO - Filling up the DagBag from /opt/airflow/dags/ingest_historique.py
[2025-03-13T20:33:55.652+0000] {processor.py:841} WARNING - No viable dags retrieved from /opt/airflow/dags/ingest_historique.py
[2025-03-13T20:33:55.793+0000] {processor.py:179} INFO - Processing /opt/airflow/dags/ingest_historique.py took 1.271 seconds
[2025-03-13T20:34:26.381+0000] {processor.py:157} INFO - Started process (PID=638) to work on /opt/airflow/dags/ingest_historique.py
[2025-03-13T20:34:26.384+0000] {processor.py:829} INFO - Processing file /opt/airflow/dags/ingest_historique.py for tasks to queue
[2025-03-13T20:34:26.388+0000] {logging_mixin.py:151} INFO - [2025-03-13T20:34:26.387+0000] {dagbag.py:539} INFO - Filling up the DagBag from /opt/airflow/dags/ingest_historique.py
[2025-03-13T20:34:27.126+0000] {processor.py:841} WARNING - No viable dags retrieved from /opt/airflow/dags/ingest_historique.py
[2025-03-13T20:34:27.158+0000] {processor.py:179} INFO - Processing /opt/airflow/dags/ingest_historique.py took 0.789 seconds
[2025-03-13T20:34:57.579+0000] {processor.py:157} INFO - Started process (PID=650) to work on /opt/airflow/dags/ingest_historique.py
[2025-03-13T20:34:57.580+0000] {processor.py:829} INFO - Processing file /opt/airflow/dags/ingest_historique.py for tasks to queue
[2025-03-13T20:34:57.581+0000] {logging_mixin.py:151} INFO - [2025-03-13T20:34:57.581+0000] {dagbag.py:539} INFO - Filling up the DagBag from /opt/airflow/dags/ingest_historique.py
[2025-03-13T20:34:58.165+0000] {processor.py:841} WARNING - No viable dags retrieved from /opt/airflow/dags/ingest_historique.py
[2025-03-13T20:34:58.183+0000] {processor.py:179} INFO - Processing /opt/airflow/dags/ingest_historique.py took 0.609 seconds
[2025-03-13T20:35:28.629+0000] {processor.py:157} INFO - Started process (PID=662) to work on /opt/airflow/dags/ingest_historique.py
[2025-03-13T20:35:28.631+0000] {processor.py:829} INFO - Processing file /opt/airflow/dags/ingest_historique.py for tasks to queue
[2025-03-13T20:35:28.633+0000] {logging_mixin.py:151} INFO - [2025-03-13T20:35:28.632+0000] {dagbag.py:539} INFO - Filling up the DagBag from /opt/airflow/dags/ingest_historique.py
[2025-03-13T20:35:29.225+0000] {processor.py:841} WARNING - No viable dags retrieved from /opt/airflow/dags/ingest_historique.py
[2025-03-13T20:35:29.247+0000] {processor.py:179} INFO - Processing /opt/airflow/dags/ingest_historique.py took 0.624 seconds
[2025-03-13T20:35:59.691+0000] {processor.py:157} INFO - Started process (PID=674) to work on /opt/airflow/dags/ingest_historique.py
[2025-03-13T20:35:59.692+0000] {processor.py:829} INFO - Processing file /opt/airflow/dags/ingest_historique.py for tasks to queue
[2025-03-13T20:35:59.693+0000] {logging_mixin.py:151} INFO - [2025-03-13T20:35:59.693+0000] {dagbag.py:539} INFO - Filling up the DagBag from /opt/airflow/dags/ingest_historique.py
[2025-03-13T20:36:00.791+0000] {processor.py:841} WARNING - No viable dags retrieved from /opt/airflow/dags/ingest_historique.py
[2025-03-13T20:36:00.821+0000] {processor.py:179} INFO - Processing /opt/airflow/dags/ingest_historique.py took 1.135 seconds
[2025-03-13T20:36:31.202+0000] {processor.py:157} INFO - Started process (PID=686) to work on /opt/airflow/dags/ingest_historique.py
[2025-03-13T20:36:31.204+0000] {processor.py:829} INFO - Processing file /opt/airflow/dags/ingest_historique.py for tasks to queue
[2025-03-13T20:36:31.206+0000] {logging_mixin.py:151} INFO - [2025-03-13T20:36:31.205+0000] {dagbag.py:539} INFO - Filling up the DagBag from /opt/airflow/dags/ingest_historique.py
[2025-03-13T20:36:31.805+0000] {processor.py:841} WARNING - No viable dags retrieved from /opt/airflow/dags/ingest_historique.py
[2025-03-13T20:36:31.829+0000] {processor.py:179} INFO - Processing /opt/airflow/dags/ingest_historique.py took 0.633 seconds
[2025-03-13T20:37:02.352+0000] {processor.py:157} INFO - Started process (PID=698) to work on /opt/airflow/dags/ingest_historique.py
[2025-03-13T20:37:02.353+0000] {processor.py:829} INFO - Processing file /opt/airflow/dags/ingest_historique.py for tasks to queue
[2025-03-13T20:37:02.355+0000] {logging_mixin.py:151} INFO - [2025-03-13T20:37:02.354+0000] {dagbag.py:539} INFO - Filling up the DagBag from /opt/airflow/dags/ingest_historique.py
[2025-03-13T20:37:02.888+0000] {processor.py:841} WARNING - No viable dags retrieved from /opt/airflow/dags/ingest_historique.py
[2025-03-13T20:37:02.908+0000] {processor.py:179} INFO - Processing /opt/airflow/dags/ingest_historique.py took 0.561 seconds
[2025-03-13T20:37:33.378+0000] {processor.py:157} INFO - Started process (PID=710) to work on /opt/airflow/dags/ingest_historique.py
[2025-03-13T20:37:33.379+0000] {processor.py:829} INFO - Processing file /opt/airflow/dags/ingest_historique.py for tasks to queue
[2025-03-13T20:37:33.380+0000] {logging_mixin.py:151} INFO - [2025-03-13T20:37:33.380+0000] {dagbag.py:539} INFO - Filling up the DagBag from /opt/airflow/dags/ingest_historique.py
[2025-03-13T20:37:33.901+0000] {processor.py:841} WARNING - No viable dags retrieved from /opt/airflow/dags/ingest_historique.py
[2025-03-13T20:37:33.922+0000] {processor.py:179} INFO - Processing /opt/airflow/dags/ingest_historique.py took 0.547 seconds
[2025-03-13T20:38:04.329+0000] {processor.py:157} INFO - Started process (PID=722) to work on /opt/airflow/dags/ingest_historique.py
[2025-03-13T20:38:04.330+0000] {processor.py:829} INFO - Processing file /opt/airflow/dags/ingest_historique.py for tasks to queue
[2025-03-13T20:38:04.331+0000] {logging_mixin.py:151} INFO - [2025-03-13T20:38:04.331+0000] {dagbag.py:539} INFO - Filling up the DagBag from /opt/airflow/dags/ingest_historique.py
[2025-03-13T20:38:04.910+0000] {processor.py:841} WARNING - No viable dags retrieved from /opt/airflow/dags/ingest_historique.py
[2025-03-13T20:38:04.947+0000] {processor.py:179} INFO - Processing /opt/airflow/dags/ingest_historique.py took 0.621 seconds
[2025-03-13T20:38:35.388+0000] {processor.py:157} INFO - Started process (PID=734) to work on /opt/airflow/dags/ingest_historique.py
[2025-03-13T20:38:35.389+0000] {processor.py:829} INFO - Processing file /opt/airflow/dags/ingest_historique.py for tasks to queue
[2025-03-13T20:38:35.390+0000] {logging_mixin.py:151} INFO - [2025-03-13T20:38:35.390+0000] {dagbag.py:539} INFO - Filling up the DagBag from /opt/airflow/dags/ingest_historique.py
[2025-03-13T20:38:35.066+0000] {processor.py:841} WARNING - No viable dags retrieved from /opt/airflow/dags/ingest_historique.py
[2025-03-13T20:38:35.083+0000] {processor.py:179} INFO - Processing /opt/airflow/dags/ingest_historique.py took 0.689 seconds
[2025-03-13T20:39:05.612+0000] {processor.py:157} INFO - Started process (PID=746) to work on /opt/airflow/dags/ingest_historique.py
[2025-03-13T20:39:05.614+0000] {processor.py:829} INFO - Processing file /opt/airflow/dags/ingest_historique.py for tasks to queue
[2025-03-13T20:39:05.616+0000] {logging_mixin.py:151} INFO - [2025-03-13T20:39:05.615+0000] {dagbag.py:539} INFO - Filling up the DagBag from /opt/airflow/dags/ingest_historique.py
[2025-03-13T20:39:06.918+0000] {processor.py:841} WARNING - No viable dags retrieved from /opt/airflow/dags/ingest_historique.py
[2025-03-13T20:39:06.944+0000] {processor.py:179} INFO - Processing /opt/airflow/dags/ingest_historique.py took 1.341 seconds
[2025-03-13T20:39:37.384+0000] {processor.py:157} INFO - Started process (PID=758) to work on /opt/airflow/dags/ingest_historique.py
[2025-03-13T20:39:37.385+0000] {processor.py:829} INFO - Processing file /opt/airflow/dags/ingest_historique.py for tasks to queue
[2025-03-13T20:39:37.386+0000] {logging_mixin.py:151} INFO - [2025-03-13T20:39:37.386+0000] {dagbag.py:539} INFO - Filling up the DagBag from /opt/airflow/dags/ingest_historique.py
[2025-03-13T20:39:37.894+0000] {processor.py:841} WARNING - No viable dags retrieved from /opt/airflow/dags/ingest_historique.py
[2025-03-13T20:39:37.924+0000] {processor.py:179} INFO - Processing /opt/airflow/dags/ingest_historique.py took 0.545 seconds
[2025-03-13T20:40:08.333+0000] {processor.py:157} INFO - Started process (PID=770) to work on /opt/airflow/dags/ingest_historique.py
[2025-03-13T20:40:08.334+0000] {processor.py:829} INFO - Processing file /opt/airflow/dags/ingest_historique.py for tasks to queue
[2025-03-13T20:40:08.335+0000] {logging_mixin.py:151} INFO - [2025-03-13T20:40:08.335+0000] {dagbag.py:539} INFO - Filling up the DagBag from /opt/airflow/dags/ingest_historique.py
[2025-03-13T20:40:09.163+0000] {processor.py:841} WARNING - No viable dags retrieved from /opt/airflow/dags/ingest_historique.py
[2025-03-13T20:40:09.260+0000] {processor.py:179} INFO - Processing /opt/airflow/dags/ingest_historique.py took 0.932 seconds
[2025-03-13T20:40:39.966+0000] {processor.py:157} INFO - Started process (PID=782) to work on /opt/airflow/dags/ingest_historique.py
[2025-03-13T20:40:39.968+0000] {processor.py:829} INFO - Processing file /opt/airflow/dags/ingest_historique.py for tasks to queue
[2025-03-13T20:40:39.969+0000] {logging_mixin.py:151} INFO - [2025-03-13T20:40:39.969+0000] {dagbag.py:539} INFO - Filling up the DagBag from /opt/airflow/dags/ingest_historique.py
[2025-03-13T20:40:41.013+0000] {processor.py:841} WARNING - No viable dags retrieved from /opt/airflow/dags/ingest_historique.py
[2025-03-13T20:40:41.046+0000] {processor.py:179} INFO - Processing /opt/airflow/dags/ingest_historique.py took 1.084 seconds
[2025-03-13T20:41:11.400+0000] {processor.py:157} INFO - Started process (PID=794) to work on /opt/airflow/dags/ingest_historique.py
[2025-03-13T20:41:11.402+0000] {processor.py:829} INFO - Processing file /opt/airflow/dags/ingest_historique.py for tasks to queue
[2025-03-13T20:41:11.403+0000] {logging_mixin.py:151} INFO - [2025-03-13T20:41:11.402+0000] {dagbag.py:539} INFO - Filling up the DagBag from /opt/airflow/dags/ingest_historique.py
[2025-03-13T20:41:12.258+0000] {processor.py:841} WARNING - No viable dags retrieved from /opt/airflow/dags/ingest_historique.py
[2025-03-13T20:41:12.283+0000] {processor.py:179} INFO - Processing /opt/airflow/dags/ingest_historique.py took 0.887 seconds
[2025-03-13T20:41:42.697+0000] {processor.py:157} INFO - Started process (PID=806) to work on /opt/airflow/dags/ingest_historique.py
[2025-03-13T20:41:42.699+0000] {processor.py:829} INFO - Processing file /opt/airflow/dags/ingest_historique.py for tasks to queue
[2025-03-13T20:41:42.701+0000] {logging_mixin.py:151} INFO - [2025-03-13T20:41:42.700+0000] {dagbag.py:539} INFO - Filling up the DagBag from /opt/airflow/dags/ingest_historique.py
[2025-03-13T20:41:43.277+0000] {processor.py:841} WARNING - No viable dags retrieved from /opt/airflow/dags/ingest_historique.py
[2025-03-13T20:41:43.306+0000] {processor.py:179} INFO - Processing /opt/airflow/dags/ingest_historique.py took 0.613 seconds
[2025-03-13T20:42:13.707+0000] {processor.py:157} INFO - Started process (PID=818) to work on /opt/airflow/dags/ingest_historique.py
[2025-03-13T20:42:13.708+0000] {processor.py:829} INFO - Processing file /opt/airflow/dags/ingest_historique.py for tasks to queue
[2025-03-13T20:42:13.709+0000] {logging_mixin.py:151} INFO - [2025-03-13T20:42:13.709+0000] {dagbag.py:539} INFO - Filling up the DagBag from /opt/airflow/dags/ingest_historique.py
[2025-03-13T20:42:14.437+0000] {processor.py:841} WARNING - No viable dags retrieved from /opt/airflow/dags/ingest_historique.py
[2025-03-13T20:42:14.461+0000] {processor.py:179} INFO - Processing /opt/airflow/dags/ingest_historique.py took 0.758 seconds
[2025-03-13T20:42:44.871+0000] {processor.py:157} INFO - Started process (PID=830) to work on /opt/airflow/dags/ingest_historique.py
[2025-03-13T20:42:44.872+0000] {processor.py:829} INFO - Processing file /opt/airflow/dags/ingest_historique.py for tasks to queue
[2025-03-13T20:42:44.875+0000] {logging_mixin.py:151} INFO - [2025-03-13T20:42:44.874+0000] {dagbag.py:539} INFO - Filling up the DagBag from /opt/airflow/dags/ingest_historique.py
[2025-03-13T20:42:45.460+0000] {processor.py:841} WARNING - No viable dags retrieved from /opt/airflow/dags/ingest_historique.py
[2025-03-13T20:42:45.484+0000] {processor.py:179} INFO - Processing /opt/airflow/dags/ingest_historique.py took 0.617 seconds
[2025-03-13T20:43:15.846+0000] {processor.py:157} INFO - Started process (PID=842) to work on /opt/airflow/dags/ingest_historique.py
[2025-03-13T20:43:15.850+0000] {processor.py:829} INFO - Processing file /opt/airflow/dags/ingest_historique.py for tasks to queue
[2025-03-13T20:43:15.853+0000] {logging_mixin.py:151} INFO - [2025-03-13T20:43:15.852+0000] {dagbag.py:539} INFO - Filling up the DagBag from /opt/airflow/dags/ingest_historique.py
[2025-03-13T20:43:16.646+0000] {processor.py:841} WARNING - No viable dags retrieved from /opt/airflow/dags/ingest_historique.py
[2025-03-13T20:43:16.663+0000] {processor.py:179} INFO - Processing /opt/airflow/dags/ingest_historique.py took 0.823 seconds
[2025-03-13T20:43:46.970+0000] {processor.py:157} INFO - Started process (PID=854) to work on /opt/airflow/dags/ingest_historique.py
[2025-03-13T20:43:46.972+0000] {processor.py:829} INFO - Processing file /opt/airflow/dags/ingest_historique.py for tasks to queue
[2025-03-13T20:43:46.973+0000] {logging_mixin.py:151} INFO - [2025-03-13T20:43:46.972+0000] {dagbag.py:539} INFO - Filling up the DagBag from /opt/airflow/dags/ingest_historique.py
[2025-03-13T20:43:47.858+0000] {processor.py:841} WARNING - No viable dags retrieved from /opt/airflow/dags/ingest_historique.py
[2025-03-13T20:43:47.889+0000] {processor.py:179} INFO - Processing /opt/airflow/dags/ingest_historique.py took 0.923 seconds
[2025-03-13T20:44:18.339+0000] {processor.py:157} INFO - Started process (PID=866) to work on /opt/airflow/dags/ingest_historique.py
[2025-03-13T20:44:18.340+0000] {processor.py:829} INFO - Processing file /opt/airflow/dags/ingest_historique.py for tasks to queue
[2025-03-13T20:44:18.341+0000] {logging_mixin.py:151} INFO - [2025-03-13T20:44:18.341+0000] {dagbag.py:539} INFO - Filling up the DagBag from /opt/airflow/dags/ingest_historique.py
[2025-03-13T20:44:18.946+0000] {processor.py:841} WARNING - No viable dags retrieved from /opt/airflow/dags/ingest_historique.py
[2025-03-13T20:44:18.965+0000] {processor.py:179} INFO - Processing /opt/airflow/dags/ingest_historique.py took 0.632 seconds
[2025-03-13T20:44:49.394+0000] {processor.py:157} INFO - Started process (PID=878) to work on /opt/airflow/dags/ingest_historique.py
[2025-03-13T20:44:49.395+0000] {processor.py:829} INFO - Processing file /opt/airflow/dags/ingest_historique.py for tasks to queue
[2025-03-13T20:44:49.397+0000] {logging_mixin.py:151} INFO - [2025-03-13T20:44:49.396+0000] {dagbag.py:539} INFO - Filling up the DagBag from /opt/airflow/dags/ingest_historique.py
[2025-03-13T20:44:49.974+0000] {processor.py:841} WARNING - No viable dags retrieved from /opt/airflow/dags/ingest_historique.py
[2025-03-13T20:44:49.999+0000] {processor.py:179} INFO - Processing /opt/airflow/dags/ingest_historique.py took 0.611 seconds
[2025-03-13T20:45:20.395+0000] {processor.py:157} INFO - Started process (PID=890) to work on /opt/airflow/dags/ingest_historique.py
[2025-03-13T20:45:20.397+0000] {processor.py:829} INFO - Processing file /opt/airflow/dags/ingest_historique.py for tasks to queue
[2025-03-13T20:45:20.399+0000] {logging_mixin.py:151} INFO - [2025-03-13T20:45:20.398+0000] {dagbag.py:539} INFO - Filling up the DagBag from /opt/airflow/dags/ingest_historique.py
[2025-03-13T20:45:21.009+0000] {processor.py:841} WARNING - No viable dags retrieved from /opt/airflow/dags/ingest_historique.py
[2025-03-13T20:45:21.026+0000] {processor.py:179} INFO - Processing /opt/airflow/dags/ingest_historique.py took 0.637 seconds
[2025-03-13T20:45:51.400+0000] {processor.py:157} INFO - Started process (PID=902) to work on /opt/airflow/dags/ingest_historique.py
[2025-03-13T20:45:51.401+0000] {processor.py:829} INFO - Processing file /opt/airflow/dags/ingest_historique.py for tasks to queue
[2025-03-13T20:45:51.402+0000] {logging_mixin.py:151} INFO - [2025-03-13T20:45:51.402+0000] {dagbag.py:539} INFO - Filling up the DagBag from /opt/airflow/dags/ingest_historique.py
[2025-03-13T20:45:51.950+0000] {processor.py:841} WARNING - No viable dags retrieved from /opt/airflow/dags/ingest_historique.py
[2025-03-13T20:45:51.970+0000] {processor.py:179} INFO - Processing /opt/airflow/dags/ingest_historique.py took 0.574 seconds
[2025-03-13T20:46:22.389+0000] {processor.py:157} INFO - Started process (PID=914) to work on /opt/airflow/dags/ingest_historique.py
[2025-03-13T20:46:22.390+0000] {processor.py:829} INFO - Processing file /opt/airflow/dags/ingest_historique.py for tasks to queue
[2025-03-13T20:46:22.391+0000] {logging_mixin.py:151} INFO - [2025-03-13T20:46:22.391+0000] {dagbag.py:539} INFO - Filling up the DagBag from /opt/airflow/dags/ingest_historique.py
[2025-03-13T20:46:23.026+0000] {processor.py:841} WARNING - No viable dags retrieved from /opt/airflow/dags/ingest_historique.py
[2025-03-13T20:46:23.046+0000] {processor.py:179} INFO - Processing /opt/airflow/dags/ingest_historique.py took 0.663 seconds
[2025-03-13T20:46:53.439+0000] {processor.py:157} INFO - Started process (PID=926) to work on /opt/airflow/dags/ingest_historique.py
[2025-03-13T20:46:53.440+0000] {processor.py:829} INFO - Processing file /opt/airflow/dags/ingest_historique.py for tasks to queue
[2025-03-13T20:46:53.442+0000] {logging_mixin.py:151} INFO - [2025-03-13T20:46:53.441+0000] {dagbag.py:539} INFO - Filling up the DagBag from /opt/airflow/dags/ingest_historique.py
[2025-03-13T20:46:53.977+0000] {processor.py:841} WARNING - No viable dags retrieved from /opt/airflow/dags/ingest_historique.py
[2025-03-13T20:46:53.992+0000] {processor.py:179} INFO - Processing /opt/airflow/dags/ingest_historique.py took 0.558 seconds
[2025-03-13T20:47:24.380+0000] {processor.py:157} INFO - Started process (PID=938) to work on /opt/airflow/dags/ingest_historique.py
[2025-03-13T20:47:24.381+0000] {processor.py:829} INFO - Processing file /opt/airflow/dags/ingest_historique.py for tasks to queue
[2025-03-13T20:47:24.382+0000] {logging_mixin.py:151} INFO - [2025-03-13T20:47:24.382+0000] {dagbag.py:539} INFO - Filling up the DagBag from /opt/airflow/dags/ingest_historique.py
[2025-03-13T20:47:24.882+0000] {processor.py:841} WARNING - No viable dags retrieved from /opt/airflow/dags/ingest_historique.py
[2025-03-13T20:47:24.899+0000] {processor.py:179} INFO - Processing /opt/airflow/dags/ingest_historique.py took 0.523 seconds
[2025-03-13T20:47:55.302+0000] {processor.py:157} INFO - Started process (PID=950) to work on /opt/airflow/dags/ingest_historique.py
[2025-03-13T20:47:55.304+0000] {processor.py:829} INFO - Processing file /opt/airflow/dags/ingest_historique.py for tasks to queue
[2025-03-13T20:47:55.305+0000] {logging_mixin.py:151} INFO - [2025-03-13T20:47:55.305+0000] {dagbag.py:539} INFO - Filling up the DagBag from /opt/airflow/dags/ingest_historique.py
[2025-03-13T20:47:55.855+0000] {processor.py:841} WARNING - No viable dags retrieved from /opt/airflow/dags/ingest_historique.py
[2025-03-13T20:47:55.877+0000] {processor.py:179} INFO - Processing /opt/airflow/dags/ingest_historique.py took 0.579 seconds
[2025-03-13T20:48:26.268+0000] {processor.py:157} INFO - Started process (PID=962) to work on /opt/airflow/dags/ingest_historique.py
[2025-03-13T20:48:26.269+0000] {processor.py:829} INFO - Processing file /opt/airflow/dags/ingest_historique.py for tasks to queue
[2025-03-13T20:48:26.270+0000] {logging_mixin.py:151} INFO - [2025-03-13T20:48:26.269+0000] {dagbag.py:539} INFO - Filling up the DagBag from /opt/airflow/dags/ingest_historique.py
[2025-03-13T20:48:26.797+0000] {processor.py:841} WARNING - No viable dags retrieved from /opt/airflow/dags/ingest_historique.py
[2025-03-13T20:48:26.821+0000] {processor.py:179} INFO - Processing /opt/airflow/dags/ingest_historique.py took 0.557 seconds
[2025-03-13T20:48:57.208+0000] {processor.py:157} INFO - Started process (PID=974) to work on /opt/airflow/dags/ingest_historique.py
[2025-03-13T20:48:57.210+0000] {processor.py:829} INFO - Processing file /opt/airflow/dags/ingest_historique.py for tasks to queue
[2025-03-13T20:48:57.211+0000] {logging_mixin.py:151} INFO - [2025-03-13T20:48:57.210+0000] {dagbag.py:539} INFO - Filling up the DagBag from /opt/airflow/dags/ingest_historique.py
[2025-03-13T20:48:57.774+0000] {processor.py:841} WARNING - No viable dags retrieved from /opt/airflow/dags/ingest_historique.py
[2025-03-13T20:48:57.790+0000] {processor.py:179} INFO - Processing /opt/airflow/dags/ingest_historique.py took 0.586 seconds
[2025-03-13T20:49:28.301+0000] {processor.py:157} INFO - Started process (PID=986) to work on /opt/airflow/dags/ingest_historique.py
[2025-03-13T20:49:28.302+0000] {processor.py:829} INFO - Processing file /opt/airflow/dags/ingest_historique.py for tasks to queue
[2025-03-13T20:49:28.303+0000] {logging_mixin.py:151} INFO - [2025-03-13T20:49:28.302+0000] {dagbag.py:539} INFO - Filling up the DagBag from /opt/airflow/dags/ingest_historique.py
[2025-03-13T20:49:28.766+0000] {processor.py:841} WARNING - No viable dags retrieved from /opt/airflow/dags/ingest_historique.py
[2025-03-13T20:49:28.796+0000] {processor.py:179} INFO - Processing /opt/airflow/dags/ingest_historique.py took 0.498 seconds
[2025-03-13T20:49:59.166+0000] {processor.py:157} INFO - Started process (PID=998) to work on /opt/airflow/dags/ingest_historique.py
[2025-03-13T20:49:59.168+0000] {processor.py:829} INFO - Processing file /opt/airflow/dags/ingest_historique.py for tasks to queue
[2025-03-13T20:49:59.170+0000] {logging_mixin.py:151} INFO - [2025-03-13T20:49:59.169+0000] {dagbag.py:539} INFO - Filling up the DagBag from /opt/airflow/dags/ingest_historique.py
[2025-03-13T20:49:59.930+0000] {processor.py:841} WARNING - No viable dags retrieved from /opt/airflow/dags/ingest_historique.py
[2025-03-13T20:49:59.950+0000] {processor.py:179} INFO - Processing /opt/airflow/dags/ingest_historique.py took 0.791 seconds
[2025-03-13T20:50:30.347+0000] {processor.py:157} INFO - Started process (PID=1010) to work on /opt/airflow/dags/ingest_historique.py
[2025-03-13T20:50:30.348+0000] {processor.py:829} INFO - Processing file /opt/airflow/dags/ingest_historique.py for tasks to queue
[2025-03-13T20:50:30.350+0000] {logging_mixin.py:151} INFO - [2025-03-13T20:50:30.349+0000] {dagbag.py:539} INFO - Filling up the DagBag from /opt/airflow/dags/ingest_historique.py
[2025-03-13T20:50:30.998+0000] {processor.py:841} WARNING - No viable dags retrieved from /opt/airflow/dags/ingest_historique.py
[2025-03-13T20:50:31.022+0000] {processor.py:179} INFO - Processing /opt/airflow/dags/ingest_historique.py took 0.679 seconds
[2025-03-13T20:51:01.413+0000] {processor.py:157} INFO - Started process (PID=1022) to work on /opt/airflow/dags/ingest_historique.py
[2025-03-13T20:51:01.415+0000] {processor.py:829} INFO - Processing file /opt/airflow/dags/ingest_historique.py for tasks to queue
[2025-03-13T20:51:01.416+0000] {logging_mixin.py:151} INFO - [2025-03-13T20:51:01.416+0000] {dagbag.py:539} INFO - Filling up the DagBag from /opt/airflow/dags/ingest_historique.py
[2025-03-13T20:51:01.981+0000] {processor.py:841} WARNING - No viable dags retrieved from /opt/airflow/dags/ingest_historique.py
[2025-03-13T20:51:01.996+0000] {processor.py:179} INFO - Processing /opt/airflow/dags/ingest_historique.py took 0.589 seconds
[2025-03-13T20:51:32.327+0000] {processor.py:157} INFO - Started process (PID=1034) to work on /opt/airflow/dags/ingest_historique.py
[2025-03-13T20:51:32.328+0000] {processor.py:829} INFO - Processing file /opt/airflow/dags/ingest_historique.py for tasks to queue
[2025-03-13T20:51:32.330+0000] {logging_mixin.py:151} INFO - [2025-03-13T20:51:32.329+0000] {dagbag.py:539} INFO - Filling up the DagBag from /opt/airflow/dags/ingest_historique.py
[2025-03-13T20:51:32.908+0000] {processor.py:841} WARNING - No viable dags retrieved from /opt/airflow/dags/ingest_historique.py
[2025-03-13T20:51:32.929+0000] {processor.py:179} INFO - Processing /opt/airflow/dags/ingest_historique.py took 0.607 seconds
[2025-03-13T20:52:03.306+0000] {processor.py:157} INFO - Started process (PID=1046) to work on /opt/airflow/dags/ingest_historique.py
[2025-03-13T20:52:03.307+0000] {processor.py:829} INFO - Processing file /opt/airflow/dags/ingest_historique.py for tasks to queue
[2025-03-13T20:52:03.309+0000] {logging_mixin.py:151} INFO - [2025-03-13T20:52:03.309+0000] {dagbag.py:539} INFO - Filling up the DagBag from /opt/airflow/dags/ingest_historique.py
[2025-03-13T20:52:03.852+0000] {processor.py:841} WARNING - No viable dags retrieved from /opt/airflow/dags/ingest_historique.py
[2025-03-13T20:52:03.878+0000] {processor.py:179} INFO - Processing /opt/airflow/dags/ingest_historique.py took 0.577 seconds
[2025-03-13T20:52:34.235+0000] {processor.py:157} INFO - Started process (PID=1058) to work on /opt/airflow/dags/ingest_historique.py
[2025-03-13T20:52:34.236+0000] {processor.py:829} INFO - Processing file /opt/airflow/dags/ingest_historique.py for tasks to queue
[2025-03-13T20:52:34.237+0000] {logging_mixin.py:151} INFO - [2025-03-13T20:52:34.236+0000] {dagbag.py:539} INFO - Filling up the DagBag from /opt/airflow/dags/ingest_historique.py
[2025-03-13T20:52:34.817+0000] {processor.py:841} WARNING - No viable dags retrieved from /opt/airflow/dags/ingest_historique.py
[2025-03-13T20:52:34.834+0000] {processor.py:179} INFO - Processing /opt/airflow/dags/ingest_historique.py took 0.603 seconds
[2025-03-13T20:53:05.164+0000] {processor.py:157} INFO - Started process (PID=1070) to work on /opt/airflow/dags/ingest_historique.py
[2025-03-13T20:53:05.165+0000] {processor.py:829} INFO - Processing file /opt/airflow/dags/ingest_historique.py for tasks to queue
[2025-03-13T20:53:05.166+0000] {logging_mixin.py:151} INFO - [2025-03-13T20:53:05.166+0000] {dagbag.py:539} INFO - Filling up the DagBag from /opt/airflow/dags/ingest_historique.py
[2025-03-13T20:53:05.821+0000] {processor.py:841} WARNING - No viable dags retrieved from /opt/airflow/dags/ingest_historique.py
[2025-03-13T20:53:05.844+0000] {processor.py:179} INFO - Processing /opt/airflow/dags/ingest_historique.py took 0.684 seconds
[2025-03-13T20:53:36.217+0000] {processor.py:157} INFO - Started process (PID=1082) to work on /opt/airflow/dags/ingest_historique.py
[2025-03-13T20:53:36.221+0000] {processor.py:829} INFO - Processing file /opt/airflow/dags/ingest_historique.py for tasks to queue
[2025-03-13T20:53:36.231+0000] {logging_mixin.py:151} INFO - [2025-03-13T20:53:36.230+0000] {dagbag.py:539} INFO - Filling up the DagBag from /opt/airflow/dags/ingest_historique.py
[2025-03-13T20:53:37.204+0000] {processor.py:841} WARNING - No viable dags retrieved from /opt/airflow/dags/ingest_historique.py
[2025-03-13T20:53:37.225+0000] {processor.py:179} INFO - Processing /opt/airflow/dags/ingest_historique.py took 1.018 seconds
[2025-03-13T20:54:07.629+0000] {processor.py:157} INFO - Started process (PID=1094) to work on /opt/airflow/dags/ingest_historique.py
[2025-03-13T20:54:07.631+0000] {processor.py:829} INFO - Processing file /opt/airflow/dags/ingest_historique.py for tasks to queue
[2025-03-13T20:54:07.633+0000] {logging_mixin.py:151} INFO - [2025-03-13T20:54:07.632+0000] {dagbag.py:539} INFO - Filling up the DagBag from /opt/airflow/dags/ingest_historique.py
[2025-03-13T20:54:08.302+0000] {processor.py:841} WARNING - No viable dags retrieved from /opt/airflow/dags/ingest_historique.py
[2025-03-13T20:54:08.320+0000] {processor.py:179} INFO - Processing /opt/airflow/dags/ingest_historique.py took 0.696 seconds
[2025-03-13T20:54:38.626+0000] {processor.py:157} INFO - Started process (PID=1106) to work on /opt/airflow/dags/ingest_historique.py
[2025-03-13T20:54:38.628+0000] {processor.py:829} INFO - Processing file /opt/airflow/dags/ingest_historique.py for tasks to queue
[2025-03-13T20:54:38.629+0000] {logging_mixin.py:151} INFO - [2025-03-13T20:54:38.629+0000] {dagbag.py:539} INFO - Filling up the DagBag from /opt/airflow/dags/ingest_historique.py
[2025-03-13T20:54:39.228+0000] {processor.py:841} WARNING - No viable dags retrieved from /opt/airflow/dags/ingest_historique.py
[2025-03-13T20:54:39.256+0000] {processor.py:179} INFO - Processing /opt/airflow/dags/ingest_historique.py took 0.635 seconds
[2025-03-13T20:55:09.593+0000] {processor.py:157} INFO - Started process (PID=1118) to work on /opt/airflow/dags/ingest_historique.py
[2025-03-13T20:55:09.595+0000] {processor.py:829} INFO - Processing file /opt/airflow/dags/ingest_historique.py for tasks to queue
[2025-03-13T20:55:09.596+0000] {logging_mixin.py:151} INFO - [2025-03-13T20:55:09.596+0000] {dagbag.py:539} INFO - Filling up the DagBag from /opt/airflow/dags/ingest_historique.py
[2025-03-13T20:55:10.220+0000] {processor.py:841} WARNING - No viable dags retrieved from /opt/airflow/dags/ingest_historique.py
[2025-03-13T20:55:10.254+0000] {processor.py:179} INFO - Processing /opt/airflow/dags/ingest_historique.py took 0.667 seconds
[2025-03-13T20:55:40.635+0000] {processor.py:157} INFO - Started process (PID=1130) to work on /opt/airflow/dags/ingest_historique.py
[2025-03-13T20:55:40.637+0000] {processor.py:829} INFO - Processing file /opt/airflow/dags/ingest_historique.py for tasks to queue
[2025-03-13T20:55:40.638+0000] {logging_mixin.py:151} INFO - [2025-03-13T20:55:40.637+0000] {dagbag.py:539} INFO - Filling up the DagBag from /opt/airflow/dags/ingest_historique.py
[2025-03-13T20:55:41.248+0000] {processor.py:841} WARNING - No viable dags retrieved from /opt/airflow/dags/ingest_historique.py
[2025-03-13T20:55:41.294+0000] {processor.py:179} INFO - Processing /opt/airflow/dags/ingest_historique.py took 0.663 seconds
[2025-03-13T20:56:11.594+0000] {processor.py:157} INFO - Started process (PID=1142) to work on /opt/airflow/dags/ingest_historique.py
[2025-03-13T20:56:11.595+0000] {processor.py:829} INFO - Processing file /opt/airflow/dags/ingest_historique.py for tasks to queue
[2025-03-13T20:56:11.596+0000] {logging_mixin.py:151} INFO - [2025-03-13T20:56:11.596+0000] {dagbag.py:539} INFO - Filling up the DagBag from /opt/airflow/dags/ingest_historique.py
[2025-03-13T20:56:12.183+0000] {processor.py:841} WARNING - No viable dags retrieved from /opt/airflow/dags/ingest_historique.py
[2025-03-13T20:56:12.203+0000] {processor.py:179} INFO - Processing /opt/airflow/dags/ingest_historique.py took 0.614 seconds
[2025-03-13T20:56:42.537+0000] {processor.py:157} INFO - Started process (PID=1154) to work on /opt/airflow/dags/ingest_historique.py
[2025-03-13T20:56:42.538+0000] {processor.py:829} INFO - Processing file /opt/airflow/dags/ingest_historique.py for tasks to queue
[2025-03-13T20:56:42.541+0000] {logging_mixin.py:151} INFO - [2025-03-13T20:56:42.540+0000] {dagbag.py:539} INFO - Filling up the DagBag from /opt/airflow/dags/ingest_historique.py
[2025-03-13T20:56:43.187+0000] {processor.py:841} WARNING - No viable dags retrieved from /opt/airflow/dags/ingest_historique.py
[2025-03-13T20:56:43.217+0000] {processor.py:179} INFO - Processing /opt/airflow/dags/ingest_historique.py took 0.685 seconds
[2025-03-13T20:57:13.594+0000] {processor.py:157} INFO - Started process (PID=1166) to work on /opt/airflow/dags/ingest_historique.py
[2025-03-13T20:57:13.596+0000] {processor.py:829} INFO - Processing file /opt/airflow/dags/ingest_historique.py for tasks to queue
[2025-03-13T20:57:13.598+0000] {logging_mixin.py:151} INFO - [2025-03-13T20:57:13.597+0000] {dagbag.py:539} INFO - Filling up the DagBag from /opt/airflow/dags/ingest_historique.py
[2025-03-13T20:57:14.438+0000] {processor.py:841} WARNING - No viable dags retrieved from /opt/airflow/dags/ingest_historique.py
[2025-03-13T20:57:14.465+0000] {processor.py:179} INFO - Processing /opt/airflow/dags/ingest_historique.py took 0.877 seconds
[2025-03-13T20:57:44.916+0000] {processor.py:157} INFO - Started process (PID=1178) to work on /opt/airflow/dags/ingest_historique.py
[2025-03-13T20:57:44.917+0000] {processor.py:829} INFO - Processing file /opt/airflow/dags/ingest_historique.py for tasks to queue
[2025-03-13T20:57:44.919+0000] {logging_mixin.py:151} INFO - [2025-03-13T20:57:44.918+0000] {dagbag.py:539} INFO - Filling up the DagBag from /opt/airflow/dags/ingest_historique.py
[2025-03-13T20:57:45.572+0000] {processor.py:841} WARNING - No viable dags retrieved from /opt/airflow/dags/ingest_historique.py
[2025-03-13T20:57:45.592+0000] {processor.py:179} INFO - Processing /opt/airflow/dags/ingest_historique.py took 0.680 seconds
[2025-03-13T20:58:15.932+0000] {processor.py:157} INFO - Started process (PID=1190) to work on /opt/airflow/dags/ingest_historique.py
[2025-03-13T20:58:15.933+0000] {processor.py:829} INFO - Processing file /opt/airflow/dags/ingest_historique.py for tasks to queue
[2025-03-13T20:58:15.934+0000] {logging_mixin.py:151} INFO - [2025-03-13T20:58:15.934+0000] {dagbag.py:539} INFO - Filling up the DagBag from /opt/airflow/dags/ingest_historique.py
[2025-03-13T20:58:16.781+0000] {processor.py:841} WARNING - No viable dags retrieved from /opt/airflow/dags/ingest_historique.py
[2025-03-13T20:58:16.822+0000] {processor.py:179} INFO - Processing /opt/airflow/dags/ingest_historique.py took 0.896 seconds
[2025-03-13T20:58:47.139+0000] {processor.py:157} INFO - Started process (PID=1202) to work on /opt/airflow/dags/ingest_historique.py
[2025-03-13T20:58:47.141+0000] {processor.py:829} INFO - Processing file /opt/airflow/dags/ingest_historique.py for tasks to queue
[2025-03-13T20:58:47.142+0000] {logging_mixin.py:151} INFO - [2025-03-13T20:58:47.142+0000] {dagbag.py:539} INFO - Filling up the DagBag from /opt/airflow/dags/ingest_historique.py
[2025-03-13T20:58:47.712+0000] {processor.py:841} WARNING - No viable dags retrieved from /opt/airflow/dags/ingest_historique.py
[2025-03-13T20:58:47.731+0000] {processor.py:179} INFO - Processing /opt/airflow/dags/ingest_historique.py took 0.600 seconds
[2025-03-13T20:59:18.166+0000] {processor.py:157} INFO - Started process (PID=1214) to work on /opt/airflow/dags/ingest_historique.py
[2025-03-13T20:59:18.168+0000] {processor.py:829} INFO - Processing file /opt/airflow/dags/ingest_historique.py for tasks to queue
[2025-03-13T20:59:18.169+0000] {logging_mixin.py:151} INFO - [2025-03-13T20:59:18.169+0000] {dagbag.py:539} INFO - Filling up the DagBag from /opt/airflow/dags/ingest_historique.py
[2025-03-13T20:59:19.018+0000] {processor.py:841} WARNING - No viable dags retrieved from /opt/airflow/dags/ingest_historique.py
[2025-03-13T20:59:19.069+0000] {processor.py:179} INFO - Processing /opt/airflow/dags/ingest_historique.py took 0.907 seconds
[2025-03-13T20:59:49.469+0000] {processor.py:157} INFO - Started process (PID=1226) to work on /opt/airflow/dags/ingest_historique.py
[2025-03-13T20:59:49.471+0000] {processor.py:829} INFO - Processing file /opt/airflow/dags/ingest_historique.py for tasks to queue
[2025-03-13T20:59:49.472+0000] {logging_mixin.py:151} INFO - [2025-03-13T20:59:49.472+0000] {dagbag.py:539} INFO - Filling up the DagBag from /opt/airflow/dags/ingest_historique.py
[2025-03-13T20:59:50.177+0000] {processor.py:841} WARNING - No viable dags retrieved from /opt/airflow/dags/ingest_historique.py
[2025-03-13T20:59:50.220+0000] {processor.py:179} INFO - Processing /opt/airflow/dags/ingest_historique.py took 0.758 seconds
[2025-03-13T21:00:20.587+0000] {processor.py:157} INFO - Started process (PID=1238) to work on /opt/airflow/dags/ingest_historique.py
[2025-03-13T21:00:20.589+0000] {processor.py:829} INFO - Processing file /opt/airflow/dags/ingest_historique.py for tasks to queue
[2025-03-13T21:00:20.591+0000] {logging_mixin.py:151} INFO - [2025-03-13T21:00:20.590+0000] {dagbag.py:539} INFO - Filling up the DagBag from /opt/airflow/dags/ingest_historique.py
[2025-03-13T21:00:20.400+0000] {processor.py:841} WARNING - No viable dags retrieved from /opt/airflow/dags/ingest_historique.py
[2025-03-13T21:00:20.446+0000] {processor.py:179} INFO - Processing /opt/airflow/dags/ingest_historique.py took 0.893 seconds
[2025-03-13T21:00:50.839+0000] {processor.py:157} INFO - Started process (PID=1250) to work on /opt/airflow/dags/ingest_historique.py
[2025-03-13T21:00:50.841+0000] {processor.py:829} INFO - Processing file /opt/airflow/dags/ingest_historique.py for tasks to queue
[2025-03-13T21:00:50.842+0000] {logging_mixin.py:151} INFO - [2025-03-13T21:00:50.842+0000] {dagbag.py:539} INFO - Filling up the DagBag from /opt/airflow/dags/ingest_historique.py
[2025-03-13T21:00:51.643+0000] {processor.py:841} WARNING - No viable dags retrieved from /opt/airflow/dags/ingest_historique.py
[2025-03-13T21:00:51.675+0000] {processor.py:179} INFO - Processing /opt/airflow/dags/ingest_historique.py took 0.840 seconds
[2025-03-13T21:01:22.019+0000] {processor.py:157} INFO - Started process (PID=1262) to work on /opt/airflow/dags/ingest_historique.py
[2025-03-13T21:01:22.023+0000] {processor.py:829} INFO - Processing file /opt/airflow/dags/ingest_historique.py for tasks to queue
[2025-03-13T21:01:22.025+0000] {logging_mixin.py:151} INFO - [2025-03-13T21:01:22.025+0000] {dagbag.py:539} INFO - Filling up the DagBag from /opt/airflow/dags/ingest_historique.py
[2025-03-13T21:01:22.863+0000] {processor.py:841} WARNING - No viable dags retrieved from /opt/airflow/dags/ingest_historique.py
[2025-03-13T21:01:22.889+0000] {processor.py:179} INFO - Processing /opt/airflow/dags/ingest_historique.py took 0.881 seconds
[2025-03-13T21:01:53.317+0000] {processor.py:157} INFO - Started process (PID=1274) to work on /opt/airflow/dags/ingest_historique.py
[2025-03-13T21:01:53.319+0000] {processor.py:829} INFO - Processing file /opt/airflow/dags/ingest_historique.py for tasks to queue
[2025-03-13T21:01:53.320+0000] {logging_mixin.py:151} INFO - [2025-03-13T21:01:53.320+0000] {dagbag.py:539} INFO - Filling up the DagBag from /opt/airflow/dags/ingest_historique.py
[2025-03-13T21:01:53.829+0000] {processor.py:841} WARNING - No viable dags retrieved from /opt/airflow/dags/ingest_historique.py
[2025-03-13T21:01:53.850+0000] {processor.py:179} INFO - Processing /opt/airflow/dags/ingest_historique.py took 0.537 seconds
[2025-03-13T21:02:24.209+0000] {processor.py:157} INFO - Started process (PID=1286) to work on /opt/airflow/dags/ingest_historique.py
[2025-03-13T21:02:24.211+0000] {processor.py:829} INFO - Processing file /opt/airflow/dags/ingest_historique.py for tasks to queue
[2025-03-13T21:02:24.212+0000] {logging_mixin.py:151} INFO - [2025-03-13T21:02:24.211+0000] {dagbag.py:539} INFO - Filling up the DagBag from /opt/airflow/dags/ingest_historique.py
[2025-03-13T21:02:24.739+0000] {processor.py:841} WARNING - No viable dags retrieved from /opt/airflow/dags/ingest_historique.py
[2025-03-13T21:02:24.768+0000] {processor.py:179} INFO - Processing /opt/airflow/dags/ingest_historique.py took 0.562 seconds
[2025-03-13T21:02:55.167+0000] {processor.py:157} INFO - Started process (PID=1298) to work on /opt/airflow/dags/ingest_historique.py
[2025-03-13T21:02:55.169+0000] {processor.py:829} INFO - Processing file /opt/airflow/dags/ingest_historique.py for tasks to queue
[2025-03-13T21:02:55.170+0000] {logging_mixin.py:151} INFO - [2025-03-13T21:02:55.169+0000] {dagbag.py:539} INFO - Filling up the DagBag from /opt/airflow/dags/ingest_historique.py
[2025-03-13T21:02:55.751+0000] {processor.py:841} WARNING - No viable dags retrieved from /opt/airflow/dags/ingest_historique.py
[2025-03-13T21:02:55.768+0000] {processor.py:179} INFO - Processing /opt/airflow/dags/ingest_historique.py took 0.605 seconds
[2025-03-13T21:03:09.950+0000] {processor.py:157} INFO - Started process (PID=1307) to work on /opt/airflow/dags/ingest_historique.py
[2025-03-13T21:03:09.951+0000] {processor.py:829} INFO - Processing file /opt/airflow/dags/ingest_historique.py for tasks to queue
[2025-03-13T21:03:09.952+0000] {logging_mixin.py:151} INFO - [2025-03-13T21:03:09.952+0000] {dagbag.py:539} INFO - Filling up the DagBag from /opt/airflow/dags/ingest_historique.py
[2025-03-13T21:03:10.435+0000] {processor.py:839} INFO - DAG(s) dict_keys(['yfinance_ingestion_historique_gold']) retrieved from /opt/airflow/dags/ingest_historique.py
[2025-03-13T21:03:10.624+0000] {logging_mixin.py:151} INFO - [2025-03-13T21:03:10.624+0000] {manager.py:499} INFO - Created Permission View: %s
[2025-03-13T21:03:10.638+0000] {logging_mixin.py:151} INFO - [2025-03-13T21:03:10.638+0000] {manager.py:499} INFO - Created Permission View: %s
[2025-03-13T21:03:10.650+0000] {logging_mixin.py:151} INFO - [2025-03-13T21:03:10.649+0000] {manager.py:499} INFO - Created Permission View: %s
[2025-03-13T21:03:10.651+0000] {logging_mixin.py:151} INFO - [2025-03-13T21:03:10.650+0000] {security.py:708} INFO - Not syncing DAG-level permissions for DAG 'DAG:yfinance_ingestion_historique_gold' as access control is unset.
[2025-03-13T21:03:10.652+0000] {logging_mixin.py:151} INFO - [2025-03-13T21:03:10.651+0000] {dag.py:2915} INFO - Sync 1 DAGs
[2025-03-13T21:03:10.665+0000] {logging_mixin.py:151} INFO - [2025-03-13T21:03:10.664+0000] {dag.py:2937} INFO - Creating ORM DAG for yfinance_ingestion_historique_gold
[2025-03-13T21:03:10.678+0000] {logging_mixin.py:151} INFO - [2025-03-13T21:03:10.678+0000] {dag.py:3696} INFO - Setting next_dagrun for yfinance_ingestion_historique_gold to 2025-01-01T00:00:00+00:00, run_after=2025-01-02T00:00:00+00:00
[2025-03-13T21:03:11.113+0000] {processor.py:179} INFO - Processing /opt/airflow/dags/ingest_historique.py took 1.166 seconds
[2025-03-13T21:03:41.368+0000] {processor.py:157} INFO - Started process (PID=1319) to work on /opt/airflow/dags/ingest_historique.py
[2025-03-13T21:03:41.370+0000] {processor.py:829} INFO - Processing file /opt/airflow/dags/ingest_historique.py for tasks to queue
[2025-03-13T21:03:41.371+0000] {logging_mixin.py:151} INFO - [2025-03-13T21:03:41.371+0000] {dagbag.py:539} INFO - Filling up the DagBag from /opt/airflow/dags/ingest_historique.py
[2025-03-13T21:03:41.808+0000] {processor.py:839} INFO - DAG(s) dict_keys(['yfinance_ingestion_historique_gold']) retrieved from /opt/airflow/dags/ingest_historique.py
[2025-03-13T21:03:41.836+0000] {logging_mixin.py:151} INFO - [2025-03-13T21:03:41.836+0000] {dag.py:2915} INFO - Sync 1 DAGs
[2025-03-13T21:03:41.861+0000] {logging_mixin.py:151} INFO - [2025-03-13T21:03:41.861+0000] {dag.py:3696} INFO - Setting next_dagrun for yfinance_ingestion_historique_gold to 2025-01-01T00:00:00+00:00, run_after=2025-01-02T00:00:00+00:00
[2025-03-13T21:03:41.890+0000] {processor.py:179} INFO - Processing /opt/airflow/dags/ingest_historique.py took 0.525 seconds
[2025-03-13T21:03:50.812+0000] {processor.py:157} INFO - Started process (PID=1325) to work on /opt/airflow/dags/ingest_historique.py
[2025-03-13T21:03:50.813+0000] {processor.py:829} INFO - Processing file /opt/airflow/dags/ingest_historique.py for tasks to queue
[2025-03-13T21:03:50.814+0000] {logging_mixin.py:151} INFO - [2025-03-13T21:03:50.814+0000] {dagbag.py:539} INFO - Filling up the DagBag from /opt/airflow/dags/ingest_historique.py
[2025-03-13T21:03:51.245+0000] {processor.py:839} INFO - DAG(s) dict_keys(['yfinance_ingestion_historique_gold']) retrieved from /opt/airflow/dags/ingest_historique.py
[2025-03-13T21:03:51.282+0000] {logging_mixin.py:151} INFO - [2025-03-13T21:03:51.282+0000] {dag.py:2915} INFO - Sync 1 DAGs
[2025-03-13T21:03:51.311+0000] {logging_mixin.py:151} INFO - [2025-03-13T21:03:51.311+0000] {dag.py:3696} INFO - Setting next_dagrun for yfinance_ingestion_historique_gold to 2025-01-01T00:00:00+00:00, run_after=2025-01-02T00:00:00+00:00
[2025-03-13T21:03:51.345+0000] {processor.py:179} INFO - Processing /opt/airflow/dags/ingest_historique.py took 0.536 seconds
[2025-03-13T21:03:56.467+0000] {processor.py:157} INFO - Started process (PID=1331) to work on /opt/airflow/dags/ingest_historique.py
[2025-03-13T21:03:56.468+0000] {processor.py:829} INFO - Processing file /opt/airflow/dags/ingest_historique.py for tasks to queue
[2025-03-13T21:03:56.469+0000] {logging_mixin.py:151} INFO - [2025-03-13T21:03:56.469+0000] {dagbag.py:539} INFO - Filling up the DagBag from /opt/airflow/dags/ingest_historique.py
[2025-03-13T21:03:56.967+0000] {processor.py:839} INFO - DAG(s) dict_keys(['yfinance_ingestion_historique_gold']) retrieved from /opt/airflow/dags/ingest_historique.py
[2025-03-13T21:03:57.014+0000] {logging_mixin.py:151} INFO - [2025-03-13T21:03:57.013+0000] {dag.py:2915} INFO - Sync 1 DAGs
[2025-03-13T21:03:57.057+0000] {logging_mixin.py:151} INFO - [2025-03-13T21:03:57.056+0000] {dag.py:3696} INFO - Setting next_dagrun for yfinance_ingestion_historique_gold to 2025-01-01T00:00:00+00:00, run_after=2025-01-02T00:00:00+00:00
[2025-03-13T21:03:57.124+0000] {processor.py:179} INFO - Processing /opt/airflow/dags/ingest_historique.py took 0.660 seconds
[2025-03-13T21:04:27.446+0000] {processor.py:157} INFO - Started process (PID=1343) to work on /opt/airflow/dags/ingest_historique.py
[2025-03-13T21:04:27.447+0000] {processor.py:829} INFO - Processing file /opt/airflow/dags/ingest_historique.py for tasks to queue
[2025-03-13T21:04:27.448+0000] {logging_mixin.py:151} INFO - [2025-03-13T21:04:27.448+0000] {dagbag.py:539} INFO - Filling up the DagBag from /opt/airflow/dags/ingest_historique.py
[2025-03-13T21:04:27.942+0000] {processor.py:839} INFO - DAG(s) dict_keys(['yfinance_ingestion_historique_gold']) retrieved from /opt/airflow/dags/ingest_historique.py
[2025-03-13T21:04:27.985+0000] {logging_mixin.py:151} INFO - [2025-03-13T21:04:27.983+0000] {dag.py:2915} INFO - Sync 1 DAGs
[2025-03-13T21:04:28.016+0000] {logging_mixin.py:151} INFO - [2025-03-13T21:04:28.016+0000] {dag.py:3696} INFO - Setting next_dagrun for yfinance_ingestion_historique_gold to 2025-01-01T00:00:00+00:00, run_after=2025-01-02T00:00:00+00:00
[2025-03-13T21:04:28.046+0000] {processor.py:179} INFO - Processing /opt/airflow/dags/ingest_historique.py took 0.605 seconds
[2025-03-13T21:04:58.498+0000] {processor.py:157} INFO - Started process (PID=1369) to work on /opt/airflow/dags/ingest_historique.py
[2025-03-13T21:04:58.509+0000] {processor.py:829} INFO - Processing file /opt/airflow/dags/ingest_historique.py for tasks to queue
[2025-03-13T21:04:58.512+0000] {logging_mixin.py:151} INFO - [2025-03-13T21:04:58.511+0000] {dagbag.py:539} INFO - Filling up the DagBag from /opt/airflow/dags/ingest_historique.py
[2025-03-13T21:05:00.338+0000] {processor.py:839} INFO - DAG(s) dict_keys(['yfinance_ingestion_historique_gold']) retrieved from /opt/airflow/dags/ingest_historique.py
[2025-03-13T21:05:00.517+0000] {logging_mixin.py:151} INFO - [2025-03-13T21:05:00.515+0000] {dag.py:2915} INFO - Sync 1 DAGs
[2025-03-13T21:05:01.414+0000] {processor.py:179} INFO - Processing /opt/airflow/dags/ingest_historique.py took 2.964 seconds
[2025-03-13T21:05:33.205+0000] {processor.py:157} INFO - Started process (PID=1443) to work on /opt/airflow/dags/ingest_historique.py
[2025-03-13T21:05:33.237+0000] {processor.py:829} INFO - Processing file /opt/airflow/dags/ingest_historique.py for tasks to queue
[2025-03-13T21:05:33.321+0000] {logging_mixin.py:151} INFO - [2025-03-13T21:05:33.274+0000] {dagbag.py:539} INFO - Filling up the DagBag from /opt/airflow/dags/ingest_historique.py
[2025-03-13T21:05:39.014+0000] {processor.py:839} INFO - DAG(s) dict_keys(['yfinance_ingestion_historique_gold']) retrieved from /opt/airflow/dags/ingest_historique.py
[2025-03-13T21:05:39.170+0000] {logging_mixin.py:151} INFO - [2025-03-13T21:05:39.170+0000] {dag.py:2915} INFO - Sync 1 DAGs
[2025-03-13T21:05:39.283+0000] {logging_mixin.py:151} INFO - [2025-03-13T21:05:39.282+0000] {dag.py:3696} INFO - Setting next_dagrun for yfinance_ingestion_historique_gold to 2025-02-01T00:00:00+00:00, run_after=2025-02-02T00:00:00+00:00
[2025-03-13T21:05:39.379+0000] {processor.py:179} INFO - Processing /opt/airflow/dags/ingest_historique.py took 7.617 seconds
[2025-03-13T21:06:10.152+0000] {processor.py:157} INFO - Started process (PID=1572) to work on /opt/airflow/dags/ingest_historique.py
[2025-03-13T21:06:10.158+0000] {processor.py:829} INFO - Processing file /opt/airflow/dags/ingest_historique.py for tasks to queue
[2025-03-13T21:06:10.164+0000] {logging_mixin.py:151} INFO - [2025-03-13T21:06:10.164+0000] {dagbag.py:539} INFO - Filling up the DagBag from /opt/airflow/dags/ingest_historique.py
[2025-03-13T21:06:11.678+0000] {processor.py:839} INFO - DAG(s) dict_keys(['yfinance_ingestion_historique_gold']) retrieved from /opt/airflow/dags/ingest_historique.py
[2025-03-13T21:06:11.786+0000] {logging_mixin.py:151} INFO - [2025-03-13T21:06:11.785+0000] {dag.py:2915} INFO - Sync 1 DAGs
[2025-03-13T21:06:11.856+0000] {logging_mixin.py:151} INFO - [2025-03-13T21:06:11.856+0000] {dag.py:3696} INFO - Setting next_dagrun for yfinance_ingestion_historique_gold to 2025-03-13T00:00:00+00:00, run_after=2025-03-14T00:00:00+00:00
[2025-03-13T21:06:11.921+0000] {processor.py:179} INFO - Processing /opt/airflow/dags/ingest_historique.py took 1.778 seconds
[2025-03-13T21:06:19.929+0000] {processor.py:157} INFO - Started process (PID=1607) to work on /opt/airflow/dags/ingest_historique.py
[2025-03-13T21:06:19.930+0000] {processor.py:829} INFO - Processing file /opt/airflow/dags/ingest_historique.py for tasks to queue
[2025-03-13T21:06:19.931+0000] {logging_mixin.py:151} INFO - [2025-03-13T21:06:19.931+0000] {dagbag.py:539} INFO - Filling up the DagBag from /opt/airflow/dags/ingest_historique.py
[2025-03-13T21:06:20.432+0000] {logging_mixin.py:151} INFO - [2025-03-13T21:06:20.416+0000] {dagbag.py:347} ERROR - Failed to import: /opt/airflow/dags/ingest_historique.py
Traceback (most recent call last):
  File "/home/airflow/.local/lib/python3.8/site-packages/airflow/models/dagbag.py", line 343, in parse
    loader.exec_module(new_module)
  File "<frozen importlib._bootstrap_external>", line 843, in exec_module
  File "<frozen importlib._bootstrap>", line 219, in _call_with_frames_removed
  File "/opt/airflow/dags/ingest_historique.py", line 103, in <module>
    python_callable=fetch_gold_data_monthly,
NameError: name 'fetch_gold_data_monthly' is not defined
[2025-03-13T21:06:20.434+0000] {processor.py:841} WARNING - No viable dags retrieved from /opt/airflow/dags/ingest_historique.py
[2025-03-13T21:06:20.467+0000] {processor.py:179} INFO - Processing /opt/airflow/dags/ingest_historique.py took 0.541 seconds
[2025-03-13T21:06:39.647+0000] {processor.py:157} INFO - Started process (PID=1613) to work on /opt/airflow/dags/ingest_historique.py
[2025-03-13T21:06:39.649+0000] {processor.py:829} INFO - Processing file /opt/airflow/dags/ingest_historique.py for tasks to queue
[2025-03-13T21:06:39.650+0000] {logging_mixin.py:151} INFO - [2025-03-13T21:06:39.649+0000] {dagbag.py:539} INFO - Filling up the DagBag from /opt/airflow/dags/ingest_historique.py
[2025-03-13T21:06:40.113+0000] {processor.py:839} INFO - DAG(s) dict_keys(['yfinance_ingestion_historique_gold']) retrieved from /opt/airflow/dags/ingest_historique.py
[2025-03-13T21:06:40.142+0000] {logging_mixin.py:151} INFO - [2025-03-13T21:06:40.142+0000] {dag.py:2915} INFO - Sync 1 DAGs
[2025-03-13T21:06:40.168+0000] {logging_mixin.py:151} INFO - [2025-03-13T21:06:40.167+0000] {dag.py:3696} INFO - Setting next_dagrun for yfinance_ingestion_historique_gold to 2025-03-13T00:00:00+00:00, run_after=2025-03-14T00:00:00+00:00
[2025-03-13T21:06:41.006+0000] {processor.py:179} INFO - Processing /opt/airflow/dags/ingest_historique.py took 1.363 seconds
[2025-03-13T21:07:11.256+0000] {processor.py:157} INFO - Started process (PID=1631) to work on /opt/airflow/dags/ingest_historique.py
[2025-03-13T21:07:11.258+0000] {processor.py:829} INFO - Processing file /opt/airflow/dags/ingest_historique.py for tasks to queue
[2025-03-13T21:07:11.259+0000] {logging_mixin.py:151} INFO - [2025-03-13T21:07:11.258+0000] {dagbag.py:539} INFO - Filling up the DagBag from /opt/airflow/dags/ingest_historique.py
[2025-03-13T21:07:11.659+0000] {processor.py:839} INFO - DAG(s) dict_keys(['yfinance_ingestion_historique_gold']) retrieved from /opt/airflow/dags/ingest_historique.py
[2025-03-13T21:07:11.687+0000] {logging_mixin.py:151} INFO - [2025-03-13T21:07:11.686+0000] {dag.py:2915} INFO - Sync 1 DAGs
[2025-03-13T21:07:11.713+0000] {logging_mixin.py:151} INFO - [2025-03-13T21:07:11.713+0000] {dag.py:3696} INFO - Setting next_dagrun for yfinance_ingestion_historique_gold to 2025-03-13T00:00:00+00:00, run_after=2025-03-14T00:00:00+00:00
[2025-03-13T21:07:11.741+0000] {processor.py:179} INFO - Processing /opt/airflow/dags/ingest_historique.py took 0.488 seconds
[2025-03-13T21:07:42.112+0000] {processor.py:157} INFO - Started process (PID=1643) to work on /opt/airflow/dags/ingest_historique.py
[2025-03-13T21:07:42.113+0000] {processor.py:829} INFO - Processing file /opt/airflow/dags/ingest_historique.py for tasks to queue
[2025-03-13T21:07:42.114+0000] {logging_mixin.py:151} INFO - [2025-03-13T21:07:42.114+0000] {dagbag.py:539} INFO - Filling up the DagBag from /opt/airflow/dags/ingest_historique.py
[2025-03-13T21:07:42.496+0000] {processor.py:839} INFO - DAG(s) dict_keys(['yfinance_ingestion_historique_gold']) retrieved from /opt/airflow/dags/ingest_historique.py
[2025-03-13T21:07:42.524+0000] {logging_mixin.py:151} INFO - [2025-03-13T21:07:42.523+0000] {dag.py:2915} INFO - Sync 1 DAGs
[2025-03-13T21:07:42.545+0000] {logging_mixin.py:151} INFO - [2025-03-13T21:07:42.545+0000] {dag.py:3696} INFO - Setting next_dagrun for yfinance_ingestion_historique_gold to 2025-03-13T00:00:00+00:00, run_after=2025-03-14T00:00:00+00:00
[2025-03-13T21:07:42.569+0000] {processor.py:179} INFO - Processing /opt/airflow/dags/ingest_historique.py took 0.459 seconds
[2025-03-13T21:08:12.902+0000] {processor.py:157} INFO - Started process (PID=1655) to work on /opt/airflow/dags/ingest_historique.py
[2025-03-13T21:08:12.903+0000] {processor.py:829} INFO - Processing file /opt/airflow/dags/ingest_historique.py for tasks to queue
[2025-03-13T21:08:12.904+0000] {logging_mixin.py:151} INFO - [2025-03-13T21:08:12.904+0000] {dagbag.py:539} INFO - Filling up the DagBag from /opt/airflow/dags/ingest_historique.py
[2025-03-13T21:08:13.617+0000] {processor.py:839} INFO - DAG(s) dict_keys(['yfinance_ingestion_historique_gold']) retrieved from /opt/airflow/dags/ingest_historique.py
[2025-03-13T21:08:13.642+0000] {logging_mixin.py:151} INFO - [2025-03-13T21:08:13.641+0000] {dag.py:2915} INFO - Sync 1 DAGs
[2025-03-13T21:08:13.664+0000] {logging_mixin.py:151} INFO - [2025-03-13T21:08:13.664+0000] {dag.py:3696} INFO - Setting next_dagrun for yfinance_ingestion_historique_gold to 2025-03-13T00:00:00+00:00, run_after=2025-03-14T00:00:00+00:00
[2025-03-13T21:08:13.688+0000] {processor.py:179} INFO - Processing /opt/airflow/dags/ingest_historique.py took 0.789 seconds
[2025-03-13T21:08:44.237+0000] {processor.py:157} INFO - Started process (PID=1667) to work on /opt/airflow/dags/ingest_historique.py
[2025-03-13T21:08:44.238+0000] {processor.py:829} INFO - Processing file /opt/airflow/dags/ingest_historique.py for tasks to queue
[2025-03-13T21:08:44.239+0000] {logging_mixin.py:151} INFO - [2025-03-13T21:08:44.239+0000] {dagbag.py:539} INFO - Filling up the DagBag from /opt/airflow/dags/ingest_historique.py
[2025-03-13T21:08:44.640+0000] {processor.py:839} INFO - DAG(s) dict_keys(['yfinance_ingestion_historique_gold']) retrieved from /opt/airflow/dags/ingest_historique.py
[2025-03-13T21:08:44.667+0000] {logging_mixin.py:151} INFO - [2025-03-13T21:08:44.667+0000] {dag.py:2915} INFO - Sync 1 DAGs
[2025-03-13T21:08:44.814+0000] {logging_mixin.py:151} INFO - [2025-03-13T21:08:44.813+0000] {dag.py:3696} INFO - Setting next_dagrun for yfinance_ingestion_historique_gold to 2025-03-13T00:00:00+00:00, run_after=2025-03-14T00:00:00+00:00
[2025-03-13T21:08:44.837+0000] {processor.py:179} INFO - Processing /opt/airflow/dags/ingest_historique.py took 0.604 seconds
[2025-03-13T21:09:15.183+0000] {processor.py:157} INFO - Started process (PID=1679) to work on /opt/airflow/dags/ingest_historique.py
[2025-03-13T21:09:15.185+0000] {processor.py:829} INFO - Processing file /opt/airflow/dags/ingest_historique.py for tasks to queue
[2025-03-13T21:09:15.186+0000] {logging_mixin.py:151} INFO - [2025-03-13T21:09:15.186+0000] {dagbag.py:539} INFO - Filling up the DagBag from /opt/airflow/dags/ingest_historique.py
[2025-03-13T21:09:15.655+0000] {processor.py:839} INFO - DAG(s) dict_keys(['yfinance_ingestion_historique_gold']) retrieved from /opt/airflow/dags/ingest_historique.py
[2025-03-13T21:09:15.683+0000] {logging_mixin.py:151} INFO - [2025-03-13T21:09:15.682+0000] {dag.py:2915} INFO - Sync 1 DAGs
[2025-03-13T21:09:15.704+0000] {logging_mixin.py:151} INFO - [2025-03-13T21:09:15.704+0000] {dag.py:3696} INFO - Setting next_dagrun for yfinance_ingestion_historique_gold to 2025-03-13T00:00:00+00:00, run_after=2025-03-14T00:00:00+00:00
[2025-03-13T21:09:15.730+0000] {processor.py:179} INFO - Processing /opt/airflow/dags/ingest_historique.py took 0.555 seconds
[2025-03-13T21:09:46.056+0000] {processor.py:157} INFO - Started process (PID=1691) to work on /opt/airflow/dags/ingest_historique.py
[2025-03-13T21:09:46.057+0000] {processor.py:829} INFO - Processing file /opt/airflow/dags/ingest_historique.py for tasks to queue
[2025-03-13T21:09:46.059+0000] {logging_mixin.py:151} INFO - [2025-03-13T21:09:46.058+0000] {dagbag.py:539} INFO - Filling up the DagBag from /opt/airflow/dags/ingest_historique.py
[2025-03-13T21:09:46.575+0000] {processor.py:839} INFO - DAG(s) dict_keys(['yfinance_ingestion_historique_gold']) retrieved from /opt/airflow/dags/ingest_historique.py
[2025-03-13T21:09:46.599+0000] {logging_mixin.py:151} INFO - [2025-03-13T21:09:46.598+0000] {dag.py:2915} INFO - Sync 1 DAGs
[2025-03-13T21:09:46.619+0000] {logging_mixin.py:151} INFO - [2025-03-13T21:09:46.619+0000] {dag.py:3696} INFO - Setting next_dagrun for yfinance_ingestion_historique_gold to 2025-03-13T00:00:00+00:00, run_after=2025-03-14T00:00:00+00:00
[2025-03-13T21:09:46.645+0000] {processor.py:179} INFO - Processing /opt/airflow/dags/ingest_historique.py took 0.593 seconds
[2025-03-13T21:10:16.687+0000] {processor.py:157} INFO - Started process (PID=1703) to work on /opt/airflow/dags/ingest_historique.py
[2025-03-13T21:10:16.689+0000] {processor.py:829} INFO - Processing file /opt/airflow/dags/ingest_historique.py for tasks to queue
[2025-03-13T21:10:16.690+0000] {logging_mixin.py:151} INFO - [2025-03-13T21:10:16.690+0000] {dagbag.py:539} INFO - Filling up the DagBag from /opt/airflow/dags/ingest_historique.py
[2025-03-13T21:10:17.186+0000] {processor.py:839} INFO - DAG(s) dict_keys(['yfinance_ingestion_historique_gold']) retrieved from /opt/airflow/dags/ingest_historique.py
[2025-03-13T21:10:17.229+0000] {logging_mixin.py:151} INFO - [2025-03-13T21:10:17.228+0000] {dag.py:2915} INFO - Sync 1 DAGs
[2025-03-13T21:10:17.269+0000] {logging_mixin.py:151} INFO - [2025-03-13T21:10:17.269+0000] {dag.py:3696} INFO - Setting next_dagrun for yfinance_ingestion_historique_gold to 2025-03-13T00:00:00+00:00, run_after=2025-03-14T00:00:00+00:00
[2025-03-13T21:10:17.472+0000] {processor.py:179} INFO - Processing /opt/airflow/dags/ingest_historique.py took 0.789 seconds
[2025-03-13T21:10:47.746+0000] {processor.py:157} INFO - Started process (PID=1715) to work on /opt/airflow/dags/ingest_historique.py
[2025-03-13T21:10:47.747+0000] {processor.py:829} INFO - Processing file /opt/airflow/dags/ingest_historique.py for tasks to queue
[2025-03-13T21:10:47.748+0000] {logging_mixin.py:151} INFO - [2025-03-13T21:10:47.748+0000] {dagbag.py:539} INFO - Filling up the DagBag from /opt/airflow/dags/ingest_historique.py
[2025-03-13T21:10:48.213+0000] {processor.py:839} INFO - DAG(s) dict_keys(['yfinance_ingestion_historique_gold']) retrieved from /opt/airflow/dags/ingest_historique.py
[2025-03-13T21:10:48.241+0000] {logging_mixin.py:151} INFO - [2025-03-13T21:10:48.240+0000] {dag.py:2915} INFO - Sync 1 DAGs
[2025-03-13T21:10:48.264+0000] {logging_mixin.py:151} INFO - [2025-03-13T21:10:48.264+0000] {dag.py:3696} INFO - Setting next_dagrun for yfinance_ingestion_historique_gold to 2025-03-13T00:00:00+00:00, run_after=2025-03-14T00:00:00+00:00
[2025-03-13T21:10:48.290+0000] {processor.py:179} INFO - Processing /opt/airflow/dags/ingest_historique.py took 0.547 seconds
[2025-03-13T21:11:19.024+0000] {processor.py:157} INFO - Started process (PID=1727) to work on /opt/airflow/dags/ingest_historique.py
[2025-03-13T21:11:19.025+0000] {processor.py:829} INFO - Processing file /opt/airflow/dags/ingest_historique.py for tasks to queue
[2025-03-13T21:11:19.026+0000] {logging_mixin.py:151} INFO - [2025-03-13T21:11:19.026+0000] {dagbag.py:539} INFO - Filling up the DagBag from /opt/airflow/dags/ingest_historique.py
[2025-03-13T21:11:19.551+0000] {processor.py:839} INFO - DAG(s) dict_keys(['yfinance_ingestion_historique_gold']) retrieved from /opt/airflow/dags/ingest_historique.py
[2025-03-13T21:11:19.587+0000] {logging_mixin.py:151} INFO - [2025-03-13T21:11:19.586+0000] {dag.py:2915} INFO - Sync 1 DAGs
[2025-03-13T21:11:19.626+0000] {logging_mixin.py:151} INFO - [2025-03-13T21:11:19.626+0000] {dag.py:3696} INFO - Setting next_dagrun for yfinance_ingestion_historique_gold to 2025-03-13T00:00:00+00:00, run_after=2025-03-14T00:00:00+00:00
[2025-03-13T21:11:19.656+0000] {processor.py:179} INFO - Processing /opt/airflow/dags/ingest_historique.py took 0.636 seconds
[2025-03-13T21:11:49.979+0000] {processor.py:157} INFO - Started process (PID=1739) to work on /opt/airflow/dags/ingest_historique.py
[2025-03-13T21:11:49.981+0000] {processor.py:829} INFO - Processing file /opt/airflow/dags/ingest_historique.py for tasks to queue
[2025-03-13T21:11:49.982+0000] {logging_mixin.py:151} INFO - [2025-03-13T21:11:49.982+0000] {dagbag.py:539} INFO - Filling up the DagBag from /opt/airflow/dags/ingest_historique.py
[2025-03-13T21:11:50.437+0000] {processor.py:839} INFO - DAG(s) dict_keys(['yfinance_ingestion_historique_gold']) retrieved from /opt/airflow/dags/ingest_historique.py
[2025-03-13T21:11:50.480+0000] {logging_mixin.py:151} INFO - [2025-03-13T21:11:50.478+0000] {dag.py:2915} INFO - Sync 1 DAGs
[2025-03-13T21:11:50.533+0000] {logging_mixin.py:151} INFO - [2025-03-13T21:11:50.533+0000] {dag.py:3696} INFO - Setting next_dagrun for yfinance_ingestion_historique_gold to 2025-03-13T00:00:00+00:00, run_after=2025-03-14T00:00:00+00:00
[2025-03-13T21:11:50.720+0000] {processor.py:179} INFO - Processing /opt/airflow/dags/ingest_historique.py took 0.744 seconds
[2025-03-13T21:12:13.355+0000] {processor.py:157} INFO - Started process (PID=1751) to work on /opt/airflow/dags/ingest_historique.py
[2025-03-13T21:12:13.357+0000] {processor.py:829} INFO - Processing file /opt/airflow/dags/ingest_historique.py for tasks to queue
[2025-03-13T21:12:13.359+0000] {logging_mixin.py:151} INFO - [2025-03-13T21:12:13.358+0000] {dagbag.py:539} INFO - Filling up the DagBag from /opt/airflow/dags/ingest_historique.py
[2025-03-13T21:12:14.160+0000] {processor.py:839} INFO - DAG(s) dict_keys(['yfinance_ingestion_historique_gold']) retrieved from /opt/airflow/dags/ingest_historique.py
[2025-03-13T21:12:14.188+0000] {logging_mixin.py:151} INFO - [2025-03-13T21:12:14.187+0000] {dag.py:2915} INFO - Sync 1 DAGs
[2025-03-13T21:12:14.215+0000] {logging_mixin.py:151} INFO - [2025-03-13T21:12:14.214+0000] {dag.py:3696} INFO - Setting next_dagrun for yfinance_ingestion_historique_gold to 2025-03-13T00:00:00+00:00, run_after=2025-03-14T00:00:00+00:00
[2025-03-13T21:12:14.247+0000] {processor.py:179} INFO - Processing /opt/airflow/dags/ingest_historique.py took 0.900 seconds
[2025-03-13T21:12:17.083+0000] {processor.py:157} INFO - Started process (PID=1757) to work on /opt/airflow/dags/ingest_historique.py
[2025-03-13T21:12:17.085+0000] {processor.py:829} INFO - Processing file /opt/airflow/dags/ingest_historique.py for tasks to queue
[2025-03-13T21:12:17.088+0000] {logging_mixin.py:151} INFO - [2025-03-13T21:12:17.087+0000] {dagbag.py:539} INFO - Filling up the DagBag from /opt/airflow/dags/ingest_historique.py
[2025-03-13T21:12:17.808+0000] {processor.py:839} INFO - DAG(s) dict_keys(['yfinance_ingestion_historique_gold']) retrieved from /opt/airflow/dags/ingest_historique.py
[2025-03-13T21:12:17.847+0000] {logging_mixin.py:151} INFO - [2025-03-13T21:12:17.846+0000] {dag.py:2915} INFO - Sync 1 DAGs
[2025-03-13T21:12:17.872+0000] {logging_mixin.py:151} INFO - [2025-03-13T21:12:17.872+0000] {dag.py:3696} INFO - Setting next_dagrun for yfinance_ingestion_historique_gold to 2025-03-13T00:00:00+00:00, run_after=2025-03-14T00:00:00+00:00
[2025-03-13T21:12:17.896+0000] {processor.py:179} INFO - Processing /opt/airflow/dags/ingest_historique.py took 0.823 seconds
[2025-03-13T21:12:48.268+0000] {processor.py:157} INFO - Started process (PID=1808) to work on /opt/airflow/dags/ingest_historique.py
[2025-03-13T21:12:48.270+0000] {processor.py:829} INFO - Processing file /opt/airflow/dags/ingest_historique.py for tasks to queue
[2025-03-13T21:12:48.271+0000] {logging_mixin.py:151} INFO - [2025-03-13T21:12:48.271+0000] {dagbag.py:539} INFO - Filling up the DagBag from /opt/airflow/dags/ingest_historique.py
[2025-03-13T21:12:48.781+0000] {processor.py:839} INFO - DAG(s) dict_keys(['yfinance_ingestion_historique_gold']) retrieved from /opt/airflow/dags/ingest_historique.py
[2025-03-13T21:12:48.809+0000] {logging_mixin.py:151} INFO - [2025-03-13T21:12:48.809+0000] {dag.py:2915} INFO - Sync 1 DAGs
[2025-03-13T21:12:48.831+0000] {logging_mixin.py:151} INFO - [2025-03-13T21:12:48.831+0000] {dag.py:3696} INFO - Setting next_dagrun for yfinance_ingestion_historique_gold to 2025-03-13T00:00:00+00:00, run_after=2025-03-14T00:00:00+00:00
[2025-03-13T21:12:48.856+0000] {processor.py:179} INFO - Processing /opt/airflow/dags/ingest_historique.py took 0.593 seconds
[2025-03-13T21:13:19.106+0000] {processor.py:157} INFO - Started process (PID=1820) to work on /opt/airflow/dags/ingest_historique.py
[2025-03-13T21:13:19.107+0000] {processor.py:829} INFO - Processing file /opt/airflow/dags/ingest_historique.py for tasks to queue
[2025-03-13T21:13:19.108+0000] {logging_mixin.py:151} INFO - [2025-03-13T21:13:19.108+0000] {dagbag.py:539} INFO - Filling up the DagBag from /opt/airflow/dags/ingest_historique.py
[2025-03-13T21:13:19.741+0000] {processor.py:839} INFO - DAG(s) dict_keys(['yfinance_ingestion_historique_gold']) retrieved from /opt/airflow/dags/ingest_historique.py
[2025-03-13T21:13:19.767+0000] {logging_mixin.py:151} INFO - [2025-03-13T21:13:19.766+0000] {dag.py:2915} INFO - Sync 1 DAGs
[2025-03-13T21:13:19.793+0000] {logging_mixin.py:151} INFO - [2025-03-13T21:13:19.793+0000] {dag.py:3696} INFO - Setting next_dagrun for yfinance_ingestion_historique_gold to 2025-03-13T00:00:00+00:00, run_after=2025-03-14T00:00:00+00:00
[2025-03-13T21:13:19.820+0000] {processor.py:179} INFO - Processing /opt/airflow/dags/ingest_historique.py took 0.718 seconds
[2025-03-13T21:13:50.218+0000] {processor.py:157} INFO - Started process (PID=1832) to work on /opt/airflow/dags/ingest_historique.py
[2025-03-13T21:13:50.219+0000] {processor.py:829} INFO - Processing file /opt/airflow/dags/ingest_historique.py for tasks to queue
[2025-03-13T21:13:50.220+0000] {logging_mixin.py:151} INFO - [2025-03-13T21:13:50.220+0000] {dagbag.py:539} INFO - Filling up the DagBag from /opt/airflow/dags/ingest_historique.py
[2025-03-13T21:13:50.692+0000] {processor.py:839} INFO - DAG(s) dict_keys(['yfinance_ingestion_historique_gold']) retrieved from /opt/airflow/dags/ingest_historique.py
[2025-03-13T21:13:50.729+0000] {logging_mixin.py:151} INFO - [2025-03-13T21:13:50.728+0000] {dag.py:2915} INFO - Sync 1 DAGs
[2025-03-13T21:13:50.926+0000] {logging_mixin.py:151} INFO - [2025-03-13T21:13:50.926+0000] {dag.py:3696} INFO - Setting next_dagrun for yfinance_ingestion_historique_gold to 2025-03-13T00:00:00+00:00, run_after=2025-03-14T00:00:00+00:00
[2025-03-13T21:13:50.955+0000] {processor.py:179} INFO - Processing /opt/airflow/dags/ingest_historique.py took 0.741 seconds
[2025-03-13T21:14:49.558+0000] {processor.py:157} INFO - Started process (PID=165) to work on /opt/airflow/dags/ingest_historique.py
[2025-03-13T21:14:49.560+0000] {processor.py:829} INFO - Processing file /opt/airflow/dags/ingest_historique.py for tasks to queue
[2025-03-13T21:14:49.561+0000] {logging_mixin.py:151} INFO - [2025-03-13T21:14:49.561+0000] {dagbag.py:539} INFO - Filling up the DagBag from /opt/airflow/dags/ingest_historique.py
[2025-03-13T21:14:51.674+0000] {processor.py:839} INFO - DAG(s) dict_keys(['yfinance_ingestion_historique_gold']) retrieved from /opt/airflow/dags/ingest_historique.py
[2025-03-13T21:14:51.997+0000] {logging_mixin.py:151} INFO - [2025-03-13T21:14:51.997+0000] {security.py:708} INFO - Not syncing DAG-level permissions for DAG 'DAG:yfinance_ingestion_historique_gold' as access control is unset.
[2025-03-13T21:14:51.999+0000] {logging_mixin.py:151} INFO - [2025-03-13T21:14:51.998+0000] {dag.py:2915} INFO - Sync 1 DAGs
[2025-03-13T21:14:52.028+0000] {logging_mixin.py:151} INFO - [2025-03-13T21:14:52.028+0000] {dag.py:3696} INFO - Setting next_dagrun for yfinance_ingestion_historique_gold to 2025-03-13T00:00:00+00:00, run_after=2025-03-14T00:00:00+00:00
[2025-03-13T21:14:52.064+0000] {processor.py:179} INFO - Processing /opt/airflow/dags/ingest_historique.py took 2.512 seconds
[2025-03-13T21:15:22.436+0000] {processor.py:157} INFO - Started process (PID=178) to work on /opt/airflow/dags/ingest_historique.py
[2025-03-13T21:15:22.438+0000] {processor.py:829} INFO - Processing file /opt/airflow/dags/ingest_historique.py for tasks to queue
[2025-03-13T21:15:22.441+0000] {logging_mixin.py:151} INFO - [2025-03-13T21:15:22.440+0000] {dagbag.py:539} INFO - Filling up the DagBag from /opt/airflow/dags/ingest_historique.py
[2025-03-13T21:15:23.418+0000] {processor.py:839} INFO - DAG(s) dict_keys(['yfinance_ingestion_historique_gold']) retrieved from /opt/airflow/dags/ingest_historique.py
[2025-03-13T21:15:23.516+0000] {logging_mixin.py:151} INFO - [2025-03-13T21:15:23.515+0000] {dag.py:2915} INFO - Sync 1 DAGs
[2025-03-13T21:15:23.550+0000] {logging_mixin.py:151} INFO - [2025-03-13T21:15:23.550+0000] {dag.py:3696} INFO - Setting next_dagrun for yfinance_ingestion_historique_gold to 2025-03-13T00:00:00+00:00, run_after=2025-03-14T00:00:00+00:00
[2025-03-13T21:15:23.578+0000] {processor.py:179} INFO - Processing /opt/airflow/dags/ingest_historique.py took 1.149 seconds
[2025-03-13T21:15:53.931+0000] {processor.py:157} INFO - Started process (PID=190) to work on /opt/airflow/dags/ingest_historique.py
[2025-03-13T21:15:53.933+0000] {processor.py:829} INFO - Processing file /opt/airflow/dags/ingest_historique.py for tasks to queue
[2025-03-13T21:15:53.935+0000] {logging_mixin.py:151} INFO - [2025-03-13T21:15:53.934+0000] {dagbag.py:539} INFO - Filling up the DagBag from /opt/airflow/dags/ingest_historique.py
[2025-03-13T21:15:54.768+0000] {processor.py:839} INFO - DAG(s) dict_keys(['yfinance_ingestion_historique_gold']) retrieved from /opt/airflow/dags/ingest_historique.py
[2025-03-13T21:15:54.795+0000] {logging_mixin.py:151} INFO - [2025-03-13T21:15:54.794+0000] {dag.py:2915} INFO - Sync 1 DAGs
[2025-03-13T21:15:54.825+0000] {logging_mixin.py:151} INFO - [2025-03-13T21:15:54.824+0000] {dag.py:3696} INFO - Setting next_dagrun for yfinance_ingestion_historique_gold to 2025-03-13T00:00:00+00:00, run_after=2025-03-14T00:00:00+00:00
[2025-03-13T21:15:54.847+0000] {processor.py:179} INFO - Processing /opt/airflow/dags/ingest_historique.py took 0.922 seconds
[2025-03-13T21:16:25.207+0000] {processor.py:157} INFO - Started process (PID=202) to work on /opt/airflow/dags/ingest_historique.py
[2025-03-13T21:16:25.208+0000] {processor.py:829} INFO - Processing file /opt/airflow/dags/ingest_historique.py for tasks to queue
[2025-03-13T21:16:25.210+0000] {logging_mixin.py:151} INFO - [2025-03-13T21:16:25.210+0000] {dagbag.py:539} INFO - Filling up the DagBag from /opt/airflow/dags/ingest_historique.py
[2025-03-13T21:16:26.156+0000] {processor.py:839} INFO - DAG(s) dict_keys(['yfinance_ingestion_historique_gold']) retrieved from /opt/airflow/dags/ingest_historique.py
[2025-03-13T21:16:26.190+0000] {logging_mixin.py:151} INFO - [2025-03-13T21:16:26.190+0000] {dag.py:2915} INFO - Sync 1 DAGs
[2025-03-13T21:16:26.231+0000] {logging_mixin.py:151} INFO - [2025-03-13T21:16:26.231+0000] {dag.py:3696} INFO - Setting next_dagrun for yfinance_ingestion_historique_gold to 2025-03-13T00:00:00+00:00, run_after=2025-03-14T00:00:00+00:00
[2025-03-13T21:16:26.273+0000] {processor.py:179} INFO - Processing /opt/airflow/dags/ingest_historique.py took 1.070 seconds
[2025-03-13T21:16:56.576+0000] {processor.py:157} INFO - Started process (PID=214) to work on /opt/airflow/dags/ingest_historique.py
[2025-03-13T21:16:56.577+0000] {processor.py:829} INFO - Processing file /opt/airflow/dags/ingest_historique.py for tasks to queue
[2025-03-13T21:16:56.579+0000] {logging_mixin.py:151} INFO - [2025-03-13T21:16:56.578+0000] {dagbag.py:539} INFO - Filling up the DagBag from /opt/airflow/dags/ingest_historique.py
[2025-03-13T21:16:57.270+0000] {processor.py:839} INFO - DAG(s) dict_keys(['yfinance_ingestion_historique_gold']) retrieved from /opt/airflow/dags/ingest_historique.py
[2025-03-13T21:16:57.312+0000] {logging_mixin.py:151} INFO - [2025-03-13T21:16:57.311+0000] {dag.py:2915} INFO - Sync 1 DAGs
[2025-03-13T21:16:57.350+0000] {logging_mixin.py:151} INFO - [2025-03-13T21:16:57.349+0000] {dag.py:3696} INFO - Setting next_dagrun for yfinance_ingestion_historique_gold to 2025-03-13T00:00:00+00:00, run_after=2025-03-14T00:00:00+00:00
[2025-03-13T21:16:57.388+0000] {processor.py:179} INFO - Processing /opt/airflow/dags/ingest_historique.py took 0.817 seconds
[2025-03-13T21:17:27.879+0000] {processor.py:157} INFO - Started process (PID=226) to work on /opt/airflow/dags/ingest_historique.py
[2025-03-13T21:17:27.881+0000] {processor.py:829} INFO - Processing file /opt/airflow/dags/ingest_historique.py for tasks to queue
[2025-03-13T21:17:27.882+0000] {logging_mixin.py:151} INFO - [2025-03-13T21:17:27.882+0000] {dagbag.py:539} INFO - Filling up the DagBag from /opt/airflow/dags/ingest_historique.py
[2025-03-13T21:17:28.474+0000] {processor.py:839} INFO - DAG(s) dict_keys(['yfinance_ingestion_historique_gold']) retrieved from /opt/airflow/dags/ingest_historique.py
[2025-03-13T21:17:28.513+0000] {logging_mixin.py:151} INFO - [2025-03-13T21:17:28.512+0000] {dag.py:2915} INFO - Sync 1 DAGs
[2025-03-13T21:17:28.549+0000] {logging_mixin.py:151} INFO - [2025-03-13T21:17:28.548+0000] {dag.py:3696} INFO - Setting next_dagrun for yfinance_ingestion_historique_gold to 2025-03-13T00:00:00+00:00, run_after=2025-03-14T00:00:00+00:00
[2025-03-13T21:17:28.583+0000] {processor.py:179} INFO - Processing /opt/airflow/dags/ingest_historique.py took 0.709 seconds
[2025-03-13T21:17:58.930+0000] {processor.py:157} INFO - Started process (PID=238) to work on /opt/airflow/dags/ingest_historique.py
[2025-03-13T21:17:58.932+0000] {processor.py:829} INFO - Processing file /opt/airflow/dags/ingest_historique.py for tasks to queue
[2025-03-13T21:17:58.934+0000] {logging_mixin.py:151} INFO - [2025-03-13T21:17:58.933+0000] {dagbag.py:539} INFO - Filling up the DagBag from /opt/airflow/dags/ingest_historique.py
[2025-03-13T21:17:59.607+0000] {processor.py:839} INFO - DAG(s) dict_keys(['yfinance_ingestion_historique_gold']) retrieved from /opt/airflow/dags/ingest_historique.py
[2025-03-13T21:17:59.638+0000] {logging_mixin.py:151} INFO - [2025-03-13T21:17:59.638+0000] {dag.py:2915} INFO - Sync 1 DAGs
[2025-03-13T21:17:59.664+0000] {logging_mixin.py:151} INFO - [2025-03-13T21:17:59.664+0000] {dag.py:3696} INFO - Setting next_dagrun for yfinance_ingestion_historique_gold to 2025-03-13T00:00:00+00:00, run_after=2025-03-14T00:00:00+00:00
[2025-03-13T21:17:59.688+0000] {processor.py:179} INFO - Processing /opt/airflow/dags/ingest_historique.py took 0.767 seconds
[2025-03-13T21:18:30.049+0000] {processor.py:157} INFO - Started process (PID=250) to work on /opt/airflow/dags/ingest_historique.py
[2025-03-13T21:18:30.051+0000] {processor.py:829} INFO - Processing file /opt/airflow/dags/ingest_historique.py for tasks to queue
[2025-03-13T21:18:30.053+0000] {logging_mixin.py:151} INFO - [2025-03-13T21:18:30.053+0000] {dagbag.py:539} INFO - Filling up the DagBag from /opt/airflow/dags/ingest_historique.py
[2025-03-13T21:18:30.721+0000] {processor.py:839} INFO - DAG(s) dict_keys(['yfinance_ingestion_historique_gold']) retrieved from /opt/airflow/dags/ingest_historique.py
[2025-03-13T21:18:30.753+0000] {logging_mixin.py:151} INFO - [2025-03-13T21:18:30.752+0000] {dag.py:2915} INFO - Sync 1 DAGs
[2025-03-13T21:18:30.780+0000] {logging_mixin.py:151} INFO - [2025-03-13T21:18:30.779+0000] {dag.py:3696} INFO - Setting next_dagrun for yfinance_ingestion_historique_gold to 2025-03-13T00:00:00+00:00, run_after=2025-03-14T00:00:00+00:00
[2025-03-13T21:18:30.805+0000] {processor.py:179} INFO - Processing /opt/airflow/dags/ingest_historique.py took 0.760 seconds
[2025-03-13T21:19:01.132+0000] {processor.py:157} INFO - Started process (PID=262) to work on /opt/airflow/dags/ingest_historique.py
[2025-03-13T21:19:01.133+0000] {processor.py:829} INFO - Processing file /opt/airflow/dags/ingest_historique.py for tasks to queue
[2025-03-13T21:19:01.135+0000] {logging_mixin.py:151} INFO - [2025-03-13T21:19:01.134+0000] {dagbag.py:539} INFO - Filling up the DagBag from /opt/airflow/dags/ingest_historique.py
[2025-03-13T21:19:01.663+0000] {processor.py:839} INFO - DAG(s) dict_keys(['yfinance_ingestion_historique_gold']) retrieved from /opt/airflow/dags/ingest_historique.py
[2025-03-13T21:19:01.696+0000] {logging_mixin.py:151} INFO - [2025-03-13T21:19:01.696+0000] {dag.py:2915} INFO - Sync 1 DAGs
[2025-03-13T21:19:01.724+0000] {logging_mixin.py:151} INFO - [2025-03-13T21:19:01.723+0000] {dag.py:3696} INFO - Setting next_dagrun for yfinance_ingestion_historique_gold to 2025-03-13T00:00:00+00:00, run_after=2025-03-14T00:00:00+00:00
[2025-03-13T21:19:01.753+0000] {processor.py:179} INFO - Processing /opt/airflow/dags/ingest_historique.py took 0.626 seconds
[2025-03-13T21:19:32.089+0000] {processor.py:157} INFO - Started process (PID=274) to work on /opt/airflow/dags/ingest_historique.py
[2025-03-13T21:19:32.091+0000] {processor.py:829} INFO - Processing file /opt/airflow/dags/ingest_historique.py for tasks to queue
[2025-03-13T21:19:32.092+0000] {logging_mixin.py:151} INFO - [2025-03-13T21:19:32.092+0000] {dagbag.py:539} INFO - Filling up the DagBag from /opt/airflow/dags/ingest_historique.py
[2025-03-13T21:19:32.668+0000] {processor.py:839} INFO - DAG(s) dict_keys(['yfinance_ingestion_historique_gold']) retrieved from /opt/airflow/dags/ingest_historique.py
[2025-03-13T21:19:32.705+0000] {logging_mixin.py:151} INFO - [2025-03-13T21:19:32.704+0000] {dag.py:2915} INFO - Sync 1 DAGs
[2025-03-13T21:19:32.728+0000] {logging_mixin.py:151} INFO - [2025-03-13T21:19:32.728+0000] {dag.py:3696} INFO - Setting next_dagrun for yfinance_ingestion_historique_gold to 2025-03-13T00:00:00+00:00, run_after=2025-03-14T00:00:00+00:00
[2025-03-13T21:19:32.760+0000] {processor.py:179} INFO - Processing /opt/airflow/dags/ingest_historique.py took 0.674 seconds
[2025-03-13T21:20:22.901+0000] {processor.py:157} INFO - Started process (PID=168) to work on /opt/airflow/dags/ingest_historique.py
[2025-03-13T21:20:22.903+0000] {processor.py:829} INFO - Processing file /opt/airflow/dags/ingest_historique.py for tasks to queue
[2025-03-13T21:20:22.904+0000] {logging_mixin.py:151} INFO - [2025-03-13T21:20:22.904+0000] {dagbag.py:539} INFO - Filling up the DagBag from /opt/airflow/dags/ingest_historique.py
[2025-03-13T21:20:25.158+0000] {processor.py:839} INFO - DAG(s) dict_keys(['yfinance_ingestion_historique_gold']) retrieved from /opt/airflow/dags/ingest_historique.py
[2025-03-13T21:20:25.510+0000] {logging_mixin.py:151} INFO - [2025-03-13T21:20:25.509+0000] {security.py:708} INFO - Not syncing DAG-level permissions for DAG 'DAG:yfinance_ingestion_historique_gold' as access control is unset.
[2025-03-13T21:20:25.513+0000] {logging_mixin.py:151} INFO - [2025-03-13T21:20:25.511+0000] {dag.py:2915} INFO - Sync 1 DAGs
[2025-03-13T21:20:25.594+0000] {logging_mixin.py:151} INFO - [2025-03-13T21:20:25.593+0000] {dag.py:3696} INFO - Setting next_dagrun for yfinance_ingestion_historique_gold to 2025-03-13T00:00:00+00:00, run_after=2025-03-14T00:00:00+00:00
[2025-03-13T21:20:25.674+0000] {processor.py:179} INFO - Processing /opt/airflow/dags/ingest_historique.py took 2.777 seconds
[2025-03-13T21:20:55.987+0000] {processor.py:157} INFO - Started process (PID=180) to work on /opt/airflow/dags/ingest_historique.py
[2025-03-13T21:20:55.990+0000] {processor.py:829} INFO - Processing file /opt/airflow/dags/ingest_historique.py for tasks to queue
[2025-03-13T21:20:55.992+0000] {logging_mixin.py:151} INFO - [2025-03-13T21:20:55.992+0000] {dagbag.py:539} INFO - Filling up the DagBag from /opt/airflow/dags/ingest_historique.py
[2025-03-13T21:20:56.894+0000] {processor.py:839} INFO - DAG(s) dict_keys(['yfinance_ingestion_historique_gold']) retrieved from /opt/airflow/dags/ingest_historique.py
[2025-03-13T21:20:56.926+0000] {logging_mixin.py:151} INFO - [2025-03-13T21:20:56.925+0000] {dag.py:2915} INFO - Sync 1 DAGs
[2025-03-13T21:20:56.952+0000] {logging_mixin.py:151} INFO - [2025-03-13T21:20:56.951+0000] {dag.py:3696} INFO - Setting next_dagrun for yfinance_ingestion_historique_gold to 2025-03-13T00:00:00+00:00, run_after=2025-03-14T00:00:00+00:00
[2025-03-13T21:20:56.981+0000] {processor.py:179} INFO - Processing /opt/airflow/dags/ingest_historique.py took 0.999 seconds
[2025-03-13T21:21:27.318+0000] {processor.py:157} INFO - Started process (PID=192) to work on /opt/airflow/dags/ingest_historique.py
[2025-03-13T21:21:27.320+0000] {processor.py:829} INFO - Processing file /opt/airflow/dags/ingest_historique.py for tasks to queue
[2025-03-13T21:21:27.321+0000] {logging_mixin.py:151} INFO - [2025-03-13T21:21:27.321+0000] {dagbag.py:539} INFO - Filling up the DagBag from /opt/airflow/dags/ingest_historique.py
[2025-03-13T21:21:28.139+0000] {processor.py:839} INFO - DAG(s) dict_keys(['yfinance_ingestion_historique_gold']) retrieved from /opt/airflow/dags/ingest_historique.py
[2025-03-13T21:21:28.170+0000] {logging_mixin.py:151} INFO - [2025-03-13T21:21:28.170+0000] {dag.py:2915} INFO - Sync 1 DAGs
[2025-03-13T21:21:28.199+0000] {logging_mixin.py:151} INFO - [2025-03-13T21:21:28.199+0000] {dag.py:3696} INFO - Setting next_dagrun for yfinance_ingestion_historique_gold to 2025-03-13T00:00:00+00:00, run_after=2025-03-14T00:00:00+00:00
[2025-03-13T21:21:28.224+0000] {processor.py:179} INFO - Processing /opt/airflow/dags/ingest_historique.py took 0.910 seconds
[2025-03-13T21:21:58.533+0000] {processor.py:157} INFO - Started process (PID=204) to work on /opt/airflow/dags/ingest_historique.py
[2025-03-13T21:21:58.535+0000] {processor.py:829} INFO - Processing file /opt/airflow/dags/ingest_historique.py for tasks to queue
[2025-03-13T21:21:58.538+0000] {logging_mixin.py:151} INFO - [2025-03-13T21:21:58.537+0000] {dagbag.py:539} INFO - Filling up the DagBag from /opt/airflow/dags/ingest_historique.py
[2025-03-13T21:21:59.367+0000] {processor.py:839} INFO - DAG(s) dict_keys(['yfinance_ingestion_historique_gold']) retrieved from /opt/airflow/dags/ingest_historique.py
[2025-03-13T21:21:59.396+0000] {logging_mixin.py:151} INFO - [2025-03-13T21:21:59.395+0000] {dag.py:2915} INFO - Sync 1 DAGs
[2025-03-13T21:21:59.419+0000] {logging_mixin.py:151} INFO - [2025-03-13T21:21:59.419+0000] {dag.py:3696} INFO - Setting next_dagrun for yfinance_ingestion_historique_gold to 2025-03-13T00:00:00+00:00, run_after=2025-03-14T00:00:00+00:00
[2025-03-13T21:21:59.445+0000] {processor.py:179} INFO - Processing /opt/airflow/dags/ingest_historique.py took 0.918 seconds
[2025-03-13T21:22:29.771+0000] {processor.py:157} INFO - Started process (PID=216) to work on /opt/airflow/dags/ingest_historique.py
[2025-03-13T21:22:29.773+0000] {processor.py:829} INFO - Processing file /opt/airflow/dags/ingest_historique.py for tasks to queue
[2025-03-13T21:22:29.775+0000] {logging_mixin.py:151} INFO - [2025-03-13T21:22:29.774+0000] {dagbag.py:539} INFO - Filling up the DagBag from /opt/airflow/dags/ingest_historique.py
[2025-03-13T21:22:30.502+0000] {processor.py:839} INFO - DAG(s) dict_keys(['yfinance_ingestion_historique_gold']) retrieved from /opt/airflow/dags/ingest_historique.py
[2025-03-13T21:22:30.535+0000] {logging_mixin.py:151} INFO - [2025-03-13T21:22:30.534+0000] {dag.py:2915} INFO - Sync 1 DAGs
[2025-03-13T21:22:30.568+0000] {logging_mixin.py:151} INFO - [2025-03-13T21:22:30.567+0000] {dag.py:3696} INFO - Setting next_dagrun for yfinance_ingestion_historique_gold to 2025-03-13T00:00:00+00:00, run_after=2025-03-14T00:00:00+00:00
[2025-03-13T21:22:30.599+0000] {processor.py:179} INFO - Processing /opt/airflow/dags/ingest_historique.py took 0.832 seconds
[2025-03-13T21:23:00.995+0000] {processor.py:157} INFO - Started process (PID=228) to work on /opt/airflow/dags/ingest_historique.py
[2025-03-13T21:23:00.996+0000] {processor.py:829} INFO - Processing file /opt/airflow/dags/ingest_historique.py for tasks to queue
[2025-03-13T21:23:00.998+0000] {logging_mixin.py:151} INFO - [2025-03-13T21:23:00.997+0000] {dagbag.py:539} INFO - Filling up the DagBag from /opt/airflow/dags/ingest_historique.py
[2025-03-13T21:23:01.546+0000] {processor.py:839} INFO - DAG(s) dict_keys(['yfinance_ingestion_historique_gold']) retrieved from /opt/airflow/dags/ingest_historique.py
[2025-03-13T21:23:01.580+0000] {logging_mixin.py:151} INFO - [2025-03-13T21:23:01.580+0000] {dag.py:2915} INFO - Sync 1 DAGs
[2025-03-13T21:23:01.609+0000] {logging_mixin.py:151} INFO - [2025-03-13T21:23:01.608+0000] {dag.py:3696} INFO - Setting next_dagrun for yfinance_ingestion_historique_gold to 2025-03-13T00:00:00+00:00, run_after=2025-03-14T00:00:00+00:00
[2025-03-13T21:23:01.635+0000] {processor.py:179} INFO - Processing /opt/airflow/dags/ingest_historique.py took 0.644 seconds
[2025-03-13T21:23:31.979+0000] {processor.py:157} INFO - Started process (PID=240) to work on /opt/airflow/dags/ingest_historique.py
[2025-03-13T21:23:31.981+0000] {processor.py:829} INFO - Processing file /opt/airflow/dags/ingest_historique.py for tasks to queue
[2025-03-13T21:23:31.983+0000] {logging_mixin.py:151} INFO - [2025-03-13T21:23:31.982+0000] {dagbag.py:539} INFO - Filling up the DagBag from /opt/airflow/dags/ingest_historique.py
[2025-03-13T21:23:32.543+0000] {processor.py:839} INFO - DAG(s) dict_keys(['yfinance_ingestion_historique_gold']) retrieved from /opt/airflow/dags/ingest_historique.py
[2025-03-13T21:23:32.576+0000] {logging_mixin.py:151} INFO - [2025-03-13T21:23:32.576+0000] {dag.py:2915} INFO - Sync 1 DAGs
[2025-03-13T21:23:32.605+0000] {logging_mixin.py:151} INFO - [2025-03-13T21:23:32.605+0000] {dag.py:3696} INFO - Setting next_dagrun for yfinance_ingestion_historique_gold to 2025-03-13T00:00:00+00:00, run_after=2025-03-14T00:00:00+00:00
[2025-03-13T21:23:32.630+0000] {processor.py:179} INFO - Processing /opt/airflow/dags/ingest_historique.py took 0.657 seconds
[2025-03-13T21:24:02.961+0000] {processor.py:157} INFO - Started process (PID=252) to work on /opt/airflow/dags/ingest_historique.py
[2025-03-13T21:24:02.963+0000] {processor.py:829} INFO - Processing file /opt/airflow/dags/ingest_historique.py for tasks to queue
[2025-03-13T21:24:02.965+0000] {logging_mixin.py:151} INFO - [2025-03-13T21:24:02.964+0000] {dagbag.py:539} INFO - Filling up the DagBag from /opt/airflow/dags/ingest_historique.py
[2025-03-13T21:24:03.961+0000] {processor.py:839} INFO - DAG(s) dict_keys(['yfinance_ingestion_historique_gold']) retrieved from /opt/airflow/dags/ingest_historique.py
[2025-03-13T21:24:04.006+0000] {logging_mixin.py:151} INFO - [2025-03-13T21:24:04.005+0000] {dag.py:2915} INFO - Sync 1 DAGs
[2025-03-13T21:24:04.041+0000] {logging_mixin.py:151} INFO - [2025-03-13T21:24:04.040+0000] {dag.py:3696} INFO - Setting next_dagrun for yfinance_ingestion_historique_gold to 2025-03-13T00:00:00+00:00, run_after=2025-03-14T00:00:00+00:00
[2025-03-13T21:24:04.077+0000] {processor.py:179} INFO - Processing /opt/airflow/dags/ingest_historique.py took 1.122 seconds
[2025-03-13T21:24:34.488+0000] {processor.py:157} INFO - Started process (PID=264) to work on /opt/airflow/dags/ingest_historique.py
[2025-03-13T21:24:34.494+0000] {processor.py:829} INFO - Processing file /opt/airflow/dags/ingest_historique.py for tasks to queue
[2025-03-13T21:24:34.497+0000] {logging_mixin.py:151} INFO - [2025-03-13T21:24:34.497+0000] {dagbag.py:539} INFO - Filling up the DagBag from /opt/airflow/dags/ingest_historique.py
[2025-03-13T21:24:35.175+0000] {processor.py:839} INFO - DAG(s) dict_keys(['yfinance_ingestion_historique_gold']) retrieved from /opt/airflow/dags/ingest_historique.py
[2025-03-13T21:24:35.213+0000] {logging_mixin.py:151} INFO - [2025-03-13T21:24:35.212+0000] {dag.py:2915} INFO - Sync 1 DAGs
[2025-03-13T21:24:35.249+0000] {logging_mixin.py:151} INFO - [2025-03-13T21:24:35.249+0000] {dag.py:3696} INFO - Setting next_dagrun for yfinance_ingestion_historique_gold to 2025-03-13T00:00:00+00:00, run_after=2025-03-14T00:00:00+00:00
[2025-03-13T21:24:35.294+0000] {processor.py:179} INFO - Processing /opt/airflow/dags/ingest_historique.py took 0.812 seconds
[2025-03-13T21:25:05.649+0000] {processor.py:157} INFO - Started process (PID=276) to work on /opt/airflow/dags/ingest_historique.py
[2025-03-13T21:25:05.650+0000] {processor.py:829} INFO - Processing file /opt/airflow/dags/ingest_historique.py for tasks to queue
[2025-03-13T21:25:05.651+0000] {logging_mixin.py:151} INFO - [2025-03-13T21:25:05.651+0000] {dagbag.py:539} INFO - Filling up the DagBag from /opt/airflow/dags/ingest_historique.py
[2025-03-13T21:25:06.243+0000] {processor.py:839} INFO - DAG(s) dict_keys(['yfinance_ingestion_historique_gold']) retrieved from /opt/airflow/dags/ingest_historique.py
[2025-03-13T21:25:06.277+0000] {logging_mixin.py:151} INFO - [2025-03-13T21:25:06.277+0000] {dag.py:2915} INFO - Sync 1 DAGs
[2025-03-13T21:25:06.309+0000] {logging_mixin.py:151} INFO - [2025-03-13T21:25:06.309+0000] {dag.py:3696} INFO - Setting next_dagrun for yfinance_ingestion_historique_gold to 2025-03-13T00:00:00+00:00, run_after=2025-03-14T00:00:00+00:00
[2025-03-13T21:25:06.346+0000] {processor.py:179} INFO - Processing /opt/airflow/dags/ingest_historique.py took 0.704 seconds
[2025-03-13T21:25:36.725+0000] {processor.py:157} INFO - Started process (PID=288) to work on /opt/airflow/dags/ingest_historique.py
[2025-03-13T21:25:36.726+0000] {processor.py:829} INFO - Processing file /opt/airflow/dags/ingest_historique.py for tasks to queue
[2025-03-13T21:25:36.728+0000] {logging_mixin.py:151} INFO - [2025-03-13T21:25:36.728+0000] {dagbag.py:539} INFO - Filling up the DagBag from /opt/airflow/dags/ingest_historique.py
[2025-03-13T21:25:37.278+0000] {processor.py:839} INFO - DAG(s) dict_keys(['yfinance_ingestion_historique_gold']) retrieved from /opt/airflow/dags/ingest_historique.py
[2025-03-13T21:25:37.310+0000] {logging_mixin.py:151} INFO - [2025-03-13T21:25:37.309+0000] {dag.py:2915} INFO - Sync 1 DAGs
[2025-03-13T21:25:37.339+0000] {logging_mixin.py:151} INFO - [2025-03-13T21:25:37.339+0000] {dag.py:3696} INFO - Setting next_dagrun for yfinance_ingestion_historique_gold to 2025-03-13T00:00:00+00:00, run_after=2025-03-14T00:00:00+00:00
[2025-03-13T21:25:37.367+0000] {processor.py:179} INFO - Processing /opt/airflow/dags/ingest_historique.py took 0.646 seconds
[2025-03-13T21:26:07.467+0000] {processor.py:157} INFO - Started process (PID=300) to work on /opt/airflow/dags/ingest_historique.py
[2025-03-13T21:26:07.469+0000] {processor.py:829} INFO - Processing file /opt/airflow/dags/ingest_historique.py for tasks to queue
[2025-03-13T21:26:07.473+0000] {logging_mixin.py:151} INFO - [2025-03-13T21:26:07.472+0000] {dagbag.py:539} INFO - Filling up the DagBag from /opt/airflow/dags/ingest_historique.py
[2025-03-13T21:26:08.372+0000] {processor.py:839} INFO - DAG(s) dict_keys(['yfinance_ingestion_historique_gold']) retrieved from /opt/airflow/dags/ingest_historique.py
[2025-03-13T21:26:08.412+0000] {logging_mixin.py:151} INFO - [2025-03-13T21:26:08.411+0000] {dag.py:2915} INFO - Sync 1 DAGs
[2025-03-13T21:26:08.444+0000] {logging_mixin.py:151} INFO - [2025-03-13T21:26:08.444+0000] {dag.py:3696} INFO - Setting next_dagrun for yfinance_ingestion_historique_gold to 2025-03-13T00:00:00+00:00, run_after=2025-03-14T00:00:00+00:00
[2025-03-13T21:26:08.479+0000] {processor.py:179} INFO - Processing /opt/airflow/dags/ingest_historique.py took 1.016 seconds
[2025-03-13T21:26:38.783+0000] {processor.py:157} INFO - Started process (PID=312) to work on /opt/airflow/dags/ingest_historique.py
[2025-03-13T21:26:38.785+0000] {processor.py:829} INFO - Processing file /opt/airflow/dags/ingest_historique.py for tasks to queue
[2025-03-13T21:26:38.787+0000] {logging_mixin.py:151} INFO - [2025-03-13T21:26:38.786+0000] {dagbag.py:539} INFO - Filling up the DagBag from /opt/airflow/dags/ingest_historique.py
[2025-03-13T21:26:39.690+0000] {processor.py:839} INFO - DAG(s) dict_keys(['yfinance_ingestion_historique_gold']) retrieved from /opt/airflow/dags/ingest_historique.py
[2025-03-13T21:26:39.731+0000] {logging_mixin.py:151} INFO - [2025-03-13T21:26:39.730+0000] {dag.py:2915} INFO - Sync 1 DAGs
[2025-03-13T21:26:39.757+0000] {logging_mixin.py:151} INFO - [2025-03-13T21:26:39.756+0000] {dag.py:3696} INFO - Setting next_dagrun for yfinance_ingestion_historique_gold to 2025-03-13T00:00:00+00:00, run_after=2025-03-14T00:00:00+00:00
[2025-03-13T21:26:39.784+0000] {processor.py:179} INFO - Processing /opt/airflow/dags/ingest_historique.py took 1.007 seconds
[2025-03-13T21:27:10.177+0000] {processor.py:157} INFO - Started process (PID=324) to work on /opt/airflow/dags/ingest_historique.py
[2025-03-13T21:27:10.178+0000] {processor.py:829} INFO - Processing file /opt/airflow/dags/ingest_historique.py for tasks to queue
[2025-03-13T21:27:10.180+0000] {logging_mixin.py:151} INFO - [2025-03-13T21:27:10.179+0000] {dagbag.py:539} INFO - Filling up the DagBag from /opt/airflow/dags/ingest_historique.py
[2025-03-13T21:27:10.734+0000] {processor.py:839} INFO - DAG(s) dict_keys(['yfinance_ingestion_historique_gold']) retrieved from /opt/airflow/dags/ingest_historique.py
[2025-03-13T21:27:10.766+0000] {logging_mixin.py:151} INFO - [2025-03-13T21:27:10.766+0000] {dag.py:2915} INFO - Sync 1 DAGs
[2025-03-13T21:27:10.792+0000] {logging_mixin.py:151} INFO - [2025-03-13T21:27:10.792+0000] {dag.py:3696} INFO - Setting next_dagrun for yfinance_ingestion_historique_gold to 2025-03-13T00:00:00+00:00, run_after=2025-03-14T00:00:00+00:00
[2025-03-13T21:27:10.823+0000] {processor.py:179} INFO - Processing /opt/airflow/dags/ingest_historique.py took 0.650 seconds
[2025-03-13T21:27:41.201+0000] {processor.py:157} INFO - Started process (PID=336) to work on /opt/airflow/dags/ingest_historique.py
[2025-03-13T21:27:41.207+0000] {processor.py:829} INFO - Processing file /opt/airflow/dags/ingest_historique.py for tasks to queue
[2025-03-13T21:27:41.209+0000] {logging_mixin.py:151} INFO - [2025-03-13T21:27:41.209+0000] {dagbag.py:539} INFO - Filling up the DagBag from /opt/airflow/dags/ingest_historique.py
[2025-03-13T21:27:42.081+0000] {processor.py:839} INFO - DAG(s) dict_keys(['yfinance_ingestion_historique_gold']) retrieved from /opt/airflow/dags/ingest_historique.py
[2025-03-13T21:27:42.122+0000] {logging_mixin.py:151} INFO - [2025-03-13T21:27:42.121+0000] {dag.py:2915} INFO - Sync 1 DAGs
[2025-03-13T21:27:42.171+0000] {logging_mixin.py:151} INFO - [2025-03-13T21:27:42.171+0000] {dag.py:3696} INFO - Setting next_dagrun for yfinance_ingestion_historique_gold to 2025-03-13T00:00:00+00:00, run_after=2025-03-14T00:00:00+00:00
[2025-03-13T21:27:42.201+0000] {processor.py:179} INFO - Processing /opt/airflow/dags/ingest_historique.py took 1.010 seconds
[2025-03-13T21:28:12.644+0000] {processor.py:157} INFO - Started process (PID=348) to work on /opt/airflow/dags/ingest_historique.py
[2025-03-13T21:28:12.651+0000] {processor.py:829} INFO - Processing file /opt/airflow/dags/ingest_historique.py for tasks to queue
[2025-03-13T21:28:12.654+0000] {logging_mixin.py:151} INFO - [2025-03-13T21:28:12.653+0000] {dagbag.py:539} INFO - Filling up the DagBag from /opt/airflow/dags/ingest_historique.py
[2025-03-13T21:28:13.392+0000] {processor.py:839} INFO - DAG(s) dict_keys(['yfinance_ingestion_historique_gold']) retrieved from /opt/airflow/dags/ingest_historique.py
[2025-03-13T21:28:13.425+0000] {logging_mixin.py:151} INFO - [2025-03-13T21:28:13.424+0000] {dag.py:2915} INFO - Sync 1 DAGs
[2025-03-13T21:28:13.454+0000] {logging_mixin.py:151} INFO - [2025-03-13T21:28:13.454+0000] {dag.py:3696} INFO - Setting next_dagrun for yfinance_ingestion_historique_gold to 2025-03-13T00:00:00+00:00, run_after=2025-03-14T00:00:00+00:00
[2025-03-13T21:28:13.485+0000] {processor.py:179} INFO - Processing /opt/airflow/dags/ingest_historique.py took 0.851 seconds
[2025-03-13T21:28:43.798+0000] {processor.py:157} INFO - Started process (PID=360) to work on /opt/airflow/dags/ingest_historique.py
[2025-03-13T21:28:43.800+0000] {processor.py:829} INFO - Processing file /opt/airflow/dags/ingest_historique.py for tasks to queue
[2025-03-13T21:28:43.802+0000] {logging_mixin.py:151} INFO - [2025-03-13T21:28:43.802+0000] {dagbag.py:539} INFO - Filling up the DagBag from /opt/airflow/dags/ingest_historique.py
[2025-03-13T21:28:44.356+0000] {processor.py:839} INFO - DAG(s) dict_keys(['yfinance_ingestion_historique_gold']) retrieved from /opt/airflow/dags/ingest_historique.py
[2025-03-13T21:28:44.384+0000] {logging_mixin.py:151} INFO - [2025-03-13T21:28:44.383+0000] {dag.py:2915} INFO - Sync 1 DAGs
[2025-03-13T21:28:44.410+0000] {logging_mixin.py:151} INFO - [2025-03-13T21:28:44.410+0000] {dag.py:3696} INFO - Setting next_dagrun for yfinance_ingestion_historique_gold to 2025-03-13T00:00:00+00:00, run_after=2025-03-14T00:00:00+00:00
[2025-03-13T21:28:44.434+0000] {processor.py:179} INFO - Processing /opt/airflow/dags/ingest_historique.py took 0.640 seconds
[2025-03-13T21:29:14.768+0000] {processor.py:157} INFO - Started process (PID=372) to work on /opt/airflow/dags/ingest_historique.py
[2025-03-13T21:29:14.770+0000] {processor.py:829} INFO - Processing file /opt/airflow/dags/ingest_historique.py for tasks to queue
[2025-03-13T21:29:14.772+0000] {logging_mixin.py:151} INFO - [2025-03-13T21:29:14.771+0000] {dagbag.py:539} INFO - Filling up the DagBag from /opt/airflow/dags/ingest_historique.py
[2025-03-13T21:29:15.427+0000] {processor.py:839} INFO - DAG(s) dict_keys(['yfinance_ingestion_historique_gold']) retrieved from /opt/airflow/dags/ingest_historique.py
[2025-03-13T21:29:15.460+0000] {logging_mixin.py:151} INFO - [2025-03-13T21:29:15.460+0000] {dag.py:2915} INFO - Sync 1 DAGs
[2025-03-13T21:29:15.491+0000] {logging_mixin.py:151} INFO - [2025-03-13T21:29:15.491+0000] {dag.py:3696} INFO - Setting next_dagrun for yfinance_ingestion_historique_gold to 2025-03-13T00:00:00+00:00, run_after=2025-03-14T00:00:00+00:00
[2025-03-13T21:29:15.524+0000] {processor.py:179} INFO - Processing /opt/airflow/dags/ingest_historique.py took 0.760 seconds
[2025-03-13T21:29:45.766+0000] {processor.py:157} INFO - Started process (PID=384) to work on /opt/airflow/dags/ingest_historique.py
[2025-03-13T21:29:45.770+0000] {processor.py:829} INFO - Processing file /opt/airflow/dags/ingest_historique.py for tasks to queue
[2025-03-13T21:29:45.772+0000] {logging_mixin.py:151} INFO - [2025-03-13T21:29:45.772+0000] {dagbag.py:539} INFO - Filling up the DagBag from /opt/airflow/dags/ingest_historique.py
[2025-03-13T21:29:46.267+0000] {processor.py:839} INFO - DAG(s) dict_keys(['yfinance_ingestion_historique_gold']) retrieved from /opt/airflow/dags/ingest_historique.py
[2025-03-13T21:29:46.296+0000] {logging_mixin.py:151} INFO - [2025-03-13T21:29:46.296+0000] {dag.py:2915} INFO - Sync 1 DAGs
[2025-03-13T21:29:46.325+0000] {logging_mixin.py:151} INFO - [2025-03-13T21:29:46.325+0000] {dag.py:3696} INFO - Setting next_dagrun for yfinance_ingestion_historique_gold to 2025-03-13T00:00:00+00:00, run_after=2025-03-14T00:00:00+00:00
[2025-03-13T21:29:46.355+0000] {processor.py:179} INFO - Processing /opt/airflow/dags/ingest_historique.py took 0.593 seconds
[2025-03-13T21:30:16.678+0000] {processor.py:157} INFO - Started process (PID=396) to work on /opt/airflow/dags/ingest_historique.py
[2025-03-13T21:30:16.680+0000] {processor.py:829} INFO - Processing file /opt/airflow/dags/ingest_historique.py for tasks to queue
[2025-03-13T21:30:16.681+0000] {logging_mixin.py:151} INFO - [2025-03-13T21:30:16.681+0000] {dagbag.py:539} INFO - Filling up the DagBag from /opt/airflow/dags/ingest_historique.py
[2025-03-13T21:30:17.208+0000] {processor.py:839} INFO - DAG(s) dict_keys(['yfinance_ingestion_historique_gold']) retrieved from /opt/airflow/dags/ingest_historique.py
[2025-03-13T21:30:17.239+0000] {logging_mixin.py:151} INFO - [2025-03-13T21:30:17.238+0000] {dag.py:2915} INFO - Sync 1 DAGs
[2025-03-13T21:30:17.263+0000] {logging_mixin.py:151} INFO - [2025-03-13T21:30:17.263+0000] {dag.py:3696} INFO - Setting next_dagrun for yfinance_ingestion_historique_gold to 2025-03-13T00:00:00+00:00, run_after=2025-03-14T00:00:00+00:00
[2025-03-13T21:30:17.285+0000] {processor.py:179} INFO - Processing /opt/airflow/dags/ingest_historique.py took 0.611 seconds
[2025-03-13T21:30:47.448+0000] {processor.py:157} INFO - Started process (PID=408) to work on /opt/airflow/dags/ingest_historique.py
[2025-03-13T21:30:47.450+0000] {processor.py:829} INFO - Processing file /opt/airflow/dags/ingest_historique.py for tasks to queue
[2025-03-13T21:30:47.451+0000] {logging_mixin.py:151} INFO - [2025-03-13T21:30:47.451+0000] {dagbag.py:539} INFO - Filling up the DagBag from /opt/airflow/dags/ingest_historique.py
[2025-03-13T21:30:48.095+0000] {processor.py:839} INFO - DAG(s) dict_keys(['yfinance_ingestion_historique_gold']) retrieved from /opt/airflow/dags/ingest_historique.py
[2025-03-13T21:30:48.141+0000] {logging_mixin.py:151} INFO - [2025-03-13T21:30:48.141+0000] {dag.py:2915} INFO - Sync 1 DAGs
[2025-03-13T21:30:48.168+0000] {logging_mixin.py:151} INFO - [2025-03-13T21:30:48.167+0000] {dag.py:3696} INFO - Setting next_dagrun for yfinance_ingestion_historique_gold to 2025-03-13T00:00:00+00:00, run_after=2025-03-14T00:00:00+00:00
[2025-03-13T21:30:48.196+0000] {processor.py:179} INFO - Processing /opt/airflow/dags/ingest_historique.py took 0.753 seconds
[2025-03-13T21:31:18.506+0000] {processor.py:157} INFO - Started process (PID=420) to work on /opt/airflow/dags/ingest_historique.py
[2025-03-13T21:31:18.510+0000] {processor.py:829} INFO - Processing file /opt/airflow/dags/ingest_historique.py for tasks to queue
[2025-03-13T21:31:18.512+0000] {logging_mixin.py:151} INFO - [2025-03-13T21:31:18.511+0000] {dagbag.py:539} INFO - Filling up the DagBag from /opt/airflow/dags/ingest_historique.py
[2025-03-13T21:31:19.016+0000] {processor.py:839} INFO - DAG(s) dict_keys(['yfinance_ingestion_historique_gold']) retrieved from /opt/airflow/dags/ingest_historique.py
[2025-03-13T21:31:19.049+0000] {logging_mixin.py:151} INFO - [2025-03-13T21:31:19.049+0000] {dag.py:2915} INFO - Sync 1 DAGs
[2025-03-13T21:31:19.078+0000] {logging_mixin.py:151} INFO - [2025-03-13T21:31:19.078+0000] {dag.py:3696} INFO - Setting next_dagrun for yfinance_ingestion_historique_gold to 2025-03-13T00:00:00+00:00, run_after=2025-03-14T00:00:00+00:00
[2025-03-13T21:31:19.107+0000] {processor.py:179} INFO - Processing /opt/airflow/dags/ingest_historique.py took 0.606 seconds
[2025-03-13T21:31:49.385+0000] {processor.py:157} INFO - Started process (PID=432) to work on /opt/airflow/dags/ingest_historique.py
[2025-03-13T21:31:49.386+0000] {processor.py:829} INFO - Processing file /opt/airflow/dags/ingest_historique.py for tasks to queue
[2025-03-13T21:31:49.388+0000] {logging_mixin.py:151} INFO - [2025-03-13T21:31:49.387+0000] {dagbag.py:539} INFO - Filling up the DagBag from /opt/airflow/dags/ingest_historique.py
[2025-03-13T21:31:49.930+0000] {processor.py:839} INFO - DAG(s) dict_keys(['yfinance_ingestion_historique_gold']) retrieved from /opt/airflow/dags/ingest_historique.py
[2025-03-13T21:31:49.963+0000] {logging_mixin.py:151} INFO - [2025-03-13T21:31:49.962+0000] {dag.py:2915} INFO - Sync 1 DAGs
[2025-03-13T21:31:50.001+0000] {logging_mixin.py:151} INFO - [2025-03-13T21:31:50.000+0000] {dag.py:3696} INFO - Setting next_dagrun for yfinance_ingestion_historique_gold to 2025-03-13T00:00:00+00:00, run_after=2025-03-14T00:00:00+00:00
[2025-03-13T21:31:50.027+0000] {processor.py:179} INFO - Processing /opt/airflow/dags/ingest_historique.py took 0.647 seconds
[2025-03-13T21:32:20.330+0000] {processor.py:157} INFO - Started process (PID=444) to work on /opt/airflow/dags/ingest_historique.py
[2025-03-13T21:32:20.331+0000] {processor.py:829} INFO - Processing file /opt/airflow/dags/ingest_historique.py for tasks to queue
[2025-03-13T21:32:20.333+0000] {logging_mixin.py:151} INFO - [2025-03-13T21:32:20.332+0000] {dagbag.py:539} INFO - Filling up the DagBag from /opt/airflow/dags/ingest_historique.py
[2025-03-13T21:32:20.881+0000] {processor.py:839} INFO - DAG(s) dict_keys(['yfinance_ingestion_historique_gold']) retrieved from /opt/airflow/dags/ingest_historique.py
[2025-03-13T21:32:20.917+0000] {logging_mixin.py:151} INFO - [2025-03-13T21:32:20.917+0000] {dag.py:2915} INFO - Sync 1 DAGs
[2025-03-13T21:32:20.947+0000] {logging_mixin.py:151} INFO - [2025-03-13T21:32:20.947+0000] {dag.py:3696} INFO - Setting next_dagrun for yfinance_ingestion_historique_gold to 2025-03-13T00:00:00+00:00, run_after=2025-03-14T00:00:00+00:00
[2025-03-13T21:32:20.986+0000] {processor.py:179} INFO - Processing /opt/airflow/dags/ingest_historique.py took 0.660 seconds
[2025-03-13T21:33:10.639+0000] {processor.py:157} INFO - Started process (PID=167) to work on /opt/airflow/dags/ingest_historique.py
[2025-03-13T21:33:10.641+0000] {processor.py:829} INFO - Processing file /opt/airflow/dags/ingest_historique.py for tasks to queue
[2025-03-13T21:33:10.643+0000] {logging_mixin.py:151} INFO - [2025-03-13T21:33:10.642+0000] {dagbag.py:539} INFO - Filling up the DagBag from /opt/airflow/dags/ingest_historique.py
[2025-03-13T21:33:12.629+0000] {processor.py:839} INFO - DAG(s) dict_keys(['yfinance_ingestion_historique_gold']) retrieved from /opt/airflow/dags/ingest_historique.py
[2025-03-13T21:33:12.904+0000] {logging_mixin.py:151} INFO - [2025-03-13T21:33:12.903+0000] {security.py:708} INFO - Not syncing DAG-level permissions for DAG 'DAG:yfinance_ingestion_historique_gold' as access control is unset.
[2025-03-13T21:33:12.905+0000] {logging_mixin.py:151} INFO - [2025-03-13T21:33:12.904+0000] {dag.py:2915} INFO - Sync 1 DAGs
[2025-03-13T21:33:12.933+0000] {logging_mixin.py:151} INFO - [2025-03-13T21:33:12.933+0000] {dag.py:3696} INFO - Setting next_dagrun for yfinance_ingestion_historique_gold to 2025-03-13T00:00:00+00:00, run_after=2025-03-14T00:00:00+00:00
[2025-03-13T21:33:12.958+0000] {processor.py:179} INFO - Processing /opt/airflow/dags/ingest_historique.py took 2.324 seconds
[2025-03-13T21:33:43.196+0000] {processor.py:157} INFO - Started process (PID=179) to work on /opt/airflow/dags/ingest_historique.py
[2025-03-13T21:33:43.198+0000] {processor.py:829} INFO - Processing file /opt/airflow/dags/ingest_historique.py for tasks to queue
[2025-03-13T21:33:43.200+0000] {logging_mixin.py:151} INFO - [2025-03-13T21:33:43.199+0000] {dagbag.py:539} INFO - Filling up the DagBag from /opt/airflow/dags/ingest_historique.py
[2025-03-13T21:33:44.297+0000] {processor.py:839} INFO - DAG(s) dict_keys(['yfinance_ingestion_historique_gold']) retrieved from /opt/airflow/dags/ingest_historique.py
[2025-03-13T21:33:44.346+0000] {logging_mixin.py:151} INFO - [2025-03-13T21:33:44.345+0000] {dag.py:2915} INFO - Sync 1 DAGs
[2025-03-13T21:33:44.414+0000] {logging_mixin.py:151} INFO - [2025-03-13T21:33:44.413+0000] {dag.py:3696} INFO - Setting next_dagrun for yfinance_ingestion_historique_gold to 2025-03-13T00:00:00+00:00, run_after=2025-03-14T00:00:00+00:00
[2025-03-13T21:33:44.471+0000] {processor.py:179} INFO - Processing /opt/airflow/dags/ingest_historique.py took 1.281 seconds
[2025-03-13T21:34:14.765+0000] {processor.py:157} INFO - Started process (PID=191) to work on /opt/airflow/dags/ingest_historique.py
[2025-03-13T21:34:14.767+0000] {processor.py:829} INFO - Processing file /opt/airflow/dags/ingest_historique.py for tasks to queue
[2025-03-13T21:34:14.769+0000] {logging_mixin.py:151} INFO - [2025-03-13T21:34:14.768+0000] {dagbag.py:539} INFO - Filling up the DagBag from /opt/airflow/dags/ingest_historique.py
[2025-03-13T21:34:15.483+0000] {processor.py:839} INFO - DAG(s) dict_keys(['yfinance_ingestion_historique_gold']) retrieved from /opt/airflow/dags/ingest_historique.py
[2025-03-13T21:34:15.514+0000] {logging_mixin.py:151} INFO - [2025-03-13T21:34:15.513+0000] {dag.py:2915} INFO - Sync 1 DAGs
[2025-03-13T21:34:15.540+0000] {logging_mixin.py:151} INFO - [2025-03-13T21:34:15.540+0000] {dag.py:3696} INFO - Setting next_dagrun for yfinance_ingestion_historique_gold to 2025-03-13T00:00:00+00:00, run_after=2025-03-14T00:00:00+00:00
[2025-03-13T21:34:15.564+0000] {processor.py:179} INFO - Processing /opt/airflow/dags/ingest_historique.py took 0.805 seconds
[2025-03-13T21:34:45.746+0000] {processor.py:157} INFO - Started process (PID=203) to work on /opt/airflow/dags/ingest_historique.py
[2025-03-13T21:34:45.748+0000] {processor.py:829} INFO - Processing file /opt/airflow/dags/ingest_historique.py for tasks to queue
[2025-03-13T21:34:45.750+0000] {logging_mixin.py:151} INFO - [2025-03-13T21:34:45.749+0000] {dagbag.py:539} INFO - Filling up the DagBag from /opt/airflow/dags/ingest_historique.py
[2025-03-13T21:34:46.445+0000] {processor.py:839} INFO - DAG(s) dict_keys(['yfinance_ingestion_historique_gold']) retrieved from /opt/airflow/dags/ingest_historique.py
[2025-03-13T21:34:46.473+0000] {logging_mixin.py:151} INFO - [2025-03-13T21:34:46.473+0000] {dag.py:2915} INFO - Sync 1 DAGs
[2025-03-13T21:34:46.496+0000] {logging_mixin.py:151} INFO - [2025-03-13T21:34:46.495+0000] {dag.py:3696} INFO - Setting next_dagrun for yfinance_ingestion_historique_gold to 2025-03-13T00:00:00+00:00, run_after=2025-03-14T00:00:00+00:00
[2025-03-13T21:34:46.520+0000] {processor.py:179} INFO - Processing /opt/airflow/dags/ingest_historique.py took 0.779 seconds
[2025-03-13T21:35:16.833+0000] {processor.py:157} INFO - Started process (PID=215) to work on /opt/airflow/dags/ingest_historique.py
[2025-03-13T21:35:16.835+0000] {processor.py:829} INFO - Processing file /opt/airflow/dags/ingest_historique.py for tasks to queue
[2025-03-13T21:35:16.837+0000] {logging_mixin.py:151} INFO - [2025-03-13T21:35:16.836+0000] {dagbag.py:539} INFO - Filling up the DagBag from /opt/airflow/dags/ingest_historique.py
[2025-03-13T21:35:17.636+0000] {processor.py:839} INFO - DAG(s) dict_keys(['yfinance_ingestion_historique_gold']) retrieved from /opt/airflow/dags/ingest_historique.py
[2025-03-13T21:35:17.671+0000] {logging_mixin.py:151} INFO - [2025-03-13T21:35:17.670+0000] {dag.py:2915} INFO - Sync 1 DAGs
[2025-03-13T21:35:17.701+0000] {logging_mixin.py:151} INFO - [2025-03-13T21:35:17.701+0000] {dag.py:3696} INFO - Setting next_dagrun for yfinance_ingestion_historique_gold to 2025-03-13T00:00:00+00:00, run_after=2025-03-14T00:00:00+00:00
[2025-03-13T21:35:17.734+0000] {processor.py:179} INFO - Processing /opt/airflow/dags/ingest_historique.py took 0.907 seconds
[2025-03-13T21:35:48.148+0000] {processor.py:157} INFO - Started process (PID=227) to work on /opt/airflow/dags/ingest_historique.py
[2025-03-13T21:35:48.149+0000] {processor.py:829} INFO - Processing file /opt/airflow/dags/ingest_historique.py for tasks to queue
[2025-03-13T21:35:48.151+0000] {logging_mixin.py:151} INFO - [2025-03-13T21:35:48.150+0000] {dagbag.py:539} INFO - Filling up the DagBag from /opt/airflow/dags/ingest_historique.py
[2025-03-13T21:35:48.842+0000] {processor.py:839} INFO - DAG(s) dict_keys(['yfinance_ingestion_historique_gold']) retrieved from /opt/airflow/dags/ingest_historique.py
[2025-03-13T21:35:48.870+0000] {logging_mixin.py:151} INFO - [2025-03-13T21:35:48.870+0000] {dag.py:2915} INFO - Sync 1 DAGs
[2025-03-13T21:35:48.900+0000] {logging_mixin.py:151} INFO - [2025-03-13T21:35:48.900+0000] {dag.py:3696} INFO - Setting next_dagrun for yfinance_ingestion_historique_gold to 2025-03-13T00:00:00+00:00, run_after=2025-03-14T00:00:00+00:00
[2025-03-13T21:35:48.927+0000] {processor.py:179} INFO - Processing /opt/airflow/dags/ingest_historique.py took 0.782 seconds
[2025-03-13T21:36:19.248+0000] {processor.py:157} INFO - Started process (PID=239) to work on /opt/airflow/dags/ingest_historique.py
[2025-03-13T21:36:19.250+0000] {processor.py:829} INFO - Processing file /opt/airflow/dags/ingest_historique.py for tasks to queue
[2025-03-13T21:36:19.251+0000] {logging_mixin.py:151} INFO - [2025-03-13T21:36:19.251+0000] {dagbag.py:539} INFO - Filling up the DagBag from /opt/airflow/dags/ingest_historique.py
[2025-03-13T21:36:19.886+0000] {processor.py:839} INFO - DAG(s) dict_keys(['yfinance_ingestion_historique_gold']) retrieved from /opt/airflow/dags/ingest_historique.py
[2025-03-13T21:36:19.915+0000] {logging_mixin.py:151} INFO - [2025-03-13T21:36:19.914+0000] {dag.py:2915} INFO - Sync 1 DAGs
[2025-03-13T21:36:19.942+0000] {logging_mixin.py:151} INFO - [2025-03-13T21:36:19.942+0000] {dag.py:3696} INFO - Setting next_dagrun for yfinance_ingestion_historique_gold to 2025-03-13T00:00:00+00:00, run_after=2025-03-14T00:00:00+00:00
[2025-03-13T21:36:19.968+0000] {processor.py:179} INFO - Processing /opt/airflow/dags/ingest_historique.py took 0.725 seconds
[2025-03-13T21:36:50.257+0000] {processor.py:157} INFO - Started process (PID=251) to work on /opt/airflow/dags/ingest_historique.py
[2025-03-13T21:36:50.262+0000] {processor.py:829} INFO - Processing file /opt/airflow/dags/ingest_historique.py for tasks to queue
[2025-03-13T21:36:50.265+0000] {logging_mixin.py:151} INFO - [2025-03-13T21:36:50.264+0000] {dagbag.py:539} INFO - Filling up the DagBag from /opt/airflow/dags/ingest_historique.py
[2025-03-13T21:36:51.905+0000] {processor.py:839} INFO - DAG(s) dict_keys(['yfinance_ingestion_historique_gold']) retrieved from /opt/airflow/dags/ingest_historique.py
[2025-03-13T21:36:51.951+0000] {logging_mixin.py:151} INFO - [2025-03-13T21:36:51.949+0000] {dag.py:2915} INFO - Sync 1 DAGs
[2025-03-13T21:36:51.995+0000] {logging_mixin.py:151} INFO - [2025-03-13T21:36:51.995+0000] {dag.py:3696} INFO - Setting next_dagrun for yfinance_ingestion_historique_gold to 2025-03-13T00:00:00+00:00, run_after=2025-03-14T00:00:00+00:00
[2025-03-13T21:36:52.020+0000] {processor.py:179} INFO - Processing /opt/airflow/dags/ingest_historique.py took 1.777 seconds
[2025-03-13T21:37:22.336+0000] {processor.py:157} INFO - Started process (PID=263) to work on /opt/airflow/dags/ingest_historique.py
[2025-03-13T21:37:22.337+0000] {processor.py:829} INFO - Processing file /opt/airflow/dags/ingest_historique.py for tasks to queue
[2025-03-13T21:37:22.339+0000] {logging_mixin.py:151} INFO - [2025-03-13T21:37:22.339+0000] {dagbag.py:539} INFO - Filling up the DagBag from /opt/airflow/dags/ingest_historique.py
[2025-03-13T21:37:23.169+0000] {processor.py:839} INFO - DAG(s) dict_keys(['yfinance_ingestion_historique_gold']) retrieved from /opt/airflow/dags/ingest_historique.py
[2025-03-13T21:37:23.221+0000] {logging_mixin.py:151} INFO - [2025-03-13T21:37:23.221+0000] {dag.py:2915} INFO - Sync 1 DAGs
[2025-03-13T21:37:23.264+0000] {logging_mixin.py:151} INFO - [2025-03-13T21:37:23.264+0000] {dag.py:3696} INFO - Setting next_dagrun for yfinance_ingestion_historique_gold to 2025-03-13T00:00:00+00:00, run_after=2025-03-14T00:00:00+00:00
[2025-03-13T21:37:23.305+0000] {processor.py:179} INFO - Processing /opt/airflow/dags/ingest_historique.py took 0.976 seconds
[2025-03-13T21:37:53.612+0000] {processor.py:157} INFO - Started process (PID=275) to work on /opt/airflow/dags/ingest_historique.py
[2025-03-13T21:37:53.614+0000] {processor.py:829} INFO - Processing file /opt/airflow/dags/ingest_historique.py for tasks to queue
[2025-03-13T21:37:53.616+0000] {logging_mixin.py:151} INFO - [2025-03-13T21:37:53.615+0000] {dagbag.py:539} INFO - Filling up the DagBag from /opt/airflow/dags/ingest_historique.py
[2025-03-13T21:37:54.949+0000] {processor.py:839} INFO - DAG(s) dict_keys(['yfinance_ingestion_historique_gold']) retrieved from /opt/airflow/dags/ingest_historique.py
[2025-03-13T21:37:55.011+0000] {logging_mixin.py:151} INFO - [2025-03-13T21:37:55.009+0000] {dag.py:2915} INFO - Sync 1 DAGs
[2025-03-13T21:37:55.058+0000] {logging_mixin.py:151} INFO - [2025-03-13T21:37:55.057+0000] {dag.py:3696} INFO - Setting next_dagrun for yfinance_ingestion_historique_gold to 2025-03-13T00:00:00+00:00, run_after=2025-03-14T00:00:00+00:00
[2025-03-13T21:37:55.106+0000] {processor.py:179} INFO - Processing /opt/airflow/dags/ingest_historique.py took 1.504 seconds
[2025-03-13T21:38:25.399+0000] {processor.py:157} INFO - Started process (PID=287) to work on /opt/airflow/dags/ingest_historique.py
[2025-03-13T21:38:25.408+0000] {processor.py:829} INFO - Processing file /opt/airflow/dags/ingest_historique.py for tasks to queue
[2025-03-13T21:38:25.410+0000] {logging_mixin.py:151} INFO - [2025-03-13T21:38:25.410+0000] {dagbag.py:539} INFO - Filling up the DagBag from /opt/airflow/dags/ingest_historique.py
[2025-03-13T21:38:26.849+0000] {processor.py:839} INFO - DAG(s) dict_keys(['yfinance_ingestion_historique_gold']) retrieved from /opt/airflow/dags/ingest_historique.py
[2025-03-13T21:38:26.896+0000] {logging_mixin.py:151} INFO - [2025-03-13T21:38:26.896+0000] {dag.py:2915} INFO - Sync 1 DAGs
[2025-03-13T21:38:26.935+0000] {logging_mixin.py:151} INFO - [2025-03-13T21:38:26.934+0000] {dag.py:3696} INFO - Setting next_dagrun for yfinance_ingestion_historique_gold to 2025-03-13T00:00:00+00:00, run_after=2025-03-14T00:00:00+00:00
[2025-03-13T21:38:26.968+0000] {processor.py:179} INFO - Processing /opt/airflow/dags/ingest_historique.py took 1.575 seconds
[2025-03-13T21:39:22.373+0000] {processor.py:157} INFO - Started process (PID=167) to work on /opt/airflow/dags/ingest_historique.py
[2025-03-13T21:39:22.375+0000] {processor.py:829} INFO - Processing file /opt/airflow/dags/ingest_historique.py for tasks to queue
[2025-03-13T21:39:22.377+0000] {logging_mixin.py:151} INFO - [2025-03-13T21:39:22.376+0000] {dagbag.py:539} INFO - Filling up the DagBag from /opt/airflow/dags/ingest_historique.py
[2025-03-13T21:39:24.503+0000] {processor.py:839} INFO - DAG(s) dict_keys(['yfinance_ingestion_historique_gold']) retrieved from /opt/airflow/dags/ingest_historique.py
[2025-03-13T21:39:24.958+0000] {logging_mixin.py:151} INFO - [2025-03-13T21:39:24.957+0000] {security.py:708} INFO - Not syncing DAG-level permissions for DAG 'DAG:yfinance_ingestion_historique_gold' as access control is unset.
[2025-03-13T21:39:24.960+0000] {logging_mixin.py:151} INFO - [2025-03-13T21:39:24.959+0000] {dag.py:2915} INFO - Sync 1 DAGs
[2025-03-13T21:39:24.991+0000] {logging_mixin.py:151} INFO - [2025-03-13T21:39:24.991+0000] {dag.py:3696} INFO - Setting next_dagrun for yfinance_ingestion_historique_gold to 2025-03-13T00:00:00+00:00, run_after=2025-03-14T00:00:00+00:00
[2025-03-13T21:39:25.026+0000] {processor.py:179} INFO - Processing /opt/airflow/dags/ingest_historique.py took 2.659 seconds
[2025-03-13T21:39:55.284+0000] {processor.py:157} INFO - Started process (PID=179) to work on /opt/airflow/dags/ingest_historique.py
[2025-03-13T21:39:55.287+0000] {processor.py:829} INFO - Processing file /opt/airflow/dags/ingest_historique.py for tasks to queue
[2025-03-13T21:39:55.290+0000] {logging_mixin.py:151} INFO - [2025-03-13T21:39:55.289+0000] {dagbag.py:539} INFO - Filling up the DagBag from /opt/airflow/dags/ingest_historique.py
[2025-03-13T21:39:56.212+0000] {processor.py:839} INFO - DAG(s) dict_keys(['yfinance_ingestion_historique_gold']) retrieved from /opt/airflow/dags/ingest_historique.py
[2025-03-13T21:39:56.251+0000] {logging_mixin.py:151} INFO - [2025-03-13T21:39:56.250+0000] {dag.py:2915} INFO - Sync 1 DAGs
[2025-03-13T21:39:56.285+0000] {logging_mixin.py:151} INFO - [2025-03-13T21:39:56.285+0000] {dag.py:3696} INFO - Setting next_dagrun for yfinance_ingestion_historique_gold to 2025-03-13T00:00:00+00:00, run_after=2025-03-14T00:00:00+00:00
[2025-03-13T21:39:56.319+0000] {processor.py:179} INFO - Processing /opt/airflow/dags/ingest_historique.py took 1.045 seconds
[2025-03-13T21:40:26.594+0000] {processor.py:157} INFO - Started process (PID=191) to work on /opt/airflow/dags/ingest_historique.py
[2025-03-13T21:40:26.595+0000] {processor.py:829} INFO - Processing file /opt/airflow/dags/ingest_historique.py for tasks to queue
[2025-03-13T21:40:26.596+0000] {logging_mixin.py:151} INFO - [2025-03-13T21:40:26.596+0000] {dagbag.py:539} INFO - Filling up the DagBag from /opt/airflow/dags/ingest_historique.py
[2025-03-13T21:40:27.415+0000] {processor.py:839} INFO - DAG(s) dict_keys(['yfinance_ingestion_historique_gold']) retrieved from /opt/airflow/dags/ingest_historique.py
[2025-03-13T21:40:27.439+0000] {logging_mixin.py:151} INFO - [2025-03-13T21:40:27.438+0000] {dag.py:2915} INFO - Sync 1 DAGs
[2025-03-13T21:40:27.463+0000] {logging_mixin.py:151} INFO - [2025-03-13T21:40:27.462+0000] {dag.py:3696} INFO - Setting next_dagrun for yfinance_ingestion_historique_gold to 2025-03-13T00:00:00+00:00, run_after=2025-03-14T00:00:00+00:00
[2025-03-13T21:40:27.497+0000] {processor.py:179} INFO - Processing /opt/airflow/dags/ingest_historique.py took 0.908 seconds
[2025-03-13T21:40:57.796+0000] {processor.py:157} INFO - Started process (PID=203) to work on /opt/airflow/dags/ingest_historique.py
[2025-03-13T21:40:57.798+0000] {processor.py:829} INFO - Processing file /opt/airflow/dags/ingest_historique.py for tasks to queue
[2025-03-13T21:40:57.800+0000] {logging_mixin.py:151} INFO - [2025-03-13T21:40:57.799+0000] {dagbag.py:539} INFO - Filling up the DagBag from /opt/airflow/dags/ingest_historique.py
[2025-03-13T21:40:58.657+0000] {processor.py:839} INFO - DAG(s) dict_keys(['yfinance_ingestion_historique_gold']) retrieved from /opt/airflow/dags/ingest_historique.py
[2025-03-13T21:40:58.696+0000] {logging_mixin.py:151} INFO - [2025-03-13T21:40:58.695+0000] {dag.py:2915} INFO - Sync 1 DAGs
[2025-03-13T21:40:58.736+0000] {logging_mixin.py:151} INFO - [2025-03-13T21:40:58.736+0000] {dag.py:3696} INFO - Setting next_dagrun for yfinance_ingestion_historique_gold to 2025-03-13T00:00:00+00:00, run_after=2025-03-14T00:00:00+00:00
[2025-03-13T21:40:58.767+0000] {processor.py:179} INFO - Processing /opt/airflow/dags/ingest_historique.py took 0.976 seconds
[2025-03-13T21:41:29.081+0000] {processor.py:157} INFO - Started process (PID=215) to work on /opt/airflow/dags/ingest_historique.py
[2025-03-13T21:41:29.083+0000] {processor.py:829} INFO - Processing file /opt/airflow/dags/ingest_historique.py for tasks to queue
[2025-03-13T21:41:29.085+0000] {logging_mixin.py:151} INFO - [2025-03-13T21:41:29.084+0000] {dagbag.py:539} INFO - Filling up the DagBag from /opt/airflow/dags/ingest_historique.py
[2025-03-13T21:41:29.854+0000] {processor.py:839} INFO - DAG(s) dict_keys(['yfinance_ingestion_historique_gold']) retrieved from /opt/airflow/dags/ingest_historique.py
[2025-03-13T21:41:29.887+0000] {logging_mixin.py:151} INFO - [2025-03-13T21:41:29.887+0000] {dag.py:2915} INFO - Sync 1 DAGs
[2025-03-13T21:41:29.911+0000] {logging_mixin.py:151} INFO - [2025-03-13T21:41:29.911+0000] {dag.py:3696} INFO - Setting next_dagrun for yfinance_ingestion_historique_gold to 2025-03-13T00:00:00+00:00, run_after=2025-03-14T00:00:00+00:00
[2025-03-13T21:41:29.935+0000] {processor.py:179} INFO - Processing /opt/airflow/dags/ingest_historique.py took 0.858 seconds
[2025-03-13T21:42:00.420+0000] {processor.py:157} INFO - Started process (PID=227) to work on /opt/airflow/dags/ingest_historique.py
[2025-03-13T21:42:00.424+0000] {processor.py:829} INFO - Processing file /opt/airflow/dags/ingest_historique.py for tasks to queue
[2025-03-13T21:42:00.426+0000] {logging_mixin.py:151} INFO - [2025-03-13T21:42:00.426+0000] {dagbag.py:539} INFO - Filling up the DagBag from /opt/airflow/dags/ingest_historique.py
[2025-03-13T21:42:01.233+0000] {processor.py:839} INFO - DAG(s) dict_keys(['yfinance_ingestion_historique_gold']) retrieved from /opt/airflow/dags/ingest_historique.py
[2025-03-13T21:42:01.270+0000] {logging_mixin.py:151} INFO - [2025-03-13T21:42:01.270+0000] {dag.py:2915} INFO - Sync 1 DAGs
[2025-03-13T21:42:01.301+0000] {logging_mixin.py:151} INFO - [2025-03-13T21:42:01.301+0000] {dag.py:3696} INFO - Setting next_dagrun for yfinance_ingestion_historique_gold to 2025-03-13T00:00:00+00:00, run_after=2025-03-14T00:00:00+00:00
[2025-03-13T21:42:01.327+0000] {processor.py:179} INFO - Processing /opt/airflow/dags/ingest_historique.py took 0.912 seconds
[2025-03-13T21:42:31.574+0000] {processor.py:157} INFO - Started process (PID=239) to work on /opt/airflow/dags/ingest_historique.py
[2025-03-13T21:42:31.575+0000] {processor.py:829} INFO - Processing file /opt/airflow/dags/ingest_historique.py for tasks to queue
[2025-03-13T21:42:31.577+0000] {logging_mixin.py:151} INFO - [2025-03-13T21:42:31.576+0000] {dagbag.py:539} INFO - Filling up the DagBag from /opt/airflow/dags/ingest_historique.py
[2025-03-13T21:42:32.220+0000] {processor.py:839} INFO - DAG(s) dict_keys(['yfinance_ingestion_historique_gold']) retrieved from /opt/airflow/dags/ingest_historique.py
[2025-03-13T21:42:32.255+0000] {logging_mixin.py:151} INFO - [2025-03-13T21:42:32.254+0000] {dag.py:2915} INFO - Sync 1 DAGs
[2025-03-13T21:42:32.288+0000] {logging_mixin.py:151} INFO - [2025-03-13T21:42:32.287+0000] {dag.py:3696} INFO - Setting next_dagrun for yfinance_ingestion_historique_gold to 2025-03-13T00:00:00+00:00, run_after=2025-03-14T00:00:00+00:00
[2025-03-13T21:42:32.320+0000] {processor.py:179} INFO - Processing /opt/airflow/dags/ingest_historique.py took 0.752 seconds
[2025-03-13T21:43:02.607+0000] {processor.py:157} INFO - Started process (PID=251) to work on /opt/airflow/dags/ingest_historique.py
[2025-03-13T21:43:02.609+0000] {processor.py:829} INFO - Processing file /opt/airflow/dags/ingest_historique.py for tasks to queue
[2025-03-13T21:43:02.611+0000] {logging_mixin.py:151} INFO - [2025-03-13T21:43:02.610+0000] {dagbag.py:539} INFO - Filling up the DagBag from /opt/airflow/dags/ingest_historique.py
[2025-03-13T21:43:03.338+0000] {processor.py:839} INFO - DAG(s) dict_keys(['yfinance_ingestion_historique_gold']) retrieved from /opt/airflow/dags/ingest_historique.py
[2025-03-13T21:43:03.379+0000] {logging_mixin.py:151} INFO - [2025-03-13T21:43:03.378+0000] {dag.py:2915} INFO - Sync 1 DAGs
[2025-03-13T21:43:03.409+0000] {logging_mixin.py:151} INFO - [2025-03-13T21:43:03.409+0000] {dag.py:3696} INFO - Setting next_dagrun for yfinance_ingestion_historique_gold to 2025-03-13T00:00:00+00:00, run_after=2025-03-14T00:00:00+00:00
[2025-03-13T21:43:03.442+0000] {processor.py:179} INFO - Processing /opt/airflow/dags/ingest_historique.py took 0.839 seconds
[2025-03-13T21:43:33.731+0000] {processor.py:157} INFO - Started process (PID=263) to work on /opt/airflow/dags/ingest_historique.py
[2025-03-13T21:43:33.733+0000] {processor.py:829} INFO - Processing file /opt/airflow/dags/ingest_historique.py for tasks to queue
[2025-03-13T21:43:33.735+0000] {logging_mixin.py:151} INFO - [2025-03-13T21:43:33.734+0000] {dagbag.py:539} INFO - Filling up the DagBag from /opt/airflow/dags/ingest_historique.py
[2025-03-13T21:43:34.374+0000] {processor.py:839} INFO - DAG(s) dict_keys(['yfinance_ingestion_historique_gold']) retrieved from /opt/airflow/dags/ingest_historique.py
[2025-03-13T21:43:34.411+0000] {logging_mixin.py:151} INFO - [2025-03-13T21:43:34.410+0000] {dag.py:2915} INFO - Sync 1 DAGs
[2025-03-13T21:43:34.441+0000] {logging_mixin.py:151} INFO - [2025-03-13T21:43:34.441+0000] {dag.py:3696} INFO - Setting next_dagrun for yfinance_ingestion_historique_gold to 2025-03-13T00:00:00+00:00, run_after=2025-03-14T00:00:00+00:00
[2025-03-13T21:43:34.473+0000] {processor.py:179} INFO - Processing /opt/airflow/dags/ingest_historique.py took 0.748 seconds
[2025-03-13T21:44:04.733+0000] {processor.py:157} INFO - Started process (PID=275) to work on /opt/airflow/dags/ingest_historique.py
[2025-03-13T21:44:04.735+0000] {processor.py:829} INFO - Processing file /opt/airflow/dags/ingest_historique.py for tasks to queue
[2025-03-13T21:44:04.736+0000] {logging_mixin.py:151} INFO - [2025-03-13T21:44:04.736+0000] {dagbag.py:539} INFO - Filling up the DagBag from /opt/airflow/dags/ingest_historique.py
[2025-03-13T21:44:05.439+0000] {processor.py:839} INFO - DAG(s) dict_keys(['yfinance_ingestion_historique_gold']) retrieved from /opt/airflow/dags/ingest_historique.py
[2025-03-13T21:44:05.476+0000] {logging_mixin.py:151} INFO - [2025-03-13T21:44:05.475+0000] {dag.py:2915} INFO - Sync 1 DAGs
[2025-03-13T21:44:05.514+0000] {logging_mixin.py:151} INFO - [2025-03-13T21:44:05.513+0000] {dag.py:3696} INFO - Setting next_dagrun for yfinance_ingestion_historique_gold to 2025-03-13T00:00:00+00:00, run_after=2025-03-14T00:00:00+00:00
[2025-03-13T21:44:05.556+0000] {processor.py:179} INFO - Processing /opt/airflow/dags/ingest_historique.py took 0.827 seconds
[2025-03-13T21:44:35.956+0000] {processor.py:157} INFO - Started process (PID=287) to work on /opt/airflow/dags/ingest_historique.py
[2025-03-13T21:44:35.958+0000] {processor.py:829} INFO - Processing file /opt/airflow/dags/ingest_historique.py for tasks to queue
[2025-03-13T21:44:35.960+0000] {logging_mixin.py:151} INFO - [2025-03-13T21:44:35.959+0000] {dagbag.py:539} INFO - Filling up the DagBag from /opt/airflow/dags/ingest_historique.py
[2025-03-13T21:44:36.608+0000] {processor.py:839} INFO - DAG(s) dict_keys(['yfinance_ingestion_historique_gold']) retrieved from /opt/airflow/dags/ingest_historique.py
[2025-03-13T21:44:36.661+0000] {logging_mixin.py:151} INFO - [2025-03-13T21:44:36.660+0000] {dag.py:2915} INFO - Sync 1 DAGs
[2025-03-13T21:44:36.692+0000] {logging_mixin.py:151} INFO - [2025-03-13T21:44:36.692+0000] {dag.py:3696} INFO - Setting next_dagrun for yfinance_ingestion_historique_gold to 2025-03-13T00:00:00+00:00, run_after=2025-03-14T00:00:00+00:00
[2025-03-13T21:44:36.727+0000] {processor.py:179} INFO - Processing /opt/airflow/dags/ingest_historique.py took 0.776 seconds
[2025-03-13T21:45:07.060+0000] {processor.py:157} INFO - Started process (PID=299) to work on /opt/airflow/dags/ingest_historique.py
[2025-03-13T21:45:07.061+0000] {processor.py:829} INFO - Processing file /opt/airflow/dags/ingest_historique.py for tasks to queue
[2025-03-13T21:45:07.063+0000] {logging_mixin.py:151} INFO - [2025-03-13T21:45:07.062+0000] {dagbag.py:539} INFO - Filling up the DagBag from /opt/airflow/dags/ingest_historique.py
[2025-03-13T21:45:07.634+0000] {processor.py:839} INFO - DAG(s) dict_keys(['yfinance_ingestion_historique_gold']) retrieved from /opt/airflow/dags/ingest_historique.py
[2025-03-13T21:45:07.669+0000] {logging_mixin.py:151} INFO - [2025-03-13T21:45:07.668+0000] {dag.py:2915} INFO - Sync 1 DAGs
[2025-03-13T21:45:07.702+0000] {logging_mixin.py:151} INFO - [2025-03-13T21:45:07.702+0000] {dag.py:3696} INFO - Setting next_dagrun for yfinance_ingestion_historique_gold to 2025-03-13T00:00:00+00:00, run_after=2025-03-14T00:00:00+00:00
[2025-03-13T21:45:07.751+0000] {processor.py:179} INFO - Processing /opt/airflow/dags/ingest_historique.py took 0.694 seconds
[2025-03-13T21:45:38.038+0000] {processor.py:157} INFO - Started process (PID=311) to work on /opt/airflow/dags/ingest_historique.py
[2025-03-13T21:45:38.040+0000] {processor.py:829} INFO - Processing file /opt/airflow/dags/ingest_historique.py for tasks to queue
[2025-03-13T21:45:38.043+0000] {logging_mixin.py:151} INFO - [2025-03-13T21:45:38.042+0000] {dagbag.py:539} INFO - Filling up the DagBag from /opt/airflow/dags/ingest_historique.py
[2025-03-13T21:45:38.753+0000] {processor.py:839} INFO - DAG(s) dict_keys(['yfinance_ingestion_historique_gold']) retrieved from /opt/airflow/dags/ingest_historique.py
[2025-03-13T21:45:38.790+0000] {logging_mixin.py:151} INFO - [2025-03-13T21:45:38.789+0000] {dag.py:2915} INFO - Sync 1 DAGs
[2025-03-13T21:45:38.823+0000] {logging_mixin.py:151} INFO - [2025-03-13T21:45:38.823+0000] {dag.py:3696} INFO - Setting next_dagrun for yfinance_ingestion_historique_gold to 2025-03-13T00:00:00+00:00, run_after=2025-03-14T00:00:00+00:00
[2025-03-13T21:45:38.853+0000] {processor.py:179} INFO - Processing /opt/airflow/dags/ingest_historique.py took 0.821 seconds
[2025-03-13T21:46:09.214+0000] {processor.py:157} INFO - Started process (PID=323) to work on /opt/airflow/dags/ingest_historique.py
[2025-03-13T21:46:09.216+0000] {processor.py:829} INFO - Processing file /opt/airflow/dags/ingest_historique.py for tasks to queue
[2025-03-13T21:46:09.218+0000] {logging_mixin.py:151} INFO - [2025-03-13T21:46:09.217+0000] {dagbag.py:539} INFO - Filling up the DagBag from /opt/airflow/dags/ingest_historique.py
[2025-03-13T21:46:09.836+0000] {processor.py:839} INFO - DAG(s) dict_keys(['yfinance_ingestion_historique_gold']) retrieved from /opt/airflow/dags/ingest_historique.py
[2025-03-13T21:46:09.869+0000] {logging_mixin.py:151} INFO - [2025-03-13T21:46:09.869+0000] {dag.py:2915} INFO - Sync 1 DAGs
[2025-03-13T21:46:09.895+0000] {logging_mixin.py:151} INFO - [2025-03-13T21:46:09.895+0000] {dag.py:3696} INFO - Setting next_dagrun for yfinance_ingestion_historique_gold to 2025-03-13T00:00:00+00:00, run_after=2025-03-14T00:00:00+00:00
[2025-03-13T21:46:09.925+0000] {processor.py:179} INFO - Processing /opt/airflow/dags/ingest_historique.py took 0.718 seconds
[2025-03-13T21:46:40.340+0000] {processor.py:157} INFO - Started process (PID=335) to work on /opt/airflow/dags/ingest_historique.py
[2025-03-13T21:46:40.342+0000] {processor.py:829} INFO - Processing file /opt/airflow/dags/ingest_historique.py for tasks to queue
[2025-03-13T21:46:40.343+0000] {logging_mixin.py:151} INFO - [2025-03-13T21:46:40.343+0000] {dagbag.py:539} INFO - Filling up the DagBag from /opt/airflow/dags/ingest_historique.py
[2025-03-13T21:46:40.987+0000] {processor.py:839} INFO - DAG(s) dict_keys(['yfinance_ingestion_historique_gold']) retrieved from /opt/airflow/dags/ingest_historique.py
[2025-03-13T21:46:41.021+0000] {logging_mixin.py:151} INFO - [2025-03-13T21:46:41.020+0000] {dag.py:2915} INFO - Sync 1 DAGs
[2025-03-13T21:46:41.046+0000] {logging_mixin.py:151} INFO - [2025-03-13T21:46:41.045+0000] {dag.py:3696} INFO - Setting next_dagrun for yfinance_ingestion_historique_gold to 2025-03-13T00:00:00+00:00, run_after=2025-03-14T00:00:00+00:00
[2025-03-13T21:46:41.078+0000] {processor.py:179} INFO - Processing /opt/airflow/dags/ingest_historique.py took 0.742 seconds
[2025-03-13T21:47:11.393+0000] {processor.py:157} INFO - Started process (PID=347) to work on /opt/airflow/dags/ingest_historique.py
[2025-03-13T21:47:11.394+0000] {processor.py:829} INFO - Processing file /opt/airflow/dags/ingest_historique.py for tasks to queue
[2025-03-13T21:47:11.395+0000] {logging_mixin.py:151} INFO - [2025-03-13T21:47:11.395+0000] {dagbag.py:539} INFO - Filling up the DagBag from /opt/airflow/dags/ingest_historique.py
[2025-03-13T21:47:12.077+0000] {processor.py:839} INFO - DAG(s) dict_keys(['yfinance_ingestion_historique_gold']) retrieved from /opt/airflow/dags/ingest_historique.py
[2025-03-13T21:47:12.112+0000] {logging_mixin.py:151} INFO - [2025-03-13T21:47:12.111+0000] {dag.py:2915} INFO - Sync 1 DAGs
[2025-03-13T21:47:12.136+0000] {logging_mixin.py:151} INFO - [2025-03-13T21:47:12.136+0000] {dag.py:3696} INFO - Setting next_dagrun for yfinance_ingestion_historique_gold to 2025-03-13T00:00:00+00:00, run_after=2025-03-14T00:00:00+00:00
[2025-03-13T21:47:12.162+0000] {processor.py:179} INFO - Processing /opt/airflow/dags/ingest_historique.py took 0.772 seconds
[2025-03-13T21:47:42.509+0000] {processor.py:157} INFO - Started process (PID=359) to work on /opt/airflow/dags/ingest_historique.py
[2025-03-13T21:47:42.511+0000] {processor.py:829} INFO - Processing file /opt/airflow/dags/ingest_historique.py for tasks to queue
[2025-03-13T21:47:42.513+0000] {logging_mixin.py:151} INFO - [2025-03-13T21:47:42.513+0000] {dagbag.py:539} INFO - Filling up the DagBag from /opt/airflow/dags/ingest_historique.py
[2025-03-13T21:47:43.068+0000] {processor.py:839} INFO - DAG(s) dict_keys(['yfinance_ingestion_historique_gold']) retrieved from /opt/airflow/dags/ingest_historique.py
[2025-03-13T21:47:43.108+0000] {logging_mixin.py:151} INFO - [2025-03-13T21:47:43.108+0000] {dag.py:2915} INFO - Sync 1 DAGs
[2025-03-13T21:47:43.155+0000] {logging_mixin.py:151} INFO - [2025-03-13T21:47:43.154+0000] {dag.py:3696} INFO - Setting next_dagrun for yfinance_ingestion_historique_gold to 2025-03-13T00:00:00+00:00, run_after=2025-03-14T00:00:00+00:00
[2025-03-13T21:47:43.206+0000] {processor.py:179} INFO - Processing /opt/airflow/dags/ingest_historique.py took 0.703 seconds
[2025-03-13T21:48:13.543+0000] {processor.py:157} INFO - Started process (PID=371) to work on /opt/airflow/dags/ingest_historique.py
[2025-03-13T21:48:13.545+0000] {processor.py:829} INFO - Processing file /opt/airflow/dags/ingest_historique.py for tasks to queue
[2025-03-13T21:48:13.547+0000] {logging_mixin.py:151} INFO - [2025-03-13T21:48:13.546+0000] {dagbag.py:539} INFO - Filling up the DagBag from /opt/airflow/dags/ingest_historique.py
[2025-03-13T21:48:14.198+0000] {processor.py:839} INFO - DAG(s) dict_keys(['yfinance_ingestion_historique_gold']) retrieved from /opt/airflow/dags/ingest_historique.py
[2025-03-13T21:48:14.253+0000] {logging_mixin.py:151} INFO - [2025-03-13T21:48:14.252+0000] {dag.py:2915} INFO - Sync 1 DAGs
[2025-03-13T21:48:14.296+0000] {logging_mixin.py:151} INFO - [2025-03-13T21:48:14.296+0000] {dag.py:3696} INFO - Setting next_dagrun for yfinance_ingestion_historique_gold to 2025-03-13T00:00:00+00:00, run_after=2025-03-14T00:00:00+00:00
[2025-03-13T21:48:14.339+0000] {processor.py:179} INFO - Processing /opt/airflow/dags/ingest_historique.py took 0.800 seconds
[2025-03-13T21:48:44.675+0000] {processor.py:157} INFO - Started process (PID=383) to work on /opt/airflow/dags/ingest_historique.py
[2025-03-13T21:48:44.676+0000] {processor.py:829} INFO - Processing file /opt/airflow/dags/ingest_historique.py for tasks to queue
[2025-03-13T21:48:44.678+0000] {logging_mixin.py:151} INFO - [2025-03-13T21:48:44.678+0000] {dagbag.py:539} INFO - Filling up the DagBag from /opt/airflow/dags/ingest_historique.py
[2025-03-13T21:48:45.212+0000] {processor.py:839} INFO - DAG(s) dict_keys(['yfinance_ingestion_historique_gold']) retrieved from /opt/airflow/dags/ingest_historique.py
[2025-03-13T21:48:45.253+0000] {logging_mixin.py:151} INFO - [2025-03-13T21:48:45.253+0000] {dag.py:2915} INFO - Sync 1 DAGs
[2025-03-13T21:48:45.286+0000] {logging_mixin.py:151} INFO - [2025-03-13T21:48:45.286+0000] {dag.py:3696} INFO - Setting next_dagrun for yfinance_ingestion_historique_gold to 2025-03-13T00:00:00+00:00, run_after=2025-03-14T00:00:00+00:00
[2025-03-13T21:48:45.320+0000] {processor.py:179} INFO - Processing /opt/airflow/dags/ingest_historique.py took 0.653 seconds
[2025-03-13T21:49:15.633+0000] {processor.py:157} INFO - Started process (PID=395) to work on /opt/airflow/dags/ingest_historique.py
[2025-03-13T21:49:15.635+0000] {processor.py:829} INFO - Processing file /opt/airflow/dags/ingest_historique.py for tasks to queue
[2025-03-13T21:49:15.637+0000] {logging_mixin.py:151} INFO - [2025-03-13T21:49:15.637+0000] {dagbag.py:539} INFO - Filling up the DagBag from /opt/airflow/dags/ingest_historique.py
[2025-03-13T21:49:16.228+0000] {processor.py:839} INFO - DAG(s) dict_keys(['yfinance_ingestion_historique_gold']) retrieved from /opt/airflow/dags/ingest_historique.py
[2025-03-13T21:49:16.265+0000] {logging_mixin.py:151} INFO - [2025-03-13T21:49:16.262+0000] {dag.py:2915} INFO - Sync 1 DAGs
[2025-03-13T21:49:16.303+0000] {logging_mixin.py:151} INFO - [2025-03-13T21:49:16.303+0000] {dag.py:3696} INFO - Setting next_dagrun for yfinance_ingestion_historique_gold to 2025-03-13T00:00:00+00:00, run_after=2025-03-14T00:00:00+00:00
[2025-03-13T21:49:16.338+0000] {processor.py:179} INFO - Processing /opt/airflow/dags/ingest_historique.py took 0.709 seconds
[2025-03-13T21:49:46.829+0000] {processor.py:157} INFO - Started process (PID=407) to work on /opt/airflow/dags/ingest_historique.py
[2025-03-13T21:49:46.831+0000] {processor.py:829} INFO - Processing file /opt/airflow/dags/ingest_historique.py for tasks to queue
[2025-03-13T21:49:46.833+0000] {logging_mixin.py:151} INFO - [2025-03-13T21:49:46.832+0000] {dagbag.py:539} INFO - Filling up the DagBag from /opt/airflow/dags/ingest_historique.py
[2025-03-13T21:49:47.452+0000] {processor.py:839} INFO - DAG(s) dict_keys(['yfinance_ingestion_historique_gold']) retrieved from /opt/airflow/dags/ingest_historique.py
[2025-03-13T21:49:47.490+0000] {logging_mixin.py:151} INFO - [2025-03-13T21:49:47.489+0000] {dag.py:2915} INFO - Sync 1 DAGs
[2025-03-13T21:49:47.525+0000] {logging_mixin.py:151} INFO - [2025-03-13T21:49:47.525+0000] {dag.py:3696} INFO - Setting next_dagrun for yfinance_ingestion_historique_gold to 2025-03-13T00:00:00+00:00, run_after=2025-03-14T00:00:00+00:00
[2025-03-13T21:49:47.558+0000] {processor.py:179} INFO - Processing /opt/airflow/dags/ingest_historique.py took 0.733 seconds
[2025-03-13T21:50:17.919+0000] {processor.py:157} INFO - Started process (PID=419) to work on /opt/airflow/dags/ingest_historique.py
[2025-03-13T21:50:17.921+0000] {processor.py:829} INFO - Processing file /opt/airflow/dags/ingest_historique.py for tasks to queue
[2025-03-13T21:50:17.922+0000] {logging_mixin.py:151} INFO - [2025-03-13T21:50:17.922+0000] {dagbag.py:539} INFO - Filling up the DagBag from /opt/airflow/dags/ingest_historique.py
[2025-03-13T21:50:18.472+0000] {processor.py:839} INFO - DAG(s) dict_keys(['yfinance_ingestion_historique_gold']) retrieved from /opt/airflow/dags/ingest_historique.py
[2025-03-13T21:50:18.507+0000] {logging_mixin.py:151} INFO - [2025-03-13T21:50:18.507+0000] {dag.py:2915} INFO - Sync 1 DAGs
[2025-03-13T21:50:18.539+0000] {logging_mixin.py:151} INFO - [2025-03-13T21:50:18.539+0000] {dag.py:3696} INFO - Setting next_dagrun for yfinance_ingestion_historique_gold to 2025-03-13T00:00:00+00:00, run_after=2025-03-14T00:00:00+00:00
[2025-03-13T21:50:18.568+0000] {processor.py:179} INFO - Processing /opt/airflow/dags/ingest_historique.py took 0.652 seconds
[2025-03-13T21:50:48.871+0000] {processor.py:157} INFO - Started process (PID=431) to work on /opt/airflow/dags/ingest_historique.py
[2025-03-13T21:50:48.873+0000] {processor.py:829} INFO - Processing file /opt/airflow/dags/ingest_historique.py for tasks to queue
[2025-03-13T21:50:48.874+0000] {logging_mixin.py:151} INFO - [2025-03-13T21:50:48.874+0000] {dagbag.py:539} INFO - Filling up the DagBag from /opt/airflow/dags/ingest_historique.py
[2025-03-13T21:50:49.626+0000] {processor.py:839} INFO - DAG(s) dict_keys(['yfinance_ingestion_historique_gold']) retrieved from /opt/airflow/dags/ingest_historique.py
[2025-03-13T21:50:49.656+0000] {logging_mixin.py:151} INFO - [2025-03-13T21:50:49.656+0000] {dag.py:2915} INFO - Sync 1 DAGs
[2025-03-13T21:50:49.690+0000] {logging_mixin.py:151} INFO - [2025-03-13T21:50:49.689+0000] {dag.py:3696} INFO - Setting next_dagrun for yfinance_ingestion_historique_gold to 2025-03-13T00:00:00+00:00, run_after=2025-03-14T00:00:00+00:00
[2025-03-13T21:50:49.727+0000] {processor.py:179} INFO - Processing /opt/airflow/dags/ingest_historique.py took 0.860 seconds
[2025-03-13T21:51:20.062+0000] {processor.py:157} INFO - Started process (PID=443) to work on /opt/airflow/dags/ingest_historique.py
[2025-03-13T21:51:20.063+0000] {processor.py:829} INFO - Processing file /opt/airflow/dags/ingest_historique.py for tasks to queue
[2025-03-13T21:51:20.064+0000] {logging_mixin.py:151} INFO - [2025-03-13T21:51:20.064+0000] {dagbag.py:539} INFO - Filling up the DagBag from /opt/airflow/dags/ingest_historique.py
[2025-03-13T21:51:20.622+0000] {processor.py:839} INFO - DAG(s) dict_keys(['yfinance_ingestion_historique_gold']) retrieved from /opt/airflow/dags/ingest_historique.py
[2025-03-13T21:51:20.653+0000] {logging_mixin.py:151} INFO - [2025-03-13T21:51:20.653+0000] {dag.py:2915} INFO - Sync 1 DAGs
[2025-03-13T21:51:20.681+0000] {logging_mixin.py:151} INFO - [2025-03-13T21:51:20.680+0000] {dag.py:3696} INFO - Setting next_dagrun for yfinance_ingestion_historique_gold to 2025-03-13T00:00:00+00:00, run_after=2025-03-14T00:00:00+00:00
[2025-03-13T21:51:20.708+0000] {processor.py:179} INFO - Processing /opt/airflow/dags/ingest_historique.py took 0.650 seconds
[2025-03-13T21:51:51.092+0000] {processor.py:157} INFO - Started process (PID=455) to work on /opt/airflow/dags/ingest_historique.py
[2025-03-13T21:51:51.095+0000] {processor.py:829} INFO - Processing file /opt/airflow/dags/ingest_historique.py for tasks to queue
[2025-03-13T21:51:51.097+0000] {logging_mixin.py:151} INFO - [2025-03-13T21:51:51.097+0000] {dagbag.py:539} INFO - Filling up the DagBag from /opt/airflow/dags/ingest_historique.py
[2025-03-13T21:51:51.657+0000] {processor.py:839} INFO - DAG(s) dict_keys(['yfinance_ingestion_historique_gold']) retrieved from /opt/airflow/dags/ingest_historique.py
[2025-03-13T21:51:51.689+0000] {logging_mixin.py:151} INFO - [2025-03-13T21:51:51.689+0000] {dag.py:2915} INFO - Sync 1 DAGs
[2025-03-13T21:51:51.729+0000] {logging_mixin.py:151} INFO - [2025-03-13T21:51:51.728+0000] {dag.py:3696} INFO - Setting next_dagrun for yfinance_ingestion_historique_gold to 2025-03-13T00:00:00+00:00, run_after=2025-03-14T00:00:00+00:00
[2025-03-13T21:51:51.762+0000] {processor.py:179} INFO - Processing /opt/airflow/dags/ingest_historique.py took 0.674 seconds
[2025-03-13T21:52:21.977+0000] {processor.py:157} INFO - Started process (PID=467) to work on /opt/airflow/dags/ingest_historique.py
[2025-03-13T21:52:21.979+0000] {processor.py:829} INFO - Processing file /opt/airflow/dags/ingest_historique.py for tasks to queue
[2025-03-13T21:52:21.982+0000] {logging_mixin.py:151} INFO - [2025-03-13T21:52:21.981+0000] {dagbag.py:539} INFO - Filling up the DagBag from /opt/airflow/dags/ingest_historique.py
[2025-03-13T21:52:22.527+0000] {processor.py:839} INFO - DAG(s) dict_keys(['yfinance_ingestion_historique_gold']) retrieved from /opt/airflow/dags/ingest_historique.py
[2025-03-13T21:52:22.561+0000] {logging_mixin.py:151} INFO - [2025-03-13T21:52:22.560+0000] {dag.py:2915} INFO - Sync 1 DAGs
[2025-03-13T21:52:22.590+0000] {logging_mixin.py:151} INFO - [2025-03-13T21:52:22.590+0000] {dag.py:3696} INFO - Setting next_dagrun for yfinance_ingestion_historique_gold to 2025-03-13T00:00:00+00:00, run_after=2025-03-14T00:00:00+00:00
[2025-03-13T21:52:22.617+0000] {processor.py:179} INFO - Processing /opt/airflow/dags/ingest_historique.py took 0.644 seconds
[2025-03-13T21:52:52.944+0000] {processor.py:157} INFO - Started process (PID=479) to work on /opt/airflow/dags/ingest_historique.py
[2025-03-13T21:52:52.946+0000] {processor.py:829} INFO - Processing file /opt/airflow/dags/ingest_historique.py for tasks to queue
[2025-03-13T21:52:52.950+0000] {logging_mixin.py:151} INFO - [2025-03-13T21:52:52.949+0000] {dagbag.py:539} INFO - Filling up the DagBag from /opt/airflow/dags/ingest_historique.py
[2025-03-13T21:52:53.487+0000] {processor.py:839} INFO - DAG(s) dict_keys(['yfinance_ingestion_historique_gold']) retrieved from /opt/airflow/dags/ingest_historique.py
[2025-03-13T21:52:53.517+0000] {logging_mixin.py:151} INFO - [2025-03-13T21:52:53.516+0000] {dag.py:2915} INFO - Sync 1 DAGs
[2025-03-13T21:52:53.547+0000] {logging_mixin.py:151} INFO - [2025-03-13T21:52:53.547+0000] {dag.py:3696} INFO - Setting next_dagrun for yfinance_ingestion_historique_gold to 2025-03-13T00:00:00+00:00, run_after=2025-03-14T00:00:00+00:00
[2025-03-13T21:52:53.582+0000] {processor.py:179} INFO - Processing /opt/airflow/dags/ingest_historique.py took 0.643 seconds
[2025-03-13T21:53:23.900+0000] {processor.py:157} INFO - Started process (PID=491) to work on /opt/airflow/dags/ingest_historique.py
[2025-03-13T21:53:23.904+0000] {processor.py:829} INFO - Processing file /opt/airflow/dags/ingest_historique.py for tasks to queue
[2025-03-13T21:53:23.906+0000] {logging_mixin.py:151} INFO - [2025-03-13T21:53:23.905+0000] {dagbag.py:539} INFO - Filling up the DagBag from /opt/airflow/dags/ingest_historique.py
[2025-03-13T21:53:24.434+0000] {processor.py:839} INFO - DAG(s) dict_keys(['yfinance_ingestion_historique_gold']) retrieved from /opt/airflow/dags/ingest_historique.py
[2025-03-13T21:53:24.468+0000] {logging_mixin.py:151} INFO - [2025-03-13T21:53:24.468+0000] {dag.py:2915} INFO - Sync 1 DAGs
[2025-03-13T21:53:24.496+0000] {logging_mixin.py:151} INFO - [2025-03-13T21:53:24.496+0000] {dag.py:3696} INFO - Setting next_dagrun for yfinance_ingestion_historique_gold to 2025-03-13T00:00:00+00:00, run_after=2025-03-14T00:00:00+00:00
[2025-03-13T21:53:24.525+0000] {processor.py:179} INFO - Processing /opt/airflow/dags/ingest_historique.py took 0.631 seconds
[2025-03-13T21:53:54.842+0000] {processor.py:157} INFO - Started process (PID=503) to work on /opt/airflow/dags/ingest_historique.py
[2025-03-13T21:53:54.844+0000] {processor.py:829} INFO - Processing file /opt/airflow/dags/ingest_historique.py for tasks to queue
[2025-03-13T21:53:54.845+0000] {logging_mixin.py:151} INFO - [2025-03-13T21:53:54.844+0000] {dagbag.py:539} INFO - Filling up the DagBag from /opt/airflow/dags/ingest_historique.py
[2025-03-13T21:53:55.410+0000] {processor.py:839} INFO - DAG(s) dict_keys(['yfinance_ingestion_historique_gold']) retrieved from /opt/airflow/dags/ingest_historique.py
[2025-03-13T21:53:55.443+0000] {logging_mixin.py:151} INFO - [2025-03-13T21:53:55.442+0000] {dag.py:2915} INFO - Sync 1 DAGs
[2025-03-13T21:53:55.469+0000] {logging_mixin.py:151} INFO - [2025-03-13T21:53:55.468+0000] {dag.py:3696} INFO - Setting next_dagrun for yfinance_ingestion_historique_gold to 2025-03-13T00:00:00+00:00, run_after=2025-03-14T00:00:00+00:00
[2025-03-13T21:53:55.499+0000] {processor.py:179} INFO - Processing /opt/airflow/dags/ingest_historique.py took 0.660 seconds
[2025-03-13T21:54:25.972+0000] {processor.py:157} INFO - Started process (PID=515) to work on /opt/airflow/dags/ingest_historique.py
[2025-03-13T21:54:25.976+0000] {processor.py:829} INFO - Processing file /opt/airflow/dags/ingest_historique.py for tasks to queue
[2025-03-13T21:54:25.978+0000] {logging_mixin.py:151} INFO - [2025-03-13T21:54:25.977+0000] {dagbag.py:539} INFO - Filling up the DagBag from /opt/airflow/dags/ingest_historique.py
[2025-03-13T21:54:26.514+0000] {processor.py:839} INFO - DAG(s) dict_keys(['yfinance_ingestion_historique_gold']) retrieved from /opt/airflow/dags/ingest_historique.py
[2025-03-13T21:54:26.548+0000] {logging_mixin.py:151} INFO - [2025-03-13T21:54:26.548+0000] {dag.py:2915} INFO - Sync 1 DAGs
[2025-03-13T21:54:26.578+0000] {logging_mixin.py:151} INFO - [2025-03-13T21:54:26.578+0000] {dag.py:3696} INFO - Setting next_dagrun for yfinance_ingestion_historique_gold to 2025-03-13T00:00:00+00:00, run_after=2025-03-14T00:00:00+00:00
[2025-03-13T21:54:26.610+0000] {processor.py:179} INFO - Processing /opt/airflow/dags/ingest_historique.py took 0.642 seconds
[2025-03-13T21:54:56.957+0000] {processor.py:157} INFO - Started process (PID=527) to work on /opt/airflow/dags/ingest_historique.py
[2025-03-13T21:54:56.960+0000] {processor.py:829} INFO - Processing file /opt/airflow/dags/ingest_historique.py for tasks to queue
[2025-03-13T21:54:56.963+0000] {logging_mixin.py:151} INFO - [2025-03-13T21:54:56.962+0000] {dagbag.py:539} INFO - Filling up the DagBag from /opt/airflow/dags/ingest_historique.py
[2025-03-13T21:54:57.563+0000] {processor.py:839} INFO - DAG(s) dict_keys(['yfinance_ingestion_historique_gold']) retrieved from /opt/airflow/dags/ingest_historique.py
[2025-03-13T21:54:57.603+0000] {logging_mixin.py:151} INFO - [2025-03-13T21:54:57.602+0000] {dag.py:2915} INFO - Sync 1 DAGs
[2025-03-13T21:54:57.636+0000] {logging_mixin.py:151} INFO - [2025-03-13T21:54:57.635+0000] {dag.py:3696} INFO - Setting next_dagrun for yfinance_ingestion_historique_gold to 2025-03-13T00:00:00+00:00, run_after=2025-03-14T00:00:00+00:00
[2025-03-13T21:54:57.676+0000] {processor.py:179} INFO - Processing /opt/airflow/dags/ingest_historique.py took 0.724 seconds
[2025-03-13T21:55:28.012+0000] {processor.py:157} INFO - Started process (PID=539) to work on /opt/airflow/dags/ingest_historique.py
[2025-03-13T21:55:28.014+0000] {processor.py:829} INFO - Processing file /opt/airflow/dags/ingest_historique.py for tasks to queue
[2025-03-13T21:55:28.015+0000] {logging_mixin.py:151} INFO - [2025-03-13T21:55:28.014+0000] {dagbag.py:539} INFO - Filling up the DagBag from /opt/airflow/dags/ingest_historique.py
[2025-03-13T21:55:28.562+0000] {processor.py:839} INFO - DAG(s) dict_keys(['yfinance_ingestion_historique_gold']) retrieved from /opt/airflow/dags/ingest_historique.py
[2025-03-13T21:55:28.600+0000] {logging_mixin.py:151} INFO - [2025-03-13T21:55:28.599+0000] {dag.py:2915} INFO - Sync 1 DAGs
[2025-03-13T21:55:28.633+0000] {logging_mixin.py:151} INFO - [2025-03-13T21:55:28.633+0000] {dag.py:3696} INFO - Setting next_dagrun for yfinance_ingestion_historique_gold to 2025-03-13T00:00:00+00:00, run_after=2025-03-14T00:00:00+00:00
[2025-03-13T21:55:28.661+0000] {processor.py:179} INFO - Processing /opt/airflow/dags/ingest_historique.py took 0.652 seconds
[2025-03-13T21:55:59.038+0000] {processor.py:157} INFO - Started process (PID=551) to work on /opt/airflow/dags/ingest_historique.py
[2025-03-13T21:55:59.040+0000] {processor.py:829} INFO - Processing file /opt/airflow/dags/ingest_historique.py for tasks to queue
[2025-03-13T21:55:59.044+0000] {logging_mixin.py:151} INFO - [2025-03-13T21:55:59.042+0000] {dagbag.py:539} INFO - Filling up the DagBag from /opt/airflow/dags/ingest_historique.py
[2025-03-13T21:55:59.771+0000] {processor.py:839} INFO - DAG(s) dict_keys(['yfinance_ingestion_historique_gold']) retrieved from /opt/airflow/dags/ingest_historique.py
[2025-03-13T21:55:59.806+0000] {logging_mixin.py:151} INFO - [2025-03-13T21:55:59.806+0000] {dag.py:2915} INFO - Sync 1 DAGs
[2025-03-13T21:55:59.845+0000] {logging_mixin.py:151} INFO - [2025-03-13T21:55:59.844+0000] {dag.py:3696} INFO - Setting next_dagrun for yfinance_ingestion_historique_gold to 2025-03-13T00:00:00+00:00, run_after=2025-03-14T00:00:00+00:00
[2025-03-13T21:55:59.875+0000] {processor.py:179} INFO - Processing /opt/airflow/dags/ingest_historique.py took 0.841 seconds
[2025-03-13T21:56:30.180+0000] {processor.py:157} INFO - Started process (PID=563) to work on /opt/airflow/dags/ingest_historique.py
[2025-03-13T21:56:30.182+0000] {processor.py:829} INFO - Processing file /opt/airflow/dags/ingest_historique.py for tasks to queue
[2025-03-13T21:56:30.183+0000] {logging_mixin.py:151} INFO - [2025-03-13T21:56:30.183+0000] {dagbag.py:539} INFO - Filling up the DagBag from /opt/airflow/dags/ingest_historique.py
[2025-03-13T21:56:30.790+0000] {processor.py:839} INFO - DAG(s) dict_keys(['yfinance_ingestion_historique_gold']) retrieved from /opt/airflow/dags/ingest_historique.py
[2025-03-13T21:56:30.823+0000] {logging_mixin.py:151} INFO - [2025-03-13T21:56:30.822+0000] {dag.py:2915} INFO - Sync 1 DAGs
[2025-03-13T21:56:30.853+0000] {logging_mixin.py:151} INFO - [2025-03-13T21:56:30.853+0000] {dag.py:3696} INFO - Setting next_dagrun for yfinance_ingestion_historique_gold to 2025-03-13T00:00:00+00:00, run_after=2025-03-14T00:00:00+00:00
[2025-03-13T21:56:30.885+0000] {processor.py:179} INFO - Processing /opt/airflow/dags/ingest_historique.py took 0.710 seconds
[2025-03-13T21:57:01.146+0000] {processor.py:157} INFO - Started process (PID=575) to work on /opt/airflow/dags/ingest_historique.py
[2025-03-13T21:57:01.148+0000] {processor.py:829} INFO - Processing file /opt/airflow/dags/ingest_historique.py for tasks to queue
[2025-03-13T21:57:01.150+0000] {logging_mixin.py:151} INFO - [2025-03-13T21:57:01.149+0000] {dagbag.py:539} INFO - Filling up the DagBag from /opt/airflow/dags/ingest_historique.py
[2025-03-13T21:57:01.731+0000] {processor.py:839} INFO - DAG(s) dict_keys(['yfinance_ingestion_historique_gold']) retrieved from /opt/airflow/dags/ingest_historique.py
[2025-03-13T21:57:01.766+0000] {logging_mixin.py:151} INFO - [2025-03-13T21:57:01.766+0000] {dag.py:2915} INFO - Sync 1 DAGs
[2025-03-13T21:57:01.794+0000] {logging_mixin.py:151} INFO - [2025-03-13T21:57:01.794+0000] {dag.py:3696} INFO - Setting next_dagrun for yfinance_ingestion_historique_gold to 2025-03-13T00:00:00+00:00, run_after=2025-03-14T00:00:00+00:00
[2025-03-13T21:57:01.822+0000] {processor.py:179} INFO - Processing /opt/airflow/dags/ingest_historique.py took 0.679 seconds
[2025-03-13T21:57:32.167+0000] {processor.py:157} INFO - Started process (PID=587) to work on /opt/airflow/dags/ingest_historique.py
[2025-03-13T21:57:32.169+0000] {processor.py:829} INFO - Processing file /opt/airflow/dags/ingest_historique.py for tasks to queue
[2025-03-13T21:57:32.170+0000] {logging_mixin.py:151} INFO - [2025-03-13T21:57:32.169+0000] {dagbag.py:539} INFO - Filling up the DagBag from /opt/airflow/dags/ingest_historique.py
[2025-03-13T21:57:32.731+0000] {processor.py:839} INFO - DAG(s) dict_keys(['yfinance_ingestion_historique_gold']) retrieved from /opt/airflow/dags/ingest_historique.py
[2025-03-13T21:57:32.764+0000] {logging_mixin.py:151} INFO - [2025-03-13T21:57:32.763+0000] {dag.py:2915} INFO - Sync 1 DAGs
[2025-03-13T21:57:32.796+0000] {logging_mixin.py:151} INFO - [2025-03-13T21:57:32.795+0000] {dag.py:3696} INFO - Setting next_dagrun for yfinance_ingestion_historique_gold to 2025-03-13T00:00:00+00:00, run_after=2025-03-14T00:00:00+00:00
[2025-03-13T21:57:32.825+0000] {processor.py:179} INFO - Processing /opt/airflow/dags/ingest_historique.py took 0.662 seconds
[2025-03-13T21:58:03.109+0000] {processor.py:157} INFO - Started process (PID=599) to work on /opt/airflow/dags/ingest_historique.py
[2025-03-13T21:58:03.110+0000] {processor.py:829} INFO - Processing file /opt/airflow/dags/ingest_historique.py for tasks to queue
[2025-03-13T21:58:03.112+0000] {logging_mixin.py:151} INFO - [2025-03-13T21:58:03.111+0000] {dagbag.py:539} INFO - Filling up the DagBag from /opt/airflow/dags/ingest_historique.py
[2025-03-13T21:58:03.791+0000] {processor.py:839} INFO - DAG(s) dict_keys(['yfinance_ingestion_historique_gold']) retrieved from /opt/airflow/dags/ingest_historique.py
[2025-03-13T21:58:03.828+0000] {logging_mixin.py:151} INFO - [2025-03-13T21:58:03.827+0000] {dag.py:2915} INFO - Sync 1 DAGs
[2025-03-13T21:58:03.853+0000] {logging_mixin.py:151} INFO - [2025-03-13T21:58:03.853+0000] {dag.py:3696} INFO - Setting next_dagrun for yfinance_ingestion_historique_gold to 2025-03-13T00:00:00+00:00, run_after=2025-03-14T00:00:00+00:00
[2025-03-13T21:58:03.880+0000] {processor.py:179} INFO - Processing /opt/airflow/dags/ingest_historique.py took 0.774 seconds
[2025-03-13T21:58:34.194+0000] {processor.py:157} INFO - Started process (PID=611) to work on /opt/airflow/dags/ingest_historique.py
[2025-03-13T21:58:34.196+0000] {processor.py:829} INFO - Processing file /opt/airflow/dags/ingest_historique.py for tasks to queue
[2025-03-13T21:58:34.197+0000] {logging_mixin.py:151} INFO - [2025-03-13T21:58:34.197+0000] {dagbag.py:539} INFO - Filling up the DagBag from /opt/airflow/dags/ingest_historique.py
[2025-03-13T21:58:34.800+0000] {processor.py:839} INFO - DAG(s) dict_keys(['yfinance_ingestion_historique_gold']) retrieved from /opt/airflow/dags/ingest_historique.py
[2025-03-13T21:58:34.841+0000] {logging_mixin.py:151} INFO - [2025-03-13T21:58:34.840+0000] {dag.py:2915} INFO - Sync 1 DAGs
[2025-03-13T21:58:34.877+0000] {logging_mixin.py:151} INFO - [2025-03-13T21:58:34.876+0000] {dag.py:3696} INFO - Setting next_dagrun for yfinance_ingestion_historique_gold to 2025-03-13T00:00:00+00:00, run_after=2025-03-14T00:00:00+00:00
[2025-03-13T21:58:34.922+0000] {processor.py:179} INFO - Processing /opt/airflow/dags/ingest_historique.py took 0.733 seconds
[2025-03-13T21:59:05.240+0000] {processor.py:157} INFO - Started process (PID=623) to work on /opt/airflow/dags/ingest_historique.py
[2025-03-13T21:59:05.242+0000] {processor.py:829} INFO - Processing file /opt/airflow/dags/ingest_historique.py for tasks to queue
[2025-03-13T21:59:05.245+0000] {logging_mixin.py:151} INFO - [2025-03-13T21:59:05.244+0000] {dagbag.py:539} INFO - Filling up the DagBag from /opt/airflow/dags/ingest_historique.py
[2025-03-13T21:59:04.648+0000] {processor.py:839} INFO - DAG(s) dict_keys(['yfinance_ingestion_historique_gold']) retrieved from /opt/airflow/dags/ingest_historique.py
[2025-03-13T21:59:04.700+0000] {logging_mixin.py:151} INFO - [2025-03-13T21:59:04.699+0000] {dag.py:2915} INFO - Sync 1 DAGs
[2025-03-13T21:59:04.737+0000] {logging_mixin.py:151} INFO - [2025-03-13T21:59:04.737+0000] {dag.py:3696} INFO - Setting next_dagrun for yfinance_ingestion_historique_gold to 2025-03-13T00:00:00+00:00, run_after=2025-03-14T00:00:00+00:00
[2025-03-13T21:59:04.774+0000] {processor.py:179} INFO - Processing /opt/airflow/dags/ingest_historique.py took 0.712 seconds
[2025-03-13T21:59:35.186+0000] {processor.py:157} INFO - Started process (PID=635) to work on /opt/airflow/dags/ingest_historique.py
[2025-03-13T21:59:35.188+0000] {processor.py:829} INFO - Processing file /opt/airflow/dags/ingest_historique.py for tasks to queue
[2025-03-13T21:59:35.189+0000] {logging_mixin.py:151} INFO - [2025-03-13T21:59:35.189+0000] {dagbag.py:539} INFO - Filling up the DagBag from /opt/airflow/dags/ingest_historique.py
[2025-03-13T21:59:35.767+0000] {processor.py:839} INFO - DAG(s) dict_keys(['yfinance_ingestion_historique_gold']) retrieved from /opt/airflow/dags/ingest_historique.py
[2025-03-13T21:59:35.827+0000] {logging_mixin.py:151} INFO - [2025-03-13T21:59:35.826+0000] {dag.py:2915} INFO - Sync 1 DAGs
[2025-03-13T21:59:35.873+0000] {logging_mixin.py:151} INFO - [2025-03-13T21:59:35.873+0000] {dag.py:3696} INFO - Setting next_dagrun for yfinance_ingestion_historique_gold to 2025-03-13T00:00:00+00:00, run_after=2025-03-14T00:00:00+00:00
[2025-03-13T21:59:35.907+0000] {processor.py:179} INFO - Processing /opt/airflow/dags/ingest_historique.py took 0.728 seconds
[2025-03-13T22:00:06.208+0000] {processor.py:157} INFO - Started process (PID=647) to work on /opt/airflow/dags/ingest_historique.py
[2025-03-13T22:00:06.209+0000] {processor.py:829} INFO - Processing file /opt/airflow/dags/ingest_historique.py for tasks to queue
[2025-03-13T22:00:06.212+0000] {logging_mixin.py:151} INFO - [2025-03-13T22:00:06.210+0000] {dagbag.py:539} INFO - Filling up the DagBag from /opt/airflow/dags/ingest_historique.py
[2025-03-13T22:00:06.820+0000] {processor.py:839} INFO - DAG(s) dict_keys(['yfinance_ingestion_historique_gold']) retrieved from /opt/airflow/dags/ingest_historique.py
[2025-03-13T22:00:06.861+0000] {logging_mixin.py:151} INFO - [2025-03-13T22:00:06.861+0000] {dag.py:2915} INFO - Sync 1 DAGs
[2025-03-13T22:00:06.889+0000] {logging_mixin.py:151} INFO - [2025-03-13T22:00:06.888+0000] {dag.py:3696} INFO - Setting next_dagrun for yfinance_ingestion_historique_gold to 2025-03-13T00:00:00+00:00, run_after=2025-03-14T00:00:00+00:00
[2025-03-13T22:00:06.915+0000] {processor.py:179} INFO - Processing /opt/airflow/dags/ingest_historique.py took 0.711 seconds
[2025-03-13T22:00:37.277+0000] {processor.py:157} INFO - Started process (PID=659) to work on /opt/airflow/dags/ingest_historique.py
[2025-03-13T22:00:37.279+0000] {processor.py:829} INFO - Processing file /opt/airflow/dags/ingest_historique.py for tasks to queue
[2025-03-13T22:00:37.280+0000] {logging_mixin.py:151} INFO - [2025-03-13T22:00:37.279+0000] {dagbag.py:539} INFO - Filling up the DagBag from /opt/airflow/dags/ingest_historique.py
[2025-03-13T22:00:37.865+0000] {processor.py:839} INFO - DAG(s) dict_keys(['yfinance_ingestion_historique_gold']) retrieved from /opt/airflow/dags/ingest_historique.py
[2025-03-13T22:00:37.898+0000] {logging_mixin.py:151} INFO - [2025-03-13T22:00:37.898+0000] {dag.py:2915} INFO - Sync 1 DAGs
[2025-03-13T22:00:37.933+0000] {logging_mixin.py:151} INFO - [2025-03-13T22:00:37.933+0000] {dag.py:3696} INFO - Setting next_dagrun for yfinance_ingestion_historique_gold to 2025-03-13T00:00:00+00:00, run_after=2025-03-14T00:00:00+00:00
[2025-03-13T22:00:37.980+0000] {processor.py:179} INFO - Processing /opt/airflow/dags/ingest_historique.py took 0.708 seconds
[2025-03-13T22:01:08.312+0000] {processor.py:157} INFO - Started process (PID=671) to work on /opt/airflow/dags/ingest_historique.py
[2025-03-13T22:01:08.313+0000] {processor.py:829} INFO - Processing file /opt/airflow/dags/ingest_historique.py for tasks to queue
[2025-03-13T22:01:08.315+0000] {logging_mixin.py:151} INFO - [2025-03-13T22:01:08.314+0000] {dagbag.py:539} INFO - Filling up the DagBag from /opt/airflow/dags/ingest_historique.py
[2025-03-13T22:01:08.876+0000] {processor.py:839} INFO - DAG(s) dict_keys(['yfinance_ingestion_historique_gold']) retrieved from /opt/airflow/dags/ingest_historique.py
[2025-03-13T22:01:08.907+0000] {logging_mixin.py:151} INFO - [2025-03-13T22:01:08.906+0000] {dag.py:2915} INFO - Sync 1 DAGs
[2025-03-13T22:01:08.936+0000] {logging_mixin.py:151} INFO - [2025-03-13T22:01:08.935+0000] {dag.py:3696} INFO - Setting next_dagrun for yfinance_ingestion_historique_gold to 2025-03-13T00:00:00+00:00, run_after=2025-03-14T00:00:00+00:00
[2025-03-13T22:01:08.960+0000] {processor.py:179} INFO - Processing /opt/airflow/dags/ingest_historique.py took 0.652 seconds
[2025-03-13T22:01:39.272+0000] {processor.py:157} INFO - Started process (PID=683) to work on /opt/airflow/dags/ingest_historique.py
[2025-03-13T22:01:39.275+0000] {processor.py:829} INFO - Processing file /opt/airflow/dags/ingest_historique.py for tasks to queue
[2025-03-13T22:01:39.279+0000] {logging_mixin.py:151} INFO - [2025-03-13T22:01:39.277+0000] {dagbag.py:539} INFO - Filling up the DagBag from /opt/airflow/dags/ingest_historique.py
[2025-03-13T22:01:40.002+0000] {processor.py:839} INFO - DAG(s) dict_keys(['yfinance_ingestion_historique_gold']) retrieved from /opt/airflow/dags/ingest_historique.py
[2025-03-13T22:01:40.053+0000] {logging_mixin.py:151} INFO - [2025-03-13T22:01:40.053+0000] {dag.py:2915} INFO - Sync 1 DAGs
[2025-03-13T22:01:40.104+0000] {logging_mixin.py:151} INFO - [2025-03-13T22:01:40.104+0000] {dag.py:3696} INFO - Setting next_dagrun for yfinance_ingestion_historique_gold to 2025-03-13T00:00:00+00:00, run_after=2025-03-14T00:00:00+00:00
[2025-03-13T22:01:40.142+0000] {processor.py:179} INFO - Processing /opt/airflow/dags/ingest_historique.py took 0.876 seconds
[2025-03-13T22:02:10.471+0000] {processor.py:157} INFO - Started process (PID=695) to work on /opt/airflow/dags/ingest_historique.py
[2025-03-13T22:02:10.474+0000] {processor.py:829} INFO - Processing file /opt/airflow/dags/ingest_historique.py for tasks to queue
[2025-03-13T22:02:10.477+0000] {logging_mixin.py:151} INFO - [2025-03-13T22:02:10.476+0000] {dagbag.py:539} INFO - Filling up the DagBag from /opt/airflow/dags/ingest_historique.py
[2025-03-13T22:02:11.074+0000] {processor.py:839} INFO - DAG(s) dict_keys(['yfinance_ingestion_historique_gold']) retrieved from /opt/airflow/dags/ingest_historique.py
[2025-03-13T22:02:11.108+0000] {logging_mixin.py:151} INFO - [2025-03-13T22:02:11.108+0000] {dag.py:2915} INFO - Sync 1 DAGs
[2025-03-13T22:02:11.137+0000] {logging_mixin.py:151} INFO - [2025-03-13T22:02:11.137+0000] {dag.py:3696} INFO - Setting next_dagrun for yfinance_ingestion_historique_gold to 2025-03-13T00:00:00+00:00, run_after=2025-03-14T00:00:00+00:00
[2025-03-13T22:02:11.163+0000] {processor.py:179} INFO - Processing /opt/airflow/dags/ingest_historique.py took 0.698 seconds
[2025-03-13T22:02:41.477+0000] {processor.py:157} INFO - Started process (PID=707) to work on /opt/airflow/dags/ingest_historique.py
[2025-03-13T22:02:41.479+0000] {processor.py:829} INFO - Processing file /opt/airflow/dags/ingest_historique.py for tasks to queue
[2025-03-13T22:02:41.481+0000] {logging_mixin.py:151} INFO - [2025-03-13T22:02:41.481+0000] {dagbag.py:539} INFO - Filling up the DagBag from /opt/airflow/dags/ingest_historique.py
[2025-03-13T22:02:42.109+0000] {processor.py:839} INFO - DAG(s) dict_keys(['yfinance_ingestion_historique_gold']) retrieved from /opt/airflow/dags/ingest_historique.py
[2025-03-13T22:02:42.143+0000] {logging_mixin.py:151} INFO - [2025-03-13T22:02:42.142+0000] {dag.py:2915} INFO - Sync 1 DAGs
[2025-03-13T22:02:42.178+0000] {logging_mixin.py:151} INFO - [2025-03-13T22:02:42.177+0000] {dag.py:3696} INFO - Setting next_dagrun for yfinance_ingestion_historique_gold to 2025-03-13T00:00:00+00:00, run_after=2025-03-14T00:00:00+00:00
[2025-03-13T22:02:42.214+0000] {processor.py:179} INFO - Processing /opt/airflow/dags/ingest_historique.py took 0.743 seconds
[2025-03-13T22:03:12.518+0000] {processor.py:157} INFO - Started process (PID=719) to work on /opt/airflow/dags/ingest_historique.py
[2025-03-13T22:03:12.521+0000] {processor.py:829} INFO - Processing file /opt/airflow/dags/ingest_historique.py for tasks to queue
[2025-03-13T22:03:12.523+0000] {logging_mixin.py:151} INFO - [2025-03-13T22:03:12.522+0000] {dagbag.py:539} INFO - Filling up the DagBag from /opt/airflow/dags/ingest_historique.py
[2025-03-13T22:03:13.250+0000] {processor.py:839} INFO - DAG(s) dict_keys(['yfinance_ingestion_historique_gold']) retrieved from /opt/airflow/dags/ingest_historique.py
[2025-03-13T22:03:13.322+0000] {logging_mixin.py:151} INFO - [2025-03-13T22:03:13.321+0000] {dag.py:2915} INFO - Sync 1 DAGs
[2025-03-13T22:03:13.359+0000] {logging_mixin.py:151} INFO - [2025-03-13T22:03:13.358+0000] {dag.py:3696} INFO - Setting next_dagrun for yfinance_ingestion_historique_gold to 2025-03-13T00:00:00+00:00, run_after=2025-03-14T00:00:00+00:00
[2025-03-13T22:03:13.423+0000] {processor.py:179} INFO - Processing /opt/airflow/dags/ingest_historique.py took 0.911 seconds
[2025-03-13T22:03:43.737+0000] {processor.py:157} INFO - Started process (PID=731) to work on /opt/airflow/dags/ingest_historique.py
[2025-03-13T22:03:43.739+0000] {processor.py:829} INFO - Processing file /opt/airflow/dags/ingest_historique.py for tasks to queue
[2025-03-13T22:03:43.742+0000] {logging_mixin.py:151} INFO - [2025-03-13T22:03:43.741+0000] {dagbag.py:539} INFO - Filling up the DagBag from /opt/airflow/dags/ingest_historique.py
[2025-03-13T22:03:44.763+0000] {processor.py:839} INFO - DAG(s) dict_keys(['yfinance_ingestion_historique_gold']) retrieved from /opt/airflow/dags/ingest_historique.py
[2025-03-13T22:03:44.805+0000] {logging_mixin.py:151} INFO - [2025-03-13T22:03:44.805+0000] {dag.py:2915} INFO - Sync 1 DAGs
[2025-03-13T22:03:44.840+0000] {logging_mixin.py:151} INFO - [2025-03-13T22:03:44.840+0000] {dag.py:3696} INFO - Setting next_dagrun for yfinance_ingestion_historique_gold to 2025-03-13T00:00:00+00:00, run_after=2025-03-14T00:00:00+00:00
[2025-03-13T22:03:44.868+0000] {processor.py:179} INFO - Processing /opt/airflow/dags/ingest_historique.py took 1.139 seconds
[2025-03-13T22:04:15.175+0000] {processor.py:157} INFO - Started process (PID=743) to work on /opt/airflow/dags/ingest_historique.py
[2025-03-13T22:04:15.177+0000] {processor.py:829} INFO - Processing file /opt/airflow/dags/ingest_historique.py for tasks to queue
[2025-03-13T22:04:15.179+0000] {logging_mixin.py:151} INFO - [2025-03-13T22:04:15.178+0000] {dagbag.py:539} INFO - Filling up the DagBag from /opt/airflow/dags/ingest_historique.py
[2025-03-13T22:04:15.730+0000] {processor.py:839} INFO - DAG(s) dict_keys(['yfinance_ingestion_historique_gold']) retrieved from /opt/airflow/dags/ingest_historique.py
[2025-03-13T22:04:15.787+0000] {logging_mixin.py:151} INFO - [2025-03-13T22:04:15.787+0000] {dag.py:2915} INFO - Sync 1 DAGs
[2025-03-13T22:04:15.815+0000] {logging_mixin.py:151} INFO - [2025-03-13T22:04:15.815+0000] {dag.py:3696} INFO - Setting next_dagrun for yfinance_ingestion_historique_gold to 2025-03-13T00:00:00+00:00, run_after=2025-03-14T00:00:00+00:00
[2025-03-13T22:04:15.848+0000] {processor.py:179} INFO - Processing /opt/airflow/dags/ingest_historique.py took 0.678 seconds
[2025-03-13T22:04:46.198+0000] {processor.py:157} INFO - Started process (PID=755) to work on /opt/airflow/dags/ingest_historique.py
[2025-03-13T22:04:46.199+0000] {processor.py:829} INFO - Processing file /opt/airflow/dags/ingest_historique.py for tasks to queue
[2025-03-13T22:04:46.200+0000] {logging_mixin.py:151} INFO - [2025-03-13T22:04:46.200+0000] {dagbag.py:539} INFO - Filling up the DagBag from /opt/airflow/dags/ingest_historique.py
[2025-03-13T22:04:46.714+0000] {processor.py:839} INFO - DAG(s) dict_keys(['yfinance_ingestion_historique_gold']) retrieved from /opt/airflow/dags/ingest_historique.py
[2025-03-13T22:04:46.752+0000] {logging_mixin.py:151} INFO - [2025-03-13T22:04:46.751+0000] {dag.py:2915} INFO - Sync 1 DAGs
[2025-03-13T22:04:46.779+0000] {logging_mixin.py:151} INFO - [2025-03-13T22:04:46.778+0000] {dag.py:3696} INFO - Setting next_dagrun for yfinance_ingestion_historique_gold to 2025-03-13T00:00:00+00:00, run_after=2025-03-14T00:00:00+00:00
[2025-03-13T22:04:46.803+0000] {processor.py:179} INFO - Processing /opt/airflow/dags/ingest_historique.py took 0.609 seconds
[2025-03-13T22:05:17.136+0000] {processor.py:157} INFO - Started process (PID=767) to work on /opt/airflow/dags/ingest_historique.py
[2025-03-13T22:05:17.138+0000] {processor.py:829} INFO - Processing file /opt/airflow/dags/ingest_historique.py for tasks to queue
[2025-03-13T22:05:17.140+0000] {logging_mixin.py:151} INFO - [2025-03-13T22:05:17.139+0000] {dagbag.py:539} INFO - Filling up the DagBag from /opt/airflow/dags/ingest_historique.py
[2025-03-13T22:05:17.700+0000] {processor.py:839} INFO - DAG(s) dict_keys(['yfinance_ingestion_historique_gold']) retrieved from /opt/airflow/dags/ingest_historique.py
[2025-03-13T22:05:17.730+0000] {logging_mixin.py:151} INFO - [2025-03-13T22:05:17.730+0000] {dag.py:2915} INFO - Sync 1 DAGs
[2025-03-13T22:05:17.758+0000] {logging_mixin.py:151} INFO - [2025-03-13T22:05:17.758+0000] {dag.py:3696} INFO - Setting next_dagrun for yfinance_ingestion_historique_gold to 2025-03-13T00:00:00+00:00, run_after=2025-03-14T00:00:00+00:00
[2025-03-13T22:05:17.783+0000] {processor.py:179} INFO - Processing /opt/airflow/dags/ingest_historique.py took 0.652 seconds
[2025-03-13T22:05:48.085+0000] {processor.py:157} INFO - Started process (PID=779) to work on /opt/airflow/dags/ingest_historique.py
[2025-03-13T22:05:48.087+0000] {processor.py:829} INFO - Processing file /opt/airflow/dags/ingest_historique.py for tasks to queue
[2025-03-13T22:05:48.088+0000] {logging_mixin.py:151} INFO - [2025-03-13T22:05:48.088+0000] {dagbag.py:539} INFO - Filling up the DagBag from /opt/airflow/dags/ingest_historique.py
[2025-03-13T22:05:48.608+0000] {processor.py:839} INFO - DAG(s) dict_keys(['yfinance_ingestion_historique_gold']) retrieved from /opt/airflow/dags/ingest_historique.py
[2025-03-13T22:05:48.648+0000] {logging_mixin.py:151} INFO - [2025-03-13T22:05:48.648+0000] {dag.py:2915} INFO - Sync 1 DAGs
[2025-03-13T22:05:48.691+0000] {logging_mixin.py:151} INFO - [2025-03-13T22:05:48.691+0000] {dag.py:3696} INFO - Setting next_dagrun for yfinance_ingestion_historique_gold to 2025-03-13T00:00:00+00:00, run_after=2025-03-14T00:00:00+00:00
[2025-03-13T22:05:48.726+0000] {processor.py:179} INFO - Processing /opt/airflow/dags/ingest_historique.py took 0.644 seconds
[2025-03-13T22:06:18.867+0000] {processor.py:157} INFO - Started process (PID=791) to work on /opt/airflow/dags/ingest_historique.py
[2025-03-13T22:06:18.868+0000] {processor.py:829} INFO - Processing file /opt/airflow/dags/ingest_historique.py for tasks to queue
[2025-03-13T22:06:18.869+0000] {logging_mixin.py:151} INFO - [2025-03-13T22:06:18.869+0000] {dagbag.py:539} INFO - Filling up the DagBag from /opt/airflow/dags/ingest_historique.py
[2025-03-13T22:06:19.596+0000] {processor.py:839} INFO - DAG(s) dict_keys(['yfinance_ingestion_historique_gold']) retrieved from /opt/airflow/dags/ingest_historique.py
[2025-03-13T22:06:19.636+0000] {logging_mixin.py:151} INFO - [2025-03-13T22:06:19.635+0000] {dag.py:2915} INFO - Sync 1 DAGs
[2025-03-13T22:06:19.671+0000] {logging_mixin.py:151} INFO - [2025-03-13T22:06:19.670+0000] {dag.py:3696} INFO - Setting next_dagrun for yfinance_ingestion_historique_gold to 2025-03-13T00:00:00+00:00, run_after=2025-03-14T00:00:00+00:00
[2025-03-13T22:06:19.701+0000] {processor.py:179} INFO - Processing /opt/airflow/dags/ingest_historique.py took 0.840 seconds
[2025-03-13T22:06:49.966+0000] {processor.py:157} INFO - Started process (PID=803) to work on /opt/airflow/dags/ingest_historique.py
[2025-03-13T22:06:49.968+0000] {processor.py:829} INFO - Processing file /opt/airflow/dags/ingest_historique.py for tasks to queue
[2025-03-13T22:06:49.969+0000] {logging_mixin.py:151} INFO - [2025-03-13T22:06:49.969+0000] {dagbag.py:539} INFO - Filling up the DagBag from /opt/airflow/dags/ingest_historique.py
[2025-03-13T22:06:50.478+0000] {processor.py:839} INFO - DAG(s) dict_keys(['yfinance_ingestion_historique_gold']) retrieved from /opt/airflow/dags/ingest_historique.py
[2025-03-13T22:06:50.509+0000] {logging_mixin.py:151} INFO - [2025-03-13T22:06:50.509+0000] {dag.py:2915} INFO - Sync 1 DAGs
[2025-03-13T22:06:50.539+0000] {logging_mixin.py:151} INFO - [2025-03-13T22:06:50.538+0000] {dag.py:3696} INFO - Setting next_dagrun for yfinance_ingestion_historique_gold to 2025-03-13T00:00:00+00:00, run_after=2025-03-14T00:00:00+00:00
[2025-03-13T22:06:50.566+0000] {processor.py:179} INFO - Processing /opt/airflow/dags/ingest_historique.py took 0.605 seconds
[2025-03-13T22:07:20.841+0000] {processor.py:157} INFO - Started process (PID=815) to work on /opt/airflow/dags/ingest_historique.py
[2025-03-13T22:07:20.843+0000] {processor.py:829} INFO - Processing file /opt/airflow/dags/ingest_historique.py for tasks to queue
[2025-03-13T22:07:20.844+0000] {logging_mixin.py:151} INFO - [2025-03-13T22:07:20.844+0000] {dagbag.py:539} INFO - Filling up the DagBag from /opt/airflow/dags/ingest_historique.py
[2025-03-13T22:07:21.338+0000] {processor.py:839} INFO - DAG(s) dict_keys(['yfinance_ingestion_historique_gold']) retrieved from /opt/airflow/dags/ingest_historique.py
[2025-03-13T22:07:21.366+0000] {logging_mixin.py:151} INFO - [2025-03-13T22:07:21.366+0000] {dag.py:2915} INFO - Sync 1 DAGs
[2025-03-13T22:07:21.394+0000] {logging_mixin.py:151} INFO - [2025-03-13T22:07:21.394+0000] {dag.py:3696} INFO - Setting next_dagrun for yfinance_ingestion_historique_gold to 2025-03-13T00:00:00+00:00, run_after=2025-03-14T00:00:00+00:00
[2025-03-13T22:07:21.425+0000] {processor.py:179} INFO - Processing /opt/airflow/dags/ingest_historique.py took 0.587 seconds
[2025-03-13T22:07:51.679+0000] {processor.py:157} INFO - Started process (PID=827) to work on /opt/airflow/dags/ingest_historique.py
[2025-03-13T22:07:51.683+0000] {processor.py:829} INFO - Processing file /opt/airflow/dags/ingest_historique.py for tasks to queue
[2025-03-13T22:07:51.685+0000] {logging_mixin.py:151} INFO - [2025-03-13T22:07:51.684+0000] {dagbag.py:539} INFO - Filling up the DagBag from /opt/airflow/dags/ingest_historique.py
[2025-03-13T22:07:52.197+0000] {processor.py:839} INFO - DAG(s) dict_keys(['yfinance_ingestion_historique_gold']) retrieved from /opt/airflow/dags/ingest_historique.py
[2025-03-13T22:07:52.229+0000] {logging_mixin.py:151} INFO - [2025-03-13T22:07:52.228+0000] {dag.py:2915} INFO - Sync 1 DAGs
[2025-03-13T22:07:52.265+0000] {logging_mixin.py:151} INFO - [2025-03-13T22:07:52.264+0000] {dag.py:3696} INFO - Setting next_dagrun for yfinance_ingestion_historique_gold to 2025-03-13T00:00:00+00:00, run_after=2025-03-14T00:00:00+00:00
[2025-03-13T22:07:52.293+0000] {processor.py:179} INFO - Processing /opt/airflow/dags/ingest_historique.py took 0.618 seconds
[2025-03-13T22:08:22.540+0000] {processor.py:157} INFO - Started process (PID=839) to work on /opt/airflow/dags/ingest_historique.py
[2025-03-13T22:08:22.541+0000] {processor.py:829} INFO - Processing file /opt/airflow/dags/ingest_historique.py for tasks to queue
[2025-03-13T22:08:22.543+0000] {logging_mixin.py:151} INFO - [2025-03-13T22:08:22.542+0000] {dagbag.py:539} INFO - Filling up the DagBag from /opt/airflow/dags/ingest_historique.py
[2025-03-13T22:08:23.083+0000] {processor.py:839} INFO - DAG(s) dict_keys(['yfinance_ingestion_historique_gold']) retrieved from /opt/airflow/dags/ingest_historique.py
[2025-03-13T22:08:23.113+0000] {logging_mixin.py:151} INFO - [2025-03-13T22:08:23.112+0000] {dag.py:2915} INFO - Sync 1 DAGs
[2025-03-13T22:08:23.138+0000] {logging_mixin.py:151} INFO - [2025-03-13T22:08:23.137+0000] {dag.py:3696} INFO - Setting next_dagrun for yfinance_ingestion_historique_gold to 2025-03-13T00:00:00+00:00, run_after=2025-03-14T00:00:00+00:00
[2025-03-13T22:08:23.163+0000] {processor.py:179} INFO - Processing /opt/airflow/dags/ingest_historique.py took 0.628 seconds
[2025-03-13T22:08:53.444+0000] {processor.py:157} INFO - Started process (PID=851) to work on /opt/airflow/dags/ingest_historique.py
[2025-03-13T22:08:53.445+0000] {processor.py:829} INFO - Processing file /opt/airflow/dags/ingest_historique.py for tasks to queue
[2025-03-13T22:08:53.447+0000] {logging_mixin.py:151} INFO - [2025-03-13T22:08:53.446+0000] {dagbag.py:539} INFO - Filling up the DagBag from /opt/airflow/dags/ingest_historique.py
[2025-03-13T22:08:53.943+0000] {processor.py:839} INFO - DAG(s) dict_keys(['yfinance_ingestion_historique_gold']) retrieved from /opt/airflow/dags/ingest_historique.py
[2025-03-13T22:08:53.975+0000] {logging_mixin.py:151} INFO - [2025-03-13T22:08:53.974+0000] {dag.py:2915} INFO - Sync 1 DAGs
[2025-03-13T22:08:53.998+0000] {logging_mixin.py:151} INFO - [2025-03-13T22:08:53.998+0000] {dag.py:3696} INFO - Setting next_dagrun for yfinance_ingestion_historique_gold to 2025-03-13T00:00:00+00:00, run_after=2025-03-14T00:00:00+00:00
[2025-03-13T22:08:54.021+0000] {processor.py:179} INFO - Processing /opt/airflow/dags/ingest_historique.py took 0.580 seconds
[2025-03-13T22:09:24.272+0000] {processor.py:157} INFO - Started process (PID=863) to work on /opt/airflow/dags/ingest_historique.py
[2025-03-13T22:09:24.273+0000] {processor.py:829} INFO - Processing file /opt/airflow/dags/ingest_historique.py for tasks to queue
[2025-03-13T22:09:24.275+0000] {logging_mixin.py:151} INFO - [2025-03-13T22:09:24.275+0000] {dagbag.py:539} INFO - Filling up the DagBag from /opt/airflow/dags/ingest_historique.py
[2025-03-13T22:09:24.905+0000] {processor.py:839} INFO - DAG(s) dict_keys(['yfinance_ingestion_historique_gold']) retrieved from /opt/airflow/dags/ingest_historique.py
[2025-03-13T22:09:24.941+0000] {logging_mixin.py:151} INFO - [2025-03-13T22:09:24.940+0000] {dag.py:2915} INFO - Sync 1 DAGs
[2025-03-13T22:09:24.970+0000] {logging_mixin.py:151} INFO - [2025-03-13T22:09:24.970+0000] {dag.py:3696} INFO - Setting next_dagrun for yfinance_ingestion_historique_gold to 2025-03-13T00:00:00+00:00, run_after=2025-03-14T00:00:00+00:00
[2025-03-13T22:09:24.996+0000] {processor.py:179} INFO - Processing /opt/airflow/dags/ingest_historique.py took 0.729 seconds
[2025-03-13T22:09:55.264+0000] {processor.py:157} INFO - Started process (PID=875) to work on /opt/airflow/dags/ingest_historique.py
[2025-03-13T22:09:55.265+0000] {processor.py:829} INFO - Processing file /opt/airflow/dags/ingest_historique.py for tasks to queue
[2025-03-13T22:09:55.266+0000] {logging_mixin.py:151} INFO - [2025-03-13T22:09:55.266+0000] {dagbag.py:539} INFO - Filling up the DagBag from /opt/airflow/dags/ingest_historique.py
[2025-03-13T22:09:55.867+0000] {processor.py:839} INFO - DAG(s) dict_keys(['yfinance_ingestion_historique_gold']) retrieved from /opt/airflow/dags/ingest_historique.py
[2025-03-13T22:09:55.898+0000] {logging_mixin.py:151} INFO - [2025-03-13T22:09:55.897+0000] {dag.py:2915} INFO - Sync 1 DAGs
[2025-03-13T22:09:55.945+0000] {logging_mixin.py:151} INFO - [2025-03-13T22:09:55.944+0000] {dag.py:3696} INFO - Setting next_dagrun for yfinance_ingestion_historique_gold to 2025-03-13T00:00:00+00:00, run_after=2025-03-14T00:00:00+00:00
[2025-03-13T22:09:55.975+0000] {processor.py:179} INFO - Processing /opt/airflow/dags/ingest_historique.py took 0.714 seconds
[2025-03-13T22:10:26.178+0000] {processor.py:157} INFO - Started process (PID=887) to work on /opt/airflow/dags/ingest_historique.py
[2025-03-13T22:10:26.181+0000] {processor.py:829} INFO - Processing file /opt/airflow/dags/ingest_historique.py for tasks to queue
[2025-03-13T22:10:26.183+0000] {logging_mixin.py:151} INFO - [2025-03-13T22:10:26.183+0000] {dagbag.py:539} INFO - Filling up the DagBag from /opt/airflow/dags/ingest_historique.py
[2025-03-13T22:10:26.798+0000] {processor.py:839} INFO - DAG(s) dict_keys(['yfinance_ingestion_historique_gold']) retrieved from /opt/airflow/dags/ingest_historique.py
[2025-03-13T22:10:26.837+0000] {logging_mixin.py:151} INFO - [2025-03-13T22:10:26.836+0000] {dag.py:2915} INFO - Sync 1 DAGs
[2025-03-13T22:10:26.866+0000] {logging_mixin.py:151} INFO - [2025-03-13T22:10:26.866+0000] {dag.py:3696} INFO - Setting next_dagrun for yfinance_ingestion_historique_gold to 2025-03-13T00:00:00+00:00, run_after=2025-03-14T00:00:00+00:00
[2025-03-13T22:10:26.900+0000] {processor.py:179} INFO - Processing /opt/airflow/dags/ingest_historique.py took 0.730 seconds
[2025-03-13T22:10:57.024+0000] {processor.py:157} INFO - Started process (PID=899) to work on /opt/airflow/dags/ingest_historique.py
[2025-03-13T22:10:57.025+0000] {processor.py:829} INFO - Processing file /opt/airflow/dags/ingest_historique.py for tasks to queue
[2025-03-13T22:10:57.027+0000] {logging_mixin.py:151} INFO - [2025-03-13T22:10:57.026+0000] {dagbag.py:539} INFO - Filling up the DagBag from /opt/airflow/dags/ingest_historique.py
[2025-03-13T22:10:57.585+0000] {processor.py:839} INFO - DAG(s) dict_keys(['yfinance_ingestion_historique_gold']) retrieved from /opt/airflow/dags/ingest_historique.py
[2025-03-13T22:10:57.621+0000] {logging_mixin.py:151} INFO - [2025-03-13T22:10:57.620+0000] {dag.py:2915} INFO - Sync 1 DAGs
[2025-03-13T22:10:57.669+0000] {logging_mixin.py:151} INFO - [2025-03-13T22:10:57.669+0000] {dag.py:3696} INFO - Setting next_dagrun for yfinance_ingestion_historique_gold to 2025-03-13T00:00:00+00:00, run_after=2025-03-14T00:00:00+00:00
[2025-03-13T22:10:57.709+0000] {processor.py:179} INFO - Processing /opt/airflow/dags/ingest_historique.py took 0.690 seconds
[2025-03-13T22:11:27.918+0000] {processor.py:157} INFO - Started process (PID=911) to work on /opt/airflow/dags/ingest_historique.py
[2025-03-13T22:11:27.920+0000] {processor.py:829} INFO - Processing file /opt/airflow/dags/ingest_historique.py for tasks to queue
[2025-03-13T22:11:27.923+0000] {logging_mixin.py:151} INFO - [2025-03-13T22:11:27.923+0000] {dagbag.py:539} INFO - Filling up the DagBag from /opt/airflow/dags/ingest_historique.py
[2025-03-13T22:11:28.541+0000] {processor.py:839} INFO - DAG(s) dict_keys(['yfinance_ingestion_historique_gold']) retrieved from /opt/airflow/dags/ingest_historique.py
[2025-03-13T22:11:28.583+0000] {logging_mixin.py:151} INFO - [2025-03-13T22:11:28.582+0000] {dag.py:2915} INFO - Sync 1 DAGs
[2025-03-13T22:11:28.616+0000] {logging_mixin.py:151} INFO - [2025-03-13T22:11:28.616+0000] {dag.py:3696} INFO - Setting next_dagrun for yfinance_ingestion_historique_gold to 2025-03-13T00:00:00+00:00, run_after=2025-03-14T00:00:00+00:00
[2025-03-13T22:11:28.648+0000] {processor.py:179} INFO - Processing /opt/airflow/dags/ingest_historique.py took 0.737 seconds
[2025-03-13T22:11:59.015+0000] {processor.py:157} INFO - Started process (PID=923) to work on /opt/airflow/dags/ingest_historique.py
[2025-03-13T22:11:59.016+0000] {processor.py:829} INFO - Processing file /opt/airflow/dags/ingest_historique.py for tasks to queue
[2025-03-13T22:11:59.018+0000] {logging_mixin.py:151} INFO - [2025-03-13T22:11:59.017+0000] {dagbag.py:539} INFO - Filling up the DagBag from /opt/airflow/dags/ingest_historique.py
[2025-03-13T22:11:59.523+0000] {processor.py:839} INFO - DAG(s) dict_keys(['yfinance_ingestion_historique_gold']) retrieved from /opt/airflow/dags/ingest_historique.py
[2025-03-13T22:11:59.557+0000] {logging_mixin.py:151} INFO - [2025-03-13T22:11:59.556+0000] {dag.py:2915} INFO - Sync 1 DAGs
[2025-03-13T22:11:59.590+0000] {logging_mixin.py:151} INFO - [2025-03-13T22:11:59.590+0000] {dag.py:3696} INFO - Setting next_dagrun for yfinance_ingestion_historique_gold to 2025-03-13T00:00:00+00:00, run_after=2025-03-14T00:00:00+00:00
[2025-03-13T22:11:59.617+0000] {processor.py:179} INFO - Processing /opt/airflow/dags/ingest_historique.py took 0.608 seconds
[2025-03-13T22:12:29.875+0000] {processor.py:157} INFO - Started process (PID=935) to work on /opt/airflow/dags/ingest_historique.py
[2025-03-13T22:12:29.876+0000] {processor.py:829} INFO - Processing file /opt/airflow/dags/ingest_historique.py for tasks to queue
[2025-03-13T22:12:29.877+0000] {logging_mixin.py:151} INFO - [2025-03-13T22:12:29.877+0000] {dagbag.py:539} INFO - Filling up the DagBag from /opt/airflow/dags/ingest_historique.py
[2025-03-13T22:12:30.481+0000] {processor.py:839} INFO - DAG(s) dict_keys(['yfinance_ingestion_historique_gold']) retrieved from /opt/airflow/dags/ingest_historique.py
[2025-03-13T22:12:30.516+0000] {logging_mixin.py:151} INFO - [2025-03-13T22:12:30.515+0000] {dag.py:2915} INFO - Sync 1 DAGs
[2025-03-13T22:12:30.548+0000] {logging_mixin.py:151} INFO - [2025-03-13T22:12:30.548+0000] {dag.py:3696} INFO - Setting next_dagrun for yfinance_ingestion_historique_gold to 2025-03-13T00:00:00+00:00, run_after=2025-03-14T00:00:00+00:00
[2025-03-13T22:12:30.574+0000] {processor.py:179} INFO - Processing /opt/airflow/dags/ingest_historique.py took 0.702 seconds
[2025-03-13T22:13:00.833+0000] {processor.py:157} INFO - Started process (PID=947) to work on /opt/airflow/dags/ingest_historique.py
[2025-03-13T22:13:00.835+0000] {processor.py:829} INFO - Processing file /opt/airflow/dags/ingest_historique.py for tasks to queue
[2025-03-13T22:13:00.836+0000] {logging_mixin.py:151} INFO - [2025-03-13T22:13:00.836+0000] {dagbag.py:539} INFO - Filling up the DagBag from /opt/airflow/dags/ingest_historique.py
[2025-03-13T22:13:01.633+0000] {processor.py:839} INFO - DAG(s) dict_keys(['yfinance_ingestion_historique_gold']) retrieved from /opt/airflow/dags/ingest_historique.py
[2025-03-13T22:13:01.672+0000] {logging_mixin.py:151} INFO - [2025-03-13T22:13:01.672+0000] {dag.py:2915} INFO - Sync 1 DAGs
[2025-03-13T22:13:01.707+0000] {logging_mixin.py:151} INFO - [2025-03-13T22:13:01.706+0000] {dag.py:3696} INFO - Setting next_dagrun for yfinance_ingestion_historique_gold to 2025-03-13T00:00:00+00:00, run_after=2025-03-14T00:00:00+00:00
[2025-03-13T22:13:00.548+0000] {processor.py:179} INFO - Processing /opt/airflow/dags/ingest_historique.py took 0.910 seconds
[2025-03-13T22:13:30.615+0000] {processor.py:157} INFO - Started process (PID=959) to work on /opt/airflow/dags/ingest_historique.py
[2025-03-13T22:13:30.616+0000] {processor.py:829} INFO - Processing file /opt/airflow/dags/ingest_historique.py for tasks to queue
[2025-03-13T22:13:30.618+0000] {logging_mixin.py:151} INFO - [2025-03-13T22:13:30.617+0000] {dagbag.py:539} INFO - Filling up the DagBag from /opt/airflow/dags/ingest_historique.py
[2025-03-13T22:13:31.184+0000] {processor.py:839} INFO - DAG(s) dict_keys(['yfinance_ingestion_historique_gold']) retrieved from /opt/airflow/dags/ingest_historique.py
[2025-03-13T22:13:31.217+0000] {logging_mixin.py:151} INFO - [2025-03-13T22:13:31.217+0000] {dag.py:2915} INFO - Sync 1 DAGs
[2025-03-13T22:13:31.246+0000] {logging_mixin.py:151} INFO - [2025-03-13T22:13:31.246+0000] {dag.py:3696} INFO - Setting next_dagrun for yfinance_ingestion_historique_gold to 2025-03-13T00:00:00+00:00, run_after=2025-03-14T00:00:00+00:00
[2025-03-13T22:13:31.272+0000] {processor.py:179} INFO - Processing /opt/airflow/dags/ingest_historique.py took 0.660 seconds
[2025-03-13T22:14:01.491+0000] {processor.py:157} INFO - Started process (PID=971) to work on /opt/airflow/dags/ingest_historique.py
[2025-03-13T22:14:01.495+0000] {processor.py:829} INFO - Processing file /opt/airflow/dags/ingest_historique.py for tasks to queue
[2025-03-13T22:14:01.498+0000] {logging_mixin.py:151} INFO - [2025-03-13T22:14:01.497+0000] {dagbag.py:539} INFO - Filling up the DagBag from /opt/airflow/dags/ingest_historique.py
[2025-03-13T22:14:02.146+0000] {processor.py:839} INFO - DAG(s) dict_keys(['yfinance_ingestion_historique_gold']) retrieved from /opt/airflow/dags/ingest_historique.py
[2025-03-13T22:14:02.189+0000] {logging_mixin.py:151} INFO - [2025-03-13T22:14:02.188+0000] {dag.py:2915} INFO - Sync 1 DAGs
[2025-03-13T22:14:02.223+0000] {logging_mixin.py:151} INFO - [2025-03-13T22:14:02.222+0000] {dag.py:3696} INFO - Setting next_dagrun for yfinance_ingestion_historique_gold to 2025-03-13T00:00:00+00:00, run_after=2025-03-14T00:00:00+00:00
[2025-03-13T22:14:02.254+0000] {processor.py:179} INFO - Processing /opt/airflow/dags/ingest_historique.py took 0.768 seconds
[2025-03-13T22:14:32.617+0000] {processor.py:157} INFO - Started process (PID=983) to work on /opt/airflow/dags/ingest_historique.py
[2025-03-13T22:14:32.619+0000] {processor.py:829} INFO - Processing file /opt/airflow/dags/ingest_historique.py for tasks to queue
[2025-03-13T22:14:32.621+0000] {logging_mixin.py:151} INFO - [2025-03-13T22:14:32.620+0000] {dagbag.py:539} INFO - Filling up the DagBag from /opt/airflow/dags/ingest_historique.py
[2025-03-13T22:14:33.291+0000] {processor.py:839} INFO - DAG(s) dict_keys(['yfinance_ingestion_historique_gold']) retrieved from /opt/airflow/dags/ingest_historique.py
[2025-03-13T22:14:33.325+0000] {logging_mixin.py:151} INFO - [2025-03-13T22:14:33.324+0000] {dag.py:2915} INFO - Sync 1 DAGs
[2025-03-13T22:14:33.358+0000] {logging_mixin.py:151} INFO - [2025-03-13T22:14:33.358+0000] {dag.py:3696} INFO - Setting next_dagrun for yfinance_ingestion_historique_gold to 2025-03-13T00:00:00+00:00, run_after=2025-03-14T00:00:00+00:00
[2025-03-13T22:14:33.395+0000] {processor.py:179} INFO - Processing /opt/airflow/dags/ingest_historique.py took 0.784 seconds
[2025-03-13T22:15:03.673+0000] {processor.py:157} INFO - Started process (PID=995) to work on /opt/airflow/dags/ingest_historique.py
[2025-03-13T22:15:03.675+0000] {processor.py:829} INFO - Processing file /opt/airflow/dags/ingest_historique.py for tasks to queue
[2025-03-13T22:15:03.677+0000] {logging_mixin.py:151} INFO - [2025-03-13T22:15:03.676+0000] {dagbag.py:539} INFO - Filling up the DagBag from /opt/airflow/dags/ingest_historique.py
[2025-03-13T22:15:04.294+0000] {processor.py:839} INFO - DAG(s) dict_keys(['yfinance_ingestion_historique_gold']) retrieved from /opt/airflow/dags/ingest_historique.py
[2025-03-13T22:15:04.333+0000] {logging_mixin.py:151} INFO - [2025-03-13T22:15:04.333+0000] {dag.py:2915} INFO - Sync 1 DAGs
[2025-03-13T22:15:04.362+0000] {logging_mixin.py:151} INFO - [2025-03-13T22:15:04.362+0000] {dag.py:3696} INFO - Setting next_dagrun for yfinance_ingestion_historique_gold to 2025-03-13T00:00:00+00:00, run_after=2025-03-14T00:00:00+00:00
[2025-03-13T22:15:04.401+0000] {processor.py:179} INFO - Processing /opt/airflow/dags/ingest_historique.py took 0.734 seconds
[2025-03-13T22:15:34.726+0000] {processor.py:157} INFO - Started process (PID=1007) to work on /opt/airflow/dags/ingest_historique.py
[2025-03-13T22:15:34.728+0000] {processor.py:829} INFO - Processing file /opt/airflow/dags/ingest_historique.py for tasks to queue
[2025-03-13T22:15:34.729+0000] {logging_mixin.py:151} INFO - [2025-03-13T22:15:34.729+0000] {dagbag.py:539} INFO - Filling up the DagBag from /opt/airflow/dags/ingest_historique.py
[2025-03-13T22:15:35.425+0000] {processor.py:839} INFO - DAG(s) dict_keys(['yfinance_ingestion_historique_gold']) retrieved from /opt/airflow/dags/ingest_historique.py
[2025-03-13T22:15:35.476+0000] {logging_mixin.py:151} INFO - [2025-03-13T22:15:35.475+0000] {dag.py:2915} INFO - Sync 1 DAGs
[2025-03-13T22:15:35.512+0000] {logging_mixin.py:151} INFO - [2025-03-13T22:15:35.512+0000] {dag.py:3696} INFO - Setting next_dagrun for yfinance_ingestion_historique_gold to 2025-03-13T00:00:00+00:00, run_after=2025-03-14T00:00:00+00:00
[2025-03-13T22:15:35.547+0000] {processor.py:179} INFO - Processing /opt/airflow/dags/ingest_historique.py took 0.827 seconds
[2025-03-13T22:16:05.741+0000] {processor.py:157} INFO - Started process (PID=1019) to work on /opt/airflow/dags/ingest_historique.py
[2025-03-13T22:16:05.742+0000] {processor.py:829} INFO - Processing file /opt/airflow/dags/ingest_historique.py for tasks to queue
[2025-03-13T22:16:05.743+0000] {logging_mixin.py:151} INFO - [2025-03-13T22:16:05.743+0000] {dagbag.py:539} INFO - Filling up the DagBag from /opt/airflow/dags/ingest_historique.py
[2025-03-13T22:16:06.287+0000] {processor.py:839} INFO - DAG(s) dict_keys(['yfinance_ingestion_historique_gold']) retrieved from /opt/airflow/dags/ingest_historique.py
[2025-03-13T22:16:06.324+0000] {logging_mixin.py:151} INFO - [2025-03-13T22:16:06.323+0000] {dag.py:2915} INFO - Sync 1 DAGs
[2025-03-13T22:16:06.379+0000] {logging_mixin.py:151} INFO - [2025-03-13T22:16:06.379+0000] {dag.py:3696} INFO - Setting next_dagrun for yfinance_ingestion_historique_gold to 2025-03-13T00:00:00+00:00, run_after=2025-03-14T00:00:00+00:00
[2025-03-13T22:16:06.420+0000] {processor.py:179} INFO - Processing /opt/airflow/dags/ingest_historique.py took 0.683 seconds
[2025-03-13T22:16:36.644+0000] {processor.py:157} INFO - Started process (PID=1031) to work on /opt/airflow/dags/ingest_historique.py
[2025-03-13T22:16:36.646+0000] {processor.py:829} INFO - Processing file /opt/airflow/dags/ingest_historique.py for tasks to queue
[2025-03-13T22:16:36.648+0000] {logging_mixin.py:151} INFO - [2025-03-13T22:16:36.648+0000] {dagbag.py:539} INFO - Filling up the DagBag from /opt/airflow/dags/ingest_historique.py
[2025-03-13T22:16:37.314+0000] {processor.py:839} INFO - DAG(s) dict_keys(['yfinance_ingestion_historique_gold']) retrieved from /opt/airflow/dags/ingest_historique.py
[2025-03-13T22:16:37.352+0000] {logging_mixin.py:151} INFO - [2025-03-13T22:16:37.351+0000] {dag.py:2915} INFO - Sync 1 DAGs
[2025-03-13T22:16:37.390+0000] {logging_mixin.py:151} INFO - [2025-03-13T22:16:37.389+0000] {dag.py:3696} INFO - Setting next_dagrun for yfinance_ingestion_historique_gold to 2025-03-13T00:00:00+00:00, run_after=2025-03-14T00:00:00+00:00
[2025-03-13T22:16:37.427+0000] {processor.py:179} INFO - Processing /opt/airflow/dags/ingest_historique.py took 0.791 seconds
[2025-03-13T22:17:07.744+0000] {processor.py:157} INFO - Started process (PID=1043) to work on /opt/airflow/dags/ingest_historique.py
[2025-03-13T22:17:07.747+0000] {processor.py:829} INFO - Processing file /opt/airflow/dags/ingest_historique.py for tasks to queue
[2025-03-13T22:17:07.748+0000] {logging_mixin.py:151} INFO - [2025-03-13T22:17:07.748+0000] {dagbag.py:539} INFO - Filling up the DagBag from /opt/airflow/dags/ingest_historique.py
[2025-03-13T22:17:08.487+0000] {processor.py:839} INFO - DAG(s) dict_keys(['yfinance_ingestion_historique_gold']) retrieved from /opt/airflow/dags/ingest_historique.py
[2025-03-13T22:17:08.579+0000] {logging_mixin.py:151} INFO - [2025-03-13T22:17:08.577+0000] {dag.py:2915} INFO - Sync 1 DAGs
[2025-03-13T22:17:08.634+0000] {logging_mixin.py:151} INFO - [2025-03-13T22:17:08.632+0000] {dag.py:3696} INFO - Setting next_dagrun for yfinance_ingestion_historique_gold to 2025-03-13T00:00:00+00:00, run_after=2025-03-14T00:00:00+00:00
[2025-03-13T22:17:09.026+0000] {processor.py:179} INFO - Processing /opt/airflow/dags/ingest_historique.py took 1.289 seconds
[2025-03-13T22:17:39.389+0000] {processor.py:157} INFO - Started process (PID=1055) to work on /opt/airflow/dags/ingest_historique.py
[2025-03-13T22:17:39.401+0000] {processor.py:829} INFO - Processing file /opt/airflow/dags/ingest_historique.py for tasks to queue
[2025-03-13T22:17:39.405+0000] {logging_mixin.py:151} INFO - [2025-03-13T22:17:39.404+0000] {dagbag.py:539} INFO - Filling up the DagBag from /opt/airflow/dags/ingest_historique.py
[2025-03-13T22:17:41.217+0000] {processor.py:839} INFO - DAG(s) dict_keys(['yfinance_ingestion_historique_gold']) retrieved from /opt/airflow/dags/ingest_historique.py
[2025-03-13T22:17:41.306+0000] {logging_mixin.py:151} INFO - [2025-03-13T22:17:41.305+0000] {dag.py:2915} INFO - Sync 1 DAGs
[2025-03-13T22:17:41.433+0000] {logging_mixin.py:151} INFO - [2025-03-13T22:17:41.432+0000] {dag.py:3696} INFO - Setting next_dagrun for yfinance_ingestion_historique_gold to 2025-03-13T00:00:00+00:00, run_after=2025-03-14T00:00:00+00:00
[2025-03-13T22:17:41.504+0000] {processor.py:179} INFO - Processing /opt/airflow/dags/ingest_historique.py took 2.124 seconds
[2025-03-13T22:18:11.898+0000] {processor.py:157} INFO - Started process (PID=1067) to work on /opt/airflow/dags/ingest_historique.py
[2025-03-13T22:18:11.901+0000] {processor.py:829} INFO - Processing file /opt/airflow/dags/ingest_historique.py for tasks to queue
[2025-03-13T22:18:11.903+0000] {logging_mixin.py:151} INFO - [2025-03-13T22:18:11.902+0000] {dagbag.py:539} INFO - Filling up the DagBag from /opt/airflow/dags/ingest_historique.py
[2025-03-13T22:18:12.756+0000] {processor.py:839} INFO - DAG(s) dict_keys(['yfinance_ingestion_historique_gold']) retrieved from /opt/airflow/dags/ingest_historique.py
[2025-03-13T22:18:12.816+0000] {logging_mixin.py:151} INFO - [2025-03-13T22:18:12.815+0000] {dag.py:2915} INFO - Sync 1 DAGs
[2025-03-13T22:18:12.853+0000] {logging_mixin.py:151} INFO - [2025-03-13T22:18:12.852+0000] {dag.py:3696} INFO - Setting next_dagrun for yfinance_ingestion_historique_gold to 2025-03-13T00:00:00+00:00, run_after=2025-03-14T00:00:00+00:00
[2025-03-13T22:18:12.888+0000] {processor.py:179} INFO - Processing /opt/airflow/dags/ingest_historique.py took 0.998 seconds
[2025-03-13T22:18:43.245+0000] {processor.py:157} INFO - Started process (PID=1079) to work on /opt/airflow/dags/ingest_historique.py
[2025-03-13T22:18:43.247+0000] {processor.py:829} INFO - Processing file /opt/airflow/dags/ingest_historique.py for tasks to queue
[2025-03-13T22:18:43.249+0000] {logging_mixin.py:151} INFO - [2025-03-13T22:18:43.248+0000] {dagbag.py:539} INFO - Filling up the DagBag from /opt/airflow/dags/ingest_historique.py
[2025-03-13T22:18:44.307+0000] {processor.py:839} INFO - DAG(s) dict_keys(['yfinance_ingestion_historique_gold']) retrieved from /opt/airflow/dags/ingest_historique.py
[2025-03-13T22:18:44.373+0000] {logging_mixin.py:151} INFO - [2025-03-13T22:18:44.372+0000] {dag.py:2915} INFO - Sync 1 DAGs
[2025-03-13T22:18:44.427+0000] {logging_mixin.py:151} INFO - [2025-03-13T22:18:44.427+0000] {dag.py:3696} INFO - Setting next_dagrun for yfinance_ingestion_historique_gold to 2025-03-13T00:00:00+00:00, run_after=2025-03-14T00:00:00+00:00
[2025-03-13T22:18:44.492+0000] {processor.py:179} INFO - Processing /opt/airflow/dags/ingest_historique.py took 1.266 seconds
[2025-03-13T22:19:14.733+0000] {processor.py:157} INFO - Started process (PID=1091) to work on /opt/airflow/dags/ingest_historique.py
[2025-03-13T22:19:14.736+0000] {processor.py:829} INFO - Processing file /opt/airflow/dags/ingest_historique.py for tasks to queue
[2025-03-13T22:19:14.738+0000] {logging_mixin.py:151} INFO - [2025-03-13T22:19:14.737+0000] {dagbag.py:539} INFO - Filling up the DagBag from /opt/airflow/dags/ingest_historique.py
[2025-03-13T22:19:15.661+0000] {processor.py:839} INFO - DAG(s) dict_keys(['yfinance_ingestion_historique_gold']) retrieved from /opt/airflow/dags/ingest_historique.py
[2025-03-13T22:19:15.704+0000] {logging_mixin.py:151} INFO - [2025-03-13T22:19:15.703+0000] {dag.py:2915} INFO - Sync 1 DAGs
[2025-03-13T22:19:15.745+0000] {logging_mixin.py:151} INFO - [2025-03-13T22:19:15.744+0000] {dag.py:3696} INFO - Setting next_dagrun for yfinance_ingestion_historique_gold to 2025-03-13T00:00:00+00:00, run_after=2025-03-14T00:00:00+00:00
[2025-03-13T22:19:16.018+0000] {processor.py:179} INFO - Processing /opt/airflow/dags/ingest_historique.py took 1.291 seconds
[2025-03-13T22:19:46.137+0000] {processor.py:157} INFO - Started process (PID=1103) to work on /opt/airflow/dags/ingest_historique.py
[2025-03-13T22:19:46.139+0000] {processor.py:829} INFO - Processing file /opt/airflow/dags/ingest_historique.py for tasks to queue
[2025-03-13T22:19:46.141+0000] {logging_mixin.py:151} INFO - [2025-03-13T22:19:46.140+0000] {dagbag.py:539} INFO - Filling up the DagBag from /opt/airflow/dags/ingest_historique.py
[2025-03-13T22:19:46.884+0000] {processor.py:839} INFO - DAG(s) dict_keys(['yfinance_ingestion_historique_gold']) retrieved from /opt/airflow/dags/ingest_historique.py
[2025-03-13T22:19:46.935+0000] {logging_mixin.py:151} INFO - [2025-03-13T22:19:46.934+0000] {dag.py:2915} INFO - Sync 1 DAGs
[2025-03-13T22:19:46.978+0000] {logging_mixin.py:151} INFO - [2025-03-13T22:19:46.978+0000] {dag.py:3696} INFO - Setting next_dagrun for yfinance_ingestion_historique_gold to 2025-03-13T00:00:00+00:00, run_after=2025-03-14T00:00:00+00:00
[2025-03-13T22:19:47.005+0000] {processor.py:179} INFO - Processing /opt/airflow/dags/ingest_historique.py took 0.874 seconds
[2025-03-13T22:20:17.240+0000] {processor.py:157} INFO - Started process (PID=1115) to work on /opt/airflow/dags/ingest_historique.py
[2025-03-13T22:20:17.242+0000] {processor.py:829} INFO - Processing file /opt/airflow/dags/ingest_historique.py for tasks to queue
[2025-03-13T22:20:17.244+0000] {logging_mixin.py:151} INFO - [2025-03-13T22:20:17.244+0000] {dagbag.py:539} INFO - Filling up the DagBag from /opt/airflow/dags/ingest_historique.py
[2025-03-13T22:20:17.784+0000] {processor.py:839} INFO - DAG(s) dict_keys(['yfinance_ingestion_historique_gold']) retrieved from /opt/airflow/dags/ingest_historique.py
[2025-03-13T22:20:17.817+0000] {logging_mixin.py:151} INFO - [2025-03-13T22:20:17.816+0000] {dag.py:2915} INFO - Sync 1 DAGs
[2025-03-13T22:20:17.852+0000] {logging_mixin.py:151} INFO - [2025-03-13T22:20:17.852+0000] {dag.py:3696} INFO - Setting next_dagrun for yfinance_ingestion_historique_gold to 2025-03-13T00:00:00+00:00, run_after=2025-03-14T00:00:00+00:00
[2025-03-13T22:20:17.882+0000] {processor.py:179} INFO - Processing /opt/airflow/dags/ingest_historique.py took 0.645 seconds
[2025-03-13T22:20:48.204+0000] {processor.py:157} INFO - Started process (PID=1127) to work on /opt/airflow/dags/ingest_historique.py
[2025-03-13T22:20:48.207+0000] {processor.py:829} INFO - Processing file /opt/airflow/dags/ingest_historique.py for tasks to queue
[2025-03-13T22:20:48.209+0000] {logging_mixin.py:151} INFO - [2025-03-13T22:20:48.208+0000] {dagbag.py:539} INFO - Filling up the DagBag from /opt/airflow/dags/ingest_historique.py
[2025-03-13T22:20:49.291+0000] {processor.py:839} INFO - DAG(s) dict_keys(['yfinance_ingestion_historique_gold']) retrieved from /opt/airflow/dags/ingest_historique.py
[2025-03-13T22:20:49.369+0000] {logging_mixin.py:151} INFO - [2025-03-13T22:20:49.368+0000] {dag.py:2915} INFO - Sync 1 DAGs
[2025-03-13T22:20:49.432+0000] {logging_mixin.py:151} INFO - [2025-03-13T22:20:49.431+0000] {dag.py:3696} INFO - Setting next_dagrun for yfinance_ingestion_historique_gold to 2025-03-13T00:00:00+00:00, run_after=2025-03-14T00:00:00+00:00
[2025-03-13T22:20:49.481+0000] {processor.py:179} INFO - Processing /opt/airflow/dags/ingest_historique.py took 1.284 seconds
[2025-03-13T22:21:19.590+0000] {processor.py:157} INFO - Started process (PID=1139) to work on /opt/airflow/dags/ingest_historique.py
[2025-03-13T22:21:19.595+0000] {processor.py:829} INFO - Processing file /opt/airflow/dags/ingest_historique.py for tasks to queue
[2025-03-13T22:21:19.598+0000] {logging_mixin.py:151} INFO - [2025-03-13T22:21:19.597+0000] {dagbag.py:539} INFO - Filling up the DagBag from /opt/airflow/dags/ingest_historique.py
[2025-03-13T22:21:20.826+0000] {processor.py:839} INFO - DAG(s) dict_keys(['yfinance_ingestion_historique_gold']) retrieved from /opt/airflow/dags/ingest_historique.py
[2025-03-13T22:21:20.919+0000] {logging_mixin.py:151} INFO - [2025-03-13T22:21:20.917+0000] {dag.py:2915} INFO - Sync 1 DAGs
[2025-03-13T22:21:21.002+0000] {logging_mixin.py:151} INFO - [2025-03-13T22:21:21.001+0000] {dag.py:3696} INFO - Setting next_dagrun for yfinance_ingestion_historique_gold to 2025-03-13T00:00:00+00:00, run_after=2025-03-14T00:00:00+00:00
[2025-03-13T22:21:21.390+0000] {processor.py:179} INFO - Processing /opt/airflow/dags/ingest_historique.py took 1.812 seconds
[2025-03-13T22:21:51.488+0000] {processor.py:157} INFO - Started process (PID=1151) to work on /opt/airflow/dags/ingest_historique.py
[2025-03-13T22:21:51.500+0000] {processor.py:829} INFO - Processing file /opt/airflow/dags/ingest_historique.py for tasks to queue
[2025-03-13T22:21:51.506+0000] {logging_mixin.py:151} INFO - [2025-03-13T22:21:51.503+0000] {dagbag.py:539} INFO - Filling up the DagBag from /opt/airflow/dags/ingest_historique.py
[2025-03-13T22:21:52.246+0000] {processor.py:839} INFO - DAG(s) dict_keys(['yfinance_ingestion_historique_gold']) retrieved from /opt/airflow/dags/ingest_historique.py
[2025-03-13T22:21:52.295+0000] {logging_mixin.py:151} INFO - [2025-03-13T22:21:52.294+0000] {dag.py:2915} INFO - Sync 1 DAGs
[2025-03-13T22:21:52.328+0000] {logging_mixin.py:151} INFO - [2025-03-13T22:21:52.328+0000] {dag.py:3696} INFO - Setting next_dagrun for yfinance_ingestion_historique_gold to 2025-03-13T00:00:00+00:00, run_after=2025-03-14T00:00:00+00:00
[2025-03-13T22:21:52.364+0000] {processor.py:179} INFO - Processing /opt/airflow/dags/ingest_historique.py took 0.880 seconds
[2025-03-13T22:22:22.621+0000] {processor.py:157} INFO - Started process (PID=1163) to work on /opt/airflow/dags/ingest_historique.py
[2025-03-13T22:22:22.623+0000] {processor.py:829} INFO - Processing file /opt/airflow/dags/ingest_historique.py for tasks to queue
[2025-03-13T22:22:22.631+0000] {logging_mixin.py:151} INFO - [2025-03-13T22:22:22.627+0000] {dagbag.py:539} INFO - Filling up the DagBag from /opt/airflow/dags/ingest_historique.py
[2025-03-13T22:22:23.995+0000] {processor.py:839} INFO - DAG(s) dict_keys(['yfinance_ingestion_historique_gold']) retrieved from /opt/airflow/dags/ingest_historique.py
[2025-03-13T22:22:24.038+0000] {logging_mixin.py:151} INFO - [2025-03-13T22:22:24.037+0000] {dag.py:2915} INFO - Sync 1 DAGs
[2025-03-13T22:22:24.073+0000] {logging_mixin.py:151} INFO - [2025-03-13T22:22:24.072+0000] {dag.py:3696} INFO - Setting next_dagrun for yfinance_ingestion_historique_gold to 2025-03-13T00:00:00+00:00, run_after=2025-03-14T00:00:00+00:00
[2025-03-13T22:22:24.102+0000] {processor.py:179} INFO - Processing /opt/airflow/dags/ingest_historique.py took 1.497 seconds
[2025-03-13T22:22:54.243+0000] {processor.py:157} INFO - Started process (PID=1175) to work on /opt/airflow/dags/ingest_historique.py
[2025-03-13T22:22:54.245+0000] {processor.py:829} INFO - Processing file /opt/airflow/dags/ingest_historique.py for tasks to queue
[2025-03-13T22:22:54.246+0000] {logging_mixin.py:151} INFO - [2025-03-13T22:22:54.246+0000] {dagbag.py:539} INFO - Filling up the DagBag from /opt/airflow/dags/ingest_historique.py
[2025-03-13T22:22:54.814+0000] {processor.py:839} INFO - DAG(s) dict_keys(['yfinance_ingestion_historique_gold']) retrieved from /opt/airflow/dags/ingest_historique.py
[2025-03-13T22:22:55.009+0000] {logging_mixin.py:151} INFO - [2025-03-13T22:22:55.008+0000] {security.py:708} INFO - Not syncing DAG-level permissions for DAG 'DAG:yfinance_ingestion_historique_gold' as access control is unset.
[2025-03-13T22:22:55.010+0000] {logging_mixin.py:151} INFO - [2025-03-13T22:22:55.009+0000] {dag.py:2915} INFO - Sync 1 DAGs
[2025-03-13T22:22:55.054+0000] {logging_mixin.py:151} INFO - [2025-03-13T22:22:55.054+0000] {dag.py:3696} INFO - Setting next_dagrun for yfinance_ingestion_historique_gold to 2025-03-13T00:00:00+00:00, run_after=2025-03-14T00:00:00+00:00
[2025-03-13T22:22:55.091+0000] {processor.py:179} INFO - Processing /opt/airflow/dags/ingest_historique.py took 0.852 seconds
[2025-03-13T22:23:25.214+0000] {processor.py:157} INFO - Started process (PID=1187) to work on /opt/airflow/dags/ingest_historique.py
[2025-03-13T22:23:25.216+0000] {processor.py:829} INFO - Processing file /opt/airflow/dags/ingest_historique.py for tasks to queue
[2025-03-13T22:23:25.218+0000] {logging_mixin.py:151} INFO - [2025-03-13T22:23:25.218+0000] {dagbag.py:539} INFO - Filling up the DagBag from /opt/airflow/dags/ingest_historique.py
[2025-03-13T22:23:25.841+0000] {processor.py:839} INFO - DAG(s) dict_keys(['yfinance_ingestion_historique_gold']) retrieved from /opt/airflow/dags/ingest_historique.py
[2025-03-13T22:23:25.881+0000] {logging_mixin.py:151} INFO - [2025-03-13T22:23:25.880+0000] {dag.py:2915} INFO - Sync 1 DAGs
[2025-03-13T22:23:25.917+0000] {logging_mixin.py:151} INFO - [2025-03-13T22:23:25.916+0000] {dag.py:3696} INFO - Setting next_dagrun for yfinance_ingestion_historique_gold to 2025-03-13T00:00:00+00:00, run_after=2025-03-14T00:00:00+00:00
[2025-03-13T22:23:26.220+0000] {processor.py:179} INFO - Processing /opt/airflow/dags/ingest_historique.py took 1.012 seconds
[2025-03-13T22:23:56.344+0000] {processor.py:157} INFO - Started process (PID=1199) to work on /opt/airflow/dags/ingest_historique.py
[2025-03-13T22:23:56.346+0000] {processor.py:829} INFO - Processing file /opt/airflow/dags/ingest_historique.py for tasks to queue
[2025-03-13T22:23:56.348+0000] {logging_mixin.py:151} INFO - [2025-03-13T22:23:56.348+0000] {dagbag.py:539} INFO - Filling up the DagBag from /opt/airflow/dags/ingest_historique.py
[2025-03-13T22:23:57.218+0000] {processor.py:839} INFO - DAG(s) dict_keys(['yfinance_ingestion_historique_gold']) retrieved from /opt/airflow/dags/ingest_historique.py
[2025-03-13T22:23:57.267+0000] {logging_mixin.py:151} INFO - [2025-03-13T22:23:57.266+0000] {dag.py:2915} INFO - Sync 1 DAGs
[2025-03-13T22:23:57.319+0000] {logging_mixin.py:151} INFO - [2025-03-13T22:23:57.319+0000] {dag.py:3696} INFO - Setting next_dagrun for yfinance_ingestion_historique_gold to 2025-03-13T00:00:00+00:00, run_after=2025-03-14T00:00:00+00:00
[2025-03-13T22:23:57.356+0000] {processor.py:179} INFO - Processing /opt/airflow/dags/ingest_historique.py took 1.018 seconds
[2025-03-13T22:24:27.566+0000] {processor.py:157} INFO - Started process (PID=1211) to work on /opt/airflow/dags/ingest_historique.py
[2025-03-13T22:24:27.568+0000] {processor.py:829} INFO - Processing file /opt/airflow/dags/ingest_historique.py for tasks to queue
[2025-03-13T22:24:27.571+0000] {logging_mixin.py:151} INFO - [2025-03-13T22:24:27.570+0000] {dagbag.py:539} INFO - Filling up the DagBag from /opt/airflow/dags/ingest_historique.py
[2025-03-13T22:24:28.261+0000] {processor.py:839} INFO - DAG(s) dict_keys(['yfinance_ingestion_historique_gold']) retrieved from /opt/airflow/dags/ingest_historique.py
[2025-03-13T22:24:28.302+0000] {logging_mixin.py:151} INFO - [2025-03-13T22:24:28.301+0000] {dag.py:2915} INFO - Sync 1 DAGs
[2025-03-13T22:24:28.342+0000] {logging_mixin.py:151} INFO - [2025-03-13T22:24:28.342+0000] {dag.py:3696} INFO - Setting next_dagrun for yfinance_ingestion_historique_gold to 2025-03-13T00:00:00+00:00, run_after=2025-03-14T00:00:00+00:00
[2025-03-13T22:24:28.379+0000] {processor.py:179} INFO - Processing /opt/airflow/dags/ingest_historique.py took 0.819 seconds
[2025-03-13T22:24:58.531+0000] {processor.py:157} INFO - Started process (PID=1223) to work on /opt/airflow/dags/ingest_historique.py
[2025-03-13T22:24:58.532+0000] {processor.py:829} INFO - Processing file /opt/airflow/dags/ingest_historique.py for tasks to queue
[2025-03-13T22:24:58.534+0000] {logging_mixin.py:151} INFO - [2025-03-13T22:24:58.533+0000] {dagbag.py:539} INFO - Filling up the DagBag from /opt/airflow/dags/ingest_historique.py
[2025-03-13T22:24:59.068+0000] {processor.py:839} INFO - DAG(s) dict_keys(['yfinance_ingestion_historique_gold']) retrieved from /opt/airflow/dags/ingest_historique.py
[2025-03-13T22:24:59.109+0000] {logging_mixin.py:151} INFO - [2025-03-13T22:24:59.108+0000] {dag.py:2915} INFO - Sync 1 DAGs
[2025-03-13T22:24:59.150+0000] {logging_mixin.py:151} INFO - [2025-03-13T22:24:59.149+0000] {dag.py:3696} INFO - Setting next_dagrun for yfinance_ingestion_historique_gold to 2025-03-13T00:00:00+00:00, run_after=2025-03-14T00:00:00+00:00
[2025-03-13T22:24:59.180+0000] {processor.py:179} INFO - Processing /opt/airflow/dags/ingest_historique.py took 0.653 seconds
[2025-03-13T22:25:29.333+0000] {processor.py:157} INFO - Started process (PID=1235) to work on /opt/airflow/dags/ingest_historique.py
[2025-03-13T22:25:29.334+0000] {processor.py:829} INFO - Processing file /opt/airflow/dags/ingest_historique.py for tasks to queue
[2025-03-13T22:25:29.336+0000] {logging_mixin.py:151} INFO - [2025-03-13T22:25:29.335+0000] {dagbag.py:539} INFO - Filling up the DagBag from /opt/airflow/dags/ingest_historique.py
[2025-03-13T22:25:29.863+0000] {processor.py:839} INFO - DAG(s) dict_keys(['yfinance_ingestion_historique_gold']) retrieved from /opt/airflow/dags/ingest_historique.py
[2025-03-13T22:25:29.898+0000] {logging_mixin.py:151} INFO - [2025-03-13T22:25:29.898+0000] {dag.py:2915} INFO - Sync 1 DAGs
[2025-03-13T22:25:29.933+0000] {logging_mixin.py:151} INFO - [2025-03-13T22:25:29.933+0000] {dag.py:3696} INFO - Setting next_dagrun for yfinance_ingestion_historique_gold to 2025-03-13T00:00:00+00:00, run_after=2025-03-14T00:00:00+00:00
[2025-03-13T22:25:30.158+0000] {processor.py:179} INFO - Processing /opt/airflow/dags/ingest_historique.py took 0.828 seconds
[2025-03-13T22:26:01.118+0000] {processor.py:157} INFO - Started process (PID=1247) to work on /opt/airflow/dags/ingest_historique.py
[2025-03-13T22:26:01.120+0000] {processor.py:829} INFO - Processing file /opt/airflow/dags/ingest_historique.py for tasks to queue
[2025-03-13T22:26:01.122+0000] {logging_mixin.py:151} INFO - [2025-03-13T22:26:01.121+0000] {dagbag.py:539} INFO - Filling up the DagBag from /opt/airflow/dags/ingest_historique.py
[2025-03-13T22:26:01.679+0000] {processor.py:839} INFO - DAG(s) dict_keys(['yfinance_ingestion_historique_gold']) retrieved from /opt/airflow/dags/ingest_historique.py
[2025-03-13T22:26:01.709+0000] {logging_mixin.py:151} INFO - [2025-03-13T22:26:01.709+0000] {dag.py:2915} INFO - Sync 1 DAGs
[2025-03-13T22:26:01.868+0000] {logging_mixin.py:151} INFO - [2025-03-13T22:26:01.867+0000] {dag.py:3696} INFO - Setting next_dagrun for yfinance_ingestion_historique_gold to 2025-03-13T00:00:00+00:00, run_after=2025-03-14T00:00:00+00:00
[2025-03-13T22:26:01.895+0000] {processor.py:179} INFO - Processing /opt/airflow/dags/ingest_historique.py took 0.779 seconds
[2025-03-13T22:26:32.060+0000] {processor.py:157} INFO - Started process (PID=1259) to work on /opt/airflow/dags/ingest_historique.py
[2025-03-13T22:26:32.061+0000] {processor.py:829} INFO - Processing file /opt/airflow/dags/ingest_historique.py for tasks to queue
[2025-03-13T22:26:32.063+0000] {logging_mixin.py:151} INFO - [2025-03-13T22:26:32.062+0000] {dagbag.py:539} INFO - Filling up the DagBag from /opt/airflow/dags/ingest_historique.py
[2025-03-13T22:26:32.554+0000] {processor.py:839} INFO - DAG(s) dict_keys(['yfinance_ingestion_historique_gold']) retrieved from /opt/airflow/dags/ingest_historique.py
[2025-03-13T22:26:32.593+0000] {logging_mixin.py:151} INFO - [2025-03-13T22:26:32.592+0000] {dag.py:2915} INFO - Sync 1 DAGs
[2025-03-13T22:26:32.617+0000] {logging_mixin.py:151} INFO - [2025-03-13T22:26:32.617+0000] {dag.py:3696} INFO - Setting next_dagrun for yfinance_ingestion_historique_gold to 2025-03-13T00:00:00+00:00, run_after=2025-03-14T00:00:00+00:00
[2025-03-13T22:26:32.645+0000] {processor.py:179} INFO - Processing /opt/airflow/dags/ingest_historique.py took 0.588 seconds
[2025-03-13T22:27:02.777+0000] {processor.py:157} INFO - Started process (PID=1271) to work on /opt/airflow/dags/ingest_historique.py
[2025-03-13T22:27:02.778+0000] {processor.py:829} INFO - Processing file /opt/airflow/dags/ingest_historique.py for tasks to queue
[2025-03-13T22:27:02.780+0000] {logging_mixin.py:151} INFO - [2025-03-13T22:27:02.779+0000] {dagbag.py:539} INFO - Filling up the DagBag from /opt/airflow/dags/ingest_historique.py
[2025-03-13T22:27:03.284+0000] {processor.py:839} INFO - DAG(s) dict_keys(['yfinance_ingestion_historique_gold']) retrieved from /opt/airflow/dags/ingest_historique.py
[2025-03-13T22:27:03.322+0000] {logging_mixin.py:151} INFO - [2025-03-13T22:27:03.321+0000] {dag.py:2915} INFO - Sync 1 DAGs
[2025-03-13T22:27:03.354+0000] {logging_mixin.py:151} INFO - [2025-03-13T22:27:03.354+0000] {dag.py:3696} INFO - Setting next_dagrun for yfinance_ingestion_historique_gold to 2025-03-13T00:00:00+00:00, run_after=2025-03-14T00:00:00+00:00
[2025-03-13T22:27:03.382+0000] {processor.py:179} INFO - Processing /opt/airflow/dags/ingest_historique.py took 0.609 seconds
[2025-03-13T22:27:33.607+0000] {processor.py:157} INFO - Started process (PID=1283) to work on /opt/airflow/dags/ingest_historique.py
[2025-03-13T22:27:33.609+0000] {processor.py:829} INFO - Processing file /opt/airflow/dags/ingest_historique.py for tasks to queue
[2025-03-13T22:27:33.610+0000] {logging_mixin.py:151} INFO - [2025-03-13T22:27:33.609+0000] {dagbag.py:539} INFO - Filling up the DagBag from /opt/airflow/dags/ingest_historique.py
[2025-03-13T22:27:34.098+0000] {processor.py:839} INFO - DAG(s) dict_keys(['yfinance_ingestion_historique_gold']) retrieved from /opt/airflow/dags/ingest_historique.py
[2025-03-13T22:27:34.135+0000] {logging_mixin.py:151} INFO - [2025-03-13T22:27:34.134+0000] {dag.py:2915} INFO - Sync 1 DAGs
[2025-03-13T22:27:34.172+0000] {logging_mixin.py:151} INFO - [2025-03-13T22:27:34.171+0000] {dag.py:3696} INFO - Setting next_dagrun for yfinance_ingestion_historique_gold to 2025-03-13T00:00:00+00:00, run_after=2025-03-14T00:00:00+00:00
[2025-03-13T22:27:34.369+0000] {processor.py:179} INFO - Processing /opt/airflow/dags/ingest_historique.py took 0.765 seconds
[2025-03-13T22:28:04.518+0000] {processor.py:157} INFO - Started process (PID=1295) to work on /opt/airflow/dags/ingest_historique.py
[2025-03-13T22:28:04.520+0000] {processor.py:829} INFO - Processing file /opt/airflow/dags/ingest_historique.py for tasks to queue
[2025-03-13T22:28:04.521+0000] {logging_mixin.py:151} INFO - [2025-03-13T22:28:04.521+0000] {dagbag.py:539} INFO - Filling up the DagBag from /opt/airflow/dags/ingest_historique.py
[2025-03-13T22:28:05.094+0000] {processor.py:839} INFO - DAG(s) dict_keys(['yfinance_ingestion_historique_gold']) retrieved from /opt/airflow/dags/ingest_historique.py
[2025-03-13T22:28:05.126+0000] {logging_mixin.py:151} INFO - [2025-03-13T22:28:05.125+0000] {dag.py:2915} INFO - Sync 1 DAGs
[2025-03-13T22:28:05.309+0000] {logging_mixin.py:151} INFO - [2025-03-13T22:28:05.309+0000] {dag.py:3696} INFO - Setting next_dagrun for yfinance_ingestion_historique_gold to 2025-03-13T00:00:00+00:00, run_after=2025-03-14T00:00:00+00:00
[2025-03-13T22:28:05.333+0000] {processor.py:179} INFO - Processing /opt/airflow/dags/ingest_historique.py took 0.819 seconds
[2025-03-13T22:28:35.453+0000] {processor.py:157} INFO - Started process (PID=1307) to work on /opt/airflow/dags/ingest_historique.py
[2025-03-13T22:28:35.455+0000] {processor.py:829} INFO - Processing file /opt/airflow/dags/ingest_historique.py for tasks to queue
[2025-03-13T22:28:35.456+0000] {logging_mixin.py:151} INFO - [2025-03-13T22:28:35.456+0000] {dagbag.py:539} INFO - Filling up the DagBag from /opt/airflow/dags/ingest_historique.py
[2025-03-13T22:28:35.950+0000] {processor.py:839} INFO - DAG(s) dict_keys(['yfinance_ingestion_historique_gold']) retrieved from /opt/airflow/dags/ingest_historique.py
[2025-03-13T22:28:35.981+0000] {logging_mixin.py:151} INFO - [2025-03-13T22:28:35.980+0000] {dag.py:2915} INFO - Sync 1 DAGs
[2025-03-13T22:28:36.006+0000] {logging_mixin.py:151} INFO - [2025-03-13T22:28:36.006+0000] {dag.py:3696} INFO - Setting next_dagrun for yfinance_ingestion_historique_gold to 2025-03-13T00:00:00+00:00, run_after=2025-03-14T00:00:00+00:00
[2025-03-13T22:28:36.034+0000] {processor.py:179} INFO - Processing /opt/airflow/dags/ingest_historique.py took 0.583 seconds
[2025-03-13T22:29:06.207+0000] {processor.py:157} INFO - Started process (PID=1319) to work on /opt/airflow/dags/ingest_historique.py
[2025-03-13T22:29:06.209+0000] {processor.py:829} INFO - Processing file /opt/airflow/dags/ingest_historique.py for tasks to queue
[2025-03-13T22:29:06.211+0000] {logging_mixin.py:151} INFO - [2025-03-13T22:29:06.210+0000] {dagbag.py:539} INFO - Filling up the DagBag from /opt/airflow/dags/ingest_historique.py
[2025-03-13T22:29:06.906+0000] {processor.py:839} INFO - DAG(s) dict_keys(['yfinance_ingestion_historique_gold']) retrieved from /opt/airflow/dags/ingest_historique.py
[2025-03-13T22:29:06.947+0000] {logging_mixin.py:151} INFO - [2025-03-13T22:29:06.946+0000] {dag.py:2915} INFO - Sync 1 DAGs
[2025-03-13T22:29:06.975+0000] {logging_mixin.py:151} INFO - [2025-03-13T22:29:06.974+0000] {dag.py:3696} INFO - Setting next_dagrun for yfinance_ingestion_historique_gold to 2025-03-13T00:00:00+00:00, run_after=2025-03-14T00:00:00+00:00
[2025-03-13T22:29:07.012+0000] {processor.py:179} INFO - Processing /opt/airflow/dags/ingest_historique.py took 0.810 seconds
[2025-03-13T22:29:37.204+0000] {processor.py:157} INFO - Started process (PID=1331) to work on /opt/airflow/dags/ingest_historique.py
[2025-03-13T22:29:37.205+0000] {processor.py:829} INFO - Processing file /opt/airflow/dags/ingest_historique.py for tasks to queue
[2025-03-13T22:29:37.207+0000] {logging_mixin.py:151} INFO - [2025-03-13T22:29:37.207+0000] {dagbag.py:539} INFO - Filling up the DagBag from /opt/airflow/dags/ingest_historique.py
[2025-03-13T22:29:37.982+0000] {processor.py:839} INFO - DAG(s) dict_keys(['yfinance_ingestion_historique_gold']) retrieved from /opt/airflow/dags/ingest_historique.py
[2025-03-13T22:29:38.020+0000] {logging_mixin.py:151} INFO - [2025-03-13T22:29:38.019+0000] {dag.py:2915} INFO - Sync 1 DAGs
[2025-03-13T22:29:38.053+0000] {logging_mixin.py:151} INFO - [2025-03-13T22:29:38.052+0000] {dag.py:3696} INFO - Setting next_dagrun for yfinance_ingestion_historique_gold to 2025-03-13T00:00:00+00:00, run_after=2025-03-14T00:00:00+00:00
[2025-03-13T22:29:38.269+0000] {processor.py:179} INFO - Processing /opt/airflow/dags/ingest_historique.py took 1.071 seconds
[2025-03-13T22:30:08.458+0000] {processor.py:157} INFO - Started process (PID=1343) to work on /opt/airflow/dags/ingest_historique.py
[2025-03-13T22:30:08.459+0000] {processor.py:829} INFO - Processing file /opt/airflow/dags/ingest_historique.py for tasks to queue
[2025-03-13T22:30:08.461+0000] {logging_mixin.py:151} INFO - [2025-03-13T22:30:08.460+0000] {dagbag.py:539} INFO - Filling up the DagBag from /opt/airflow/dags/ingest_historique.py
[2025-03-13T22:30:09.255+0000] {processor.py:839} INFO - DAG(s) dict_keys(['yfinance_ingestion_historique_gold']) retrieved from /opt/airflow/dags/ingest_historique.py
[2025-03-13T22:30:09.290+0000] {logging_mixin.py:151} INFO - [2025-03-13T22:30:09.289+0000] {dag.py:2915} INFO - Sync 1 DAGs
[2025-03-13T22:30:09.510+0000] {logging_mixin.py:151} INFO - [2025-03-13T22:30:09.509+0000] {dag.py:3696} INFO - Setting next_dagrun for yfinance_ingestion_historique_gold to 2025-03-13T00:00:00+00:00, run_after=2025-03-14T00:00:00+00:00
[2025-03-13T22:30:09.542+0000] {processor.py:179} INFO - Processing /opt/airflow/dags/ingest_historique.py took 1.088 seconds
[2025-03-13T22:30:39.764+0000] {processor.py:157} INFO - Started process (PID=1355) to work on /opt/airflow/dags/ingest_historique.py
[2025-03-13T22:30:39.766+0000] {processor.py:829} INFO - Processing file /opt/airflow/dags/ingest_historique.py for tasks to queue
[2025-03-13T22:30:39.770+0000] {logging_mixin.py:151} INFO - [2025-03-13T22:30:39.768+0000] {dagbag.py:539} INFO - Filling up the DagBag from /opt/airflow/dags/ingest_historique.py
[2025-03-13T22:30:41.066+0000] {processor.py:839} INFO - DAG(s) dict_keys(['yfinance_ingestion_historique_gold']) retrieved from /opt/airflow/dags/ingest_historique.py
[2025-03-13T22:30:41.172+0000] {logging_mixin.py:151} INFO - [2025-03-13T22:30:41.169+0000] {dag.py:2915} INFO - Sync 1 DAGs
[2025-03-13T22:30:41.258+0000] {logging_mixin.py:151} INFO - [2025-03-13T22:30:41.258+0000] {dag.py:3696} INFO - Setting next_dagrun for yfinance_ingestion_historique_gold to 2025-03-13T00:00:00+00:00, run_after=2025-03-14T00:00:00+00:00
[2025-03-13T22:30:41.318+0000] {processor.py:179} INFO - Processing /opt/airflow/dags/ingest_historique.py took 1.562 seconds
[2025-03-13T22:31:11.428+0000] {processor.py:157} INFO - Started process (PID=1367) to work on /opt/airflow/dags/ingest_historique.py
[2025-03-13T22:31:11.431+0000] {processor.py:829} INFO - Processing file /opt/airflow/dags/ingest_historique.py for tasks to queue
[2025-03-13T22:31:11.436+0000] {logging_mixin.py:151} INFO - [2025-03-13T22:31:11.434+0000] {dagbag.py:539} INFO - Filling up the DagBag from /opt/airflow/dags/ingest_historique.py
[2025-03-13T22:31:12.239+0000] {processor.py:839} INFO - DAG(s) dict_keys(['yfinance_ingestion_historique_gold']) retrieved from /opt/airflow/dags/ingest_historique.py
[2025-03-13T22:31:12.282+0000] {logging_mixin.py:151} INFO - [2025-03-13T22:31:12.281+0000] {dag.py:2915} INFO - Sync 1 DAGs
[2025-03-13T22:31:12.351+0000] {logging_mixin.py:151} INFO - [2025-03-13T22:31:12.350+0000] {dag.py:3696} INFO - Setting next_dagrun for yfinance_ingestion_historique_gold to 2025-03-13T00:00:00+00:00, run_after=2025-03-14T00:00:00+00:00
[2025-03-13T22:31:12.392+0000] {processor.py:179} INFO - Processing /opt/airflow/dags/ingest_historique.py took 0.974 seconds
[2025-03-13T22:31:42.533+0000] {processor.py:157} INFO - Started process (PID=1379) to work on /opt/airflow/dags/ingest_historique.py
[2025-03-13T22:31:42.536+0000] {processor.py:829} INFO - Processing file /opt/airflow/dags/ingest_historique.py for tasks to queue
[2025-03-13T22:31:42.538+0000] {logging_mixin.py:151} INFO - [2025-03-13T22:31:42.537+0000] {dagbag.py:539} INFO - Filling up the DagBag from /opt/airflow/dags/ingest_historique.py
[2025-03-13T22:31:43.465+0000] {processor.py:839} INFO - DAG(s) dict_keys(['yfinance_ingestion_historique_gold']) retrieved from /opt/airflow/dags/ingest_historique.py
[2025-03-13T22:31:43.542+0000] {logging_mixin.py:151} INFO - [2025-03-13T22:31:43.541+0000] {dag.py:2915} INFO - Sync 1 DAGs
[2025-03-13T22:31:43.597+0000] {logging_mixin.py:151} INFO - [2025-03-13T22:31:43.596+0000] {dag.py:3696} INFO - Setting next_dagrun for yfinance_ingestion_historique_gold to 2025-03-13T00:00:00+00:00, run_after=2025-03-14T00:00:00+00:00
[2025-03-13T22:31:43.918+0000] {processor.py:179} INFO - Processing /opt/airflow/dags/ingest_historique.py took 1.391 seconds
[2025-03-13T22:32:14.814+0000] {processor.py:157} INFO - Started process (PID=1391) to work on /opt/airflow/dags/ingest_historique.py
[2025-03-13T22:32:14.816+0000] {processor.py:829} INFO - Processing file /opt/airflow/dags/ingest_historique.py for tasks to queue
[2025-03-13T22:32:14.819+0000] {logging_mixin.py:151} INFO - [2025-03-13T22:32:14.818+0000] {dagbag.py:539} INFO - Filling up the DagBag from /opt/airflow/dags/ingest_historique.py
[2025-03-13T22:32:58.546+0000] {processor.py:157} INFO - Started process (PID=167) to work on /opt/airflow/dags/ingest_historique.py
[2025-03-13T22:32:58.548+0000] {processor.py:829} INFO - Processing file /opt/airflow/dags/ingest_historique.py for tasks to queue
[2025-03-13T22:32:58.550+0000] {logging_mixin.py:151} INFO - [2025-03-13T22:32:58.549+0000] {dagbag.py:539} INFO - Filling up the DagBag from /opt/airflow/dags/ingest_historique.py
[2025-03-13T22:33:01.211+0000] {processor.py:839} INFO - DAG(s) dict_keys(['yfinance_ingestion_historique_gold']) retrieved from /opt/airflow/dags/ingest_historique.py
[2025-03-13T22:33:01.765+0000] {logging_mixin.py:151} INFO - [2025-03-13T22:33:01.764+0000] {security.py:708} INFO - Not syncing DAG-level permissions for DAG 'DAG:yfinance_ingestion_historique_gold' as access control is unset.
[2025-03-13T22:33:01.766+0000] {logging_mixin.py:151} INFO - [2025-03-13T22:33:01.765+0000] {dag.py:2915} INFO - Sync 1 DAGs
[2025-03-13T22:33:01.819+0000] {logging_mixin.py:151} INFO - [2025-03-13T22:33:01.818+0000] {dag.py:3696} INFO - Setting next_dagrun for yfinance_ingestion_historique_gold to 2025-03-13T00:00:00+00:00, run_after=2025-03-14T00:00:00+00:00
[2025-03-13T22:33:01.886+0000] {processor.py:179} INFO - Processing /opt/airflow/dags/ingest_historique.py took 3.346 seconds
[2025-03-13T22:33:32.007+0000] {processor.py:157} INFO - Started process (PID=179) to work on /opt/airflow/dags/ingest_historique.py
[2025-03-13T22:33:32.009+0000] {processor.py:829} INFO - Processing file /opt/airflow/dags/ingest_historique.py for tasks to queue
[2025-03-13T22:33:32.010+0000] {logging_mixin.py:151} INFO - [2025-03-13T22:33:32.010+0000] {dagbag.py:539} INFO - Filling up the DagBag from /opt/airflow/dags/ingest_historique.py
[2025-03-13T22:33:32.982+0000] {processor.py:839} INFO - DAG(s) dict_keys(['yfinance_ingestion_historique_gold']) retrieved from /opt/airflow/dags/ingest_historique.py
[2025-03-13T22:33:33.045+0000] {logging_mixin.py:151} INFO - [2025-03-13T22:33:33.044+0000] {dag.py:2915} INFO - Sync 1 DAGs
[2025-03-13T22:33:33.105+0000] {logging_mixin.py:151} INFO - [2025-03-13T22:33:33.104+0000] {dag.py:3696} INFO - Setting next_dagrun for yfinance_ingestion_historique_gold to 2025-03-13T00:00:00+00:00, run_after=2025-03-14T00:00:00+00:00
[2025-03-13T22:33:33.144+0000] {processor.py:179} INFO - Processing /opt/airflow/dags/ingest_historique.py took 1.141 seconds
[2025-03-13T22:34:03.263+0000] {processor.py:157} INFO - Started process (PID=191) to work on /opt/airflow/dags/ingest_historique.py
[2025-03-13T22:34:03.265+0000] {processor.py:829} INFO - Processing file /opt/airflow/dags/ingest_historique.py for tasks to queue
[2025-03-13T22:34:03.267+0000] {logging_mixin.py:151} INFO - [2025-03-13T22:34:03.266+0000] {dagbag.py:539} INFO - Filling up the DagBag from /opt/airflow/dags/ingest_historique.py
[2025-03-13T22:34:04.060+0000] {processor.py:839} INFO - DAG(s) dict_keys(['yfinance_ingestion_historique_gold']) retrieved from /opt/airflow/dags/ingest_historique.py
[2025-03-13T22:34:04.102+0000] {logging_mixin.py:151} INFO - [2025-03-13T22:34:04.101+0000] {dag.py:2915} INFO - Sync 1 DAGs
[2025-03-13T22:34:04.138+0000] {logging_mixin.py:151} INFO - [2025-03-13T22:34:04.137+0000] {dag.py:3696} INFO - Setting next_dagrun for yfinance_ingestion_historique_gold to 2025-03-13T00:00:00+00:00, run_after=2025-03-14T00:00:00+00:00
[2025-03-13T22:34:04.169+0000] {processor.py:179} INFO - Processing /opt/airflow/dags/ingest_historique.py took 0.910 seconds
[2025-03-13T22:34:34.297+0000] {processor.py:157} INFO - Started process (PID=203) to work on /opt/airflow/dags/ingest_historique.py
[2025-03-13T22:34:34.299+0000] {processor.py:829} INFO - Processing file /opt/airflow/dags/ingest_historique.py for tasks to queue
[2025-03-13T22:34:34.301+0000] {logging_mixin.py:151} INFO - [2025-03-13T22:34:34.300+0000] {dagbag.py:539} INFO - Filling up the DagBag from /opt/airflow/dags/ingest_historique.py
[2025-03-13T22:34:35.050+0000] {processor.py:839} INFO - DAG(s) dict_keys(['yfinance_ingestion_historique_gold']) retrieved from /opt/airflow/dags/ingest_historique.py
[2025-03-13T22:34:35.080+0000] {logging_mixin.py:151} INFO - [2025-03-13T22:34:35.079+0000] {dag.py:2915} INFO - Sync 1 DAGs
[2025-03-13T22:34:35.105+0000] {logging_mixin.py:151} INFO - [2025-03-13T22:34:35.104+0000] {dag.py:3696} INFO - Setting next_dagrun for yfinance_ingestion_historique_gold to 2025-03-13T00:00:00+00:00, run_after=2025-03-14T00:00:00+00:00
[2025-03-13T22:34:35.129+0000] {processor.py:179} INFO - Processing /opt/airflow/dags/ingest_historique.py took 0.838 seconds
[2025-03-13T22:35:05.282+0000] {processor.py:157} INFO - Started process (PID=215) to work on /opt/airflow/dags/ingest_historique.py
[2025-03-13T22:35:05.284+0000] {processor.py:829} INFO - Processing file /opt/airflow/dags/ingest_historique.py for tasks to queue
[2025-03-13T22:35:05.286+0000] {logging_mixin.py:151} INFO - [2025-03-13T22:35:05.286+0000] {dagbag.py:539} INFO - Filling up the DagBag from /opt/airflow/dags/ingest_historique.py
[2025-03-13T22:35:05.031+0000] {processor.py:839} INFO - DAG(s) dict_keys(['yfinance_ingestion_historique_gold']) retrieved from /opt/airflow/dags/ingest_historique.py
[2025-03-13T22:35:05.075+0000] {logging_mixin.py:151} INFO - [2025-03-13T22:35:05.074+0000] {dag.py:2915} INFO - Sync 1 DAGs
[2025-03-13T22:35:05.109+0000] {logging_mixin.py:151} INFO - [2025-03-13T22:35:05.108+0000] {dag.py:3696} INFO - Setting next_dagrun for yfinance_ingestion_historique_gold to 2025-03-13T00:00:00+00:00, run_after=2025-03-14T00:00:00+00:00
[2025-03-13T22:35:05.143+0000] {processor.py:179} INFO - Processing /opt/airflow/dags/ingest_historique.py took 1.093 seconds
[2025-03-13T22:35:35.341+0000] {processor.py:157} INFO - Started process (PID=227) to work on /opt/airflow/dags/ingest_historique.py
[2025-03-13T22:35:35.342+0000] {processor.py:829} INFO - Processing file /opt/airflow/dags/ingest_historique.py for tasks to queue
[2025-03-13T22:35:35.344+0000] {logging_mixin.py:151} INFO - [2025-03-13T22:35:35.343+0000] {dagbag.py:539} INFO - Filling up the DagBag from /opt/airflow/dags/ingest_historique.py
[2025-03-13T22:35:35.937+0000] {processor.py:839} INFO - DAG(s) dict_keys(['yfinance_ingestion_historique_gold']) retrieved from /opt/airflow/dags/ingest_historique.py
[2025-03-13T22:35:35.966+0000] {logging_mixin.py:151} INFO - [2025-03-13T22:35:35.965+0000] {dag.py:2915} INFO - Sync 1 DAGs
[2025-03-13T22:35:35.993+0000] {logging_mixin.py:151} INFO - [2025-03-13T22:35:35.993+0000] {dag.py:3696} INFO - Setting next_dagrun for yfinance_ingestion_historique_gold to 2025-03-13T00:00:00+00:00, run_after=2025-03-14T00:00:00+00:00
[2025-03-13T22:35:36.023+0000] {processor.py:179} INFO - Processing /opt/airflow/dags/ingest_historique.py took 0.686 seconds
[2025-03-13T22:36:06.174+0000] {processor.py:157} INFO - Started process (PID=239) to work on /opt/airflow/dags/ingest_historique.py
[2025-03-13T22:36:06.176+0000] {processor.py:829} INFO - Processing file /opt/airflow/dags/ingest_historique.py for tasks to queue
[2025-03-13T22:36:06.179+0000] {logging_mixin.py:151} INFO - [2025-03-13T22:36:06.178+0000] {dagbag.py:539} INFO - Filling up the DagBag from /opt/airflow/dags/ingest_historique.py
[2025-03-13T22:36:06.732+0000] {processor.py:839} INFO - DAG(s) dict_keys(['yfinance_ingestion_historique_gold']) retrieved from /opt/airflow/dags/ingest_historique.py
[2025-03-13T22:36:06.762+0000] {logging_mixin.py:151} INFO - [2025-03-13T22:36:06.762+0000] {dag.py:2915} INFO - Sync 1 DAGs
[2025-03-13T22:36:06.790+0000] {logging_mixin.py:151} INFO - [2025-03-13T22:36:06.790+0000] {dag.py:3696} INFO - Setting next_dagrun for yfinance_ingestion_historique_gold to 2025-03-13T00:00:00+00:00, run_after=2025-03-14T00:00:00+00:00
[2025-03-13T22:36:06.816+0000] {processor.py:179} INFO - Processing /opt/airflow/dags/ingest_historique.py took 0.647 seconds
[2025-03-13T22:36:36.894+0000] {processor.py:157} INFO - Started process (PID=251) to work on /opt/airflow/dags/ingest_historique.py
[2025-03-13T22:36:36.896+0000] {processor.py:829} INFO - Processing file /opt/airflow/dags/ingest_historique.py for tasks to queue
[2025-03-13T22:36:36.898+0000] {logging_mixin.py:151} INFO - [2025-03-13T22:36:36.897+0000] {dagbag.py:539} INFO - Filling up the DagBag from /opt/airflow/dags/ingest_historique.py
[2025-03-13T22:36:37.493+0000] {processor.py:839} INFO - DAG(s) dict_keys(['yfinance_ingestion_historique_gold']) retrieved from /opt/airflow/dags/ingest_historique.py
[2025-03-13T22:36:37.532+0000] {logging_mixin.py:151} INFO - [2025-03-13T22:36:37.532+0000] {dag.py:2915} INFO - Sync 1 DAGs
[2025-03-13T22:36:37.566+0000] {logging_mixin.py:151} INFO - [2025-03-13T22:36:37.566+0000] {dag.py:3696} INFO - Setting next_dagrun for yfinance_ingestion_historique_gold to 2025-03-13T00:00:00+00:00, run_after=2025-03-14T00:00:00+00:00
[2025-03-13T22:36:37.598+0000] {processor.py:179} INFO - Processing /opt/airflow/dags/ingest_historique.py took 0.709 seconds
[2025-03-13T22:37:07.744+0000] {processor.py:157} INFO - Started process (PID=263) to work on /opt/airflow/dags/ingest_historique.py
[2025-03-13T22:37:07.746+0000] {processor.py:829} INFO - Processing file /opt/airflow/dags/ingest_historique.py for tasks to queue
[2025-03-13T22:37:07.748+0000] {logging_mixin.py:151} INFO - [2025-03-13T22:37:07.747+0000] {dagbag.py:539} INFO - Filling up the DagBag from /opt/airflow/dags/ingest_historique.py
[2025-03-13T22:37:08.264+0000] {processor.py:839} INFO - DAG(s) dict_keys(['yfinance_ingestion_historique_gold']) retrieved from /opt/airflow/dags/ingest_historique.py
[2025-03-13T22:37:08.298+0000] {logging_mixin.py:151} INFO - [2025-03-13T22:37:08.297+0000] {dag.py:2915} INFO - Sync 1 DAGs
[2025-03-13T22:37:08.327+0000] {logging_mixin.py:151} INFO - [2025-03-13T22:37:08.326+0000] {dag.py:3696} INFO - Setting next_dagrun for yfinance_ingestion_historique_gold to 2025-03-13T00:00:00+00:00, run_after=2025-03-14T00:00:00+00:00
[2025-03-13T22:37:08.358+0000] {processor.py:179} INFO - Processing /opt/airflow/dags/ingest_historique.py took 0.620 seconds
[2025-03-13T22:37:38.477+0000] {processor.py:157} INFO - Started process (PID=275) to work on /opt/airflow/dags/ingest_historique.py
[2025-03-13T22:37:38.479+0000] {processor.py:829} INFO - Processing file /opt/airflow/dags/ingest_historique.py for tasks to queue
[2025-03-13T22:37:38.480+0000] {logging_mixin.py:151} INFO - [2025-03-13T22:37:38.480+0000] {dagbag.py:539} INFO - Filling up the DagBag from /opt/airflow/dags/ingest_historique.py
[2025-03-13T22:37:39.101+0000] {processor.py:839} INFO - DAG(s) dict_keys(['yfinance_ingestion_historique_gold']) retrieved from /opt/airflow/dags/ingest_historique.py
[2025-03-13T22:37:39.140+0000] {logging_mixin.py:151} INFO - [2025-03-13T22:37:39.139+0000] {dag.py:2915} INFO - Sync 1 DAGs
[2025-03-13T22:37:39.169+0000] {logging_mixin.py:151} INFO - [2025-03-13T22:37:39.169+0000] {dag.py:3696} INFO - Setting next_dagrun for yfinance_ingestion_historique_gold to 2025-03-13T00:00:00+00:00, run_after=2025-03-14T00:00:00+00:00
[2025-03-13T22:37:39.202+0000] {processor.py:179} INFO - Processing /opt/airflow/dags/ingest_historique.py took 0.728 seconds
[2025-03-13T22:38:09.380+0000] {processor.py:157} INFO - Started process (PID=287) to work on /opt/airflow/dags/ingest_historique.py
[2025-03-13T22:38:09.381+0000] {processor.py:829} INFO - Processing file /opt/airflow/dags/ingest_historique.py for tasks to queue
[2025-03-13T22:38:09.383+0000] {logging_mixin.py:151} INFO - [2025-03-13T22:38:09.382+0000] {dagbag.py:539} INFO - Filling up the DagBag from /opt/airflow/dags/ingest_historique.py
[2025-03-13T22:38:10.020+0000] {processor.py:839} INFO - DAG(s) dict_keys(['yfinance_ingestion_historique_gold']) retrieved from /opt/airflow/dags/ingest_historique.py
[2025-03-13T22:38:10.057+0000] {logging_mixin.py:151} INFO - [2025-03-13T22:38:10.057+0000] {dag.py:2915} INFO - Sync 1 DAGs
[2025-03-13T22:38:10.084+0000] {logging_mixin.py:151} INFO - [2025-03-13T22:38:10.084+0000] {dag.py:3696} INFO - Setting next_dagrun for yfinance_ingestion_historique_gold to 2025-03-13T00:00:00+00:00, run_after=2025-03-14T00:00:00+00:00
[2025-03-13T22:38:10.109+0000] {processor.py:179} INFO - Processing /opt/airflow/dags/ingest_historique.py took 0.732 seconds
[2025-03-13T22:38:40.205+0000] {processor.py:157} INFO - Started process (PID=299) to work on /opt/airflow/dags/ingest_historique.py
[2025-03-13T22:38:40.207+0000] {processor.py:829} INFO - Processing file /opt/airflow/dags/ingest_historique.py for tasks to queue
[2025-03-13T22:38:40.208+0000] {logging_mixin.py:151} INFO - [2025-03-13T22:38:40.208+0000] {dagbag.py:539} INFO - Filling up the DagBag from /opt/airflow/dags/ingest_historique.py
[2025-03-13T22:38:40.733+0000] {processor.py:839} INFO - DAG(s) dict_keys(['yfinance_ingestion_historique_gold']) retrieved from /opt/airflow/dags/ingest_historique.py
[2025-03-13T22:38:40.769+0000] {logging_mixin.py:151} INFO - [2025-03-13T22:38:40.768+0000] {dag.py:2915} INFO - Sync 1 DAGs
[2025-03-13T22:38:40.795+0000] {logging_mixin.py:151} INFO - [2025-03-13T22:38:40.795+0000] {dag.py:3696} INFO - Setting next_dagrun for yfinance_ingestion_historique_gold to 2025-03-13T00:00:00+00:00, run_after=2025-03-14T00:00:00+00:00
[2025-03-13T22:38:40.824+0000] {processor.py:179} INFO - Processing /opt/airflow/dags/ingest_historique.py took 0.622 seconds
[2025-03-13T22:39:10.935+0000] {processor.py:157} INFO - Started process (PID=311) to work on /opt/airflow/dags/ingest_historique.py
[2025-03-13T22:39:10.936+0000] {processor.py:829} INFO - Processing file /opt/airflow/dags/ingest_historique.py for tasks to queue
[2025-03-13T22:39:10.938+0000] {logging_mixin.py:151} INFO - [2025-03-13T22:39:10.937+0000] {dagbag.py:539} INFO - Filling up the DagBag from /opt/airflow/dags/ingest_historique.py
[2025-03-13T22:39:11.833+0000] {processor.py:839} INFO - DAG(s) dict_keys(['yfinance_ingestion_historique_gold']) retrieved from /opt/airflow/dags/ingest_historique.py
[2025-03-13T22:39:11.870+0000] {logging_mixin.py:151} INFO - [2025-03-13T22:39:11.870+0000] {dag.py:2915} INFO - Sync 1 DAGs
[2025-03-13T22:39:11.899+0000] {logging_mixin.py:151} INFO - [2025-03-13T22:39:11.898+0000] {dag.py:3696} INFO - Setting next_dagrun for yfinance_ingestion_historique_gold to 2025-03-13T00:00:00+00:00, run_after=2025-03-14T00:00:00+00:00
[2025-03-13T22:39:11.927+0000] {processor.py:179} INFO - Processing /opt/airflow/dags/ingest_historique.py took 0.997 seconds
[2025-03-13T22:39:42.038+0000] {processor.py:157} INFO - Started process (PID=323) to work on /opt/airflow/dags/ingest_historique.py
[2025-03-13T22:39:42.039+0000] {processor.py:829} INFO - Processing file /opt/airflow/dags/ingest_historique.py for tasks to queue
[2025-03-13T22:39:42.041+0000] {logging_mixin.py:151} INFO - [2025-03-13T22:39:42.040+0000] {dagbag.py:539} INFO - Filling up the DagBag from /opt/airflow/dags/ingest_historique.py
[2025-03-13T22:39:42.666+0000] {processor.py:839} INFO - DAG(s) dict_keys(['yfinance_ingestion_historique_gold']) retrieved from /opt/airflow/dags/ingest_historique.py
[2025-03-13T22:39:42.717+0000] {logging_mixin.py:151} INFO - [2025-03-13T22:39:42.716+0000] {dag.py:2915} INFO - Sync 1 DAGs
[2025-03-13T22:39:42.757+0000] {logging_mixin.py:151} INFO - [2025-03-13T22:39:42.756+0000] {dag.py:3696} INFO - Setting next_dagrun for yfinance_ingestion_historique_gold to 2025-03-13T00:00:00+00:00, run_after=2025-03-14T00:00:00+00:00
[2025-03-13T22:39:42.788+0000] {processor.py:179} INFO - Processing /opt/airflow/dags/ingest_historique.py took 0.755 seconds
[2025-03-13T22:40:12.901+0000] {processor.py:157} INFO - Started process (PID=335) to work on /opt/airflow/dags/ingest_historique.py
[2025-03-13T22:40:12.903+0000] {processor.py:829} INFO - Processing file /opt/airflow/dags/ingest_historique.py for tasks to queue
[2025-03-13T22:40:12.904+0000] {logging_mixin.py:151} INFO - [2025-03-13T22:40:12.904+0000] {dagbag.py:539} INFO - Filling up the DagBag from /opt/airflow/dags/ingest_historique.py
[2025-03-13T22:40:13.441+0000] {processor.py:839} INFO - DAG(s) dict_keys(['yfinance_ingestion_historique_gold']) retrieved from /opt/airflow/dags/ingest_historique.py
[2025-03-13T22:40:13.471+0000] {logging_mixin.py:151} INFO - [2025-03-13T22:40:13.471+0000] {dag.py:2915} INFO - Sync 1 DAGs
[2025-03-13T22:40:13.519+0000] {logging_mixin.py:151} INFO - [2025-03-13T22:40:13.518+0000] {dag.py:3696} INFO - Setting next_dagrun for yfinance_ingestion_historique_gold to 2025-03-13T00:00:00+00:00, run_after=2025-03-14T00:00:00+00:00
[2025-03-13T22:40:13.549+0000] {processor.py:179} INFO - Processing /opt/airflow/dags/ingest_historique.py took 0.653 seconds
[2025-03-13T22:40:43.696+0000] {processor.py:157} INFO - Started process (PID=347) to work on /opt/airflow/dags/ingest_historique.py
[2025-03-13T22:40:43.697+0000] {processor.py:829} INFO - Processing file /opt/airflow/dags/ingest_historique.py for tasks to queue
[2025-03-13T22:40:43.699+0000] {logging_mixin.py:151} INFO - [2025-03-13T22:40:43.698+0000] {dagbag.py:539} INFO - Filling up the DagBag from /opt/airflow/dags/ingest_historique.py
[2025-03-13T22:40:44.405+0000] {processor.py:839} INFO - DAG(s) dict_keys(['yfinance_ingestion_historique_gold']) retrieved from /opt/airflow/dags/ingest_historique.py
[2025-03-13T22:40:44.463+0000] {logging_mixin.py:151} INFO - [2025-03-13T22:40:44.462+0000] {dag.py:2915} INFO - Sync 1 DAGs
[2025-03-13T22:40:44.506+0000] {logging_mixin.py:151} INFO - [2025-03-13T22:40:44.505+0000] {dag.py:3696} INFO - Setting next_dagrun for yfinance_ingestion_historique_gold to 2025-03-13T00:00:00+00:00, run_after=2025-03-14T00:00:00+00:00
[2025-03-13T22:40:44.534+0000] {processor.py:179} INFO - Processing /opt/airflow/dags/ingest_historique.py took 0.842 seconds
[2025-03-13T22:41:14.668+0000] {processor.py:157} INFO - Started process (PID=359) to work on /opt/airflow/dags/ingest_historique.py
[2025-03-13T22:41:14.669+0000] {processor.py:829} INFO - Processing file /opt/airflow/dags/ingest_historique.py for tasks to queue
[2025-03-13T22:41:14.671+0000] {logging_mixin.py:151} INFO - [2025-03-13T22:41:14.670+0000] {dagbag.py:539} INFO - Filling up the DagBag from /opt/airflow/dags/ingest_historique.py
[2025-03-13T22:41:15.477+0000] {processor.py:839} INFO - DAG(s) dict_keys(['yfinance_ingestion_historique_gold']) retrieved from /opt/airflow/dags/ingest_historique.py
[2025-03-13T22:41:15.525+0000] {logging_mixin.py:151} INFO - [2025-03-13T22:41:15.524+0000] {dag.py:2915} INFO - Sync 1 DAGs
[2025-03-13T22:41:15.550+0000] {logging_mixin.py:151} INFO - [2025-03-13T22:41:15.550+0000] {dag.py:3696} INFO - Setting next_dagrun for yfinance_ingestion_historique_gold to 2025-03-13T00:00:00+00:00, run_after=2025-03-14T00:00:00+00:00
[2025-03-13T22:41:15.573+0000] {processor.py:179} INFO - Processing /opt/airflow/dags/ingest_historique.py took 0.909 seconds
[2025-03-13T22:41:45.708+0000] {processor.py:157} INFO - Started process (PID=371) to work on /opt/airflow/dags/ingest_historique.py
[2025-03-13T22:41:45.710+0000] {processor.py:829} INFO - Processing file /opt/airflow/dags/ingest_historique.py for tasks to queue
[2025-03-13T22:41:45.712+0000] {logging_mixin.py:151} INFO - [2025-03-13T22:41:45.711+0000] {dagbag.py:539} INFO - Filling up the DagBag from /opt/airflow/dags/ingest_historique.py
[2025-03-13T22:41:46.468+0000] {processor.py:839} INFO - DAG(s) dict_keys(['yfinance_ingestion_historique_gold']) retrieved from /opt/airflow/dags/ingest_historique.py
[2025-03-13T22:41:46.504+0000] {logging_mixin.py:151} INFO - [2025-03-13T22:41:46.503+0000] {dag.py:2915} INFO - Sync 1 DAGs
[2025-03-13T22:41:46.538+0000] {logging_mixin.py:151} INFO - [2025-03-13T22:41:46.538+0000] {dag.py:3696} INFO - Setting next_dagrun for yfinance_ingestion_historique_gold to 2025-03-13T00:00:00+00:00, run_after=2025-03-14T00:00:00+00:00
[2025-03-13T22:41:46.576+0000] {processor.py:179} INFO - Processing /opt/airflow/dags/ingest_historique.py took 0.871 seconds
[2025-03-13T22:42:16.718+0000] {processor.py:157} INFO - Started process (PID=383) to work on /opt/airflow/dags/ingest_historique.py
[2025-03-13T22:42:16.719+0000] {processor.py:829} INFO - Processing file /opt/airflow/dags/ingest_historique.py for tasks to queue
[2025-03-13T22:42:16.721+0000] {logging_mixin.py:151} INFO - [2025-03-13T22:42:16.720+0000] {dagbag.py:539} INFO - Filling up the DagBag from /opt/airflow/dags/ingest_historique.py
[2025-03-13T22:42:17.245+0000] {processor.py:839} INFO - DAG(s) dict_keys(['yfinance_ingestion_historique_gold']) retrieved from /opt/airflow/dags/ingest_historique.py
[2025-03-13T22:42:17.281+0000] {logging_mixin.py:151} INFO - [2025-03-13T22:42:17.280+0000] {dag.py:2915} INFO - Sync 1 DAGs
[2025-03-13T22:42:17.322+0000] {logging_mixin.py:151} INFO - [2025-03-13T22:42:17.321+0000] {dag.py:3696} INFO - Setting next_dagrun for yfinance_ingestion_historique_gold to 2025-03-13T00:00:00+00:00, run_after=2025-03-14T00:00:00+00:00
[2025-03-13T22:42:17.352+0000] {processor.py:179} INFO - Processing /opt/airflow/dags/ingest_historique.py took 0.640 seconds
[2025-03-13T22:42:48.245+0000] {processor.py:157} INFO - Started process (PID=395) to work on /opt/airflow/dags/ingest_historique.py
[2025-03-13T22:42:48.247+0000] {processor.py:829} INFO - Processing file /opt/airflow/dags/ingest_historique.py for tasks to queue
[2025-03-13T22:42:48.248+0000] {logging_mixin.py:151} INFO - [2025-03-13T22:42:48.248+0000] {dagbag.py:539} INFO - Filling up the DagBag from /opt/airflow/dags/ingest_historique.py
[2025-03-13T22:42:48.819+0000] {processor.py:839} INFO - DAG(s) dict_keys(['yfinance_ingestion_historique_gold']) retrieved from /opt/airflow/dags/ingest_historique.py
[2025-03-13T22:42:48.850+0000] {logging_mixin.py:151} INFO - [2025-03-13T22:42:48.850+0000] {dag.py:2915} INFO - Sync 1 DAGs
[2025-03-13T22:42:48.876+0000] {logging_mixin.py:151} INFO - [2025-03-13T22:42:48.875+0000] {dag.py:3696} INFO - Setting next_dagrun for yfinance_ingestion_historique_gold to 2025-03-13T00:00:00+00:00, run_after=2025-03-14T00:00:00+00:00
[2025-03-13T22:42:48.905+0000] {processor.py:179} INFO - Processing /opt/airflow/dags/ingest_historique.py took 0.667 seconds
[2025-03-13T22:43:19.049+0000] {processor.py:157} INFO - Started process (PID=407) to work on /opt/airflow/dags/ingest_historique.py
[2025-03-13T22:43:19.051+0000] {processor.py:829} INFO - Processing file /opt/airflow/dags/ingest_historique.py for tasks to queue
[2025-03-13T22:43:19.053+0000] {logging_mixin.py:151} INFO - [2025-03-13T22:43:19.053+0000] {dagbag.py:539} INFO - Filling up the DagBag from /opt/airflow/dags/ingest_historique.py
[2025-03-13T22:43:19.689+0000] {processor.py:839} INFO - DAG(s) dict_keys(['yfinance_ingestion_historique_gold']) retrieved from /opt/airflow/dags/ingest_historique.py
[2025-03-13T22:43:19.728+0000] {logging_mixin.py:151} INFO - [2025-03-13T22:43:19.727+0000] {dag.py:2915} INFO - Sync 1 DAGs
[2025-03-13T22:43:19.767+0000] {logging_mixin.py:151} INFO - [2025-03-13T22:43:19.766+0000] {dag.py:3696} INFO - Setting next_dagrun for yfinance_ingestion_historique_gold to 2025-03-13T00:00:00+00:00, run_after=2025-03-14T00:00:00+00:00
[2025-03-13T22:43:19.804+0000] {processor.py:179} INFO - Processing /opt/airflow/dags/ingest_historique.py took 0.761 seconds
[2025-03-13T22:43:49.928+0000] {processor.py:157} INFO - Started process (PID=419) to work on /opt/airflow/dags/ingest_historique.py
[2025-03-13T22:43:49.930+0000] {processor.py:829} INFO - Processing file /opt/airflow/dags/ingest_historique.py for tasks to queue
[2025-03-13T22:43:49.932+0000] {logging_mixin.py:151} INFO - [2025-03-13T22:43:49.932+0000] {dagbag.py:539} INFO - Filling up the DagBag from /opt/airflow/dags/ingest_historique.py
[2025-03-13T22:43:50.619+0000] {processor.py:839} INFO - DAG(s) dict_keys(['yfinance_ingestion_historique_gold']) retrieved from /opt/airflow/dags/ingest_historique.py
[2025-03-13T22:43:50.659+0000] {logging_mixin.py:151} INFO - [2025-03-13T22:43:50.658+0000] {dag.py:2915} INFO - Sync 1 DAGs
[2025-03-13T22:43:50.692+0000] {logging_mixin.py:151} INFO - [2025-03-13T22:43:50.692+0000] {dag.py:3696} INFO - Setting next_dagrun for yfinance_ingestion_historique_gold to 2025-03-13T00:00:00+00:00, run_after=2025-03-14T00:00:00+00:00
[2025-03-13T22:43:50.728+0000] {processor.py:179} INFO - Processing /opt/airflow/dags/ingest_historique.py took 0.805 seconds
[2025-03-13T22:44:20.865+0000] {processor.py:157} INFO - Started process (PID=431) to work on /opt/airflow/dags/ingest_historique.py
[2025-03-13T22:44:20.868+0000] {processor.py:829} INFO - Processing file /opt/airflow/dags/ingest_historique.py for tasks to queue
[2025-03-13T22:44:20.870+0000] {logging_mixin.py:151} INFO - [2025-03-13T22:44:20.869+0000] {dagbag.py:539} INFO - Filling up the DagBag from /opt/airflow/dags/ingest_historique.py
[2025-03-13T22:44:22.033+0000] {processor.py:839} INFO - DAG(s) dict_keys(['yfinance_ingestion_historique_gold']) retrieved from /opt/airflow/dags/ingest_historique.py
[2025-03-13T22:44:22.080+0000] {logging_mixin.py:151} INFO - [2025-03-13T22:44:22.078+0000] {dag.py:2915} INFO - Sync 1 DAGs
[2025-03-13T22:44:22.129+0000] {logging_mixin.py:151} INFO - [2025-03-13T22:44:22.128+0000] {dag.py:3696} INFO - Setting next_dagrun for yfinance_ingestion_historique_gold to 2025-03-13T00:00:00+00:00, run_after=2025-03-14T00:00:00+00:00
[2025-03-13T22:44:22.188+0000] {processor.py:179} INFO - Processing /opt/airflow/dags/ingest_historique.py took 1.328 seconds
[2025-03-13T22:44:52.354+0000] {processor.py:157} INFO - Started process (PID=443) to work on /opt/airflow/dags/ingest_historique.py
[2025-03-13T22:44:52.355+0000] {processor.py:829} INFO - Processing file /opt/airflow/dags/ingest_historique.py for tasks to queue
[2025-03-13T22:44:52.357+0000] {logging_mixin.py:151} INFO - [2025-03-13T22:44:52.356+0000] {dagbag.py:539} INFO - Filling up the DagBag from /opt/airflow/dags/ingest_historique.py
[2025-03-13T22:44:52.951+0000] {processor.py:839} INFO - DAG(s) dict_keys(['yfinance_ingestion_historique_gold']) retrieved from /opt/airflow/dags/ingest_historique.py
[2025-03-13T22:44:52.990+0000] {logging_mixin.py:151} INFO - [2025-03-13T22:44:52.989+0000] {dag.py:2915} INFO - Sync 1 DAGs
[2025-03-13T22:44:53.028+0000] {logging_mixin.py:151} INFO - [2025-03-13T22:44:53.027+0000] {dag.py:3696} INFO - Setting next_dagrun for yfinance_ingestion_historique_gold to 2025-03-13T00:00:00+00:00, run_after=2025-03-14T00:00:00+00:00
[2025-03-13T22:44:53.062+0000] {processor.py:179} INFO - Processing /opt/airflow/dags/ingest_historique.py took 0.713 seconds
[2025-03-13T22:45:23.144+0000] {processor.py:157} INFO - Started process (PID=455) to work on /opt/airflow/dags/ingest_historique.py
[2025-03-13T22:45:23.145+0000] {processor.py:829} INFO - Processing file /opt/airflow/dags/ingest_historique.py for tasks to queue
[2025-03-13T22:45:23.147+0000] {logging_mixin.py:151} INFO - [2025-03-13T22:45:23.147+0000] {dagbag.py:539} INFO - Filling up the DagBag from /opt/airflow/dags/ingest_historique.py
[2025-03-13T22:45:23.748+0000] {processor.py:839} INFO - DAG(s) dict_keys(['yfinance_ingestion_historique_gold']) retrieved from /opt/airflow/dags/ingest_historique.py
[2025-03-13T22:45:23.784+0000] {logging_mixin.py:151} INFO - [2025-03-13T22:45:23.783+0000] {dag.py:2915} INFO - Sync 1 DAGs
[2025-03-13T22:45:23.814+0000] {logging_mixin.py:151} INFO - [2025-03-13T22:45:23.814+0000] {dag.py:3696} INFO - Setting next_dagrun for yfinance_ingestion_historique_gold to 2025-03-13T00:00:00+00:00, run_after=2025-03-14T00:00:00+00:00
[2025-03-13T22:45:23.846+0000] {processor.py:179} INFO - Processing /opt/airflow/dags/ingest_historique.py took 0.706 seconds
[2025-03-13T22:45:53.931+0000] {processor.py:157} INFO - Started process (PID=467) to work on /opt/airflow/dags/ingest_historique.py
[2025-03-13T22:45:53.932+0000] {processor.py:829} INFO - Processing file /opt/airflow/dags/ingest_historique.py for tasks to queue
[2025-03-13T22:45:53.934+0000] {logging_mixin.py:151} INFO - [2025-03-13T22:45:53.933+0000] {dagbag.py:539} INFO - Filling up the DagBag from /opt/airflow/dags/ingest_historique.py
[2025-03-13T22:45:54.616+0000] {processor.py:839} INFO - DAG(s) dict_keys(['yfinance_ingestion_historique_gold']) retrieved from /opt/airflow/dags/ingest_historique.py
[2025-03-13T22:45:54.655+0000] {logging_mixin.py:151} INFO - [2025-03-13T22:45:54.654+0000] {dag.py:2915} INFO - Sync 1 DAGs
[2025-03-13T22:45:54.689+0000] {logging_mixin.py:151} INFO - [2025-03-13T22:45:54.689+0000] {dag.py:3696} INFO - Setting next_dagrun for yfinance_ingestion_historique_gold to 2025-03-13T00:00:00+00:00, run_after=2025-03-14T00:00:00+00:00
[2025-03-13T22:45:54.723+0000] {processor.py:179} INFO - Processing /opt/airflow/dags/ingest_historique.py took 0.796 seconds
[2025-03-13T22:46:24.878+0000] {processor.py:157} INFO - Started process (PID=479) to work on /opt/airflow/dags/ingest_historique.py
[2025-03-13T22:46:24.879+0000] {processor.py:829} INFO - Processing file /opt/airflow/dags/ingest_historique.py for tasks to queue
[2025-03-13T22:46:24.881+0000] {logging_mixin.py:151} INFO - [2025-03-13T22:46:24.880+0000] {dagbag.py:539} INFO - Filling up the DagBag from /opt/airflow/dags/ingest_historique.py
[2025-03-13T22:46:25.390+0000] {processor.py:839} INFO - DAG(s) dict_keys(['yfinance_ingestion_historique_gold']) retrieved from /opt/airflow/dags/ingest_historique.py
[2025-03-13T22:46:25.431+0000] {logging_mixin.py:151} INFO - [2025-03-13T22:46:25.430+0000] {dag.py:2915} INFO - Sync 1 DAGs
[2025-03-13T22:46:25.465+0000] {logging_mixin.py:151} INFO - [2025-03-13T22:46:25.464+0000] {dag.py:3696} INFO - Setting next_dagrun for yfinance_ingestion_historique_gold to 2025-03-13T00:00:00+00:00, run_after=2025-03-14T00:00:00+00:00
[2025-03-13T22:46:25.489+0000] {processor.py:179} INFO - Processing /opt/airflow/dags/ingest_historique.py took 0.614 seconds
[2025-03-13T22:46:55.554+0000] {processor.py:157} INFO - Started process (PID=491) to work on /opt/airflow/dags/ingest_historique.py
[2025-03-13T22:46:55.555+0000] {processor.py:829} INFO - Processing file /opt/airflow/dags/ingest_historique.py for tasks to queue
[2025-03-13T22:46:55.557+0000] {logging_mixin.py:151} INFO - [2025-03-13T22:46:55.557+0000] {dagbag.py:539} INFO - Filling up the DagBag from /opt/airflow/dags/ingest_historique.py
[2025-03-13T22:46:56.165+0000] {processor.py:839} INFO - DAG(s) dict_keys(['yfinance_ingestion_historique_gold']) retrieved from /opt/airflow/dags/ingest_historique.py
[2025-03-13T22:46:56.201+0000] {logging_mixin.py:151} INFO - [2025-03-13T22:46:56.200+0000] {dag.py:2915} INFO - Sync 1 DAGs
[2025-03-13T22:46:56.228+0000] {logging_mixin.py:151} INFO - [2025-03-13T22:46:56.227+0000] {dag.py:3696} INFO - Setting next_dagrun for yfinance_ingestion_historique_gold to 2025-03-13T00:00:00+00:00, run_after=2025-03-14T00:00:00+00:00
[2025-03-13T22:46:56.256+0000] {processor.py:179} INFO - Processing /opt/airflow/dags/ingest_historique.py took 0.707 seconds
[2025-03-13T22:47:26.383+0000] {processor.py:157} INFO - Started process (PID=503) to work on /opt/airflow/dags/ingest_historique.py
[2025-03-13T22:47:26.384+0000] {processor.py:829} INFO - Processing file /opt/airflow/dags/ingest_historique.py for tasks to queue
[2025-03-13T22:47:26.386+0000] {logging_mixin.py:151} INFO - [2025-03-13T22:47:26.385+0000] {dagbag.py:539} INFO - Filling up the DagBag from /opt/airflow/dags/ingest_historique.py
[2025-03-13T22:47:26.931+0000] {processor.py:839} INFO - DAG(s) dict_keys(['yfinance_ingestion_historique_gold']) retrieved from /opt/airflow/dags/ingest_historique.py
[2025-03-13T22:47:26.964+0000] {logging_mixin.py:151} INFO - [2025-03-13T22:47:26.964+0000] {dag.py:2915} INFO - Sync 1 DAGs
[2025-03-13T22:47:26.991+0000] {logging_mixin.py:151} INFO - [2025-03-13T22:47:26.991+0000] {dag.py:3696} INFO - Setting next_dagrun for yfinance_ingestion_historique_gold to 2025-03-13T00:00:00+00:00, run_after=2025-03-14T00:00:00+00:00
[2025-03-13T22:47:27.019+0000] {processor.py:179} INFO - Processing /opt/airflow/dags/ingest_historique.py took 0.639 seconds
[2025-03-13T22:47:57.107+0000] {processor.py:157} INFO - Started process (PID=515) to work on /opt/airflow/dags/ingest_historique.py
[2025-03-13T22:47:57.109+0000] {processor.py:829} INFO - Processing file /opt/airflow/dags/ingest_historique.py for tasks to queue
[2025-03-13T22:47:57.111+0000] {logging_mixin.py:151} INFO - [2025-03-13T22:47:57.110+0000] {dagbag.py:539} INFO - Filling up the DagBag from /opt/airflow/dags/ingest_historique.py
[2025-03-13T22:47:57.742+0000] {processor.py:839} INFO - DAG(s) dict_keys(['yfinance_ingestion_historique_gold']) retrieved from /opt/airflow/dags/ingest_historique.py
[2025-03-13T22:47:57.778+0000] {logging_mixin.py:151} INFO - [2025-03-13T22:47:57.777+0000] {dag.py:2915} INFO - Sync 1 DAGs
[2025-03-13T22:47:57.813+0000] {logging_mixin.py:151} INFO - [2025-03-13T22:47:57.812+0000] {dag.py:3696} INFO - Setting next_dagrun for yfinance_ingestion_historique_gold to 2025-03-13T00:00:00+00:00, run_after=2025-03-14T00:00:00+00:00
[2025-03-13T22:47:57.846+0000] {processor.py:179} INFO - Processing /opt/airflow/dags/ingest_historique.py took 0.745 seconds
[2025-03-13T22:48:27.954+0000] {processor.py:157} INFO - Started process (PID=527) to work on /opt/airflow/dags/ingest_historique.py
[2025-03-13T22:48:27.956+0000] {processor.py:829} INFO - Processing file /opt/airflow/dags/ingest_historique.py for tasks to queue
[2025-03-13T22:48:27.957+0000] {logging_mixin.py:151} INFO - [2025-03-13T22:48:27.957+0000] {dagbag.py:539} INFO - Filling up the DagBag from /opt/airflow/dags/ingest_historique.py
[2025-03-13T22:48:28.582+0000] {processor.py:839} INFO - DAG(s) dict_keys(['yfinance_ingestion_historique_gold']) retrieved from /opt/airflow/dags/ingest_historique.py
[2025-03-13T22:48:28.613+0000] {logging_mixin.py:151} INFO - [2025-03-13T22:48:28.613+0000] {dag.py:2915} INFO - Sync 1 DAGs
[2025-03-13T22:48:28.645+0000] {logging_mixin.py:151} INFO - [2025-03-13T22:48:28.644+0000] {dag.py:3696} INFO - Setting next_dagrun for yfinance_ingestion_historique_gold to 2025-03-13T00:00:00+00:00, run_after=2025-03-14T00:00:00+00:00
[2025-03-13T22:48:28.669+0000] {processor.py:179} INFO - Processing /opt/airflow/dags/ingest_historique.py took 0.721 seconds
[2025-03-13T22:48:58.751+0000] {processor.py:157} INFO - Started process (PID=539) to work on /opt/airflow/dags/ingest_historique.py
[2025-03-13T22:48:58.752+0000] {processor.py:829} INFO - Processing file /opt/airflow/dags/ingest_historique.py for tasks to queue
[2025-03-13T22:48:58.753+0000] {logging_mixin.py:151} INFO - [2025-03-13T22:48:58.753+0000] {dagbag.py:539} INFO - Filling up the DagBag from /opt/airflow/dags/ingest_historique.py
[2025-03-13T22:48:59.488+0000] {processor.py:839} INFO - DAG(s) dict_keys(['yfinance_ingestion_historique_gold']) retrieved from /opt/airflow/dags/ingest_historique.py
[2025-03-13T22:48:59.542+0000] {logging_mixin.py:151} INFO - [2025-03-13T22:48:59.541+0000] {dag.py:2915} INFO - Sync 1 DAGs
[2025-03-13T22:48:59.595+0000] {logging_mixin.py:151} INFO - [2025-03-13T22:48:59.594+0000] {dag.py:3696} INFO - Setting next_dagrun for yfinance_ingestion_historique_gold to 2025-03-13T00:00:00+00:00, run_after=2025-03-14T00:00:00+00:00
[2025-03-13T22:48:59.639+0000] {processor.py:179} INFO - Processing /opt/airflow/dags/ingest_historique.py took 0.892 seconds
[2025-03-13T22:49:30.186+0000] {processor.py:157} INFO - Started process (PID=551) to work on /opt/airflow/dags/ingest_historique.py
[2025-03-13T22:49:30.188+0000] {processor.py:829} INFO - Processing file /opt/airflow/dags/ingest_historique.py for tasks to queue
[2025-03-13T22:49:30.190+0000] {logging_mixin.py:151} INFO - [2025-03-13T22:49:30.189+0000] {dagbag.py:539} INFO - Filling up the DagBag from /opt/airflow/dags/ingest_historique.py
[2025-03-13T22:49:30.875+0000] {processor.py:839} INFO - DAG(s) dict_keys(['yfinance_ingestion_historique_gold']) retrieved from /opt/airflow/dags/ingest_historique.py
[2025-03-13T22:49:30.926+0000] {logging_mixin.py:151} INFO - [2025-03-13T22:49:30.926+0000] {dag.py:2915} INFO - Sync 1 DAGs
[2025-03-13T22:49:30.957+0000] {logging_mixin.py:151} INFO - [2025-03-13T22:49:30.956+0000] {dag.py:3696} INFO - Setting next_dagrun for yfinance_ingestion_historique_gold to 2025-03-13T00:00:00+00:00, run_after=2025-03-14T00:00:00+00:00
[2025-03-13T22:49:30.986+0000] {processor.py:179} INFO - Processing /opt/airflow/dags/ingest_historique.py took 0.804 seconds
[2025-03-13T22:50:01.062+0000] {processor.py:157} INFO - Started process (PID=563) to work on /opt/airflow/dags/ingest_historique.py
[2025-03-13T22:50:01.063+0000] {processor.py:829} INFO - Processing file /opt/airflow/dags/ingest_historique.py for tasks to queue
[2025-03-13T22:50:01.065+0000] {logging_mixin.py:151} INFO - [2025-03-13T22:50:01.065+0000] {dagbag.py:539} INFO - Filling up the DagBag from /opt/airflow/dags/ingest_historique.py
[2025-03-13T22:50:02.002+0000] {processor.py:839} INFO - DAG(s) dict_keys(['yfinance_ingestion_historique_gold']) retrieved from /opt/airflow/dags/ingest_historique.py
[2025-03-13T22:50:02.035+0000] {logging_mixin.py:151} INFO - [2025-03-13T22:50:02.034+0000] {dag.py:2915} INFO - Sync 1 DAGs
[2025-03-13T22:50:02.067+0000] {logging_mixin.py:151} INFO - [2025-03-13T22:50:02.067+0000] {dag.py:3696} INFO - Setting next_dagrun for yfinance_ingestion_historique_gold to 2025-03-13T00:00:00+00:00, run_after=2025-03-14T00:00:00+00:00
[2025-03-13T22:50:02.098+0000] {processor.py:179} INFO - Processing /opt/airflow/dags/ingest_historique.py took 1.041 seconds
[2025-03-13T22:50:32.177+0000] {processor.py:157} INFO - Started process (PID=575) to work on /opt/airflow/dags/ingest_historique.py
[2025-03-13T22:50:32.178+0000] {processor.py:829} INFO - Processing file /opt/airflow/dags/ingest_historique.py for tasks to queue
[2025-03-13T22:50:32.180+0000] {logging_mixin.py:151} INFO - [2025-03-13T22:50:32.179+0000] {dagbag.py:539} INFO - Filling up the DagBag from /opt/airflow/dags/ingest_historique.py
[2025-03-13T22:50:32.775+0000] {processor.py:839} INFO - DAG(s) dict_keys(['yfinance_ingestion_historique_gold']) retrieved from /opt/airflow/dags/ingest_historique.py
[2025-03-13T22:50:32.820+0000] {logging_mixin.py:151} INFO - [2025-03-13T22:50:32.819+0000] {dag.py:2915} INFO - Sync 1 DAGs
[2025-03-13T22:50:32.867+0000] {logging_mixin.py:151} INFO - [2025-03-13T22:50:32.866+0000] {dag.py:3696} INFO - Setting next_dagrun for yfinance_ingestion_historique_gold to 2025-03-13T00:00:00+00:00, run_after=2025-03-14T00:00:00+00:00
[2025-03-13T22:50:32.908+0000] {processor.py:179} INFO - Processing /opt/airflow/dags/ingest_historique.py took 0.735 seconds
[2025-03-13T22:51:03.037+0000] {processor.py:157} INFO - Started process (PID=587) to work on /opt/airflow/dags/ingest_historique.py
[2025-03-13T22:51:03.038+0000] {processor.py:829} INFO - Processing file /opt/airflow/dags/ingest_historique.py for tasks to queue
[2025-03-13T22:51:03.040+0000] {logging_mixin.py:151} INFO - [2025-03-13T22:51:03.039+0000] {dagbag.py:539} INFO - Filling up the DagBag from /opt/airflow/dags/ingest_historique.py
[2025-03-13T22:51:03.645+0000] {processor.py:839} INFO - DAG(s) dict_keys(['yfinance_ingestion_historique_gold']) retrieved from /opt/airflow/dags/ingest_historique.py
[2025-03-13T22:51:03.675+0000] {logging_mixin.py:151} INFO - [2025-03-13T22:51:03.674+0000] {dag.py:2915} INFO - Sync 1 DAGs
[2025-03-13T22:51:03.702+0000] {logging_mixin.py:151} INFO - [2025-03-13T22:51:03.702+0000] {dag.py:3696} INFO - Setting next_dagrun for yfinance_ingestion_historique_gold to 2025-03-13T00:00:00+00:00, run_after=2025-03-14T00:00:00+00:00
[2025-03-13T22:51:03.735+0000] {processor.py:179} INFO - Processing /opt/airflow/dags/ingest_historique.py took 0.704 seconds
[2025-03-13T22:51:33.853+0000] {processor.py:157} INFO - Started process (PID=599) to work on /opt/airflow/dags/ingest_historique.py
[2025-03-13T22:51:33.855+0000] {processor.py:829} INFO - Processing file /opt/airflow/dags/ingest_historique.py for tasks to queue
[2025-03-13T22:51:33.856+0000] {logging_mixin.py:151} INFO - [2025-03-13T22:51:33.856+0000] {dagbag.py:539} INFO - Filling up the DagBag from /opt/airflow/dags/ingest_historique.py
[2025-03-13T22:51:34.708+0000] {processor.py:839} INFO - DAG(s) dict_keys(['yfinance_ingestion_historique_gold']) retrieved from /opt/airflow/dags/ingest_historique.py
[2025-03-13T22:51:34.750+0000] {logging_mixin.py:151} INFO - [2025-03-13T22:51:34.749+0000] {dag.py:2915} INFO - Sync 1 DAGs
[2025-03-13T22:51:34.783+0000] {logging_mixin.py:151} INFO - [2025-03-13T22:51:34.783+0000] {dag.py:3696} INFO - Setting next_dagrun for yfinance_ingestion_historique_gold to 2025-03-13T00:00:00+00:00, run_after=2025-03-14T00:00:00+00:00
[2025-03-13T22:51:34.824+0000] {processor.py:179} INFO - Processing /opt/airflow/dags/ingest_historique.py took 0.980 seconds
[2025-03-13T22:52:05.047+0000] {processor.py:157} INFO - Started process (PID=611) to work on /opt/airflow/dags/ingest_historique.py
[2025-03-13T22:52:05.052+0000] {processor.py:829} INFO - Processing file /opt/airflow/dags/ingest_historique.py for tasks to queue
[2025-03-13T22:52:05.056+0000] {logging_mixin.py:151} INFO - [2025-03-13T22:52:05.054+0000] {dagbag.py:539} INFO - Filling up the DagBag from /opt/airflow/dags/ingest_historique.py
[2025-03-13T22:52:06.653+0000] {processor.py:839} INFO - DAG(s) dict_keys(['yfinance_ingestion_historique_gold']) retrieved from /opt/airflow/dags/ingest_historique.py
[2025-03-13T22:52:06.684+0000] {logging_mixin.py:151} INFO - [2025-03-13T22:52:06.684+0000] {dag.py:2915} INFO - Sync 1 DAGs
[2025-03-13T22:52:06.713+0000] {logging_mixin.py:151} INFO - [2025-03-13T22:52:06.712+0000] {dag.py:3696} INFO - Setting next_dagrun for yfinance_ingestion_historique_gold to 2025-03-13T00:00:00+00:00, run_after=2025-03-14T00:00:00+00:00
[2025-03-13T22:52:06.752+0000] {processor.py:179} INFO - Processing /opt/airflow/dags/ingest_historique.py took 1.716 seconds
[2025-03-13T22:52:36.877+0000] {processor.py:157} INFO - Started process (PID=623) to work on /opt/airflow/dags/ingest_historique.py
[2025-03-13T22:52:36.878+0000] {processor.py:829} INFO - Processing file /opt/airflow/dags/ingest_historique.py for tasks to queue
[2025-03-13T22:52:36.880+0000] {logging_mixin.py:151} INFO - [2025-03-13T22:52:36.879+0000] {dagbag.py:539} INFO - Filling up the DagBag from /opt/airflow/dags/ingest_historique.py
[2025-03-13T22:52:37.672+0000] {processor.py:839} INFO - DAG(s) dict_keys(['yfinance_ingestion_historique_gold']) retrieved from /opt/airflow/dags/ingest_historique.py
[2025-03-13T22:52:37.718+0000] {logging_mixin.py:151} INFO - [2025-03-13T22:52:37.717+0000] {dag.py:2915} INFO - Sync 1 DAGs
[2025-03-13T22:52:37.755+0000] {logging_mixin.py:151} INFO - [2025-03-13T22:52:37.754+0000] {dag.py:3696} INFO - Setting next_dagrun for yfinance_ingestion_historique_gold to 2025-03-13T00:00:00+00:00, run_after=2025-03-14T00:00:00+00:00
[2025-03-13T22:52:37.785+0000] {processor.py:179} INFO - Processing /opt/airflow/dags/ingest_historique.py took 0.912 seconds
[2025-03-13T22:53:07.919+0000] {processor.py:157} INFO - Started process (PID=635) to work on /opt/airflow/dags/ingest_historique.py
[2025-03-13T22:53:07.921+0000] {processor.py:829} INFO - Processing file /opt/airflow/dags/ingest_historique.py for tasks to queue
[2025-03-13T22:53:07.923+0000] {logging_mixin.py:151} INFO - [2025-03-13T22:53:07.922+0000] {dagbag.py:539} INFO - Filling up the DagBag from /opt/airflow/dags/ingest_historique.py
[2025-03-13T22:53:08.477+0000] {processor.py:839} INFO - DAG(s) dict_keys(['yfinance_ingestion_historique_gold']) retrieved from /opt/airflow/dags/ingest_historique.py
[2025-03-13T22:53:08.509+0000] {logging_mixin.py:151} INFO - [2025-03-13T22:53:08.509+0000] {dag.py:2915} INFO - Sync 1 DAGs
[2025-03-13T22:53:08.545+0000] {logging_mixin.py:151} INFO - [2025-03-13T22:53:08.544+0000] {dag.py:3696} INFO - Setting next_dagrun for yfinance_ingestion_historique_gold to 2025-03-13T00:00:00+00:00, run_after=2025-03-14T00:00:00+00:00
[2025-03-13T22:53:08.583+0000] {processor.py:179} INFO - Processing /opt/airflow/dags/ingest_historique.py took 0.668 seconds
[2025-03-13T22:53:38.690+0000] {processor.py:157} INFO - Started process (PID=647) to work on /opt/airflow/dags/ingest_historique.py
[2025-03-13T22:53:38.691+0000] {processor.py:829} INFO - Processing file /opt/airflow/dags/ingest_historique.py for tasks to queue
[2025-03-13T22:53:38.693+0000] {logging_mixin.py:151} INFO - [2025-03-13T22:53:38.693+0000] {dagbag.py:539} INFO - Filling up the DagBag from /opt/airflow/dags/ingest_historique.py
[2025-03-13T22:53:39.251+0000] {processor.py:839} INFO - DAG(s) dict_keys(['yfinance_ingestion_historique_gold']) retrieved from /opt/airflow/dags/ingest_historique.py
[2025-03-13T22:53:39.282+0000] {logging_mixin.py:151} INFO - [2025-03-13T22:53:39.281+0000] {dag.py:2915} INFO - Sync 1 DAGs
[2025-03-13T22:53:39.308+0000] {logging_mixin.py:151} INFO - [2025-03-13T22:53:39.308+0000] {dag.py:3696} INFO - Setting next_dagrun for yfinance_ingestion_historique_gold to 2025-03-13T00:00:00+00:00, run_after=2025-03-14T00:00:00+00:00
[2025-03-13T22:53:39.336+0000] {processor.py:179} INFO - Processing /opt/airflow/dags/ingest_historique.py took 0.651 seconds
[2025-03-13T22:54:09.537+0000] {processor.py:157} INFO - Started process (PID=659) to work on /opt/airflow/dags/ingest_historique.py
[2025-03-13T22:54:09.539+0000] {processor.py:829} INFO - Processing file /opt/airflow/dags/ingest_historique.py for tasks to queue
[2025-03-13T22:54:09.541+0000] {logging_mixin.py:151} INFO - [2025-03-13T22:54:09.540+0000] {dagbag.py:539} INFO - Filling up the DagBag from /opt/airflow/dags/ingest_historique.py
[2025-03-13T22:54:10.093+0000] {processor.py:839} INFO - DAG(s) dict_keys(['yfinance_ingestion_historique_gold']) retrieved from /opt/airflow/dags/ingest_historique.py
[2025-03-13T22:54:10.125+0000] {logging_mixin.py:151} INFO - [2025-03-13T22:54:10.124+0000] {dag.py:2915} INFO - Sync 1 DAGs
[2025-03-13T22:54:10.150+0000] {logging_mixin.py:151} INFO - [2025-03-13T22:54:10.150+0000] {dag.py:3696} INFO - Setting next_dagrun for yfinance_ingestion_historique_gold to 2025-03-13T00:00:00+00:00, run_after=2025-03-14T00:00:00+00:00
[2025-03-13T22:54:10.180+0000] {processor.py:179} INFO - Processing /opt/airflow/dags/ingest_historique.py took 0.648 seconds
[2025-03-13T22:54:40.281+0000] {processor.py:157} INFO - Started process (PID=671) to work on /opt/airflow/dags/ingest_historique.py
[2025-03-13T22:54:40.282+0000] {processor.py:829} INFO - Processing file /opt/airflow/dags/ingest_historique.py for tasks to queue
[2025-03-13T22:54:40.283+0000] {logging_mixin.py:151} INFO - [2025-03-13T22:54:40.283+0000] {dagbag.py:539} INFO - Filling up the DagBag from /opt/airflow/dags/ingest_historique.py
[2025-03-13T22:54:40.865+0000] {processor.py:839} INFO - DAG(s) dict_keys(['yfinance_ingestion_historique_gold']) retrieved from /opt/airflow/dags/ingest_historique.py
[2025-03-13T22:54:40.897+0000] {logging_mixin.py:151} INFO - [2025-03-13T22:54:40.896+0000] {dag.py:2915} INFO - Sync 1 DAGs
[2025-03-13T22:54:40.924+0000] {logging_mixin.py:151} INFO - [2025-03-13T22:54:40.924+0000] {dag.py:3696} INFO - Setting next_dagrun for yfinance_ingestion_historique_gold to 2025-03-13T00:00:00+00:00, run_after=2025-03-14T00:00:00+00:00
[2025-03-13T22:54:40.950+0000] {processor.py:179} INFO - Processing /opt/airflow/dags/ingest_historique.py took 0.673 seconds
[2025-03-13T22:55:11.140+0000] {processor.py:157} INFO - Started process (PID=683) to work on /opt/airflow/dags/ingest_historique.py
[2025-03-13T22:55:11.142+0000] {processor.py:829} INFO - Processing file /opt/airflow/dags/ingest_historique.py for tasks to queue
[2025-03-13T22:55:11.144+0000] {logging_mixin.py:151} INFO - [2025-03-13T22:55:11.144+0000] {dagbag.py:539} INFO - Filling up the DagBag from /opt/airflow/dags/ingest_historique.py
[2025-03-13T22:55:12.468+0000] {processor.py:839} INFO - DAG(s) dict_keys(['yfinance_ingestion_historique_gold']) retrieved from /opt/airflow/dags/ingest_historique.py
[2025-03-13T22:55:12.592+0000] {logging_mixin.py:151} INFO - [2025-03-13T22:55:12.587+0000] {dag.py:2915} INFO - Sync 1 DAGs
[2025-03-13T22:55:12.688+0000] {logging_mixin.py:151} INFO - [2025-03-13T22:55:12.688+0000] {dag.py:3696} INFO - Setting next_dagrun for yfinance_ingestion_historique_gold to 2025-03-13T00:00:00+00:00, run_after=2025-03-14T00:00:00+00:00
[2025-03-13T22:55:12.794+0000] {processor.py:179} INFO - Processing /opt/airflow/dags/ingest_historique.py took 1.660 seconds
[2025-03-13T22:55:43.646+0000] {processor.py:157} INFO - Started process (PID=695) to work on /opt/airflow/dags/ingest_historique.py
[2025-03-13T22:55:43.650+0000] {processor.py:829} INFO - Processing file /opt/airflow/dags/ingest_historique.py for tasks to queue
[2025-03-13T22:55:43.652+0000] {logging_mixin.py:151} INFO - [2025-03-13T22:55:43.651+0000] {dagbag.py:539} INFO - Filling up the DagBag from /opt/airflow/dags/ingest_historique.py
[2025-03-13T22:55:45.319+0000] {processor.py:839} INFO - DAG(s) dict_keys(['yfinance_ingestion_historique_gold']) retrieved from /opt/airflow/dags/ingest_historique.py
[2025-03-13T22:55:45.445+0000] {logging_mixin.py:151} INFO - [2025-03-13T22:55:45.444+0000] {dag.py:2915} INFO - Sync 1 DAGs
[2025-03-13T22:55:45.487+0000] {logging_mixin.py:151} INFO - [2025-03-13T22:55:45.486+0000] {dag.py:3696} INFO - Setting next_dagrun for yfinance_ingestion_historique_gold to 2025-03-13T00:00:00+00:00, run_after=2025-03-14T00:00:00+00:00
[2025-03-13T22:55:45.582+0000] {processor.py:179} INFO - Processing /opt/airflow/dags/ingest_historique.py took 1.955 seconds
[2025-03-13T22:56:15.844+0000] {processor.py:157} INFO - Started process (PID=707) to work on /opt/airflow/dags/ingest_historique.py
[2025-03-13T22:56:15.851+0000] {processor.py:829} INFO - Processing file /opt/airflow/dags/ingest_historique.py for tasks to queue
[2025-03-13T22:56:15.853+0000] {logging_mixin.py:151} INFO - [2025-03-13T22:56:15.852+0000] {dagbag.py:539} INFO - Filling up the DagBag from /opt/airflow/dags/ingest_historique.py
[2025-03-13T22:56:16.931+0000] {processor.py:839} INFO - DAG(s) dict_keys(['yfinance_ingestion_historique_gold']) retrieved from /opt/airflow/dags/ingest_historique.py
[2025-03-13T22:56:16.981+0000] {logging_mixin.py:151} INFO - [2025-03-13T22:56:16.980+0000] {dag.py:2915} INFO - Sync 1 DAGs
[2025-03-13T22:56:17.032+0000] {logging_mixin.py:151} INFO - [2025-03-13T22:56:17.032+0000] {dag.py:3696} INFO - Setting next_dagrun for yfinance_ingestion_historique_gold to 2025-03-13T00:00:00+00:00, run_after=2025-03-14T00:00:00+00:00
[2025-03-13T22:56:17.074+0000] {processor.py:179} INFO - Processing /opt/airflow/dags/ingest_historique.py took 1.239 seconds
[2025-03-13T22:56:48.107+0000] {processor.py:157} INFO - Started process (PID=719) to work on /opt/airflow/dags/ingest_historique.py
[2025-03-13T22:56:48.109+0000] {processor.py:829} INFO - Processing file /opt/airflow/dags/ingest_historique.py for tasks to queue
[2025-03-13T22:56:48.116+0000] {logging_mixin.py:151} INFO - [2025-03-13T22:56:48.113+0000] {dagbag.py:539} INFO - Filling up the DagBag from /opt/airflow/dags/ingest_historique.py
[2025-03-13T22:56:49.193+0000] {processor.py:839} INFO - DAG(s) dict_keys(['yfinance_ingestion_historique_gold']) retrieved from /opt/airflow/dags/ingest_historique.py
[2025-03-13T22:56:49.228+0000] {logging_mixin.py:151} INFO - [2025-03-13T22:56:49.227+0000] {dag.py:2915} INFO - Sync 1 DAGs
[2025-03-13T22:56:49.276+0000] {logging_mixin.py:151} INFO - [2025-03-13T22:56:49.276+0000] {dag.py:3696} INFO - Setting next_dagrun for yfinance_ingestion_historique_gold to 2025-03-13T00:00:00+00:00, run_after=2025-03-14T00:00:00+00:00
[2025-03-13T22:56:49.330+0000] {processor.py:179} INFO - Processing /opt/airflow/dags/ingest_historique.py took 1.231 seconds
[2025-03-13T22:57:19.560+0000] {processor.py:157} INFO - Started process (PID=731) to work on /opt/airflow/dags/ingest_historique.py
[2025-03-13T22:57:19.567+0000] {processor.py:829} INFO - Processing file /opt/airflow/dags/ingest_historique.py for tasks to queue
[2025-03-13T22:57:19.577+0000] {logging_mixin.py:151} INFO - [2025-03-13T22:57:19.576+0000] {dagbag.py:539} INFO - Filling up the DagBag from /opt/airflow/dags/ingest_historique.py
[2025-03-13T22:57:21.034+0000] {processor.py:839} INFO - DAG(s) dict_keys(['yfinance_ingestion_historique_gold']) retrieved from /opt/airflow/dags/ingest_historique.py
[2025-03-13T22:57:21.107+0000] {logging_mixin.py:151} INFO - [2025-03-13T22:57:21.106+0000] {dag.py:2915} INFO - Sync 1 DAGs
[2025-03-13T22:57:21.174+0000] {logging_mixin.py:151} INFO - [2025-03-13T22:57:21.174+0000] {dag.py:3696} INFO - Setting next_dagrun for yfinance_ingestion_historique_gold to 2025-03-13T00:00:00+00:00, run_after=2025-03-14T00:00:00+00:00
[2025-03-13T22:57:21.228+0000] {processor.py:179} INFO - Processing /opt/airflow/dags/ingest_historique.py took 1.693 seconds
[2025-03-13T22:57:51.311+0000] {processor.py:157} INFO - Started process (PID=743) to work on /opt/airflow/dags/ingest_historique.py
[2025-03-13T22:57:51.313+0000] {processor.py:829} INFO - Processing file /opt/airflow/dags/ingest_historique.py for tasks to queue
[2025-03-13T22:57:51.316+0000] {logging_mixin.py:151} INFO - [2025-03-13T22:57:51.315+0000] {dagbag.py:539} INFO - Filling up the DagBag from /opt/airflow/dags/ingest_historique.py
[2025-03-13T22:57:52.531+0000] {processor.py:839} INFO - DAG(s) dict_keys(['yfinance_ingestion_historique_gold']) retrieved from /opt/airflow/dags/ingest_historique.py
[2025-03-13T22:57:52.623+0000] {logging_mixin.py:151} INFO - [2025-03-13T22:57:52.622+0000] {dag.py:2915} INFO - Sync 1 DAGs
[2025-03-13T22:57:52.700+0000] {logging_mixin.py:151} INFO - [2025-03-13T22:57:52.699+0000] {dag.py:3696} INFO - Setting next_dagrun for yfinance_ingestion_historique_gold to 2025-03-13T00:00:00+00:00, run_after=2025-03-14T00:00:00+00:00
[2025-03-13T22:57:52.746+0000] {processor.py:179} INFO - Processing /opt/airflow/dags/ingest_historique.py took 1.443 seconds
[2025-03-13T22:58:23.685+0000] {processor.py:157} INFO - Started process (PID=755) to work on /opt/airflow/dags/ingest_historique.py
[2025-03-13T22:58:23.686+0000] {processor.py:829} INFO - Processing file /opt/airflow/dags/ingest_historique.py for tasks to queue
[2025-03-13T22:58:23.689+0000] {logging_mixin.py:151} INFO - [2025-03-13T22:58:23.688+0000] {dagbag.py:539} INFO - Filling up the DagBag from /opt/airflow/dags/ingest_historique.py
[2025-03-13T22:58:25.088+0000] {processor.py:839} INFO - DAG(s) dict_keys(['yfinance_ingestion_historique_gold']) retrieved from /opt/airflow/dags/ingest_historique.py
[2025-03-13T22:58:25.159+0000] {logging_mixin.py:151} INFO - [2025-03-13T22:58:25.158+0000] {dag.py:2915} INFO - Sync 1 DAGs
[2025-03-13T22:58:25.203+0000] {logging_mixin.py:151} INFO - [2025-03-13T22:58:25.203+0000] {dag.py:3696} INFO - Setting next_dagrun for yfinance_ingestion_historique_gold to 2025-03-13T00:00:00+00:00, run_after=2025-03-14T00:00:00+00:00
[2025-03-13T22:58:25.250+0000] {processor.py:179} INFO - Processing /opt/airflow/dags/ingest_historique.py took 1.574 seconds
[2025-03-13T22:58:55.381+0000] {processor.py:157} INFO - Started process (PID=767) to work on /opt/airflow/dags/ingest_historique.py
[2025-03-13T22:58:55.388+0000] {processor.py:829} INFO - Processing file /opt/airflow/dags/ingest_historique.py for tasks to queue
[2025-03-13T22:58:55.391+0000] {logging_mixin.py:151} INFO - [2025-03-13T22:58:55.391+0000] {dagbag.py:539} INFO - Filling up the DagBag from /opt/airflow/dags/ingest_historique.py
[2025-03-13T22:58:56.091+0000] {processor.py:839} INFO - DAG(s) dict_keys(['yfinance_ingestion_historique_gold']) retrieved from /opt/airflow/dags/ingest_historique.py
[2025-03-13T22:58:56.124+0000] {logging_mixin.py:151} INFO - [2025-03-13T22:58:56.123+0000] {dag.py:2915} INFO - Sync 1 DAGs
[2025-03-13T22:58:56.154+0000] {logging_mixin.py:151} INFO - [2025-03-13T22:58:56.154+0000] {dag.py:3696} INFO - Setting next_dagrun for yfinance_ingestion_historique_gold to 2025-03-13T00:00:00+00:00, run_after=2025-03-14T00:00:00+00:00
[2025-03-13T22:58:56.183+0000] {processor.py:179} INFO - Processing /opt/airflow/dags/ingest_historique.py took 0.808 seconds
[2025-03-13T22:59:27.254+0000] {processor.py:157} INFO - Started process (PID=779) to work on /opt/airflow/dags/ingest_historique.py
[2025-03-13T22:59:27.255+0000] {processor.py:829} INFO - Processing file /opt/airflow/dags/ingest_historique.py for tasks to queue
[2025-03-13T22:59:27.258+0000] {logging_mixin.py:151} INFO - [2025-03-13T22:59:27.257+0000] {dagbag.py:539} INFO - Filling up the DagBag from /opt/airflow/dags/ingest_historique.py
[2025-03-13T22:59:28.387+0000] {processor.py:839} INFO - DAG(s) dict_keys(['yfinance_ingestion_historique_gold']) retrieved from /opt/airflow/dags/ingest_historique.py
[2025-03-13T22:59:28.453+0000] {logging_mixin.py:151} INFO - [2025-03-13T22:59:28.451+0000] {dag.py:2915} INFO - Sync 1 DAGs
[2025-03-13T22:59:28.499+0000] {logging_mixin.py:151} INFO - [2025-03-13T22:59:28.498+0000] {dag.py:3696} INFO - Setting next_dagrun for yfinance_ingestion_historique_gold to 2025-03-13T00:00:00+00:00, run_after=2025-03-14T00:00:00+00:00
[2025-03-13T22:59:28.542+0000] {processor.py:179} INFO - Processing /opt/airflow/dags/ingest_historique.py took 1.296 seconds
[2025-03-13T22:59:58.637+0000] {processor.py:157} INFO - Started process (PID=791) to work on /opt/airflow/dags/ingest_historique.py
[2025-03-13T22:59:58.638+0000] {processor.py:829} INFO - Processing file /opt/airflow/dags/ingest_historique.py for tasks to queue
[2025-03-13T22:59:58.640+0000] {logging_mixin.py:151} INFO - [2025-03-13T22:59:58.639+0000] {dagbag.py:539} INFO - Filling up the DagBag from /opt/airflow/dags/ingest_historique.py
[2025-03-13T22:59:59.240+0000] {processor.py:839} INFO - DAG(s) dict_keys(['yfinance_ingestion_historique_gold']) retrieved from /opt/airflow/dags/ingest_historique.py
[2025-03-13T22:59:59.275+0000] {logging_mixin.py:151} INFO - [2025-03-13T22:59:59.274+0000] {dag.py:2915} INFO - Sync 1 DAGs
[2025-03-13T22:59:59.314+0000] {logging_mixin.py:151} INFO - [2025-03-13T22:59:59.313+0000] {dag.py:3696} INFO - Setting next_dagrun for yfinance_ingestion_historique_gold to 2025-03-13T00:00:00+00:00, run_after=2025-03-14T00:00:00+00:00
[2025-03-13T22:59:59.358+0000] {processor.py:179} INFO - Processing /opt/airflow/dags/ingest_historique.py took 0.726 seconds
[2025-03-13T23:00:29.530+0000] {processor.py:157} INFO - Started process (PID=803) to work on /opt/airflow/dags/ingest_historique.py
[2025-03-13T23:00:29.531+0000] {processor.py:829} INFO - Processing file /opt/airflow/dags/ingest_historique.py for tasks to queue
[2025-03-13T23:00:29.533+0000] {logging_mixin.py:151} INFO - [2025-03-13T23:00:29.532+0000] {dagbag.py:539} INFO - Filling up the DagBag from /opt/airflow/dags/ingest_historique.py
[2025-03-13T23:00:30.097+0000] {processor.py:839} INFO - DAG(s) dict_keys(['yfinance_ingestion_historique_gold']) retrieved from /opt/airflow/dags/ingest_historique.py
[2025-03-13T23:00:30.136+0000] {logging_mixin.py:151} INFO - [2025-03-13T23:00:30.135+0000] {dag.py:2915} INFO - Sync 1 DAGs
[2025-03-13T23:00:30.163+0000] {logging_mixin.py:151} INFO - [2025-03-13T23:00:30.163+0000] {dag.py:3696} INFO - Setting next_dagrun for yfinance_ingestion_historique_gold to 2025-03-13T00:00:00+00:00, run_after=2025-03-14T00:00:00+00:00
[2025-03-13T23:00:30.190+0000] {processor.py:179} INFO - Processing /opt/airflow/dags/ingest_historique.py took 0.663 seconds
[2025-03-13T23:00:58.960+0000] {processor.py:157} INFO - Started process (PID=815) to work on /opt/airflow/dags/ingest_historique.py
[2025-03-13T23:00:58.962+0000] {processor.py:829} INFO - Processing file /opt/airflow/dags/ingest_historique.py for tasks to queue
[2025-03-13T23:00:58.963+0000] {logging_mixin.py:151} INFO - [2025-03-13T23:00:58.962+0000] {dagbag.py:539} INFO - Filling up the DagBag from /opt/airflow/dags/ingest_historique.py
[2025-03-13T23:00:59.540+0000] {processor.py:839} INFO - DAG(s) dict_keys(['yfinance_ingestion_historique_gold']) retrieved from /opt/airflow/dags/ingest_historique.py
[2025-03-13T23:00:59.570+0000] {logging_mixin.py:151} INFO - [2025-03-13T23:00:59.569+0000] {dag.py:2915} INFO - Sync 1 DAGs
[2025-03-13T23:00:59.597+0000] {logging_mixin.py:151} INFO - [2025-03-13T23:00:59.597+0000] {dag.py:3696} INFO - Setting next_dagrun for yfinance_ingestion_historique_gold to 2025-03-13T00:00:00+00:00, run_after=2025-03-14T00:00:00+00:00
[2025-03-13T23:00:59.626+0000] {processor.py:179} INFO - Processing /opt/airflow/dags/ingest_historique.py took 0.669 seconds
[2025-03-13T23:01:29.754+0000] {processor.py:157} INFO - Started process (PID=827) to work on /opt/airflow/dags/ingest_historique.py
[2025-03-13T23:01:29.755+0000] {processor.py:829} INFO - Processing file /opt/airflow/dags/ingest_historique.py for tasks to queue
[2025-03-13T23:01:29.757+0000] {logging_mixin.py:151} INFO - [2025-03-13T23:01:29.757+0000] {dagbag.py:539} INFO - Filling up the DagBag from /opt/airflow/dags/ingest_historique.py
[2025-03-13T23:01:30.302+0000] {processor.py:839} INFO - DAG(s) dict_keys(['yfinance_ingestion_historique_gold']) retrieved from /opt/airflow/dags/ingest_historique.py
[2025-03-13T23:01:30.334+0000] {logging_mixin.py:151} INFO - [2025-03-13T23:01:30.333+0000] {dag.py:2915} INFO - Sync 1 DAGs
[2025-03-13T23:01:30.359+0000] {logging_mixin.py:151} INFO - [2025-03-13T23:01:30.359+0000] {dag.py:3696} INFO - Setting next_dagrun for yfinance_ingestion_historique_gold to 2025-03-13T00:00:00+00:00, run_after=2025-03-14T00:00:00+00:00
[2025-03-13T23:01:30.386+0000] {processor.py:179} INFO - Processing /opt/airflow/dags/ingest_historique.py took 0.636 seconds
[2025-03-13T23:02:00.468+0000] {processor.py:157} INFO - Started process (PID=839) to work on /opt/airflow/dags/ingest_historique.py
[2025-03-13T23:02:00.470+0000] {processor.py:829} INFO - Processing file /opt/airflow/dags/ingest_historique.py for tasks to queue
[2025-03-13T23:02:00.471+0000] {logging_mixin.py:151} INFO - [2025-03-13T23:02:00.471+0000] {dagbag.py:539} INFO - Filling up the DagBag from /opt/airflow/dags/ingest_historique.py
[2025-03-13T23:02:01.041+0000] {processor.py:839} INFO - DAG(s) dict_keys(['yfinance_ingestion_historique_gold']) retrieved from /opt/airflow/dags/ingest_historique.py
[2025-03-13T23:02:01.083+0000] {logging_mixin.py:151} INFO - [2025-03-13T23:02:01.082+0000] {dag.py:2915} INFO - Sync 1 DAGs
[2025-03-13T23:02:01.123+0000] {logging_mixin.py:151} INFO - [2025-03-13T23:02:01.122+0000] {dag.py:3696} INFO - Setting next_dagrun for yfinance_ingestion_historique_gold to 2025-03-13T00:00:00+00:00, run_after=2025-03-14T00:00:00+00:00
[2025-03-13T23:02:01.152+0000] {processor.py:179} INFO - Processing /opt/airflow/dags/ingest_historique.py took 0.688 seconds
[2025-03-13T23:02:32.198+0000] {processor.py:157} INFO - Started process (PID=851) to work on /opt/airflow/dags/ingest_historique.py
[2025-03-13T23:02:32.200+0000] {processor.py:829} INFO - Processing file /opt/airflow/dags/ingest_historique.py for tasks to queue
[2025-03-13T23:02:32.203+0000] {logging_mixin.py:151} INFO - [2025-03-13T23:02:32.202+0000] {dagbag.py:539} INFO - Filling up the DagBag from /opt/airflow/dags/ingest_historique.py
[2025-03-13T23:02:32.921+0000] {processor.py:839} INFO - DAG(s) dict_keys(['yfinance_ingestion_historique_gold']) retrieved from /opt/airflow/dags/ingest_historique.py
[2025-03-13T23:02:32.987+0000] {logging_mixin.py:151} INFO - [2025-03-13T23:02:32.985+0000] {dag.py:2915} INFO - Sync 1 DAGs
[2025-03-13T23:02:33.039+0000] {logging_mixin.py:151} INFO - [2025-03-13T23:02:33.038+0000] {dag.py:3696} INFO - Setting next_dagrun for yfinance_ingestion_historique_gold to 2025-03-13T00:00:00+00:00, run_after=2025-03-14T00:00:00+00:00
[2025-03-13T23:02:33.076+0000] {processor.py:179} INFO - Processing /opt/airflow/dags/ingest_historique.py took 0.884 seconds
[2025-03-13T23:03:03.210+0000] {processor.py:157} INFO - Started process (PID=863) to work on /opt/airflow/dags/ingest_historique.py
[2025-03-13T23:03:03.212+0000] {processor.py:829} INFO - Processing file /opt/airflow/dags/ingest_historique.py for tasks to queue
[2025-03-13T23:03:03.214+0000] {logging_mixin.py:151} INFO - [2025-03-13T23:03:03.213+0000] {dagbag.py:539} INFO - Filling up the DagBag from /opt/airflow/dags/ingest_historique.py
[2025-03-13T23:03:03.802+0000] {processor.py:839} INFO - DAG(s) dict_keys(['yfinance_ingestion_historique_gold']) retrieved from /opt/airflow/dags/ingest_historique.py
[2025-03-13T23:03:03.838+0000] {logging_mixin.py:151} INFO - [2025-03-13T23:03:03.838+0000] {dag.py:2915} INFO - Sync 1 DAGs
[2025-03-13T23:03:03.871+0000] {logging_mixin.py:151} INFO - [2025-03-13T23:03:03.871+0000] {dag.py:3696} INFO - Setting next_dagrun for yfinance_ingestion_historique_gold to 2025-03-13T00:00:00+00:00, run_after=2025-03-14T00:00:00+00:00
[2025-03-13T23:03:03.904+0000] {processor.py:179} INFO - Processing /opt/airflow/dags/ingest_historique.py took 0.701 seconds
[2025-03-13T23:03:34.056+0000] {processor.py:157} INFO - Started process (PID=875) to work on /opt/airflow/dags/ingest_historique.py
[2025-03-13T23:03:34.058+0000] {processor.py:829} INFO - Processing file /opt/airflow/dags/ingest_historique.py for tasks to queue
[2025-03-13T23:03:34.060+0000] {logging_mixin.py:151} INFO - [2025-03-13T23:03:34.059+0000] {dagbag.py:539} INFO - Filling up the DagBag from /opt/airflow/dags/ingest_historique.py
[2025-03-13T23:03:35.178+0000] {processor.py:839} INFO - DAG(s) dict_keys(['yfinance_ingestion_historique_gold']) retrieved from /opt/airflow/dags/ingest_historique.py
[2025-03-13T23:03:35.248+0000] {logging_mixin.py:151} INFO - [2025-03-13T23:03:35.247+0000] {dag.py:2915} INFO - Sync 1 DAGs
[2025-03-13T23:03:35.324+0000] {logging_mixin.py:151} INFO - [2025-03-13T23:03:35.323+0000] {dag.py:3696} INFO - Setting next_dagrun for yfinance_ingestion_historique_gold to 2025-03-13T00:00:00+00:00, run_after=2025-03-14T00:00:00+00:00
[2025-03-13T23:03:35.357+0000] {processor.py:179} INFO - Processing /opt/airflow/dags/ingest_historique.py took 1.310 seconds
[2025-03-13T23:04:05.518+0000] {processor.py:157} INFO - Started process (PID=887) to work on /opt/airflow/dags/ingest_historique.py
[2025-03-13T23:04:05.521+0000] {processor.py:829} INFO - Processing file /opt/airflow/dags/ingest_historique.py for tasks to queue
[2025-03-13T23:04:05.523+0000] {logging_mixin.py:151} INFO - [2025-03-13T23:04:05.522+0000] {dagbag.py:539} INFO - Filling up the DagBag from /opt/airflow/dags/ingest_historique.py
[2025-03-13T23:04:07.230+0000] {processor.py:839} INFO - DAG(s) dict_keys(['yfinance_ingestion_historique_gold']) retrieved from /opt/airflow/dags/ingest_historique.py
[2025-03-13T23:04:07.290+0000] {logging_mixin.py:151} INFO - [2025-03-13T23:04:07.289+0000] {dag.py:2915} INFO - Sync 1 DAGs
[2025-03-13T23:04:07.338+0000] {logging_mixin.py:151} INFO - [2025-03-13T23:04:07.337+0000] {dag.py:3696} INFO - Setting next_dagrun for yfinance_ingestion_historique_gold to 2025-03-13T00:00:00+00:00, run_after=2025-03-14T00:00:00+00:00
[2025-03-13T23:04:07.393+0000] {processor.py:179} INFO - Processing /opt/airflow/dags/ingest_historique.py took 1.884 seconds
[2025-03-13T23:04:37.482+0000] {processor.py:157} INFO - Started process (PID=899) to work on /opt/airflow/dags/ingest_historique.py
[2025-03-13T23:04:37.484+0000] {processor.py:829} INFO - Processing file /opt/airflow/dags/ingest_historique.py for tasks to queue
[2025-03-13T23:04:37.486+0000] {logging_mixin.py:151} INFO - [2025-03-13T23:04:37.485+0000] {dagbag.py:539} INFO - Filling up the DagBag from /opt/airflow/dags/ingest_historique.py
[2025-03-13T23:04:38.233+0000] {processor.py:839} INFO - DAG(s) dict_keys(['yfinance_ingestion_historique_gold']) retrieved from /opt/airflow/dags/ingest_historique.py
[2025-03-13T23:04:38.277+0000] {logging_mixin.py:151} INFO - [2025-03-13T23:04:38.276+0000] {dag.py:2915} INFO - Sync 1 DAGs
[2025-03-13T23:04:38.316+0000] {logging_mixin.py:151} INFO - [2025-03-13T23:04:38.316+0000] {dag.py:3696} INFO - Setting next_dagrun for yfinance_ingestion_historique_gold to 2025-03-13T00:00:00+00:00, run_after=2025-03-14T00:00:00+00:00
[2025-03-13T23:04:38.351+0000] {processor.py:179} INFO - Processing /opt/airflow/dags/ingest_historique.py took 0.876 seconds
[2025-03-13T23:05:08.438+0000] {processor.py:157} INFO - Started process (PID=911) to work on /opt/airflow/dags/ingest_historique.py
[2025-03-13T23:05:08.440+0000] {processor.py:829} INFO - Processing file /opt/airflow/dags/ingest_historique.py for tasks to queue
[2025-03-13T23:05:08.442+0000] {logging_mixin.py:151} INFO - [2025-03-13T23:05:08.442+0000] {dagbag.py:539} INFO - Filling up the DagBag from /opt/airflow/dags/ingest_historique.py
[2025-03-13T23:05:09.291+0000] {processor.py:839} INFO - DAG(s) dict_keys(['yfinance_ingestion_historique_gold']) retrieved from /opt/airflow/dags/ingest_historique.py
[2025-03-13T23:05:09.342+0000] {logging_mixin.py:151} INFO - [2025-03-13T23:05:09.340+0000] {dag.py:2915} INFO - Sync 1 DAGs
[2025-03-13T23:05:09.397+0000] {logging_mixin.py:151} INFO - [2025-03-13T23:05:09.397+0000] {dag.py:3696} INFO - Setting next_dagrun for yfinance_ingestion_historique_gold to 2025-03-13T00:00:00+00:00, run_after=2025-03-14T00:00:00+00:00
[2025-03-13T23:05:09.438+0000] {processor.py:179} INFO - Processing /opt/airflow/dags/ingest_historique.py took 1.007 seconds
[2025-03-13T23:05:40.495+0000] {processor.py:157} INFO - Started process (PID=923) to work on /opt/airflow/dags/ingest_historique.py
[2025-03-13T23:05:40.503+0000] {processor.py:829} INFO - Processing file /opt/airflow/dags/ingest_historique.py for tasks to queue
[2025-03-13T23:05:40.505+0000] {logging_mixin.py:151} INFO - [2025-03-13T23:05:40.504+0000] {dagbag.py:539} INFO - Filling up the DagBag from /opt/airflow/dags/ingest_historique.py
[2025-03-13T23:05:41.212+0000] {processor.py:839} INFO - DAG(s) dict_keys(['yfinance_ingestion_historique_gold']) retrieved from /opt/airflow/dags/ingest_historique.py
[2025-03-13T23:05:41.266+0000] {logging_mixin.py:151} INFO - [2025-03-13T23:05:41.265+0000] {dag.py:2915} INFO - Sync 1 DAGs
[2025-03-13T23:05:41.304+0000] {logging_mixin.py:151} INFO - [2025-03-13T23:05:41.303+0000] {dag.py:3696} INFO - Setting next_dagrun for yfinance_ingestion_historique_gold to 2025-03-13T00:00:00+00:00, run_after=2025-03-14T00:00:00+00:00
[2025-03-13T23:05:41.338+0000] {processor.py:179} INFO - Processing /opt/airflow/dags/ingest_historique.py took 0.853 seconds
[2025-03-13T23:06:11.524+0000] {processor.py:157} INFO - Started process (PID=935) to work on /opt/airflow/dags/ingest_historique.py
[2025-03-13T23:06:11.526+0000] {processor.py:829} INFO - Processing file /opt/airflow/dags/ingest_historique.py for tasks to queue
[2025-03-13T23:06:11.529+0000] {logging_mixin.py:151} INFO - [2025-03-13T23:06:11.527+0000] {dagbag.py:539} INFO - Filling up the DagBag from /opt/airflow/dags/ingest_historique.py
[2025-03-13T23:06:12.276+0000] {processor.py:839} INFO - DAG(s) dict_keys(['yfinance_ingestion_historique_gold']) retrieved from /opt/airflow/dags/ingest_historique.py
[2025-03-13T23:06:12.324+0000] {logging_mixin.py:151} INFO - [2025-03-13T23:06:12.323+0000] {dag.py:2915} INFO - Sync 1 DAGs
[2025-03-13T23:06:12.370+0000] {logging_mixin.py:151} INFO - [2025-03-13T23:06:12.370+0000] {dag.py:3696} INFO - Setting next_dagrun for yfinance_ingestion_historique_gold to 2025-03-13T00:00:00+00:00, run_after=2025-03-14T00:00:00+00:00
[2025-03-13T23:06:12.408+0000] {processor.py:179} INFO - Processing /opt/airflow/dags/ingest_historique.py took 0.889 seconds
[2025-03-13T23:06:42.196+0000] {processor.py:157} INFO - Started process (PID=947) to work on /opt/airflow/dags/ingest_historique.py
[2025-03-13T23:06:42.208+0000] {processor.py:829} INFO - Processing file /opt/airflow/dags/ingest_historique.py for tasks to queue
[2025-03-13T23:06:42.214+0000] {logging_mixin.py:151} INFO - [2025-03-13T23:06:42.211+0000] {dagbag.py:539} INFO - Filling up the DagBag from /opt/airflow/dags/ingest_historique.py
[2025-03-13T23:06:43.372+0000] {processor.py:839} INFO - DAG(s) dict_keys(['yfinance_ingestion_historique_gold']) retrieved from /opt/airflow/dags/ingest_historique.py
[2025-03-13T23:06:43.470+0000] {logging_mixin.py:151} INFO - [2025-03-13T23:06:43.469+0000] {dag.py:2915} INFO - Sync 1 DAGs
[2025-03-13T23:06:43.540+0000] {logging_mixin.py:151} INFO - [2025-03-13T23:06:43.540+0000] {dag.py:3696} INFO - Setting next_dagrun for yfinance_ingestion_historique_gold to 2025-03-13T00:00:00+00:00, run_after=2025-03-14T00:00:00+00:00
[2025-03-13T23:06:43.584+0000] {processor.py:179} INFO - Processing /opt/airflow/dags/ingest_historique.py took 1.410 seconds
[2025-03-13T23:07:13.803+0000] {processor.py:157} INFO - Started process (PID=959) to work on /opt/airflow/dags/ingest_historique.py
[2025-03-13T23:07:13.805+0000] {processor.py:829} INFO - Processing file /opt/airflow/dags/ingest_historique.py for tasks to queue
[2025-03-13T23:07:13.808+0000] {logging_mixin.py:151} INFO - [2025-03-13T23:07:13.806+0000] {dagbag.py:539} INFO - Filling up the DagBag from /opt/airflow/dags/ingest_historique.py
[2025-03-13T23:07:15.150+0000] {processor.py:839} INFO - DAG(s) dict_keys(['yfinance_ingestion_historique_gold']) retrieved from /opt/airflow/dags/ingest_historique.py
[2025-03-13T23:07:15.216+0000] {logging_mixin.py:151} INFO - [2025-03-13T23:07:15.215+0000] {dag.py:2915} INFO - Sync 1 DAGs
[2025-03-13T23:07:15.267+0000] {logging_mixin.py:151} INFO - [2025-03-13T23:07:15.267+0000] {dag.py:3696} INFO - Setting next_dagrun for yfinance_ingestion_historique_gold to 2025-03-13T00:00:00+00:00, run_after=2025-03-14T00:00:00+00:00
[2025-03-13T23:07:15.339+0000] {processor.py:179} INFO - Processing /opt/airflow/dags/ingest_historique.py took 1.548 seconds
[2025-03-13T23:07:45.584+0000] {processor.py:157} INFO - Started process (PID=974) to work on /opt/airflow/dags/ingest_historique.py
[2025-03-13T23:07:45.590+0000] {processor.py:829} INFO - Processing file /opt/airflow/dags/ingest_historique.py for tasks to queue
[2025-03-13T23:07:45.596+0000] {logging_mixin.py:151} INFO - [2025-03-13T23:07:45.595+0000] {dagbag.py:539} INFO - Filling up the DagBag from /opt/airflow/dags/ingest_historique.py
[2025-03-13T23:07:46.894+0000] {processor.py:839} INFO - DAG(s) dict_keys(['yfinance_ingestion_historique_gold']) retrieved from /opt/airflow/dags/ingest_historique.py
[2025-03-13T23:07:46.983+0000] {logging_mixin.py:151} INFO - [2025-03-13T23:07:46.982+0000] {dag.py:2915} INFO - Sync 1 DAGs
[2025-03-13T23:07:47.034+0000] {logging_mixin.py:151} INFO - [2025-03-13T23:07:47.034+0000] {dag.py:3696} INFO - Setting next_dagrun for yfinance_ingestion_historique_gold to 2025-03-13T00:00:00+00:00, run_after=2025-03-14T00:00:00+00:00
[2025-03-13T23:07:47.074+0000] {processor.py:179} INFO - Processing /opt/airflow/dags/ingest_historique.py took 1.499 seconds
[2025-03-13T23:08:17.194+0000] {processor.py:157} INFO - Started process (PID=983) to work on /opt/airflow/dags/ingest_historique.py
[2025-03-13T23:08:17.197+0000] {processor.py:829} INFO - Processing file /opt/airflow/dags/ingest_historique.py for tasks to queue
[2025-03-13T23:08:17.201+0000] {logging_mixin.py:151} INFO - [2025-03-13T23:08:17.198+0000] {dagbag.py:539} INFO - Filling up the DagBag from /opt/airflow/dags/ingest_historique.py
[2025-03-13T23:08:18.034+0000] {processor.py:839} INFO - DAG(s) dict_keys(['yfinance_ingestion_historique_gold']) retrieved from /opt/airflow/dags/ingest_historique.py
[2025-03-13T23:08:18.085+0000] {logging_mixin.py:151} INFO - [2025-03-13T23:08:18.084+0000] {dag.py:2915} INFO - Sync 1 DAGs
[2025-03-13T23:08:18.126+0000] {logging_mixin.py:151} INFO - [2025-03-13T23:08:18.126+0000] {dag.py:3696} INFO - Setting next_dagrun for yfinance_ingestion_historique_gold to 2025-03-13T00:00:00+00:00, run_after=2025-03-14T00:00:00+00:00
[2025-03-13T23:08:18.165+0000] {processor.py:179} INFO - Processing /opt/airflow/dags/ingest_historique.py took 0.979 seconds
[2025-03-13T23:08:48.222+0000] {processor.py:157} INFO - Started process (PID=995) to work on /opt/airflow/dags/ingest_historique.py
[2025-03-13T23:08:48.223+0000] {processor.py:829} INFO - Processing file /opt/airflow/dags/ingest_historique.py for tasks to queue
[2025-03-13T23:08:48.225+0000] {logging_mixin.py:151} INFO - [2025-03-13T23:08:48.224+0000] {dagbag.py:539} INFO - Filling up the DagBag from /opt/airflow/dags/ingest_historique.py
[2025-03-13T23:08:48.854+0000] {processor.py:839} INFO - DAG(s) dict_keys(['yfinance_ingestion_historique_gold']) retrieved from /opt/airflow/dags/ingest_historique.py
[2025-03-13T23:08:48.890+0000] {logging_mixin.py:151} INFO - [2025-03-13T23:08:48.890+0000] {dag.py:2915} INFO - Sync 1 DAGs
[2025-03-13T23:08:48.928+0000] {logging_mixin.py:151} INFO - [2025-03-13T23:08:48.927+0000] {dag.py:3696} INFO - Setting next_dagrun for yfinance_ingestion_historique_gold to 2025-03-13T00:00:00+00:00, run_after=2025-03-14T00:00:00+00:00
[2025-03-13T23:08:48.962+0000] {processor.py:179} INFO - Processing /opt/airflow/dags/ingest_historique.py took 0.745 seconds
[2025-03-13T23:09:19.317+0000] {processor.py:157} INFO - Started process (PID=1017) to work on /opt/airflow/dags/ingest_historique.py
[2025-03-13T23:09:19.320+0000] {processor.py:829} INFO - Processing file /opt/airflow/dags/ingest_historique.py for tasks to queue
[2025-03-13T23:09:19.324+0000] {logging_mixin.py:151} INFO - [2025-03-13T23:09:19.322+0000] {dagbag.py:539} INFO - Filling up the DagBag from /opt/airflow/dags/ingest_historique.py
[2025-03-13T23:09:59.414+0000] {processor.py:157} INFO - Started process (PID=167) to work on /opt/airflow/dags/ingest_historique.py
[2025-03-13T23:09:59.416+0000] {processor.py:829} INFO - Processing file /opt/airflow/dags/ingest_historique.py for tasks to queue
[2025-03-13T23:09:59.419+0000] {logging_mixin.py:151} INFO - [2025-03-13T23:09:59.418+0000] {dagbag.py:539} INFO - Filling up the DagBag from /opt/airflow/dags/ingest_historique.py
[2025-03-13T23:10:01.879+0000] {processor.py:839} INFO - DAG(s) dict_keys(['yfinance_ingestion_historique_gold']) retrieved from /opt/airflow/dags/ingest_historique.py
[2025-03-13T23:10:02.231+0000] {logging_mixin.py:151} INFO - [2025-03-13T23:10:02.230+0000] {security.py:708} INFO - Not syncing DAG-level permissions for DAG 'DAG:yfinance_ingestion_historique_gold' as access control is unset.
[2025-03-13T23:10:02.232+0000] {logging_mixin.py:151} INFO - [2025-03-13T23:10:02.231+0000] {dag.py:2915} INFO - Sync 1 DAGs
[2025-03-13T23:10:02.267+0000] {logging_mixin.py:151} INFO - [2025-03-13T23:10:02.267+0000] {dag.py:3696} INFO - Setting next_dagrun for yfinance_ingestion_historique_gold to 2025-03-13T00:00:00+00:00, run_after=2025-03-14T00:00:00+00:00
[2025-03-13T23:10:02.300+0000] {processor.py:179} INFO - Processing /opt/airflow/dags/ingest_historique.py took 2.893 seconds
[2025-03-13T23:10:32.385+0000] {processor.py:157} INFO - Started process (PID=179) to work on /opt/airflow/dags/ingest_historique.py
[2025-03-13T23:10:32.387+0000] {processor.py:829} INFO - Processing file /opt/airflow/dags/ingest_historique.py for tasks to queue
[2025-03-13T23:10:32.388+0000] {logging_mixin.py:151} INFO - [2025-03-13T23:10:32.388+0000] {dagbag.py:539} INFO - Filling up the DagBag from /opt/airflow/dags/ingest_historique.py
[2025-03-13T23:10:31.888+0000] {processor.py:839} INFO - DAG(s) dict_keys(['yfinance_ingestion_historique_gold']) retrieved from /opt/airflow/dags/ingest_historique.py
[2025-03-13T23:10:31.904+0000] {logging_mixin.py:151} INFO - [2025-03-13T23:10:31.903+0000] {dag.py:2915} INFO - Sync 1 DAGs
[2025-03-13T23:10:31.936+0000] {logging_mixin.py:151} INFO - [2025-03-13T23:10:31.935+0000] {dag.py:3696} INFO - Setting next_dagrun for yfinance_ingestion_historique_gold to 2025-03-13T00:00:00+00:00, run_after=2025-03-14T00:00:00+00:00
[2025-03-13T23:10:31.977+0000] {processor.py:179} INFO - Processing /opt/airflow/dags/ingest_historique.py took 0.890 seconds
[2025-03-13T23:11:02.139+0000] {processor.py:157} INFO - Started process (PID=191) to work on /opt/airflow/dags/ingest_historique.py
[2025-03-13T23:11:02.141+0000] {processor.py:829} INFO - Processing file /opt/airflow/dags/ingest_historique.py for tasks to queue
[2025-03-13T23:11:02.144+0000] {logging_mixin.py:151} INFO - [2025-03-13T23:11:02.143+0000] {dagbag.py:539} INFO - Filling up the DagBag from /opt/airflow/dags/ingest_historique.py
[2025-03-13T23:11:03.064+0000] {processor.py:839} INFO - DAG(s) dict_keys(['yfinance_ingestion_historique_gold']) retrieved from /opt/airflow/dags/ingest_historique.py
[2025-03-13T23:11:03.092+0000] {logging_mixin.py:151} INFO - [2025-03-13T23:11:03.091+0000] {dag.py:2915} INFO - Sync 1 DAGs
[2025-03-13T23:11:03.121+0000] {logging_mixin.py:151} INFO - [2025-03-13T23:11:03.121+0000] {dag.py:3696} INFO - Setting next_dagrun for yfinance_ingestion_historique_gold to 2025-03-13T00:00:00+00:00, run_after=2025-03-14T00:00:00+00:00
[2025-03-13T23:11:03.148+0000] {processor.py:179} INFO - Processing /opt/airflow/dags/ingest_historique.py took 1.019 seconds
[2025-03-13T23:11:33.217+0000] {processor.py:157} INFO - Started process (PID=203) to work on /opt/airflow/dags/ingest_historique.py
[2025-03-13T23:11:33.219+0000] {processor.py:829} INFO - Processing file /opt/airflow/dags/ingest_historique.py for tasks to queue
[2025-03-13T23:11:33.220+0000] {logging_mixin.py:151} INFO - [2025-03-13T23:11:33.220+0000] {dagbag.py:539} INFO - Filling up the DagBag from /opt/airflow/dags/ingest_historique.py
[2025-03-13T23:11:33.859+0000] {processor.py:839} INFO - DAG(s) dict_keys(['yfinance_ingestion_historique_gold']) retrieved from /opt/airflow/dags/ingest_historique.py
[2025-03-13T23:11:33.890+0000] {logging_mixin.py:151} INFO - [2025-03-13T23:11:33.890+0000] {dag.py:2915} INFO - Sync 1 DAGs
[2025-03-13T23:11:33.914+0000] {logging_mixin.py:151} INFO - [2025-03-13T23:11:33.913+0000] {dag.py:3696} INFO - Setting next_dagrun for yfinance_ingestion_historique_gold to 2025-03-13T00:00:00+00:00, run_after=2025-03-14T00:00:00+00:00
[2025-03-13T23:11:33.939+0000] {processor.py:179} INFO - Processing /opt/airflow/dags/ingest_historique.py took 0.725 seconds
[2025-03-13T23:12:04.058+0000] {processor.py:157} INFO - Started process (PID=215) to work on /opt/airflow/dags/ingest_historique.py
[2025-03-13T23:12:04.060+0000] {processor.py:829} INFO - Processing file /opt/airflow/dags/ingest_historique.py for tasks to queue
[2025-03-13T23:12:04.061+0000] {logging_mixin.py:151} INFO - [2025-03-13T23:12:04.060+0000] {dagbag.py:539} INFO - Filling up the DagBag from /opt/airflow/dags/ingest_historique.py
[2025-03-13T23:12:04.761+0000] {processor.py:839} INFO - DAG(s) dict_keys(['yfinance_ingestion_historique_gold']) retrieved from /opt/airflow/dags/ingest_historique.py
[2025-03-13T23:12:04.795+0000] {logging_mixin.py:151} INFO - [2025-03-13T23:12:04.794+0000] {dag.py:2915} INFO - Sync 1 DAGs
[2025-03-13T23:12:04.822+0000] {logging_mixin.py:151} INFO - [2025-03-13T23:12:04.822+0000] {dag.py:3696} INFO - Setting next_dagrun for yfinance_ingestion_historique_gold to 2025-03-13T00:00:00+00:00, run_after=2025-03-14T00:00:00+00:00
[2025-03-13T23:12:04.853+0000] {processor.py:179} INFO - Processing /opt/airflow/dags/ingest_historique.py took 0.799 seconds
[2025-03-13T23:12:35.052+0000] {processor.py:157} INFO - Started process (PID=227) to work on /opt/airflow/dags/ingest_historique.py
[2025-03-13T23:12:35.053+0000] {processor.py:829} INFO - Processing file /opt/airflow/dags/ingest_historique.py for tasks to queue
[2025-03-13T23:12:35.055+0000] {logging_mixin.py:151} INFO - [2025-03-13T23:12:35.054+0000] {dagbag.py:539} INFO - Filling up the DagBag from /opt/airflow/dags/ingest_historique.py
[2025-03-13T23:12:35.742+0000] {processor.py:839} INFO - DAG(s) dict_keys(['yfinance_ingestion_historique_gold']) retrieved from /opt/airflow/dags/ingest_historique.py
[2025-03-13T23:12:35.775+0000] {logging_mixin.py:151} INFO - [2025-03-13T23:12:35.775+0000] {dag.py:2915} INFO - Sync 1 DAGs
[2025-03-13T23:12:35.810+0000] {logging_mixin.py:151} INFO - [2025-03-13T23:12:35.810+0000] {dag.py:3696} INFO - Setting next_dagrun for yfinance_ingestion_historique_gold to 2025-03-13T00:00:00+00:00, run_after=2025-03-14T00:00:00+00:00
[2025-03-13T23:12:35.837+0000] {processor.py:179} INFO - Processing /opt/airflow/dags/ingest_historique.py took 0.789 seconds
[2025-03-13T23:13:05.928+0000] {processor.py:157} INFO - Started process (PID=239) to work on /opt/airflow/dags/ingest_historique.py
[2025-03-13T23:13:05.929+0000] {processor.py:829} INFO - Processing file /opt/airflow/dags/ingest_historique.py for tasks to queue
[2025-03-13T23:13:05.930+0000] {logging_mixin.py:151} INFO - [2025-03-13T23:13:05.930+0000] {dagbag.py:539} INFO - Filling up the DagBag from /opt/airflow/dags/ingest_historique.py
[2025-03-13T23:13:06.511+0000] {processor.py:839} INFO - DAG(s) dict_keys(['yfinance_ingestion_historique_gold']) retrieved from /opt/airflow/dags/ingest_historique.py
[2025-03-13T23:13:06.547+0000] {logging_mixin.py:151} INFO - [2025-03-13T23:13:06.547+0000] {dag.py:2915} INFO - Sync 1 DAGs
[2025-03-13T23:13:06.582+0000] {logging_mixin.py:151} INFO - [2025-03-13T23:13:06.582+0000] {dag.py:3696} INFO - Setting next_dagrun for yfinance_ingestion_historique_gold to 2025-03-13T00:00:00+00:00, run_after=2025-03-14T00:00:00+00:00
[2025-03-13T23:13:06.613+0000] {processor.py:179} INFO - Processing /opt/airflow/dags/ingest_historique.py took 0.689 seconds
[2025-03-13T23:13:37.079+0000] {processor.py:157} INFO - Started process (PID=251) to work on /opt/airflow/dags/ingest_historique.py
[2025-03-13T23:13:37.080+0000] {processor.py:829} INFO - Processing file /opt/airflow/dags/ingest_historique.py for tasks to queue
[2025-03-13T23:13:37.082+0000] {logging_mixin.py:151} INFO - [2025-03-13T23:13:37.081+0000] {dagbag.py:539} INFO - Filling up the DagBag from /opt/airflow/dags/ingest_historique.py
[2025-03-13T23:13:37.591+0000] {processor.py:839} INFO - DAG(s) dict_keys(['yfinance_ingestion_historique_gold']) retrieved from /opt/airflow/dags/ingest_historique.py
[2025-03-13T23:13:37.624+0000] {logging_mixin.py:151} INFO - [2025-03-13T23:13:37.623+0000] {dag.py:2915} INFO - Sync 1 DAGs
[2025-03-13T23:13:37.656+0000] {logging_mixin.py:151} INFO - [2025-03-13T23:13:37.656+0000] {dag.py:3696} INFO - Setting next_dagrun for yfinance_ingestion_historique_gold to 2025-03-13T00:00:00+00:00, run_after=2025-03-14T00:00:00+00:00
[2025-03-13T23:13:37.683+0000] {processor.py:179} INFO - Processing /opt/airflow/dags/ingest_historique.py took 0.609 seconds
[2025-03-13T23:14:07.787+0000] {processor.py:157} INFO - Started process (PID=263) to work on /opt/airflow/dags/ingest_historique.py
[2025-03-13T23:14:07.789+0000] {processor.py:829} INFO - Processing file /opt/airflow/dags/ingest_historique.py for tasks to queue
[2025-03-13T23:14:07.792+0000] {logging_mixin.py:151} INFO - [2025-03-13T23:14:07.792+0000] {dagbag.py:539} INFO - Filling up the DagBag from /opt/airflow/dags/ingest_historique.py
[2025-03-13T23:14:08.331+0000] {processor.py:839} INFO - DAG(s) dict_keys(['yfinance_ingestion_historique_gold']) retrieved from /opt/airflow/dags/ingest_historique.py
[2025-03-13T23:14:08.364+0000] {logging_mixin.py:151} INFO - [2025-03-13T23:14:08.363+0000] {dag.py:2915} INFO - Sync 1 DAGs
[2025-03-13T23:14:08.395+0000] {logging_mixin.py:151} INFO - [2025-03-13T23:14:08.394+0000] {dag.py:3696} INFO - Setting next_dagrun for yfinance_ingestion_historique_gold to 2025-03-13T00:00:00+00:00, run_after=2025-03-14T00:00:00+00:00
[2025-03-13T23:14:08.422+0000] {processor.py:179} INFO - Processing /opt/airflow/dags/ingest_historique.py took 0.641 seconds
[2025-03-13T23:14:38.836+0000] {processor.py:157} INFO - Started process (PID=275) to work on /opt/airflow/dags/ingest_historique.py
[2025-03-13T23:14:38.838+0000] {processor.py:829} INFO - Processing file /opt/airflow/dags/ingest_historique.py for tasks to queue
[2025-03-13T23:14:38.841+0000] {logging_mixin.py:151} INFO - [2025-03-13T23:14:38.839+0000] {dagbag.py:539} INFO - Filling up the DagBag from /opt/airflow/dags/ingest_historique.py
[2025-03-13T23:14:39.789+0000] {processor.py:839} INFO - DAG(s) dict_keys(['yfinance_ingestion_historique_gold']) retrieved from /opt/airflow/dags/ingest_historique.py
[2025-03-13T23:14:39.843+0000] {logging_mixin.py:151} INFO - [2025-03-13T23:14:39.842+0000] {dag.py:2915} INFO - Sync 1 DAGs
[2025-03-13T23:14:39.905+0000] {logging_mixin.py:151} INFO - [2025-03-13T23:14:39.904+0000] {dag.py:3696} INFO - Setting next_dagrun for yfinance_ingestion_historique_gold to 2025-03-13T00:00:00+00:00, run_after=2025-03-14T00:00:00+00:00
[2025-03-13T23:14:39.979+0000] {processor.py:179} INFO - Processing /opt/airflow/dags/ingest_historique.py took 1.146 seconds
[2025-03-13T23:15:10.927+0000] {processor.py:157} INFO - Started process (PID=287) to work on /opt/airflow/dags/ingest_historique.py
[2025-03-13T23:15:10.928+0000] {processor.py:829} INFO - Processing file /opt/airflow/dags/ingest_historique.py for tasks to queue
[2025-03-13T23:15:10.930+0000] {logging_mixin.py:151} INFO - [2025-03-13T23:15:10.929+0000] {dagbag.py:539} INFO - Filling up the DagBag from /opt/airflow/dags/ingest_historique.py
[2025-03-13T23:15:11.431+0000] {processor.py:839} INFO - DAG(s) dict_keys(['yfinance_ingestion_historique_gold']) retrieved from /opt/airflow/dags/ingest_historique.py
[2025-03-13T23:15:11.465+0000] {logging_mixin.py:151} INFO - [2025-03-13T23:15:11.465+0000] {dag.py:2915} INFO - Sync 1 DAGs
[2025-03-13T23:15:11.499+0000] {logging_mixin.py:151} INFO - [2025-03-13T23:15:11.499+0000] {dag.py:3696} INFO - Setting next_dagrun for yfinance_ingestion_historique_gold to 2025-03-13T00:00:00+00:00, run_after=2025-03-14T00:00:00+00:00
[2025-03-13T23:15:11.526+0000] {processor.py:179} INFO - Processing /opt/airflow/dags/ingest_historique.py took 0.602 seconds
[2025-03-13T23:15:41.597+0000] {processor.py:157} INFO - Started process (PID=299) to work on /opt/airflow/dags/ingest_historique.py
[2025-03-13T23:15:41.599+0000] {processor.py:829} INFO - Processing file /opt/airflow/dags/ingest_historique.py for tasks to queue
[2025-03-13T23:15:41.600+0000] {logging_mixin.py:151} INFO - [2025-03-13T23:15:41.600+0000] {dagbag.py:539} INFO - Filling up the DagBag from /opt/airflow/dags/ingest_historique.py
[2025-03-13T23:15:42.143+0000] {processor.py:839} INFO - DAG(s) dict_keys(['yfinance_ingestion_historique_gold']) retrieved from /opt/airflow/dags/ingest_historique.py
[2025-03-13T23:15:42.177+0000] {logging_mixin.py:151} INFO - [2025-03-13T23:15:42.176+0000] {dag.py:2915} INFO - Sync 1 DAGs
[2025-03-13T23:15:42.208+0000] {logging_mixin.py:151} INFO - [2025-03-13T23:15:42.208+0000] {dag.py:3696} INFO - Setting next_dagrun for yfinance_ingestion_historique_gold to 2025-03-13T00:00:00+00:00, run_after=2025-03-14T00:00:00+00:00
[2025-03-13T23:15:42.236+0000] {processor.py:179} INFO - Processing /opt/airflow/dags/ingest_historique.py took 0.642 seconds
[2025-03-13T23:16:13.065+0000] {processor.py:157} INFO - Started process (PID=311) to work on /opt/airflow/dags/ingest_historique.py
[2025-03-13T23:16:13.067+0000] {processor.py:829} INFO - Processing file /opt/airflow/dags/ingest_historique.py for tasks to queue
[2025-03-13T23:16:13.068+0000] {logging_mixin.py:151} INFO - [2025-03-13T23:16:13.068+0000] {dagbag.py:539} INFO - Filling up the DagBag from /opt/airflow/dags/ingest_historique.py
[2025-03-13T23:16:13.777+0000] {processor.py:839} INFO - DAG(s) dict_keys(['yfinance_ingestion_historique_gold']) retrieved from /opt/airflow/dags/ingest_historique.py
[2025-03-13T23:16:13.836+0000] {logging_mixin.py:151} INFO - [2025-03-13T23:16:13.836+0000] {dag.py:2915} INFO - Sync 1 DAGs
[2025-03-13T23:16:13.871+0000] {logging_mixin.py:151} INFO - [2025-03-13T23:16:13.871+0000] {dag.py:3696} INFO - Setting next_dagrun for yfinance_ingestion_historique_gold to 2025-03-13T00:00:00+00:00, run_after=2025-03-14T00:00:00+00:00
[2025-03-13T23:16:13.901+0000] {processor.py:179} INFO - Processing /opt/airflow/dags/ingest_historique.py took 0.839 seconds
[2025-03-13T23:16:43.995+0000] {processor.py:157} INFO - Started process (PID=323) to work on /opt/airflow/dags/ingest_historique.py
[2025-03-13T23:16:43.997+0000] {processor.py:829} INFO - Processing file /opt/airflow/dags/ingest_historique.py for tasks to queue
[2025-03-13T23:16:43.999+0000] {logging_mixin.py:151} INFO - [2025-03-13T23:16:43.999+0000] {dagbag.py:539} INFO - Filling up the DagBag from /opt/airflow/dags/ingest_historique.py
[2025-03-13T23:16:44.552+0000] {processor.py:839} INFO - DAG(s) dict_keys(['yfinance_ingestion_historique_gold']) retrieved from /opt/airflow/dags/ingest_historique.py
[2025-03-13T23:16:44.580+0000] {logging_mixin.py:151} INFO - [2025-03-13T23:16:44.580+0000] {dag.py:2915} INFO - Sync 1 DAGs
[2025-03-13T23:16:44.603+0000] {logging_mixin.py:151} INFO - [2025-03-13T23:16:44.603+0000] {dag.py:3696} INFO - Setting next_dagrun for yfinance_ingestion_historique_gold to 2025-03-13T00:00:00+00:00, run_after=2025-03-14T00:00:00+00:00
[2025-03-13T23:16:44.633+0000] {processor.py:179} INFO - Processing /opt/airflow/dags/ingest_historique.py took 0.644 seconds
[2025-03-13T23:17:14.702+0000] {processor.py:157} INFO - Started process (PID=335) to work on /opt/airflow/dags/ingest_historique.py
[2025-03-13T23:17:14.703+0000] {processor.py:829} INFO - Processing file /opt/airflow/dags/ingest_historique.py for tasks to queue
[2025-03-13T23:17:14.705+0000] {logging_mixin.py:151} INFO - [2025-03-13T23:17:14.705+0000] {dagbag.py:539} INFO - Filling up the DagBag from /opt/airflow/dags/ingest_historique.py
[2025-03-13T23:17:13.891+0000] {processor.py:839} INFO - DAG(s) dict_keys(['yfinance_ingestion_historique_gold']) retrieved from /opt/airflow/dags/ingest_historique.py
[2025-03-13T23:17:13.925+0000] {logging_mixin.py:151} INFO - [2025-03-13T23:17:13.923+0000] {dag.py:2915} INFO - Sync 1 DAGs
[2025-03-13T23:17:13.954+0000] {logging_mixin.py:151} INFO - [2025-03-13T23:17:13.953+0000] {dag.py:3696} INFO - Setting next_dagrun for yfinance_ingestion_historique_gold to 2025-03-13T00:00:00+00:00, run_after=2025-03-14T00:00:00+00:00
[2025-03-13T23:17:13.981+0000] {processor.py:179} INFO - Processing /opt/airflow/dags/ingest_historique.py took 0.591 seconds
[2025-03-13T23:17:44.128+0000] {processor.py:157} INFO - Started process (PID=347) to work on /opt/airflow/dags/ingest_historique.py
[2025-03-13T23:17:44.130+0000] {processor.py:829} INFO - Processing file /opt/airflow/dags/ingest_historique.py for tasks to queue
[2025-03-13T23:17:44.132+0000] {logging_mixin.py:151} INFO - [2025-03-13T23:17:44.131+0000] {dagbag.py:539} INFO - Filling up the DagBag from /opt/airflow/dags/ingest_historique.py
[2025-03-13T23:17:44.688+0000] {processor.py:839} INFO - DAG(s) dict_keys(['yfinance_ingestion_historique_gold']) retrieved from /opt/airflow/dags/ingest_historique.py
[2025-03-13T23:17:44.723+0000] {logging_mixin.py:151} INFO - [2025-03-13T23:17:44.722+0000] {dag.py:2915} INFO - Sync 1 DAGs
[2025-03-13T23:17:44.750+0000] {logging_mixin.py:151} INFO - [2025-03-13T23:17:44.749+0000] {dag.py:3696} INFO - Setting next_dagrun for yfinance_ingestion_historique_gold to 2025-03-13T00:00:00+00:00, run_after=2025-03-14T00:00:00+00:00
[2025-03-13T23:17:44.782+0000] {processor.py:179} INFO - Processing /opt/airflow/dags/ingest_historique.py took 0.659 seconds
[2025-03-13T23:18:14.837+0000] {processor.py:157} INFO - Started process (PID=359) to work on /opt/airflow/dags/ingest_historique.py
[2025-03-13T23:18:14.838+0000] {processor.py:829} INFO - Processing file /opt/airflow/dags/ingest_historique.py for tasks to queue
[2025-03-13T23:18:14.839+0000] {logging_mixin.py:151} INFO - [2025-03-13T23:18:14.839+0000] {dagbag.py:539} INFO - Filling up the DagBag from /opt/airflow/dags/ingest_historique.py
[2025-03-13T23:18:15.570+0000] {processor.py:839} INFO - DAG(s) dict_keys(['yfinance_ingestion_historique_gold']) retrieved from /opt/airflow/dags/ingest_historique.py
[2025-03-13T23:18:15.613+0000] {logging_mixin.py:151} INFO - [2025-03-13T23:18:15.612+0000] {dag.py:2915} INFO - Sync 1 DAGs
[2025-03-13T23:18:15.660+0000] {logging_mixin.py:151} INFO - [2025-03-13T23:18:15.660+0000] {dag.py:3696} INFO - Setting next_dagrun for yfinance_ingestion_historique_gold to 2025-03-13T00:00:00+00:00, run_after=2025-03-14T00:00:00+00:00
[2025-03-13T23:18:15.697+0000] {processor.py:179} INFO - Processing /opt/airflow/dags/ingest_historique.py took 0.864 seconds
[2025-03-13T23:18:45.815+0000] {processor.py:157} INFO - Started process (PID=371) to work on /opt/airflow/dags/ingest_historique.py
[2025-03-13T23:18:45.817+0000] {processor.py:829} INFO - Processing file /opt/airflow/dags/ingest_historique.py for tasks to queue
[2025-03-13T23:18:45.818+0000] {logging_mixin.py:151} INFO - [2025-03-13T23:18:45.818+0000] {dagbag.py:539} INFO - Filling up the DagBag from /opt/airflow/dags/ingest_historique.py
[2025-03-13T23:18:46.427+0000] {processor.py:839} INFO - DAG(s) dict_keys(['yfinance_ingestion_historique_gold']) retrieved from /opt/airflow/dags/ingest_historique.py
[2025-03-13T23:18:46.459+0000] {logging_mixin.py:151} INFO - [2025-03-13T23:18:46.458+0000] {dag.py:2915} INFO - Sync 1 DAGs
[2025-03-13T23:18:46.484+0000] {logging_mixin.py:151} INFO - [2025-03-13T23:18:46.484+0000] {dag.py:3696} INFO - Setting next_dagrun for yfinance_ingestion_historique_gold to 2025-03-13T00:00:00+00:00, run_after=2025-03-14T00:00:00+00:00
[2025-03-13T23:18:46.513+0000] {processor.py:179} INFO - Processing /opt/airflow/dags/ingest_historique.py took 0.701 seconds
[2025-03-13T23:19:16.686+0000] {processor.py:157} INFO - Started process (PID=383) to work on /opt/airflow/dags/ingest_historique.py
[2025-03-13T23:19:16.688+0000] {processor.py:829} INFO - Processing file /opt/airflow/dags/ingest_historique.py for tasks to queue
[2025-03-13T23:19:16.690+0000] {logging_mixin.py:151} INFO - [2025-03-13T23:19:16.689+0000] {dagbag.py:539} INFO - Filling up the DagBag from /opt/airflow/dags/ingest_historique.py
[2025-03-13T23:19:17.489+0000] {processor.py:839} INFO - DAG(s) dict_keys(['yfinance_ingestion_historique_gold']) retrieved from /opt/airflow/dags/ingest_historique.py
[2025-03-13T23:19:17.518+0000] {logging_mixin.py:151} INFO - [2025-03-13T23:19:17.517+0000] {dag.py:2915} INFO - Sync 1 DAGs
[2025-03-13T23:19:17.548+0000] {logging_mixin.py:151} INFO - [2025-03-13T23:19:17.548+0000] {dag.py:3696} INFO - Setting next_dagrun for yfinance_ingestion_historique_gold to 2025-03-13T00:00:00+00:00, run_after=2025-03-14T00:00:00+00:00
[2025-03-13T23:19:17.575+0000] {processor.py:179} INFO - Processing /opt/airflow/dags/ingest_historique.py took 0.894 seconds
[2025-03-13T23:19:47.708+0000] {processor.py:157} INFO - Started process (PID=395) to work on /opt/airflow/dags/ingest_historique.py
[2025-03-13T23:19:47.710+0000] {processor.py:829} INFO - Processing file /opt/airflow/dags/ingest_historique.py for tasks to queue
[2025-03-13T23:19:47.712+0000] {logging_mixin.py:151} INFO - [2025-03-13T23:19:47.711+0000] {dagbag.py:539} INFO - Filling up the DagBag from /opt/airflow/dags/ingest_historique.py
[2025-03-13T23:19:48.307+0000] {processor.py:839} INFO - DAG(s) dict_keys(['yfinance_ingestion_historique_gold']) retrieved from /opt/airflow/dags/ingest_historique.py
[2025-03-13T23:19:48.339+0000] {logging_mixin.py:151} INFO - [2025-03-13T23:19:48.338+0000] {dag.py:2915} INFO - Sync 1 DAGs
[2025-03-13T23:19:48.381+0000] {logging_mixin.py:151} INFO - [2025-03-13T23:19:48.381+0000] {dag.py:3696} INFO - Setting next_dagrun for yfinance_ingestion_historique_gold to 2025-03-13T00:00:00+00:00, run_after=2025-03-14T00:00:00+00:00
[2025-03-13T23:19:48.434+0000] {processor.py:179} INFO - Processing /opt/airflow/dags/ingest_historique.py took 0.730 seconds
[2025-03-13T23:20:18.503+0000] {processor.py:157} INFO - Started process (PID=407) to work on /opt/airflow/dags/ingest_historique.py
[2025-03-13T23:20:18.504+0000] {processor.py:829} INFO - Processing file /opt/airflow/dags/ingest_historique.py for tasks to queue
[2025-03-13T23:20:18.505+0000] {logging_mixin.py:151} INFO - [2025-03-13T23:20:18.504+0000] {dagbag.py:539} INFO - Filling up the DagBag from /opt/airflow/dags/ingest_historique.py
[2025-03-13T23:20:18.931+0000] {processor.py:839} INFO - DAG(s) dict_keys(['yfinance_ingestion_historique_gold']) retrieved from /opt/airflow/dags/ingest_historique.py
[2025-03-13T23:20:18.957+0000] {logging_mixin.py:151} INFO - [2025-03-13T23:20:18.956+0000] {dag.py:2915} INFO - Sync 1 DAGs
[2025-03-13T23:20:18.978+0000] {logging_mixin.py:151} INFO - [2025-03-13T23:20:18.978+0000] {dag.py:3696} INFO - Setting next_dagrun for yfinance_ingestion_historique_gold to 2025-03-13T00:00:00+00:00, run_after=2025-03-14T00:00:00+00:00
[2025-03-13T23:20:18.999+0000] {processor.py:179} INFO - Processing /opt/airflow/dags/ingest_historique.py took 0.500 seconds
[2025-03-13T23:20:49.544+0000] {processor.py:157} INFO - Started process (PID=419) to work on /opt/airflow/dags/ingest_historique.py
[2025-03-13T23:20:49.545+0000] {processor.py:829} INFO - Processing file /opt/airflow/dags/ingest_historique.py for tasks to queue
[2025-03-13T23:20:49.546+0000] {logging_mixin.py:151} INFO - [2025-03-13T23:20:49.546+0000] {dagbag.py:539} INFO - Filling up the DagBag from /opt/airflow/dags/ingest_historique.py
[2025-03-13T23:20:50.095+0000] {processor.py:839} INFO - DAG(s) dict_keys(['yfinance_ingestion_historique_gold']) retrieved from /opt/airflow/dags/ingest_historique.py
[2025-03-13T23:20:50.121+0000] {logging_mixin.py:151} INFO - [2025-03-13T23:20:50.121+0000] {dag.py:2915} INFO - Sync 1 DAGs
[2025-03-13T23:20:50.144+0000] {logging_mixin.py:151} INFO - [2025-03-13T23:20:50.144+0000] {dag.py:3696} INFO - Setting next_dagrun for yfinance_ingestion_historique_gold to 2025-03-13T00:00:00+00:00, run_after=2025-03-14T00:00:00+00:00
[2025-03-13T23:20:50.170+0000] {processor.py:179} INFO - Processing /opt/airflow/dags/ingest_historique.py took 0.630 seconds
[2025-03-13T23:21:20.777+0000] {processor.py:157} INFO - Started process (PID=431) to work on /opt/airflow/dags/ingest_historique.py
[2025-03-13T23:21:20.778+0000] {processor.py:829} INFO - Processing file /opt/airflow/dags/ingest_historique.py for tasks to queue
[2025-03-13T23:21:20.779+0000] {logging_mixin.py:151} INFO - [2025-03-13T23:21:20.779+0000] {dagbag.py:539} INFO - Filling up the DagBag from /opt/airflow/dags/ingest_historique.py
[2025-03-13T23:21:21.184+0000] {processor.py:839} INFO - DAG(s) dict_keys(['yfinance_ingestion_historique_gold']) retrieved from /opt/airflow/dags/ingest_historique.py
[2025-03-13T23:21:21.214+0000] {logging_mixin.py:151} INFO - [2025-03-13T23:21:21.213+0000] {dag.py:2915} INFO - Sync 1 DAGs
[2025-03-13T23:21:21.240+0000] {logging_mixin.py:151} INFO - [2025-03-13T23:21:21.240+0000] {dag.py:3696} INFO - Setting next_dagrun for yfinance_ingestion_historique_gold to 2025-03-13T00:00:00+00:00, run_after=2025-03-14T00:00:00+00:00
[2025-03-13T23:21:21.271+0000] {processor.py:179} INFO - Processing /opt/airflow/dags/ingest_historique.py took 0.498 seconds
[2025-03-13T23:21:51.840+0000] {processor.py:157} INFO - Started process (PID=443) to work on /opt/airflow/dags/ingest_historique.py
[2025-03-13T23:21:51.841+0000] {processor.py:829} INFO - Processing file /opt/airflow/dags/ingest_historique.py for tasks to queue
[2025-03-13T23:21:51.842+0000] {logging_mixin.py:151} INFO - [2025-03-13T23:21:51.842+0000] {dagbag.py:539} INFO - Filling up the DagBag from /opt/airflow/dags/ingest_historique.py
[2025-03-13T23:21:52.340+0000] {processor.py:839} INFO - DAG(s) dict_keys(['yfinance_ingestion_historique_gold']) retrieved from /opt/airflow/dags/ingest_historique.py
[2025-03-13T23:21:52.370+0000] {logging_mixin.py:151} INFO - [2025-03-13T23:21:52.370+0000] {dag.py:2915} INFO - Sync 1 DAGs
[2025-03-13T23:21:52.396+0000] {logging_mixin.py:151} INFO - [2025-03-13T23:21:52.396+0000] {dag.py:3696} INFO - Setting next_dagrun for yfinance_ingestion_historique_gold to 2025-03-13T00:00:00+00:00, run_after=2025-03-14T00:00:00+00:00
[2025-03-13T23:21:52.423+0000] {processor.py:179} INFO - Processing /opt/airflow/dags/ingest_historique.py took 0.587 seconds
[2025-03-13T23:22:22.843+0000] {processor.py:157} INFO - Started process (PID=455) to work on /opt/airflow/dags/ingest_historique.py
[2025-03-13T23:22:22.844+0000] {processor.py:829} INFO - Processing file /opt/airflow/dags/ingest_historique.py for tasks to queue
[2025-03-13T23:22:22.845+0000] {logging_mixin.py:151} INFO - [2025-03-13T23:22:22.845+0000] {dagbag.py:539} INFO - Filling up the DagBag from /opt/airflow/dags/ingest_historique.py
[2025-03-13T23:22:23.241+0000] {processor.py:839} INFO - DAG(s) dict_keys(['yfinance_ingestion_historique_gold']) retrieved from /opt/airflow/dags/ingest_historique.py
[2025-03-13T23:22:23.266+0000] {logging_mixin.py:151} INFO - [2025-03-13T23:22:23.265+0000] {dag.py:2915} INFO - Sync 1 DAGs
[2025-03-13T23:22:23.288+0000] {logging_mixin.py:151} INFO - [2025-03-13T23:22:23.288+0000] {dag.py:3696} INFO - Setting next_dagrun for yfinance_ingestion_historique_gold to 2025-03-13T00:00:00+00:00, run_after=2025-03-14T00:00:00+00:00
[2025-03-13T23:22:23.314+0000] {processor.py:179} INFO - Processing /opt/airflow/dags/ingest_historique.py took 0.474 seconds
[2025-03-13T23:22:54.078+0000] {processor.py:157} INFO - Started process (PID=467) to work on /opt/airflow/dags/ingest_historique.py
[2025-03-13T23:22:54.082+0000] {processor.py:829} INFO - Processing file /opt/airflow/dags/ingest_historique.py for tasks to queue
[2025-03-13T23:22:54.084+0000] {logging_mixin.py:151} INFO - [2025-03-13T23:22:54.083+0000] {dagbag.py:539} INFO - Filling up the DagBag from /opt/airflow/dags/ingest_historique.py
[2025-03-13T23:22:54.623+0000] {processor.py:839} INFO - DAG(s) dict_keys(['yfinance_ingestion_historique_gold']) retrieved from /opt/airflow/dags/ingest_historique.py
[2025-03-13T23:22:54.654+0000] {logging_mixin.py:151} INFO - [2025-03-13T23:22:54.654+0000] {dag.py:2915} INFO - Sync 1 DAGs
[2025-03-13T23:22:54.682+0000] {logging_mixin.py:151} INFO - [2025-03-13T23:22:54.682+0000] {dag.py:3696} INFO - Setting next_dagrun for yfinance_ingestion_historique_gold to 2025-03-13T00:00:00+00:00, run_after=2025-03-14T00:00:00+00:00
[2025-03-13T23:22:54.709+0000] {processor.py:179} INFO - Processing /opt/airflow/dags/ingest_historique.py took 0.641 seconds
[2025-03-13T23:23:25.155+0000] {processor.py:157} INFO - Started process (PID=479) to work on /opt/airflow/dags/ingest_historique.py
[2025-03-13T23:23:25.156+0000] {processor.py:829} INFO - Processing file /opt/airflow/dags/ingest_historique.py for tasks to queue
[2025-03-13T23:23:25.158+0000] {logging_mixin.py:151} INFO - [2025-03-13T23:23:25.157+0000] {dagbag.py:539} INFO - Filling up the DagBag from /opt/airflow/dags/ingest_historique.py
[2025-03-13T23:23:25.697+0000] {processor.py:839} INFO - DAG(s) dict_keys(['yfinance_ingestion_historique_gold']) retrieved from /opt/airflow/dags/ingest_historique.py
[2025-03-13T23:23:25.730+0000] {logging_mixin.py:151} INFO - [2025-03-13T23:23:25.729+0000] {dag.py:2915} INFO - Sync 1 DAGs
[2025-03-13T23:23:25.761+0000] {logging_mixin.py:151} INFO - [2025-03-13T23:23:25.761+0000] {dag.py:3696} INFO - Setting next_dagrun for yfinance_ingestion_historique_gold to 2025-03-13T00:00:00+00:00, run_after=2025-03-14T00:00:00+00:00
[2025-03-13T23:23:25.794+0000] {processor.py:179} INFO - Processing /opt/airflow/dags/ingest_historique.py took 0.644 seconds
[2025-03-13T23:23:55.074+0000] {processor.py:157} INFO - Started process (PID=491) to work on /opt/airflow/dags/ingest_historique.py
[2025-03-13T23:23:55.076+0000] {processor.py:829} INFO - Processing file /opt/airflow/dags/ingest_historique.py for tasks to queue
[2025-03-13T23:23:55.077+0000] {logging_mixin.py:151} INFO - [2025-03-13T23:23:55.077+0000] {dagbag.py:539} INFO - Filling up the DagBag from /opt/airflow/dags/ingest_historique.py
[2025-03-13T23:23:55.716+0000] {processor.py:839} INFO - DAG(s) dict_keys(['yfinance_ingestion_historique_gold']) retrieved from /opt/airflow/dags/ingest_historique.py
[2025-03-13T23:23:55.752+0000] {logging_mixin.py:151} INFO - [2025-03-13T23:23:55.751+0000] {dag.py:2915} INFO - Sync 1 DAGs
[2025-03-13T23:23:55.783+0000] {logging_mixin.py:151} INFO - [2025-03-13T23:23:55.783+0000] {dag.py:3696} INFO - Setting next_dagrun for yfinance_ingestion_historique_gold to 2025-03-13T00:00:00+00:00, run_after=2025-03-14T00:00:00+00:00
[2025-03-13T23:23:55.808+0000] {processor.py:179} INFO - Processing /opt/airflow/dags/ingest_historique.py took 0.741 seconds
[2025-03-13T23:24:26.139+0000] {processor.py:157} INFO - Started process (PID=503) to work on /opt/airflow/dags/ingest_historique.py
[2025-03-13T23:24:26.141+0000] {processor.py:829} INFO - Processing file /opt/airflow/dags/ingest_historique.py for tasks to queue
[2025-03-13T23:24:26.142+0000] {logging_mixin.py:151} INFO - [2025-03-13T23:24:26.142+0000] {dagbag.py:539} INFO - Filling up the DagBag from /opt/airflow/dags/ingest_historique.py
[2025-03-13T23:24:26.675+0000] {processor.py:839} INFO - DAG(s) dict_keys(['yfinance_ingestion_historique_gold']) retrieved from /opt/airflow/dags/ingest_historique.py
[2025-03-13T23:24:26.715+0000] {logging_mixin.py:151} INFO - [2025-03-13T23:24:26.715+0000] {dag.py:2915} INFO - Sync 1 DAGs
[2025-03-13T23:24:26.744+0000] {logging_mixin.py:151} INFO - [2025-03-13T23:24:26.744+0000] {dag.py:3696} INFO - Setting next_dagrun for yfinance_ingestion_historique_gold to 2025-03-13T00:00:00+00:00, run_after=2025-03-14T00:00:00+00:00
[2025-03-13T23:24:26.773+0000] {processor.py:179} INFO - Processing /opt/airflow/dags/ingest_historique.py took 0.638 seconds
[2025-03-13T23:24:57.635+0000] {processor.py:157} INFO - Started process (PID=515) to work on /opt/airflow/dags/ingest_historique.py
[2025-03-13T23:24:57.636+0000] {processor.py:829} INFO - Processing file /opt/airflow/dags/ingest_historique.py for tasks to queue
[2025-03-13T23:24:57.638+0000] {logging_mixin.py:151} INFO - [2025-03-13T23:24:57.637+0000] {dagbag.py:539} INFO - Filling up the DagBag from /opt/airflow/dags/ingest_historique.py
[2025-03-13T23:24:58.176+0000] {processor.py:839} INFO - DAG(s) dict_keys(['yfinance_ingestion_historique_gold']) retrieved from /opt/airflow/dags/ingest_historique.py
[2025-03-13T23:24:58.213+0000] {logging_mixin.py:151} INFO - [2025-03-13T23:24:58.212+0000] {dag.py:2915} INFO - Sync 1 DAGs
[2025-03-13T23:24:58.240+0000] {logging_mixin.py:151} INFO - [2025-03-13T23:24:58.240+0000] {dag.py:3696} INFO - Setting next_dagrun for yfinance_ingestion_historique_gold to 2025-03-13T00:00:00+00:00, run_after=2025-03-14T00:00:00+00:00
[2025-03-13T23:24:58.267+0000] {processor.py:179} INFO - Processing /opt/airflow/dags/ingest_historique.py took 0.637 seconds
[2025-03-13T23:25:28.366+0000] {processor.py:157} INFO - Started process (PID=527) to work on /opt/airflow/dags/ingest_historique.py
[2025-03-13T23:25:28.368+0000] {processor.py:829} INFO - Processing file /opt/airflow/dags/ingest_historique.py for tasks to queue
[2025-03-13T23:25:28.370+0000] {logging_mixin.py:151} INFO - [2025-03-13T23:25:28.369+0000] {dagbag.py:539} INFO - Filling up the DagBag from /opt/airflow/dags/ingest_historique.py
[2025-03-13T23:25:29.054+0000] {processor.py:839} INFO - DAG(s) dict_keys(['yfinance_ingestion_historique_gold']) retrieved from /opt/airflow/dags/ingest_historique.py
[2025-03-13T23:25:29.100+0000] {logging_mixin.py:151} INFO - [2025-03-13T23:25:29.099+0000] {dag.py:2915} INFO - Sync 1 DAGs
[2025-03-13T23:25:29.130+0000] {logging_mixin.py:151} INFO - [2025-03-13T23:25:29.129+0000] {dag.py:3696} INFO - Setting next_dagrun for yfinance_ingestion_historique_gold to 2025-03-13T00:00:00+00:00, run_after=2025-03-14T00:00:00+00:00
[2025-03-13T23:25:29.161+0000] {processor.py:179} INFO - Processing /opt/airflow/dags/ingest_historique.py took 0.800 seconds
[2025-03-13T23:25:59.275+0000] {processor.py:157} INFO - Started process (PID=539) to work on /opt/airflow/dags/ingest_historique.py
[2025-03-13T23:25:59.277+0000] {processor.py:829} INFO - Processing file /opt/airflow/dags/ingest_historique.py for tasks to queue
[2025-03-13T23:25:59.278+0000] {logging_mixin.py:151} INFO - [2025-03-13T23:25:59.278+0000] {dagbag.py:539} INFO - Filling up the DagBag from /opt/airflow/dags/ingest_historique.py
[2025-03-13T23:25:59.923+0000] {processor.py:839} INFO - DAG(s) dict_keys(['yfinance_ingestion_historique_gold']) retrieved from /opt/airflow/dags/ingest_historique.py
[2025-03-13T23:25:59.955+0000] {logging_mixin.py:151} INFO - [2025-03-13T23:25:59.955+0000] {dag.py:2915} INFO - Sync 1 DAGs
[2025-03-13T23:25:59.984+0000] {logging_mixin.py:151} INFO - [2025-03-13T23:25:59.984+0000] {dag.py:3696} INFO - Setting next_dagrun for yfinance_ingestion_historique_gold to 2025-03-13T00:00:00+00:00, run_after=2025-03-14T00:00:00+00:00
[2025-03-13T23:26:00.009+0000] {processor.py:179} INFO - Processing /opt/airflow/dags/ingest_historique.py took 0.738 seconds
[2025-03-13T23:26:30.071+0000] {processor.py:157} INFO - Started process (PID=551) to work on /opt/airflow/dags/ingest_historique.py
[2025-03-13T23:26:30.072+0000] {processor.py:829} INFO - Processing file /opt/airflow/dags/ingest_historique.py for tasks to queue
[2025-03-13T23:26:30.073+0000] {logging_mixin.py:151} INFO - [2025-03-13T23:26:30.073+0000] {dagbag.py:539} INFO - Filling up the DagBag from /opt/airflow/dags/ingest_historique.py
[2025-03-13T23:26:30.571+0000] {processor.py:839} INFO - DAG(s) dict_keys(['yfinance_ingestion_historique_gold']) retrieved from /opt/airflow/dags/ingest_historique.py
[2025-03-13T23:26:30.604+0000] {logging_mixin.py:151} INFO - [2025-03-13T23:26:30.604+0000] {dag.py:2915} INFO - Sync 1 DAGs
[2025-03-13T23:26:30.633+0000] {logging_mixin.py:151} INFO - [2025-03-13T23:26:30.633+0000] {dag.py:3696} INFO - Setting next_dagrun for yfinance_ingestion_historique_gold to 2025-03-13T00:00:00+00:00, run_after=2025-03-14T00:00:00+00:00
[2025-03-13T23:26:30.663+0000] {processor.py:179} INFO - Processing /opt/airflow/dags/ingest_historique.py took 0.596 seconds
[2025-03-13T23:27:01.306+0000] {processor.py:157} INFO - Started process (PID=563) to work on /opt/airflow/dags/ingest_historique.py
[2025-03-13T23:27:01.307+0000] {processor.py:829} INFO - Processing file /opt/airflow/dags/ingest_historique.py for tasks to queue
[2025-03-13T23:27:01.308+0000] {logging_mixin.py:151} INFO - [2025-03-13T23:27:01.308+0000] {dagbag.py:539} INFO - Filling up the DagBag from /opt/airflow/dags/ingest_historique.py
[2025-03-13T23:27:01.809+0000] {processor.py:839} INFO - DAG(s) dict_keys(['yfinance_ingestion_historique_gold']) retrieved from /opt/airflow/dags/ingest_historique.py
[2025-03-13T23:27:01.840+0000] {logging_mixin.py:151} INFO - [2025-03-13T23:27:01.839+0000] {dag.py:2915} INFO - Sync 1 DAGs
[2025-03-13T23:27:01.871+0000] {logging_mixin.py:151} INFO - [2025-03-13T23:27:01.871+0000] {dag.py:3696} INFO - Setting next_dagrun for yfinance_ingestion_historique_gold to 2025-03-13T00:00:00+00:00, run_after=2025-03-14T00:00:00+00:00
[2025-03-13T23:27:01.899+0000] {processor.py:179} INFO - Processing /opt/airflow/dags/ingest_historique.py took 0.597 seconds
[2025-03-13T23:27:32.616+0000] {processor.py:157} INFO - Started process (PID=575) to work on /opt/airflow/dags/ingest_historique.py
[2025-03-13T23:27:32.618+0000] {processor.py:829} INFO - Processing file /opt/airflow/dags/ingest_historique.py for tasks to queue
[2025-03-13T23:27:32.619+0000] {logging_mixin.py:151} INFO - [2025-03-13T23:27:32.619+0000] {dagbag.py:539} INFO - Filling up the DagBag from /opt/airflow/dags/ingest_historique.py
[2025-03-13T23:27:33.192+0000] {processor.py:839} INFO - DAG(s) dict_keys(['yfinance_ingestion_historique_gold']) retrieved from /opt/airflow/dags/ingest_historique.py
[2025-03-13T23:27:33.225+0000] {logging_mixin.py:151} INFO - [2025-03-13T23:27:33.224+0000] {dag.py:2915} INFO - Sync 1 DAGs
[2025-03-13T23:27:33.255+0000] {logging_mixin.py:151} INFO - [2025-03-13T23:27:33.255+0000] {dag.py:3696} INFO - Setting next_dagrun for yfinance_ingestion_historique_gold to 2025-03-13T00:00:00+00:00, run_after=2025-03-14T00:00:00+00:00
[2025-03-13T23:27:33.284+0000] {processor.py:179} INFO - Processing /opt/airflow/dags/ingest_historique.py took 0.672 seconds
[2025-03-13T23:28:03.539+0000] {processor.py:157} INFO - Started process (PID=587) to work on /opt/airflow/dags/ingest_historique.py
[2025-03-13T23:28:03.540+0000] {processor.py:829} INFO - Processing file /opt/airflow/dags/ingest_historique.py for tasks to queue
[2025-03-13T23:28:03.542+0000] {logging_mixin.py:151} INFO - [2025-03-13T23:28:03.541+0000] {dagbag.py:539} INFO - Filling up the DagBag from /opt/airflow/dags/ingest_historique.py
[2025-03-13T23:28:04.360+0000] {processor.py:839} INFO - DAG(s) dict_keys(['yfinance_ingestion_historique_gold']) retrieved from /opt/airflow/dags/ingest_historique.py
[2025-03-13T23:28:04.391+0000] {logging_mixin.py:151} INFO - [2025-03-13T23:28:04.390+0000] {dag.py:2915} INFO - Sync 1 DAGs
[2025-03-13T23:28:04.419+0000] {logging_mixin.py:151} INFO - [2025-03-13T23:28:04.419+0000] {dag.py:3696} INFO - Setting next_dagrun for yfinance_ingestion_historique_gold to 2025-03-13T00:00:00+00:00, run_after=2025-03-14T00:00:00+00:00
[2025-03-13T23:28:04.445+0000] {processor.py:179} INFO - Processing /opt/airflow/dags/ingest_historique.py took 0.910 seconds
[2025-03-13T23:28:35.038+0000] {processor.py:157} INFO - Started process (PID=599) to work on /opt/airflow/dags/ingest_historique.py
[2025-03-13T23:28:35.039+0000] {processor.py:829} INFO - Processing file /opt/airflow/dags/ingest_historique.py for tasks to queue
[2025-03-13T23:28:35.041+0000] {logging_mixin.py:151} INFO - [2025-03-13T23:28:35.040+0000] {dagbag.py:539} INFO - Filling up the DagBag from /opt/airflow/dags/ingest_historique.py
[2025-03-13T23:28:35.544+0000] {processor.py:839} INFO - DAG(s) dict_keys(['yfinance_ingestion_historique_gold']) retrieved from /opt/airflow/dags/ingest_historique.py
[2025-03-13T23:28:35.578+0000] {logging_mixin.py:151} INFO - [2025-03-13T23:28:35.577+0000] {dag.py:2915} INFO - Sync 1 DAGs
[2025-03-13T23:28:35.606+0000] {logging_mixin.py:151} INFO - [2025-03-13T23:28:35.606+0000] {dag.py:3696} INFO - Setting next_dagrun for yfinance_ingestion_historique_gold to 2025-03-13T00:00:00+00:00, run_after=2025-03-14T00:00:00+00:00
[2025-03-13T23:28:35.640+0000] {processor.py:179} INFO - Processing /opt/airflow/dags/ingest_historique.py took 0.606 seconds
[2025-03-13T23:29:06.075+0000] {processor.py:157} INFO - Started process (PID=611) to work on /opt/airflow/dags/ingest_historique.py
[2025-03-13T23:29:06.078+0000] {processor.py:829} INFO - Processing file /opt/airflow/dags/ingest_historique.py for tasks to queue
[2025-03-13T23:29:06.080+0000] {logging_mixin.py:151} INFO - [2025-03-13T23:29:06.080+0000] {dagbag.py:539} INFO - Filling up the DagBag from /opt/airflow/dags/ingest_historique.py
[2025-03-13T23:29:06.620+0000] {processor.py:839} INFO - DAG(s) dict_keys(['yfinance_ingestion_historique_gold']) retrieved from /opt/airflow/dags/ingest_historique.py
[2025-03-13T23:29:06.668+0000] {logging_mixin.py:151} INFO - [2025-03-13T23:29:06.667+0000] {dag.py:2915} INFO - Sync 1 DAGs
[2025-03-13T23:29:06.701+0000] {logging_mixin.py:151} INFO - [2025-03-13T23:29:06.701+0000] {dag.py:3696} INFO - Setting next_dagrun for yfinance_ingestion_historique_gold to 2025-03-13T00:00:00+00:00, run_after=2025-03-14T00:00:00+00:00
[2025-03-13T23:29:06.737+0000] {processor.py:179} INFO - Processing /opt/airflow/dags/ingest_historique.py took 0.667 seconds
[2025-03-13T23:29:37.391+0000] {processor.py:157} INFO - Started process (PID=623) to work on /opt/airflow/dags/ingest_historique.py
[2025-03-13T23:29:37.392+0000] {processor.py:829} INFO - Processing file /opt/airflow/dags/ingest_historique.py for tasks to queue
[2025-03-13T23:29:37.394+0000] {logging_mixin.py:151} INFO - [2025-03-13T23:29:37.394+0000] {dagbag.py:539} INFO - Filling up the DagBag from /opt/airflow/dags/ingest_historique.py
[2025-03-13T23:29:37.961+0000] {processor.py:839} INFO - DAG(s) dict_keys(['yfinance_ingestion_historique_gold']) retrieved from /opt/airflow/dags/ingest_historique.py
[2025-03-13T23:29:37.990+0000] {logging_mixin.py:151} INFO - [2025-03-13T23:29:37.990+0000] {dag.py:2915} INFO - Sync 1 DAGs
[2025-03-13T23:29:38.018+0000] {logging_mixin.py:151} INFO - [2025-03-13T23:29:38.017+0000] {dag.py:3696} INFO - Setting next_dagrun for yfinance_ingestion_historique_gold to 2025-03-13T00:00:00+00:00, run_after=2025-03-14T00:00:00+00:00
[2025-03-13T23:29:38.044+0000] {processor.py:179} INFO - Processing /opt/airflow/dags/ingest_historique.py took 0.657 seconds
[2025-03-13T23:30:08.111+0000] {processor.py:157} INFO - Started process (PID=635) to work on /opt/airflow/dags/ingest_historique.py
[2025-03-13T23:30:08.112+0000] {processor.py:829} INFO - Processing file /opt/airflow/dags/ingest_historique.py for tasks to queue
[2025-03-13T23:30:08.113+0000] {logging_mixin.py:151} INFO - [2025-03-13T23:30:08.113+0000] {dagbag.py:539} INFO - Filling up the DagBag from /opt/airflow/dags/ingest_historique.py
[2025-03-13T23:30:08.599+0000] {processor.py:839} INFO - DAG(s) dict_keys(['yfinance_ingestion_historique_gold']) retrieved from /opt/airflow/dags/ingest_historique.py
[2025-03-13T23:30:08.630+0000] {logging_mixin.py:151} INFO - [2025-03-13T23:30:08.629+0000] {dag.py:2915} INFO - Sync 1 DAGs
[2025-03-13T23:30:08.660+0000] {logging_mixin.py:151} INFO - [2025-03-13T23:30:08.660+0000] {dag.py:3696} INFO - Setting next_dagrun for yfinance_ingestion_historique_gold to 2025-03-13T00:00:00+00:00, run_after=2025-03-14T00:00:00+00:00
[2025-03-13T23:30:08.697+0000] {processor.py:179} INFO - Processing /opt/airflow/dags/ingest_historique.py took 0.590 seconds
[2025-03-13T23:30:39.453+0000] {processor.py:157} INFO - Started process (PID=647) to work on /opt/airflow/dags/ingest_historique.py
[2025-03-13T23:30:39.454+0000] {processor.py:829} INFO - Processing file /opt/airflow/dags/ingest_historique.py for tasks to queue
[2025-03-13T23:30:39.456+0000] {logging_mixin.py:151} INFO - [2025-03-13T23:30:39.455+0000] {dagbag.py:539} INFO - Filling up the DagBag from /opt/airflow/dags/ingest_historique.py
[2025-03-13T23:30:39.992+0000] {processor.py:839} INFO - DAG(s) dict_keys(['yfinance_ingestion_historique_gold']) retrieved from /opt/airflow/dags/ingest_historique.py
[2025-03-13T23:30:40.028+0000] {logging_mixin.py:151} INFO - [2025-03-13T23:30:40.027+0000] {dag.py:2915} INFO - Sync 1 DAGs
[2025-03-13T23:30:40.055+0000] {logging_mixin.py:151} INFO - [2025-03-13T23:30:40.055+0000] {dag.py:3696} INFO - Setting next_dagrun for yfinance_ingestion_historique_gold to 2025-03-13T00:00:00+00:00, run_after=2025-03-14T00:00:00+00:00
[2025-03-13T23:30:40.086+0000] {processor.py:179} INFO - Processing /opt/airflow/dags/ingest_historique.py took 0.637 seconds
[2025-03-13T23:31:10.675+0000] {processor.py:157} INFO - Started process (PID=659) to work on /opt/airflow/dags/ingest_historique.py
[2025-03-13T23:31:10.676+0000] {processor.py:829} INFO - Processing file /opt/airflow/dags/ingest_historique.py for tasks to queue
[2025-03-13T23:31:10.678+0000] {logging_mixin.py:151} INFO - [2025-03-13T23:31:10.677+0000] {dagbag.py:539} INFO - Filling up the DagBag from /opt/airflow/dags/ingest_historique.py
[2025-03-13T23:31:11.172+0000] {processor.py:839} INFO - DAG(s) dict_keys(['yfinance_ingestion_historique_gold']) retrieved from /opt/airflow/dags/ingest_historique.py
[2025-03-13T23:31:11.201+0000] {logging_mixin.py:151} INFO - [2025-03-13T23:31:11.201+0000] {dag.py:2915} INFO - Sync 1 DAGs
[2025-03-13T23:31:11.229+0000] {logging_mixin.py:151} INFO - [2025-03-13T23:31:11.229+0000] {dag.py:3696} INFO - Setting next_dagrun for yfinance_ingestion_historique_gold to 2025-03-13T00:00:00+00:00, run_after=2025-03-14T00:00:00+00:00
[2025-03-13T23:31:11.258+0000] {processor.py:179} INFO - Processing /opt/airflow/dags/ingest_historique.py took 0.588 seconds
[2025-03-13T23:31:41.715+0000] {processor.py:157} INFO - Started process (PID=671) to work on /opt/airflow/dags/ingest_historique.py
[2025-03-13T23:31:41.717+0000] {processor.py:829} INFO - Processing file /opt/airflow/dags/ingest_historique.py for tasks to queue
[2025-03-13T23:31:41.719+0000] {logging_mixin.py:151} INFO - [2025-03-13T23:31:41.718+0000] {dagbag.py:539} INFO - Filling up the DagBag from /opt/airflow/dags/ingest_historique.py
[2025-03-13T23:31:42.227+0000] {processor.py:839} INFO - DAG(s) dict_keys(['yfinance_ingestion_historique_gold']) retrieved from /opt/airflow/dags/ingest_historique.py
[2025-03-13T23:31:42.258+0000] {logging_mixin.py:151} INFO - [2025-03-13T23:31:42.257+0000] {dag.py:2915} INFO - Sync 1 DAGs
[2025-03-13T23:31:42.283+0000] {logging_mixin.py:151} INFO - [2025-03-13T23:31:42.282+0000] {dag.py:3696} INFO - Setting next_dagrun for yfinance_ingestion_historique_gold to 2025-03-13T00:00:00+00:00, run_after=2025-03-14T00:00:00+00:00
[2025-03-13T23:31:42.311+0000] {processor.py:179} INFO - Processing /opt/airflow/dags/ingest_historique.py took 0.600 seconds
[2025-03-13T23:32:13.055+0000] {processor.py:157} INFO - Started process (PID=683) to work on /opt/airflow/dags/ingest_historique.py
[2025-03-13T23:32:13.056+0000] {processor.py:829} INFO - Processing file /opt/airflow/dags/ingest_historique.py for tasks to queue
[2025-03-13T23:32:13.058+0000] {logging_mixin.py:151} INFO - [2025-03-13T23:32:13.057+0000] {dagbag.py:539} INFO - Filling up the DagBag from /opt/airflow/dags/ingest_historique.py
[2025-03-13T23:32:13.762+0000] {processor.py:839} INFO - DAG(s) dict_keys(['yfinance_ingestion_historique_gold']) retrieved from /opt/airflow/dags/ingest_historique.py
[2025-03-13T23:32:13.813+0000] {logging_mixin.py:151} INFO - [2025-03-13T23:32:13.812+0000] {dag.py:2915} INFO - Sync 1 DAGs
[2025-03-13T23:32:13.868+0000] {logging_mixin.py:151} INFO - [2025-03-13T23:32:13.868+0000] {dag.py:3696} INFO - Setting next_dagrun for yfinance_ingestion_historique_gold to 2025-03-13T00:00:00+00:00, run_after=2025-03-14T00:00:00+00:00
[2025-03-13T23:32:13.897+0000] {processor.py:179} INFO - Processing /opt/airflow/dags/ingest_historique.py took 0.846 seconds
[2025-03-13T23:32:43.952+0000] {processor.py:157} INFO - Started process (PID=695) to work on /opt/airflow/dags/ingest_historique.py
[2025-03-13T23:32:43.953+0000] {processor.py:829} INFO - Processing file /opt/airflow/dags/ingest_historique.py for tasks to queue
[2025-03-13T23:32:43.955+0000] {logging_mixin.py:151} INFO - [2025-03-13T23:32:43.954+0000] {dagbag.py:539} INFO - Filling up the DagBag from /opt/airflow/dags/ingest_historique.py
[2025-03-13T23:32:44.498+0000] {processor.py:839} INFO - DAG(s) dict_keys(['yfinance_ingestion_historique_gold']) retrieved from /opt/airflow/dags/ingest_historique.py
[2025-03-13T23:32:44.529+0000] {logging_mixin.py:151} INFO - [2025-03-13T23:32:44.528+0000] {dag.py:2915} INFO - Sync 1 DAGs
[2025-03-13T23:32:44.553+0000] {logging_mixin.py:151} INFO - [2025-03-13T23:32:44.553+0000] {dag.py:3696} INFO - Setting next_dagrun for yfinance_ingestion_historique_gold to 2025-03-13T00:00:00+00:00, run_after=2025-03-14T00:00:00+00:00
[2025-03-13T23:32:44.580+0000] {processor.py:179} INFO - Processing /opt/airflow/dags/ingest_historique.py took 0.632 seconds
[2025-03-13T23:33:15.083+0000] {processor.py:157} INFO - Started process (PID=707) to work on /opt/airflow/dags/ingest_historique.py
[2025-03-13T23:33:15.084+0000] {processor.py:829} INFO - Processing file /opt/airflow/dags/ingest_historique.py for tasks to queue
[2025-03-13T23:33:15.086+0000] {logging_mixin.py:151} INFO - [2025-03-13T23:33:15.085+0000] {dagbag.py:539} INFO - Filling up the DagBag from /opt/airflow/dags/ingest_historique.py
[2025-03-13T23:33:15.620+0000] {processor.py:839} INFO - DAG(s) dict_keys(['yfinance_ingestion_historique_gold']) retrieved from /opt/airflow/dags/ingest_historique.py
[2025-03-13T23:33:15.658+0000] {logging_mixin.py:151} INFO - [2025-03-13T23:33:15.657+0000] {dag.py:2915} INFO - Sync 1 DAGs
[2025-03-13T23:33:15.692+0000] {logging_mixin.py:151} INFO - [2025-03-13T23:33:15.691+0000] {dag.py:3696} INFO - Setting next_dagrun for yfinance_ingestion_historique_gold to 2025-03-13T00:00:00+00:00, run_after=2025-03-14T00:00:00+00:00
[2025-03-13T23:33:15.723+0000] {processor.py:179} INFO - Processing /opt/airflow/dags/ingest_historique.py took 0.645 seconds
[2025-03-13T23:33:46.307+0000] {processor.py:157} INFO - Started process (PID=719) to work on /opt/airflow/dags/ingest_historique.py
[2025-03-13T23:33:46.309+0000] {processor.py:829} INFO - Processing file /opt/airflow/dags/ingest_historique.py for tasks to queue
[2025-03-13T23:33:46.311+0000] {logging_mixin.py:151} INFO - [2025-03-13T23:33:46.310+0000] {dagbag.py:539} INFO - Filling up the DagBag from /opt/airflow/dags/ingest_historique.py
[2025-03-13T23:33:47.037+0000] {processor.py:839} INFO - DAG(s) dict_keys(['yfinance_ingestion_historique_gold']) retrieved from /opt/airflow/dags/ingest_historique.py
[2025-03-13T23:33:47.110+0000] {logging_mixin.py:151} INFO - [2025-03-13T23:33:47.100+0000] {dag.py:2915} INFO - Sync 1 DAGs
[2025-03-13T23:33:47.183+0000] {logging_mixin.py:151} INFO - [2025-03-13T23:33:47.182+0000] {dag.py:3696} INFO - Setting next_dagrun for yfinance_ingestion_historique_gold to 2025-03-13T00:00:00+00:00, run_after=2025-03-14T00:00:00+00:00
[2025-03-13T23:33:47.288+0000] {processor.py:179} INFO - Processing /opt/airflow/dags/ingest_historique.py took 0.985 seconds
[2025-03-13T23:34:18.277+0000] {processor.py:157} INFO - Started process (PID=731) to work on /opt/airflow/dags/ingest_historique.py
[2025-03-13T23:34:18.278+0000] {processor.py:829} INFO - Processing file /opt/airflow/dags/ingest_historique.py for tasks to queue
[2025-03-13T23:34:18.280+0000] {logging_mixin.py:151} INFO - [2025-03-13T23:34:18.279+0000] {dagbag.py:539} INFO - Filling up the DagBag from /opt/airflow/dags/ingest_historique.py
[2025-03-13T23:34:18.729+0000] {processor.py:839} INFO - DAG(s) dict_keys(['yfinance_ingestion_historique_gold']) retrieved from /opt/airflow/dags/ingest_historique.py
[2025-03-13T23:34:18.798+0000] {logging_mixin.py:151} INFO - [2025-03-13T23:34:18.797+0000] {dag.py:2915} INFO - Sync 1 DAGs
[2025-03-13T23:34:18.819+0000] {logging_mixin.py:151} INFO - [2025-03-13T23:34:18.819+0000] {dag.py:3696} INFO - Setting next_dagrun for yfinance_ingestion_historique_gold to 2025-03-13T00:00:00+00:00, run_after=2025-03-14T00:00:00+00:00
[2025-03-13T23:34:18.845+0000] {processor.py:179} INFO - Processing /opt/airflow/dags/ingest_historique.py took 0.571 seconds
[2025-03-13T23:34:48.952+0000] {processor.py:157} INFO - Started process (PID=743) to work on /opt/airflow/dags/ingest_historique.py
[2025-03-13T23:34:48.954+0000] {processor.py:829} INFO - Processing file /opt/airflow/dags/ingest_historique.py for tasks to queue
[2025-03-13T23:34:48.955+0000] {logging_mixin.py:151} INFO - [2025-03-13T23:34:48.955+0000] {dagbag.py:539} INFO - Filling up the DagBag from /opt/airflow/dags/ingest_historique.py
[2025-03-13T23:34:49.497+0000] {processor.py:839} INFO - DAG(s) dict_keys(['yfinance_ingestion_historique_gold']) retrieved from /opt/airflow/dags/ingest_historique.py
[2025-03-13T23:34:49.537+0000] {logging_mixin.py:151} INFO - [2025-03-13T23:34:49.536+0000] {dag.py:2915} INFO - Sync 1 DAGs
[2025-03-13T23:34:49.562+0000] {logging_mixin.py:151} INFO - [2025-03-13T23:34:49.562+0000] {dag.py:3696} INFO - Setting next_dagrun for yfinance_ingestion_historique_gold to 2025-03-13T00:00:00+00:00, run_after=2025-03-14T00:00:00+00:00
[2025-03-13T23:34:49.795+0000] {processor.py:179} INFO - Processing /opt/airflow/dags/ingest_historique.py took 0.845 seconds
[2025-03-13T23:35:19.973+0000] {processor.py:157} INFO - Started process (PID=755) to work on /opt/airflow/dags/ingest_historique.py
[2025-03-13T23:35:19.975+0000] {processor.py:829} INFO - Processing file /opt/airflow/dags/ingest_historique.py for tasks to queue
[2025-03-13T23:35:19.976+0000] {logging_mixin.py:151} INFO - [2025-03-13T23:35:19.976+0000] {dagbag.py:539} INFO - Filling up the DagBag from /opt/airflow/dags/ingest_historique.py
[2025-03-13T23:35:20.459+0000] {processor.py:839} INFO - DAG(s) dict_keys(['yfinance_ingestion_historique_gold']) retrieved from /opt/airflow/dags/ingest_historique.py
[2025-03-13T23:35:20.510+0000] {logging_mixin.py:151} INFO - [2025-03-13T23:35:20.509+0000] {dag.py:2915} INFO - Sync 1 DAGs
[2025-03-13T23:35:20.543+0000] {logging_mixin.py:151} INFO - [2025-03-13T23:35:20.543+0000] {dag.py:3696} INFO - Setting next_dagrun for yfinance_ingestion_historique_gold to 2025-03-13T00:00:00+00:00, run_after=2025-03-14T00:00:00+00:00
[2025-03-13T23:35:20.574+0000] {processor.py:179} INFO - Processing /opt/airflow/dags/ingest_historique.py took 0.605 seconds
[2025-03-13T23:35:51.249+0000] {processor.py:157} INFO - Started process (PID=767) to work on /opt/airflow/dags/ingest_historique.py
[2025-03-13T23:35:51.250+0000] {processor.py:829} INFO - Processing file /opt/airflow/dags/ingest_historique.py for tasks to queue
[2025-03-13T23:35:51.251+0000] {logging_mixin.py:151} INFO - [2025-03-13T23:35:51.251+0000] {dagbag.py:539} INFO - Filling up the DagBag from /opt/airflow/dags/ingest_historique.py
[2025-03-13T23:35:51.707+0000] {processor.py:839} INFO - DAG(s) dict_keys(['yfinance_ingestion_historique_gold']) retrieved from /opt/airflow/dags/ingest_historique.py
[2025-03-13T23:35:51.735+0000] {logging_mixin.py:151} INFO - [2025-03-13T23:35:51.734+0000] {dag.py:2915} INFO - Sync 1 DAGs
[2025-03-13T23:35:51.757+0000] {logging_mixin.py:151} INFO - [2025-03-13T23:35:51.756+0000] {dag.py:3696} INFO - Setting next_dagrun for yfinance_ingestion_historique_gold to 2025-03-13T00:00:00+00:00, run_after=2025-03-14T00:00:00+00:00
[2025-03-13T23:35:51.783+0000] {processor.py:179} INFO - Processing /opt/airflow/dags/ingest_historique.py took 0.537 seconds
[2025-03-13T23:36:21.897+0000] {processor.py:157} INFO - Started process (PID=779) to work on /opt/airflow/dags/ingest_historique.py
[2025-03-13T23:36:21.899+0000] {processor.py:829} INFO - Processing file /opt/airflow/dags/ingest_historique.py for tasks to queue
[2025-03-13T23:36:21.901+0000] {logging_mixin.py:151} INFO - [2025-03-13T23:36:21.900+0000] {dagbag.py:539} INFO - Filling up the DagBag from /opt/airflow/dags/ingest_historique.py
[2025-03-13T23:36:22.431+0000] {processor.py:839} INFO - DAG(s) dict_keys(['yfinance_ingestion_historique_gold']) retrieved from /opt/airflow/dags/ingest_historique.py
[2025-03-13T23:36:22.467+0000] {logging_mixin.py:151} INFO - [2025-03-13T23:36:22.466+0000] {dag.py:2915} INFO - Sync 1 DAGs
[2025-03-13T23:36:22.499+0000] {logging_mixin.py:151} INFO - [2025-03-13T23:36:22.498+0000] {dag.py:3696} INFO - Setting next_dagrun for yfinance_ingestion_historique_gold to 2025-03-13T00:00:00+00:00, run_after=2025-03-14T00:00:00+00:00
[2025-03-13T23:36:22.731+0000] {processor.py:179} INFO - Processing /opt/airflow/dags/ingest_historique.py took 0.838 seconds
[2025-03-13T23:36:53.788+0000] {processor.py:157} INFO - Started process (PID=791) to work on /opt/airflow/dags/ingest_historique.py
[2025-03-13T23:36:53.790+0000] {processor.py:829} INFO - Processing file /opt/airflow/dags/ingest_historique.py for tasks to queue
[2025-03-13T23:36:53.792+0000] {logging_mixin.py:151} INFO - [2025-03-13T23:36:53.791+0000] {dagbag.py:539} INFO - Filling up the DagBag from /opt/airflow/dags/ingest_historique.py
[2025-03-13T23:36:54.413+0000] {processor.py:839} INFO - DAG(s) dict_keys(['yfinance_ingestion_historique_gold']) retrieved from /opt/airflow/dags/ingest_historique.py
[2025-03-13T23:36:54.443+0000] {logging_mixin.py:151} INFO - [2025-03-13T23:36:54.442+0000] {dag.py:2915} INFO - Sync 1 DAGs
[2025-03-13T23:36:54.475+0000] {logging_mixin.py:151} INFO - [2025-03-13T23:36:54.474+0000] {dag.py:3696} INFO - Setting next_dagrun for yfinance_ingestion_historique_gold to 2025-03-13T00:00:00+00:00, run_after=2025-03-14T00:00:00+00:00
[2025-03-13T23:36:54.502+0000] {processor.py:179} INFO - Processing /opt/airflow/dags/ingest_historique.py took 0.727 seconds
[2025-03-13T23:37:24.580+0000] {processor.py:157} INFO - Started process (PID=803) to work on /opt/airflow/dags/ingest_historique.py
[2025-03-13T23:37:24.581+0000] {processor.py:829} INFO - Processing file /opt/airflow/dags/ingest_historique.py for tasks to queue
[2025-03-13T23:37:24.584+0000] {logging_mixin.py:151} INFO - [2025-03-13T23:37:24.583+0000] {dagbag.py:539} INFO - Filling up the DagBag from /opt/airflow/dags/ingest_historique.py
[2025-03-13T23:37:25.301+0000] {processor.py:839} INFO - DAG(s) dict_keys(['yfinance_ingestion_historique_gold']) retrieved from /opt/airflow/dags/ingest_historique.py
[2025-03-13T23:37:25.359+0000] {logging_mixin.py:151} INFO - [2025-03-13T23:37:25.358+0000] {dag.py:2915} INFO - Sync 1 DAGs
[2025-03-13T23:37:25.414+0000] {logging_mixin.py:151} INFO - [2025-03-13T23:37:25.414+0000] {dag.py:3696} INFO - Setting next_dagrun for yfinance_ingestion_historique_gold to 2025-03-13T00:00:00+00:00, run_after=2025-03-14T00:00:00+00:00
[2025-03-13T23:37:25.449+0000] {processor.py:179} INFO - Processing /opt/airflow/dags/ingest_historique.py took 0.878 seconds
[2025-03-13T23:37:56.461+0000] {processor.py:157} INFO - Started process (PID=815) to work on /opt/airflow/dags/ingest_historique.py
[2025-03-13T23:37:56.463+0000] {processor.py:829} INFO - Processing file /opt/airflow/dags/ingest_historique.py for tasks to queue
[2025-03-13T23:37:56.465+0000] {logging_mixin.py:151} INFO - [2025-03-13T23:37:56.464+0000] {dagbag.py:539} INFO - Filling up the DagBag from /opt/airflow/dags/ingest_historique.py
[2025-03-13T23:37:57.297+0000] {processor.py:839} INFO - DAG(s) dict_keys(['yfinance_ingestion_historique_gold']) retrieved from /opt/airflow/dags/ingest_historique.py
[2025-03-13T23:37:57.341+0000] {logging_mixin.py:151} INFO - [2025-03-13T23:37:57.340+0000] {dag.py:2915} INFO - Sync 1 DAGs
[2025-03-13T23:37:57.387+0000] {logging_mixin.py:151} INFO - [2025-03-13T23:37:57.387+0000] {dag.py:3696} INFO - Setting next_dagrun for yfinance_ingestion_historique_gold to 2025-03-13T00:00:00+00:00, run_after=2025-03-14T00:00:00+00:00
[2025-03-13T23:37:57.426+0000] {processor.py:179} INFO - Processing /opt/airflow/dags/ingest_historique.py took 0.970 seconds
[2025-03-13T23:38:28.473+0000] {processor.py:157} INFO - Started process (PID=827) to work on /opt/airflow/dags/ingest_historique.py
[2025-03-13T23:38:28.475+0000] {processor.py:829} INFO - Processing file /opt/airflow/dags/ingest_historique.py for tasks to queue
[2025-03-13T23:38:28.477+0000] {logging_mixin.py:151} INFO - [2025-03-13T23:38:28.477+0000] {dagbag.py:539} INFO - Filling up the DagBag from /opt/airflow/dags/ingest_historique.py
[2025-03-13T23:38:29.214+0000] {processor.py:839} INFO - DAG(s) dict_keys(['yfinance_ingestion_historique_gold']) retrieved from /opt/airflow/dags/ingest_historique.py
[2025-03-13T23:38:29.274+0000] {logging_mixin.py:151} INFO - [2025-03-13T23:38:29.273+0000] {dag.py:2915} INFO - Sync 1 DAGs
[2025-03-13T23:38:29.330+0000] {logging_mixin.py:151} INFO - [2025-03-13T23:38:29.330+0000] {dag.py:3696} INFO - Setting next_dagrun for yfinance_ingestion_historique_gold to 2025-03-13T00:00:00+00:00, run_after=2025-03-14T00:00:00+00:00
[2025-03-13T23:38:29.584+0000] {processor.py:179} INFO - Processing /opt/airflow/dags/ingest_historique.py took 1.115 seconds
[2025-03-13T23:39:00.616+0000] {processor.py:157} INFO - Started process (PID=839) to work on /opt/airflow/dags/ingest_historique.py
[2025-03-13T23:39:00.617+0000] {processor.py:829} INFO - Processing file /opt/airflow/dags/ingest_historique.py for tasks to queue
[2025-03-13T23:39:00.619+0000] {logging_mixin.py:151} INFO - [2025-03-13T23:39:00.618+0000] {dagbag.py:539} INFO - Filling up the DagBag from /opt/airflow/dags/ingest_historique.py
[2025-03-13T23:39:01.383+0000] {processor.py:839} INFO - DAG(s) dict_keys(['yfinance_ingestion_historique_gold']) retrieved from /opt/airflow/dags/ingest_historique.py
[2025-03-13T23:39:01.425+0000] {logging_mixin.py:151} INFO - [2025-03-13T23:39:01.424+0000] {dag.py:2915} INFO - Sync 1 DAGs
[2025-03-13T23:39:01.460+0000] {logging_mixin.py:151} INFO - [2025-03-13T23:39:01.459+0000] {dag.py:3696} INFO - Setting next_dagrun for yfinance_ingestion_historique_gold to 2025-03-13T00:00:00+00:00, run_after=2025-03-14T00:00:00+00:00
[2025-03-13T23:39:01.491+0000] {processor.py:179} INFO - Processing /opt/airflow/dags/ingest_historique.py took 0.878 seconds
[2025-03-13T23:39:31.619+0000] {processor.py:157} INFO - Started process (PID=851) to work on /opt/airflow/dags/ingest_historique.py
[2025-03-13T23:39:31.621+0000] {processor.py:829} INFO - Processing file /opt/airflow/dags/ingest_historique.py for tasks to queue
[2025-03-13T23:39:31.623+0000] {logging_mixin.py:151} INFO - [2025-03-13T23:39:31.622+0000] {dagbag.py:539} INFO - Filling up the DagBag from /opt/airflow/dags/ingest_historique.py
[2025-03-13T23:39:32.166+0000] {processor.py:839} INFO - DAG(s) dict_keys(['yfinance_ingestion_historique_gold']) retrieved from /opt/airflow/dags/ingest_historique.py
[2025-03-13T23:39:32.205+0000] {logging_mixin.py:151} INFO - [2025-03-13T23:39:32.205+0000] {dag.py:2915} INFO - Sync 1 DAGs
[2025-03-13T23:39:32.239+0000] {logging_mixin.py:151} INFO - [2025-03-13T23:39:32.238+0000] {dag.py:3696} INFO - Setting next_dagrun for yfinance_ingestion_historique_gold to 2025-03-13T00:00:00+00:00, run_after=2025-03-14T00:00:00+00:00
[2025-03-13T23:39:32.265+0000] {processor.py:179} INFO - Processing /opt/airflow/dags/ingest_historique.py took 0.652 seconds
[2025-03-13T23:40:02.378+0000] {processor.py:157} INFO - Started process (PID=863) to work on /opt/airflow/dags/ingest_historique.py
[2025-03-13T23:40:02.380+0000] {processor.py:829} INFO - Processing file /opt/airflow/dags/ingest_historique.py for tasks to queue
[2025-03-13T23:40:02.381+0000] {logging_mixin.py:151} INFO - [2025-03-13T23:40:02.381+0000] {dagbag.py:539} INFO - Filling up the DagBag from /opt/airflow/dags/ingest_historique.py
[2025-03-13T23:40:02.965+0000] {processor.py:839} INFO - DAG(s) dict_keys(['yfinance_ingestion_historique_gold']) retrieved from /opt/airflow/dags/ingest_historique.py
[2025-03-13T23:40:03.004+0000] {logging_mixin.py:151} INFO - [2025-03-13T23:40:03.003+0000] {dag.py:2915} INFO - Sync 1 DAGs
[2025-03-13T23:40:03.037+0000] {logging_mixin.py:151} INFO - [2025-03-13T23:40:03.036+0000] {dag.py:3696} INFO - Setting next_dagrun for yfinance_ingestion_historique_gold to 2025-03-13T00:00:00+00:00, run_after=2025-03-14T00:00:00+00:00
[2025-03-13T23:40:03.067+0000] {processor.py:179} INFO - Processing /opt/airflow/dags/ingest_historique.py took 0.694 seconds
[2025-03-13T23:40:33.109+0000] {processor.py:157} INFO - Started process (PID=875) to work on /opt/airflow/dags/ingest_historique.py
[2025-03-13T23:40:33.110+0000] {processor.py:829} INFO - Processing file /opt/airflow/dags/ingest_historique.py for tasks to queue
[2025-03-13T23:40:33.111+0000] {logging_mixin.py:151} INFO - [2025-03-13T23:40:33.110+0000] {dagbag.py:539} INFO - Filling up the DagBag from /opt/airflow/dags/ingest_historique.py
[2025-03-13T23:40:33.521+0000] {processor.py:839} INFO - DAG(s) dict_keys(['yfinance_ingestion_historique_gold']) retrieved from /opt/airflow/dags/ingest_historique.py
[2025-03-13T23:40:33.547+0000] {logging_mixin.py:151} INFO - [2025-03-13T23:40:33.547+0000] {dag.py:2915} INFO - Sync 1 DAGs
[2025-03-13T23:40:33.568+0000] {logging_mixin.py:151} INFO - [2025-03-13T23:40:33.568+0000] {dag.py:3696} INFO - Setting next_dagrun for yfinance_ingestion_historique_gold to 2025-03-13T00:00:00+00:00, run_after=2025-03-14T00:00:00+00:00
[2025-03-13T23:40:33.713+0000] {processor.py:179} INFO - Processing /opt/airflow/dags/ingest_historique.py took 0.608 seconds
[2025-03-13T23:41:03.899+0000] {processor.py:157} INFO - Started process (PID=887) to work on /opt/airflow/dags/ingest_historique.py
[2025-03-13T23:41:03.900+0000] {processor.py:829} INFO - Processing file /opt/airflow/dags/ingest_historique.py for tasks to queue
[2025-03-13T23:41:03.901+0000] {logging_mixin.py:151} INFO - [2025-03-13T23:41:03.901+0000] {dagbag.py:539} INFO - Filling up the DagBag from /opt/airflow/dags/ingest_historique.py
[2025-03-13T23:41:04.351+0000] {processor.py:839} INFO - DAG(s) dict_keys(['yfinance_ingestion_historique_gold']) retrieved from /opt/airflow/dags/ingest_historique.py
[2025-03-13T23:41:04.379+0000] {logging_mixin.py:151} INFO - [2025-03-13T23:41:04.378+0000] {dag.py:2915} INFO - Sync 1 DAGs
[2025-03-13T23:41:04.411+0000] {logging_mixin.py:151} INFO - [2025-03-13T23:41:04.411+0000] {dag.py:3696} INFO - Setting next_dagrun for yfinance_ingestion_historique_gold to 2025-03-13T00:00:00+00:00, run_after=2025-03-14T00:00:00+00:00
[2025-03-13T23:41:04.453+0000] {processor.py:179} INFO - Processing /opt/airflow/dags/ingest_historique.py took 0.557 seconds
[2025-03-13T23:41:35.499+0000] {processor.py:157} INFO - Started process (PID=899) to work on /opt/airflow/dags/ingest_historique.py
[2025-03-13T23:41:35.500+0000] {processor.py:829} INFO - Processing file /opt/airflow/dags/ingest_historique.py for tasks to queue
[2025-03-13T23:41:35.502+0000] {logging_mixin.py:151} INFO - [2025-03-13T23:41:35.501+0000] {dagbag.py:539} INFO - Filling up the DagBag from /opt/airflow/dags/ingest_historique.py
[2025-03-13T23:41:36.043+0000] {processor.py:839} INFO - DAG(s) dict_keys(['yfinance_ingestion_historique_gold']) retrieved from /opt/airflow/dags/ingest_historique.py
[2025-03-13T23:41:36.076+0000] {logging_mixin.py:151} INFO - [2025-03-13T23:41:36.075+0000] {dag.py:2915} INFO - Sync 1 DAGs
[2025-03-13T23:41:36.107+0000] {logging_mixin.py:151} INFO - [2025-03-13T23:41:36.107+0000] {dag.py:3696} INFO - Setting next_dagrun for yfinance_ingestion_historique_gold to 2025-03-13T00:00:00+00:00, run_after=2025-03-14T00:00:00+00:00
[2025-03-13T23:41:36.148+0000] {processor.py:179} INFO - Processing /opt/airflow/dags/ingest_historique.py took 0.651 seconds
[2025-03-13T23:42:06.376+0000] {processor.py:157} INFO - Started process (PID=911) to work on /opt/airflow/dags/ingest_historique.py
[2025-03-13T23:42:06.377+0000] {processor.py:829} INFO - Processing file /opt/airflow/dags/ingest_historique.py for tasks to queue
[2025-03-13T23:42:06.379+0000] {logging_mixin.py:151} INFO - [2025-03-13T23:42:06.379+0000] {dagbag.py:539} INFO - Filling up the DagBag from /opt/airflow/dags/ingest_historique.py
[2025-03-13T23:42:06.927+0000] {processor.py:839} INFO - DAG(s) dict_keys(['yfinance_ingestion_historique_gold']) retrieved from /opt/airflow/dags/ingest_historique.py
[2025-03-13T23:42:06.954+0000] {logging_mixin.py:151} INFO - [2025-03-13T23:42:06.954+0000] {dag.py:2915} INFO - Sync 1 DAGs
[2025-03-13T23:42:06.975+0000] {logging_mixin.py:151} INFO - [2025-03-13T23:42:06.975+0000] {dag.py:3696} INFO - Setting next_dagrun for yfinance_ingestion_historique_gold to 2025-03-13T00:00:00+00:00, run_after=2025-03-14T00:00:00+00:00
[2025-03-13T23:42:07.119+0000] {processor.py:179} INFO - Processing /opt/airflow/dags/ingest_historique.py took 0.747 seconds
[2025-03-13T23:42:37.382+0000] {processor.py:157} INFO - Started process (PID=923) to work on /opt/airflow/dags/ingest_historique.py
[2025-03-13T23:42:37.384+0000] {processor.py:829} INFO - Processing file /opt/airflow/dags/ingest_historique.py for tasks to queue
[2025-03-13T23:42:37.386+0000] {logging_mixin.py:151} INFO - [2025-03-13T23:42:37.385+0000] {dagbag.py:539} INFO - Filling up the DagBag from /opt/airflow/dags/ingest_historique.py
[2025-03-13T23:42:38.118+0000] {processor.py:839} INFO - DAG(s) dict_keys(['yfinance_ingestion_historique_gold']) retrieved from /opt/airflow/dags/ingest_historique.py
[2025-03-13T23:42:38.158+0000] {logging_mixin.py:151} INFO - [2025-03-13T23:42:38.156+0000] {dag.py:2915} INFO - Sync 1 DAGs
[2025-03-13T23:42:38.195+0000] {logging_mixin.py:151} INFO - [2025-03-13T23:42:38.194+0000] {dag.py:3696} INFO - Setting next_dagrun for yfinance_ingestion_historique_gold to 2025-03-13T00:00:00+00:00, run_after=2025-03-14T00:00:00+00:00
[2025-03-13T23:42:38.222+0000] {processor.py:179} INFO - Processing /opt/airflow/dags/ingest_historique.py took 0.844 seconds
[2025-03-13T23:43:08.389+0000] {processor.py:157} INFO - Started process (PID=935) to work on /opt/airflow/dags/ingest_historique.py
[2025-03-13T23:43:08.391+0000] {processor.py:829} INFO - Processing file /opt/airflow/dags/ingest_historique.py for tasks to queue
[2025-03-13T23:43:08.393+0000] {logging_mixin.py:151} INFO - [2025-03-13T23:43:08.392+0000] {dagbag.py:539} INFO - Filling up the DagBag from /opt/airflow/dags/ingest_historique.py
[2025-03-13T23:43:09.048+0000] {processor.py:839} INFO - DAG(s) dict_keys(['yfinance_ingestion_historique_gold']) retrieved from /opt/airflow/dags/ingest_historique.py
[2025-03-13T23:43:09.088+0000] {logging_mixin.py:151} INFO - [2025-03-13T23:43:09.087+0000] {dag.py:2915} INFO - Sync 1 DAGs
[2025-03-13T23:43:09.116+0000] {logging_mixin.py:151} INFO - [2025-03-13T23:43:09.116+0000] {dag.py:3696} INFO - Setting next_dagrun for yfinance_ingestion_historique_gold to 2025-03-13T00:00:00+00:00, run_after=2025-03-14T00:00:00+00:00
[2025-03-13T23:43:09.146+0000] {processor.py:179} INFO - Processing /opt/airflow/dags/ingest_historique.py took 0.764 seconds
[2025-03-13T23:43:39.384+0000] {processor.py:157} INFO - Started process (PID=947) to work on /opt/airflow/dags/ingest_historique.py
[2025-03-13T23:43:39.386+0000] {processor.py:829} INFO - Processing file /opt/airflow/dags/ingest_historique.py for tasks to queue
[2025-03-13T23:43:39.389+0000] {logging_mixin.py:151} INFO - [2025-03-13T23:43:39.388+0000] {dagbag.py:539} INFO - Filling up the DagBag from /opt/airflow/dags/ingest_historique.py
[2025-03-13T23:43:40.414+0000] {processor.py:839} INFO - DAG(s) dict_keys(['yfinance_ingestion_historique_gold']) retrieved from /opt/airflow/dags/ingest_historique.py
[2025-03-13T23:43:40.461+0000] {logging_mixin.py:151} INFO - [2025-03-13T23:43:40.460+0000] {dag.py:2915} INFO - Sync 1 DAGs
[2025-03-13T23:43:40.501+0000] {logging_mixin.py:151} INFO - [2025-03-13T23:43:40.501+0000] {dag.py:3696} INFO - Setting next_dagrun for yfinance_ingestion_historique_gold to 2025-03-13T00:00:00+00:00, run_after=2025-03-14T00:00:00+00:00
[2025-03-13T23:43:40.771+0000] {processor.py:179} INFO - Processing /opt/airflow/dags/ingest_historique.py took 1.393 seconds
[2025-03-13T23:44:11.374+0000] {processor.py:157} INFO - Started process (PID=959) to work on /opt/airflow/dags/ingest_historique.py
[2025-03-13T23:44:11.376+0000] {processor.py:829} INFO - Processing file /opt/airflow/dags/ingest_historique.py for tasks to queue
[2025-03-13T23:44:11.378+0000] {logging_mixin.py:151} INFO - [2025-03-13T23:44:11.377+0000] {dagbag.py:539} INFO - Filling up the DagBag from /opt/airflow/dags/ingest_historique.py
[2025-03-13T23:44:12.333+0000] {processor.py:839} INFO - DAG(s) dict_keys(['yfinance_ingestion_historique_gold']) retrieved from /opt/airflow/dags/ingest_historique.py
[2025-03-13T23:44:12.377+0000] {logging_mixin.py:151} INFO - [2025-03-13T23:44:12.376+0000] {dag.py:2915} INFO - Sync 1 DAGs
[2025-03-13T23:44:12.422+0000] {logging_mixin.py:151} INFO - [2025-03-13T23:44:12.422+0000] {dag.py:3696} INFO - Setting next_dagrun for yfinance_ingestion_historique_gold to 2025-03-13T00:00:00+00:00, run_after=2025-03-14T00:00:00+00:00
[2025-03-13T23:44:12.459+0000] {processor.py:179} INFO - Processing /opt/airflow/dags/ingest_historique.py took 1.093 seconds
[2025-03-13T23:44:42.652+0000] {processor.py:157} INFO - Started process (PID=971) to work on /opt/airflow/dags/ingest_historique.py
[2025-03-13T23:44:42.654+0000] {processor.py:829} INFO - Processing file /opt/airflow/dags/ingest_historique.py for tasks to queue
[2025-03-13T23:44:42.656+0000] {logging_mixin.py:151} INFO - [2025-03-13T23:44:42.656+0000] {dagbag.py:539} INFO - Filling up the DagBag from /opt/airflow/dags/ingest_historique.py
[2025-03-13T23:44:43.747+0000] {processor.py:839} INFO - DAG(s) dict_keys(['yfinance_ingestion_historique_gold']) retrieved from /opt/airflow/dags/ingest_historique.py
[2025-03-13T23:44:43.805+0000] {logging_mixin.py:151} INFO - [2025-03-13T23:44:43.804+0000] {dag.py:2915} INFO - Sync 1 DAGs
[2025-03-13T23:44:43.856+0000] {logging_mixin.py:151} INFO - [2025-03-13T23:44:43.856+0000] {dag.py:3696} INFO - Setting next_dagrun for yfinance_ingestion_historique_gold to 2025-03-13T00:00:00+00:00, run_after=2025-03-14T00:00:00+00:00
[2025-03-13T23:44:43.905+0000] {processor.py:179} INFO - Processing /opt/airflow/dags/ingest_historique.py took 1.267 seconds
[2025-03-13T23:45:14.009+0000] {processor.py:157} INFO - Started process (PID=983) to work on /opt/airflow/dags/ingest_historique.py
[2025-03-13T23:45:14.011+0000] {processor.py:829} INFO - Processing file /opt/airflow/dags/ingest_historique.py for tasks to queue
[2025-03-13T23:45:14.013+0000] {logging_mixin.py:151} INFO - [2025-03-13T23:45:14.012+0000] {dagbag.py:539} INFO - Filling up the DagBag from /opt/airflow/dags/ingest_historique.py
[2025-03-13T23:45:14.967+0000] {processor.py:839} INFO - DAG(s) dict_keys(['yfinance_ingestion_historique_gold']) retrieved from /opt/airflow/dags/ingest_historique.py
[2025-03-13T23:45:15.039+0000] {logging_mixin.py:151} INFO - [2025-03-13T23:45:15.038+0000] {dag.py:2915} INFO - Sync 1 DAGs
[2025-03-13T23:45:15.089+0000] {logging_mixin.py:151} INFO - [2025-03-13T23:45:15.089+0000] {dag.py:3696} INFO - Setting next_dagrun for yfinance_ingestion_historique_gold to 2025-03-13T00:00:00+00:00, run_after=2025-03-14T00:00:00+00:00
[2025-03-13T23:45:15.283+0000] {processor.py:179} INFO - Processing /opt/airflow/dags/ingest_historique.py took 1.281 seconds
[2025-03-13T23:45:46.037+0000] {processor.py:157} INFO - Started process (PID=995) to work on /opt/airflow/dags/ingest_historique.py
[2025-03-13T23:45:46.039+0000] {processor.py:829} INFO - Processing file /opt/airflow/dags/ingest_historique.py for tasks to queue
[2025-03-13T23:45:46.040+0000] {logging_mixin.py:151} INFO - [2025-03-13T23:45:46.040+0000] {dagbag.py:539} INFO - Filling up the DagBag from /opt/airflow/dags/ingest_historique.py
[2025-03-13T23:45:46.572+0000] {processor.py:839} INFO - DAG(s) dict_keys(['yfinance_ingestion_historique_gold']) retrieved from /opt/airflow/dags/ingest_historique.py
[2025-03-13T23:45:46.602+0000] {logging_mixin.py:151} INFO - [2025-03-13T23:45:46.601+0000] {dag.py:2915} INFO - Sync 1 DAGs
[2025-03-13T23:45:46.631+0000] {logging_mixin.py:151} INFO - [2025-03-13T23:45:46.631+0000] {dag.py:3696} INFO - Setting next_dagrun for yfinance_ingestion_historique_gold to 2025-03-13T00:00:00+00:00, run_after=2025-03-14T00:00:00+00:00
[2025-03-13T23:45:46.664+0000] {processor.py:179} INFO - Processing /opt/airflow/dags/ingest_historique.py took 0.631 seconds
[2025-03-13T23:46:17.201+0000] {processor.py:157} INFO - Started process (PID=1007) to work on /opt/airflow/dags/ingest_historique.py
[2025-03-13T23:46:17.202+0000] {processor.py:829} INFO - Processing file /opt/airflow/dags/ingest_historique.py for tasks to queue
[2025-03-13T23:46:17.205+0000] {logging_mixin.py:151} INFO - [2025-03-13T23:46:17.204+0000] {dagbag.py:539} INFO - Filling up the DagBag from /opt/airflow/dags/ingest_historique.py
[2025-03-13T23:46:18.088+0000] {processor.py:839} INFO - DAG(s) dict_keys(['yfinance_ingestion_historique_gold']) retrieved from /opt/airflow/dags/ingest_historique.py
[2025-03-13T23:46:18.151+0000] {logging_mixin.py:151} INFO - [2025-03-13T23:46:18.150+0000] {dag.py:2915} INFO - Sync 1 DAGs
[2025-03-13T23:46:18.204+0000] {logging_mixin.py:151} INFO - [2025-03-13T23:46:18.203+0000] {dag.py:3696} INFO - Setting next_dagrun for yfinance_ingestion_historique_gold to 2025-03-13T00:00:00+00:00, run_after=2025-03-14T00:00:00+00:00
[2025-03-13T23:46:18.252+0000] {processor.py:179} INFO - Processing /opt/airflow/dags/ingest_historique.py took 1.057 seconds
[2025-03-13T23:46:48.586+0000] {processor.py:157} INFO - Started process (PID=1019) to work on /opt/airflow/dags/ingest_historique.py
[2025-03-13T23:46:48.589+0000] {processor.py:829} INFO - Processing file /opt/airflow/dags/ingest_historique.py for tasks to queue
[2025-03-13T23:46:48.592+0000] {logging_mixin.py:151} INFO - [2025-03-13T23:46:48.591+0000] {dagbag.py:539} INFO - Filling up the DagBag from /opt/airflow/dags/ingest_historique.py
[2025-03-13T23:46:49.529+0000] {processor.py:839} INFO - DAG(s) dict_keys(['yfinance_ingestion_historique_gold']) retrieved from /opt/airflow/dags/ingest_historique.py
[2025-03-13T23:46:49.575+0000] {logging_mixin.py:151} INFO - [2025-03-13T23:46:49.574+0000] {dag.py:2915} INFO - Sync 1 DAGs
[2025-03-13T23:46:49.629+0000] {logging_mixin.py:151} INFO - [2025-03-13T23:46:49.629+0000] {dag.py:3696} INFO - Setting next_dagrun for yfinance_ingestion_historique_gold to 2025-03-13T00:00:00+00:00, run_after=2025-03-14T00:00:00+00:00
[2025-03-13T23:46:49.932+0000] {processor.py:179} INFO - Processing /opt/airflow/dags/ingest_historique.py took 1.355 seconds
[2025-03-13T23:47:20.381+0000] {processor.py:157} INFO - Started process (PID=1031) to work on /opt/airflow/dags/ingest_historique.py
[2025-03-13T23:47:20.384+0000] {processor.py:829} INFO - Processing file /opt/airflow/dags/ingest_historique.py for tasks to queue
[2025-03-13T23:47:20.386+0000] {logging_mixin.py:151} INFO - [2025-03-13T23:47:20.385+0000] {dagbag.py:539} INFO - Filling up the DagBag from /opt/airflow/dags/ingest_historique.py
[2025-03-13T23:47:19.974+0000] {processor.py:839} INFO - DAG(s) dict_keys(['yfinance_ingestion_historique_gold']) retrieved from /opt/airflow/dags/ingest_historique.py
[2025-03-13T23:47:20.036+0000] {logging_mixin.py:151} INFO - [2025-03-13T23:47:20.035+0000] {dag.py:2915} INFO - Sync 1 DAGs
[2025-03-13T23:47:20.280+0000] {logging_mixin.py:151} INFO - [2025-03-13T23:47:20.280+0000] {dag.py:3696} INFO - Setting next_dagrun for yfinance_ingestion_historique_gold to 2025-03-13T00:00:00+00:00, run_after=2025-03-14T00:00:00+00:00
[2025-03-13T23:47:20.314+0000] {processor.py:179} INFO - Processing /opt/airflow/dags/ingest_historique.py took 1.326 seconds
[2025-03-13T23:47:50.983+0000] {processor.py:157} INFO - Started process (PID=1043) to work on /opt/airflow/dags/ingest_historique.py
[2025-03-13T23:47:50.985+0000] {processor.py:829} INFO - Processing file /opt/airflow/dags/ingest_historique.py for tasks to queue
[2025-03-13T23:47:50.986+0000] {logging_mixin.py:151} INFO - [2025-03-13T23:47:50.986+0000] {dagbag.py:539} INFO - Filling up the DagBag from /opt/airflow/dags/ingest_historique.py
[2025-03-13T23:47:51.588+0000] {processor.py:839} INFO - DAG(s) dict_keys(['yfinance_ingestion_historique_gold']) retrieved from /opt/airflow/dags/ingest_historique.py
[2025-03-13T23:47:51.625+0000] {logging_mixin.py:151} INFO - [2025-03-13T23:47:51.624+0000] {dag.py:2915} INFO - Sync 1 DAGs
[2025-03-13T23:47:51.654+0000] {logging_mixin.py:151} INFO - [2025-03-13T23:47:51.654+0000] {dag.py:3696} INFO - Setting next_dagrun for yfinance_ingestion_historique_gold to 2025-03-13T00:00:00+00:00, run_after=2025-03-14T00:00:00+00:00
[2025-03-13T23:47:51.685+0000] {processor.py:179} INFO - Processing /opt/airflow/dags/ingest_historique.py took 0.708 seconds
[2025-03-13T23:48:21.903+0000] {processor.py:157} INFO - Started process (PID=1055) to work on /opt/airflow/dags/ingest_historique.py
[2025-03-13T23:48:21.905+0000] {processor.py:829} INFO - Processing file /opt/airflow/dags/ingest_historique.py for tasks to queue
[2025-03-13T23:48:21.906+0000] {logging_mixin.py:151} INFO - [2025-03-13T23:48:21.905+0000] {dagbag.py:539} INFO - Filling up the DagBag from /opt/airflow/dags/ingest_historique.py
[2025-03-13T23:48:22.337+0000] {processor.py:839} INFO - DAG(s) dict_keys(['yfinance_ingestion_historique_gold']) retrieved from /opt/airflow/dags/ingest_historique.py
[2025-03-13T23:48:22.364+0000] {logging_mixin.py:151} INFO - [2025-03-13T23:48:22.364+0000] {dag.py:2915} INFO - Sync 1 DAGs
[2025-03-13T23:48:22.386+0000] {logging_mixin.py:151} INFO - [2025-03-13T23:48:22.386+0000] {dag.py:3696} INFO - Setting next_dagrun for yfinance_ingestion_historique_gold to 2025-03-13T00:00:00+00:00, run_after=2025-03-14T00:00:00+00:00
[2025-03-13T23:48:22.415+0000] {processor.py:179} INFO - Processing /opt/airflow/dags/ingest_historique.py took 0.515 seconds
[2025-03-13T23:48:52.667+0000] {processor.py:157} INFO - Started process (PID=1067) to work on /opt/airflow/dags/ingest_historique.py
[2025-03-13T23:48:52.670+0000] {processor.py:829} INFO - Processing file /opt/airflow/dags/ingest_historique.py for tasks to queue
[2025-03-13T23:48:52.671+0000] {logging_mixin.py:151} INFO - [2025-03-13T23:48:52.671+0000] {dagbag.py:539} INFO - Filling up the DagBag from /opt/airflow/dags/ingest_historique.py
[2025-03-13T23:48:53.205+0000] {processor.py:839} INFO - DAG(s) dict_keys(['yfinance_ingestion_historique_gold']) retrieved from /opt/airflow/dags/ingest_historique.py
[2025-03-13T23:48:53.233+0000] {logging_mixin.py:151} INFO - [2025-03-13T23:48:53.232+0000] {dag.py:2915} INFO - Sync 1 DAGs
[2025-03-13T23:48:53.423+0000] {logging_mixin.py:151} INFO - [2025-03-13T23:48:53.423+0000] {dag.py:3696} INFO - Setting next_dagrun for yfinance_ingestion_historique_gold to 2025-03-13T00:00:00+00:00, run_after=2025-03-14T00:00:00+00:00
[2025-03-13T23:48:53.451+0000] {processor.py:179} INFO - Processing /opt/airflow/dags/ingest_historique.py took 0.788 seconds
[2025-03-13T23:49:24.207+0000] {processor.py:157} INFO - Started process (PID=1079) to work on /opt/airflow/dags/ingest_historique.py
[2025-03-13T23:49:24.209+0000] {processor.py:829} INFO - Processing file /opt/airflow/dags/ingest_historique.py for tasks to queue
[2025-03-13T23:49:24.211+0000] {logging_mixin.py:151} INFO - [2025-03-13T23:49:24.210+0000] {dagbag.py:539} INFO - Filling up the DagBag from /opt/airflow/dags/ingest_historique.py
[2025-03-13T23:49:24.969+0000] {processor.py:839} INFO - DAG(s) dict_keys(['yfinance_ingestion_historique_gold']) retrieved from /opt/airflow/dags/ingest_historique.py
[2025-03-13T23:49:24.996+0000] {logging_mixin.py:151} INFO - [2025-03-13T23:49:24.995+0000] {dag.py:2915} INFO - Sync 1 DAGs
[2025-03-13T23:49:25.016+0000] {logging_mixin.py:151} INFO - [2025-03-13T23:49:25.016+0000] {dag.py:3696} INFO - Setting next_dagrun for yfinance_ingestion_historique_gold to 2025-03-13T00:00:00+00:00, run_after=2025-03-14T00:00:00+00:00
[2025-03-13T23:49:25.040+0000] {processor.py:179} INFO - Processing /opt/airflow/dags/ingest_historique.py took 0.839 seconds
[2025-03-13T23:49:55.383+0000] {processor.py:157} INFO - Started process (PID=1091) to work on /opt/airflow/dags/ingest_historique.py
[2025-03-13T23:49:55.385+0000] {processor.py:829} INFO - Processing file /opt/airflow/dags/ingest_historique.py for tasks to queue
[2025-03-13T23:49:55.386+0000] {logging_mixin.py:151} INFO - [2025-03-13T23:49:55.385+0000] {dagbag.py:539} INFO - Filling up the DagBag from /opt/airflow/dags/ingest_historique.py
[2025-03-13T23:49:55.874+0000] {processor.py:839} INFO - DAG(s) dict_keys(['yfinance_ingestion_historique_gold']) retrieved from /opt/airflow/dags/ingest_historique.py
[2025-03-13T23:49:55.904+0000] {logging_mixin.py:151} INFO - [2025-03-13T23:49:55.903+0000] {dag.py:2915} INFO - Sync 1 DAGs
[2025-03-13T23:49:55.928+0000] {logging_mixin.py:151} INFO - [2025-03-13T23:49:55.927+0000] {dag.py:3696} INFO - Setting next_dagrun for yfinance_ingestion_historique_gold to 2025-03-13T00:00:00+00:00, run_after=2025-03-14T00:00:00+00:00
[2025-03-13T23:49:55.954+0000] {processor.py:179} INFO - Processing /opt/airflow/dags/ingest_historique.py took 0.574 seconds
[2025-03-13T23:50:26.028+0000] {processor.py:157} INFO - Started process (PID=1103) to work on /opt/airflow/dags/ingest_historique.py
[2025-03-13T23:50:26.030+0000] {processor.py:829} INFO - Processing file /opt/airflow/dags/ingest_historique.py for tasks to queue
[2025-03-13T23:50:26.031+0000] {logging_mixin.py:151} INFO - [2025-03-13T23:50:26.031+0000] {dagbag.py:539} INFO - Filling up the DagBag from /opt/airflow/dags/ingest_historique.py
[2025-03-13T23:50:26.560+0000] {processor.py:839} INFO - DAG(s) dict_keys(['yfinance_ingestion_historique_gold']) retrieved from /opt/airflow/dags/ingest_historique.py
[2025-03-13T23:50:26.589+0000] {logging_mixin.py:151} INFO - [2025-03-13T23:50:26.588+0000] {dag.py:2915} INFO - Sync 1 DAGs
[2025-03-13T23:50:26.613+0000] {logging_mixin.py:151} INFO - [2025-03-13T23:50:26.613+0000] {dag.py:3696} INFO - Setting next_dagrun for yfinance_ingestion_historique_gold to 2025-03-13T00:00:00+00:00, run_after=2025-03-14T00:00:00+00:00
[2025-03-13T23:50:26.778+0000] {processor.py:179} INFO - Processing /opt/airflow/dags/ingest_historique.py took 0.753 seconds
