[2025-03-13T20:13:54.263+0000] {processor.py:157} INFO - Started process (PID=167) to work on /opt/airflow/dags/pipeline.py
[2025-03-13T20:13:54.265+0000] {processor.py:829} INFO - Processing file /opt/airflow/dags/pipeline.py for tasks to queue
[2025-03-13T20:13:54.267+0000] {logging_mixin.py:151} INFO - [2025-03-13T20:13:54.266+0000] {dagbag.py:539} INFO - Filling up the DagBag from /opt/airflow/dags/pipeline.py
[2025-03-13T20:14:00.931+0000] {processor.py:839} INFO - DAG(s) dict_keys(['yfinance_ingestion_dag']) retrieved from /opt/airflow/dags/pipeline.py
[2025-03-13T20:14:01.472+0000] {logging_mixin.py:151} INFO - [2025-03-13T20:14:01.471+0000] {manager.py:499} INFO - Created Permission View: %s
[2025-03-13T20:14:01.539+0000] {logging_mixin.py:151} INFO - [2025-03-13T20:14:01.535+0000] {manager.py:499} INFO - Created Permission View: %s
[2025-03-13T20:14:01.588+0000] {logging_mixin.py:151} INFO - [2025-03-13T20:14:01.588+0000] {manager.py:499} INFO - Created Permission View: %s
[2025-03-13T20:14:01.594+0000] {logging_mixin.py:151} INFO - [2025-03-13T20:14:01.592+0000] {security.py:708} INFO - Not syncing DAG-level permissions for DAG 'DAG:yfinance_ingestion_dag' as access control is unset.
[2025-03-13T20:14:01.600+0000] {logging_mixin.py:151} INFO - [2025-03-13T20:14:01.598+0000] {dag.py:2915} INFO - Sync 1 DAGs
[2025-03-13T20:14:01.638+0000] {logging_mixin.py:151} INFO - [2025-03-13T20:14:01.638+0000] {dag.py:2937} INFO - Creating ORM DAG for yfinance_ingestion_dag
[2025-03-13T20:14:01.689+0000] {logging_mixin.py:151} INFO - [2025-03-13T20:14:01.688+0000] {dag.py:3696} INFO - Setting next_dagrun for yfinance_ingestion_dag to 2025-01-01T00:00:00+00:00, run_after=2025-01-02T00:00:00+00:00
[2025-03-13T20:14:01.791+0000] {processor.py:179} INFO - Processing /opt/airflow/dags/pipeline.py took 7.540 seconds
[2025-03-13T20:14:32.215+0000] {processor.py:157} INFO - Started process (PID=185) to work on /opt/airflow/dags/pipeline.py
[2025-03-13T20:14:32.217+0000] {processor.py:829} INFO - Processing file /opt/airflow/dags/pipeline.py for tasks to queue
[2025-03-13T20:14:32.218+0000] {logging_mixin.py:151} INFO - [2025-03-13T20:14:32.218+0000] {dagbag.py:539} INFO - Filling up the DagBag from /opt/airflow/dags/pipeline.py
[2025-03-13T20:14:32.957+0000] {processor.py:839} INFO - DAG(s) dict_keys(['yfinance_ingestion_dag']) retrieved from /opt/airflow/dags/pipeline.py
[2025-03-13T20:14:33.002+0000] {logging_mixin.py:151} INFO - [2025-03-13T20:14:33.001+0000] {dag.py:2915} INFO - Sync 1 DAGs
[2025-03-13T20:14:33.035+0000] {logging_mixin.py:151} INFO - [2025-03-13T20:14:33.035+0000] {dag.py:3696} INFO - Setting next_dagrun for yfinance_ingestion_dag to 2025-01-01T00:00:00+00:00, run_after=2025-01-02T00:00:00+00:00
[2025-03-13T20:14:33.064+0000] {processor.py:179} INFO - Processing /opt/airflow/dags/pipeline.py took 0.853 seconds
[2025-03-13T20:15:03.745+0000] {processor.py:157} INFO - Started process (PID=194) to work on /opt/airflow/dags/pipeline.py
[2025-03-13T20:15:03.775+0000] {processor.py:829} INFO - Processing file /opt/airflow/dags/pipeline.py for tasks to queue
[2025-03-13T20:15:03.784+0000] {logging_mixin.py:151} INFO - [2025-03-13T20:15:03.782+0000] {dagbag.py:539} INFO - Filling up the DagBag from /opt/airflow/dags/pipeline.py
[2025-03-13T20:15:06.380+0000] {processor.py:839} INFO - DAG(s) dict_keys(['yfinance_ingestion_dag']) retrieved from /opt/airflow/dags/pipeline.py
[2025-03-13T20:15:06.418+0000] {logging_mixin.py:151} INFO - [2025-03-13T20:15:06.417+0000] {dag.py:2915} INFO - Sync 1 DAGs
[2025-03-13T20:15:06.456+0000] {logging_mixin.py:151} INFO - [2025-03-13T20:15:06.456+0000] {dag.py:3696} INFO - Setting next_dagrun for yfinance_ingestion_dag to 2025-01-01T00:00:00+00:00, run_after=2025-01-02T00:00:00+00:00
[2025-03-13T20:15:06.485+0000] {processor.py:179} INFO - Processing /opt/airflow/dags/pipeline.py took 2.750 seconds
[2025-03-13T20:15:36.988+0000] {processor.py:157} INFO - Started process (PID=206) to work on /opt/airflow/dags/pipeline.py
[2025-03-13T20:15:36.991+0000] {processor.py:829} INFO - Processing file /opt/airflow/dags/pipeline.py for tasks to queue
[2025-03-13T20:15:36.995+0000] {logging_mixin.py:151} INFO - [2025-03-13T20:15:36.995+0000] {dagbag.py:539} INFO - Filling up the DagBag from /opt/airflow/dags/pipeline.py
[2025-03-13T20:15:37.914+0000] {processor.py:839} INFO - DAG(s) dict_keys(['yfinance_ingestion_dag']) retrieved from /opt/airflow/dags/pipeline.py
[2025-03-13T20:15:37.948+0000] {logging_mixin.py:151} INFO - [2025-03-13T20:15:37.947+0000] {dag.py:2915} INFO - Sync 1 DAGs
[2025-03-13T20:15:37.974+0000] {logging_mixin.py:151} INFO - [2025-03-13T20:15:37.974+0000] {dag.py:3696} INFO - Setting next_dagrun for yfinance_ingestion_dag to 2025-01-01T00:00:00+00:00, run_after=2025-01-02T00:00:00+00:00
[2025-03-13T20:15:38.000+0000] {processor.py:179} INFO - Processing /opt/airflow/dags/pipeline.py took 1.020 seconds
[2025-03-13T20:16:08.254+0000] {processor.py:157} INFO - Started process (PID=215) to work on /opt/airflow/dags/pipeline.py
[2025-03-13T20:16:08.256+0000] {processor.py:829} INFO - Processing file /opt/airflow/dags/pipeline.py for tasks to queue
[2025-03-13T20:16:08.258+0000] {logging_mixin.py:151} INFO - [2025-03-13T20:16:08.257+0000] {dagbag.py:539} INFO - Filling up the DagBag from /opt/airflow/dags/pipeline.py
[2025-03-13T20:16:09.291+0000] {processor.py:839} INFO - DAG(s) dict_keys(['yfinance_ingestion_dag']) retrieved from /opt/airflow/dags/pipeline.py
[2025-03-13T20:16:09.350+0000] {logging_mixin.py:151} INFO - [2025-03-13T20:16:09.349+0000] {dag.py:2915} INFO - Sync 1 DAGs
[2025-03-13T20:16:09.376+0000] {logging_mixin.py:151} INFO - [2025-03-13T20:16:09.376+0000] {dag.py:3696} INFO - Setting next_dagrun for yfinance_ingestion_dag to 2025-01-01T00:00:00+00:00, run_after=2025-01-02T00:00:00+00:00
[2025-03-13T20:16:09.403+0000] {processor.py:179} INFO - Processing /opt/airflow/dags/pipeline.py took 1.158 seconds
[2025-03-13T20:16:39.975+0000] {processor.py:157} INFO - Started process (PID=227) to work on /opt/airflow/dags/pipeline.py
[2025-03-13T20:16:39.984+0000] {processor.py:829} INFO - Processing file /opt/airflow/dags/pipeline.py for tasks to queue
[2025-03-13T20:16:39.995+0000] {logging_mixin.py:151} INFO - [2025-03-13T20:16:39.992+0000] {dagbag.py:539} INFO - Filling up the DagBag from /opt/airflow/dags/pipeline.py
[2025-03-13T20:16:40.658+0000] {processor.py:839} INFO - DAG(s) dict_keys(['yfinance_ingestion_dag']) retrieved from /opt/airflow/dags/pipeline.py
[2025-03-13T20:16:40.691+0000] {logging_mixin.py:151} INFO - [2025-03-13T20:16:40.691+0000] {dag.py:2915} INFO - Sync 1 DAGs
[2025-03-13T20:16:40.711+0000] {logging_mixin.py:151} INFO - [2025-03-13T20:16:40.711+0000] {dag.py:3696} INFO - Setting next_dagrun for yfinance_ingestion_dag to 2025-01-01T00:00:00+00:00, run_after=2025-01-02T00:00:00+00:00
[2025-03-13T20:16:40.734+0000] {processor.py:179} INFO - Processing /opt/airflow/dags/pipeline.py took 0.774 seconds
[2025-03-13T20:17:11.249+0000] {processor.py:157} INFO - Started process (PID=239) to work on /opt/airflow/dags/pipeline.py
[2025-03-13T20:17:11.250+0000] {processor.py:829} INFO - Processing file /opt/airflow/dags/pipeline.py for tasks to queue
[2025-03-13T20:17:11.253+0000] {logging_mixin.py:151} INFO - [2025-03-13T20:17:11.252+0000] {dagbag.py:539} INFO - Filling up the DagBag from /opt/airflow/dags/pipeline.py
[2025-03-13T20:17:11.926+0000] {processor.py:839} INFO - DAG(s) dict_keys(['yfinance_ingestion_dag']) retrieved from /opt/airflow/dags/pipeline.py
[2025-03-13T20:17:11.983+0000] {logging_mixin.py:151} INFO - [2025-03-13T20:17:11.982+0000] {dag.py:2915} INFO - Sync 1 DAGs
[2025-03-13T20:17:12.011+0000] {logging_mixin.py:151} INFO - [2025-03-13T20:17:12.011+0000] {dag.py:3696} INFO - Setting next_dagrun for yfinance_ingestion_dag to 2025-01-01T00:00:00+00:00, run_after=2025-01-02T00:00:00+00:00
[2025-03-13T20:17:12.036+0000] {processor.py:179} INFO - Processing /opt/airflow/dags/pipeline.py took 0.795 seconds
[2025-03-13T20:17:42.483+0000] {processor.py:157} INFO - Started process (PID=251) to work on /opt/airflow/dags/pipeline.py
[2025-03-13T20:17:42.486+0000] {processor.py:829} INFO - Processing file /opt/airflow/dags/pipeline.py for tasks to queue
[2025-03-13T20:17:42.488+0000] {logging_mixin.py:151} INFO - [2025-03-13T20:17:42.487+0000] {dagbag.py:539} INFO - Filling up the DagBag from /opt/airflow/dags/pipeline.py
[2025-03-13T20:17:43.271+0000] {processor.py:839} INFO - DAG(s) dict_keys(['yfinance_ingestion_dag']) retrieved from /opt/airflow/dags/pipeline.py
[2025-03-13T20:17:43.309+0000] {logging_mixin.py:151} INFO - [2025-03-13T20:17:43.309+0000] {dag.py:2915} INFO - Sync 1 DAGs
[2025-03-13T20:17:43.335+0000] {logging_mixin.py:151} INFO - [2025-03-13T20:17:43.335+0000] {dag.py:3696} INFO - Setting next_dagrun for yfinance_ingestion_dag to 2025-01-01T00:00:00+00:00, run_after=2025-01-02T00:00:00+00:00
[2025-03-13T20:17:43.360+0000] {processor.py:179} INFO - Processing /opt/airflow/dags/pipeline.py took 0.882 seconds
[2025-03-13T20:18:14.057+0000] {processor.py:157} INFO - Started process (PID=263) to work on /opt/airflow/dags/pipeline.py
[2025-03-13T20:18:14.059+0000] {processor.py:829} INFO - Processing file /opt/airflow/dags/pipeline.py for tasks to queue
[2025-03-13T20:18:14.061+0000] {logging_mixin.py:151} INFO - [2025-03-13T20:18:14.060+0000] {dagbag.py:539} INFO - Filling up the DagBag from /opt/airflow/dags/pipeline.py
[2025-03-13T20:18:14.624+0000] {processor.py:839} INFO - DAG(s) dict_keys(['yfinance_ingestion_dag']) retrieved from /opt/airflow/dags/pipeline.py
[2025-03-13T20:18:14.688+0000] {logging_mixin.py:151} INFO - [2025-03-13T20:18:14.688+0000] {dag.py:2915} INFO - Sync 1 DAGs
[2025-03-13T20:18:14.716+0000] {logging_mixin.py:151} INFO - [2025-03-13T20:18:14.716+0000] {dag.py:3696} INFO - Setting next_dagrun for yfinance_ingestion_dag to 2025-01-01T00:00:00+00:00, run_after=2025-01-02T00:00:00+00:00
[2025-03-13T20:18:14.740+0000] {processor.py:179} INFO - Processing /opt/airflow/dags/pipeline.py took 0.688 seconds
[2025-03-13T20:18:45.189+0000] {processor.py:157} INFO - Started process (PID=275) to work on /opt/airflow/dags/pipeline.py
[2025-03-13T20:18:45.192+0000] {processor.py:829} INFO - Processing file /opt/airflow/dags/pipeline.py for tasks to queue
[2025-03-13T20:18:45.194+0000] {logging_mixin.py:151} INFO - [2025-03-13T20:18:45.193+0000] {dagbag.py:539} INFO - Filling up the DagBag from /opt/airflow/dags/pipeline.py
[2025-03-13T20:18:46.332+0000] {processor.py:839} INFO - DAG(s) dict_keys(['yfinance_ingestion_dag']) retrieved from /opt/airflow/dags/pipeline.py
[2025-03-13T20:18:46.396+0000] {logging_mixin.py:151} INFO - [2025-03-13T20:18:46.395+0000] {dag.py:2915} INFO - Sync 1 DAGs
[2025-03-13T20:18:46.454+0000] {logging_mixin.py:151} INFO - [2025-03-13T20:18:46.453+0000] {dag.py:3696} INFO - Setting next_dagrun for yfinance_ingestion_dag to 2025-01-01T00:00:00+00:00, run_after=2025-01-02T00:00:00+00:00
[2025-03-13T20:18:46.495+0000] {processor.py:179} INFO - Processing /opt/airflow/dags/pipeline.py took 1.313 seconds
[2025-03-13T20:19:16.962+0000] {processor.py:157} INFO - Started process (PID=287) to work on /opt/airflow/dags/pipeline.py
[2025-03-13T20:19:16.964+0000] {processor.py:829} INFO - Processing file /opt/airflow/dags/pipeline.py for tasks to queue
[2025-03-13T20:19:16.966+0000] {logging_mixin.py:151} INFO - [2025-03-13T20:19:16.965+0000] {dagbag.py:539} INFO - Filling up the DagBag from /opt/airflow/dags/pipeline.py
[2025-03-13T20:19:18.043+0000] {processor.py:839} INFO - DAG(s) dict_keys(['yfinance_ingestion_dag']) retrieved from /opt/airflow/dags/pipeline.py
[2025-03-13T20:19:18.084+0000] {logging_mixin.py:151} INFO - [2025-03-13T20:19:18.083+0000] {dag.py:2915} INFO - Sync 1 DAGs
[2025-03-13T20:19:18.129+0000] {logging_mixin.py:151} INFO - [2025-03-13T20:19:18.129+0000] {dag.py:3696} INFO - Setting next_dagrun for yfinance_ingestion_dag to 2025-01-01T00:00:00+00:00, run_after=2025-01-02T00:00:00+00:00
[2025-03-13T20:19:18.173+0000] {processor.py:179} INFO - Processing /opt/airflow/dags/pipeline.py took 1.218 seconds
[2025-03-13T20:19:48.892+0000] {processor.py:157} INFO - Started process (PID=299) to work on /opt/airflow/dags/pipeline.py
[2025-03-13T20:19:48.895+0000] {processor.py:829} INFO - Processing file /opt/airflow/dags/pipeline.py for tasks to queue
[2025-03-13T20:19:48.902+0000] {logging_mixin.py:151} INFO - [2025-03-13T20:19:48.897+0000] {dagbag.py:539} INFO - Filling up the DagBag from /opt/airflow/dags/pipeline.py
[2025-03-13T20:19:50.463+0000] {processor.py:839} INFO - DAG(s) dict_keys(['yfinance_ingestion_dag']) retrieved from /opt/airflow/dags/pipeline.py
[2025-03-13T20:19:50.548+0000] {logging_mixin.py:151} INFO - [2025-03-13T20:19:50.547+0000] {dag.py:2915} INFO - Sync 1 DAGs
[2025-03-13T20:19:50.622+0000] {logging_mixin.py:151} INFO - [2025-03-13T20:19:50.622+0000] {dag.py:3696} INFO - Setting next_dagrun for yfinance_ingestion_dag to 2025-01-01T00:00:00+00:00, run_after=2025-01-02T00:00:00+00:00
[2025-03-13T20:19:50.676+0000] {processor.py:179} INFO - Processing /opt/airflow/dags/pipeline.py took 1.791 seconds
[2025-03-13T20:20:21.075+0000] {processor.py:157} INFO - Started process (PID=311) to work on /opt/airflow/dags/pipeline.py
[2025-03-13T20:20:21.077+0000] {processor.py:829} INFO - Processing file /opt/airflow/dags/pipeline.py for tasks to queue
[2025-03-13T20:20:21.078+0000] {logging_mixin.py:151} INFO - [2025-03-13T20:20:21.078+0000] {dagbag.py:539} INFO - Filling up the DagBag from /opt/airflow/dags/pipeline.py
[2025-03-13T20:20:22.118+0000] {processor.py:839} INFO - DAG(s) dict_keys(['yfinance_ingestion_dag']) retrieved from /opt/airflow/dags/pipeline.py
[2025-03-13T20:20:22.236+0000] {logging_mixin.py:151} INFO - [2025-03-13T20:20:22.232+0000] {dag.py:2915} INFO - Sync 1 DAGs
[2025-03-13T20:20:22.287+0000] {logging_mixin.py:151} INFO - [2025-03-13T20:20:22.287+0000] {dag.py:3696} INFO - Setting next_dagrun for yfinance_ingestion_dag to 2025-01-01T00:00:00+00:00, run_after=2025-01-02T00:00:00+00:00
[2025-03-13T20:20:22.322+0000] {processor.py:179} INFO - Processing /opt/airflow/dags/pipeline.py took 1.253 seconds
[2025-03-13T20:20:52.702+0000] {processor.py:157} INFO - Started process (PID=323) to work on /opt/airflow/dags/pipeline.py
[2025-03-13T20:20:52.703+0000] {processor.py:829} INFO - Processing file /opt/airflow/dags/pipeline.py for tasks to queue
[2025-03-13T20:20:52.704+0000] {logging_mixin.py:151} INFO - [2025-03-13T20:20:52.704+0000] {dagbag.py:539} INFO - Filling up the DagBag from /opt/airflow/dags/pipeline.py
[2025-03-13T20:20:53.316+0000] {processor.py:839} INFO - DAG(s) dict_keys(['yfinance_ingestion_dag']) retrieved from /opt/airflow/dags/pipeline.py
[2025-03-13T20:20:53.355+0000] {logging_mixin.py:151} INFO - [2025-03-13T20:20:53.354+0000] {dag.py:2915} INFO - Sync 1 DAGs
[2025-03-13T20:20:53.378+0000] {logging_mixin.py:151} INFO - [2025-03-13T20:20:53.378+0000] {dag.py:3696} INFO - Setting next_dagrun for yfinance_ingestion_dag to 2025-01-01T00:00:00+00:00, run_after=2025-01-02T00:00:00+00:00
[2025-03-13T20:20:53.396+0000] {processor.py:179} INFO - Processing /opt/airflow/dags/pipeline.py took 0.700 seconds
[2025-03-13T20:21:23.938+0000] {processor.py:157} INFO - Started process (PID=335) to work on /opt/airflow/dags/pipeline.py
[2025-03-13T20:21:23.942+0000] {processor.py:829} INFO - Processing file /opt/airflow/dags/pipeline.py for tasks to queue
[2025-03-13T20:21:23.946+0000] {logging_mixin.py:151} INFO - [2025-03-13T20:21:23.944+0000] {dagbag.py:539} INFO - Filling up the DagBag from /opt/airflow/dags/pipeline.py
[2025-03-13T20:21:25.382+0000] {processor.py:839} INFO - DAG(s) dict_keys(['yfinance_ingestion_dag']) retrieved from /opt/airflow/dags/pipeline.py
[2025-03-13T20:21:25.466+0000] {logging_mixin.py:151} INFO - [2025-03-13T20:21:25.465+0000] {dag.py:2915} INFO - Sync 1 DAGs
[2025-03-13T20:21:25.526+0000] {logging_mixin.py:151} INFO - [2025-03-13T20:21:25.526+0000] {dag.py:3696} INFO - Setting next_dagrun for yfinance_ingestion_dag to 2025-01-01T00:00:00+00:00, run_after=2025-01-02T00:00:00+00:00
[2025-03-13T20:21:25.562+0000] {processor.py:179} INFO - Processing /opt/airflow/dags/pipeline.py took 1.639 seconds
[2025-03-13T20:21:55.975+0000] {processor.py:157} INFO - Started process (PID=347) to work on /opt/airflow/dags/pipeline.py
[2025-03-13T20:21:55.977+0000] {processor.py:829} INFO - Processing file /opt/airflow/dags/pipeline.py for tasks to queue
[2025-03-13T20:21:55.979+0000] {logging_mixin.py:151} INFO - [2025-03-13T20:21:55.978+0000] {dagbag.py:539} INFO - Filling up the DagBag from /opt/airflow/dags/pipeline.py
[2025-03-13T20:21:56.665+0000] {processor.py:839} INFO - DAG(s) dict_keys(['yfinance_ingestion_dag']) retrieved from /opt/airflow/dags/pipeline.py
[2025-03-13T20:21:56.704+0000] {logging_mixin.py:151} INFO - [2025-03-13T20:21:56.703+0000] {dag.py:2915} INFO - Sync 1 DAGs
[2025-03-13T20:21:56.738+0000] {logging_mixin.py:151} INFO - [2025-03-13T20:21:56.738+0000] {dag.py:3696} INFO - Setting next_dagrun for yfinance_ingestion_dag to 2025-01-01T00:00:00+00:00, run_after=2025-01-02T00:00:00+00:00
[2025-03-13T20:21:56.772+0000] {processor.py:179} INFO - Processing /opt/airflow/dags/pipeline.py took 0.803 seconds
[2025-03-13T20:22:27.160+0000] {processor.py:157} INFO - Started process (PID=359) to work on /opt/airflow/dags/pipeline.py
[2025-03-13T20:22:27.161+0000] {processor.py:829} INFO - Processing file /opt/airflow/dags/pipeline.py for tasks to queue
[2025-03-13T20:22:27.163+0000] {logging_mixin.py:151} INFO - [2025-03-13T20:22:27.163+0000] {dagbag.py:539} INFO - Filling up the DagBag from /opt/airflow/dags/pipeline.py
[2025-03-13T20:22:27.745+0000] {processor.py:839} INFO - DAG(s) dict_keys(['yfinance_ingestion_dag']) retrieved from /opt/airflow/dags/pipeline.py
[2025-03-13T20:22:27.805+0000] {logging_mixin.py:151} INFO - [2025-03-13T20:22:27.804+0000] {dag.py:2915} INFO - Sync 1 DAGs
[2025-03-13T20:22:27.827+0000] {logging_mixin.py:151} INFO - [2025-03-13T20:22:27.827+0000] {dag.py:3696} INFO - Setting next_dagrun for yfinance_ingestion_dag to 2025-01-01T00:00:00+00:00, run_after=2025-01-02T00:00:00+00:00
[2025-03-13T20:22:27.846+0000] {processor.py:179} INFO - Processing /opt/airflow/dags/pipeline.py took 0.690 seconds
[2025-03-13T20:22:58.313+0000] {processor.py:157} INFO - Started process (PID=371) to work on /opt/airflow/dags/pipeline.py
[2025-03-13T20:22:58.315+0000] {processor.py:829} INFO - Processing file /opt/airflow/dags/pipeline.py for tasks to queue
[2025-03-13T20:22:58.317+0000] {logging_mixin.py:151} INFO - [2025-03-13T20:22:58.316+0000] {dagbag.py:539} INFO - Filling up the DagBag from /opt/airflow/dags/pipeline.py
[2025-03-13T20:22:59.273+0000] {processor.py:839} INFO - DAG(s) dict_keys(['yfinance_ingestion_dag']) retrieved from /opt/airflow/dags/pipeline.py
[2025-03-13T20:22:59.349+0000] {logging_mixin.py:151} INFO - [2025-03-13T20:22:59.348+0000] {dag.py:2915} INFO - Sync 1 DAGs
[2025-03-13T20:22:59.389+0000] {logging_mixin.py:151} INFO - [2025-03-13T20:22:59.389+0000] {dag.py:3696} INFO - Setting next_dagrun for yfinance_ingestion_dag to 2025-01-01T00:00:00+00:00, run_after=2025-01-02T00:00:00+00:00
[2025-03-13T20:22:59.423+0000] {processor.py:179} INFO - Processing /opt/airflow/dags/pipeline.py took 1.115 seconds
[2025-03-13T20:23:29.807+0000] {processor.py:157} INFO - Started process (PID=383) to work on /opt/airflow/dags/pipeline.py
[2025-03-13T20:23:29.808+0000] {processor.py:829} INFO - Processing file /opt/airflow/dags/pipeline.py for tasks to queue
[2025-03-13T20:23:29.809+0000] {logging_mixin.py:151} INFO - [2025-03-13T20:23:29.809+0000] {dagbag.py:539} INFO - Filling up the DagBag from /opt/airflow/dags/pipeline.py
[2025-03-13T20:23:30.869+0000] {processor.py:839} INFO - DAG(s) dict_keys(['yfinance_ingestion_dag']) retrieved from /opt/airflow/dags/pipeline.py
[2025-03-13T20:23:30.915+0000] {logging_mixin.py:151} INFO - [2025-03-13T20:23:30.914+0000] {dag.py:2915} INFO - Sync 1 DAGs
[2025-03-13T20:23:30.954+0000] {logging_mixin.py:151} INFO - [2025-03-13T20:23:30.954+0000] {dag.py:3696} INFO - Setting next_dagrun for yfinance_ingestion_dag to 2025-01-01T00:00:00+00:00, run_after=2025-01-02T00:00:00+00:00
[2025-03-13T20:23:30.982+0000] {processor.py:179} INFO - Processing /opt/airflow/dags/pipeline.py took 1.179 seconds
[2025-03-13T20:24:01.413+0000] {processor.py:157} INFO - Started process (PID=395) to work on /opt/airflow/dags/pipeline.py
[2025-03-13T20:24:01.415+0000] {processor.py:829} INFO - Processing file /opt/airflow/dags/pipeline.py for tasks to queue
[2025-03-13T20:24:01.416+0000] {logging_mixin.py:151} INFO - [2025-03-13T20:24:01.416+0000] {dagbag.py:539} INFO - Filling up the DagBag from /opt/airflow/dags/pipeline.py
[2025-03-13T20:24:02.057+0000] {processor.py:839} INFO - DAG(s) dict_keys(['yfinance_ingestion_dag']) retrieved from /opt/airflow/dags/pipeline.py
[2025-03-13T20:24:02.089+0000] {logging_mixin.py:151} INFO - [2025-03-13T20:24:02.088+0000] {dag.py:2915} INFO - Sync 1 DAGs
[2025-03-13T20:24:02.119+0000] {logging_mixin.py:151} INFO - [2025-03-13T20:24:02.119+0000] {dag.py:3696} INFO - Setting next_dagrun for yfinance_ingestion_dag to 2025-01-01T00:00:00+00:00, run_after=2025-01-02T00:00:00+00:00
[2025-03-13T20:24:02.144+0000] {processor.py:179} INFO - Processing /opt/airflow/dags/pipeline.py took 0.736 seconds
[2025-03-13T20:24:32.527+0000] {processor.py:157} INFO - Started process (PID=407) to work on /opt/airflow/dags/pipeline.py
[2025-03-13T20:24:32.528+0000] {processor.py:829} INFO - Processing file /opt/airflow/dags/pipeline.py for tasks to queue
[2025-03-13T20:24:32.529+0000] {logging_mixin.py:151} INFO - [2025-03-13T20:24:32.529+0000] {dagbag.py:539} INFO - Filling up the DagBag from /opt/airflow/dags/pipeline.py
[2025-03-13T20:24:32.338+0000] {processor.py:839} INFO - DAG(s) dict_keys(['yfinance_ingestion_dag']) retrieved from /opt/airflow/dags/pipeline.py
[2025-03-13T20:24:32.410+0000] {logging_mixin.py:151} INFO - [2025-03-13T20:24:32.409+0000] {dag.py:2915} INFO - Sync 1 DAGs
[2025-03-13T20:24:32.460+0000] {logging_mixin.py:151} INFO - [2025-03-13T20:24:32.459+0000] {dag.py:3696} INFO - Setting next_dagrun for yfinance_ingestion_dag to 2025-01-01T00:00:00+00:00, run_after=2025-01-02T00:00:00+00:00
[2025-03-13T20:24:32.485+0000] {processor.py:179} INFO - Processing /opt/airflow/dags/pipeline.py took 0.880 seconds
[2025-03-13T20:25:02.922+0000] {processor.py:157} INFO - Started process (PID=419) to work on /opt/airflow/dags/pipeline.py
[2025-03-13T20:25:02.924+0000] {processor.py:829} INFO - Processing file /opt/airflow/dags/pipeline.py for tasks to queue
[2025-03-13T20:25:02.926+0000] {logging_mixin.py:151} INFO - [2025-03-13T20:25:02.926+0000] {dagbag.py:539} INFO - Filling up the DagBag from /opt/airflow/dags/pipeline.py
[2025-03-13T20:25:03.456+0000] {processor.py:839} INFO - DAG(s) dict_keys(['yfinance_ingestion_dag']) retrieved from /opt/airflow/dags/pipeline.py
[2025-03-13T20:25:03.501+0000] {logging_mixin.py:151} INFO - [2025-03-13T20:25:03.500+0000] {dag.py:2915} INFO - Sync 1 DAGs
[2025-03-13T20:25:03.536+0000] {logging_mixin.py:151} INFO - [2025-03-13T20:25:03.535+0000] {dag.py:3696} INFO - Setting next_dagrun for yfinance_ingestion_dag to 2025-01-01T00:00:00+00:00, run_after=2025-01-02T00:00:00+00:00
[2025-03-13T20:25:03.558+0000] {processor.py:179} INFO - Processing /opt/airflow/dags/pipeline.py took 0.641 seconds
[2025-03-13T20:25:33.915+0000] {processor.py:157} INFO - Started process (PID=431) to work on /opt/airflow/dags/pipeline.py
[2025-03-13T20:25:33.917+0000] {processor.py:829} INFO - Processing file /opt/airflow/dags/pipeline.py for tasks to queue
[2025-03-13T20:25:33.920+0000] {logging_mixin.py:151} INFO - [2025-03-13T20:25:33.919+0000] {dagbag.py:539} INFO - Filling up the DagBag from /opt/airflow/dags/pipeline.py
[2025-03-13T20:25:34.629+0000] {processor.py:839} INFO - DAG(s) dict_keys(['yfinance_ingestion_dag']) retrieved from /opt/airflow/dags/pipeline.py
[2025-03-13T20:25:34.669+0000] {logging_mixin.py:151} INFO - [2025-03-13T20:25:34.669+0000] {dag.py:2915} INFO - Sync 1 DAGs
[2025-03-13T20:25:34.696+0000] {logging_mixin.py:151} INFO - [2025-03-13T20:25:34.695+0000] {dag.py:3696} INFO - Setting next_dagrun for yfinance_ingestion_dag to 2025-01-01T00:00:00+00:00, run_after=2025-01-02T00:00:00+00:00
[2025-03-13T20:25:34.721+0000] {processor.py:179} INFO - Processing /opt/airflow/dags/pipeline.py took 0.812 seconds
[2025-03-13T20:26:05.105+0000] {processor.py:157} INFO - Started process (PID=443) to work on /opt/airflow/dags/pipeline.py
[2025-03-13T20:26:05.108+0000] {processor.py:829} INFO - Processing file /opt/airflow/dags/pipeline.py for tasks to queue
[2025-03-13T20:26:05.110+0000] {logging_mixin.py:151} INFO - [2025-03-13T20:26:05.109+0000] {dagbag.py:539} INFO - Filling up the DagBag from /opt/airflow/dags/pipeline.py
[2025-03-13T20:26:05.972+0000] {processor.py:839} INFO - DAG(s) dict_keys(['yfinance_ingestion_dag']) retrieved from /opt/airflow/dags/pipeline.py
[2025-03-13T20:26:06.021+0000] {logging_mixin.py:151} INFO - [2025-03-13T20:26:06.021+0000] {dag.py:2915} INFO - Sync 1 DAGs
[2025-03-13T20:26:06.049+0000] {logging_mixin.py:151} INFO - [2025-03-13T20:26:06.049+0000] {dag.py:3696} INFO - Setting next_dagrun for yfinance_ingestion_dag to 2025-01-01T00:00:00+00:00, run_after=2025-01-02T00:00:00+00:00
[2025-03-13T20:26:06.073+0000] {processor.py:179} INFO - Processing /opt/airflow/dags/pipeline.py took 0.976 seconds
[2025-03-13T20:26:36.446+0000] {processor.py:157} INFO - Started process (PID=455) to work on /opt/airflow/dags/pipeline.py
[2025-03-13T20:26:36.448+0000] {processor.py:829} INFO - Processing file /opt/airflow/dags/pipeline.py for tasks to queue
[2025-03-13T20:26:36.450+0000] {logging_mixin.py:151} INFO - [2025-03-13T20:26:36.449+0000] {dagbag.py:539} INFO - Filling up the DagBag from /opt/airflow/dags/pipeline.py
[2025-03-13T20:26:37.025+0000] {processor.py:839} INFO - DAG(s) dict_keys(['yfinance_ingestion_dag']) retrieved from /opt/airflow/dags/pipeline.py
[2025-03-13T20:26:37.058+0000] {logging_mixin.py:151} INFO - [2025-03-13T20:26:37.057+0000] {dag.py:2915} INFO - Sync 1 DAGs
[2025-03-13T20:26:37.080+0000] {logging_mixin.py:151} INFO - [2025-03-13T20:26:37.079+0000] {dag.py:3696} INFO - Setting next_dagrun for yfinance_ingestion_dag to 2025-01-01T00:00:00+00:00, run_after=2025-01-02T00:00:00+00:00
[2025-03-13T20:26:37.101+0000] {processor.py:179} INFO - Processing /opt/airflow/dags/pipeline.py took 0.662 seconds
[2025-03-13T20:27:07.519+0000] {processor.py:157} INFO - Started process (PID=467) to work on /opt/airflow/dags/pipeline.py
[2025-03-13T20:27:07.521+0000] {processor.py:829} INFO - Processing file /opt/airflow/dags/pipeline.py for tasks to queue
[2025-03-13T20:27:07.522+0000] {logging_mixin.py:151} INFO - [2025-03-13T20:27:07.522+0000] {dagbag.py:539} INFO - Filling up the DagBag from /opt/airflow/dags/pipeline.py
[2025-03-13T20:27:08.171+0000] {processor.py:839} INFO - DAG(s) dict_keys(['yfinance_ingestion_dag']) retrieved from /opt/airflow/dags/pipeline.py
[2025-03-13T20:27:08.210+0000] {logging_mixin.py:151} INFO - [2025-03-13T20:27:08.209+0000] {dag.py:2915} INFO - Sync 1 DAGs
[2025-03-13T20:27:08.235+0000] {logging_mixin.py:151} INFO - [2025-03-13T20:27:08.235+0000] {dag.py:3696} INFO - Setting next_dagrun for yfinance_ingestion_dag to 2025-01-01T00:00:00+00:00, run_after=2025-01-02T00:00:00+00:00
[2025-03-13T20:27:08.256+0000] {processor.py:179} INFO - Processing /opt/airflow/dags/pipeline.py took 0.744 seconds
[2025-03-13T20:27:38.585+0000] {processor.py:157} INFO - Started process (PID=479) to work on /opt/airflow/dags/pipeline.py
[2025-03-13T20:27:38.586+0000] {processor.py:829} INFO - Processing file /opt/airflow/dags/pipeline.py for tasks to queue
[2025-03-13T20:27:38.588+0000] {logging_mixin.py:151} INFO - [2025-03-13T20:27:38.587+0000] {dagbag.py:539} INFO - Filling up the DagBag from /opt/airflow/dags/pipeline.py
[2025-03-13T20:27:39.172+0000] {processor.py:839} INFO - DAG(s) dict_keys(['yfinance_ingestion_dag']) retrieved from /opt/airflow/dags/pipeline.py
[2025-03-13T20:27:39.250+0000] {logging_mixin.py:151} INFO - [2025-03-13T20:27:39.250+0000] {dag.py:2915} INFO - Sync 1 DAGs
[2025-03-13T20:27:39.281+0000] {logging_mixin.py:151} INFO - [2025-03-13T20:27:39.281+0000] {dag.py:3696} INFO - Setting next_dagrun for yfinance_ingestion_dag to 2025-01-01T00:00:00+00:00, run_after=2025-01-02T00:00:00+00:00
[2025-03-13T20:27:39.307+0000] {processor.py:179} INFO - Processing /opt/airflow/dags/pipeline.py took 0.727 seconds
[2025-03-13T20:28:09.697+0000] {processor.py:157} INFO - Started process (PID=491) to work on /opt/airflow/dags/pipeline.py
[2025-03-13T20:28:09.699+0000] {processor.py:829} INFO - Processing file /opt/airflow/dags/pipeline.py for tasks to queue
[2025-03-13T20:28:09.701+0000] {logging_mixin.py:151} INFO - [2025-03-13T20:28:09.701+0000] {dagbag.py:539} INFO - Filling up the DagBag from /opt/airflow/dags/pipeline.py
[2025-03-13T20:28:10.496+0000] {processor.py:839} INFO - DAG(s) dict_keys(['yfinance_ingestion_dag']) retrieved from /opt/airflow/dags/pipeline.py
[2025-03-13T20:28:10.579+0000] {logging_mixin.py:151} INFO - [2025-03-13T20:28:10.578+0000] {dag.py:2915} INFO - Sync 1 DAGs
[2025-03-13T20:28:10.606+0000] {logging_mixin.py:151} INFO - [2025-03-13T20:28:10.606+0000] {dag.py:3696} INFO - Setting next_dagrun for yfinance_ingestion_dag to 2025-01-01T00:00:00+00:00, run_after=2025-01-02T00:00:00+00:00
[2025-03-13T20:28:10.635+0000] {processor.py:179} INFO - Processing /opt/airflow/dags/pipeline.py took 0.942 seconds
[2025-03-13T20:28:40.846+0000] {processor.py:157} INFO - Started process (PID=503) to work on /opt/airflow/dags/pipeline.py
[2025-03-13T20:28:40.847+0000] {processor.py:829} INFO - Processing file /opt/airflow/dags/pipeline.py for tasks to queue
[2025-03-13T20:28:40.848+0000] {logging_mixin.py:151} INFO - [2025-03-13T20:28:40.848+0000] {dagbag.py:539} INFO - Filling up the DagBag from /opt/airflow/dags/pipeline.py
[2025-03-13T20:28:41.418+0000] {processor.py:839} INFO - DAG(s) dict_keys(['yfinance_ingestion_dag']) retrieved from /opt/airflow/dags/pipeline.py
[2025-03-13T20:28:41.455+0000] {logging_mixin.py:151} INFO - [2025-03-13T20:28:41.454+0000] {dag.py:2915} INFO - Sync 1 DAGs
[2025-03-13T20:28:41.485+0000] {logging_mixin.py:151} INFO - [2025-03-13T20:28:41.485+0000] {dag.py:3696} INFO - Setting next_dagrun for yfinance_ingestion_dag to 2025-01-01T00:00:00+00:00, run_after=2025-01-02T00:00:00+00:00
[2025-03-13T20:28:41.515+0000] {processor.py:179} INFO - Processing /opt/airflow/dags/pipeline.py took 0.676 seconds
[2025-03-13T20:29:11.891+0000] {processor.py:157} INFO - Started process (PID=515) to work on /opt/airflow/dags/pipeline.py
[2025-03-13T20:29:11.892+0000] {processor.py:829} INFO - Processing file /opt/airflow/dags/pipeline.py for tasks to queue
[2025-03-13T20:29:11.894+0000] {logging_mixin.py:151} INFO - [2025-03-13T20:29:11.893+0000] {dagbag.py:539} INFO - Filling up the DagBag from /opt/airflow/dags/pipeline.py
[2025-03-13T20:29:12.421+0000] {processor.py:839} INFO - DAG(s) dict_keys(['yfinance_ingestion_dag']) retrieved from /opt/airflow/dags/pipeline.py
[2025-03-13T20:29:12.470+0000] {logging_mixin.py:151} INFO - [2025-03-13T20:29:12.470+0000] {dag.py:2915} INFO - Sync 1 DAGs
[2025-03-13T20:29:12.497+0000] {logging_mixin.py:151} INFO - [2025-03-13T20:29:12.496+0000] {dag.py:3696} INFO - Setting next_dagrun for yfinance_ingestion_dag to 2025-01-01T00:00:00+00:00, run_after=2025-01-02T00:00:00+00:00
[2025-03-13T20:29:12.523+0000] {processor.py:179} INFO - Processing /opt/airflow/dags/pipeline.py took 0.637 seconds
[2025-03-13T20:29:42.880+0000] {processor.py:157} INFO - Started process (PID=527) to work on /opt/airflow/dags/pipeline.py
[2025-03-13T20:29:42.882+0000] {processor.py:829} INFO - Processing file /opt/airflow/dags/pipeline.py for tasks to queue
[2025-03-13T20:29:42.884+0000] {logging_mixin.py:151} INFO - [2025-03-13T20:29:42.883+0000] {dagbag.py:539} INFO - Filling up the DagBag from /opt/airflow/dags/pipeline.py
[2025-03-13T20:29:43.821+0000] {processor.py:839} INFO - DAG(s) dict_keys(['yfinance_ingestion_dag']) retrieved from /opt/airflow/dags/pipeline.py
[2025-03-13T20:29:43.901+0000] {logging_mixin.py:151} INFO - [2025-03-13T20:29:43.899+0000] {dag.py:2915} INFO - Sync 1 DAGs
[2025-03-13T20:29:43.974+0000] {logging_mixin.py:151} INFO - [2025-03-13T20:29:43.974+0000] {dag.py:3696} INFO - Setting next_dagrun for yfinance_ingestion_dag to 2025-01-01T00:00:00+00:00, run_after=2025-01-02T00:00:00+00:00
[2025-03-13T20:29:44.054+0000] {processor.py:179} INFO - Processing /opt/airflow/dags/pipeline.py took 1.180 seconds
[2025-03-13T20:30:14.288+0000] {processor.py:157} INFO - Started process (PID=539) to work on /opt/airflow/dags/pipeline.py
[2025-03-13T20:30:14.289+0000] {processor.py:829} INFO - Processing file /opt/airflow/dags/pipeline.py for tasks to queue
[2025-03-13T20:30:14.291+0000] {logging_mixin.py:151} INFO - [2025-03-13T20:30:14.290+0000] {dagbag.py:539} INFO - Filling up the DagBag from /opt/airflow/dags/pipeline.py
[2025-03-13T20:30:14.843+0000] {processor.py:839} INFO - DAG(s) dict_keys(['yfinance_ingestion_dag']) retrieved from /opt/airflow/dags/pipeline.py
[2025-03-13T20:30:14.876+0000] {logging_mixin.py:151} INFO - [2025-03-13T20:30:14.876+0000] {dag.py:2915} INFO - Sync 1 DAGs
[2025-03-13T20:30:14.907+0000] {logging_mixin.py:151} INFO - [2025-03-13T20:30:14.906+0000] {dag.py:3696} INFO - Setting next_dagrun for yfinance_ingestion_dag to 2025-01-01T00:00:00+00:00, run_after=2025-01-02T00:00:00+00:00
[2025-03-13T20:30:14.935+0000] {processor.py:179} INFO - Processing /opt/airflow/dags/pipeline.py took 0.652 seconds
[2025-03-13T20:30:45.328+0000] {processor.py:157} INFO - Started process (PID=551) to work on /opt/airflow/dags/pipeline.py
[2025-03-13T20:30:45.329+0000] {processor.py:829} INFO - Processing file /opt/airflow/dags/pipeline.py for tasks to queue
[2025-03-13T20:30:45.331+0000] {logging_mixin.py:151} INFO - [2025-03-13T20:30:45.331+0000] {dagbag.py:539} INFO - Filling up the DagBag from /opt/airflow/dags/pipeline.py
[2025-03-13T20:30:45.907+0000] {processor.py:839} INFO - DAG(s) dict_keys(['yfinance_ingestion_dag']) retrieved from /opt/airflow/dags/pipeline.py
[2025-03-13T20:30:45.950+0000] {logging_mixin.py:151} INFO - [2025-03-13T20:30:45.949+0000] {dag.py:2915} INFO - Sync 1 DAGs
[2025-03-13T20:30:45.977+0000] {logging_mixin.py:151} INFO - [2025-03-13T20:30:45.977+0000] {dag.py:3696} INFO - Setting next_dagrun for yfinance_ingestion_dag to 2025-01-01T00:00:00+00:00, run_after=2025-01-02T00:00:00+00:00
[2025-03-13T20:30:46.008+0000] {processor.py:179} INFO - Processing /opt/airflow/dags/pipeline.py took 0.684 seconds
[2025-03-13T20:31:16.355+0000] {processor.py:157} INFO - Started process (PID=563) to work on /opt/airflow/dags/pipeline.py
[2025-03-13T20:31:16.357+0000] {processor.py:829} INFO - Processing file /opt/airflow/dags/pipeline.py for tasks to queue
[2025-03-13T20:31:16.359+0000] {logging_mixin.py:151} INFO - [2025-03-13T20:31:16.358+0000] {dagbag.py:539} INFO - Filling up the DagBag from /opt/airflow/dags/pipeline.py
[2025-03-13T20:31:17.123+0000] {processor.py:839} INFO - DAG(s) dict_keys(['yfinance_ingestion_dag']) retrieved from /opt/airflow/dags/pipeline.py
[2025-03-13T20:31:17.184+0000] {logging_mixin.py:151} INFO - [2025-03-13T20:31:17.183+0000] {dag.py:2915} INFO - Sync 1 DAGs
[2025-03-13T20:31:17.217+0000] {logging_mixin.py:151} INFO - [2025-03-13T20:31:17.217+0000] {dag.py:3696} INFO - Setting next_dagrun for yfinance_ingestion_dag to 2025-01-01T00:00:00+00:00, run_after=2025-01-02T00:00:00+00:00
[2025-03-13T20:31:17.251+0000] {processor.py:179} INFO - Processing /opt/airflow/dags/pipeline.py took 0.901 seconds
[2025-03-13T20:31:47.639+0000] {processor.py:157} INFO - Started process (PID=575) to work on /opt/airflow/dags/pipeline.py
[2025-03-13T20:31:47.641+0000] {processor.py:829} INFO - Processing file /opt/airflow/dags/pipeline.py for tasks to queue
[2025-03-13T20:31:47.642+0000] {logging_mixin.py:151} INFO - [2025-03-13T20:31:47.642+0000] {dagbag.py:539} INFO - Filling up the DagBag from /opt/airflow/dags/pipeline.py
[2025-03-13T20:31:48.242+0000] {processor.py:839} INFO - DAG(s) dict_keys(['yfinance_ingestion_dag']) retrieved from /opt/airflow/dags/pipeline.py
[2025-03-13T20:31:48.281+0000] {logging_mixin.py:151} INFO - [2025-03-13T20:31:48.280+0000] {dag.py:2915} INFO - Sync 1 DAGs
[2025-03-13T20:31:48.322+0000] {logging_mixin.py:151} INFO - [2025-03-13T20:31:48.321+0000] {dag.py:3696} INFO - Setting next_dagrun for yfinance_ingestion_dag to 2025-01-01T00:00:00+00:00, run_after=2025-01-02T00:00:00+00:00
[2025-03-13T20:31:48.359+0000] {processor.py:179} INFO - Processing /opt/airflow/dags/pipeline.py took 0.726 seconds
[2025-03-13T20:32:18.676+0000] {processor.py:157} INFO - Started process (PID=587) to work on /opt/airflow/dags/pipeline.py
[2025-03-13T20:32:18.678+0000] {processor.py:829} INFO - Processing file /opt/airflow/dags/pipeline.py for tasks to queue
[2025-03-13T20:32:18.679+0000] {logging_mixin.py:151} INFO - [2025-03-13T20:32:18.678+0000] {dagbag.py:539} INFO - Filling up the DagBag from /opt/airflow/dags/pipeline.py
[2025-03-13T20:32:19.287+0000] {processor.py:839} INFO - DAG(s) dict_keys(['yfinance_ingestion_dag']) retrieved from /opt/airflow/dags/pipeline.py
[2025-03-13T20:32:19.367+0000] {logging_mixin.py:151} INFO - [2025-03-13T20:32:19.367+0000] {dag.py:2915} INFO - Sync 1 DAGs
[2025-03-13T20:32:19.397+0000] {logging_mixin.py:151} INFO - [2025-03-13T20:32:19.397+0000] {dag.py:3696} INFO - Setting next_dagrun for yfinance_ingestion_dag to 2025-01-01T00:00:00+00:00, run_after=2025-01-02T00:00:00+00:00
[2025-03-13T20:32:19.417+0000] {processor.py:179} INFO - Processing /opt/airflow/dags/pipeline.py took 0.744 seconds
[2025-03-13T20:32:49.787+0000] {processor.py:157} INFO - Started process (PID=599) to work on /opt/airflow/dags/pipeline.py
[2025-03-13T20:32:49.788+0000] {processor.py:829} INFO - Processing file /opt/airflow/dags/pipeline.py for tasks to queue
[2025-03-13T20:32:49.790+0000] {logging_mixin.py:151} INFO - [2025-03-13T20:32:49.790+0000] {dagbag.py:539} INFO - Filling up the DagBag from /opt/airflow/dags/pipeline.py
[2025-03-13T20:32:50.648+0000] {processor.py:839} INFO - DAG(s) dict_keys(['yfinance_ingestion_dag']) retrieved from /opt/airflow/dags/pipeline.py
[2025-03-13T20:32:50.695+0000] {logging_mixin.py:151} INFO - [2025-03-13T20:32:50.694+0000] {dag.py:2915} INFO - Sync 1 DAGs
[2025-03-13T20:32:50.731+0000] {logging_mixin.py:151} INFO - [2025-03-13T20:32:50.730+0000] {dag.py:3696} INFO - Setting next_dagrun for yfinance_ingestion_dag to 2025-01-01T00:00:00+00:00, run_after=2025-01-02T00:00:00+00:00
[2025-03-13T20:32:50.755+0000] {processor.py:179} INFO - Processing /opt/airflow/dags/pipeline.py took 0.975 seconds
[2025-03-13T20:33:21.250+0000] {processor.py:157} INFO - Started process (PID=611) to work on /opt/airflow/dags/pipeline.py
[2025-03-13T20:33:21.263+0000] {processor.py:829} INFO - Processing file /opt/airflow/dags/pipeline.py for tasks to queue
[2025-03-13T20:33:21.271+0000] {logging_mixin.py:151} INFO - [2025-03-13T20:33:21.270+0000] {dagbag.py:539} INFO - Filling up the DagBag from /opt/airflow/dags/pipeline.py
[2025-03-13T20:33:23.879+0000] {processor.py:839} INFO - DAG(s) dict_keys(['yfinance_ingestion_dag']) retrieved from /opt/airflow/dags/pipeline.py
[2025-03-13T20:33:23.970+0000] {logging_mixin.py:151} INFO - [2025-03-13T20:33:23.969+0000] {dag.py:2915} INFO - Sync 1 DAGs
[2025-03-13T20:33:24.032+0000] {logging_mixin.py:151} INFO - [2025-03-13T20:33:24.030+0000] {dag.py:3696} INFO - Setting next_dagrun for yfinance_ingestion_dag to 2025-01-01T00:00:00+00:00, run_after=2025-01-02T00:00:00+00:00
[2025-03-13T20:33:24.091+0000] {processor.py:179} INFO - Processing /opt/airflow/dags/pipeline.py took 2.905 seconds
[2025-03-13T20:33:54.526+0000] {processor.py:157} INFO - Started process (PID=623) to work on /opt/airflow/dags/pipeline.py
[2025-03-13T20:33:54.536+0000] {processor.py:829} INFO - Processing file /opt/airflow/dags/pipeline.py for tasks to queue
[2025-03-13T20:33:54.539+0000] {logging_mixin.py:151} INFO - [2025-03-13T20:33:54.538+0000] {dagbag.py:539} INFO - Filling up the DagBag from /opt/airflow/dags/pipeline.py
[2025-03-13T20:33:55.758+0000] {processor.py:839} INFO - DAG(s) dict_keys(['yfinance_ingestion_dag']) retrieved from /opt/airflow/dags/pipeline.py
[2025-03-13T20:33:55.845+0000] {logging_mixin.py:151} INFO - [2025-03-13T20:33:55.842+0000] {dag.py:2915} INFO - Sync 1 DAGs
[2025-03-13T20:33:55.927+0000] {logging_mixin.py:151} INFO - [2025-03-13T20:33:55.926+0000] {dag.py:3696} INFO - Setting next_dagrun for yfinance_ingestion_dag to 2025-01-01T00:00:00+00:00, run_after=2025-01-02T00:00:00+00:00
[2025-03-13T20:33:55.995+0000] {processor.py:179} INFO - Processing /opt/airflow/dags/pipeline.py took 1.477 seconds
[2025-03-13T20:34:26.368+0000] {processor.py:157} INFO - Started process (PID=635) to work on /opt/airflow/dags/pipeline.py
[2025-03-13T20:34:26.372+0000] {processor.py:829} INFO - Processing file /opt/airflow/dags/pipeline.py for tasks to queue
[2025-03-13T20:34:26.376+0000] {logging_mixin.py:151} INFO - [2025-03-13T20:34:26.376+0000] {dagbag.py:539} INFO - Filling up the DagBag from /opt/airflow/dags/pipeline.py
[2025-03-13T20:34:27.141+0000] {processor.py:839} INFO - DAG(s) dict_keys(['yfinance_ingestion_dag']) retrieved from /opt/airflow/dags/pipeline.py
[2025-03-13T20:34:27.204+0000] {logging_mixin.py:151} INFO - [2025-03-13T20:34:27.203+0000] {dag.py:2915} INFO - Sync 1 DAGs
[2025-03-13T20:34:27.239+0000] {logging_mixin.py:151} INFO - [2025-03-13T20:34:27.238+0000] {dag.py:3696} INFO - Setting next_dagrun for yfinance_ingestion_dag to 2025-01-01T00:00:00+00:00, run_after=2025-01-02T00:00:00+00:00
[2025-03-13T20:34:27.268+0000] {processor.py:179} INFO - Processing /opt/airflow/dags/pipeline.py took 0.910 seconds
[2025-03-13T20:34:57.567+0000] {processor.py:157} INFO - Started process (PID=647) to work on /opt/airflow/dags/pipeline.py
[2025-03-13T20:34:57.569+0000] {processor.py:829} INFO - Processing file /opt/airflow/dags/pipeline.py for tasks to queue
[2025-03-13T20:34:57.570+0000] {logging_mixin.py:151} INFO - [2025-03-13T20:34:57.570+0000] {dagbag.py:539} INFO - Filling up the DagBag from /opt/airflow/dags/pipeline.py
[2025-03-13T20:34:58.185+0000] {processor.py:839} INFO - DAG(s) dict_keys(['yfinance_ingestion_dag']) retrieved from /opt/airflow/dags/pipeline.py
[2025-03-13T20:34:58.225+0000] {logging_mixin.py:151} INFO - [2025-03-13T20:34:58.224+0000] {dag.py:2915} INFO - Sync 1 DAGs
[2025-03-13T20:34:58.255+0000] {logging_mixin.py:151} INFO - [2025-03-13T20:34:58.254+0000] {dag.py:3696} INFO - Setting next_dagrun for yfinance_ingestion_dag to 2025-01-01T00:00:00+00:00, run_after=2025-01-02T00:00:00+00:00
[2025-03-13T20:34:58.281+0000] {processor.py:179} INFO - Processing /opt/airflow/dags/pipeline.py took 0.718 seconds
[2025-03-13T20:35:28.618+0000] {processor.py:157} INFO - Started process (PID=659) to work on /opt/airflow/dags/pipeline.py
[2025-03-13T20:35:28.620+0000] {processor.py:829} INFO - Processing file /opt/airflow/dags/pipeline.py for tasks to queue
[2025-03-13T20:35:28.622+0000] {logging_mixin.py:151} INFO - [2025-03-13T20:35:28.622+0000] {dagbag.py:539} INFO - Filling up the DagBag from /opt/airflow/dags/pipeline.py
[2025-03-13T20:35:29.241+0000] {processor.py:839} INFO - DAG(s) dict_keys(['yfinance_ingestion_dag']) retrieved from /opt/airflow/dags/pipeline.py
[2025-03-13T20:35:29.277+0000] {logging_mixin.py:151} INFO - [2025-03-13T20:35:29.276+0000] {dag.py:2915} INFO - Sync 1 DAGs
[2025-03-13T20:35:29.300+0000] {logging_mixin.py:151} INFO - [2025-03-13T20:35:29.300+0000] {dag.py:3696} INFO - Setting next_dagrun for yfinance_ingestion_dag to 2025-01-01T00:00:00+00:00, run_after=2025-01-02T00:00:00+00:00
[2025-03-13T20:35:29.321+0000] {processor.py:179} INFO - Processing /opt/airflow/dags/pipeline.py took 0.708 seconds
[2025-03-13T20:35:59.684+0000] {processor.py:157} INFO - Started process (PID=671) to work on /opt/airflow/dags/pipeline.py
[2025-03-13T20:35:59.685+0000] {processor.py:829} INFO - Processing file /opt/airflow/dags/pipeline.py for tasks to queue
[2025-03-13T20:35:59.687+0000] {logging_mixin.py:151} INFO - [2025-03-13T20:35:59.686+0000] {dagbag.py:539} INFO - Filling up the DagBag from /opt/airflow/dags/pipeline.py
[2025-03-13T20:36:00.809+0000] {processor.py:839} INFO - DAG(s) dict_keys(['yfinance_ingestion_dag']) retrieved from /opt/airflow/dags/pipeline.py
[2025-03-13T20:36:00.874+0000] {logging_mixin.py:151} INFO - [2025-03-13T20:36:00.873+0000] {dag.py:2915} INFO - Sync 1 DAGs
[2025-03-13T20:36:00.915+0000] {logging_mixin.py:151} INFO - [2025-03-13T20:36:00.914+0000] {dag.py:3696} INFO - Setting next_dagrun for yfinance_ingestion_dag to 2025-01-01T00:00:00+00:00, run_after=2025-01-02T00:00:00+00:00
[2025-03-13T20:36:00.946+0000] {processor.py:179} INFO - Processing /opt/airflow/dags/pipeline.py took 1.268 seconds
[2025-03-13T20:36:31.196+0000] {processor.py:157} INFO - Started process (PID=683) to work on /opt/airflow/dags/pipeline.py
[2025-03-13T20:36:31.198+0000] {processor.py:829} INFO - Processing file /opt/airflow/dags/pipeline.py for tasks to queue
[2025-03-13T20:36:31.200+0000] {logging_mixin.py:151} INFO - [2025-03-13T20:36:31.199+0000] {dagbag.py:539} INFO - Filling up the DagBag from /opt/airflow/dags/pipeline.py
[2025-03-13T20:36:31.805+0000] {processor.py:839} INFO - DAG(s) dict_keys(['yfinance_ingestion_dag']) retrieved from /opt/airflow/dags/pipeline.py
[2025-03-13T20:36:31.853+0000] {logging_mixin.py:151} INFO - [2025-03-13T20:36:31.853+0000] {dag.py:2915} INFO - Sync 1 DAGs
[2025-03-13T20:36:31.889+0000] {logging_mixin.py:151} INFO - [2025-03-13T20:36:31.888+0000] {dag.py:3696} INFO - Setting next_dagrun for yfinance_ingestion_dag to 2025-01-01T00:00:00+00:00, run_after=2025-01-02T00:00:00+00:00
[2025-03-13T20:36:31.914+0000] {processor.py:179} INFO - Processing /opt/airflow/dags/pipeline.py took 0.726 seconds
[2025-03-13T20:37:02.344+0000] {processor.py:157} INFO - Started process (PID=695) to work on /opt/airflow/dags/pipeline.py
[2025-03-13T20:37:02.345+0000] {processor.py:829} INFO - Processing file /opt/airflow/dags/pipeline.py for tasks to queue
[2025-03-13T20:37:02.346+0000] {logging_mixin.py:151} INFO - [2025-03-13T20:37:02.346+0000] {dagbag.py:539} INFO - Filling up the DagBag from /opt/airflow/dags/pipeline.py
[2025-03-13T20:37:02.901+0000] {processor.py:839} INFO - DAG(s) dict_keys(['yfinance_ingestion_dag']) retrieved from /opt/airflow/dags/pipeline.py
[2025-03-13T20:37:02.938+0000] {logging_mixin.py:151} INFO - [2025-03-13T20:37:02.937+0000] {dag.py:2915} INFO - Sync 1 DAGs
[2025-03-13T20:37:02.959+0000] {logging_mixin.py:151} INFO - [2025-03-13T20:37:02.959+0000] {dag.py:3696} INFO - Setting next_dagrun for yfinance_ingestion_dag to 2025-01-01T00:00:00+00:00, run_after=2025-01-02T00:00:00+00:00
[2025-03-13T20:37:02.980+0000] {processor.py:179} INFO - Processing /opt/airflow/dags/pipeline.py took 0.641 seconds
[2025-03-13T20:37:33.369+0000] {processor.py:157} INFO - Started process (PID=707) to work on /opt/airflow/dags/pipeline.py
[2025-03-13T20:37:33.371+0000] {processor.py:829} INFO - Processing file /opt/airflow/dags/pipeline.py for tasks to queue
[2025-03-13T20:37:33.372+0000] {logging_mixin.py:151} INFO - [2025-03-13T20:37:33.372+0000] {dagbag.py:539} INFO - Filling up the DagBag from /opt/airflow/dags/pipeline.py
[2025-03-13T20:37:33.899+0000] {processor.py:839} INFO - DAG(s) dict_keys(['yfinance_ingestion_dag']) retrieved from /opt/airflow/dags/pipeline.py
[2025-03-13T20:37:33.936+0000] {logging_mixin.py:151} INFO - [2025-03-13T20:37:33.935+0000] {dag.py:2915} INFO - Sync 1 DAGs
[2025-03-13T20:37:33.966+0000] {logging_mixin.py:151} INFO - [2025-03-13T20:37:33.965+0000] {dag.py:3696} INFO - Setting next_dagrun for yfinance_ingestion_dag to 2025-01-01T00:00:00+00:00, run_after=2025-01-02T00:00:00+00:00
[2025-03-13T20:37:33.990+0000] {processor.py:179} INFO - Processing /opt/airflow/dags/pipeline.py took 0.625 seconds
[2025-03-13T20:38:04.320+0000] {processor.py:157} INFO - Started process (PID=719) to work on /opt/airflow/dags/pipeline.py
[2025-03-13T20:38:04.322+0000] {processor.py:829} INFO - Processing file /opt/airflow/dags/pipeline.py for tasks to queue
[2025-03-13T20:38:04.323+0000] {logging_mixin.py:151} INFO - [2025-03-13T20:38:04.323+0000] {dagbag.py:539} INFO - Filling up the DagBag from /opt/airflow/dags/pipeline.py
[2025-03-13T20:38:04.927+0000] {processor.py:839} INFO - DAG(s) dict_keys(['yfinance_ingestion_dag']) retrieved from /opt/airflow/dags/pipeline.py
[2025-03-13T20:38:04.959+0000] {logging_mixin.py:151} INFO - [2025-03-13T20:38:04.958+0000] {dag.py:2915} INFO - Sync 1 DAGs
[2025-03-13T20:38:04.990+0000] {logging_mixin.py:151} INFO - [2025-03-13T20:38:04.990+0000] {dag.py:3696} INFO - Setting next_dagrun for yfinance_ingestion_dag to 2025-01-01T00:00:00+00:00, run_after=2025-01-02T00:00:00+00:00
[2025-03-13T20:38:05.019+0000] {processor.py:179} INFO - Processing /opt/airflow/dags/pipeline.py took 0.704 seconds
[2025-03-13T20:38:35.376+0000] {processor.py:157} INFO - Started process (PID=731) to work on /opt/airflow/dags/pipeline.py
[2025-03-13T20:38:35.378+0000] {processor.py:829} INFO - Processing file /opt/airflow/dags/pipeline.py for tasks to queue
[2025-03-13T20:38:35.380+0000] {logging_mixin.py:151} INFO - [2025-03-13T20:38:35.380+0000] {dagbag.py:539} INFO - Filling up the DagBag from /opt/airflow/dags/pipeline.py
[2025-03-13T20:38:35.060+0000] {processor.py:839} INFO - DAG(s) dict_keys(['yfinance_ingestion_dag']) retrieved from /opt/airflow/dags/pipeline.py
[2025-03-13T20:38:35.095+0000] {logging_mixin.py:151} INFO - [2025-03-13T20:38:35.094+0000] {dag.py:2915} INFO - Sync 1 DAGs
[2025-03-13T20:38:35.123+0000] {logging_mixin.py:151} INFO - [2025-03-13T20:38:35.123+0000] {dag.py:3696} INFO - Setting next_dagrun for yfinance_ingestion_dag to 2025-01-01T00:00:00+00:00, run_after=2025-01-02T00:00:00+00:00
[2025-03-13T20:38:35.154+0000] {processor.py:179} INFO - Processing /opt/airflow/dags/pipeline.py took 0.773 seconds
[2025-03-13T20:39:05.588+0000] {processor.py:157} INFO - Started process (PID=743) to work on /opt/airflow/dags/pipeline.py
[2025-03-13T20:39:05.591+0000] {processor.py:829} INFO - Processing file /opt/airflow/dags/pipeline.py for tasks to queue
[2025-03-13T20:39:05.597+0000] {logging_mixin.py:151} INFO - [2025-03-13T20:39:05.593+0000] {dagbag.py:539} INFO - Filling up the DagBag from /opt/airflow/dags/pipeline.py
[2025-03-13T20:39:06.928+0000] {processor.py:839} INFO - DAG(s) dict_keys(['yfinance_ingestion_dag']) retrieved from /opt/airflow/dags/pipeline.py
[2025-03-13T20:39:06.979+0000] {logging_mixin.py:151} INFO - [2025-03-13T20:39:06.978+0000] {dag.py:2915} INFO - Sync 1 DAGs
[2025-03-13T20:39:07.023+0000] {logging_mixin.py:151} INFO - [2025-03-13T20:39:07.023+0000] {dag.py:3696} INFO - Setting next_dagrun for yfinance_ingestion_dag to 2025-01-01T00:00:00+00:00, run_after=2025-01-02T00:00:00+00:00
[2025-03-13T20:39:07.055+0000] {processor.py:179} INFO - Processing /opt/airflow/dags/pipeline.py took 1.482 seconds
[2025-03-13T20:39:37.377+0000] {processor.py:157} INFO - Started process (PID=755) to work on /opt/airflow/dags/pipeline.py
[2025-03-13T20:39:37.378+0000] {processor.py:829} INFO - Processing file /opt/airflow/dags/pipeline.py for tasks to queue
[2025-03-13T20:39:37.379+0000] {logging_mixin.py:151} INFO - [2025-03-13T20:39:37.379+0000] {dagbag.py:539} INFO - Filling up the DagBag from /opt/airflow/dags/pipeline.py
[2025-03-13T20:39:37.905+0000] {processor.py:839} INFO - DAG(s) dict_keys(['yfinance_ingestion_dag']) retrieved from /opt/airflow/dags/pipeline.py
[2025-03-13T20:39:37.950+0000] {logging_mixin.py:151} INFO - [2025-03-13T20:39:37.949+0000] {dag.py:2915} INFO - Sync 1 DAGs
[2025-03-13T20:39:37.973+0000] {logging_mixin.py:151} INFO - [2025-03-13T20:39:37.972+0000] {dag.py:3696} INFO - Setting next_dagrun for yfinance_ingestion_dag to 2025-01-01T00:00:00+00:00, run_after=2025-01-02T00:00:00+00:00
[2025-03-13T20:39:37.995+0000] {processor.py:179} INFO - Processing /opt/airflow/dags/pipeline.py took 0.623 seconds
[2025-03-13T20:40:08.320+0000] {processor.py:157} INFO - Started process (PID=767) to work on /opt/airflow/dags/pipeline.py
[2025-03-13T20:40:08.322+0000] {processor.py:829} INFO - Processing file /opt/airflow/dags/pipeline.py for tasks to queue
[2025-03-13T20:40:08.324+0000] {logging_mixin.py:151} INFO - [2025-03-13T20:40:08.323+0000] {dagbag.py:539} INFO - Filling up the DagBag from /opt/airflow/dags/pipeline.py
[2025-03-13T20:40:09.167+0000] {processor.py:839} INFO - DAG(s) dict_keys(['yfinance_ingestion_dag']) retrieved from /opt/airflow/dags/pipeline.py
[2025-03-13T20:40:09.481+0000] {logging_mixin.py:151} INFO - [2025-03-13T20:40:09.471+0000] {dag.py:2915} INFO - Sync 1 DAGs
[2025-03-13T20:40:09.562+0000] {logging_mixin.py:151} INFO - [2025-03-13T20:40:09.562+0000] {dag.py:3696} INFO - Setting next_dagrun for yfinance_ingestion_dag to 2025-01-01T00:00:00+00:00, run_after=2025-01-02T00:00:00+00:00
[2025-03-13T20:40:09.624+0000] {processor.py:179} INFO - Processing /opt/airflow/dags/pipeline.py took 1.309 seconds
[2025-03-13T20:40:39.953+0000] {processor.py:157} INFO - Started process (PID=779) to work on /opt/airflow/dags/pipeline.py
[2025-03-13T20:40:39.956+0000] {processor.py:829} INFO - Processing file /opt/airflow/dags/pipeline.py for tasks to queue
[2025-03-13T20:40:39.958+0000] {logging_mixin.py:151} INFO - [2025-03-13T20:40:39.957+0000] {dagbag.py:539} INFO - Filling up the DagBag from /opt/airflow/dags/pipeline.py
[2025-03-13T20:40:41.014+0000] {processor.py:839} INFO - DAG(s) dict_keys(['yfinance_ingestion_dag']) retrieved from /opt/airflow/dags/pipeline.py
[2025-03-13T20:40:41.068+0000] {logging_mixin.py:151} INFO - [2025-03-13T20:40:41.067+0000] {dag.py:2915} INFO - Sync 1 DAGs
[2025-03-13T20:40:41.115+0000] {logging_mixin.py:151} INFO - [2025-03-13T20:40:41.115+0000] {dag.py:3696} INFO - Setting next_dagrun for yfinance_ingestion_dag to 2025-01-01T00:00:00+00:00, run_after=2025-01-02T00:00:00+00:00
[2025-03-13T20:40:41.172+0000] {processor.py:179} INFO - Processing /opt/airflow/dags/pipeline.py took 1.224 seconds
[2025-03-13T20:41:11.395+0000] {processor.py:157} INFO - Started process (PID=791) to work on /opt/airflow/dags/pipeline.py
[2025-03-13T20:41:11.396+0000] {processor.py:829} INFO - Processing file /opt/airflow/dags/pipeline.py for tasks to queue
[2025-03-13T20:41:11.397+0000] {logging_mixin.py:151} INFO - [2025-03-13T20:41:11.397+0000] {dagbag.py:539} INFO - Filling up the DagBag from /opt/airflow/dags/pipeline.py
[2025-03-13T20:41:12.287+0000] {processor.py:839} INFO - DAG(s) dict_keys(['yfinance_ingestion_dag']) retrieved from /opt/airflow/dags/pipeline.py
[2025-03-13T20:41:12.321+0000] {logging_mixin.py:151} INFO - [2025-03-13T20:41:12.320+0000] {dag.py:2915} INFO - Sync 1 DAGs
[2025-03-13T20:41:12.344+0000] {logging_mixin.py:151} INFO - [2025-03-13T20:41:12.344+0000] {dag.py:3696} INFO - Setting next_dagrun for yfinance_ingestion_dag to 2025-01-01T00:00:00+00:00, run_after=2025-01-02T00:00:00+00:00
[2025-03-13T20:41:12.371+0000] {processor.py:179} INFO - Processing /opt/airflow/dags/pipeline.py took 0.982 seconds
[2025-03-13T20:41:42.687+0000] {processor.py:157} INFO - Started process (PID=803) to work on /opt/airflow/dags/pipeline.py
[2025-03-13T20:41:42.690+0000] {processor.py:829} INFO - Processing file /opt/airflow/dags/pipeline.py for tasks to queue
[2025-03-13T20:41:42.692+0000] {logging_mixin.py:151} INFO - [2025-03-13T20:41:42.691+0000] {dagbag.py:539} INFO - Filling up the DagBag from /opt/airflow/dags/pipeline.py
[2025-03-13T20:41:43.288+0000] {processor.py:839} INFO - DAG(s) dict_keys(['yfinance_ingestion_dag']) retrieved from /opt/airflow/dags/pipeline.py
[2025-03-13T20:41:43.328+0000] {logging_mixin.py:151} INFO - [2025-03-13T20:41:43.327+0000] {dag.py:2915} INFO - Sync 1 DAGs
[2025-03-13T20:41:43.353+0000] {logging_mixin.py:151} INFO - [2025-03-13T20:41:43.353+0000] {dag.py:3696} INFO - Setting next_dagrun for yfinance_ingestion_dag to 2025-01-01T00:00:00+00:00, run_after=2025-01-02T00:00:00+00:00
[2025-03-13T20:41:43.380+0000] {processor.py:179} INFO - Processing /opt/airflow/dags/pipeline.py took 0.698 seconds
[2025-03-13T20:42:13.696+0000] {processor.py:157} INFO - Started process (PID=815) to work on /opt/airflow/dags/pipeline.py
[2025-03-13T20:42:13.697+0000] {processor.py:829} INFO - Processing file /opt/airflow/dags/pipeline.py for tasks to queue
[2025-03-13T20:42:13.699+0000] {logging_mixin.py:151} INFO - [2025-03-13T20:42:13.698+0000] {dagbag.py:539} INFO - Filling up the DagBag from /opt/airflow/dags/pipeline.py
[2025-03-13T20:42:14.437+0000] {processor.py:839} INFO - DAG(s) dict_keys(['yfinance_ingestion_dag']) retrieved from /opt/airflow/dags/pipeline.py
[2025-03-13T20:42:14.476+0000] {logging_mixin.py:151} INFO - [2025-03-13T20:42:14.475+0000] {dag.py:2915} INFO - Sync 1 DAGs
[2025-03-13T20:42:14.502+0000] {logging_mixin.py:151} INFO - [2025-03-13T20:42:14.501+0000] {dag.py:3696} INFO - Setting next_dagrun for yfinance_ingestion_dag to 2025-01-01T00:00:00+00:00, run_after=2025-01-02T00:00:00+00:00
[2025-03-13T20:42:14.524+0000] {processor.py:179} INFO - Processing /opt/airflow/dags/pipeline.py took 0.833 seconds
[2025-03-13T20:42:44.859+0000] {processor.py:157} INFO - Started process (PID=827) to work on /opt/airflow/dags/pipeline.py
[2025-03-13T20:42:44.862+0000] {processor.py:829} INFO - Processing file /opt/airflow/dags/pipeline.py for tasks to queue
[2025-03-13T20:42:44.864+0000] {logging_mixin.py:151} INFO - [2025-03-13T20:42:44.863+0000] {dagbag.py:539} INFO - Filling up the DagBag from /opt/airflow/dags/pipeline.py
[2025-03-13T20:42:45.469+0000] {processor.py:839} INFO - DAG(s) dict_keys(['yfinance_ingestion_dag']) retrieved from /opt/airflow/dags/pipeline.py
[2025-03-13T20:42:45.520+0000] {logging_mixin.py:151} INFO - [2025-03-13T20:42:45.519+0000] {dag.py:2915} INFO - Sync 1 DAGs
[2025-03-13T20:42:45.554+0000] {logging_mixin.py:151} INFO - [2025-03-13T20:42:45.554+0000] {dag.py:3696} INFO - Setting next_dagrun for yfinance_ingestion_dag to 2025-01-01T00:00:00+00:00, run_after=2025-01-02T00:00:00+00:00
[2025-03-13T20:42:45.584+0000] {processor.py:179} INFO - Processing /opt/airflow/dags/pipeline.py took 0.731 seconds
[2025-03-13T20:43:15.835+0000] {processor.py:157} INFO - Started process (PID=839) to work on /opt/airflow/dags/pipeline.py
[2025-03-13T20:43:15.836+0000] {processor.py:829} INFO - Processing file /opt/airflow/dags/pipeline.py for tasks to queue
[2025-03-13T20:43:15.838+0000] {logging_mixin.py:151} INFO - [2025-03-13T20:43:15.838+0000] {dagbag.py:539} INFO - Filling up the DagBag from /opt/airflow/dags/pipeline.py
[2025-03-13T20:43:16.654+0000] {processor.py:839} INFO - DAG(s) dict_keys(['yfinance_ingestion_dag']) retrieved from /opt/airflow/dags/pipeline.py
[2025-03-13T20:43:16.690+0000] {logging_mixin.py:151} INFO - [2025-03-13T20:43:16.689+0000] {dag.py:2915} INFO - Sync 1 DAGs
[2025-03-13T20:43:16.714+0000] {logging_mixin.py:151} INFO - [2025-03-13T20:43:16.714+0000] {dag.py:3696} INFO - Setting next_dagrun for yfinance_ingestion_dag to 2025-01-01T00:00:00+00:00, run_after=2025-01-02T00:00:00+00:00
[2025-03-13T20:43:16.739+0000] {processor.py:179} INFO - Processing /opt/airflow/dags/pipeline.py took 0.911 seconds
[2025-03-13T20:43:46.962+0000] {processor.py:157} INFO - Started process (PID=851) to work on /opt/airflow/dags/pipeline.py
[2025-03-13T20:43:46.964+0000] {processor.py:829} INFO - Processing file /opt/airflow/dags/pipeline.py for tasks to queue
[2025-03-13T20:43:46.966+0000] {logging_mixin.py:151} INFO - [2025-03-13T20:43:46.965+0000] {dagbag.py:539} INFO - Filling up the DagBag from /opt/airflow/dags/pipeline.py
[2025-03-13T20:43:47.858+0000] {processor.py:839} INFO - DAG(s) dict_keys(['yfinance_ingestion_dag']) retrieved from /opt/airflow/dags/pipeline.py
[2025-03-13T20:43:47.911+0000] {logging_mixin.py:151} INFO - [2025-03-13T20:43:47.910+0000] {dag.py:2915} INFO - Sync 1 DAGs
[2025-03-13T20:43:47.947+0000] {logging_mixin.py:151} INFO - [2025-03-13T20:43:47.946+0000] {dag.py:3696} INFO - Setting next_dagrun for yfinance_ingestion_dag to 2025-01-01T00:00:00+00:00, run_after=2025-01-02T00:00:00+00:00
[2025-03-13T20:43:47.980+0000] {processor.py:179} INFO - Processing /opt/airflow/dags/pipeline.py took 1.022 seconds
[2025-03-13T20:44:18.324+0000] {processor.py:157} INFO - Started process (PID=863) to work on /opt/airflow/dags/pipeline.py
[2025-03-13T20:44:18.325+0000] {processor.py:829} INFO - Processing file /opt/airflow/dags/pipeline.py for tasks to queue
[2025-03-13T20:44:18.327+0000] {logging_mixin.py:151} INFO - [2025-03-13T20:44:18.326+0000] {dagbag.py:539} INFO - Filling up the DagBag from /opt/airflow/dags/pipeline.py
[2025-03-13T20:44:18.947+0000] {processor.py:839} INFO - DAG(s) dict_keys(['yfinance_ingestion_dag']) retrieved from /opt/airflow/dags/pipeline.py
[2025-03-13T20:44:18.987+0000] {logging_mixin.py:151} INFO - [2025-03-13T20:44:18.986+0000] {dag.py:2915} INFO - Sync 1 DAGs
[2025-03-13T20:44:19.013+0000] {logging_mixin.py:151} INFO - [2025-03-13T20:44:19.012+0000] {dag.py:3696} INFO - Setting next_dagrun for yfinance_ingestion_dag to 2025-01-01T00:00:00+00:00, run_after=2025-01-02T00:00:00+00:00
[2025-03-13T20:44:19.034+0000] {processor.py:179} INFO - Processing /opt/airflow/dags/pipeline.py took 0.717 seconds
[2025-03-13T20:44:49.384+0000] {processor.py:157} INFO - Started process (PID=875) to work on /opt/airflow/dags/pipeline.py
[2025-03-13T20:44:49.385+0000] {processor.py:829} INFO - Processing file /opt/airflow/dags/pipeline.py for tasks to queue
[2025-03-13T20:44:49.387+0000] {logging_mixin.py:151} INFO - [2025-03-13T20:44:49.386+0000] {dagbag.py:539} INFO - Filling up the DagBag from /opt/airflow/dags/pipeline.py
[2025-03-13T20:44:49.986+0000] {processor.py:839} INFO - DAG(s) dict_keys(['yfinance_ingestion_dag']) retrieved from /opt/airflow/dags/pipeline.py
[2025-03-13T20:44:50.019+0000] {logging_mixin.py:151} INFO - [2025-03-13T20:44:50.018+0000] {dag.py:2915} INFO - Sync 1 DAGs
[2025-03-13T20:44:50.045+0000] {logging_mixin.py:151} INFO - [2025-03-13T20:44:50.045+0000] {dag.py:3696} INFO - Setting next_dagrun for yfinance_ingestion_dag to 2025-01-01T00:00:00+00:00, run_after=2025-01-02T00:00:00+00:00
[2025-03-13T20:44:50.069+0000] {processor.py:179} INFO - Processing /opt/airflow/dags/pipeline.py took 0.689 seconds
[2025-03-13T20:45:20.383+0000] {processor.py:157} INFO - Started process (PID=887) to work on /opt/airflow/dags/pipeline.py
[2025-03-13T20:45:20.388+0000] {processor.py:829} INFO - Processing file /opt/airflow/dags/pipeline.py for tasks to queue
[2025-03-13T20:45:20.390+0000] {logging_mixin.py:151} INFO - [2025-03-13T20:45:20.389+0000] {dagbag.py:539} INFO - Filling up the DagBag from /opt/airflow/dags/pipeline.py
[2025-03-13T20:45:21.020+0000] {processor.py:839} INFO - DAG(s) dict_keys(['yfinance_ingestion_dag']) retrieved from /opt/airflow/dags/pipeline.py
[2025-03-13T20:45:21.054+0000] {logging_mixin.py:151} INFO - [2025-03-13T20:45:21.054+0000] {dag.py:2915} INFO - Sync 1 DAGs
[2025-03-13T20:45:21.078+0000] {logging_mixin.py:151} INFO - [2025-03-13T20:45:21.078+0000] {dag.py:3696} INFO - Setting next_dagrun for yfinance_ingestion_dag to 2025-01-01T00:00:00+00:00, run_after=2025-01-02T00:00:00+00:00
[2025-03-13T20:45:21.100+0000] {processor.py:179} INFO - Processing /opt/airflow/dags/pipeline.py took 0.722 seconds
[2025-03-13T20:45:51.391+0000] {processor.py:157} INFO - Started process (PID=899) to work on /opt/airflow/dags/pipeline.py
[2025-03-13T20:45:51.393+0000] {processor.py:829} INFO - Processing file /opt/airflow/dags/pipeline.py for tasks to queue
[2025-03-13T20:45:51.394+0000] {logging_mixin.py:151} INFO - [2025-03-13T20:45:51.394+0000] {dagbag.py:539} INFO - Filling up the DagBag from /opt/airflow/dags/pipeline.py
[2025-03-13T20:45:51.961+0000] {processor.py:839} INFO - DAG(s) dict_keys(['yfinance_ingestion_dag']) retrieved from /opt/airflow/dags/pipeline.py
[2025-03-13T20:45:51.994+0000] {logging_mixin.py:151} INFO - [2025-03-13T20:45:51.993+0000] {dag.py:2915} INFO - Sync 1 DAGs
[2025-03-13T20:45:52.018+0000] {logging_mixin.py:151} INFO - [2025-03-13T20:45:52.017+0000] {dag.py:3696} INFO - Setting next_dagrun for yfinance_ingestion_dag to 2025-01-01T00:00:00+00:00, run_after=2025-01-02T00:00:00+00:00
[2025-03-13T20:45:52.046+0000] {processor.py:179} INFO - Processing /opt/airflow/dags/pipeline.py took 0.660 seconds
[2025-03-13T20:46:22.377+0000] {processor.py:157} INFO - Started process (PID=911) to work on /opt/airflow/dags/pipeline.py
[2025-03-13T20:46:22.379+0000] {processor.py:829} INFO - Processing file /opt/airflow/dags/pipeline.py for tasks to queue
[2025-03-13T20:46:22.380+0000] {logging_mixin.py:151} INFO - [2025-03-13T20:46:22.380+0000] {dagbag.py:539} INFO - Filling up the DagBag from /opt/airflow/dags/pipeline.py
[2025-03-13T20:46:23.036+0000] {processor.py:839} INFO - DAG(s) dict_keys(['yfinance_ingestion_dag']) retrieved from /opt/airflow/dags/pipeline.py
[2025-03-13T20:46:23.072+0000] {logging_mixin.py:151} INFO - [2025-03-13T20:46:23.071+0000] {dag.py:2915} INFO - Sync 1 DAGs
[2025-03-13T20:46:23.096+0000] {logging_mixin.py:151} INFO - [2025-03-13T20:46:23.095+0000] {dag.py:3696} INFO - Setting next_dagrun for yfinance_ingestion_dag to 2025-01-01T00:00:00+00:00, run_after=2025-01-02T00:00:00+00:00
[2025-03-13T20:46:23.122+0000] {processor.py:179} INFO - Processing /opt/airflow/dags/pipeline.py took 0.749 seconds
[2025-03-13T20:46:53.430+0000] {processor.py:157} INFO - Started process (PID=923) to work on /opt/airflow/dags/pipeline.py
[2025-03-13T20:46:53.431+0000] {processor.py:829} INFO - Processing file /opt/airflow/dags/pipeline.py for tasks to queue
[2025-03-13T20:46:53.433+0000] {logging_mixin.py:151} INFO - [2025-03-13T20:46:53.433+0000] {dagbag.py:539} INFO - Filling up the DagBag from /opt/airflow/dags/pipeline.py
[2025-03-13T20:46:53.961+0000] {processor.py:839} INFO - DAG(s) dict_keys(['yfinance_ingestion_dag']) retrieved from /opt/airflow/dags/pipeline.py
[2025-03-13T20:46:53.991+0000] {logging_mixin.py:151} INFO - [2025-03-13T20:46:53.990+0000] {dag.py:2915} INFO - Sync 1 DAGs
[2025-03-13T20:46:54.020+0000] {logging_mixin.py:151} INFO - [2025-03-13T20:46:54.020+0000] {dag.py:3696} INFO - Setting next_dagrun for yfinance_ingestion_dag to 2025-01-01T00:00:00+00:00, run_after=2025-01-02T00:00:00+00:00
[2025-03-13T20:46:54.044+0000] {processor.py:179} INFO - Processing /opt/airflow/dags/pipeline.py took 0.619 seconds
[2025-03-13T20:47:24.371+0000] {processor.py:157} INFO - Started process (PID=935) to work on /opt/airflow/dags/pipeline.py
[2025-03-13T20:47:24.372+0000] {processor.py:829} INFO - Processing file /opt/airflow/dags/pipeline.py for tasks to queue
[2025-03-13T20:47:24.373+0000] {logging_mixin.py:151} INFO - [2025-03-13T20:47:24.373+0000] {dagbag.py:539} INFO - Filling up the DagBag from /opt/airflow/dags/pipeline.py
[2025-03-13T20:47:24.883+0000] {processor.py:839} INFO - DAG(s) dict_keys(['yfinance_ingestion_dag']) retrieved from /opt/airflow/dags/pipeline.py
[2025-03-13T20:47:24.915+0000] {logging_mixin.py:151} INFO - [2025-03-13T20:47:24.915+0000] {dag.py:2915} INFO - Sync 1 DAGs
[2025-03-13T20:47:24.939+0000] {logging_mixin.py:151} INFO - [2025-03-13T20:47:24.939+0000] {dag.py:3696} INFO - Setting next_dagrun for yfinance_ingestion_dag to 2025-01-01T00:00:00+00:00, run_after=2025-01-02T00:00:00+00:00
[2025-03-13T20:47:24.967+0000] {processor.py:179} INFO - Processing /opt/airflow/dags/pipeline.py took 0.600 seconds
[2025-03-13T20:47:55.297+0000] {processor.py:157} INFO - Started process (PID=947) to work on /opt/airflow/dags/pipeline.py
[2025-03-13T20:47:55.298+0000] {processor.py:829} INFO - Processing file /opt/airflow/dags/pipeline.py for tasks to queue
[2025-03-13T20:47:55.299+0000] {logging_mixin.py:151} INFO - [2025-03-13T20:47:55.299+0000] {dagbag.py:539} INFO - Filling up the DagBag from /opt/airflow/dags/pipeline.py
[2025-03-13T20:47:55.864+0000] {processor.py:839} INFO - DAG(s) dict_keys(['yfinance_ingestion_dag']) retrieved from /opt/airflow/dags/pipeline.py
[2025-03-13T20:47:55.910+0000] {logging_mixin.py:151} INFO - [2025-03-13T20:47:55.909+0000] {dag.py:2915} INFO - Sync 1 DAGs
[2025-03-13T20:47:55.937+0000] {logging_mixin.py:151} INFO - [2025-03-13T20:47:55.937+0000] {dag.py:3696} INFO - Setting next_dagrun for yfinance_ingestion_dag to 2025-01-01T00:00:00+00:00, run_after=2025-01-02T00:00:00+00:00
[2025-03-13T20:47:55.963+0000] {processor.py:179} INFO - Processing /opt/airflow/dags/pipeline.py took 0.672 seconds
[2025-03-13T20:48:26.258+0000] {processor.py:157} INFO - Started process (PID=959) to work on /opt/airflow/dags/pipeline.py
[2025-03-13T20:48:26.259+0000] {processor.py:829} INFO - Processing file /opt/airflow/dags/pipeline.py for tasks to queue
[2025-03-13T20:48:26.261+0000] {logging_mixin.py:151} INFO - [2025-03-13T20:48:26.260+0000] {dagbag.py:539} INFO - Filling up the DagBag from /opt/airflow/dags/pipeline.py
[2025-03-13T20:48:26.809+0000] {processor.py:839} INFO - DAG(s) dict_keys(['yfinance_ingestion_dag']) retrieved from /opt/airflow/dags/pipeline.py
[2025-03-13T20:48:26.846+0000] {logging_mixin.py:151} INFO - [2025-03-13T20:48:26.846+0000] {dag.py:2915} INFO - Sync 1 DAGs
[2025-03-13T20:48:26.869+0000] {logging_mixin.py:151} INFO - [2025-03-13T20:48:26.869+0000] {dag.py:3696} INFO - Setting next_dagrun for yfinance_ingestion_dag to 2025-01-01T00:00:00+00:00, run_after=2025-01-02T00:00:00+00:00
[2025-03-13T20:48:26.897+0000] {processor.py:179} INFO - Processing /opt/airflow/dags/pipeline.py took 0.643 seconds
[2025-03-13T20:48:57.201+0000] {processor.py:157} INFO - Started process (PID=971) to work on /opt/airflow/dags/pipeline.py
[2025-03-13T20:48:57.202+0000] {processor.py:829} INFO - Processing file /opt/airflow/dags/pipeline.py for tasks to queue
[2025-03-13T20:48:57.204+0000] {logging_mixin.py:151} INFO - [2025-03-13T20:48:57.203+0000] {dagbag.py:539} INFO - Filling up the DagBag from /opt/airflow/dags/pipeline.py
[2025-03-13T20:48:57.764+0000] {processor.py:839} INFO - DAG(s) dict_keys(['yfinance_ingestion_dag']) retrieved from /opt/airflow/dags/pipeline.py
[2025-03-13T20:48:57.798+0000] {logging_mixin.py:151} INFO - [2025-03-13T20:48:57.797+0000] {dag.py:2915} INFO - Sync 1 DAGs
[2025-03-13T20:48:57.835+0000] {logging_mixin.py:151} INFO - [2025-03-13T20:48:57.834+0000] {dag.py:3696} INFO - Setting next_dagrun for yfinance_ingestion_dag to 2025-01-01T00:00:00+00:00, run_after=2025-01-02T00:00:00+00:00
[2025-03-13T20:48:57.865+0000] {processor.py:179} INFO - Processing /opt/airflow/dags/pipeline.py took 0.668 seconds
[2025-03-13T20:49:28.291+0000] {processor.py:157} INFO - Started process (PID=983) to work on /opt/airflow/dags/pipeline.py
[2025-03-13T20:49:28.293+0000] {processor.py:829} INFO - Processing file /opt/airflow/dags/pipeline.py for tasks to queue
[2025-03-13T20:49:28.294+0000] {logging_mixin.py:151} INFO - [2025-03-13T20:49:28.294+0000] {dagbag.py:539} INFO - Filling up the DagBag from /opt/airflow/dags/pipeline.py
[2025-03-13T20:49:28.775+0000] {processor.py:839} INFO - DAG(s) dict_keys(['yfinance_ingestion_dag']) retrieved from /opt/airflow/dags/pipeline.py
[2025-03-13T20:49:28.810+0000] {logging_mixin.py:151} INFO - [2025-03-13T20:49:28.810+0000] {dag.py:2915} INFO - Sync 1 DAGs
[2025-03-13T20:49:28.837+0000] {logging_mixin.py:151} INFO - [2025-03-13T20:49:28.837+0000] {dag.py:3696} INFO - Setting next_dagrun for yfinance_ingestion_dag to 2025-01-01T00:00:00+00:00, run_after=2025-01-02T00:00:00+00:00
[2025-03-13T20:49:28.860+0000] {processor.py:179} INFO - Processing /opt/airflow/dags/pipeline.py took 0.573 seconds
[2025-03-13T20:49:59.151+0000] {processor.py:157} INFO - Started process (PID=995) to work on /opt/airflow/dags/pipeline.py
[2025-03-13T20:49:59.156+0000] {processor.py:829} INFO - Processing file /opt/airflow/dags/pipeline.py for tasks to queue
[2025-03-13T20:49:59.169+0000] {logging_mixin.py:151} INFO - [2025-03-13T20:49:59.163+0000] {dagbag.py:539} INFO - Filling up the DagBag from /opt/airflow/dags/pipeline.py
[2025-03-13T20:49:59.869+0000] {processor.py:839} INFO - DAG(s) dict_keys(['yfinance_ingestion_dag']) retrieved from /opt/airflow/dags/pipeline.py
[2025-03-13T20:49:59.909+0000] {logging_mixin.py:151} INFO - [2025-03-13T20:49:59.908+0000] {dag.py:2915} INFO - Sync 1 DAGs
[2025-03-13T20:49:59.941+0000] {logging_mixin.py:151} INFO - [2025-03-13T20:49:59.941+0000] {dag.py:3696} INFO - Setting next_dagrun for yfinance_ingestion_dag to 2025-01-01T00:00:00+00:00, run_after=2025-01-02T00:00:00+00:00
[2025-03-13T20:49:59.984+0000] {processor.py:179} INFO - Processing /opt/airflow/dags/pipeline.py took 0.838 seconds
[2025-03-13T20:50:30.337+0000] {processor.py:157} INFO - Started process (PID=1007) to work on /opt/airflow/dags/pipeline.py
[2025-03-13T20:50:30.338+0000] {processor.py:829} INFO - Processing file /opt/airflow/dags/pipeline.py for tasks to queue
[2025-03-13T20:50:30.340+0000] {logging_mixin.py:151} INFO - [2025-03-13T20:50:30.339+0000] {dagbag.py:539} INFO - Filling up the DagBag from /opt/airflow/dags/pipeline.py
[2025-03-13T20:50:31.014+0000] {processor.py:839} INFO - DAG(s) dict_keys(['yfinance_ingestion_dag']) retrieved from /opt/airflow/dags/pipeline.py
[2025-03-13T20:50:31.053+0000] {logging_mixin.py:151} INFO - [2025-03-13T20:50:31.052+0000] {dag.py:2915} INFO - Sync 1 DAGs
[2025-03-13T20:50:31.081+0000] {logging_mixin.py:151} INFO - [2025-03-13T20:50:31.080+0000] {dag.py:3696} INFO - Setting next_dagrun for yfinance_ingestion_dag to 2025-01-01T00:00:00+00:00, run_after=2025-01-02T00:00:00+00:00
[2025-03-13T20:50:31.109+0000] {processor.py:179} INFO - Processing /opt/airflow/dags/pipeline.py took 0.777 seconds
[2025-03-13T20:51:01.395+0000] {processor.py:157} INFO - Started process (PID=1019) to work on /opt/airflow/dags/pipeline.py
[2025-03-13T20:51:01.397+0000] {processor.py:829} INFO - Processing file /opt/airflow/dags/pipeline.py for tasks to queue
[2025-03-13T20:51:01.399+0000] {logging_mixin.py:151} INFO - [2025-03-13T20:51:01.399+0000] {dagbag.py:539} INFO - Filling up the DagBag from /opt/airflow/dags/pipeline.py
[2025-03-13T20:51:01.968+0000] {processor.py:839} INFO - DAG(s) dict_keys(['yfinance_ingestion_dag']) retrieved from /opt/airflow/dags/pipeline.py
[2025-03-13T20:51:02.006+0000] {logging_mixin.py:151} INFO - [2025-03-13T20:51:02.005+0000] {dag.py:2915} INFO - Sync 1 DAGs
[2025-03-13T20:51:02.036+0000] {logging_mixin.py:151} INFO - [2025-03-13T20:51:02.036+0000] {dag.py:3696} INFO - Setting next_dagrun for yfinance_ingestion_dag to 2025-01-01T00:00:00+00:00, run_after=2025-01-02T00:00:00+00:00
[2025-03-13T20:51:02.060+0000] {processor.py:179} INFO - Processing /opt/airflow/dags/pipeline.py took 0.670 seconds
[2025-03-13T20:51:32.321+0000] {processor.py:157} INFO - Started process (PID=1031) to work on /opt/airflow/dags/pipeline.py
[2025-03-13T20:51:32.322+0000] {processor.py:829} INFO - Processing file /opt/airflow/dags/pipeline.py for tasks to queue
[2025-03-13T20:51:32.323+0000] {logging_mixin.py:151} INFO - [2025-03-13T20:51:32.323+0000] {dagbag.py:539} INFO - Filling up the DagBag from /opt/airflow/dags/pipeline.py
[2025-03-13T20:51:32.911+0000] {processor.py:839} INFO - DAG(s) dict_keys(['yfinance_ingestion_dag']) retrieved from /opt/airflow/dags/pipeline.py
[2025-03-13T20:51:32.948+0000] {logging_mixin.py:151} INFO - [2025-03-13T20:51:32.947+0000] {dag.py:2915} INFO - Sync 1 DAGs
[2025-03-13T20:51:32.973+0000] {logging_mixin.py:151} INFO - [2025-03-13T20:51:32.973+0000] {dag.py:3696} INFO - Setting next_dagrun for yfinance_ingestion_dag to 2025-01-01T00:00:00+00:00, run_after=2025-01-02T00:00:00+00:00
[2025-03-13T20:51:32.996+0000] {processor.py:179} INFO - Processing /opt/airflow/dags/pipeline.py took 0.681 seconds
[2025-03-13T20:52:03.292+0000] {processor.py:157} INFO - Started process (PID=1043) to work on /opt/airflow/dags/pipeline.py
[2025-03-13T20:52:03.294+0000] {processor.py:829} INFO - Processing file /opt/airflow/dags/pipeline.py for tasks to queue
[2025-03-13T20:52:03.296+0000] {logging_mixin.py:151} INFO - [2025-03-13T20:52:03.295+0000] {dagbag.py:539} INFO - Filling up the DagBag from /opt/airflow/dags/pipeline.py
[2025-03-13T20:52:03.851+0000] {processor.py:839} INFO - DAG(s) dict_keys(['yfinance_ingestion_dag']) retrieved from /opt/airflow/dags/pipeline.py
[2025-03-13T20:52:03.899+0000] {logging_mixin.py:151} INFO - [2025-03-13T20:52:03.898+0000] {dag.py:2915} INFO - Sync 1 DAGs
[2025-03-13T20:52:03.931+0000] {logging_mixin.py:151} INFO - [2025-03-13T20:52:03.931+0000] {dag.py:3696} INFO - Setting next_dagrun for yfinance_ingestion_dag to 2025-01-01T00:00:00+00:00, run_after=2025-01-02T00:00:00+00:00
[2025-03-13T20:52:03.955+0000] {processor.py:179} INFO - Processing /opt/airflow/dags/pipeline.py took 0.669 seconds
[2025-03-13T20:52:34.224+0000] {processor.py:157} INFO - Started process (PID=1055) to work on /opt/airflow/dags/pipeline.py
[2025-03-13T20:52:34.226+0000] {processor.py:829} INFO - Processing file /opt/airflow/dags/pipeline.py for tasks to queue
[2025-03-13T20:52:34.228+0000] {logging_mixin.py:151} INFO - [2025-03-13T20:52:34.227+0000] {dagbag.py:539} INFO - Filling up the DagBag from /opt/airflow/dags/pipeline.py
[2025-03-13T20:52:34.810+0000] {processor.py:839} INFO - DAG(s) dict_keys(['yfinance_ingestion_dag']) retrieved from /opt/airflow/dags/pipeline.py
[2025-03-13T20:52:34.845+0000] {logging_mixin.py:151} INFO - [2025-03-13T20:52:34.844+0000] {dag.py:2915} INFO - Sync 1 DAGs
[2025-03-13T20:52:34.870+0000] {logging_mixin.py:151} INFO - [2025-03-13T20:52:34.869+0000] {dag.py:3696} INFO - Setting next_dagrun for yfinance_ingestion_dag to 2025-01-01T00:00:00+00:00, run_after=2025-01-02T00:00:00+00:00
[2025-03-13T20:52:34.898+0000] {processor.py:179} INFO - Processing /opt/airflow/dags/pipeline.py took 0.677 seconds
[2025-03-13T20:53:05.154+0000] {processor.py:157} INFO - Started process (PID=1067) to work on /opt/airflow/dags/pipeline.py
[2025-03-13T20:53:05.156+0000] {processor.py:829} INFO - Processing file /opt/airflow/dags/pipeline.py for tasks to queue
[2025-03-13T20:53:05.157+0000] {logging_mixin.py:151} INFO - [2025-03-13T20:53:05.157+0000] {dagbag.py:539} INFO - Filling up the DagBag from /opt/airflow/dags/pipeline.py
[2025-03-13T20:53:05.803+0000] {processor.py:839} INFO - DAG(s) dict_keys(['yfinance_ingestion_dag']) retrieved from /opt/airflow/dags/pipeline.py
[2025-03-13T20:53:05.840+0000] {logging_mixin.py:151} INFO - [2025-03-13T20:53:05.840+0000] {dag.py:2915} INFO - Sync 1 DAGs
[2025-03-13T20:53:05.876+0000] {logging_mixin.py:151} INFO - [2025-03-13T20:53:05.876+0000] {dag.py:3696} INFO - Setting next_dagrun for yfinance_ingestion_dag to 2025-01-01T00:00:00+00:00, run_after=2025-01-02T00:00:00+00:00
[2025-03-13T20:53:05.901+0000] {processor.py:179} INFO - Processing /opt/airflow/dags/pipeline.py took 0.751 seconds
[2025-03-13T20:53:36.204+0000] {processor.py:157} INFO - Started process (PID=1079) to work on /opt/airflow/dags/pipeline.py
[2025-03-13T20:53:36.206+0000] {processor.py:829} INFO - Processing file /opt/airflow/dags/pipeline.py for tasks to queue
[2025-03-13T20:53:36.207+0000] {logging_mixin.py:151} INFO - [2025-03-13T20:53:36.207+0000] {dagbag.py:539} INFO - Filling up the DagBag from /opt/airflow/dags/pipeline.py
[2025-03-13T20:53:37.200+0000] {processor.py:839} INFO - DAG(s) dict_keys(['yfinance_ingestion_dag']) retrieved from /opt/airflow/dags/pipeline.py
[2025-03-13T20:53:37.245+0000] {logging_mixin.py:151} INFO - [2025-03-13T20:53:37.244+0000] {dag.py:2915} INFO - Sync 1 DAGs
[2025-03-13T20:53:37.278+0000] {logging_mixin.py:151} INFO - [2025-03-13T20:53:37.278+0000] {dag.py:3696} INFO - Setting next_dagrun for yfinance_ingestion_dag to 2025-01-01T00:00:00+00:00, run_after=2025-01-02T00:00:00+00:00
[2025-03-13T20:53:37.318+0000] {processor.py:179} INFO - Processing /opt/airflow/dags/pipeline.py took 1.120 seconds
[2025-03-13T20:54:07.618+0000] {processor.py:157} INFO - Started process (PID=1091) to work on /opt/airflow/dags/pipeline.py
[2025-03-13T20:54:07.619+0000] {processor.py:829} INFO - Processing file /opt/airflow/dags/pipeline.py for tasks to queue
[2025-03-13T20:54:07.621+0000] {logging_mixin.py:151} INFO - [2025-03-13T20:54:07.621+0000] {dagbag.py:539} INFO - Filling up the DagBag from /opt/airflow/dags/pipeline.py
[2025-03-13T20:54:08.316+0000] {processor.py:839} INFO - DAG(s) dict_keys(['yfinance_ingestion_dag']) retrieved from /opt/airflow/dags/pipeline.py
[2025-03-13T20:54:08.349+0000] {logging_mixin.py:151} INFO - [2025-03-13T20:54:08.349+0000] {dag.py:2915} INFO - Sync 1 DAGs
[2025-03-13T20:54:08.373+0000] {logging_mixin.py:151} INFO - [2025-03-13T20:54:08.373+0000] {dag.py:3696} INFO - Setting next_dagrun for yfinance_ingestion_dag to 2025-01-01T00:00:00+00:00, run_after=2025-01-02T00:00:00+00:00
[2025-03-13T20:54:08.403+0000] {processor.py:179} INFO - Processing /opt/airflow/dags/pipeline.py took 0.791 seconds
[2025-03-13T20:54:38.615+0000] {processor.py:157} INFO - Started process (PID=1103) to work on /opt/airflow/dags/pipeline.py
[2025-03-13T20:54:38.616+0000] {processor.py:829} INFO - Processing file /opt/airflow/dags/pipeline.py for tasks to queue
[2025-03-13T20:54:38.618+0000] {logging_mixin.py:151} INFO - [2025-03-13T20:54:38.617+0000] {dagbag.py:539} INFO - Filling up the DagBag from /opt/airflow/dags/pipeline.py
[2025-03-13T20:54:39.222+0000] {processor.py:839} INFO - DAG(s) dict_keys(['yfinance_ingestion_dag']) retrieved from /opt/airflow/dags/pipeline.py
[2025-03-13T20:54:39.268+0000] {logging_mixin.py:151} INFO - [2025-03-13T20:54:39.267+0000] {dag.py:2915} INFO - Sync 1 DAGs
[2025-03-13T20:54:39.296+0000] {logging_mixin.py:151} INFO - [2025-03-13T20:54:39.296+0000] {dag.py:3696} INFO - Setting next_dagrun for yfinance_ingestion_dag to 2025-01-01T00:00:00+00:00, run_after=2025-01-02T00:00:00+00:00
[2025-03-13T20:54:39.323+0000] {processor.py:179} INFO - Processing /opt/airflow/dags/pipeline.py took 0.713 seconds
[2025-03-13T20:55:09.580+0000] {processor.py:157} INFO - Started process (PID=1115) to work on /opt/airflow/dags/pipeline.py
[2025-03-13T20:55:09.582+0000] {processor.py:829} INFO - Processing file /opt/airflow/dags/pipeline.py for tasks to queue
[2025-03-13T20:55:09.583+0000] {logging_mixin.py:151} INFO - [2025-03-13T20:55:09.583+0000] {dagbag.py:539} INFO - Filling up the DagBag from /opt/airflow/dags/pipeline.py
[2025-03-13T20:55:10.201+0000] {processor.py:839} INFO - DAG(s) dict_keys(['yfinance_ingestion_dag']) retrieved from /opt/airflow/dags/pipeline.py
[2025-03-13T20:55:10.272+0000] {logging_mixin.py:151} INFO - [2025-03-13T20:55:10.271+0000] {dag.py:2915} INFO - Sync 1 DAGs
[2025-03-13T20:55:10.338+0000] {logging_mixin.py:151} INFO - [2025-03-13T20:55:10.338+0000] {dag.py:3696} INFO - Setting next_dagrun for yfinance_ingestion_dag to 2025-01-01T00:00:00+00:00, run_after=2025-01-02T00:00:00+00:00
[2025-03-13T20:55:10.369+0000] {processor.py:179} INFO - Processing /opt/airflow/dags/pipeline.py took 0.794 seconds
[2025-03-13T20:55:40.626+0000] {processor.py:157} INFO - Started process (PID=1127) to work on /opt/airflow/dags/pipeline.py
[2025-03-13T20:55:40.627+0000] {processor.py:829} INFO - Processing file /opt/airflow/dags/pipeline.py for tasks to queue
[2025-03-13T20:55:40.629+0000] {logging_mixin.py:151} INFO - [2025-03-13T20:55:40.628+0000] {dagbag.py:539} INFO - Filling up the DagBag from /opt/airflow/dags/pipeline.py
[2025-03-13T20:55:41.225+0000] {processor.py:839} INFO - DAG(s) dict_keys(['yfinance_ingestion_dag']) retrieved from /opt/airflow/dags/pipeline.py
[2025-03-13T20:55:41.316+0000] {logging_mixin.py:151} INFO - [2025-03-13T20:55:41.315+0000] {dag.py:2915} INFO - Sync 1 DAGs
[2025-03-13T20:55:41.361+0000] {logging_mixin.py:151} INFO - [2025-03-13T20:55:41.360+0000] {dag.py:3696} INFO - Setting next_dagrun for yfinance_ingestion_dag to 2025-01-01T00:00:00+00:00, run_after=2025-01-02T00:00:00+00:00
[2025-03-13T20:55:41.401+0000] {processor.py:179} INFO - Processing /opt/airflow/dags/pipeline.py took 0.780 seconds
[2025-03-13T20:56:11.586+0000] {processor.py:157} INFO - Started process (PID=1139) to work on /opt/airflow/dags/pipeline.py
[2025-03-13T20:56:11.587+0000] {processor.py:829} INFO - Processing file /opt/airflow/dags/pipeline.py for tasks to queue
[2025-03-13T20:56:11.588+0000] {logging_mixin.py:151} INFO - [2025-03-13T20:56:11.588+0000] {dagbag.py:539} INFO - Filling up the DagBag from /opt/airflow/dags/pipeline.py
[2025-03-13T20:56:12.194+0000] {processor.py:839} INFO - DAG(s) dict_keys(['yfinance_ingestion_dag']) retrieved from /opt/airflow/dags/pipeline.py
[2025-03-13T20:56:12.232+0000] {logging_mixin.py:151} INFO - [2025-03-13T20:56:12.231+0000] {dag.py:2915} INFO - Sync 1 DAGs
[2025-03-13T20:56:12.260+0000] {logging_mixin.py:151} INFO - [2025-03-13T20:56:12.260+0000] {dag.py:3696} INFO - Setting next_dagrun for yfinance_ingestion_dag to 2025-01-01T00:00:00+00:00, run_after=2025-01-02T00:00:00+00:00
[2025-03-13T20:56:12.285+0000] {processor.py:179} INFO - Processing /opt/airflow/dags/pipeline.py took 0.705 seconds
[2025-03-13T20:56:42.523+0000] {processor.py:157} INFO - Started process (PID=1151) to work on /opt/airflow/dags/pipeline.py
[2025-03-13T20:56:42.525+0000] {processor.py:829} INFO - Processing file /opt/airflow/dags/pipeline.py for tasks to queue
[2025-03-13T20:56:42.527+0000] {logging_mixin.py:151} INFO - [2025-03-13T20:56:42.527+0000] {dagbag.py:539} INFO - Filling up the DagBag from /opt/airflow/dags/pipeline.py
[2025-03-13T20:56:43.193+0000] {processor.py:839} INFO - DAG(s) dict_keys(['yfinance_ingestion_dag']) retrieved from /opt/airflow/dags/pipeline.py
[2025-03-13T20:56:43.257+0000] {logging_mixin.py:151} INFO - [2025-03-13T20:56:43.256+0000] {dag.py:2915} INFO - Sync 1 DAGs
[2025-03-13T20:56:43.302+0000] {logging_mixin.py:151} INFO - [2025-03-13T20:56:43.302+0000] {dag.py:3696} INFO - Setting next_dagrun for yfinance_ingestion_dag to 2025-01-01T00:00:00+00:00, run_after=2025-01-02T00:00:00+00:00
[2025-03-13T20:56:43.334+0000] {processor.py:179} INFO - Processing /opt/airflow/dags/pipeline.py took 0.816 seconds
[2025-03-13T20:57:13.585+0000] {processor.py:157} INFO - Started process (PID=1163) to work on /opt/airflow/dags/pipeline.py
[2025-03-13T20:57:13.587+0000] {processor.py:829} INFO - Processing file /opt/airflow/dags/pipeline.py for tasks to queue
[2025-03-13T20:57:13.589+0000] {logging_mixin.py:151} INFO - [2025-03-13T20:57:13.588+0000] {dagbag.py:539} INFO - Filling up the DagBag from /opt/airflow/dags/pipeline.py
[2025-03-13T20:57:14.461+0000] {processor.py:839} INFO - DAG(s) dict_keys(['yfinance_ingestion_dag']) retrieved from /opt/airflow/dags/pipeline.py
[2025-03-13T20:57:14.509+0000] {logging_mixin.py:151} INFO - [2025-03-13T20:57:14.508+0000] {dag.py:2915} INFO - Sync 1 DAGs
[2025-03-13T20:57:14.540+0000] {logging_mixin.py:151} INFO - [2025-03-13T20:57:14.540+0000] {dag.py:3696} INFO - Setting next_dagrun for yfinance_ingestion_dag to 2025-01-01T00:00:00+00:00, run_after=2025-01-02T00:00:00+00:00
[2025-03-13T20:57:14.588+0000] {processor.py:179} INFO - Processing /opt/airflow/dags/pipeline.py took 1.021 seconds
[2025-03-13T20:57:44.906+0000] {processor.py:157} INFO - Started process (PID=1175) to work on /opt/airflow/dags/pipeline.py
[2025-03-13T20:57:44.908+0000] {processor.py:829} INFO - Processing file /opt/airflow/dags/pipeline.py for tasks to queue
[2025-03-13T20:57:44.910+0000] {logging_mixin.py:151} INFO - [2025-03-13T20:57:44.909+0000] {dagbag.py:539} INFO - Filling up the DagBag from /opt/airflow/dags/pipeline.py
[2025-03-13T20:57:45.570+0000] {processor.py:839} INFO - DAG(s) dict_keys(['yfinance_ingestion_dag']) retrieved from /opt/airflow/dags/pipeline.py
[2025-03-13T20:57:45.615+0000] {logging_mixin.py:151} INFO - [2025-03-13T20:57:45.614+0000] {dag.py:2915} INFO - Sync 1 DAGs
[2025-03-13T20:57:45.646+0000] {logging_mixin.py:151} INFO - [2025-03-13T20:57:45.646+0000] {dag.py:3696} INFO - Setting next_dagrun for yfinance_ingestion_dag to 2025-01-01T00:00:00+00:00, run_after=2025-01-02T00:00:00+00:00
[2025-03-13T20:57:45.677+0000] {processor.py:179} INFO - Processing /opt/airflow/dags/pipeline.py took 0.776 seconds
[2025-03-13T20:58:15.919+0000] {processor.py:157} INFO - Started process (PID=1187) to work on /opt/airflow/dags/pipeline.py
[2025-03-13T20:58:15.921+0000] {processor.py:829} INFO - Processing file /opt/airflow/dags/pipeline.py for tasks to queue
[2025-03-13T20:58:15.924+0000] {logging_mixin.py:151} INFO - [2025-03-13T20:58:15.923+0000] {dagbag.py:539} INFO - Filling up the DagBag from /opt/airflow/dags/pipeline.py
[2025-03-13T20:58:16.797+0000] {processor.py:839} INFO - DAG(s) dict_keys(['yfinance_ingestion_dag']) retrieved from /opt/airflow/dags/pipeline.py
[2025-03-13T20:58:16.842+0000] {logging_mixin.py:151} INFO - [2025-03-13T20:58:16.841+0000] {dag.py:2915} INFO - Sync 1 DAGs
[2025-03-13T20:58:16.872+0000] {logging_mixin.py:151} INFO - [2025-03-13T20:58:16.872+0000] {dag.py:3696} INFO - Setting next_dagrun for yfinance_ingestion_dag to 2025-01-01T00:00:00+00:00, run_after=2025-01-02T00:00:00+00:00
[2025-03-13T20:58:16.900+0000] {processor.py:179} INFO - Processing /opt/airflow/dags/pipeline.py took 0.987 seconds
[2025-03-13T20:58:47.125+0000] {processor.py:157} INFO - Started process (PID=1199) to work on /opt/airflow/dags/pipeline.py
[2025-03-13T20:58:47.127+0000] {processor.py:829} INFO - Processing file /opt/airflow/dags/pipeline.py for tasks to queue
[2025-03-13T20:58:47.129+0000] {logging_mixin.py:151} INFO - [2025-03-13T20:58:47.128+0000] {dagbag.py:539} INFO - Filling up the DagBag from /opt/airflow/dags/pipeline.py
[2025-03-13T20:58:47.721+0000] {processor.py:839} INFO - DAG(s) dict_keys(['yfinance_ingestion_dag']) retrieved from /opt/airflow/dags/pipeline.py
[2025-03-13T20:58:47.761+0000] {logging_mixin.py:151} INFO - [2025-03-13T20:58:47.760+0000] {dag.py:2915} INFO - Sync 1 DAGs
[2025-03-13T20:58:47.784+0000] {logging_mixin.py:151} INFO - [2025-03-13T20:58:47.784+0000] {dag.py:3696} INFO - Setting next_dagrun for yfinance_ingestion_dag to 2025-01-01T00:00:00+00:00, run_after=2025-01-02T00:00:00+00:00
[2025-03-13T20:58:47.814+0000] {processor.py:179} INFO - Processing /opt/airflow/dags/pipeline.py took 0.695 seconds
[2025-03-13T20:59:18.153+0000] {processor.py:157} INFO - Started process (PID=1211) to work on /opt/airflow/dags/pipeline.py
[2025-03-13T20:59:18.156+0000] {processor.py:829} INFO - Processing file /opt/airflow/dags/pipeline.py for tasks to queue
[2025-03-13T20:59:18.158+0000] {logging_mixin.py:151} INFO - [2025-03-13T20:59:18.157+0000] {dagbag.py:539} INFO - Filling up the DagBag from /opt/airflow/dags/pipeline.py
[2025-03-13T20:59:19.051+0000] {processor.py:839} INFO - DAG(s) dict_keys(['yfinance_ingestion_dag']) retrieved from /opt/airflow/dags/pipeline.py
[2025-03-13T20:59:19.115+0000] {logging_mixin.py:151} INFO - [2025-03-13T20:59:19.114+0000] {dag.py:2915} INFO - Sync 1 DAGs
[2025-03-13T20:59:19.166+0000] {logging_mixin.py:151} INFO - [2025-03-13T20:59:19.166+0000] {dag.py:3696} INFO - Setting next_dagrun for yfinance_ingestion_dag to 2025-01-01T00:00:00+00:00, run_after=2025-01-02T00:00:00+00:00
[2025-03-13T20:59:19.192+0000] {processor.py:179} INFO - Processing /opt/airflow/dags/pipeline.py took 1.048 seconds
[2025-03-13T20:59:49.458+0000] {processor.py:157} INFO - Started process (PID=1223) to work on /opt/airflow/dags/pipeline.py
[2025-03-13T20:59:49.460+0000] {processor.py:829} INFO - Processing file /opt/airflow/dags/pipeline.py for tasks to queue
[2025-03-13T20:59:49.463+0000] {logging_mixin.py:151} INFO - [2025-03-13T20:59:49.462+0000] {dagbag.py:539} INFO - Filling up the DagBag from /opt/airflow/dags/pipeline.py
[2025-03-13T20:59:50.195+0000] {processor.py:839} INFO - DAG(s) dict_keys(['yfinance_ingestion_dag']) retrieved from /opt/airflow/dags/pipeline.py
[2025-03-13T20:59:50.255+0000] {logging_mixin.py:151} INFO - [2025-03-13T20:59:50.254+0000] {dag.py:2915} INFO - Sync 1 DAGs
[2025-03-13T20:59:50.287+0000] {logging_mixin.py:151} INFO - [2025-03-13T20:59:50.287+0000] {dag.py:3696} INFO - Setting next_dagrun for yfinance_ingestion_dag to 2025-01-01T00:00:00+00:00, run_after=2025-01-02T00:00:00+00:00
[2025-03-13T20:59:50.317+0000] {processor.py:179} INFO - Processing /opt/airflow/dags/pipeline.py took 0.867 seconds
[2025-03-13T21:00:20.579+0000] {processor.py:157} INFO - Started process (PID=1235) to work on /opt/airflow/dags/pipeline.py
[2025-03-13T21:00:20.581+0000] {processor.py:829} INFO - Processing file /opt/airflow/dags/pipeline.py for tasks to queue
[2025-03-13T21:00:20.582+0000] {logging_mixin.py:151} INFO - [2025-03-13T21:00:20.582+0000] {dagbag.py:539} INFO - Filling up the DagBag from /opt/airflow/dags/pipeline.py
[2025-03-13T21:00:20.394+0000] {processor.py:839} INFO - DAG(s) dict_keys(['yfinance_ingestion_dag']) retrieved from /opt/airflow/dags/pipeline.py
[2025-03-13T21:00:20.494+0000] {logging_mixin.py:151} INFO - [2025-03-13T21:00:20.492+0000] {dag.py:2915} INFO - Sync 1 DAGs
[2025-03-13T21:00:20.544+0000] {logging_mixin.py:151} INFO - [2025-03-13T21:00:20.543+0000] {dag.py:3696} INFO - Setting next_dagrun for yfinance_ingestion_dag to 2025-01-01T00:00:00+00:00, run_after=2025-01-02T00:00:00+00:00
[2025-03-13T21:00:20.588+0000] {processor.py:179} INFO - Processing /opt/airflow/dags/pipeline.py took 1.044 seconds
[2025-03-13T21:00:50.828+0000] {processor.py:157} INFO - Started process (PID=1247) to work on /opt/airflow/dags/pipeline.py
[2025-03-13T21:00:50.830+0000] {processor.py:829} INFO - Processing file /opt/airflow/dags/pipeline.py for tasks to queue
[2025-03-13T21:00:50.832+0000] {logging_mixin.py:151} INFO - [2025-03-13T21:00:50.831+0000] {dagbag.py:539} INFO - Filling up the DagBag from /opt/airflow/dags/pipeline.py
[2025-03-13T21:00:51.623+0000] {processor.py:839} INFO - DAG(s) dict_keys(['yfinance_ingestion_dag']) retrieved from /opt/airflow/dags/pipeline.py
[2025-03-13T21:00:51.690+0000] {logging_mixin.py:151} INFO - [2025-03-13T21:00:51.688+0000] {dag.py:2915} INFO - Sync 1 DAGs
[2025-03-13T21:00:51.727+0000] {logging_mixin.py:151} INFO - [2025-03-13T21:00:51.727+0000] {dag.py:3696} INFO - Setting next_dagrun for yfinance_ingestion_dag to 2025-01-01T00:00:00+00:00, run_after=2025-01-02T00:00:00+00:00
[2025-03-13T21:00:51.753+0000] {processor.py:179} INFO - Processing /opt/airflow/dags/pipeline.py took 0.929 seconds
[2025-03-13T21:01:21.999+0000] {processor.py:157} INFO - Started process (PID=1259) to work on /opt/airflow/dags/pipeline.py
[2025-03-13T21:01:22.001+0000] {processor.py:829} INFO - Processing file /opt/airflow/dags/pipeline.py for tasks to queue
[2025-03-13T21:01:22.004+0000] {logging_mixin.py:151} INFO - [2025-03-13T21:01:22.003+0000] {dagbag.py:539} INFO - Filling up the DagBag from /opt/airflow/dags/pipeline.py
[2025-03-13T21:01:22.865+0000] {processor.py:839} INFO - DAG(s) dict_keys(['yfinance_ingestion_dag']) retrieved from /opt/airflow/dags/pipeline.py
[2025-03-13T21:01:22.907+0000] {logging_mixin.py:151} INFO - [2025-03-13T21:01:22.906+0000] {dag.py:2915} INFO - Sync 1 DAGs
[2025-03-13T21:01:22.930+0000] {logging_mixin.py:151} INFO - [2025-03-13T21:01:22.930+0000] {dag.py:3696} INFO - Setting next_dagrun for yfinance_ingestion_dag to 2025-01-01T00:00:00+00:00, run_after=2025-01-02T00:00:00+00:00
[2025-03-13T21:01:22.967+0000] {processor.py:179} INFO - Processing /opt/airflow/dags/pipeline.py took 0.973 seconds
[2025-03-13T21:01:53.309+0000] {processor.py:157} INFO - Started process (PID=1271) to work on /opt/airflow/dags/pipeline.py
[2025-03-13T21:01:53.311+0000] {processor.py:829} INFO - Processing file /opt/airflow/dags/pipeline.py for tasks to queue
[2025-03-13T21:01:53.313+0000] {logging_mixin.py:151} INFO - [2025-03-13T21:01:53.313+0000] {dagbag.py:539} INFO - Filling up the DagBag from /opt/airflow/dags/pipeline.py
[2025-03-13T21:01:53.838+0000] {processor.py:839} INFO - DAG(s) dict_keys(['yfinance_ingestion_dag']) retrieved from /opt/airflow/dags/pipeline.py
[2025-03-13T21:01:53.877+0000] {logging_mixin.py:151} INFO - [2025-03-13T21:01:53.876+0000] {dag.py:2915} INFO - Sync 1 DAGs
[2025-03-13T21:01:53.904+0000] {logging_mixin.py:151} INFO - [2025-03-13T21:01:53.904+0000] {dag.py:3696} INFO - Setting next_dagrun for yfinance_ingestion_dag to 2025-01-01T00:00:00+00:00, run_after=2025-01-02T00:00:00+00:00
[2025-03-13T21:01:53.928+0000] {processor.py:179} INFO - Processing /opt/airflow/dags/pipeline.py took 0.624 seconds
[2025-03-13T21:02:24.201+0000] {processor.py:157} INFO - Started process (PID=1283) to work on /opt/airflow/dags/pipeline.py
[2025-03-13T21:02:24.203+0000] {processor.py:829} INFO - Processing file /opt/airflow/dags/pipeline.py for tasks to queue
[2025-03-13T21:02:24.205+0000] {logging_mixin.py:151} INFO - [2025-03-13T21:02:24.204+0000] {dagbag.py:539} INFO - Filling up the DagBag from /opt/airflow/dags/pipeline.py
[2025-03-13T21:02:24.751+0000] {processor.py:839} INFO - DAG(s) dict_keys(['yfinance_ingestion_dag']) retrieved from /opt/airflow/dags/pipeline.py
[2025-03-13T21:02:24.788+0000] {logging_mixin.py:151} INFO - [2025-03-13T21:02:24.787+0000] {dag.py:2915} INFO - Sync 1 DAGs
[2025-03-13T21:02:24.812+0000] {logging_mixin.py:151} INFO - [2025-03-13T21:02:24.812+0000] {dag.py:3696} INFO - Setting next_dagrun for yfinance_ingestion_dag to 2025-01-01T00:00:00+00:00, run_after=2025-01-02T00:00:00+00:00
[2025-03-13T21:02:24.837+0000] {processor.py:179} INFO - Processing /opt/airflow/dags/pipeline.py took 0.640 seconds
[2025-03-13T21:02:55.155+0000] {processor.py:157} INFO - Started process (PID=1295) to work on /opt/airflow/dags/pipeline.py
[2025-03-13T21:02:55.156+0000] {processor.py:829} INFO - Processing file /opt/airflow/dags/pipeline.py for tasks to queue
[2025-03-13T21:02:55.158+0000] {logging_mixin.py:151} INFO - [2025-03-13T21:02:55.157+0000] {dagbag.py:539} INFO - Filling up the DagBag from /opt/airflow/dags/pipeline.py
[2025-03-13T21:02:55.736+0000] {processor.py:839} INFO - DAG(s) dict_keys(['yfinance_ingestion_dag']) retrieved from /opt/airflow/dags/pipeline.py
[2025-03-13T21:02:55.766+0000] {logging_mixin.py:151} INFO - [2025-03-13T21:02:55.765+0000] {dag.py:2915} INFO - Sync 1 DAGs
[2025-03-13T21:02:55.794+0000] {logging_mixin.py:151} INFO - [2025-03-13T21:02:55.794+0000] {dag.py:3696} INFO - Setting next_dagrun for yfinance_ingestion_dag to 2025-01-01T00:00:00+00:00, run_after=2025-01-02T00:00:00+00:00
[2025-03-13T21:02:55.822+0000] {processor.py:179} INFO - Processing /opt/airflow/dags/pipeline.py took 0.670 seconds
[2025-03-13T21:03:26.055+0000] {processor.py:157} INFO - Started process (PID=1313) to work on /opt/airflow/dags/pipeline.py
[2025-03-13T21:03:26.056+0000] {processor.py:829} INFO - Processing file /opt/airflow/dags/pipeline.py for tasks to queue
[2025-03-13T21:03:26.057+0000] {logging_mixin.py:151} INFO - [2025-03-13T21:03:26.057+0000] {dagbag.py:539} INFO - Filling up the DagBag from /opt/airflow/dags/pipeline.py
[2025-03-13T21:03:26.513+0000] {processor.py:839} INFO - DAG(s) dict_keys(['yfinance_ingestion_dag']) retrieved from /opt/airflow/dags/pipeline.py
[2025-03-13T21:03:26.539+0000] {logging_mixin.py:151} INFO - [2025-03-13T21:03:26.538+0000] {dag.py:2915} INFO - Sync 1 DAGs
[2025-03-13T21:03:26.562+0000] {logging_mixin.py:151} INFO - [2025-03-13T21:03:26.561+0000] {dag.py:3696} INFO - Setting next_dagrun for yfinance_ingestion_dag to 2025-01-01T00:00:00+00:00, run_after=2025-01-02T00:00:00+00:00
[2025-03-13T21:03:26.591+0000] {processor.py:179} INFO - Processing /opt/airflow/dags/pipeline.py took 0.543 seconds
[2025-03-13T21:03:57.071+0000] {processor.py:157} INFO - Started process (PID=1335) to work on /opt/airflow/dags/pipeline.py
[2025-03-13T21:03:57.073+0000] {processor.py:829} INFO - Processing file /opt/airflow/dags/pipeline.py for tasks to queue
[2025-03-13T21:03:57.080+0000] {logging_mixin.py:151} INFO - [2025-03-13T21:03:57.075+0000] {dagbag.py:539} INFO - Filling up the DagBag from /opt/airflow/dags/pipeline.py
[2025-03-13T21:03:57.622+0000] {processor.py:839} INFO - DAG(s) dict_keys(['yfinance_ingestion_dag']) retrieved from /opt/airflow/dags/pipeline.py
[2025-03-13T21:03:57.658+0000] {logging_mixin.py:151} INFO - [2025-03-13T21:03:57.657+0000] {dag.py:2915} INFO - Sync 1 DAGs
[2025-03-13T21:03:57.690+0000] {logging_mixin.py:151} INFO - [2025-03-13T21:03:57.689+0000] {dag.py:3696} INFO - Setting next_dagrun for yfinance_ingestion_dag to 2025-01-01T00:00:00+00:00, run_after=2025-01-02T00:00:00+00:00
[2025-03-13T21:03:57.718+0000] {processor.py:179} INFO - Processing /opt/airflow/dags/pipeline.py took 0.655 seconds
[2025-03-13T21:04:28.034+0000] {processor.py:157} INFO - Started process (PID=1347) to work on /opt/airflow/dags/pipeline.py
[2025-03-13T21:04:28.036+0000] {processor.py:829} INFO - Processing file /opt/airflow/dags/pipeline.py for tasks to queue
[2025-03-13T21:04:28.037+0000] {logging_mixin.py:151} INFO - [2025-03-13T21:04:28.037+0000] {dagbag.py:539} INFO - Filling up the DagBag from /opt/airflow/dags/pipeline.py
[2025-03-13T21:04:28.622+0000] {processor.py:839} INFO - DAG(s) dict_keys(['yfinance_ingestion_dag']) retrieved from /opt/airflow/dags/pipeline.py
[2025-03-13T21:04:28.661+0000] {logging_mixin.py:151} INFO - [2025-03-13T21:04:28.660+0000] {dag.py:2915} INFO - Sync 1 DAGs
[2025-03-13T21:04:28.691+0000] {logging_mixin.py:151} INFO - [2025-03-13T21:04:28.690+0000] {dag.py:3696} INFO - Setting next_dagrun for yfinance_ingestion_dag to 2025-01-01T00:00:00+00:00, run_after=2025-01-02T00:00:00+00:00
[2025-03-13T21:04:28.713+0000] {processor.py:179} INFO - Processing /opt/airflow/dags/pipeline.py took 0.682 seconds
[2025-03-13T21:04:59.109+0000] {processor.py:157} INFO - Started process (PID=1375) to work on /opt/airflow/dags/pipeline.py
[2025-03-13T21:04:59.122+0000] {processor.py:829} INFO - Processing file /opt/airflow/dags/pipeline.py for tasks to queue
[2025-03-13T21:04:59.134+0000] {logging_mixin.py:151} INFO - [2025-03-13T21:04:59.132+0000] {dagbag.py:539} INFO - Filling up the DagBag from /opt/airflow/dags/pipeline.py
[2025-03-13T21:05:01.536+0000] {processor.py:839} INFO - DAG(s) dict_keys(['yfinance_ingestion_dag']) retrieved from /opt/airflow/dags/pipeline.py
[2025-03-13T21:05:01.620+0000] {logging_mixin.py:151} INFO - [2025-03-13T21:05:01.618+0000] {dag.py:2915} INFO - Sync 1 DAGs
[2025-03-13T21:05:02.034+0000] {logging_mixin.py:151} INFO - [2025-03-13T21:05:02.034+0000] {dag.py:3696} INFO - Setting next_dagrun for yfinance_ingestion_dag to 2025-01-01T00:00:00+00:00, run_after=2025-01-02T00:00:00+00:00
[2025-03-13T21:05:02.330+0000] {processor.py:179} INFO - Processing /opt/airflow/dags/pipeline.py took 3.234 seconds
[2025-03-13T21:05:33.206+0000] {processor.py:157} INFO - Started process (PID=1444) to work on /opt/airflow/dags/pipeline.py
[2025-03-13T21:05:33.237+0000] {processor.py:829} INFO - Processing file /opt/airflow/dags/pipeline.py for tasks to queue
[2025-03-13T21:05:33.321+0000] {logging_mixin.py:151} INFO - [2025-03-13T21:05:33.284+0000] {dagbag.py:539} INFO - Filling up the DagBag from /opt/airflow/dags/pipeline.py
[2025-03-13T21:05:39.006+0000] {processor.py:839} INFO - DAG(s) dict_keys(['yfinance_ingestion_dag']) retrieved from /opt/airflow/dags/pipeline.py
[2025-03-13T21:05:39.179+0000] {logging_mixin.py:151} INFO - [2025-03-13T21:05:39.178+0000] {dag.py:2915} INFO - Sync 1 DAGs
[2025-03-13T21:05:39.284+0000] {logging_mixin.py:151} INFO - [2025-03-13T21:05:39.283+0000] {dag.py:3696} INFO - Setting next_dagrun for yfinance_ingestion_dag to 2025-01-01T00:00:00+00:00, run_after=2025-01-02T00:00:00+00:00
[2025-03-13T21:05:39.365+0000] {processor.py:179} INFO - Processing /opt/airflow/dags/pipeline.py took 7.607 seconds
[2025-03-13T21:06:10.152+0000] {processor.py:157} INFO - Started process (PID=1575) to work on /opt/airflow/dags/pipeline.py
[2025-03-13T21:06:10.155+0000] {processor.py:829} INFO - Processing file /opt/airflow/dags/pipeline.py for tasks to queue
[2025-03-13T21:06:10.161+0000] {logging_mixin.py:151} INFO - [2025-03-13T21:06:10.160+0000] {dagbag.py:539} INFO - Filling up the DagBag from /opt/airflow/dags/pipeline.py
[2025-03-13T21:06:11.346+0000] {processor.py:839} INFO - DAG(s) dict_keys(['yfinance_ingestion_dag']) retrieved from /opt/airflow/dags/pipeline.py
[2025-03-13T21:06:11.498+0000] {logging_mixin.py:151} INFO - [2025-03-13T21:06:11.497+0000] {dag.py:2915} INFO - Sync 1 DAGs
[2025-03-13T21:06:11.579+0000] {logging_mixin.py:151} INFO - [2025-03-13T21:06:11.578+0000] {dag.py:3696} INFO - Setting next_dagrun for yfinance_ingestion_dag to 2025-01-01T00:00:00+00:00, run_after=2025-01-02T00:00:00+00:00
[2025-03-13T21:06:11.639+0000] {processor.py:179} INFO - Processing /opt/airflow/dags/pipeline.py took 1.495 seconds
[2025-03-13T21:06:42.102+0000] {processor.py:157} INFO - Started process (PID=1619) to work on /opt/airflow/dags/pipeline.py
[2025-03-13T21:06:42.104+0000] {processor.py:829} INFO - Processing file /opt/airflow/dags/pipeline.py for tasks to queue
[2025-03-13T21:06:42.107+0000] {logging_mixin.py:151} INFO - [2025-03-13T21:06:42.106+0000] {dagbag.py:539} INFO - Filling up the DagBag from /opt/airflow/dags/pipeline.py
[2025-03-13T21:06:42.746+0000] {processor.py:839} INFO - DAG(s) dict_keys(['yfinance_ingestion_dag']) retrieved from /opt/airflow/dags/pipeline.py
[2025-03-13T21:06:42.778+0000] {logging_mixin.py:151} INFO - [2025-03-13T21:06:42.777+0000] {dag.py:2915} INFO - Sync 1 DAGs
[2025-03-13T21:06:42.809+0000] {logging_mixin.py:151} INFO - [2025-03-13T21:06:42.809+0000] {dag.py:3696} INFO - Setting next_dagrun for yfinance_ingestion_dag to 2025-01-01T00:00:00+00:00, run_after=2025-01-02T00:00:00+00:00
[2025-03-13T21:06:42.989+0000] {processor.py:179} INFO - Processing /opt/airflow/dags/pipeline.py took 0.895 seconds
[2025-03-13T21:07:13.298+0000] {processor.py:157} INFO - Started process (PID=1637) to work on /opt/airflow/dags/pipeline.py
[2025-03-13T21:07:13.301+0000] {processor.py:829} INFO - Processing file /opt/airflow/dags/pipeline.py for tasks to queue
[2025-03-13T21:07:13.303+0000] {logging_mixin.py:151} INFO - [2025-03-13T21:07:13.302+0000] {dagbag.py:539} INFO - Filling up the DagBag from /opt/airflow/dags/pipeline.py
[2025-03-13T21:07:13.726+0000] {processor.py:839} INFO - DAG(s) dict_keys(['yfinance_ingestion_dag']) retrieved from /opt/airflow/dags/pipeline.py
[2025-03-13T21:07:13.754+0000] {logging_mixin.py:151} INFO - [2025-03-13T21:07:13.753+0000] {dag.py:2915} INFO - Sync 1 DAGs
[2025-03-13T21:07:13.776+0000] {logging_mixin.py:151} INFO - [2025-03-13T21:07:13.776+0000] {dag.py:3696} INFO - Setting next_dagrun for yfinance_ingestion_dag to 2025-01-01T00:00:00+00:00, run_after=2025-01-02T00:00:00+00:00
[2025-03-13T21:07:13.799+0000] {processor.py:179} INFO - Processing /opt/airflow/dags/pipeline.py took 0.511 seconds
[2025-03-13T21:07:44.162+0000] {processor.py:157} INFO - Started process (PID=1649) to work on /opt/airflow/dags/pipeline.py
[2025-03-13T21:07:44.164+0000] {processor.py:829} INFO - Processing file /opt/airflow/dags/pipeline.py for tasks to queue
[2025-03-13T21:07:44.165+0000] {logging_mixin.py:151} INFO - [2025-03-13T21:07:44.165+0000] {dagbag.py:539} INFO - Filling up the DagBag from /opt/airflow/dags/pipeline.py
[2025-03-13T21:07:44.571+0000] {processor.py:839} INFO - DAG(s) dict_keys(['yfinance_ingestion_dag']) retrieved from /opt/airflow/dags/pipeline.py
[2025-03-13T21:07:44.597+0000] {logging_mixin.py:151} INFO - [2025-03-13T21:07:44.596+0000] {dag.py:2915} INFO - Sync 1 DAGs
[2025-03-13T21:07:44.619+0000] {logging_mixin.py:151} INFO - [2025-03-13T21:07:44.618+0000] {dag.py:3696} INFO - Setting next_dagrun for yfinance_ingestion_dag to 2025-01-01T00:00:00+00:00, run_after=2025-01-02T00:00:00+00:00
[2025-03-13T21:07:44.643+0000] {processor.py:179} INFO - Processing /opt/airflow/dags/pipeline.py took 0.486 seconds
[2025-03-13T21:08:14.754+0000] {processor.py:157} INFO - Started process (PID=1661) to work on /opt/airflow/dags/pipeline.py
[2025-03-13T21:08:14.755+0000] {processor.py:829} INFO - Processing file /opt/airflow/dags/pipeline.py for tasks to queue
[2025-03-13T21:08:14.757+0000] {logging_mixin.py:151} INFO - [2025-03-13T21:08:14.756+0000] {dagbag.py:539} INFO - Filling up the DagBag from /opt/airflow/dags/pipeline.py
[2025-03-13T21:08:15.286+0000] {processor.py:839} INFO - DAG(s) dict_keys(['yfinance_ingestion_dag']) retrieved from /opt/airflow/dags/pipeline.py
[2025-03-13T21:08:15.312+0000] {logging_mixin.py:151} INFO - [2025-03-13T21:08:15.311+0000] {dag.py:2915} INFO - Sync 1 DAGs
[2025-03-13T21:08:15.333+0000] {logging_mixin.py:151} INFO - [2025-03-13T21:08:15.333+0000] {dag.py:3696} INFO - Setting next_dagrun for yfinance_ingestion_dag to 2025-01-01T00:00:00+00:00, run_after=2025-01-02T00:00:00+00:00
[2025-03-13T21:08:15.357+0000] {processor.py:179} INFO - Processing /opt/airflow/dags/pipeline.py took 0.607 seconds
[2025-03-13T21:08:45.726+0000] {processor.py:157} INFO - Started process (PID=1673) to work on /opt/airflow/dags/pipeline.py
[2025-03-13T21:08:45.727+0000] {processor.py:829} INFO - Processing file /opt/airflow/dags/pipeline.py for tasks to queue
[2025-03-13T21:08:45.728+0000] {logging_mixin.py:151} INFO - [2025-03-13T21:08:45.728+0000] {dagbag.py:539} INFO - Filling up the DagBag from /opt/airflow/dags/pipeline.py
[2025-03-13T21:08:46.219+0000] {processor.py:839} INFO - DAG(s) dict_keys(['yfinance_ingestion_dag']) retrieved from /opt/airflow/dags/pipeline.py
[2025-03-13T21:08:46.244+0000] {logging_mixin.py:151} INFO - [2025-03-13T21:08:46.244+0000] {dag.py:2915} INFO - Sync 1 DAGs
[2025-03-13T21:08:46.271+0000] {logging_mixin.py:151} INFO - [2025-03-13T21:08:46.271+0000] {dag.py:3696} INFO - Setting next_dagrun for yfinance_ingestion_dag to 2025-01-01T00:00:00+00:00, run_after=2025-01-02T00:00:00+00:00
[2025-03-13T21:08:46.298+0000] {processor.py:179} INFO - Processing /opt/airflow/dags/pipeline.py took 0.575 seconds
[2025-03-13T21:09:16.660+0000] {processor.py:157} INFO - Started process (PID=1685) to work on /opt/airflow/dags/pipeline.py
[2025-03-13T21:09:16.662+0000] {processor.py:829} INFO - Processing file /opt/airflow/dags/pipeline.py for tasks to queue
[2025-03-13T21:09:16.663+0000] {logging_mixin.py:151} INFO - [2025-03-13T21:09:16.662+0000] {dagbag.py:539} INFO - Filling up the DagBag from /opt/airflow/dags/pipeline.py
[2025-03-13T21:09:17.318+0000] {processor.py:839} INFO - DAG(s) dict_keys(['yfinance_ingestion_dag']) retrieved from /opt/airflow/dags/pipeline.py
[2025-03-13T21:09:17.354+0000] {logging_mixin.py:151} INFO - [2025-03-13T21:09:17.353+0000] {dag.py:2915} INFO - Sync 1 DAGs
[2025-03-13T21:09:17.381+0000] {logging_mixin.py:151} INFO - [2025-03-13T21:09:17.380+0000] {dag.py:3696} INFO - Setting next_dagrun for yfinance_ingestion_dag to 2025-01-01T00:00:00+00:00, run_after=2025-01-02T00:00:00+00:00
[2025-03-13T21:09:17.406+0000] {processor.py:179} INFO - Processing /opt/airflow/dags/pipeline.py took 0.749 seconds
[2025-03-13T21:09:47.722+0000] {processor.py:157} INFO - Started process (PID=1697) to work on /opt/airflow/dags/pipeline.py
[2025-03-13T21:09:47.724+0000] {processor.py:829} INFO - Processing file /opt/airflow/dags/pipeline.py for tasks to queue
[2025-03-13T21:09:47.726+0000] {logging_mixin.py:151} INFO - [2025-03-13T21:09:47.725+0000] {dagbag.py:539} INFO - Filling up the DagBag from /opt/airflow/dags/pipeline.py
[2025-03-13T21:09:48.388+0000] {processor.py:839} INFO - DAG(s) dict_keys(['yfinance_ingestion_dag']) retrieved from /opt/airflow/dags/pipeline.py
[2025-03-13T21:09:48.412+0000] {logging_mixin.py:151} INFO - [2025-03-13T21:09:48.412+0000] {dag.py:2915} INFO - Sync 1 DAGs
[2025-03-13T21:09:48.445+0000] {logging_mixin.py:151} INFO - [2025-03-13T21:09:48.445+0000] {dag.py:3696} INFO - Setting next_dagrun for yfinance_ingestion_dag to 2025-01-01T00:00:00+00:00, run_after=2025-01-02T00:00:00+00:00
[2025-03-13T21:09:48.474+0000] {processor.py:179} INFO - Processing /opt/airflow/dags/pipeline.py took 0.756 seconds
[2025-03-13T21:10:18.523+0000] {processor.py:157} INFO - Started process (PID=1709) to work on /opt/airflow/dags/pipeline.py
[2025-03-13T21:10:18.524+0000] {processor.py:829} INFO - Processing file /opt/airflow/dags/pipeline.py for tasks to queue
[2025-03-13T21:10:18.525+0000] {logging_mixin.py:151} INFO - [2025-03-13T21:10:18.525+0000] {dagbag.py:539} INFO - Filling up the DagBag from /opt/airflow/dags/pipeline.py
[2025-03-13T21:10:19.017+0000] {processor.py:839} INFO - DAG(s) dict_keys(['yfinance_ingestion_dag']) retrieved from /opt/airflow/dags/pipeline.py
[2025-03-13T21:10:19.042+0000] {logging_mixin.py:151} INFO - [2025-03-13T21:10:19.042+0000] {dag.py:2915} INFO - Sync 1 DAGs
[2025-03-13T21:10:19.199+0000] {logging_mixin.py:151} INFO - [2025-03-13T21:10:19.199+0000] {dag.py:3696} INFO - Setting next_dagrun for yfinance_ingestion_dag to 2025-01-01T00:00:00+00:00, run_after=2025-01-02T00:00:00+00:00
[2025-03-13T21:10:19.224+0000] {processor.py:179} INFO - Processing /opt/airflow/dags/pipeline.py took 0.705 seconds
[2025-03-13T21:10:49.365+0000] {processor.py:157} INFO - Started process (PID=1721) to work on /opt/airflow/dags/pipeline.py
[2025-03-13T21:10:49.367+0000] {processor.py:829} INFO - Processing file /opt/airflow/dags/pipeline.py for tasks to queue
[2025-03-13T21:10:49.369+0000] {logging_mixin.py:151} INFO - [2025-03-13T21:10:49.368+0000] {dagbag.py:539} INFO - Filling up the DagBag from /opt/airflow/dags/pipeline.py
[2025-03-13T21:10:49.947+0000] {processor.py:839} INFO - DAG(s) dict_keys(['yfinance_ingestion_dag']) retrieved from /opt/airflow/dags/pipeline.py
[2025-03-13T21:10:49.972+0000] {logging_mixin.py:151} INFO - [2025-03-13T21:10:49.972+0000] {dag.py:2915} INFO - Sync 1 DAGs
[2025-03-13T21:10:49.993+0000] {logging_mixin.py:151} INFO - [2025-03-13T21:10:49.993+0000] {dag.py:3696} INFO - Setting next_dagrun for yfinance_ingestion_dag to 2025-01-01T00:00:00+00:00, run_after=2025-01-02T00:00:00+00:00
[2025-03-13T21:10:50.018+0000] {processor.py:179} INFO - Processing /opt/airflow/dags/pipeline.py took 0.658 seconds
[2025-03-13T21:11:20.294+0000] {processor.py:157} INFO - Started process (PID=1733) to work on /opt/airflow/dags/pipeline.py
[2025-03-13T21:11:20.296+0000] {processor.py:829} INFO - Processing file /opt/airflow/dags/pipeline.py for tasks to queue
[2025-03-13T21:11:20.298+0000] {logging_mixin.py:151} INFO - [2025-03-13T21:11:20.298+0000] {dagbag.py:539} INFO - Filling up the DagBag from /opt/airflow/dags/pipeline.py
[2025-03-13T21:11:20.916+0000] {processor.py:839} INFO - DAG(s) dict_keys(['yfinance_ingestion_dag']) retrieved from /opt/airflow/dags/pipeline.py
[2025-03-13T21:11:20.952+0000] {logging_mixin.py:151} INFO - [2025-03-13T21:11:20.951+0000] {dag.py:2915} INFO - Sync 1 DAGs
[2025-03-13T21:11:20.985+0000] {logging_mixin.py:151} INFO - [2025-03-13T21:11:20.984+0000] {dag.py:3696} INFO - Setting next_dagrun for yfinance_ingestion_dag to 2025-01-01T00:00:00+00:00, run_after=2025-01-02T00:00:00+00:00
[2025-03-13T21:11:21.035+0000] {processor.py:179} INFO - Processing /opt/airflow/dags/pipeline.py took 0.747 seconds
[2025-03-13T21:11:51.325+0000] {processor.py:157} INFO - Started process (PID=1745) to work on /opt/airflow/dags/pipeline.py
[2025-03-13T21:11:51.327+0000] {processor.py:829} INFO - Processing file /opt/airflow/dags/pipeline.py for tasks to queue
[2025-03-13T21:11:51.329+0000] {logging_mixin.py:151} INFO - [2025-03-13T21:11:51.328+0000] {dagbag.py:539} INFO - Filling up the DagBag from /opt/airflow/dags/pipeline.py
[2025-03-13T21:11:51.844+0000] {processor.py:839} INFO - DAG(s) dict_keys(['yfinance_ingestion_dag']) retrieved from /opt/airflow/dags/pipeline.py
[2025-03-13T21:11:51.882+0000] {logging_mixin.py:151} INFO - [2025-03-13T21:11:51.881+0000] {dag.py:2915} INFO - Sync 1 DAGs
[2025-03-13T21:11:52.069+0000] {logging_mixin.py:151} INFO - [2025-03-13T21:11:52.069+0000] {dag.py:3696} INFO - Setting next_dagrun for yfinance_ingestion_dag to 2025-01-01T00:00:00+00:00, run_after=2025-01-02T00:00:00+00:00
[2025-03-13T21:11:52.091+0000] {processor.py:179} INFO - Processing /opt/airflow/dags/pipeline.py took 0.772 seconds
[2025-03-13T21:12:22.397+0000] {processor.py:157} INFO - Started process (PID=1763) to work on /opt/airflow/dags/pipeline.py
[2025-03-13T21:12:22.399+0000] {processor.py:829} INFO - Processing file /opt/airflow/dags/pipeline.py for tasks to queue
[2025-03-13T21:12:22.402+0000] {logging_mixin.py:151} INFO - [2025-03-13T21:12:22.401+0000] {dagbag.py:539} INFO - Filling up the DagBag from /opt/airflow/dags/pipeline.py
[2025-03-13T21:12:23.048+0000] {processor.py:839} INFO - DAG(s) dict_keys(['yfinance_ingestion_dag']) retrieved from /opt/airflow/dags/pipeline.py
[2025-03-13T21:12:23.074+0000] {logging_mixin.py:151} INFO - [2025-03-13T21:12:23.074+0000] {dag.py:2915} INFO - Sync 1 DAGs
[2025-03-13T21:12:23.098+0000] {logging_mixin.py:151} INFO - [2025-03-13T21:12:23.098+0000] {dag.py:3696} INFO - Setting next_dagrun for yfinance_ingestion_dag to 2025-01-01T00:00:00+00:00, run_after=2025-01-02T00:00:00+00:00
[2025-03-13T21:12:23.126+0000] {processor.py:179} INFO - Processing /opt/airflow/dags/pipeline.py took 0.738 seconds
[2025-03-13T21:12:53.326+0000] {processor.py:157} INFO - Started process (PID=1814) to work on /opt/airflow/dags/pipeline.py
[2025-03-13T21:12:53.327+0000] {processor.py:829} INFO - Processing file /opt/airflow/dags/pipeline.py for tasks to queue
[2025-03-13T21:12:53.328+0000] {logging_mixin.py:151} INFO - [2025-03-13T21:12:53.327+0000] {dagbag.py:539} INFO - Filling up the DagBag from /opt/airflow/dags/pipeline.py
[2025-03-13T21:12:52.830+0000] {processor.py:839} INFO - DAG(s) dict_keys(['yfinance_ingestion_dag']) retrieved from /opt/airflow/dags/pipeline.py
[2025-03-13T21:12:52.861+0000] {logging_mixin.py:151} INFO - [2025-03-13T21:12:52.861+0000] {dag.py:2915} INFO - Sync 1 DAGs
[2025-03-13T21:12:52.892+0000] {logging_mixin.py:151} INFO - [2025-03-13T21:12:52.892+0000] {dag.py:3696} INFO - Setting next_dagrun for yfinance_ingestion_dag to 2025-01-01T00:00:00+00:00, run_after=2025-01-02T00:00:00+00:00
[2025-03-13T21:12:52.916+0000] {processor.py:179} INFO - Processing /opt/airflow/dags/pipeline.py took 0.686 seconds
[2025-03-13T21:13:23.154+0000] {processor.py:157} INFO - Started process (PID=1826) to work on /opt/airflow/dags/pipeline.py
[2025-03-13T21:13:23.155+0000] {processor.py:829} INFO - Processing file /opt/airflow/dags/pipeline.py for tasks to queue
[2025-03-13T21:13:23.156+0000] {logging_mixin.py:151} INFO - [2025-03-13T21:13:23.156+0000] {dagbag.py:539} INFO - Filling up the DagBag from /opt/airflow/dags/pipeline.py
[2025-03-13T21:13:23.643+0000] {processor.py:839} INFO - DAG(s) dict_keys(['yfinance_ingestion_dag']) retrieved from /opt/airflow/dags/pipeline.py
[2025-03-13T21:13:23.715+0000] {logging_mixin.py:151} INFO - [2025-03-13T21:13:23.714+0000] {dag.py:2915} INFO - Sync 1 DAGs
[2025-03-13T21:13:23.837+0000] {logging_mixin.py:151} INFO - [2025-03-13T21:13:23.836+0000] {dag.py:3696} INFO - Setting next_dagrun for yfinance_ingestion_dag to 2025-01-01T00:00:00+00:00, run_after=2025-01-02T00:00:00+00:00
[2025-03-13T21:13:24.091+0000] {processor.py:179} INFO - Processing /opt/airflow/dags/pipeline.py took 0.940 seconds
[2025-03-13T21:13:54.387+0000] {processor.py:157} INFO - Started process (PID=1838) to work on /opt/airflow/dags/pipeline.py
[2025-03-13T21:13:54.389+0000] {processor.py:829} INFO - Processing file /opt/airflow/dags/pipeline.py for tasks to queue
[2025-03-13T21:13:54.390+0000] {logging_mixin.py:151} INFO - [2025-03-13T21:13:54.390+0000] {dagbag.py:539} INFO - Filling up the DagBag from /opt/airflow/dags/pipeline.py
[2025-03-13T21:13:54.861+0000] {processor.py:839} INFO - DAG(s) dict_keys(['yfinance_ingestion_dag']) retrieved from /opt/airflow/dags/pipeline.py
[2025-03-13T21:13:54.908+0000] {logging_mixin.py:151} INFO - [2025-03-13T21:13:54.907+0000] {dag.py:2915} INFO - Sync 1 DAGs
[2025-03-13T21:13:55.116+0000] {logging_mixin.py:151} INFO - [2025-03-13T21:13:55.116+0000] {dag.py:3696} INFO - Setting next_dagrun for yfinance_ingestion_dag to 2025-01-01T00:00:00+00:00, run_after=2025-01-02T00:00:00+00:00
[2025-03-13T21:13:55.137+0000] {processor.py:179} INFO - Processing /opt/airflow/dags/pipeline.py took 0.753 seconds
[2025-03-13T21:14:49.568+0000] {processor.py:157} INFO - Started process (PID=169) to work on /opt/airflow/dags/pipeline.py
[2025-03-13T21:14:49.571+0000] {processor.py:829} INFO - Processing file /opt/airflow/dags/pipeline.py for tasks to queue
[2025-03-13T21:14:49.572+0000] {logging_mixin.py:151} INFO - [2025-03-13T21:14:49.572+0000] {dagbag.py:539} INFO - Filling up the DagBag from /opt/airflow/dags/pipeline.py
[2025-03-13T21:14:51.675+0000] {processor.py:839} INFO - DAG(s) dict_keys(['yfinance_ingestion_dag']) retrieved from /opt/airflow/dags/pipeline.py
[2025-03-13T21:14:51.995+0000] {logging_mixin.py:151} INFO - [2025-03-13T21:14:51.994+0000] {security.py:708} INFO - Not syncing DAG-level permissions for DAG 'DAG:yfinance_ingestion_dag' as access control is unset.
[2025-03-13T21:14:51.996+0000] {logging_mixin.py:151} INFO - [2025-03-13T21:14:51.995+0000] {dag.py:2915} INFO - Sync 1 DAGs
[2025-03-13T21:14:52.028+0000] {logging_mixin.py:151} INFO - [2025-03-13T21:14:52.028+0000] {dag.py:3696} INFO - Setting next_dagrun for yfinance_ingestion_dag to 2025-01-01T00:00:00+00:00, run_after=2025-01-02T00:00:00+00:00
[2025-03-13T21:14:52.064+0000] {processor.py:179} INFO - Processing /opt/airflow/dags/pipeline.py took 2.503 seconds
[2025-03-13T21:15:22.451+0000] {processor.py:157} INFO - Started process (PID=181) to work on /opt/airflow/dags/pipeline.py
[2025-03-13T21:15:22.454+0000] {processor.py:829} INFO - Processing file /opt/airflow/dags/pipeline.py for tasks to queue
[2025-03-13T21:15:22.456+0000] {logging_mixin.py:151} INFO - [2025-03-13T21:15:22.455+0000] {dagbag.py:539} INFO - Filling up the DagBag from /opt/airflow/dags/pipeline.py
[2025-03-13T21:15:23.395+0000] {processor.py:839} INFO - DAG(s) dict_keys(['yfinance_ingestion_dag']) retrieved from /opt/airflow/dags/pipeline.py
[2025-03-13T21:15:23.487+0000] {logging_mixin.py:151} INFO - [2025-03-13T21:15:23.476+0000] {dag.py:2915} INFO - Sync 1 DAGs
[2025-03-13T21:15:23.535+0000] {logging_mixin.py:151} INFO - [2025-03-13T21:15:23.534+0000] {dag.py:3696} INFO - Setting next_dagrun for yfinance_ingestion_dag to 2025-01-01T00:00:00+00:00, run_after=2025-01-02T00:00:00+00:00
[2025-03-13T21:15:23.563+0000] {processor.py:179} INFO - Processing /opt/airflow/dags/pipeline.py took 1.121 seconds
[2025-03-13T21:15:53.940+0000] {processor.py:157} INFO - Started process (PID=193) to work on /opt/airflow/dags/pipeline.py
[2025-03-13T21:15:53.941+0000] {processor.py:829} INFO - Processing file /opt/airflow/dags/pipeline.py for tasks to queue
[2025-03-13T21:15:53.943+0000] {logging_mixin.py:151} INFO - [2025-03-13T21:15:53.943+0000] {dagbag.py:539} INFO - Filling up the DagBag from /opt/airflow/dags/pipeline.py
[2025-03-13T21:15:54.772+0000] {processor.py:839} INFO - DAG(s) dict_keys(['yfinance_ingestion_dag']) retrieved from /opt/airflow/dags/pipeline.py
[2025-03-13T21:15:54.798+0000] {logging_mixin.py:151} INFO - [2025-03-13T21:15:54.797+0000] {dag.py:2915} INFO - Sync 1 DAGs
[2025-03-13T21:15:54.828+0000] {logging_mixin.py:151} INFO - [2025-03-13T21:15:54.827+0000] {dag.py:3696} INFO - Setting next_dagrun for yfinance_ingestion_dag to 2025-01-01T00:00:00+00:00, run_after=2025-01-02T00:00:00+00:00
[2025-03-13T21:15:54.849+0000] {processor.py:179} INFO - Processing /opt/airflow/dags/pipeline.py took 0.915 seconds
[2025-03-13T21:16:25.218+0000] {processor.py:157} INFO - Started process (PID=205) to work on /opt/airflow/dags/pipeline.py
[2025-03-13T21:16:25.220+0000] {processor.py:829} INFO - Processing file /opt/airflow/dags/pipeline.py for tasks to queue
[2025-03-13T21:16:25.221+0000] {logging_mixin.py:151} INFO - [2025-03-13T21:16:25.221+0000] {dagbag.py:539} INFO - Filling up the DagBag from /opt/airflow/dags/pipeline.py
[2025-03-13T21:16:26.158+0000] {processor.py:839} INFO - DAG(s) dict_keys(['yfinance_ingestion_dag']) retrieved from /opt/airflow/dags/pipeline.py
[2025-03-13T21:16:26.189+0000] {logging_mixin.py:151} INFO - [2025-03-13T21:16:26.188+0000] {dag.py:2915} INFO - Sync 1 DAGs
[2025-03-13T21:16:26.228+0000] {logging_mixin.py:151} INFO - [2025-03-13T21:16:26.227+0000] {dag.py:3696} INFO - Setting next_dagrun for yfinance_ingestion_dag to 2025-01-01T00:00:00+00:00, run_after=2025-01-02T00:00:00+00:00
[2025-03-13T21:16:26.273+0000] {processor.py:179} INFO - Processing /opt/airflow/dags/pipeline.py took 1.058 seconds
[2025-03-13T21:16:56.583+0000] {processor.py:157} INFO - Started process (PID=217) to work on /opt/airflow/dags/pipeline.py
[2025-03-13T21:16:56.584+0000] {processor.py:829} INFO - Processing file /opt/airflow/dags/pipeline.py for tasks to queue
[2025-03-13T21:16:56.586+0000] {logging_mixin.py:151} INFO - [2025-03-13T21:16:56.585+0000] {dagbag.py:539} INFO - Filling up the DagBag from /opt/airflow/dags/pipeline.py
[2025-03-13T21:16:57.299+0000] {processor.py:839} INFO - DAG(s) dict_keys(['yfinance_ingestion_dag']) retrieved from /opt/airflow/dags/pipeline.py
[2025-03-13T21:16:57.338+0000] {logging_mixin.py:151} INFO - [2025-03-13T21:16:57.337+0000] {dag.py:2915} INFO - Sync 1 DAGs
[2025-03-13T21:16:57.385+0000] {logging_mixin.py:151} INFO - [2025-03-13T21:16:57.384+0000] {dag.py:3696} INFO - Setting next_dagrun for yfinance_ingestion_dag to 2025-01-01T00:00:00+00:00, run_after=2025-01-02T00:00:00+00:00
[2025-03-13T21:16:57.420+0000] {processor.py:179} INFO - Processing /opt/airflow/dags/pipeline.py took 0.841 seconds
[2025-03-13T21:17:27.888+0000] {processor.py:157} INFO - Started process (PID=229) to work on /opt/airflow/dags/pipeline.py
[2025-03-13T21:17:27.890+0000] {processor.py:829} INFO - Processing file /opt/airflow/dags/pipeline.py for tasks to queue
[2025-03-13T21:17:27.891+0000] {logging_mixin.py:151} INFO - [2025-03-13T21:17:27.891+0000] {dagbag.py:539} INFO - Filling up the DagBag from /opt/airflow/dags/pipeline.py
[2025-03-13T21:17:28.483+0000] {processor.py:839} INFO - DAG(s) dict_keys(['yfinance_ingestion_dag']) retrieved from /opt/airflow/dags/pipeline.py
[2025-03-13T21:17:28.521+0000] {logging_mixin.py:151} INFO - [2025-03-13T21:17:28.520+0000] {dag.py:2915} INFO - Sync 1 DAGs
[2025-03-13T21:17:28.556+0000] {logging_mixin.py:151} INFO - [2025-03-13T21:17:28.556+0000] {dag.py:3696} INFO - Setting next_dagrun for yfinance_ingestion_dag to 2025-01-01T00:00:00+00:00, run_after=2025-01-02T00:00:00+00:00
[2025-03-13T21:17:28.588+0000] {processor.py:179} INFO - Processing /opt/airflow/dags/pipeline.py took 0.704 seconds
[2025-03-13T21:17:58.938+0000] {processor.py:157} INFO - Started process (PID=241) to work on /opt/airflow/dags/pipeline.py
[2025-03-13T21:17:58.940+0000] {processor.py:829} INFO - Processing file /opt/airflow/dags/pipeline.py for tasks to queue
[2025-03-13T21:17:58.941+0000] {logging_mixin.py:151} INFO - [2025-03-13T21:17:58.941+0000] {dagbag.py:539} INFO - Filling up the DagBag from /opt/airflow/dags/pipeline.py
[2025-03-13T21:17:59.601+0000] {processor.py:839} INFO - DAG(s) dict_keys(['yfinance_ingestion_dag']) retrieved from /opt/airflow/dags/pipeline.py
[2025-03-13T21:17:59.634+0000] {logging_mixin.py:151} INFO - [2025-03-13T21:17:59.633+0000] {dag.py:2915} INFO - Sync 1 DAGs
[2025-03-13T21:17:59.661+0000] {logging_mixin.py:151} INFO - [2025-03-13T21:17:59.660+0000] {dag.py:3696} INFO - Setting next_dagrun for yfinance_ingestion_dag to 2025-01-01T00:00:00+00:00, run_after=2025-01-02T00:00:00+00:00
[2025-03-13T21:17:59.687+0000] {processor.py:179} INFO - Processing /opt/airflow/dags/pipeline.py took 0.754 seconds
[2025-03-13T21:18:30.063+0000] {processor.py:157} INFO - Started process (PID=253) to work on /opt/airflow/dags/pipeline.py
[2025-03-13T21:18:30.065+0000] {processor.py:829} INFO - Processing file /opt/airflow/dags/pipeline.py for tasks to queue
[2025-03-13T21:18:30.066+0000] {logging_mixin.py:151} INFO - [2025-03-13T21:18:30.066+0000] {dagbag.py:539} INFO - Filling up the DagBag from /opt/airflow/dags/pipeline.py
[2025-03-13T21:18:30.746+0000] {processor.py:839} INFO - DAG(s) dict_keys(['yfinance_ingestion_dag']) retrieved from /opt/airflow/dags/pipeline.py
[2025-03-13T21:18:30.776+0000] {logging_mixin.py:151} INFO - [2025-03-13T21:18:30.775+0000] {dag.py:2915} INFO - Sync 1 DAGs
[2025-03-13T21:18:30.804+0000] {logging_mixin.py:151} INFO - [2025-03-13T21:18:30.803+0000] {dag.py:3696} INFO - Setting next_dagrun for yfinance_ingestion_dag to 2025-01-01T00:00:00+00:00, run_after=2025-01-02T00:00:00+00:00
[2025-03-13T21:18:30.833+0000] {processor.py:179} INFO - Processing /opt/airflow/dags/pipeline.py took 0.774 seconds
[2025-03-13T21:19:01.141+0000] {processor.py:157} INFO - Started process (PID=265) to work on /opt/airflow/dags/pipeline.py
[2025-03-13T21:19:01.142+0000] {processor.py:829} INFO - Processing file /opt/airflow/dags/pipeline.py for tasks to queue
[2025-03-13T21:19:01.144+0000] {logging_mixin.py:151} INFO - [2025-03-13T21:19:01.143+0000] {dagbag.py:539} INFO - Filling up the DagBag from /opt/airflow/dags/pipeline.py
[2025-03-13T21:19:01.680+0000] {processor.py:839} INFO - DAG(s) dict_keys(['yfinance_ingestion_dag']) retrieved from /opt/airflow/dags/pipeline.py
[2025-03-13T21:19:01.710+0000] {logging_mixin.py:151} INFO - [2025-03-13T21:19:01.709+0000] {dag.py:2915} INFO - Sync 1 DAGs
[2025-03-13T21:19:01.739+0000] {logging_mixin.py:151} INFO - [2025-03-13T21:19:01.738+0000] {dag.py:3696} INFO - Setting next_dagrun for yfinance_ingestion_dag to 2025-01-01T00:00:00+00:00, run_after=2025-01-02T00:00:00+00:00
[2025-03-13T21:19:01.766+0000] {processor.py:179} INFO - Processing /opt/airflow/dags/pipeline.py took 0.628 seconds
[2025-03-13T21:19:32.098+0000] {processor.py:157} INFO - Started process (PID=277) to work on /opt/airflow/dags/pipeline.py
[2025-03-13T21:19:32.099+0000] {processor.py:829} INFO - Processing file /opt/airflow/dags/pipeline.py for tasks to queue
[2025-03-13T21:19:32.101+0000] {logging_mixin.py:151} INFO - [2025-03-13T21:19:32.100+0000] {dagbag.py:539} INFO - Filling up the DagBag from /opt/airflow/dags/pipeline.py
[2025-03-13T21:19:32.674+0000] {processor.py:839} INFO - DAG(s) dict_keys(['yfinance_ingestion_dag']) retrieved from /opt/airflow/dags/pipeline.py
[2025-03-13T21:19:32.707+0000] {logging_mixin.py:151} INFO - [2025-03-13T21:19:32.706+0000] {dag.py:2915} INFO - Sync 1 DAGs
[2025-03-13T21:19:32.734+0000] {logging_mixin.py:151} INFO - [2025-03-13T21:19:32.733+0000] {dag.py:3696} INFO - Setting next_dagrun for yfinance_ingestion_dag to 2025-01-01T00:00:00+00:00, run_after=2025-01-02T00:00:00+00:00
[2025-03-13T21:19:32.761+0000] {processor.py:179} INFO - Processing /opt/airflow/dags/pipeline.py took 0.667 seconds
[2025-03-13T21:20:22.913+0000] {processor.py:157} INFO - Started process (PID=171) to work on /opt/airflow/dags/pipeline.py
[2025-03-13T21:20:22.915+0000] {processor.py:829} INFO - Processing file /opt/airflow/dags/pipeline.py for tasks to queue
[2025-03-13T21:20:22.917+0000] {logging_mixin.py:151} INFO - [2025-03-13T21:20:22.916+0000] {dagbag.py:539} INFO - Filling up the DagBag from /opt/airflow/dags/pipeline.py
[2025-03-13T21:20:25.158+0000] {processor.py:839} INFO - DAG(s) dict_keys(['yfinance_ingestion_dag']) retrieved from /opt/airflow/dags/pipeline.py
[2025-03-13T21:20:25.510+0000] {logging_mixin.py:151} INFO - [2025-03-13T21:20:25.509+0000] {security.py:708} INFO - Not syncing DAG-level permissions for DAG 'DAG:yfinance_ingestion_dag' as access control is unset.
[2025-03-13T21:20:25.512+0000] {logging_mixin.py:151} INFO - [2025-03-13T21:20:25.511+0000] {dag.py:2915} INFO - Sync 1 DAGs
[2025-03-13T21:20:25.605+0000] {logging_mixin.py:151} INFO - [2025-03-13T21:20:25.603+0000] {dag.py:3696} INFO - Setting next_dagrun for yfinance_ingestion_dag to 2025-01-01T00:00:00+00:00, run_after=2025-01-02T00:00:00+00:00
[2025-03-13T21:20:25.682+0000] {processor.py:179} INFO - Processing /opt/airflow/dags/pipeline.py took 2.774 seconds
[2025-03-13T21:20:55.996+0000] {processor.py:157} INFO - Started process (PID=183) to work on /opt/airflow/dags/pipeline.py
[2025-03-13T21:20:56.001+0000] {processor.py:829} INFO - Processing file /opt/airflow/dags/pipeline.py for tasks to queue
[2025-03-13T21:20:56.004+0000] {logging_mixin.py:151} INFO - [2025-03-13T21:20:56.003+0000] {dagbag.py:539} INFO - Filling up the DagBag from /opt/airflow/dags/pipeline.py
[2025-03-13T21:20:56.923+0000] {processor.py:839} INFO - DAG(s) dict_keys(['yfinance_ingestion_dag']) retrieved from /opt/airflow/dags/pipeline.py
[2025-03-13T21:20:56.955+0000] {logging_mixin.py:151} INFO - [2025-03-13T21:20:56.954+0000] {dag.py:2915} INFO - Sync 1 DAGs
[2025-03-13T21:20:56.981+0000] {logging_mixin.py:151} INFO - [2025-03-13T21:20:56.981+0000] {dag.py:3696} INFO - Setting next_dagrun for yfinance_ingestion_dag to 2025-01-01T00:00:00+00:00, run_after=2025-01-02T00:00:00+00:00
[2025-03-13T21:20:57.016+0000] {processor.py:179} INFO - Processing /opt/airflow/dags/pipeline.py took 1.026 seconds
[2025-03-13T21:21:27.331+0000] {processor.py:157} INFO - Started process (PID=195) to work on /opt/airflow/dags/pipeline.py
[2025-03-13T21:21:27.333+0000] {processor.py:829} INFO - Processing file /opt/airflow/dags/pipeline.py for tasks to queue
[2025-03-13T21:21:27.334+0000] {logging_mixin.py:151} INFO - [2025-03-13T21:21:27.334+0000] {dagbag.py:539} INFO - Filling up the DagBag from /opt/airflow/dags/pipeline.py
[2025-03-13T21:21:28.139+0000] {processor.py:839} INFO - DAG(s) dict_keys(['yfinance_ingestion_dag']) retrieved from /opt/airflow/dags/pipeline.py
[2025-03-13T21:21:28.170+0000] {logging_mixin.py:151} INFO - [2025-03-13T21:21:28.169+0000] {dag.py:2915} INFO - Sync 1 DAGs
[2025-03-13T21:21:28.201+0000] {logging_mixin.py:151} INFO - [2025-03-13T21:21:28.201+0000] {dag.py:3696} INFO - Setting next_dagrun for yfinance_ingestion_dag to 2025-01-01T00:00:00+00:00, run_after=2025-01-02T00:00:00+00:00
[2025-03-13T21:21:28.224+0000] {processor.py:179} INFO - Processing /opt/airflow/dags/pipeline.py took 0.898 seconds
[2025-03-13T21:21:58.552+0000] {processor.py:157} INFO - Started process (PID=207) to work on /opt/airflow/dags/pipeline.py
[2025-03-13T21:21:58.554+0000] {processor.py:829} INFO - Processing file /opt/airflow/dags/pipeline.py for tasks to queue
[2025-03-13T21:21:58.556+0000] {logging_mixin.py:151} INFO - [2025-03-13T21:21:58.556+0000] {dagbag.py:539} INFO - Filling up the DagBag from /opt/airflow/dags/pipeline.py
[2025-03-13T21:21:59.354+0000] {processor.py:839} INFO - DAG(s) dict_keys(['yfinance_ingestion_dag']) retrieved from /opt/airflow/dags/pipeline.py
[2025-03-13T21:21:59.385+0000] {logging_mixin.py:151} INFO - [2025-03-13T21:21:59.384+0000] {dag.py:2915} INFO - Sync 1 DAGs
[2025-03-13T21:21:59.410+0000] {logging_mixin.py:151} INFO - [2025-03-13T21:21:59.410+0000] {dag.py:3696} INFO - Setting next_dagrun for yfinance_ingestion_dag to 2025-01-01T00:00:00+00:00, run_after=2025-01-02T00:00:00+00:00
[2025-03-13T21:21:59.435+0000] {processor.py:179} INFO - Processing /opt/airflow/dags/pipeline.py took 0.889 seconds
[2025-03-13T21:22:29.782+0000] {processor.py:157} INFO - Started process (PID=219) to work on /opt/airflow/dags/pipeline.py
[2025-03-13T21:22:29.783+0000] {processor.py:829} INFO - Processing file /opt/airflow/dags/pipeline.py for tasks to queue
[2025-03-13T21:22:29.785+0000] {logging_mixin.py:151} INFO - [2025-03-13T21:22:29.784+0000] {dagbag.py:539} INFO - Filling up the DagBag from /opt/airflow/dags/pipeline.py
[2025-03-13T21:22:30.507+0000] {processor.py:839} INFO - DAG(s) dict_keys(['yfinance_ingestion_dag']) retrieved from /opt/airflow/dags/pipeline.py
[2025-03-13T21:22:30.537+0000] {logging_mixin.py:151} INFO - [2025-03-13T21:22:30.537+0000] {dag.py:2915} INFO - Sync 1 DAGs
[2025-03-13T21:22:30.572+0000] {logging_mixin.py:151} INFO - [2025-03-13T21:22:30.572+0000] {dag.py:3696} INFO - Setting next_dagrun for yfinance_ingestion_dag to 2025-01-01T00:00:00+00:00, run_after=2025-01-02T00:00:00+00:00
[2025-03-13T21:22:30.601+0000] {processor.py:179} INFO - Processing /opt/airflow/dags/pipeline.py took 0.823 seconds
[2025-03-13T21:23:01.007+0000] {processor.py:157} INFO - Started process (PID=231) to work on /opt/airflow/dags/pipeline.py
[2025-03-13T21:23:01.009+0000] {processor.py:829} INFO - Processing file /opt/airflow/dags/pipeline.py for tasks to queue
[2025-03-13T21:23:01.011+0000] {logging_mixin.py:151} INFO - [2025-03-13T21:23:01.010+0000] {dagbag.py:539} INFO - Filling up the DagBag from /opt/airflow/dags/pipeline.py
[2025-03-13T21:23:01.560+0000] {processor.py:839} INFO - DAG(s) dict_keys(['yfinance_ingestion_dag']) retrieved from /opt/airflow/dags/pipeline.py
[2025-03-13T21:23:01.591+0000] {logging_mixin.py:151} INFO - [2025-03-13T21:23:01.591+0000] {dag.py:2915} INFO - Sync 1 DAGs
[2025-03-13T21:23:01.618+0000] {logging_mixin.py:151} INFO - [2025-03-13T21:23:01.618+0000] {dag.py:3696} INFO - Setting next_dagrun for yfinance_ingestion_dag to 2025-01-01T00:00:00+00:00, run_after=2025-01-02T00:00:00+00:00
[2025-03-13T21:23:01.644+0000] {processor.py:179} INFO - Processing /opt/airflow/dags/pipeline.py took 0.641 seconds
[2025-03-13T21:23:31.991+0000] {processor.py:157} INFO - Started process (PID=243) to work on /opt/airflow/dags/pipeline.py
[2025-03-13T21:23:31.993+0000] {processor.py:829} INFO - Processing file /opt/airflow/dags/pipeline.py for tasks to queue
[2025-03-13T21:23:31.994+0000] {logging_mixin.py:151} INFO - [2025-03-13T21:23:31.994+0000] {dagbag.py:539} INFO - Filling up the DagBag from /opt/airflow/dags/pipeline.py
[2025-03-13T21:23:32.539+0000] {processor.py:839} INFO - DAG(s) dict_keys(['yfinance_ingestion_dag']) retrieved from /opt/airflow/dags/pipeline.py
[2025-03-13T21:23:32.572+0000] {logging_mixin.py:151} INFO - [2025-03-13T21:23:32.571+0000] {dag.py:2915} INFO - Sync 1 DAGs
[2025-03-13T21:23:32.601+0000] {logging_mixin.py:151} INFO - [2025-03-13T21:23:32.601+0000] {dag.py:3696} INFO - Setting next_dagrun for yfinance_ingestion_dag to 2025-01-01T00:00:00+00:00, run_after=2025-01-02T00:00:00+00:00
[2025-03-13T21:23:32.629+0000] {processor.py:179} INFO - Processing /opt/airflow/dags/pipeline.py took 0.642 seconds
[2025-03-13T21:24:02.970+0000] {processor.py:157} INFO - Started process (PID=255) to work on /opt/airflow/dags/pipeline.py
[2025-03-13T21:24:02.972+0000] {processor.py:829} INFO - Processing file /opt/airflow/dags/pipeline.py for tasks to queue
[2025-03-13T21:24:02.973+0000] {logging_mixin.py:151} INFO - [2025-03-13T21:24:02.973+0000] {dagbag.py:539} INFO - Filling up the DagBag from /opt/airflow/dags/pipeline.py
[2025-03-13T21:24:03.981+0000] {processor.py:839} INFO - DAG(s) dict_keys(['yfinance_ingestion_dag']) retrieved from /opt/airflow/dags/pipeline.py
[2025-03-13T21:24:04.022+0000] {logging_mixin.py:151} INFO - [2025-03-13T21:24:04.021+0000] {dag.py:2915} INFO - Sync 1 DAGs
[2025-03-13T21:24:04.058+0000] {logging_mixin.py:151} INFO - [2025-03-13T21:24:04.058+0000] {dag.py:3696} INFO - Setting next_dagrun for yfinance_ingestion_dag to 2025-01-01T00:00:00+00:00, run_after=2025-01-02T00:00:00+00:00
[2025-03-13T21:24:04.102+0000] {processor.py:179} INFO - Processing /opt/airflow/dags/pipeline.py took 1.134 seconds
[2025-03-13T21:24:34.501+0000] {processor.py:157} INFO - Started process (PID=267) to work on /opt/airflow/dags/pipeline.py
[2025-03-13T21:24:34.502+0000] {processor.py:829} INFO - Processing file /opt/airflow/dags/pipeline.py for tasks to queue
[2025-03-13T21:24:34.504+0000] {logging_mixin.py:151} INFO - [2025-03-13T21:24:34.504+0000] {dagbag.py:539} INFO - Filling up the DagBag from /opt/airflow/dags/pipeline.py
[2025-03-13T21:24:35.177+0000] {processor.py:839} INFO - DAG(s) dict_keys(['yfinance_ingestion_dag']) retrieved from /opt/airflow/dags/pipeline.py
[2025-03-13T21:24:35.215+0000] {logging_mixin.py:151} INFO - [2025-03-13T21:24:35.214+0000] {dag.py:2915} INFO - Sync 1 DAGs
[2025-03-13T21:24:35.250+0000] {logging_mixin.py:151} INFO - [2025-03-13T21:24:35.250+0000] {dag.py:3696} INFO - Setting next_dagrun for yfinance_ingestion_dag to 2025-01-01T00:00:00+00:00, run_after=2025-01-02T00:00:00+00:00
[2025-03-13T21:24:35.292+0000] {processor.py:179} INFO - Processing /opt/airflow/dags/pipeline.py took 0.798 seconds
[2025-03-13T21:25:05.660+0000] {processor.py:157} INFO - Started process (PID=279) to work on /opt/airflow/dags/pipeline.py
[2025-03-13T21:25:05.661+0000] {processor.py:829} INFO - Processing file /opt/airflow/dags/pipeline.py for tasks to queue
[2025-03-13T21:25:05.663+0000] {logging_mixin.py:151} INFO - [2025-03-13T21:25:05.662+0000] {dagbag.py:539} INFO - Filling up the DagBag from /opt/airflow/dags/pipeline.py
[2025-03-13T21:25:06.254+0000] {processor.py:839} INFO - DAG(s) dict_keys(['yfinance_ingestion_dag']) retrieved from /opt/airflow/dags/pipeline.py
[2025-03-13T21:25:06.284+0000] {logging_mixin.py:151} INFO - [2025-03-13T21:25:06.283+0000] {dag.py:2915} INFO - Sync 1 DAGs
[2025-03-13T21:25:06.316+0000] {logging_mixin.py:151} INFO - [2025-03-13T21:25:06.316+0000] {dag.py:3696} INFO - Setting next_dagrun for yfinance_ingestion_dag to 2025-01-01T00:00:00+00:00, run_after=2025-01-02T00:00:00+00:00
[2025-03-13T21:25:06.351+0000] {processor.py:179} INFO - Processing /opt/airflow/dags/pipeline.py took 0.697 seconds
[2025-03-13T21:25:36.737+0000] {processor.py:157} INFO - Started process (PID=291) to work on /opt/airflow/dags/pipeline.py
[2025-03-13T21:25:36.738+0000] {processor.py:829} INFO - Processing file /opt/airflow/dags/pipeline.py for tasks to queue
[2025-03-13T21:25:36.740+0000] {logging_mixin.py:151} INFO - [2025-03-13T21:25:36.740+0000] {dagbag.py:539} INFO - Filling up the DagBag from /opt/airflow/dags/pipeline.py
[2025-03-13T21:25:37.280+0000] {processor.py:839} INFO - DAG(s) dict_keys(['yfinance_ingestion_dag']) retrieved from /opt/airflow/dags/pipeline.py
[2025-03-13T21:25:37.310+0000] {logging_mixin.py:151} INFO - [2025-03-13T21:25:37.309+0000] {dag.py:2915} INFO - Sync 1 DAGs
[2025-03-13T21:25:37.340+0000] {logging_mixin.py:151} INFO - [2025-03-13T21:25:37.340+0000] {dag.py:3696} INFO - Setting next_dagrun for yfinance_ingestion_dag to 2025-01-01T00:00:00+00:00, run_after=2025-01-02T00:00:00+00:00
[2025-03-13T21:25:37.367+0000] {processor.py:179} INFO - Processing /opt/airflow/dags/pipeline.py took 0.634 seconds
[2025-03-13T21:26:07.481+0000] {processor.py:157} INFO - Started process (PID=303) to work on /opt/airflow/dags/pipeline.py
[2025-03-13T21:26:07.483+0000] {processor.py:829} INFO - Processing file /opt/airflow/dags/pipeline.py for tasks to queue
[2025-03-13T21:26:07.485+0000] {logging_mixin.py:151} INFO - [2025-03-13T21:26:07.484+0000] {dagbag.py:539} INFO - Filling up the DagBag from /opt/airflow/dags/pipeline.py
[2025-03-13T21:26:08.377+0000] {processor.py:839} INFO - DAG(s) dict_keys(['yfinance_ingestion_dag']) retrieved from /opt/airflow/dags/pipeline.py
[2025-03-13T21:26:08.415+0000] {logging_mixin.py:151} INFO - [2025-03-13T21:26:08.414+0000] {dag.py:2915} INFO - Sync 1 DAGs
[2025-03-13T21:26:08.447+0000] {logging_mixin.py:151} INFO - [2025-03-13T21:26:08.447+0000] {dag.py:3696} INFO - Setting next_dagrun for yfinance_ingestion_dag to 2025-01-01T00:00:00+00:00, run_after=2025-01-02T00:00:00+00:00
[2025-03-13T21:26:08.481+0000] {processor.py:179} INFO - Processing /opt/airflow/dags/pipeline.py took 1.004 seconds
[2025-03-13T21:26:38.798+0000] {processor.py:157} INFO - Started process (PID=315) to work on /opt/airflow/dags/pipeline.py
[2025-03-13T21:26:38.800+0000] {processor.py:829} INFO - Processing file /opt/airflow/dags/pipeline.py for tasks to queue
[2025-03-13T21:26:38.802+0000] {logging_mixin.py:151} INFO - [2025-03-13T21:26:38.801+0000] {dagbag.py:539} INFO - Filling up the DagBag from /opt/airflow/dags/pipeline.py
[2025-03-13T21:26:39.690+0000] {processor.py:839} INFO - DAG(s) dict_keys(['yfinance_ingestion_dag']) retrieved from /opt/airflow/dags/pipeline.py
[2025-03-13T21:26:39.732+0000] {logging_mixin.py:151} INFO - [2025-03-13T21:26:39.731+0000] {dag.py:2915} INFO - Sync 1 DAGs
[2025-03-13T21:26:39.762+0000] {logging_mixin.py:151} INFO - [2025-03-13T21:26:39.762+0000] {dag.py:3696} INFO - Setting next_dagrun for yfinance_ingestion_dag to 2025-01-01T00:00:00+00:00, run_after=2025-01-02T00:00:00+00:00
[2025-03-13T21:26:39.786+0000] {processor.py:179} INFO - Processing /opt/airflow/dags/pipeline.py took 0.995 seconds
[2025-03-13T21:27:10.187+0000] {processor.py:157} INFO - Started process (PID=327) to work on /opt/airflow/dags/pipeline.py
[2025-03-13T21:27:10.188+0000] {processor.py:829} INFO - Processing file /opt/airflow/dags/pipeline.py for tasks to queue
[2025-03-13T21:27:10.190+0000] {logging_mixin.py:151} INFO - [2025-03-13T21:27:10.189+0000] {dagbag.py:539} INFO - Filling up the DagBag from /opt/airflow/dags/pipeline.py
[2025-03-13T21:27:10.749+0000] {processor.py:839} INFO - DAG(s) dict_keys(['yfinance_ingestion_dag']) retrieved from /opt/airflow/dags/pipeline.py
[2025-03-13T21:27:10.778+0000] {logging_mixin.py:151} INFO - [2025-03-13T21:27:10.778+0000] {dag.py:2915} INFO - Sync 1 DAGs
[2025-03-13T21:27:10.803+0000] {logging_mixin.py:151} INFO - [2025-03-13T21:27:10.803+0000] {dag.py:3696} INFO - Setting next_dagrun for yfinance_ingestion_dag to 2025-01-01T00:00:00+00:00, run_after=2025-01-02T00:00:00+00:00
[2025-03-13T21:27:10.838+0000] {processor.py:179} INFO - Processing /opt/airflow/dags/pipeline.py took 0.655 seconds
[2025-03-13T21:27:41.202+0000] {processor.py:157} INFO - Started process (PID=339) to work on /opt/airflow/dags/pipeline.py
[2025-03-13T21:27:41.208+0000] {processor.py:829} INFO - Processing file /opt/airflow/dags/pipeline.py for tasks to queue
[2025-03-13T21:27:41.210+0000] {logging_mixin.py:151} INFO - [2025-03-13T21:27:41.209+0000] {dagbag.py:539} INFO - Filling up the DagBag from /opt/airflow/dags/pipeline.py
[2025-03-13T21:27:42.091+0000] {processor.py:839} INFO - DAG(s) dict_keys(['yfinance_ingestion_dag']) retrieved from /opt/airflow/dags/pipeline.py
[2025-03-13T21:27:42.132+0000] {logging_mixin.py:151} INFO - [2025-03-13T21:27:42.131+0000] {dag.py:2915} INFO - Sync 1 DAGs
[2025-03-13T21:27:42.179+0000] {logging_mixin.py:151} INFO - [2025-03-13T21:27:42.179+0000] {dag.py:3696} INFO - Setting next_dagrun for yfinance_ingestion_dag to 2025-01-01T00:00:00+00:00, run_after=2025-01-02T00:00:00+00:00
[2025-03-13T21:27:42.214+0000] {processor.py:179} INFO - Processing /opt/airflow/dags/pipeline.py took 1.023 seconds
[2025-03-13T21:28:12.659+0000] {processor.py:157} INFO - Started process (PID=351) to work on /opt/airflow/dags/pipeline.py
[2025-03-13T21:28:12.661+0000] {processor.py:829} INFO - Processing file /opt/airflow/dags/pipeline.py for tasks to queue
[2025-03-13T21:28:12.667+0000] {logging_mixin.py:151} INFO - [2025-03-13T21:28:12.666+0000] {dagbag.py:539} INFO - Filling up the DagBag from /opt/airflow/dags/pipeline.py
[2025-03-13T21:28:13.386+0000] {processor.py:839} INFO - DAG(s) dict_keys(['yfinance_ingestion_dag']) retrieved from /opt/airflow/dags/pipeline.py
[2025-03-13T21:28:13.422+0000] {logging_mixin.py:151} INFO - [2025-03-13T21:28:13.422+0000] {dag.py:2915} INFO - Sync 1 DAGs
[2025-03-13T21:28:13.457+0000] {logging_mixin.py:151} INFO - [2025-03-13T21:28:13.456+0000] {dag.py:3696} INFO - Setting next_dagrun for yfinance_ingestion_dag to 2025-01-01T00:00:00+00:00, run_after=2025-01-02T00:00:00+00:00
[2025-03-13T21:28:13.485+0000] {processor.py:179} INFO - Processing /opt/airflow/dags/pipeline.py took 0.832 seconds
[2025-03-13T21:28:43.813+0000] {processor.py:157} INFO - Started process (PID=363) to work on /opt/airflow/dags/pipeline.py
[2025-03-13T21:28:43.815+0000] {processor.py:829} INFO - Processing file /opt/airflow/dags/pipeline.py for tasks to queue
[2025-03-13T21:28:43.817+0000] {logging_mixin.py:151} INFO - [2025-03-13T21:28:43.816+0000] {dagbag.py:539} INFO - Filling up the DagBag from /opt/airflow/dags/pipeline.py
[2025-03-13T21:28:44.368+0000] {processor.py:839} INFO - DAG(s) dict_keys(['yfinance_ingestion_dag']) retrieved from /opt/airflow/dags/pipeline.py
[2025-03-13T21:28:44.395+0000] {logging_mixin.py:151} INFO - [2025-03-13T21:28:44.394+0000] {dag.py:2915} INFO - Sync 1 DAGs
[2025-03-13T21:28:44.421+0000] {logging_mixin.py:151} INFO - [2025-03-13T21:28:44.421+0000] {dag.py:3696} INFO - Setting next_dagrun for yfinance_ingestion_dag to 2025-01-01T00:00:00+00:00, run_after=2025-01-02T00:00:00+00:00
[2025-03-13T21:28:44.443+0000] {processor.py:179} INFO - Processing /opt/airflow/dags/pipeline.py took 0.635 seconds
[2025-03-13T21:29:14.784+0000] {processor.py:157} INFO - Started process (PID=375) to work on /opt/airflow/dags/pipeline.py
[2025-03-13T21:29:14.785+0000] {processor.py:829} INFO - Processing file /opt/airflow/dags/pipeline.py for tasks to queue
[2025-03-13T21:29:14.787+0000] {logging_mixin.py:151} INFO - [2025-03-13T21:29:14.787+0000] {dagbag.py:539} INFO - Filling up the DagBag from /opt/airflow/dags/pipeline.py
[2025-03-13T21:29:15.459+0000] {processor.py:839} INFO - DAG(s) dict_keys(['yfinance_ingestion_dag']) retrieved from /opt/airflow/dags/pipeline.py
[2025-03-13T21:29:15.493+0000] {logging_mixin.py:151} INFO - [2025-03-13T21:29:15.492+0000] {dag.py:2915} INFO - Sync 1 DAGs
[2025-03-13T21:29:15.520+0000] {logging_mixin.py:151} INFO - [2025-03-13T21:29:15.520+0000] {dag.py:3696} INFO - Setting next_dagrun for yfinance_ingestion_dag to 2025-01-01T00:00:00+00:00, run_after=2025-01-02T00:00:00+00:00
[2025-03-13T21:29:15.553+0000] {processor.py:179} INFO - Processing /opt/airflow/dags/pipeline.py took 0.775 seconds
[2025-03-13T21:29:45.783+0000] {processor.py:157} INFO - Started process (PID=387) to work on /opt/airflow/dags/pipeline.py
[2025-03-13T21:29:45.784+0000] {processor.py:829} INFO - Processing file /opt/airflow/dags/pipeline.py for tasks to queue
[2025-03-13T21:29:45.786+0000] {logging_mixin.py:151} INFO - [2025-03-13T21:29:45.785+0000] {dagbag.py:539} INFO - Filling up the DagBag from /opt/airflow/dags/pipeline.py
[2025-03-13T21:29:46.280+0000] {processor.py:839} INFO - DAG(s) dict_keys(['yfinance_ingestion_dag']) retrieved from /opt/airflow/dags/pipeline.py
[2025-03-13T21:29:46.307+0000] {logging_mixin.py:151} INFO - [2025-03-13T21:29:46.306+0000] {dag.py:2915} INFO - Sync 1 DAGs
[2025-03-13T21:29:46.337+0000] {logging_mixin.py:151} INFO - [2025-03-13T21:29:46.336+0000] {dag.py:3696} INFO - Setting next_dagrun for yfinance_ingestion_dag to 2025-01-01T00:00:00+00:00, run_after=2025-01-02T00:00:00+00:00
[2025-03-13T21:29:46.357+0000] {processor.py:179} INFO - Processing /opt/airflow/dags/pipeline.py took 0.578 seconds
[2025-03-13T21:30:16.689+0000] {processor.py:157} INFO - Started process (PID=399) to work on /opt/airflow/dags/pipeline.py
[2025-03-13T21:30:16.690+0000] {processor.py:829} INFO - Processing file /opt/airflow/dags/pipeline.py for tasks to queue
[2025-03-13T21:30:16.692+0000] {logging_mixin.py:151} INFO - [2025-03-13T21:30:16.691+0000] {dagbag.py:539} INFO - Filling up the DagBag from /opt/airflow/dags/pipeline.py
[2025-03-13T21:30:17.215+0000] {processor.py:839} INFO - DAG(s) dict_keys(['yfinance_ingestion_dag']) retrieved from /opt/airflow/dags/pipeline.py
[2025-03-13T21:30:17.243+0000] {logging_mixin.py:151} INFO - [2025-03-13T21:30:17.242+0000] {dag.py:2915} INFO - Sync 1 DAGs
[2025-03-13T21:30:17.268+0000] {logging_mixin.py:151} INFO - [2025-03-13T21:30:17.268+0000] {dag.py:3696} INFO - Setting next_dagrun for yfinance_ingestion_dag to 2025-01-01T00:00:00+00:00, run_after=2025-01-02T00:00:00+00:00
[2025-03-13T21:30:17.291+0000] {processor.py:179} INFO - Processing /opt/airflow/dags/pipeline.py took 0.606 seconds
[2025-03-13T21:30:47.462+0000] {processor.py:157} INFO - Started process (PID=411) to work on /opt/airflow/dags/pipeline.py
[2025-03-13T21:30:47.464+0000] {processor.py:829} INFO - Processing file /opt/airflow/dags/pipeline.py for tasks to queue
[2025-03-13T21:30:47.466+0000] {logging_mixin.py:151} INFO - [2025-03-13T21:30:47.466+0000] {dagbag.py:539} INFO - Filling up the DagBag from /opt/airflow/dags/pipeline.py
[2025-03-13T21:30:48.116+0000] {processor.py:839} INFO - DAG(s) dict_keys(['yfinance_ingestion_dag']) retrieved from /opt/airflow/dags/pipeline.py
[2025-03-13T21:30:48.153+0000] {logging_mixin.py:151} INFO - [2025-03-13T21:30:48.152+0000] {dag.py:2915} INFO - Sync 1 DAGs
[2025-03-13T21:30:48.181+0000] {logging_mixin.py:151} INFO - [2025-03-13T21:30:48.181+0000] {dag.py:3696} INFO - Setting next_dagrun for yfinance_ingestion_dag to 2025-01-01T00:00:00+00:00, run_after=2025-01-02T00:00:00+00:00
[2025-03-13T21:30:48.209+0000] {processor.py:179} INFO - Processing /opt/airflow/dags/pipeline.py took 0.751 seconds
[2025-03-13T21:31:18.525+0000] {processor.py:157} INFO - Started process (PID=423) to work on /opt/airflow/dags/pipeline.py
[2025-03-13T21:31:18.527+0000] {processor.py:829} INFO - Processing file /opt/airflow/dags/pipeline.py for tasks to queue
[2025-03-13T21:31:18.527+0000] {logging_mixin.py:151} INFO - [2025-03-13T21:31:18.527+0000] {dagbag.py:539} INFO - Filling up the DagBag from /opt/airflow/dags/pipeline.py
[2025-03-13T21:31:19.040+0000] {processor.py:839} INFO - DAG(s) dict_keys(['yfinance_ingestion_dag']) retrieved from /opt/airflow/dags/pipeline.py
[2025-03-13T21:31:19.068+0000] {logging_mixin.py:151} INFO - [2025-03-13T21:31:19.067+0000] {dag.py:2915} INFO - Sync 1 DAGs
[2025-03-13T21:31:19.097+0000] {logging_mixin.py:151} INFO - [2025-03-13T21:31:19.097+0000] {dag.py:3696} INFO - Setting next_dagrun for yfinance_ingestion_dag to 2025-01-01T00:00:00+00:00, run_after=2025-01-02T00:00:00+00:00
[2025-03-13T21:31:19.127+0000] {processor.py:179} INFO - Processing /opt/airflow/dags/pipeline.py took 0.605 seconds
[2025-03-13T21:31:49.396+0000] {processor.py:157} INFO - Started process (PID=435) to work on /opt/airflow/dags/pipeline.py
[2025-03-13T21:31:49.398+0000] {processor.py:829} INFO - Processing file /opt/airflow/dags/pipeline.py for tasks to queue
[2025-03-13T21:31:49.399+0000] {logging_mixin.py:151} INFO - [2025-03-13T21:31:49.399+0000] {dagbag.py:539} INFO - Filling up the DagBag from /opt/airflow/dags/pipeline.py
[2025-03-13T21:31:49.932+0000] {processor.py:839} INFO - DAG(s) dict_keys(['yfinance_ingestion_dag']) retrieved from /opt/airflow/dags/pipeline.py
[2025-03-13T21:31:49.963+0000] {logging_mixin.py:151} INFO - [2025-03-13T21:31:49.962+0000] {dag.py:2915} INFO - Sync 1 DAGs
[2025-03-13T21:31:50.001+0000] {logging_mixin.py:151} INFO - [2025-03-13T21:31:50.001+0000] {dag.py:3696} INFO - Setting next_dagrun for yfinance_ingestion_dag to 2025-01-01T00:00:00+00:00, run_after=2025-01-02T00:00:00+00:00
[2025-03-13T21:31:50.029+0000] {processor.py:179} INFO - Processing /opt/airflow/dags/pipeline.py took 0.637 seconds
[2025-03-13T21:32:20.342+0000] {processor.py:157} INFO - Started process (PID=447) to work on /opt/airflow/dags/pipeline.py
[2025-03-13T21:32:20.344+0000] {processor.py:829} INFO - Processing file /opt/airflow/dags/pipeline.py for tasks to queue
[2025-03-13T21:32:20.346+0000] {logging_mixin.py:151} INFO - [2025-03-13T21:32:20.345+0000] {dagbag.py:539} INFO - Filling up the DagBag from /opt/airflow/dags/pipeline.py
[2025-03-13T21:32:20.886+0000] {processor.py:839} INFO - DAG(s) dict_keys(['yfinance_ingestion_dag']) retrieved from /opt/airflow/dags/pipeline.py
[2025-03-13T21:32:20.922+0000] {logging_mixin.py:151} INFO - [2025-03-13T21:32:20.922+0000] {dag.py:2915} INFO - Sync 1 DAGs
[2025-03-13T21:32:20.954+0000] {logging_mixin.py:151} INFO - [2025-03-13T21:32:20.954+0000] {dag.py:3696} INFO - Setting next_dagrun for yfinance_ingestion_dag to 2025-01-01T00:00:00+00:00, run_after=2025-01-02T00:00:00+00:00
[2025-03-13T21:32:20.991+0000] {processor.py:179} INFO - Processing /opt/airflow/dags/pipeline.py took 0.653 seconds
[2025-03-13T21:33:10.650+0000] {processor.py:157} INFO - Started process (PID=170) to work on /opt/airflow/dags/pipeline.py
[2025-03-13T21:33:10.652+0000] {processor.py:829} INFO - Processing file /opt/airflow/dags/pipeline.py for tasks to queue
[2025-03-13T21:33:10.654+0000] {logging_mixin.py:151} INFO - [2025-03-13T21:33:10.653+0000] {dagbag.py:539} INFO - Filling up the DagBag from /opt/airflow/dags/pipeline.py
[2025-03-13T21:33:12.629+0000] {processor.py:839} INFO - DAG(s) dict_keys(['yfinance_ingestion_dag']) retrieved from /opt/airflow/dags/pipeline.py
[2025-03-13T21:33:12.899+0000] {logging_mixin.py:151} INFO - [2025-03-13T21:33:12.899+0000] {security.py:708} INFO - Not syncing DAG-level permissions for DAG 'DAG:yfinance_ingestion_dag' as access control is unset.
[2025-03-13T21:33:12.901+0000] {logging_mixin.py:151} INFO - [2025-03-13T21:33:12.900+0000] {dag.py:2915} INFO - Sync 1 DAGs
[2025-03-13T21:33:12.930+0000] {logging_mixin.py:151} INFO - [2025-03-13T21:33:12.929+0000] {dag.py:3696} INFO - Setting next_dagrun for yfinance_ingestion_dag to 2025-01-01T00:00:00+00:00, run_after=2025-01-02T00:00:00+00:00
[2025-03-13T21:33:12.959+0000] {processor.py:179} INFO - Processing /opt/airflow/dags/pipeline.py took 2.315 seconds
[2025-03-13T21:33:43.208+0000] {processor.py:157} INFO - Started process (PID=182) to work on /opt/airflow/dags/pipeline.py
[2025-03-13T21:33:43.209+0000] {processor.py:829} INFO - Processing file /opt/airflow/dags/pipeline.py for tasks to queue
[2025-03-13T21:33:43.211+0000] {logging_mixin.py:151} INFO - [2025-03-13T21:33:43.210+0000] {dagbag.py:539} INFO - Filling up the DagBag from /opt/airflow/dags/pipeline.py
[2025-03-13T21:33:44.300+0000] {processor.py:839} INFO - DAG(s) dict_keys(['yfinance_ingestion_dag']) retrieved from /opt/airflow/dags/pipeline.py
[2025-03-13T21:33:44.350+0000] {logging_mixin.py:151} INFO - [2025-03-13T21:33:44.349+0000] {dag.py:2915} INFO - Sync 1 DAGs
[2025-03-13T21:33:44.416+0000] {logging_mixin.py:151} INFO - [2025-03-13T21:33:44.415+0000] {dag.py:3696} INFO - Setting next_dagrun for yfinance_ingestion_dag to 2025-01-01T00:00:00+00:00, run_after=2025-01-02T00:00:00+00:00
[2025-03-13T21:33:44.474+0000] {processor.py:179} INFO - Processing /opt/airflow/dags/pipeline.py took 1.270 seconds
[2025-03-13T21:34:14.776+0000] {processor.py:157} INFO - Started process (PID=194) to work on /opt/airflow/dags/pipeline.py
[2025-03-13T21:34:14.778+0000] {processor.py:829} INFO - Processing file /opt/airflow/dags/pipeline.py for tasks to queue
[2025-03-13T21:34:14.780+0000] {logging_mixin.py:151} INFO - [2025-03-13T21:34:14.779+0000] {dagbag.py:539} INFO - Filling up the DagBag from /opt/airflow/dags/pipeline.py
[2025-03-13T21:34:15.487+0000] {processor.py:839} INFO - DAG(s) dict_keys(['yfinance_ingestion_dag']) retrieved from /opt/airflow/dags/pipeline.py
[2025-03-13T21:34:15.514+0000] {logging_mixin.py:151} INFO - [2025-03-13T21:34:15.514+0000] {dag.py:2915} INFO - Sync 1 DAGs
[2025-03-13T21:34:15.541+0000] {logging_mixin.py:151} INFO - [2025-03-13T21:34:15.541+0000] {dag.py:3696} INFO - Setting next_dagrun for yfinance_ingestion_dag to 2025-01-01T00:00:00+00:00, run_after=2025-01-02T00:00:00+00:00
[2025-03-13T21:34:15.565+0000] {processor.py:179} INFO - Processing /opt/airflow/dags/pipeline.py took 0.796 seconds
[2025-03-13T21:34:45.762+0000] {processor.py:157} INFO - Started process (PID=206) to work on /opt/airflow/dags/pipeline.py
[2025-03-13T21:34:45.765+0000] {processor.py:829} INFO - Processing file /opt/airflow/dags/pipeline.py for tasks to queue
[2025-03-13T21:34:45.768+0000] {logging_mixin.py:151} INFO - [2025-03-13T21:34:45.767+0000] {dagbag.py:539} INFO - Filling up the DagBag from /opt/airflow/dags/pipeline.py
[2025-03-13T21:34:46.440+0000] {processor.py:839} INFO - DAG(s) dict_keys(['yfinance_ingestion_dag']) retrieved from /opt/airflow/dags/pipeline.py
[2025-03-13T21:34:46.470+0000] {logging_mixin.py:151} INFO - [2025-03-13T21:34:46.469+0000] {dag.py:2915} INFO - Sync 1 DAGs
[2025-03-13T21:34:46.493+0000] {logging_mixin.py:151} INFO - [2025-03-13T21:34:46.493+0000] {dag.py:3696} INFO - Setting next_dagrun for yfinance_ingestion_dag to 2025-01-01T00:00:00+00:00, run_after=2025-01-02T00:00:00+00:00
[2025-03-13T21:34:46.519+0000] {processor.py:179} INFO - Processing /opt/airflow/dags/pipeline.py took 0.765 seconds
[2025-03-13T21:35:16.847+0000] {processor.py:157} INFO - Started process (PID=218) to work on /opt/airflow/dags/pipeline.py
[2025-03-13T21:35:16.849+0000] {processor.py:829} INFO - Processing file /opt/airflow/dags/pipeline.py for tasks to queue
[2025-03-13T21:35:16.851+0000] {logging_mixin.py:151} INFO - [2025-03-13T21:35:16.850+0000] {dagbag.py:539} INFO - Filling up the DagBag from /opt/airflow/dags/pipeline.py
[2025-03-13T21:35:17.642+0000] {processor.py:839} INFO - DAG(s) dict_keys(['yfinance_ingestion_dag']) retrieved from /opt/airflow/dags/pipeline.py
[2025-03-13T21:35:17.678+0000] {logging_mixin.py:151} INFO - [2025-03-13T21:35:17.676+0000] {dag.py:2915} INFO - Sync 1 DAGs
[2025-03-13T21:35:17.708+0000] {logging_mixin.py:151} INFO - [2025-03-13T21:35:17.707+0000] {dag.py:3696} INFO - Setting next_dagrun for yfinance_ingestion_dag to 2025-01-01T00:00:00+00:00, run_after=2025-01-02T00:00:00+00:00
[2025-03-13T21:35:17.739+0000] {processor.py:179} INFO - Processing /opt/airflow/dags/pipeline.py took 0.899 seconds
[2025-03-13T21:35:48.159+0000] {processor.py:157} INFO - Started process (PID=230) to work on /opt/airflow/dags/pipeline.py
[2025-03-13T21:35:48.160+0000] {processor.py:829} INFO - Processing file /opt/airflow/dags/pipeline.py for tasks to queue
[2025-03-13T21:35:48.162+0000] {logging_mixin.py:151} INFO - [2025-03-13T21:35:48.161+0000] {dagbag.py:539} INFO - Filling up the DagBag from /opt/airflow/dags/pipeline.py
[2025-03-13T21:35:48.844+0000] {processor.py:839} INFO - DAG(s) dict_keys(['yfinance_ingestion_dag']) retrieved from /opt/airflow/dags/pipeline.py
[2025-03-13T21:35:48.870+0000] {logging_mixin.py:151} INFO - [2025-03-13T21:35:48.870+0000] {dag.py:2915} INFO - Sync 1 DAGs
[2025-03-13T21:35:48.900+0000] {logging_mixin.py:151} INFO - [2025-03-13T21:35:48.899+0000] {dag.py:3696} INFO - Setting next_dagrun for yfinance_ingestion_dag to 2025-01-01T00:00:00+00:00, run_after=2025-01-02T00:00:00+00:00
[2025-03-13T21:35:48.926+0000] {processor.py:179} INFO - Processing /opt/airflow/dags/pipeline.py took 0.771 seconds
[2025-03-13T21:36:19.259+0000] {processor.py:157} INFO - Started process (PID=242) to work on /opt/airflow/dags/pipeline.py
[2025-03-13T21:36:19.261+0000] {processor.py:829} INFO - Processing file /opt/airflow/dags/pipeline.py for tasks to queue
[2025-03-13T21:36:19.263+0000] {logging_mixin.py:151} INFO - [2025-03-13T21:36:19.263+0000] {dagbag.py:539} INFO - Filling up the DagBag from /opt/airflow/dags/pipeline.py
[2025-03-13T21:36:19.890+0000] {processor.py:839} INFO - DAG(s) dict_keys(['yfinance_ingestion_dag']) retrieved from /opt/airflow/dags/pipeline.py
[2025-03-13T21:36:19.919+0000] {logging_mixin.py:151} INFO - [2025-03-13T21:36:19.918+0000] {dag.py:2915} INFO - Sync 1 DAGs
[2025-03-13T21:36:19.947+0000] {logging_mixin.py:151} INFO - [2025-03-13T21:36:19.946+0000] {dag.py:3696} INFO - Setting next_dagrun for yfinance_ingestion_dag to 2025-01-01T00:00:00+00:00, run_after=2025-01-02T00:00:00+00:00
[2025-03-13T21:36:19.971+0000] {processor.py:179} INFO - Processing /opt/airflow/dags/pipeline.py took 0.718 seconds
[2025-03-13T21:36:50.323+0000] {processor.py:157} INFO - Started process (PID=254) to work on /opt/airflow/dags/pipeline.py
[2025-03-13T21:36:50.325+0000] {processor.py:829} INFO - Processing file /opt/airflow/dags/pipeline.py for tasks to queue
[2025-03-13T21:36:50.328+0000] {logging_mixin.py:151} INFO - [2025-03-13T21:36:50.327+0000] {dagbag.py:539} INFO - Filling up the DagBag from /opt/airflow/dags/pipeline.py
[2025-03-13T21:36:51.946+0000] {processor.py:839} INFO - DAG(s) dict_keys(['yfinance_ingestion_dag']) retrieved from /opt/airflow/dags/pipeline.py
[2025-03-13T21:36:51.994+0000] {logging_mixin.py:151} INFO - [2025-03-13T21:36:51.994+0000] {dag.py:2915} INFO - Sync 1 DAGs
[2025-03-13T21:36:52.025+0000] {logging_mixin.py:151} INFO - [2025-03-13T21:36:52.024+0000] {dag.py:3696} INFO - Setting next_dagrun for yfinance_ingestion_dag to 2025-01-01T00:00:00+00:00, run_after=2025-01-02T00:00:00+00:00
[2025-03-13T21:36:52.063+0000] {processor.py:179} INFO - Processing /opt/airflow/dags/pipeline.py took 1.755 seconds
[2025-03-13T21:37:22.349+0000] {processor.py:157} INFO - Started process (PID=266) to work on /opt/airflow/dags/pipeline.py
[2025-03-13T21:37:22.351+0000] {processor.py:829} INFO - Processing file /opt/airflow/dags/pipeline.py for tasks to queue
[2025-03-13T21:37:22.353+0000] {logging_mixin.py:151} INFO - [2025-03-13T21:37:22.352+0000] {dagbag.py:539} INFO - Filling up the DagBag from /opt/airflow/dags/pipeline.py
[2025-03-13T21:37:23.169+0000] {processor.py:839} INFO - DAG(s) dict_keys(['yfinance_ingestion_dag']) retrieved from /opt/airflow/dags/pipeline.py
[2025-03-13T21:37:23.221+0000] {logging_mixin.py:151} INFO - [2025-03-13T21:37:23.220+0000] {dag.py:2915} INFO - Sync 1 DAGs
[2025-03-13T21:37:23.266+0000] {logging_mixin.py:151} INFO - [2025-03-13T21:37:23.265+0000] {dag.py:3696} INFO - Setting next_dagrun for yfinance_ingestion_dag to 2025-01-01T00:00:00+00:00, run_after=2025-01-02T00:00:00+00:00
[2025-03-13T21:37:23.305+0000] {processor.py:179} INFO - Processing /opt/airflow/dags/pipeline.py took 0.962 seconds
[2025-03-13T21:37:53.623+0000] {processor.py:157} INFO - Started process (PID=278) to work on /opt/airflow/dags/pipeline.py
[2025-03-13T21:37:53.627+0000] {processor.py:829} INFO - Processing file /opt/airflow/dags/pipeline.py for tasks to queue
[2025-03-13T21:37:53.629+0000] {logging_mixin.py:151} INFO - [2025-03-13T21:37:53.628+0000] {dagbag.py:539} INFO - Filling up the DagBag from /opt/airflow/dags/pipeline.py
[2025-03-13T21:37:54.935+0000] {processor.py:839} INFO - DAG(s) dict_keys(['yfinance_ingestion_dag']) retrieved from /opt/airflow/dags/pipeline.py
[2025-03-13T21:37:55.005+0000] {logging_mixin.py:151} INFO - [2025-03-13T21:37:55.003+0000] {dag.py:2915} INFO - Sync 1 DAGs
[2025-03-13T21:37:55.063+0000] {logging_mixin.py:151} INFO - [2025-03-13T21:37:55.063+0000] {dag.py:3696} INFO - Setting next_dagrun for yfinance_ingestion_dag to 2025-01-01T00:00:00+00:00, run_after=2025-01-02T00:00:00+00:00
[2025-03-13T21:37:55.113+0000] {processor.py:179} INFO - Processing /opt/airflow/dags/pipeline.py took 1.496 seconds
[2025-03-13T21:38:25.419+0000] {processor.py:157} INFO - Started process (PID=290) to work on /opt/airflow/dags/pipeline.py
[2025-03-13T21:38:25.424+0000] {processor.py:829} INFO - Processing file /opt/airflow/dags/pipeline.py for tasks to queue
[2025-03-13T21:38:25.426+0000] {logging_mixin.py:151} INFO - [2025-03-13T21:38:25.425+0000] {dagbag.py:539} INFO - Filling up the DagBag from /opt/airflow/dags/pipeline.py
[2025-03-13T21:38:26.862+0000] {processor.py:839} INFO - DAG(s) dict_keys(['yfinance_ingestion_dag']) retrieved from /opt/airflow/dags/pipeline.py
[2025-03-13T21:38:26.901+0000] {logging_mixin.py:151} INFO - [2025-03-13T21:38:26.900+0000] {dag.py:2915} INFO - Sync 1 DAGs
[2025-03-13T21:38:26.938+0000] {logging_mixin.py:151} INFO - [2025-03-13T21:38:26.938+0000] {dag.py:3696} INFO - Setting next_dagrun for yfinance_ingestion_dag to 2025-01-01T00:00:00+00:00, run_after=2025-01-02T00:00:00+00:00
[2025-03-13T21:38:26.970+0000] {processor.py:179} INFO - Processing /opt/airflow/dags/pipeline.py took 1.558 seconds
[2025-03-13T21:39:22.383+0000] {processor.py:157} INFO - Started process (PID=170) to work on /opt/airflow/dags/pipeline.py
[2025-03-13T21:39:22.385+0000] {processor.py:829} INFO - Processing file /opt/airflow/dags/pipeline.py for tasks to queue
[2025-03-13T21:39:22.387+0000] {logging_mixin.py:151} INFO - [2025-03-13T21:39:22.386+0000] {dagbag.py:539} INFO - Filling up the DagBag from /opt/airflow/dags/pipeline.py
[2025-03-13T21:39:24.506+0000] {processor.py:839} INFO - DAG(s) dict_keys(['yfinance_ingestion_dag']) retrieved from /opt/airflow/dags/pipeline.py
[2025-03-13T21:39:24.958+0000] {logging_mixin.py:151} INFO - [2025-03-13T21:39:24.956+0000] {security.py:708} INFO - Not syncing DAG-level permissions for DAG 'DAG:yfinance_ingestion_dag' as access control is unset.
[2025-03-13T21:39:24.960+0000] {logging_mixin.py:151} INFO - [2025-03-13T21:39:24.959+0000] {dag.py:2915} INFO - Sync 1 DAGs
[2025-03-13T21:39:24.991+0000] {logging_mixin.py:151} INFO - [2025-03-13T21:39:24.990+0000] {dag.py:3696} INFO - Setting next_dagrun for yfinance_ingestion_dag to 2025-01-01T00:00:00+00:00, run_after=2025-01-02T00:00:00+00:00
[2025-03-13T21:39:25.026+0000] {processor.py:179} INFO - Processing /opt/airflow/dags/pipeline.py took 2.647 seconds
[2025-03-13T21:39:55.303+0000] {processor.py:157} INFO - Started process (PID=182) to work on /opt/airflow/dags/pipeline.py
[2025-03-13T21:39:55.305+0000] {processor.py:829} INFO - Processing file /opt/airflow/dags/pipeline.py for tasks to queue
[2025-03-13T21:39:55.307+0000] {logging_mixin.py:151} INFO - [2025-03-13T21:39:55.306+0000] {dagbag.py:539} INFO - Filling up the DagBag from /opt/airflow/dags/pipeline.py
[2025-03-13T21:39:56.193+0000] {processor.py:839} INFO - DAG(s) dict_keys(['yfinance_ingestion_dag']) retrieved from /opt/airflow/dags/pipeline.py
[2025-03-13T21:39:56.233+0000] {logging_mixin.py:151} INFO - [2025-03-13T21:39:56.232+0000] {dag.py:2915} INFO - Sync 1 DAGs
[2025-03-13T21:39:56.268+0000] {logging_mixin.py:151} INFO - [2025-03-13T21:39:56.268+0000] {dag.py:3696} INFO - Setting next_dagrun for yfinance_ingestion_dag to 2025-01-01T00:00:00+00:00, run_after=2025-01-02T00:00:00+00:00
[2025-03-13T21:39:56.300+0000] {processor.py:179} INFO - Processing /opt/airflow/dags/pipeline.py took 1.005 seconds
[2025-03-13T21:40:26.599+0000] {processor.py:157} INFO - Started process (PID=194) to work on /opt/airflow/dags/pipeline.py
[2025-03-13T21:40:26.600+0000] {processor.py:829} INFO - Processing file /opt/airflow/dags/pipeline.py for tasks to queue
[2025-03-13T21:40:26.601+0000] {logging_mixin.py:151} INFO - [2025-03-13T21:40:26.601+0000] {dagbag.py:539} INFO - Filling up the DagBag from /opt/airflow/dags/pipeline.py
[2025-03-13T21:40:27.376+0000] {processor.py:839} INFO - DAG(s) dict_keys(['yfinance_ingestion_dag']) retrieved from /opt/airflow/dags/pipeline.py
[2025-03-13T21:40:27.411+0000] {logging_mixin.py:151} INFO - [2025-03-13T21:40:27.410+0000] {dag.py:2915} INFO - Sync 1 DAGs
[2025-03-13T21:40:27.437+0000] {logging_mixin.py:151} INFO - [2025-03-13T21:40:27.437+0000] {dag.py:3696} INFO - Setting next_dagrun for yfinance_ingestion_dag to 2025-01-01T00:00:00+00:00, run_after=2025-01-02T00:00:00+00:00
[2025-03-13T21:40:27.460+0000] {processor.py:179} INFO - Processing /opt/airflow/dags/pipeline.py took 0.866 seconds
[2025-03-13T21:40:57.805+0000] {processor.py:157} INFO - Started process (PID=206) to work on /opt/airflow/dags/pipeline.py
[2025-03-13T21:40:57.807+0000] {processor.py:829} INFO - Processing file /opt/airflow/dags/pipeline.py for tasks to queue
[2025-03-13T21:40:57.818+0000] {logging_mixin.py:151} INFO - [2025-03-13T21:40:57.817+0000] {dagbag.py:539} INFO - Filling up the DagBag from /opt/airflow/dags/pipeline.py
[2025-03-13T21:40:58.709+0000] {processor.py:839} INFO - DAG(s) dict_keys(['yfinance_ingestion_dag']) retrieved from /opt/airflow/dags/pipeline.py
[2025-03-13T21:40:58.756+0000] {logging_mixin.py:151} INFO - [2025-03-13T21:40:58.755+0000] {dag.py:2915} INFO - Sync 1 DAGs
[2025-03-13T21:40:58.792+0000] {logging_mixin.py:151} INFO - [2025-03-13T21:40:58.791+0000] {dag.py:3696} INFO - Setting next_dagrun for yfinance_ingestion_dag to 2025-01-01T00:00:00+00:00, run_after=2025-01-02T00:00:00+00:00
[2025-03-13T21:40:58.821+0000] {processor.py:179} INFO - Processing /opt/airflow/dags/pipeline.py took 1.020 seconds
[2025-03-13T21:41:29.091+0000] {processor.py:157} INFO - Started process (PID=218) to work on /opt/airflow/dags/pipeline.py
[2025-03-13T21:41:29.093+0000] {processor.py:829} INFO - Processing file /opt/airflow/dags/pipeline.py for tasks to queue
[2025-03-13T21:41:29.094+0000] {logging_mixin.py:151} INFO - [2025-03-13T21:41:29.094+0000] {dagbag.py:539} INFO - Filling up the DagBag from /opt/airflow/dags/pipeline.py
[2025-03-13T21:41:29.846+0000] {processor.py:839} INFO - DAG(s) dict_keys(['yfinance_ingestion_dag']) retrieved from /opt/airflow/dags/pipeline.py
[2025-03-13T21:41:29.879+0000] {logging_mixin.py:151} INFO - [2025-03-13T21:41:29.878+0000] {dag.py:2915} INFO - Sync 1 DAGs
[2025-03-13T21:41:29.909+0000] {logging_mixin.py:151} INFO - [2025-03-13T21:41:29.909+0000] {dag.py:3696} INFO - Setting next_dagrun for yfinance_ingestion_dag to 2025-01-01T00:00:00+00:00, run_after=2025-01-02T00:00:00+00:00
[2025-03-13T21:41:29.935+0000] {processor.py:179} INFO - Processing /opt/airflow/dags/pipeline.py took 0.847 seconds
[2025-03-13T21:42:00.434+0000] {processor.py:157} INFO - Started process (PID=230) to work on /opt/airflow/dags/pipeline.py
[2025-03-13T21:42:00.435+0000] {processor.py:829} INFO - Processing file /opt/airflow/dags/pipeline.py for tasks to queue
[2025-03-13T21:42:00.437+0000] {logging_mixin.py:151} INFO - [2025-03-13T21:42:00.437+0000] {dagbag.py:539} INFO - Filling up the DagBag from /opt/airflow/dags/pipeline.py
[2025-03-13T21:42:01.233+0000] {processor.py:839} INFO - DAG(s) dict_keys(['yfinance_ingestion_dag']) retrieved from /opt/airflow/dags/pipeline.py
[2025-03-13T21:42:01.270+0000] {logging_mixin.py:151} INFO - [2025-03-13T21:42:01.269+0000] {dag.py:2915} INFO - Sync 1 DAGs
[2025-03-13T21:42:01.301+0000] {logging_mixin.py:151} INFO - [2025-03-13T21:42:01.301+0000] {dag.py:3696} INFO - Setting next_dagrun for yfinance_ingestion_dag to 2025-01-01T00:00:00+00:00, run_after=2025-01-02T00:00:00+00:00
[2025-03-13T21:42:01.327+0000] {processor.py:179} INFO - Processing /opt/airflow/dags/pipeline.py took 0.897 seconds
[2025-03-13T21:42:31.584+0000] {processor.py:157} INFO - Started process (PID=242) to work on /opt/airflow/dags/pipeline.py
[2025-03-13T21:42:31.586+0000] {processor.py:829} INFO - Processing file /opt/airflow/dags/pipeline.py for tasks to queue
[2025-03-13T21:42:31.589+0000] {logging_mixin.py:151} INFO - [2025-03-13T21:42:31.588+0000] {dagbag.py:539} INFO - Filling up the DagBag from /opt/airflow/dags/pipeline.py
[2025-03-13T21:42:32.222+0000] {processor.py:839} INFO - DAG(s) dict_keys(['yfinance_ingestion_dag']) retrieved from /opt/airflow/dags/pipeline.py
[2025-03-13T21:42:32.255+0000] {logging_mixin.py:151} INFO - [2025-03-13T21:42:32.255+0000] {dag.py:2915} INFO - Sync 1 DAGs
[2025-03-13T21:42:32.289+0000] {logging_mixin.py:151} INFO - [2025-03-13T21:42:32.289+0000] {dag.py:3696} INFO - Setting next_dagrun for yfinance_ingestion_dag to 2025-01-01T00:00:00+00:00, run_after=2025-01-02T00:00:00+00:00
[2025-03-13T21:42:32.319+0000] {processor.py:179} INFO - Processing /opt/airflow/dags/pipeline.py took 0.739 seconds
[2025-03-13T21:43:02.622+0000] {processor.py:157} INFO - Started process (PID=254) to work on /opt/airflow/dags/pipeline.py
[2025-03-13T21:43:02.624+0000] {processor.py:829} INFO - Processing file /opt/airflow/dags/pipeline.py for tasks to queue
[2025-03-13T21:43:02.626+0000] {logging_mixin.py:151} INFO - [2025-03-13T21:43:02.625+0000] {dagbag.py:539} INFO - Filling up the DagBag from /opt/airflow/dags/pipeline.py
[2025-03-13T21:43:03.342+0000] {processor.py:839} INFO - DAG(s) dict_keys(['yfinance_ingestion_dag']) retrieved from /opt/airflow/dags/pipeline.py
[2025-03-13T21:43:03.375+0000] {logging_mixin.py:151} INFO - [2025-03-13T21:43:03.374+0000] {dag.py:2915} INFO - Sync 1 DAGs
[2025-03-13T21:43:03.404+0000] {logging_mixin.py:151} INFO - [2025-03-13T21:43:03.404+0000] {dag.py:3696} INFO - Setting next_dagrun for yfinance_ingestion_dag to 2025-01-01T00:00:00+00:00, run_after=2025-01-02T00:00:00+00:00
[2025-03-13T21:43:03.436+0000] {processor.py:179} INFO - Processing /opt/airflow/dags/pipeline.py took 0.819 seconds
[2025-03-13T21:43:33.744+0000] {processor.py:157} INFO - Started process (PID=266) to work on /opt/airflow/dags/pipeline.py
[2025-03-13T21:43:33.747+0000] {processor.py:829} INFO - Processing file /opt/airflow/dags/pipeline.py for tasks to queue
[2025-03-13T21:43:33.749+0000] {logging_mixin.py:151} INFO - [2025-03-13T21:43:33.748+0000] {dagbag.py:539} INFO - Filling up the DagBag from /opt/airflow/dags/pipeline.py
[2025-03-13T21:43:34.382+0000] {processor.py:839} INFO - DAG(s) dict_keys(['yfinance_ingestion_dag']) retrieved from /opt/airflow/dags/pipeline.py
[2025-03-13T21:43:34.414+0000] {logging_mixin.py:151} INFO - [2025-03-13T21:43:34.413+0000] {dag.py:2915} INFO - Sync 1 DAGs
[2025-03-13T21:43:34.443+0000] {logging_mixin.py:151} INFO - [2025-03-13T21:43:34.443+0000] {dag.py:3696} INFO - Setting next_dagrun for yfinance_ingestion_dag to 2025-01-01T00:00:00+00:00, run_after=2025-01-02T00:00:00+00:00
[2025-03-13T21:43:34.474+0000] {processor.py:179} INFO - Processing /opt/airflow/dags/pipeline.py took 0.736 seconds
[2025-03-13T21:44:04.747+0000] {processor.py:157} INFO - Started process (PID=278) to work on /opt/airflow/dags/pipeline.py
[2025-03-13T21:44:04.749+0000] {processor.py:829} INFO - Processing file /opt/airflow/dags/pipeline.py for tasks to queue
[2025-03-13T21:44:04.750+0000] {logging_mixin.py:151} INFO - [2025-03-13T21:44:04.750+0000] {dagbag.py:539} INFO - Filling up the DagBag from /opt/airflow/dags/pipeline.py
[2025-03-13T21:44:05.439+0000] {processor.py:839} INFO - DAG(s) dict_keys(['yfinance_ingestion_dag']) retrieved from /opt/airflow/dags/pipeline.py
[2025-03-13T21:44:05.476+0000] {logging_mixin.py:151} INFO - [2025-03-13T21:44:05.475+0000] {dag.py:2915} INFO - Sync 1 DAGs
[2025-03-13T21:44:05.508+0000] {logging_mixin.py:151} INFO - [2025-03-13T21:44:05.508+0000] {dag.py:3696} INFO - Setting next_dagrun for yfinance_ingestion_dag to 2025-01-01T00:00:00+00:00, run_after=2025-01-02T00:00:00+00:00
[2025-03-13T21:44:05.547+0000] {processor.py:179} INFO - Processing /opt/airflow/dags/pipeline.py took 0.805 seconds
[2025-03-13T21:44:35.970+0000] {processor.py:157} INFO - Started process (PID=290) to work on /opt/airflow/dags/pipeline.py
[2025-03-13T21:44:35.971+0000] {processor.py:829} INFO - Processing file /opt/airflow/dags/pipeline.py for tasks to queue
[2025-03-13T21:44:35.973+0000] {logging_mixin.py:151} INFO - [2025-03-13T21:44:35.973+0000] {dagbag.py:539} INFO - Filling up the DagBag from /opt/airflow/dags/pipeline.py
[2025-03-13T21:44:36.619+0000] {processor.py:839} INFO - DAG(s) dict_keys(['yfinance_ingestion_dag']) retrieved from /opt/airflow/dags/pipeline.py
[2025-03-13T21:44:36.664+0000] {logging_mixin.py:151} INFO - [2025-03-13T21:44:36.663+0000] {dag.py:2915} INFO - Sync 1 DAGs
[2025-03-13T21:44:36.697+0000] {logging_mixin.py:151} INFO - [2025-03-13T21:44:36.697+0000] {dag.py:3696} INFO - Setting next_dagrun for yfinance_ingestion_dag to 2025-01-01T00:00:00+00:00, run_after=2025-01-02T00:00:00+00:00
[2025-03-13T21:44:36.732+0000] {processor.py:179} INFO - Processing /opt/airflow/dags/pipeline.py took 0.766 seconds
[2025-03-13T21:45:07.071+0000] {processor.py:157} INFO - Started process (PID=302) to work on /opt/airflow/dags/pipeline.py
[2025-03-13T21:45:07.073+0000] {processor.py:829} INFO - Processing file /opt/airflow/dags/pipeline.py for tasks to queue
[2025-03-13T21:45:07.074+0000] {logging_mixin.py:151} INFO - [2025-03-13T21:45:07.074+0000] {dagbag.py:539} INFO - Filling up the DagBag from /opt/airflow/dags/pipeline.py
[2025-03-13T21:45:07.635+0000] {processor.py:839} INFO - DAG(s) dict_keys(['yfinance_ingestion_dag']) retrieved from /opt/airflow/dags/pipeline.py
[2025-03-13T21:45:07.670+0000] {logging_mixin.py:151} INFO - [2025-03-13T21:45:07.669+0000] {dag.py:2915} INFO - Sync 1 DAGs
[2025-03-13T21:45:07.701+0000] {logging_mixin.py:151} INFO - [2025-03-13T21:45:07.701+0000] {dag.py:3696} INFO - Setting next_dagrun for yfinance_ingestion_dag to 2025-01-01T00:00:00+00:00, run_after=2025-01-02T00:00:00+00:00
[2025-03-13T21:45:07.756+0000] {processor.py:179} INFO - Processing /opt/airflow/dags/pipeline.py took 0.688 seconds
[2025-03-13T21:45:38.059+0000] {processor.py:157} INFO - Started process (PID=314) to work on /opt/airflow/dags/pipeline.py
[2025-03-13T21:45:38.061+0000] {processor.py:829} INFO - Processing file /opt/airflow/dags/pipeline.py for tasks to queue
[2025-03-13T21:45:38.063+0000] {logging_mixin.py:151} INFO - [2025-03-13T21:45:38.062+0000] {dagbag.py:539} INFO - Filling up the DagBag from /opt/airflow/dags/pipeline.py
[2025-03-13T21:45:38.737+0000] {processor.py:839} INFO - DAG(s) dict_keys(['yfinance_ingestion_dag']) retrieved from /opt/airflow/dags/pipeline.py
[2025-03-13T21:45:38.779+0000] {logging_mixin.py:151} INFO - [2025-03-13T21:45:38.778+0000] {dag.py:2915} INFO - Sync 1 DAGs
[2025-03-13T21:45:38.812+0000] {logging_mixin.py:151} INFO - [2025-03-13T21:45:38.811+0000] {dag.py:3696} INFO - Setting next_dagrun for yfinance_ingestion_dag to 2025-01-01T00:00:00+00:00, run_after=2025-01-02T00:00:00+00:00
[2025-03-13T21:45:38.838+0000] {processor.py:179} INFO - Processing /opt/airflow/dags/pipeline.py took 0.786 seconds
[2025-03-13T21:46:09.228+0000] {processor.py:157} INFO - Started process (PID=326) to work on /opt/airflow/dags/pipeline.py
[2025-03-13T21:46:09.230+0000] {processor.py:829} INFO - Processing file /opt/airflow/dags/pipeline.py for tasks to queue
[2025-03-13T21:46:09.232+0000] {logging_mixin.py:151} INFO - [2025-03-13T21:46:09.231+0000] {dagbag.py:539} INFO - Filling up the DagBag from /opt/airflow/dags/pipeline.py
[2025-03-13T21:46:09.840+0000] {processor.py:839} INFO - DAG(s) dict_keys(['yfinance_ingestion_dag']) retrieved from /opt/airflow/dags/pipeline.py
[2025-03-13T21:46:09.873+0000] {logging_mixin.py:151} INFO - [2025-03-13T21:46:09.872+0000] {dag.py:2915} INFO - Sync 1 DAGs
[2025-03-13T21:46:09.901+0000] {logging_mixin.py:151} INFO - [2025-03-13T21:46:09.901+0000] {dag.py:3696} INFO - Setting next_dagrun for yfinance_ingestion_dag to 2025-01-01T00:00:00+00:00, run_after=2025-01-02T00:00:00+00:00
[2025-03-13T21:46:09.928+0000] {processor.py:179} INFO - Processing /opt/airflow/dags/pipeline.py took 0.709 seconds
[2025-03-13T21:46:40.351+0000] {processor.py:157} INFO - Started process (PID=338) to work on /opt/airflow/dags/pipeline.py
[2025-03-13T21:46:40.352+0000] {processor.py:829} INFO - Processing file /opt/airflow/dags/pipeline.py for tasks to queue
[2025-03-13T21:46:40.354+0000] {logging_mixin.py:151} INFO - [2025-03-13T21:46:40.353+0000] {dagbag.py:539} INFO - Filling up the DagBag from /opt/airflow/dags/pipeline.py
[2025-03-13T21:46:40.981+0000] {processor.py:839} INFO - DAG(s) dict_keys(['yfinance_ingestion_dag']) retrieved from /opt/airflow/dags/pipeline.py
[2025-03-13T21:46:41.017+0000] {logging_mixin.py:151} INFO - [2025-03-13T21:46:41.016+0000] {dag.py:2915} INFO - Sync 1 DAGs
[2025-03-13T21:46:41.043+0000] {logging_mixin.py:151} INFO - [2025-03-13T21:46:41.043+0000] {dag.py:3696} INFO - Setting next_dagrun for yfinance_ingestion_dag to 2025-01-01T00:00:00+00:00, run_after=2025-01-02T00:00:00+00:00
[2025-03-13T21:46:41.075+0000] {processor.py:179} INFO - Processing /opt/airflow/dags/pipeline.py took 0.729 seconds
[2025-03-13T21:47:11.408+0000] {processor.py:157} INFO - Started process (PID=350) to work on /opt/airflow/dags/pipeline.py
[2025-03-13T21:47:11.410+0000] {processor.py:829} INFO - Processing file /opt/airflow/dags/pipeline.py for tasks to queue
[2025-03-13T21:47:11.411+0000] {logging_mixin.py:151} INFO - [2025-03-13T21:47:11.411+0000] {dagbag.py:539} INFO - Filling up the DagBag from /opt/airflow/dags/pipeline.py
[2025-03-13T21:47:12.101+0000] {processor.py:839} INFO - DAG(s) dict_keys(['yfinance_ingestion_dag']) retrieved from /opt/airflow/dags/pipeline.py
[2025-03-13T21:47:12.134+0000] {logging_mixin.py:151} INFO - [2025-03-13T21:47:12.133+0000] {dag.py:2915} INFO - Sync 1 DAGs
[2025-03-13T21:47:12.160+0000] {logging_mixin.py:151} INFO - [2025-03-13T21:47:12.160+0000] {dag.py:3696} INFO - Setting next_dagrun for yfinance_ingestion_dag to 2025-01-01T00:00:00+00:00, run_after=2025-01-02T00:00:00+00:00
[2025-03-13T21:47:12.190+0000] {processor.py:179} INFO - Processing /opt/airflow/dags/pipeline.py took 0.785 seconds
[2025-03-13T21:47:42.519+0000] {processor.py:157} INFO - Started process (PID=362) to work on /opt/airflow/dags/pipeline.py
[2025-03-13T21:47:42.521+0000] {processor.py:829} INFO - Processing file /opt/airflow/dags/pipeline.py for tasks to queue
[2025-03-13T21:47:42.523+0000] {logging_mixin.py:151} INFO - [2025-03-13T21:47:42.522+0000] {dagbag.py:539} INFO - Filling up the DagBag from /opt/airflow/dags/pipeline.py
[2025-03-13T21:47:43.071+0000] {processor.py:839} INFO - DAG(s) dict_keys(['yfinance_ingestion_dag']) retrieved from /opt/airflow/dags/pipeline.py
[2025-03-13T21:47:43.115+0000] {logging_mixin.py:151} INFO - [2025-03-13T21:47:43.115+0000] {dag.py:2915} INFO - Sync 1 DAGs
[2025-03-13T21:47:43.166+0000] {logging_mixin.py:151} INFO - [2025-03-13T21:47:43.165+0000] {dag.py:3696} INFO - Setting next_dagrun for yfinance_ingestion_dag to 2025-01-01T00:00:00+00:00, run_after=2025-01-02T00:00:00+00:00
[2025-03-13T21:47:43.210+0000] {processor.py:179} INFO - Processing /opt/airflow/dags/pipeline.py took 0.694 seconds
[2025-03-13T21:48:13.558+0000] {processor.py:157} INFO - Started process (PID=374) to work on /opt/airflow/dags/pipeline.py
[2025-03-13T21:48:13.560+0000] {processor.py:829} INFO - Processing file /opt/airflow/dags/pipeline.py for tasks to queue
[2025-03-13T21:48:13.562+0000] {logging_mixin.py:151} INFO - [2025-03-13T21:48:13.561+0000] {dagbag.py:539} INFO - Filling up the DagBag from /opt/airflow/dags/pipeline.py
[2025-03-13T21:48:14.199+0000] {processor.py:839} INFO - DAG(s) dict_keys(['yfinance_ingestion_dag']) retrieved from /opt/airflow/dags/pipeline.py
[2025-03-13T21:48:14.253+0000] {logging_mixin.py:151} INFO - [2025-03-13T21:48:14.252+0000] {dag.py:2915} INFO - Sync 1 DAGs
[2025-03-13T21:48:14.296+0000] {logging_mixin.py:151} INFO - [2025-03-13T21:48:14.296+0000] {dag.py:3696} INFO - Setting next_dagrun for yfinance_ingestion_dag to 2025-01-01T00:00:00+00:00, run_after=2025-01-02T00:00:00+00:00
[2025-03-13T21:48:14.337+0000] {processor.py:179} INFO - Processing /opt/airflow/dags/pipeline.py took 0.783 seconds
[2025-03-13T21:48:44.690+0000] {processor.py:157} INFO - Started process (PID=386) to work on /opt/airflow/dags/pipeline.py
[2025-03-13T21:48:44.692+0000] {processor.py:829} INFO - Processing file /opt/airflow/dags/pipeline.py for tasks to queue
[2025-03-13T21:48:44.694+0000] {logging_mixin.py:151} INFO - [2025-03-13T21:48:44.693+0000] {dagbag.py:539} INFO - Filling up the DagBag from /opt/airflow/dags/pipeline.py
[2025-03-13T21:48:45.222+0000] {processor.py:839} INFO - DAG(s) dict_keys(['yfinance_ingestion_dag']) retrieved from /opt/airflow/dags/pipeline.py
[2025-03-13T21:48:45.253+0000] {logging_mixin.py:151} INFO - [2025-03-13T21:48:45.253+0000] {dag.py:2915} INFO - Sync 1 DAGs
[2025-03-13T21:48:45.292+0000] {logging_mixin.py:151} INFO - [2025-03-13T21:48:45.291+0000] {dag.py:3696} INFO - Setting next_dagrun for yfinance_ingestion_dag to 2025-01-01T00:00:00+00:00, run_after=2025-01-02T00:00:00+00:00
[2025-03-13T21:48:45.320+0000] {processor.py:179} INFO - Processing /opt/airflow/dags/pipeline.py took 0.636 seconds
[2025-03-13T21:49:15.653+0000] {processor.py:157} INFO - Started process (PID=398) to work on /opt/airflow/dags/pipeline.py
[2025-03-13T21:49:15.655+0000] {processor.py:829} INFO - Processing file /opt/airflow/dags/pipeline.py for tasks to queue
[2025-03-13T21:49:15.657+0000] {logging_mixin.py:151} INFO - [2025-03-13T21:49:15.657+0000] {dagbag.py:539} INFO - Filling up the DagBag from /opt/airflow/dags/pipeline.py
[2025-03-13T21:49:16.258+0000] {processor.py:839} INFO - DAG(s) dict_keys(['yfinance_ingestion_dag']) retrieved from /opt/airflow/dags/pipeline.py
[2025-03-13T21:49:16.301+0000] {logging_mixin.py:151} INFO - [2025-03-13T21:49:16.300+0000] {dag.py:2915} INFO - Sync 1 DAGs
[2025-03-13T21:49:16.334+0000] {logging_mixin.py:151} INFO - [2025-03-13T21:49:16.333+0000] {dag.py:3696} INFO - Setting next_dagrun for yfinance_ingestion_dag to 2025-01-01T00:00:00+00:00, run_after=2025-01-02T00:00:00+00:00
[2025-03-13T21:49:16.377+0000] {processor.py:179} INFO - Processing /opt/airflow/dags/pipeline.py took 0.730 seconds
[2025-03-13T21:49:46.846+0000] {processor.py:157} INFO - Started process (PID=410) to work on /opt/airflow/dags/pipeline.py
[2025-03-13T21:49:46.847+0000] {processor.py:829} INFO - Processing file /opt/airflow/dags/pipeline.py for tasks to queue
[2025-03-13T21:49:46.849+0000] {logging_mixin.py:151} INFO - [2025-03-13T21:49:46.848+0000] {dagbag.py:539} INFO - Filling up the DagBag from /opt/airflow/dags/pipeline.py
[2025-03-13T21:49:47.467+0000] {processor.py:839} INFO - DAG(s) dict_keys(['yfinance_ingestion_dag']) retrieved from /opt/airflow/dags/pipeline.py
[2025-03-13T21:49:47.502+0000] {logging_mixin.py:151} INFO - [2025-03-13T21:49:47.501+0000] {dag.py:2915} INFO - Sync 1 DAGs
[2025-03-13T21:49:47.534+0000] {logging_mixin.py:151} INFO - [2025-03-13T21:49:47.534+0000] {dag.py:3696} INFO - Setting next_dagrun for yfinance_ingestion_dag to 2025-01-01T00:00:00+00:00, run_after=2025-01-02T00:00:00+00:00
[2025-03-13T21:49:47.565+0000] {processor.py:179} INFO - Processing /opt/airflow/dags/pipeline.py took 0.723 seconds
[2025-03-13T21:50:17.931+0000] {processor.py:157} INFO - Started process (PID=422) to work on /opt/airflow/dags/pipeline.py
[2025-03-13T21:50:17.932+0000] {processor.py:829} INFO - Processing file /opt/airflow/dags/pipeline.py for tasks to queue
[2025-03-13T21:50:17.934+0000] {logging_mixin.py:151} INFO - [2025-03-13T21:50:17.933+0000] {dagbag.py:539} INFO - Filling up the DagBag from /opt/airflow/dags/pipeline.py
[2025-03-13T21:50:18.488+0000] {processor.py:839} INFO - DAG(s) dict_keys(['yfinance_ingestion_dag']) retrieved from /opt/airflow/dags/pipeline.py
[2025-03-13T21:50:18.519+0000] {logging_mixin.py:151} INFO - [2025-03-13T21:50:18.518+0000] {dag.py:2915} INFO - Sync 1 DAGs
[2025-03-13T21:50:18.555+0000] {logging_mixin.py:151} INFO - [2025-03-13T21:50:18.554+0000] {dag.py:3696} INFO - Setting next_dagrun for yfinance_ingestion_dag to 2025-01-01T00:00:00+00:00, run_after=2025-01-02T00:00:00+00:00
[2025-03-13T21:50:18.586+0000] {processor.py:179} INFO - Processing /opt/airflow/dags/pipeline.py took 0.659 seconds
[2025-03-13T21:50:48.886+0000] {processor.py:157} INFO - Started process (PID=434) to work on /opt/airflow/dags/pipeline.py
[2025-03-13T21:50:48.888+0000] {processor.py:829} INFO - Processing file /opt/airflow/dags/pipeline.py for tasks to queue
[2025-03-13T21:50:48.890+0000] {logging_mixin.py:151} INFO - [2025-03-13T21:50:48.889+0000] {dagbag.py:539} INFO - Filling up the DagBag from /opt/airflow/dags/pipeline.py
[2025-03-13T21:50:49.629+0000] {processor.py:839} INFO - DAG(s) dict_keys(['yfinance_ingestion_dag']) retrieved from /opt/airflow/dags/pipeline.py
[2025-03-13T21:50:49.655+0000] {logging_mixin.py:151} INFO - [2025-03-13T21:50:49.654+0000] {dag.py:2915} INFO - Sync 1 DAGs
[2025-03-13T21:50:49.691+0000] {logging_mixin.py:151} INFO - [2025-03-13T21:50:49.691+0000] {dag.py:3696} INFO - Setting next_dagrun for yfinance_ingestion_dag to 2025-01-01T00:00:00+00:00, run_after=2025-01-02T00:00:00+00:00
[2025-03-13T21:50:49.728+0000] {processor.py:179} INFO - Processing /opt/airflow/dags/pipeline.py took 0.847 seconds
[2025-03-13T21:51:20.074+0000] {processor.py:157} INFO - Started process (PID=446) to work on /opt/airflow/dags/pipeline.py
[2025-03-13T21:51:20.076+0000] {processor.py:829} INFO - Processing file /opt/airflow/dags/pipeline.py for tasks to queue
[2025-03-13T21:51:20.077+0000] {logging_mixin.py:151} INFO - [2025-03-13T21:51:20.077+0000] {dagbag.py:539} INFO - Filling up the DagBag from /opt/airflow/dags/pipeline.py
[2025-03-13T21:51:20.652+0000] {processor.py:839} INFO - DAG(s) dict_keys(['yfinance_ingestion_dag']) retrieved from /opt/airflow/dags/pipeline.py
[2025-03-13T21:51:20.684+0000] {logging_mixin.py:151} INFO - [2025-03-13T21:51:20.683+0000] {dag.py:2915} INFO - Sync 1 DAGs
[2025-03-13T21:51:20.714+0000] {logging_mixin.py:151} INFO - [2025-03-13T21:51:20.714+0000] {dag.py:3696} INFO - Setting next_dagrun for yfinance_ingestion_dag to 2025-01-01T00:00:00+00:00, run_after=2025-01-02T00:00:00+00:00
[2025-03-13T21:51:20.745+0000] {processor.py:179} INFO - Processing /opt/airflow/dags/pipeline.py took 0.676 seconds
[2025-03-13T21:51:51.106+0000] {processor.py:157} INFO - Started process (PID=458) to work on /opt/airflow/dags/pipeline.py
[2025-03-13T21:51:51.108+0000] {processor.py:829} INFO - Processing file /opt/airflow/dags/pipeline.py for tasks to queue
[2025-03-13T21:51:51.110+0000] {logging_mixin.py:151} INFO - [2025-03-13T21:51:51.109+0000] {dagbag.py:539} INFO - Filling up the DagBag from /opt/airflow/dags/pipeline.py
[2025-03-13T21:51:51.659+0000] {processor.py:839} INFO - DAG(s) dict_keys(['yfinance_ingestion_dag']) retrieved from /opt/airflow/dags/pipeline.py
[2025-03-13T21:51:51.689+0000] {logging_mixin.py:151} INFO - [2025-03-13T21:51:51.689+0000] {dag.py:2915} INFO - Sync 1 DAGs
[2025-03-13T21:51:51.728+0000] {logging_mixin.py:151} INFO - [2025-03-13T21:51:51.727+0000] {dag.py:3696} INFO - Setting next_dagrun for yfinance_ingestion_dag to 2025-01-01T00:00:00+00:00, run_after=2025-01-02T00:00:00+00:00
[2025-03-13T21:51:51.761+0000] {processor.py:179} INFO - Processing /opt/airflow/dags/pipeline.py took 0.659 seconds
[2025-03-13T21:52:21.992+0000] {processor.py:157} INFO - Started process (PID=470) to work on /opt/airflow/dags/pipeline.py
[2025-03-13T21:52:21.993+0000] {processor.py:829} INFO - Processing file /opt/airflow/dags/pipeline.py for tasks to queue
[2025-03-13T21:52:21.995+0000] {logging_mixin.py:151} INFO - [2025-03-13T21:52:21.995+0000] {dagbag.py:539} INFO - Filling up the DagBag from /opt/airflow/dags/pipeline.py
[2025-03-13T21:52:22.540+0000] {processor.py:839} INFO - DAG(s) dict_keys(['yfinance_ingestion_dag']) retrieved from /opt/airflow/dags/pipeline.py
[2025-03-13T21:52:22.571+0000] {logging_mixin.py:151} INFO - [2025-03-13T21:52:22.570+0000] {dag.py:2915} INFO - Sync 1 DAGs
[2025-03-13T21:52:22.598+0000] {logging_mixin.py:151} INFO - [2025-03-13T21:52:22.598+0000] {dag.py:3696} INFO - Setting next_dagrun for yfinance_ingestion_dag to 2025-01-01T00:00:00+00:00, run_after=2025-01-02T00:00:00+00:00
[2025-03-13T21:52:22.627+0000] {processor.py:179} INFO - Processing /opt/airflow/dags/pipeline.py took 0.639 seconds
[2025-03-13T21:52:52.955+0000] {processor.py:157} INFO - Started process (PID=482) to work on /opt/airflow/dags/pipeline.py
[2025-03-13T21:52:52.957+0000] {processor.py:829} INFO - Processing file /opt/airflow/dags/pipeline.py for tasks to queue
[2025-03-13T21:52:52.960+0000] {logging_mixin.py:151} INFO - [2025-03-13T21:52:52.959+0000] {dagbag.py:539} INFO - Filling up the DagBag from /opt/airflow/dags/pipeline.py
[2025-03-13T21:52:53.513+0000] {processor.py:839} INFO - DAG(s) dict_keys(['yfinance_ingestion_dag']) retrieved from /opt/airflow/dags/pipeline.py
[2025-03-13T21:52:53.545+0000] {logging_mixin.py:151} INFO - [2025-03-13T21:52:53.544+0000] {dag.py:2915} INFO - Sync 1 DAGs
[2025-03-13T21:52:53.581+0000] {logging_mixin.py:151} INFO - [2025-03-13T21:52:53.580+0000] {dag.py:3696} INFO - Setting next_dagrun for yfinance_ingestion_dag to 2025-01-01T00:00:00+00:00, run_after=2025-01-02T00:00:00+00:00
[2025-03-13T21:52:53.617+0000] {processor.py:179} INFO - Processing /opt/airflow/dags/pipeline.py took 0.666 seconds
[2025-03-13T21:53:23.915+0000] {processor.py:157} INFO - Started process (PID=494) to work on /opt/airflow/dags/pipeline.py
[2025-03-13T21:53:23.917+0000] {processor.py:829} INFO - Processing file /opt/airflow/dags/pipeline.py for tasks to queue
[2025-03-13T21:53:23.920+0000] {logging_mixin.py:151} INFO - [2025-03-13T21:53:23.918+0000] {dagbag.py:539} INFO - Filling up the DagBag from /opt/airflow/dags/pipeline.py
[2025-03-13T21:53:24.450+0000] {processor.py:839} INFO - DAG(s) dict_keys(['yfinance_ingestion_dag']) retrieved from /opt/airflow/dags/pipeline.py
[2025-03-13T21:53:24.482+0000] {logging_mixin.py:151} INFO - [2025-03-13T21:53:24.482+0000] {dag.py:2915} INFO - Sync 1 DAGs
[2025-03-13T21:53:24.509+0000] {logging_mixin.py:151} INFO - [2025-03-13T21:53:24.509+0000] {dag.py:3696} INFO - Setting next_dagrun for yfinance_ingestion_dag to 2025-01-01T00:00:00+00:00, run_after=2025-01-02T00:00:00+00:00
[2025-03-13T21:53:24.537+0000] {processor.py:179} INFO - Processing /opt/airflow/dags/pipeline.py took 0.625 seconds
[2025-03-13T21:53:54.857+0000] {processor.py:157} INFO - Started process (PID=506) to work on /opt/airflow/dags/pipeline.py
[2025-03-13T21:53:54.858+0000] {processor.py:829} INFO - Processing file /opt/airflow/dags/pipeline.py for tasks to queue
[2025-03-13T21:53:54.860+0000] {logging_mixin.py:151} INFO - [2025-03-13T21:53:54.859+0000] {dagbag.py:539} INFO - Filling up the DagBag from /opt/airflow/dags/pipeline.py
[2025-03-13T21:53:55.432+0000] {processor.py:839} INFO - DAG(s) dict_keys(['yfinance_ingestion_dag']) retrieved from /opt/airflow/dags/pipeline.py
[2025-03-13T21:53:55.465+0000] {logging_mixin.py:151} INFO - [2025-03-13T21:53:55.464+0000] {dag.py:2915} INFO - Sync 1 DAGs
[2025-03-13T21:53:55.491+0000] {logging_mixin.py:151} INFO - [2025-03-13T21:53:55.490+0000] {dag.py:3696} INFO - Setting next_dagrun for yfinance_ingestion_dag to 2025-01-01T00:00:00+00:00, run_after=2025-01-02T00:00:00+00:00
[2025-03-13T21:53:55.523+0000] {processor.py:179} INFO - Processing /opt/airflow/dags/pipeline.py took 0.670 seconds
[2025-03-13T21:54:25.984+0000] {processor.py:157} INFO - Started process (PID=518) to work on /opt/airflow/dags/pipeline.py
[2025-03-13T21:54:25.985+0000] {processor.py:829} INFO - Processing file /opt/airflow/dags/pipeline.py for tasks to queue
[2025-03-13T21:54:25.987+0000] {logging_mixin.py:151} INFO - [2025-03-13T21:54:25.986+0000] {dagbag.py:539} INFO - Filling up the DagBag from /opt/airflow/dags/pipeline.py
[2025-03-13T21:54:26.530+0000] {processor.py:839} INFO - DAG(s) dict_keys(['yfinance_ingestion_dag']) retrieved from /opt/airflow/dags/pipeline.py
[2025-03-13T21:54:26.563+0000] {logging_mixin.py:151} INFO - [2025-03-13T21:54:26.562+0000] {dag.py:2915} INFO - Sync 1 DAGs
[2025-03-13T21:54:26.592+0000] {logging_mixin.py:151} INFO - [2025-03-13T21:54:26.591+0000] {dag.py:3696} INFO - Setting next_dagrun for yfinance_ingestion_dag to 2025-01-01T00:00:00+00:00, run_after=2025-01-02T00:00:00+00:00
[2025-03-13T21:54:26.623+0000] {processor.py:179} INFO - Processing /opt/airflow/dags/pipeline.py took 0.642 seconds
[2025-03-13T21:54:56.968+0000] {processor.py:157} INFO - Started process (PID=530) to work on /opt/airflow/dags/pipeline.py
[2025-03-13T21:54:56.970+0000] {processor.py:829} INFO - Processing file /opt/airflow/dags/pipeline.py for tasks to queue
[2025-03-13T21:54:56.972+0000] {logging_mixin.py:151} INFO - [2025-03-13T21:54:56.972+0000] {dagbag.py:539} INFO - Filling up the DagBag from /opt/airflow/dags/pipeline.py
[2025-03-13T21:54:57.591+0000] {processor.py:839} INFO - DAG(s) dict_keys(['yfinance_ingestion_dag']) retrieved from /opt/airflow/dags/pipeline.py
[2025-03-13T21:54:57.631+0000] {logging_mixin.py:151} INFO - [2025-03-13T21:54:57.630+0000] {dag.py:2915} INFO - Sync 1 DAGs
[2025-03-13T21:54:57.678+0000] {logging_mixin.py:151} INFO - [2025-03-13T21:54:57.677+0000] {dag.py:3696} INFO - Setting next_dagrun for yfinance_ingestion_dag to 2025-01-01T00:00:00+00:00, run_after=2025-01-02T00:00:00+00:00
[2025-03-13T21:54:57.713+0000] {processor.py:179} INFO - Processing /opt/airflow/dags/pipeline.py took 0.749 seconds
[2025-03-13T21:55:28.025+0000] {processor.py:157} INFO - Started process (PID=542) to work on /opt/airflow/dags/pipeline.py
[2025-03-13T21:55:28.026+0000] {processor.py:829} INFO - Processing file /opt/airflow/dags/pipeline.py for tasks to queue
[2025-03-13T21:55:28.028+0000] {logging_mixin.py:151} INFO - [2025-03-13T21:55:28.027+0000] {dagbag.py:539} INFO - Filling up the DagBag from /opt/airflow/dags/pipeline.py
[2025-03-13T21:55:28.564+0000] {processor.py:839} INFO - DAG(s) dict_keys(['yfinance_ingestion_dag']) retrieved from /opt/airflow/dags/pipeline.py
[2025-03-13T21:55:28.601+0000] {logging_mixin.py:151} INFO - [2025-03-13T21:55:28.601+0000] {dag.py:2915} INFO - Sync 1 DAGs
[2025-03-13T21:55:28.636+0000] {logging_mixin.py:151} INFO - [2025-03-13T21:55:28.636+0000] {dag.py:3696} INFO - Setting next_dagrun for yfinance_ingestion_dag to 2025-01-01T00:00:00+00:00, run_after=2025-01-02T00:00:00+00:00
[2025-03-13T21:55:28.666+0000] {processor.py:179} INFO - Processing /opt/airflow/dags/pipeline.py took 0.644 seconds
[2025-03-13T21:55:59.055+0000] {processor.py:157} INFO - Started process (PID=554) to work on /opt/airflow/dags/pipeline.py
[2025-03-13T21:55:59.057+0000] {processor.py:829} INFO - Processing file /opt/airflow/dags/pipeline.py for tasks to queue
[2025-03-13T21:55:59.060+0000] {logging_mixin.py:151} INFO - [2025-03-13T21:55:59.059+0000] {dagbag.py:539} INFO - Filling up the DagBag from /opt/airflow/dags/pipeline.py
[2025-03-13T21:55:59.781+0000] {processor.py:839} INFO - DAG(s) dict_keys(['yfinance_ingestion_dag']) retrieved from /opt/airflow/dags/pipeline.py
[2025-03-13T21:55:59.819+0000] {logging_mixin.py:151} INFO - [2025-03-13T21:55:59.819+0000] {dag.py:2915} INFO - Sync 1 DAGs
[2025-03-13T21:55:59.851+0000] {logging_mixin.py:151} INFO - [2025-03-13T21:55:59.851+0000] {dag.py:3696} INFO - Setting next_dagrun for yfinance_ingestion_dag to 2025-01-01T00:00:00+00:00, run_after=2025-01-02T00:00:00+00:00
[2025-03-13T21:55:59.881+0000] {processor.py:179} INFO - Processing /opt/airflow/dags/pipeline.py took 0.832 seconds
[2025-03-13T21:56:30.195+0000] {processor.py:157} INFO - Started process (PID=566) to work on /opt/airflow/dags/pipeline.py
[2025-03-13T21:56:30.197+0000] {processor.py:829} INFO - Processing file /opt/airflow/dags/pipeline.py for tasks to queue
[2025-03-13T21:56:30.198+0000] {logging_mixin.py:151} INFO - [2025-03-13T21:56:30.198+0000] {dagbag.py:539} INFO - Filling up the DagBag from /opt/airflow/dags/pipeline.py
[2025-03-13T21:56:30.790+0000] {processor.py:839} INFO - DAG(s) dict_keys(['yfinance_ingestion_dag']) retrieved from /opt/airflow/dags/pipeline.py
[2025-03-13T21:56:30.822+0000] {logging_mixin.py:151} INFO - [2025-03-13T21:56:30.822+0000] {dag.py:2915} INFO - Sync 1 DAGs
[2025-03-13T21:56:30.853+0000] {logging_mixin.py:151} INFO - [2025-03-13T21:56:30.852+0000] {dag.py:3696} INFO - Setting next_dagrun for yfinance_ingestion_dag to 2025-01-01T00:00:00+00:00, run_after=2025-01-02T00:00:00+00:00
[2025-03-13T21:56:30.881+0000] {processor.py:179} INFO - Processing /opt/airflow/dags/pipeline.py took 0.691 seconds
[2025-03-13T21:57:01.170+0000] {processor.py:157} INFO - Started process (PID=578) to work on /opt/airflow/dags/pipeline.py
[2025-03-13T21:57:01.172+0000] {processor.py:829} INFO - Processing file /opt/airflow/dags/pipeline.py for tasks to queue
[2025-03-13T21:57:01.175+0000] {logging_mixin.py:151} INFO - [2025-03-13T21:57:01.174+0000] {dagbag.py:539} INFO - Filling up the DagBag from /opt/airflow/dags/pipeline.py
[2025-03-13T21:57:01.753+0000] {processor.py:839} INFO - DAG(s) dict_keys(['yfinance_ingestion_dag']) retrieved from /opt/airflow/dags/pipeline.py
[2025-03-13T21:57:01.785+0000] {logging_mixin.py:151} INFO - [2025-03-13T21:57:01.785+0000] {dag.py:2915} INFO - Sync 1 DAGs
[2025-03-13T21:57:01.812+0000] {logging_mixin.py:151} INFO - [2025-03-13T21:57:01.812+0000] {dag.py:3696} INFO - Setting next_dagrun for yfinance_ingestion_dag to 2025-01-01T00:00:00+00:00, run_after=2025-01-02T00:00:00+00:00
[2025-03-13T21:57:01.840+0000] {processor.py:179} INFO - Processing /opt/airflow/dags/pipeline.py took 0.676 seconds
[2025-03-13T21:57:32.177+0000] {processor.py:157} INFO - Started process (PID=590) to work on /opt/airflow/dags/pipeline.py
[2025-03-13T21:57:32.180+0000] {processor.py:829} INFO - Processing file /opt/airflow/dags/pipeline.py for tasks to queue
[2025-03-13T21:57:32.182+0000] {logging_mixin.py:151} INFO - [2025-03-13T21:57:32.182+0000] {dagbag.py:539} INFO - Filling up the DagBag from /opt/airflow/dags/pipeline.py
[2025-03-13T21:57:32.755+0000] {processor.py:839} INFO - DAG(s) dict_keys(['yfinance_ingestion_dag']) retrieved from /opt/airflow/dags/pipeline.py
[2025-03-13T21:57:32.787+0000] {logging_mixin.py:151} INFO - [2025-03-13T21:57:32.787+0000] {dag.py:2915} INFO - Sync 1 DAGs
[2025-03-13T21:57:32.817+0000] {logging_mixin.py:151} INFO - [2025-03-13T21:57:32.817+0000] {dag.py:3696} INFO - Setting next_dagrun for yfinance_ingestion_dag to 2025-01-01T00:00:00+00:00, run_after=2025-01-02T00:00:00+00:00
[2025-03-13T21:57:32.847+0000] {processor.py:179} INFO - Processing /opt/airflow/dags/pipeline.py took 0.672 seconds
[2025-03-13T21:58:03.123+0000] {processor.py:157} INFO - Started process (PID=602) to work on /opt/airflow/dags/pipeline.py
[2025-03-13T21:58:03.124+0000] {processor.py:829} INFO - Processing file /opt/airflow/dags/pipeline.py for tasks to queue
[2025-03-13T21:58:03.125+0000] {logging_mixin.py:151} INFO - [2025-03-13T21:58:03.125+0000] {dagbag.py:539} INFO - Filling up the DagBag from /opt/airflow/dags/pipeline.py
[2025-03-13T21:58:03.804+0000] {processor.py:839} INFO - DAG(s) dict_keys(['yfinance_ingestion_dag']) retrieved from /opt/airflow/dags/pipeline.py
[2025-03-13T21:58:03.835+0000] {logging_mixin.py:151} INFO - [2025-03-13T21:58:03.835+0000] {dag.py:2915} INFO - Sync 1 DAGs
[2025-03-13T21:58:03.864+0000] {logging_mixin.py:151} INFO - [2025-03-13T21:58:03.864+0000] {dag.py:3696} INFO - Setting next_dagrun for yfinance_ingestion_dag to 2025-01-01T00:00:00+00:00, run_after=2025-01-02T00:00:00+00:00
[2025-03-13T21:58:03.889+0000] {processor.py:179} INFO - Processing /opt/airflow/dags/pipeline.py took 0.770 seconds
[2025-03-13T21:58:34.206+0000] {processor.py:157} INFO - Started process (PID=614) to work on /opt/airflow/dags/pipeline.py
[2025-03-13T21:58:34.209+0000] {processor.py:829} INFO - Processing file /opt/airflow/dags/pipeline.py for tasks to queue
[2025-03-13T21:58:34.211+0000] {logging_mixin.py:151} INFO - [2025-03-13T21:58:34.210+0000] {dagbag.py:539} INFO - Filling up the DagBag from /opt/airflow/dags/pipeline.py
[2025-03-13T21:58:34.823+0000] {processor.py:839} INFO - DAG(s) dict_keys(['yfinance_ingestion_dag']) retrieved from /opt/airflow/dags/pipeline.py
[2025-03-13T21:58:34.868+0000] {logging_mixin.py:151} INFO - [2025-03-13T21:58:34.867+0000] {dag.py:2915} INFO - Sync 1 DAGs
[2025-03-13T21:58:34.930+0000] {logging_mixin.py:151} INFO - [2025-03-13T21:58:34.929+0000] {dag.py:3696} INFO - Setting next_dagrun for yfinance_ingestion_dag to 2025-01-01T00:00:00+00:00, run_after=2025-01-02T00:00:00+00:00
[2025-03-13T21:58:34.974+0000] {processor.py:179} INFO - Processing /opt/airflow/dags/pipeline.py took 0.772 seconds
[2025-03-13T21:59:05.250+0000] {processor.py:157} INFO - Started process (PID=626) to work on /opt/airflow/dags/pipeline.py
[2025-03-13T21:59:05.252+0000] {processor.py:829} INFO - Processing file /opt/airflow/dags/pipeline.py for tasks to queue
[2025-03-13T21:59:05.255+0000] {logging_mixin.py:151} INFO - [2025-03-13T21:59:05.254+0000] {dagbag.py:539} INFO - Filling up the DagBag from /opt/airflow/dags/pipeline.py
[2025-03-13T21:59:04.674+0000] {processor.py:839} INFO - DAG(s) dict_keys(['yfinance_ingestion_dag']) retrieved from /opt/airflow/dags/pipeline.py
[2025-03-13T21:59:04.726+0000] {logging_mixin.py:151} INFO - [2025-03-13T21:59:04.726+0000] {dag.py:2915} INFO - Sync 1 DAGs
[2025-03-13T21:59:04.772+0000] {logging_mixin.py:151} INFO - [2025-03-13T21:59:04.769+0000] {dag.py:3696} INFO - Setting next_dagrun for yfinance_ingestion_dag to 2025-01-01T00:00:00+00:00, run_after=2025-01-02T00:00:00+00:00
[2025-03-13T21:59:04.835+0000] {processor.py:179} INFO - Processing /opt/airflow/dags/pipeline.py took 0.759 seconds
[2025-03-13T21:59:35.195+0000] {processor.py:157} INFO - Started process (PID=638) to work on /opt/airflow/dags/pipeline.py
[2025-03-13T21:59:35.197+0000] {processor.py:829} INFO - Processing file /opt/airflow/dags/pipeline.py for tasks to queue
[2025-03-13T21:59:35.201+0000] {logging_mixin.py:151} INFO - [2025-03-13T21:59:35.200+0000] {dagbag.py:539} INFO - Filling up the DagBag from /opt/airflow/dags/pipeline.py
[2025-03-13T21:59:35.769+0000] {processor.py:839} INFO - DAG(s) dict_keys(['yfinance_ingestion_dag']) retrieved from /opt/airflow/dags/pipeline.py
[2025-03-13T21:59:35.827+0000] {logging_mixin.py:151} INFO - [2025-03-13T21:59:35.826+0000] {dag.py:2915} INFO - Sync 1 DAGs
[2025-03-13T21:59:35.876+0000] {logging_mixin.py:151} INFO - [2025-03-13T21:59:35.875+0000] {dag.py:3696} INFO - Setting next_dagrun for yfinance_ingestion_dag to 2025-01-01T00:00:00+00:00, run_after=2025-01-02T00:00:00+00:00
[2025-03-13T21:59:35.908+0000] {processor.py:179} INFO - Processing /opt/airflow/dags/pipeline.py took 0.719 seconds
[2025-03-13T22:00:06.220+0000] {processor.py:157} INFO - Started process (PID=650) to work on /opt/airflow/dags/pipeline.py
[2025-03-13T22:00:06.221+0000] {processor.py:829} INFO - Processing file /opt/airflow/dags/pipeline.py for tasks to queue
[2025-03-13T22:00:06.222+0000] {logging_mixin.py:151} INFO - [2025-03-13T22:00:06.222+0000] {dagbag.py:539} INFO - Filling up the DagBag from /opt/airflow/dags/pipeline.py
[2025-03-13T22:00:06.847+0000] {processor.py:839} INFO - DAG(s) dict_keys(['yfinance_ingestion_dag']) retrieved from /opt/airflow/dags/pipeline.py
[2025-03-13T22:00:06.879+0000] {logging_mixin.py:151} INFO - [2025-03-13T22:00:06.879+0000] {dag.py:2915} INFO - Sync 1 DAGs
[2025-03-13T22:00:06.908+0000] {logging_mixin.py:151} INFO - [2025-03-13T22:00:06.907+0000] {dag.py:3696} INFO - Setting next_dagrun for yfinance_ingestion_dag to 2025-01-01T00:00:00+00:00, run_after=2025-01-02T00:00:00+00:00
[2025-03-13T22:00:06.936+0000] {processor.py:179} INFO - Processing /opt/airflow/dags/pipeline.py took 0.720 seconds
[2025-03-13T22:00:37.288+0000] {processor.py:157} INFO - Started process (PID=662) to work on /opt/airflow/dags/pipeline.py
[2025-03-13T22:00:37.290+0000] {processor.py:829} INFO - Processing file /opt/airflow/dags/pipeline.py for tasks to queue
[2025-03-13T22:00:37.291+0000] {logging_mixin.py:151} INFO - [2025-03-13T22:00:37.290+0000] {dagbag.py:539} INFO - Filling up the DagBag from /opt/airflow/dags/pipeline.py
[2025-03-13T22:00:37.879+0000] {processor.py:839} INFO - DAG(s) dict_keys(['yfinance_ingestion_dag']) retrieved from /opt/airflow/dags/pipeline.py
[2025-03-13T22:00:37.910+0000] {logging_mixin.py:151} INFO - [2025-03-13T22:00:37.910+0000] {dag.py:2915} INFO - Sync 1 DAGs
[2025-03-13T22:00:37.950+0000] {logging_mixin.py:151} INFO - [2025-03-13T22:00:37.949+0000] {dag.py:3696} INFO - Setting next_dagrun for yfinance_ingestion_dag to 2025-01-01T00:00:00+00:00, run_after=2025-01-02T00:00:00+00:00
[2025-03-13T22:00:37.992+0000] {processor.py:179} INFO - Processing /opt/airflow/dags/pipeline.py took 0.708 seconds
[2025-03-13T22:01:08.329+0000] {processor.py:157} INFO - Started process (PID=674) to work on /opt/airflow/dags/pipeline.py
[2025-03-13T22:01:08.331+0000] {processor.py:829} INFO - Processing file /opt/airflow/dags/pipeline.py for tasks to queue
[2025-03-13T22:01:08.333+0000] {logging_mixin.py:151} INFO - [2025-03-13T22:01:08.333+0000] {dagbag.py:539} INFO - Filling up the DagBag from /opt/airflow/dags/pipeline.py
[2025-03-13T22:01:08.892+0000] {processor.py:839} INFO - DAG(s) dict_keys(['yfinance_ingestion_dag']) retrieved from /opt/airflow/dags/pipeline.py
[2025-03-13T22:01:08.924+0000] {logging_mixin.py:151} INFO - [2025-03-13T22:01:08.923+0000] {dag.py:2915} INFO - Sync 1 DAGs
[2025-03-13T22:01:08.953+0000] {logging_mixin.py:151} INFO - [2025-03-13T22:01:08.953+0000] {dag.py:3696} INFO - Setting next_dagrun for yfinance_ingestion_dag to 2025-01-01T00:00:00+00:00, run_after=2025-01-02T00:00:00+00:00
[2025-03-13T22:01:08.980+0000] {processor.py:179} INFO - Processing /opt/airflow/dags/pipeline.py took 0.655 seconds
[2025-03-13T22:01:39.291+0000] {processor.py:157} INFO - Started process (PID=686) to work on /opt/airflow/dags/pipeline.py
[2025-03-13T22:01:39.292+0000] {processor.py:829} INFO - Processing file /opt/airflow/dags/pipeline.py for tasks to queue
[2025-03-13T22:01:39.295+0000] {logging_mixin.py:151} INFO - [2025-03-13T22:01:39.293+0000] {dagbag.py:539} INFO - Filling up the DagBag from /opt/airflow/dags/pipeline.py
[2025-03-13T22:01:40.037+0000] {processor.py:839} INFO - DAG(s) dict_keys(['yfinance_ingestion_dag']) retrieved from /opt/airflow/dags/pipeline.py
[2025-03-13T22:01:40.089+0000] {logging_mixin.py:151} INFO - [2025-03-13T22:01:40.088+0000] {dag.py:2915} INFO - Sync 1 DAGs
[2025-03-13T22:01:40.139+0000] {logging_mixin.py:151} INFO - [2025-03-13T22:01:40.139+0000] {dag.py:3696} INFO - Setting next_dagrun for yfinance_ingestion_dag to 2025-01-01T00:00:00+00:00, run_after=2025-01-02T00:00:00+00:00
[2025-03-13T22:01:40.191+0000] {processor.py:179} INFO - Processing /opt/airflow/dags/pipeline.py took 0.907 seconds
[2025-03-13T22:02:10.484+0000] {processor.py:157} INFO - Started process (PID=698) to work on /opt/airflow/dags/pipeline.py
[2025-03-13T22:02:10.487+0000] {processor.py:829} INFO - Processing file /opt/airflow/dags/pipeline.py for tasks to queue
[2025-03-13T22:02:10.489+0000] {logging_mixin.py:151} INFO - [2025-03-13T22:02:10.488+0000] {dagbag.py:539} INFO - Filling up the DagBag from /opt/airflow/dags/pipeline.py
[2025-03-13T22:02:11.074+0000] {processor.py:839} INFO - DAG(s) dict_keys(['yfinance_ingestion_dag']) retrieved from /opt/airflow/dags/pipeline.py
[2025-03-13T22:02:11.108+0000] {logging_mixin.py:151} INFO - [2025-03-13T22:02:11.108+0000] {dag.py:2915} INFO - Sync 1 DAGs
[2025-03-13T22:02:11.138+0000] {logging_mixin.py:151} INFO - [2025-03-13T22:02:11.138+0000] {dag.py:3696} INFO - Setting next_dagrun for yfinance_ingestion_dag to 2025-01-01T00:00:00+00:00, run_after=2025-01-02T00:00:00+00:00
[2025-03-13T22:02:11.163+0000] {processor.py:179} INFO - Processing /opt/airflow/dags/pipeline.py took 0.684 seconds
[2025-03-13T22:02:41.488+0000] {processor.py:157} INFO - Started process (PID=710) to work on /opt/airflow/dags/pipeline.py
[2025-03-13T22:02:41.489+0000] {processor.py:829} INFO - Processing file /opt/airflow/dags/pipeline.py for tasks to queue
[2025-03-13T22:02:41.490+0000] {logging_mixin.py:151} INFO - [2025-03-13T22:02:41.490+0000] {dagbag.py:539} INFO - Filling up the DagBag from /opt/airflow/dags/pipeline.py
[2025-03-13T22:02:42.114+0000] {processor.py:839} INFO - DAG(s) dict_keys(['yfinance_ingestion_dag']) retrieved from /opt/airflow/dags/pipeline.py
[2025-03-13T22:02:42.150+0000] {logging_mixin.py:151} INFO - [2025-03-13T22:02:42.149+0000] {dag.py:2915} INFO - Sync 1 DAGs
[2025-03-13T22:02:42.193+0000] {logging_mixin.py:151} INFO - [2025-03-13T22:02:42.193+0000] {dag.py:3696} INFO - Setting next_dagrun for yfinance_ingestion_dag to 2025-01-01T00:00:00+00:00, run_after=2025-01-02T00:00:00+00:00
[2025-03-13T22:02:42.230+0000] {processor.py:179} INFO - Processing /opt/airflow/dags/pipeline.py took 0.746 seconds
[2025-03-13T22:03:12.529+0000] {processor.py:157} INFO - Started process (PID=722) to work on /opt/airflow/dags/pipeline.py
[2025-03-13T22:03:12.531+0000] {processor.py:829} INFO - Processing file /opt/airflow/dags/pipeline.py for tasks to queue
[2025-03-13T22:03:12.532+0000] {logging_mixin.py:151} INFO - [2025-03-13T22:03:12.532+0000] {dagbag.py:539} INFO - Filling up the DagBag from /opt/airflow/dags/pipeline.py
[2025-03-13T22:03:13.281+0000] {processor.py:839} INFO - DAG(s) dict_keys(['yfinance_ingestion_dag']) retrieved from /opt/airflow/dags/pipeline.py
[2025-03-13T22:03:13.339+0000] {logging_mixin.py:151} INFO - [2025-03-13T22:03:13.338+0000] {dag.py:2915} INFO - Sync 1 DAGs
[2025-03-13T22:03:13.398+0000] {logging_mixin.py:151} INFO - [2025-03-13T22:03:13.398+0000] {dag.py:3696} INFO - Setting next_dagrun for yfinance_ingestion_dag to 2025-01-01T00:00:00+00:00, run_after=2025-01-02T00:00:00+00:00
[2025-03-13T22:03:13.467+0000] {processor.py:179} INFO - Processing /opt/airflow/dags/pipeline.py took 0.942 seconds
[2025-03-13T22:03:43.760+0000] {processor.py:157} INFO - Started process (PID=734) to work on /opt/airflow/dags/pipeline.py
[2025-03-13T22:03:43.761+0000] {processor.py:829} INFO - Processing file /opt/airflow/dags/pipeline.py for tasks to queue
[2025-03-13T22:03:43.763+0000] {logging_mixin.py:151} INFO - [2025-03-13T22:03:43.762+0000] {dagbag.py:539} INFO - Filling up the DagBag from /opt/airflow/dags/pipeline.py
[2025-03-13T22:03:44.746+0000] {processor.py:839} INFO - DAG(s) dict_keys(['yfinance_ingestion_dag']) retrieved from /opt/airflow/dags/pipeline.py
[2025-03-13T22:03:44.792+0000] {logging_mixin.py:151} INFO - [2025-03-13T22:03:44.791+0000] {dag.py:2915} INFO - Sync 1 DAGs
[2025-03-13T22:03:44.831+0000] {logging_mixin.py:151} INFO - [2025-03-13T22:03:44.831+0000] {dag.py:3696} INFO - Setting next_dagrun for yfinance_ingestion_dag to 2025-01-01T00:00:00+00:00, run_after=2025-01-02T00:00:00+00:00
[2025-03-13T22:03:44.858+0000] {processor.py:179} INFO - Processing /opt/airflow/dags/pipeline.py took 1.103 seconds
[2025-03-13T22:04:15.189+0000] {processor.py:157} INFO - Started process (PID=746) to work on /opt/airflow/dags/pipeline.py
[2025-03-13T22:04:15.190+0000] {processor.py:829} INFO - Processing file /opt/airflow/dags/pipeline.py for tasks to queue
[2025-03-13T22:04:15.191+0000] {logging_mixin.py:151} INFO - [2025-03-13T22:04:15.191+0000] {dagbag.py:539} INFO - Filling up the DagBag from /opt/airflow/dags/pipeline.py
[2025-03-13T22:04:15.761+0000] {processor.py:839} INFO - DAG(s) dict_keys(['yfinance_ingestion_dag']) retrieved from /opt/airflow/dags/pipeline.py
[2025-03-13T22:04:15.803+0000] {logging_mixin.py:151} INFO - [2025-03-13T22:04:15.802+0000] {dag.py:2915} INFO - Sync 1 DAGs
[2025-03-13T22:04:15.839+0000] {logging_mixin.py:151} INFO - [2025-03-13T22:04:15.839+0000] {dag.py:3696} INFO - Setting next_dagrun for yfinance_ingestion_dag to 2025-01-01T00:00:00+00:00, run_after=2025-01-02T00:00:00+00:00
[2025-03-13T22:04:15.872+0000] {processor.py:179} INFO - Processing /opt/airflow/dags/pipeline.py took 0.686 seconds
[2025-03-13T22:04:46.202+0000] {processor.py:157} INFO - Started process (PID=758) to work on /opt/airflow/dags/pipeline.py
[2025-03-13T22:04:46.203+0000] {processor.py:829} INFO - Processing file /opt/airflow/dags/pipeline.py for tasks to queue
[2025-03-13T22:04:46.204+0000] {logging_mixin.py:151} INFO - [2025-03-13T22:04:46.204+0000] {dagbag.py:539} INFO - Filling up the DagBag from /opt/airflow/dags/pipeline.py
[2025-03-13T22:04:46.720+0000] {processor.py:839} INFO - DAG(s) dict_keys(['yfinance_ingestion_dag']) retrieved from /opt/airflow/dags/pipeline.py
[2025-03-13T22:04:46.763+0000] {logging_mixin.py:151} INFO - [2025-03-13T22:04:46.763+0000] {dag.py:2915} INFO - Sync 1 DAGs
[2025-03-13T22:04:46.793+0000] {logging_mixin.py:151} INFO - [2025-03-13T22:04:46.792+0000] {dag.py:3696} INFO - Setting next_dagrun for yfinance_ingestion_dag to 2025-01-01T00:00:00+00:00, run_after=2025-01-02T00:00:00+00:00
[2025-03-13T22:04:46.819+0000] {processor.py:179} INFO - Processing /opt/airflow/dags/pipeline.py took 0.620 seconds
[2025-03-13T22:05:17.146+0000] {processor.py:157} INFO - Started process (PID=770) to work on /opt/airflow/dags/pipeline.py
[2025-03-13T22:05:17.148+0000] {processor.py:829} INFO - Processing file /opt/airflow/dags/pipeline.py for tasks to queue
[2025-03-13T22:05:17.150+0000] {logging_mixin.py:151} INFO - [2025-03-13T22:05:17.149+0000] {dagbag.py:539} INFO - Filling up the DagBag from /opt/airflow/dags/pipeline.py
[2025-03-13T22:05:17.696+0000] {processor.py:839} INFO - DAG(s) dict_keys(['yfinance_ingestion_dag']) retrieved from /opt/airflow/dags/pipeline.py
[2025-03-13T22:05:17.728+0000] {logging_mixin.py:151} INFO - [2025-03-13T22:05:17.727+0000] {dag.py:2915} INFO - Sync 1 DAGs
[2025-03-13T22:05:17.756+0000] {logging_mixin.py:151} INFO - [2025-03-13T22:05:17.756+0000] {dag.py:3696} INFO - Setting next_dagrun for yfinance_ingestion_dag to 2025-01-01T00:00:00+00:00, run_after=2025-01-02T00:00:00+00:00
[2025-03-13T22:05:17.781+0000] {processor.py:179} INFO - Processing /opt/airflow/dags/pipeline.py took 0.639 seconds
[2025-03-13T22:05:48.098+0000] {processor.py:157} INFO - Started process (PID=782) to work on /opt/airflow/dags/pipeline.py
[2025-03-13T22:05:48.099+0000] {processor.py:829} INFO - Processing file /opt/airflow/dags/pipeline.py for tasks to queue
[2025-03-13T22:05:48.101+0000] {logging_mixin.py:151} INFO - [2025-03-13T22:05:48.100+0000] {dagbag.py:539} INFO - Filling up the DagBag from /opt/airflow/dags/pipeline.py
[2025-03-13T22:05:48.611+0000] {processor.py:839} INFO - DAG(s) dict_keys(['yfinance_ingestion_dag']) retrieved from /opt/airflow/dags/pipeline.py
[2025-03-13T22:05:48.657+0000] {logging_mixin.py:151} INFO - [2025-03-13T22:05:48.657+0000] {dag.py:2915} INFO - Sync 1 DAGs
[2025-03-13T22:05:48.702+0000] {logging_mixin.py:151} INFO - [2025-03-13T22:05:48.702+0000] {dag.py:3696} INFO - Setting next_dagrun for yfinance_ingestion_dag to 2025-01-01T00:00:00+00:00, run_after=2025-01-02T00:00:00+00:00
[2025-03-13T22:05:48.736+0000] {processor.py:179} INFO - Processing /opt/airflow/dags/pipeline.py took 0.642 seconds
[2025-03-13T22:06:18.877+0000] {processor.py:157} INFO - Started process (PID=794) to work on /opt/airflow/dags/pipeline.py
[2025-03-13T22:06:18.878+0000] {processor.py:829} INFO - Processing file /opt/airflow/dags/pipeline.py for tasks to queue
[2025-03-13T22:06:18.880+0000] {logging_mixin.py:151} INFO - [2025-03-13T22:06:18.879+0000] {dagbag.py:539} INFO - Filling up the DagBag from /opt/airflow/dags/pipeline.py
[2025-03-13T22:06:19.596+0000] {processor.py:839} INFO - DAG(s) dict_keys(['yfinance_ingestion_dag']) retrieved from /opt/airflow/dags/pipeline.py
[2025-03-13T22:06:19.636+0000] {logging_mixin.py:151} INFO - [2025-03-13T22:06:19.635+0000] {dag.py:2915} INFO - Sync 1 DAGs
[2025-03-13T22:06:19.666+0000] {logging_mixin.py:151} INFO - [2025-03-13T22:06:19.666+0000] {dag.py:3696} INFO - Setting next_dagrun for yfinance_ingestion_dag to 2025-01-01T00:00:00+00:00, run_after=2025-01-02T00:00:00+00:00
[2025-03-13T22:06:19.699+0000] {processor.py:179} INFO - Processing /opt/airflow/dags/pipeline.py took 0.827 seconds
[2025-03-13T22:06:49.982+0000] {processor.py:157} INFO - Started process (PID=806) to work on /opt/airflow/dags/pipeline.py
[2025-03-13T22:06:49.984+0000] {processor.py:829} INFO - Processing file /opt/airflow/dags/pipeline.py for tasks to queue
[2025-03-13T22:06:49.985+0000] {logging_mixin.py:151} INFO - [2025-03-13T22:06:49.985+0000] {dagbag.py:539} INFO - Filling up the DagBag from /opt/airflow/dags/pipeline.py
[2025-03-13T22:06:50.507+0000] {processor.py:839} INFO - DAG(s) dict_keys(['yfinance_ingestion_dag']) retrieved from /opt/airflow/dags/pipeline.py
[2025-03-13T22:06:50.539+0000] {logging_mixin.py:151} INFO - [2025-03-13T22:06:50.538+0000] {dag.py:2915} INFO - Sync 1 DAGs
[2025-03-13T22:06:50.565+0000] {logging_mixin.py:151} INFO - [2025-03-13T22:06:50.565+0000] {dag.py:3696} INFO - Setting next_dagrun for yfinance_ingestion_dag to 2025-01-01T00:00:00+00:00, run_after=2025-01-02T00:00:00+00:00
[2025-03-13T22:06:50.593+0000] {processor.py:179} INFO - Processing /opt/airflow/dags/pipeline.py took 0.615 seconds
[2025-03-13T22:07:20.850+0000] {processor.py:157} INFO - Started process (PID=818) to work on /opt/airflow/dags/pipeline.py
[2025-03-13T22:07:20.852+0000] {processor.py:829} INFO - Processing file /opt/airflow/dags/pipeline.py for tasks to queue
[2025-03-13T22:07:20.853+0000] {logging_mixin.py:151} INFO - [2025-03-13T22:07:20.853+0000] {dagbag.py:539} INFO - Filling up the DagBag from /opt/airflow/dags/pipeline.py
[2025-03-13T22:07:21.356+0000] {processor.py:839} INFO - DAG(s) dict_keys(['yfinance_ingestion_dag']) retrieved from /opt/airflow/dags/pipeline.py
[2025-03-13T22:07:21.386+0000] {logging_mixin.py:151} INFO - [2025-03-13T22:07:21.385+0000] {dag.py:2915} INFO - Sync 1 DAGs
[2025-03-13T22:07:21.427+0000] {logging_mixin.py:151} INFO - [2025-03-13T22:07:21.426+0000] {dag.py:3696} INFO - Setting next_dagrun for yfinance_ingestion_dag to 2025-01-01T00:00:00+00:00, run_after=2025-01-02T00:00:00+00:00
[2025-03-13T22:07:21.453+0000] {processor.py:179} INFO - Processing /opt/airflow/dags/pipeline.py took 0.607 seconds
[2025-03-13T22:07:51.696+0000] {processor.py:157} INFO - Started process (PID=830) to work on /opt/airflow/dags/pipeline.py
[2025-03-13T22:07:51.697+0000] {processor.py:829} INFO - Processing file /opt/airflow/dags/pipeline.py for tasks to queue
[2025-03-13T22:07:51.699+0000] {logging_mixin.py:151} INFO - [2025-03-13T22:07:51.698+0000] {dagbag.py:539} INFO - Filling up the DagBag from /opt/airflow/dags/pipeline.py
[2025-03-13T22:07:52.228+0000] {processor.py:839} INFO - DAG(s) dict_keys(['yfinance_ingestion_dag']) retrieved from /opt/airflow/dags/pipeline.py
[2025-03-13T22:07:52.262+0000] {logging_mixin.py:151} INFO - [2025-03-13T22:07:52.261+0000] {dag.py:2915} INFO - Sync 1 DAGs
[2025-03-13T22:07:52.299+0000] {logging_mixin.py:151} INFO - [2025-03-13T22:07:52.299+0000] {dag.py:3696} INFO - Setting next_dagrun for yfinance_ingestion_dag to 2025-01-01T00:00:00+00:00, run_after=2025-01-02T00:00:00+00:00
[2025-03-13T22:07:52.324+0000] {processor.py:179} INFO - Processing /opt/airflow/dags/pipeline.py took 0.632 seconds
[2025-03-13T22:08:22.552+0000] {processor.py:157} INFO - Started process (PID=842) to work on /opt/airflow/dags/pipeline.py
[2025-03-13T22:08:22.555+0000] {processor.py:829} INFO - Processing file /opt/airflow/dags/pipeline.py for tasks to queue
[2025-03-13T22:08:22.557+0000] {logging_mixin.py:151} INFO - [2025-03-13T22:08:22.556+0000] {dagbag.py:539} INFO - Filling up the DagBag from /opt/airflow/dags/pipeline.py
[2025-03-13T22:08:23.127+0000] {processor.py:839} INFO - DAG(s) dict_keys(['yfinance_ingestion_dag']) retrieved from /opt/airflow/dags/pipeline.py
[2025-03-13T22:08:23.156+0000] {logging_mixin.py:151} INFO - [2025-03-13T22:08:23.155+0000] {dag.py:2915} INFO - Sync 1 DAGs
[2025-03-13T22:08:23.184+0000] {logging_mixin.py:151} INFO - [2025-03-13T22:08:23.184+0000] {dag.py:3696} INFO - Setting next_dagrun for yfinance_ingestion_dag to 2025-01-01T00:00:00+00:00, run_after=2025-01-02T00:00:00+00:00
[2025-03-13T22:08:23.213+0000] {processor.py:179} INFO - Processing /opt/airflow/dags/pipeline.py took 0.667 seconds
[2025-03-13T22:08:53.454+0000] {processor.py:157} INFO - Started process (PID=854) to work on /opt/airflow/dags/pipeline.py
[2025-03-13T22:08:53.455+0000] {processor.py:829} INFO - Processing file /opt/airflow/dags/pipeline.py for tasks to queue
[2025-03-13T22:08:53.456+0000] {logging_mixin.py:151} INFO - [2025-03-13T22:08:53.456+0000] {dagbag.py:539} INFO - Filling up the DagBag from /opt/airflow/dags/pipeline.py
[2025-03-13T22:08:53.945+0000] {processor.py:839} INFO - DAG(s) dict_keys(['yfinance_ingestion_dag']) retrieved from /opt/airflow/dags/pipeline.py
[2025-03-13T22:08:53.975+0000] {logging_mixin.py:151} INFO - [2025-03-13T22:08:53.974+0000] {dag.py:2915} INFO - Sync 1 DAGs
[2025-03-13T22:08:53.999+0000] {logging_mixin.py:151} INFO - [2025-03-13T22:08:53.998+0000] {dag.py:3696} INFO - Setting next_dagrun for yfinance_ingestion_dag to 2025-01-01T00:00:00+00:00, run_after=2025-01-02T00:00:00+00:00
[2025-03-13T22:08:54.021+0000] {processor.py:179} INFO - Processing /opt/airflow/dags/pipeline.py took 0.571 seconds
[2025-03-13T22:09:24.293+0000] {processor.py:157} INFO - Started process (PID=866) to work on /opt/airflow/dags/pipeline.py
[2025-03-13T22:09:24.296+0000] {processor.py:829} INFO - Processing file /opt/airflow/dags/pipeline.py for tasks to queue
[2025-03-13T22:09:24.298+0000] {logging_mixin.py:151} INFO - [2025-03-13T22:09:24.297+0000] {dagbag.py:539} INFO - Filling up the DagBag from /opt/airflow/dags/pipeline.py
[2025-03-13T22:09:24.897+0000] {processor.py:839} INFO - DAG(s) dict_keys(['yfinance_ingestion_dag']) retrieved from /opt/airflow/dags/pipeline.py
[2025-03-13T22:09:24.929+0000] {logging_mixin.py:151} INFO - [2025-03-13T22:09:24.929+0000] {dag.py:2915} INFO - Sync 1 DAGs
[2025-03-13T22:09:24.956+0000] {logging_mixin.py:151} INFO - [2025-03-13T22:09:24.956+0000] {dag.py:3696} INFO - Setting next_dagrun for yfinance_ingestion_dag to 2025-01-01T00:00:00+00:00, run_after=2025-01-02T00:00:00+00:00
[2025-03-13T22:09:24.983+0000] {processor.py:179} INFO - Processing /opt/airflow/dags/pipeline.py took 0.703 seconds
[2025-03-13T22:09:55.275+0000] {processor.py:157} INFO - Started process (PID=878) to work on /opt/airflow/dags/pipeline.py
[2025-03-13T22:09:55.276+0000] {processor.py:829} INFO - Processing file /opt/airflow/dags/pipeline.py for tasks to queue
[2025-03-13T22:09:55.278+0000] {logging_mixin.py:151} INFO - [2025-03-13T22:09:55.277+0000] {dagbag.py:539} INFO - Filling up the DagBag from /opt/airflow/dags/pipeline.py
[2025-03-13T22:09:55.863+0000] {processor.py:839} INFO - DAG(s) dict_keys(['yfinance_ingestion_dag']) retrieved from /opt/airflow/dags/pipeline.py
[2025-03-13T22:09:55.895+0000] {logging_mixin.py:151} INFO - [2025-03-13T22:09:55.894+0000] {dag.py:2915} INFO - Sync 1 DAGs
[2025-03-13T22:09:55.937+0000] {logging_mixin.py:151} INFO - [2025-03-13T22:09:55.936+0000] {dag.py:3696} INFO - Setting next_dagrun for yfinance_ingestion_dag to 2025-01-01T00:00:00+00:00, run_after=2025-01-02T00:00:00+00:00
[2025-03-13T22:09:55.963+0000] {processor.py:179} INFO - Processing /opt/airflow/dags/pipeline.py took 0.691 seconds
[2025-03-13T22:10:26.190+0000] {processor.py:157} INFO - Started process (PID=890) to work on /opt/airflow/dags/pipeline.py
[2025-03-13T22:10:26.192+0000] {processor.py:829} INFO - Processing file /opt/airflow/dags/pipeline.py for tasks to queue
[2025-03-13T22:10:26.193+0000] {logging_mixin.py:151} INFO - [2025-03-13T22:10:26.193+0000] {dagbag.py:539} INFO - Filling up the DagBag from /opt/airflow/dags/pipeline.py
[2025-03-13T22:10:26.754+0000] {processor.py:839} INFO - DAG(s) dict_keys(['yfinance_ingestion_dag']) retrieved from /opt/airflow/dags/pipeline.py
[2025-03-13T22:10:26.789+0000] {logging_mixin.py:151} INFO - [2025-03-13T22:10:26.788+0000] {dag.py:2915} INFO - Sync 1 DAGs
[2025-03-13T22:10:26.821+0000] {logging_mixin.py:151} INFO - [2025-03-13T22:10:26.820+0000] {dag.py:3696} INFO - Setting next_dagrun for yfinance_ingestion_dag to 2025-01-01T00:00:00+00:00, run_after=2025-01-02T00:00:00+00:00
[2025-03-13T22:10:26.848+0000] {processor.py:179} INFO - Processing /opt/airflow/dags/pipeline.py took 0.661 seconds
[2025-03-13T22:10:57.038+0000] {processor.py:157} INFO - Started process (PID=902) to work on /opt/airflow/dags/pipeline.py
[2025-03-13T22:10:57.040+0000] {processor.py:829} INFO - Processing file /opt/airflow/dags/pipeline.py for tasks to queue
[2025-03-13T22:10:57.041+0000] {logging_mixin.py:151} INFO - [2025-03-13T22:10:57.041+0000] {dagbag.py:539} INFO - Filling up the DagBag from /opt/airflow/dags/pipeline.py
[2025-03-13T22:10:57.606+0000] {processor.py:839} INFO - DAG(s) dict_keys(['yfinance_ingestion_dag']) retrieved from /opt/airflow/dags/pipeline.py
[2025-03-13T22:10:57.654+0000] {logging_mixin.py:151} INFO - [2025-03-13T22:10:57.653+0000] {dag.py:2915} INFO - Sync 1 DAGs
[2025-03-13T22:10:57.693+0000] {logging_mixin.py:151} INFO - [2025-03-13T22:10:57.692+0000] {dag.py:3696} INFO - Setting next_dagrun for yfinance_ingestion_dag to 2025-01-01T00:00:00+00:00, run_after=2025-01-02T00:00:00+00:00
[2025-03-13T22:10:57.731+0000] {processor.py:179} INFO - Processing /opt/airflow/dags/pipeline.py took 0.697 seconds
[2025-03-13T22:11:27.928+0000] {processor.py:157} INFO - Started process (PID=914) to work on /opt/airflow/dags/pipeline.py
[2025-03-13T22:11:27.929+0000] {processor.py:829} INFO - Processing file /opt/airflow/dags/pipeline.py for tasks to queue
[2025-03-13T22:11:27.931+0000] {logging_mixin.py:151} INFO - [2025-03-13T22:11:27.930+0000] {dagbag.py:539} INFO - Filling up the DagBag from /opt/airflow/dags/pipeline.py
[2025-03-13T22:11:28.516+0000] {processor.py:839} INFO - DAG(s) dict_keys(['yfinance_ingestion_dag']) retrieved from /opt/airflow/dags/pipeline.py
[2025-03-13T22:11:28.556+0000] {logging_mixin.py:151} INFO - [2025-03-13T22:11:28.555+0000] {dag.py:2915} INFO - Sync 1 DAGs
[2025-03-13T22:11:28.594+0000] {logging_mixin.py:151} INFO - [2025-03-13T22:11:28.594+0000] {dag.py:3696} INFO - Setting next_dagrun for yfinance_ingestion_dag to 2025-01-01T00:00:00+00:00, run_after=2025-01-02T00:00:00+00:00
[2025-03-13T22:11:28.628+0000] {processor.py:179} INFO - Processing /opt/airflow/dags/pipeline.py took 0.705 seconds
[2025-03-13T22:11:59.025+0000] {processor.py:157} INFO - Started process (PID=926) to work on /opt/airflow/dags/pipeline.py
[2025-03-13T22:11:59.026+0000] {processor.py:829} INFO - Processing file /opt/airflow/dags/pipeline.py for tasks to queue
[2025-03-13T22:11:59.027+0000] {logging_mixin.py:151} INFO - [2025-03-13T22:11:59.027+0000] {dagbag.py:539} INFO - Filling up the DagBag from /opt/airflow/dags/pipeline.py
[2025-03-13T22:11:59.525+0000] {processor.py:839} INFO - DAG(s) dict_keys(['yfinance_ingestion_dag']) retrieved from /opt/airflow/dags/pipeline.py
[2025-03-13T22:11:59.557+0000] {logging_mixin.py:151} INFO - [2025-03-13T22:11:59.557+0000] {dag.py:2915} INFO - Sync 1 DAGs
[2025-03-13T22:11:59.591+0000] {logging_mixin.py:151} INFO - [2025-03-13T22:11:59.590+0000] {dag.py:3696} INFO - Setting next_dagrun for yfinance_ingestion_dag to 2025-01-01T00:00:00+00:00, run_after=2025-01-02T00:00:00+00:00
[2025-03-13T22:11:59.618+0000] {processor.py:179} INFO - Processing /opt/airflow/dags/pipeline.py took 0.597 seconds
[2025-03-13T22:12:29.887+0000] {processor.py:157} INFO - Started process (PID=938) to work on /opt/airflow/dags/pipeline.py
[2025-03-13T22:12:29.888+0000] {processor.py:829} INFO - Processing file /opt/airflow/dags/pipeline.py for tasks to queue
[2025-03-13T22:12:29.890+0000] {logging_mixin.py:151} INFO - [2025-03-13T22:12:29.889+0000] {dagbag.py:539} INFO - Filling up the DagBag from /opt/airflow/dags/pipeline.py
[2025-03-13T22:12:30.484+0000] {processor.py:839} INFO - DAG(s) dict_keys(['yfinance_ingestion_dag']) retrieved from /opt/airflow/dags/pipeline.py
[2025-03-13T22:12:30.516+0000] {logging_mixin.py:151} INFO - [2025-03-13T22:12:30.515+0000] {dag.py:2915} INFO - Sync 1 DAGs
[2025-03-13T22:12:30.547+0000] {logging_mixin.py:151} INFO - [2025-03-13T22:12:30.547+0000] {dag.py:3696} INFO - Setting next_dagrun for yfinance_ingestion_dag to 2025-01-01T00:00:00+00:00, run_after=2025-01-02T00:00:00+00:00
[2025-03-13T22:12:30.574+0000] {processor.py:179} INFO - Processing /opt/airflow/dags/pipeline.py took 0.691 seconds
[2025-03-13T22:13:00.847+0000] {processor.py:157} INFO - Started process (PID=950) to work on /opt/airflow/dags/pipeline.py
[2025-03-13T22:13:00.849+0000] {processor.py:829} INFO - Processing file /opt/airflow/dags/pipeline.py for tasks to queue
[2025-03-13T22:13:00.852+0000] {logging_mixin.py:151} INFO - [2025-03-13T22:13:00.852+0000] {dagbag.py:539} INFO - Filling up the DagBag from /opt/airflow/dags/pipeline.py
[2025-03-13T22:13:01.642+0000] {processor.py:839} INFO - DAG(s) dict_keys(['yfinance_ingestion_dag']) retrieved from /opt/airflow/dags/pipeline.py
[2025-03-13T22:13:01.676+0000] {logging_mixin.py:151} INFO - [2025-03-13T22:13:01.676+0000] {dag.py:2915} INFO - Sync 1 DAGs
[2025-03-13T22:13:01.194+0000] {logging_mixin.py:151} INFO - [2025-03-13T22:13:01.193+0000] {dag.py:3696} INFO - Setting next_dagrun for yfinance_ingestion_dag to 2025-01-01T00:00:00+00:00, run_after=2025-01-02T00:00:00+00:00
[2025-03-13T22:13:00.551+0000] {processor.py:179} INFO - Processing /opt/airflow/dags/pipeline.py took 0.900 seconds
[2025-03-13T22:13:30.793+0000] {processor.py:157} INFO - Started process (PID=963) to work on /opt/airflow/dags/pipeline.py
[2025-03-13T22:13:30.795+0000] {processor.py:829} INFO - Processing file /opt/airflow/dags/pipeline.py for tasks to queue
[2025-03-13T22:13:30.797+0000] {logging_mixin.py:151} INFO - [2025-03-13T22:13:30.797+0000] {dagbag.py:539} INFO - Filling up the DagBag from /opt/airflow/dags/pipeline.py
[2025-03-13T22:13:31.378+0000] {processor.py:839} INFO - DAG(s) dict_keys(['yfinance_ingestion_dag']) retrieved from /opt/airflow/dags/pipeline.py
[2025-03-13T22:13:31.420+0000] {logging_mixin.py:151} INFO - [2025-03-13T22:13:31.418+0000] {dag.py:2915} INFO - Sync 1 DAGs
[2025-03-13T22:13:31.458+0000] {logging_mixin.py:151} INFO - [2025-03-13T22:13:31.457+0000] {dag.py:3696} INFO - Setting next_dagrun for yfinance_ingestion_dag to 2025-01-01T00:00:00+00:00, run_after=2025-01-02T00:00:00+00:00
[2025-03-13T22:13:31.496+0000] {processor.py:179} INFO - Processing /opt/airflow/dags/pipeline.py took 0.706 seconds
[2025-03-13T22:14:01.720+0000] {processor.py:157} INFO - Started process (PID=975) to work on /opt/airflow/dags/pipeline.py
[2025-03-13T22:14:01.721+0000] {processor.py:829} INFO - Processing file /opt/airflow/dags/pipeline.py for tasks to queue
[2025-03-13T22:14:01.723+0000] {logging_mixin.py:151} INFO - [2025-03-13T22:14:01.722+0000] {dagbag.py:539} INFO - Filling up the DagBag from /opt/airflow/dags/pipeline.py
[2025-03-13T22:14:02.333+0000] {processor.py:839} INFO - DAG(s) dict_keys(['yfinance_ingestion_dag']) retrieved from /opt/airflow/dags/pipeline.py
[2025-03-13T22:14:02.360+0000] {logging_mixin.py:151} INFO - [2025-03-13T22:14:02.359+0000] {dag.py:2915} INFO - Sync 1 DAGs
[2025-03-13T22:14:02.387+0000] {logging_mixin.py:151} INFO - [2025-03-13T22:14:02.386+0000] {dag.py:3696} INFO - Setting next_dagrun for yfinance_ingestion_dag to 2025-01-01T00:00:00+00:00, run_after=2025-01-02T00:00:00+00:00
[2025-03-13T22:14:02.413+0000] {processor.py:179} INFO - Processing /opt/airflow/dags/pipeline.py took 0.697 seconds
[2025-03-13T22:14:32.634+0000] {processor.py:157} INFO - Started process (PID=986) to work on /opt/airflow/dags/pipeline.py
[2025-03-13T22:14:32.638+0000] {processor.py:829} INFO - Processing file /opt/airflow/dags/pipeline.py for tasks to queue
[2025-03-13T22:14:32.640+0000] {logging_mixin.py:151} INFO - [2025-03-13T22:14:32.640+0000] {dagbag.py:539} INFO - Filling up the DagBag from /opt/airflow/dags/pipeline.py
[2025-03-13T22:14:33.298+0000] {processor.py:839} INFO - DAG(s) dict_keys(['yfinance_ingestion_dag']) retrieved from /opt/airflow/dags/pipeline.py
[2025-03-13T22:14:33.328+0000] {logging_mixin.py:151} INFO - [2025-03-13T22:14:33.328+0000] {dag.py:2915} INFO - Sync 1 DAGs
[2025-03-13T22:14:33.364+0000] {logging_mixin.py:151} INFO - [2025-03-13T22:14:33.364+0000] {dag.py:3696} INFO - Setting next_dagrun for yfinance_ingestion_dag to 2025-01-01T00:00:00+00:00, run_after=2025-01-02T00:00:00+00:00
[2025-03-13T22:14:33.400+0000] {processor.py:179} INFO - Processing /opt/airflow/dags/pipeline.py took 0.774 seconds
[2025-03-13T22:15:03.682+0000] {processor.py:157} INFO - Started process (PID=998) to work on /opt/airflow/dags/pipeline.py
[2025-03-13T22:15:03.684+0000] {processor.py:829} INFO - Processing file /opt/airflow/dags/pipeline.py for tasks to queue
[2025-03-13T22:15:03.686+0000] {logging_mixin.py:151} INFO - [2025-03-13T22:15:03.685+0000] {dagbag.py:539} INFO - Filling up the DagBag from /opt/airflow/dags/pipeline.py
[2025-03-13T22:15:04.297+0000] {processor.py:839} INFO - DAG(s) dict_keys(['yfinance_ingestion_dag']) retrieved from /opt/airflow/dags/pipeline.py
[2025-03-13T22:15:04.334+0000] {logging_mixin.py:151} INFO - [2025-03-13T22:15:04.333+0000] {dag.py:2915} INFO - Sync 1 DAGs
[2025-03-13T22:15:04.364+0000] {logging_mixin.py:151} INFO - [2025-03-13T22:15:04.364+0000] {dag.py:3696} INFO - Setting next_dagrun for yfinance_ingestion_dag to 2025-01-01T00:00:00+00:00, run_after=2025-01-02T00:00:00+00:00
[2025-03-13T22:15:04.401+0000] {processor.py:179} INFO - Processing /opt/airflow/dags/pipeline.py took 0.723 seconds
[2025-03-13T22:15:34.738+0000] {processor.py:157} INFO - Started process (PID=1010) to work on /opt/airflow/dags/pipeline.py
[2025-03-13T22:15:34.739+0000] {processor.py:829} INFO - Processing file /opt/airflow/dags/pipeline.py for tasks to queue
[2025-03-13T22:15:34.741+0000] {logging_mixin.py:151} INFO - [2025-03-13T22:15:34.740+0000] {dagbag.py:539} INFO - Filling up the DagBag from /opt/airflow/dags/pipeline.py
[2025-03-13T22:15:35.433+0000] {processor.py:839} INFO - DAG(s) dict_keys(['yfinance_ingestion_dag']) retrieved from /opt/airflow/dags/pipeline.py
[2025-03-13T22:15:35.481+0000] {logging_mixin.py:151} INFO - [2025-03-13T22:15:35.480+0000] {dag.py:2915} INFO - Sync 1 DAGs
[2025-03-13T22:15:35.515+0000] {logging_mixin.py:151} INFO - [2025-03-13T22:15:35.515+0000] {dag.py:3696} INFO - Setting next_dagrun for yfinance_ingestion_dag to 2025-01-01T00:00:00+00:00, run_after=2025-01-02T00:00:00+00:00
[2025-03-13T22:15:35.548+0000] {processor.py:179} INFO - Processing /opt/airflow/dags/pipeline.py took 0.815 seconds
[2025-03-13T22:16:05.754+0000] {processor.py:157} INFO - Started process (PID=1022) to work on /opt/airflow/dags/pipeline.py
[2025-03-13T22:16:05.755+0000] {processor.py:829} INFO - Processing file /opt/airflow/dags/pipeline.py for tasks to queue
[2025-03-13T22:16:05.756+0000] {logging_mixin.py:151} INFO - [2025-03-13T22:16:05.756+0000] {dagbag.py:539} INFO - Filling up the DagBag from /opt/airflow/dags/pipeline.py
[2025-03-13T22:16:06.296+0000] {processor.py:839} INFO - DAG(s) dict_keys(['yfinance_ingestion_dag']) retrieved from /opt/airflow/dags/pipeline.py
[2025-03-13T22:16:06.344+0000] {logging_mixin.py:151} INFO - [2025-03-13T22:16:06.343+0000] {dag.py:2915} INFO - Sync 1 DAGs
[2025-03-13T22:16:06.397+0000] {logging_mixin.py:151} INFO - [2025-03-13T22:16:06.397+0000] {dag.py:3696} INFO - Setting next_dagrun for yfinance_ingestion_dag to 2025-01-01T00:00:00+00:00, run_after=2025-01-02T00:00:00+00:00
[2025-03-13T22:16:06.432+0000] {processor.py:179} INFO - Processing /opt/airflow/dags/pipeline.py took 0.682 seconds
[2025-03-13T22:16:36.659+0000] {processor.py:157} INFO - Started process (PID=1034) to work on /opt/airflow/dags/pipeline.py
[2025-03-13T22:16:36.661+0000] {processor.py:829} INFO - Processing file /opt/airflow/dags/pipeline.py for tasks to queue
[2025-03-13T22:16:36.662+0000] {logging_mixin.py:151} INFO - [2025-03-13T22:16:36.662+0000] {dagbag.py:539} INFO - Filling up the DagBag from /opt/airflow/dags/pipeline.py
[2025-03-13T22:16:37.320+0000] {processor.py:839} INFO - DAG(s) dict_keys(['yfinance_ingestion_dag']) retrieved from /opt/airflow/dags/pipeline.py
[2025-03-13T22:16:37.360+0000] {logging_mixin.py:151} INFO - [2025-03-13T22:16:37.359+0000] {dag.py:2915} INFO - Sync 1 DAGs
[2025-03-13T22:16:37.405+0000] {logging_mixin.py:151} INFO - [2025-03-13T22:16:37.404+0000] {dag.py:3696} INFO - Setting next_dagrun for yfinance_ingestion_dag to 2025-01-01T00:00:00+00:00, run_after=2025-01-02T00:00:00+00:00
[2025-03-13T22:16:37.442+0000] {processor.py:179} INFO - Processing /opt/airflow/dags/pipeline.py took 0.790 seconds
[2025-03-13T22:17:07.755+0000] {processor.py:157} INFO - Started process (PID=1046) to work on /opt/airflow/dags/pipeline.py
[2025-03-13T22:17:07.756+0000] {processor.py:829} INFO - Processing file /opt/airflow/dags/pipeline.py for tasks to queue
[2025-03-13T22:17:07.758+0000] {logging_mixin.py:151} INFO - [2025-03-13T22:17:07.758+0000] {dagbag.py:539} INFO - Filling up the DagBag from /opt/airflow/dags/pipeline.py
[2025-03-13T22:17:08.569+0000] {processor.py:839} INFO - DAG(s) dict_keys(['yfinance_ingestion_dag']) retrieved from /opt/airflow/dags/pipeline.py
[2025-03-13T22:17:08.632+0000] {logging_mixin.py:151} INFO - [2025-03-13T22:17:08.631+0000] {dag.py:2915} INFO - Sync 1 DAGs
[2025-03-13T22:17:08.692+0000] {logging_mixin.py:151} INFO - [2025-03-13T22:17:08.692+0000] {dag.py:3696} INFO - Setting next_dagrun for yfinance_ingestion_dag to 2025-01-01T00:00:00+00:00, run_after=2025-01-02T00:00:00+00:00
[2025-03-13T22:17:09.114+0000] {processor.py:179} INFO - Processing /opt/airflow/dags/pipeline.py took 1.365 seconds
[2025-03-13T22:17:39.435+0000] {processor.py:157} INFO - Started process (PID=1058) to work on /opt/airflow/dags/pipeline.py
[2025-03-13T22:17:39.437+0000] {processor.py:829} INFO - Processing file /opt/airflow/dags/pipeline.py for tasks to queue
[2025-03-13T22:17:39.439+0000] {logging_mixin.py:151} INFO - [2025-03-13T22:17:39.439+0000] {dagbag.py:539} INFO - Filling up the DagBag from /opt/airflow/dags/pipeline.py
[2025-03-13T22:17:41.225+0000] {processor.py:839} INFO - DAG(s) dict_keys(['yfinance_ingestion_dag']) retrieved from /opt/airflow/dags/pipeline.py
[2025-03-13T22:17:41.337+0000] {logging_mixin.py:151} INFO - [2025-03-13T22:17:41.326+0000] {dag.py:2915} INFO - Sync 1 DAGs
[2025-03-13T22:17:41.416+0000] {logging_mixin.py:151} INFO - [2025-03-13T22:17:41.415+0000] {dag.py:3696} INFO - Setting next_dagrun for yfinance_ingestion_dag to 2025-01-01T00:00:00+00:00, run_after=2025-01-02T00:00:00+00:00
[2025-03-13T22:17:41.494+0000] {processor.py:179} INFO - Processing /opt/airflow/dags/pipeline.py took 2.068 seconds
[2025-03-13T22:18:11.915+0000] {processor.py:157} INFO - Started process (PID=1070) to work on /opt/airflow/dags/pipeline.py
[2025-03-13T22:18:11.917+0000] {processor.py:829} INFO - Processing file /opt/airflow/dags/pipeline.py for tasks to queue
[2025-03-13T22:18:11.920+0000] {logging_mixin.py:151} INFO - [2025-03-13T22:18:11.919+0000] {dagbag.py:539} INFO - Filling up the DagBag from /opt/airflow/dags/pipeline.py
[2025-03-13T22:18:12.758+0000] {processor.py:839} INFO - DAG(s) dict_keys(['yfinance_ingestion_dag']) retrieved from /opt/airflow/dags/pipeline.py
[2025-03-13T22:18:12.812+0000] {logging_mixin.py:151} INFO - [2025-03-13T22:18:12.811+0000] {dag.py:2915} INFO - Sync 1 DAGs
[2025-03-13T22:18:12.855+0000] {logging_mixin.py:151} INFO - [2025-03-13T22:18:12.854+0000] {dag.py:3696} INFO - Setting next_dagrun for yfinance_ingestion_dag to 2025-01-01T00:00:00+00:00, run_after=2025-01-02T00:00:00+00:00
[2025-03-13T22:18:12.889+0000] {processor.py:179} INFO - Processing /opt/airflow/dags/pipeline.py took 0.984 seconds
[2025-03-13T22:18:43.264+0000] {processor.py:157} INFO - Started process (PID=1082) to work on /opt/airflow/dags/pipeline.py
[2025-03-13T22:18:43.266+0000] {processor.py:829} INFO - Processing file /opt/airflow/dags/pipeline.py for tasks to queue
[2025-03-13T22:18:43.268+0000] {logging_mixin.py:151} INFO - [2025-03-13T22:18:43.267+0000] {dagbag.py:539} INFO - Filling up the DagBag from /opt/airflow/dags/pipeline.py
[2025-03-13T22:18:44.339+0000] {processor.py:839} INFO - DAG(s) dict_keys(['yfinance_ingestion_dag']) retrieved from /opt/airflow/dags/pipeline.py
[2025-03-13T22:18:44.395+0000] {logging_mixin.py:151} INFO - [2025-03-13T22:18:44.394+0000] {dag.py:2915} INFO - Sync 1 DAGs
[2025-03-13T22:18:44.475+0000] {logging_mixin.py:151} INFO - [2025-03-13T22:18:44.474+0000] {dag.py:3696} INFO - Setting next_dagrun for yfinance_ingestion_dag to 2025-01-01T00:00:00+00:00, run_after=2025-01-02T00:00:00+00:00
[2025-03-13T22:18:44.516+0000] {processor.py:179} INFO - Processing /opt/airflow/dags/pipeline.py took 1.262 seconds
[2025-03-13T22:19:14.744+0000] {processor.py:157} INFO - Started process (PID=1094) to work on /opt/airflow/dags/pipeline.py
[2025-03-13T22:19:14.746+0000] {processor.py:829} INFO - Processing file /opt/airflow/dags/pipeline.py for tasks to queue
[2025-03-13T22:19:14.747+0000] {logging_mixin.py:151} INFO - [2025-03-13T22:19:14.747+0000] {dagbag.py:539} INFO - Filling up the DagBag from /opt/airflow/dags/pipeline.py
[2025-03-13T22:19:15.690+0000] {processor.py:839} INFO - DAG(s) dict_keys(['yfinance_ingestion_dag']) retrieved from /opt/airflow/dags/pipeline.py
[2025-03-13T22:19:15.735+0000] {logging_mixin.py:151} INFO - [2025-03-13T22:19:15.734+0000] {dag.py:2915} INFO - Sync 1 DAGs
[2025-03-13T22:19:15.778+0000] {logging_mixin.py:151} INFO - [2025-03-13T22:19:15.777+0000] {dag.py:3696} INFO - Setting next_dagrun for yfinance_ingestion_dag to 2025-01-01T00:00:00+00:00, run_after=2025-01-02T00:00:00+00:00
[2025-03-13T22:19:16.059+0000] {processor.py:179} INFO - Processing /opt/airflow/dags/pipeline.py took 1.321 seconds
[2025-03-13T22:19:46.148+0000] {processor.py:157} INFO - Started process (PID=1106) to work on /opt/airflow/dags/pipeline.py
[2025-03-13T22:19:46.150+0000] {processor.py:829} INFO - Processing file /opt/airflow/dags/pipeline.py for tasks to queue
[2025-03-13T22:19:46.151+0000] {logging_mixin.py:151} INFO - [2025-03-13T22:19:46.151+0000] {dagbag.py:539} INFO - Filling up the DagBag from /opt/airflow/dags/pipeline.py
[2025-03-13T22:19:46.859+0000] {processor.py:839} INFO - DAG(s) dict_keys(['yfinance_ingestion_dag']) retrieved from /opt/airflow/dags/pipeline.py
[2025-03-13T22:19:46.921+0000] {logging_mixin.py:151} INFO - [2025-03-13T22:19:46.920+0000] {dag.py:2915} INFO - Sync 1 DAGs
[2025-03-13T22:19:46.967+0000] {logging_mixin.py:151} INFO - [2025-03-13T22:19:46.966+0000] {dag.py:3696} INFO - Setting next_dagrun for yfinance_ingestion_dag to 2025-01-01T00:00:00+00:00, run_after=2025-01-02T00:00:00+00:00
[2025-03-13T22:19:46.992+0000] {processor.py:179} INFO - Processing /opt/airflow/dags/pipeline.py took 0.848 seconds
[2025-03-13T22:20:17.253+0000] {processor.py:157} INFO - Started process (PID=1118) to work on /opt/airflow/dags/pipeline.py
[2025-03-13T22:20:17.254+0000] {processor.py:829} INFO - Processing file /opt/airflow/dags/pipeline.py for tasks to queue
[2025-03-13T22:20:17.256+0000] {logging_mixin.py:151} INFO - [2025-03-13T22:20:17.255+0000] {dagbag.py:539} INFO - Filling up the DagBag from /opt/airflow/dags/pipeline.py
[2025-03-13T22:20:17.784+0000] {processor.py:839} INFO - DAG(s) dict_keys(['yfinance_ingestion_dag']) retrieved from /opt/airflow/dags/pipeline.py
[2025-03-13T22:20:17.819+0000] {logging_mixin.py:151} INFO - [2025-03-13T22:20:17.818+0000] {dag.py:2915} INFO - Sync 1 DAGs
[2025-03-13T22:20:17.852+0000] {logging_mixin.py:151} INFO - [2025-03-13T22:20:17.852+0000] {dag.py:3696} INFO - Setting next_dagrun for yfinance_ingestion_dag to 2025-01-01T00:00:00+00:00, run_after=2025-01-02T00:00:00+00:00
[2025-03-13T22:20:17.880+0000] {processor.py:179} INFO - Processing /opt/airflow/dags/pipeline.py took 0.631 seconds
[2025-03-13T22:20:48.221+0000] {processor.py:157} INFO - Started process (PID=1130) to work on /opt/airflow/dags/pipeline.py
[2025-03-13T22:20:48.223+0000] {processor.py:829} INFO - Processing file /opt/airflow/dags/pipeline.py for tasks to queue
[2025-03-13T22:20:48.225+0000] {logging_mixin.py:151} INFO - [2025-03-13T22:20:48.225+0000] {dagbag.py:539} INFO - Filling up the DagBag from /opt/airflow/dags/pipeline.py
[2025-03-13T22:20:49.317+0000] {processor.py:839} INFO - DAG(s) dict_keys(['yfinance_ingestion_dag']) retrieved from /opt/airflow/dags/pipeline.py
[2025-03-13T22:20:49.373+0000] {logging_mixin.py:151} INFO - [2025-03-13T22:20:49.373+0000] {dag.py:2915} INFO - Sync 1 DAGs
[2025-03-13T22:20:49.430+0000] {logging_mixin.py:151} INFO - [2025-03-13T22:20:49.430+0000] {dag.py:3696} INFO - Setting next_dagrun for yfinance_ingestion_dag to 2025-01-01T00:00:00+00:00, run_after=2025-01-02T00:00:00+00:00
[2025-03-13T22:20:49.475+0000] {processor.py:179} INFO - Processing /opt/airflow/dags/pipeline.py took 1.264 seconds
[2025-03-13T22:21:19.608+0000] {processor.py:157} INFO - Started process (PID=1142) to work on /opt/airflow/dags/pipeline.py
[2025-03-13T22:21:19.613+0000] {processor.py:829} INFO - Processing file /opt/airflow/dags/pipeline.py for tasks to queue
[2025-03-13T22:21:19.616+0000] {logging_mixin.py:151} INFO - [2025-03-13T22:21:19.614+0000] {dagbag.py:539} INFO - Filling up the DagBag from /opt/airflow/dags/pipeline.py
[2025-03-13T22:21:20.826+0000] {processor.py:839} INFO - DAG(s) dict_keys(['yfinance_ingestion_dag']) retrieved from /opt/airflow/dags/pipeline.py
[2025-03-13T22:21:20.921+0000] {logging_mixin.py:151} INFO - [2025-03-13T22:21:20.919+0000] {dag.py:2915} INFO - Sync 1 DAGs
[2025-03-13T22:21:21.013+0000] {logging_mixin.py:151} INFO - [2025-03-13T22:21:21.012+0000] {dag.py:3696} INFO - Setting next_dagrun for yfinance_ingestion_dag to 2025-01-01T00:00:00+00:00, run_after=2025-01-02T00:00:00+00:00
[2025-03-13T22:21:21.399+0000] {processor.py:179} INFO - Processing /opt/airflow/dags/pipeline.py took 1.801 seconds
[2025-03-13T22:21:51.512+0000] {processor.py:157} INFO - Started process (PID=1154) to work on /opt/airflow/dags/pipeline.py
[2025-03-13T22:21:51.513+0000] {processor.py:829} INFO - Processing file /opt/airflow/dags/pipeline.py for tasks to queue
[2025-03-13T22:21:51.514+0000] {logging_mixin.py:151} INFO - [2025-03-13T22:21:51.514+0000] {dagbag.py:539} INFO - Filling up the DagBag from /opt/airflow/dags/pipeline.py
[2025-03-13T22:21:52.252+0000] {processor.py:839} INFO - DAG(s) dict_keys(['yfinance_ingestion_dag']) retrieved from /opt/airflow/dags/pipeline.py
[2025-03-13T22:21:52.295+0000] {logging_mixin.py:151} INFO - [2025-03-13T22:21:52.294+0000] {dag.py:2915} INFO - Sync 1 DAGs
[2025-03-13T22:21:52.329+0000] {logging_mixin.py:151} INFO - [2025-03-13T22:21:52.329+0000] {dag.py:3696} INFO - Setting next_dagrun for yfinance_ingestion_dag to 2025-01-01T00:00:00+00:00, run_after=2025-01-02T00:00:00+00:00
[2025-03-13T22:21:52.365+0000] {processor.py:179} INFO - Processing /opt/airflow/dags/pipeline.py took 0.859 seconds
[2025-03-13T22:22:22.669+0000] {processor.py:157} INFO - Started process (PID=1166) to work on /opt/airflow/dags/pipeline.py
[2025-03-13T22:22:22.672+0000] {processor.py:829} INFO - Processing file /opt/airflow/dags/pipeline.py for tasks to queue
[2025-03-13T22:22:22.675+0000] {logging_mixin.py:151} INFO - [2025-03-13T22:22:22.674+0000] {dagbag.py:539} INFO - Filling up the DagBag from /opt/airflow/dags/pipeline.py
[2025-03-13T22:22:24.001+0000] {processor.py:839} INFO - DAG(s) dict_keys(['yfinance_ingestion_dag']) retrieved from /opt/airflow/dags/pipeline.py
[2025-03-13T22:22:24.042+0000] {logging_mixin.py:151} INFO - [2025-03-13T22:22:24.041+0000] {dag.py:2915} INFO - Sync 1 DAGs
[2025-03-13T22:22:24.074+0000] {logging_mixin.py:151} INFO - [2025-03-13T22:22:24.074+0000] {dag.py:3696} INFO - Setting next_dagrun for yfinance_ingestion_dag to 2025-01-01T00:00:00+00:00, run_after=2025-01-02T00:00:00+00:00
[2025-03-13T22:22:24.105+0000] {processor.py:179} INFO - Processing /opt/airflow/dags/pipeline.py took 1.451 seconds
[2025-03-13T22:22:54.257+0000] {processor.py:157} INFO - Started process (PID=1178) to work on /opt/airflow/dags/pipeline.py
[2025-03-13T22:22:54.258+0000] {processor.py:829} INFO - Processing file /opt/airflow/dags/pipeline.py for tasks to queue
[2025-03-13T22:22:54.260+0000] {logging_mixin.py:151} INFO - [2025-03-13T22:22:54.259+0000] {dagbag.py:539} INFO - Filling up the DagBag from /opt/airflow/dags/pipeline.py
[2025-03-13T22:22:54.820+0000] {processor.py:839} INFO - DAG(s) dict_keys(['yfinance_ingestion_dag']) retrieved from /opt/airflow/dags/pipeline.py
[2025-03-13T22:22:55.010+0000] {logging_mixin.py:151} INFO - [2025-03-13T22:22:55.009+0000] {security.py:708} INFO - Not syncing DAG-level permissions for DAG 'DAG:yfinance_ingestion_dag' as access control is unset.
[2025-03-13T22:22:55.011+0000] {logging_mixin.py:151} INFO - [2025-03-13T22:22:55.010+0000] {dag.py:2915} INFO - Sync 1 DAGs
[2025-03-13T22:22:55.058+0000] {logging_mixin.py:151} INFO - [2025-03-13T22:22:55.057+0000] {dag.py:3696} INFO - Setting next_dagrun for yfinance_ingestion_dag to 2025-01-01T00:00:00+00:00, run_after=2025-01-02T00:00:00+00:00
[2025-03-13T22:22:55.091+0000] {processor.py:179} INFO - Processing /opt/airflow/dags/pipeline.py took 0.840 seconds
[2025-03-13T22:23:25.230+0000] {processor.py:157} INFO - Started process (PID=1190) to work on /opt/airflow/dags/pipeline.py
[2025-03-13T22:23:25.233+0000] {processor.py:829} INFO - Processing file /opt/airflow/dags/pipeline.py for tasks to queue
[2025-03-13T22:23:25.234+0000] {logging_mixin.py:151} INFO - [2025-03-13T22:23:25.234+0000] {dagbag.py:539} INFO - Filling up the DagBag from /opt/airflow/dags/pipeline.py
[2025-03-13T22:23:25.851+0000] {processor.py:839} INFO - DAG(s) dict_keys(['yfinance_ingestion_dag']) retrieved from /opt/airflow/dags/pipeline.py
[2025-03-13T22:23:25.890+0000] {logging_mixin.py:151} INFO - [2025-03-13T22:23:25.889+0000] {dag.py:2915} INFO - Sync 1 DAGs
[2025-03-13T22:23:25.931+0000] {logging_mixin.py:151} INFO - [2025-03-13T22:23:25.930+0000] {dag.py:3696} INFO - Setting next_dagrun for yfinance_ingestion_dag to 2025-01-01T00:00:00+00:00, run_after=2025-01-02T00:00:00+00:00
[2025-03-13T22:23:26.243+0000] {processor.py:179} INFO - Processing /opt/airflow/dags/pipeline.py took 1.019 seconds
[2025-03-13T22:23:56.359+0000] {processor.py:157} INFO - Started process (PID=1202) to work on /opt/airflow/dags/pipeline.py
[2025-03-13T22:23:56.360+0000] {processor.py:829} INFO - Processing file /opt/airflow/dags/pipeline.py for tasks to queue
[2025-03-13T22:23:56.362+0000] {logging_mixin.py:151} INFO - [2025-03-13T22:23:56.362+0000] {dagbag.py:539} INFO - Filling up the DagBag from /opt/airflow/dags/pipeline.py
[2025-03-13T22:23:57.225+0000] {processor.py:839} INFO - DAG(s) dict_keys(['yfinance_ingestion_dag']) retrieved from /opt/airflow/dags/pipeline.py
[2025-03-13T22:23:57.273+0000] {logging_mixin.py:151} INFO - [2025-03-13T22:23:57.272+0000] {dag.py:2915} INFO - Sync 1 DAGs
[2025-03-13T22:23:57.326+0000] {logging_mixin.py:151} INFO - [2025-03-13T22:23:57.326+0000] {dag.py:3696} INFO - Setting next_dagrun for yfinance_ingestion_dag to 2025-01-01T00:00:00+00:00, run_after=2025-01-02T00:00:00+00:00
[2025-03-13T22:23:57.359+0000] {processor.py:179} INFO - Processing /opt/airflow/dags/pipeline.py took 1.005 seconds
[2025-03-13T22:24:27.582+0000] {processor.py:157} INFO - Started process (PID=1214) to work on /opt/airflow/dags/pipeline.py
[2025-03-13T22:24:27.583+0000] {processor.py:829} INFO - Processing file /opt/airflow/dags/pipeline.py for tasks to queue
[2025-03-13T22:24:27.585+0000] {logging_mixin.py:151} INFO - [2025-03-13T22:24:27.584+0000] {dagbag.py:539} INFO - Filling up the DagBag from /opt/airflow/dags/pipeline.py
[2025-03-13T22:24:28.264+0000] {processor.py:839} INFO - DAG(s) dict_keys(['yfinance_ingestion_dag']) retrieved from /opt/airflow/dags/pipeline.py
[2025-03-13T22:24:28.302+0000] {logging_mixin.py:151} INFO - [2025-03-13T22:24:28.301+0000] {dag.py:2915} INFO - Sync 1 DAGs
[2025-03-13T22:24:28.342+0000] {logging_mixin.py:151} INFO - [2025-03-13T22:24:28.342+0000] {dag.py:3696} INFO - Setting next_dagrun for yfinance_ingestion_dag to 2025-01-01T00:00:00+00:00, run_after=2025-01-02T00:00:00+00:00
[2025-03-13T22:24:28.379+0000] {processor.py:179} INFO - Processing /opt/airflow/dags/pipeline.py took 0.802 seconds
[2025-03-13T22:24:58.542+0000] {processor.py:157} INFO - Started process (PID=1226) to work on /opt/airflow/dags/pipeline.py
[2025-03-13T22:24:58.544+0000] {processor.py:829} INFO - Processing file /opt/airflow/dags/pipeline.py for tasks to queue
[2025-03-13T22:24:58.546+0000] {logging_mixin.py:151} INFO - [2025-03-13T22:24:58.545+0000] {dagbag.py:539} INFO - Filling up the DagBag from /opt/airflow/dags/pipeline.py
[2025-03-13T22:24:59.074+0000] {processor.py:839} INFO - DAG(s) dict_keys(['yfinance_ingestion_dag']) retrieved from /opt/airflow/dags/pipeline.py
[2025-03-13T22:24:59.116+0000] {logging_mixin.py:151} INFO - [2025-03-13T22:24:59.115+0000] {dag.py:2915} INFO - Sync 1 DAGs
[2025-03-13T22:24:59.157+0000] {logging_mixin.py:151} INFO - [2025-03-13T22:24:59.157+0000] {dag.py:3696} INFO - Setting next_dagrun for yfinance_ingestion_dag to 2025-01-01T00:00:00+00:00, run_after=2025-01-02T00:00:00+00:00
[2025-03-13T22:24:59.189+0000] {processor.py:179} INFO - Processing /opt/airflow/dags/pipeline.py took 0.651 seconds
[2025-03-13T22:25:29.345+0000] {processor.py:157} INFO - Started process (PID=1238) to work on /opt/airflow/dags/pipeline.py
[2025-03-13T22:25:29.346+0000] {processor.py:829} INFO - Processing file /opt/airflow/dags/pipeline.py for tasks to queue
[2025-03-13T22:25:29.347+0000] {logging_mixin.py:151} INFO - [2025-03-13T22:25:29.346+0000] {dagbag.py:539} INFO - Filling up the DagBag from /opt/airflow/dags/pipeline.py
[2025-03-13T22:25:29.871+0000] {processor.py:839} INFO - DAG(s) dict_keys(['yfinance_ingestion_dag']) retrieved from /opt/airflow/dags/pipeline.py
[2025-03-13T22:25:29.915+0000] {logging_mixin.py:151} INFO - [2025-03-13T22:25:29.914+0000] {dag.py:2915} INFO - Sync 1 DAGs
[2025-03-13T22:25:29.949+0000] {logging_mixin.py:151} INFO - [2025-03-13T22:25:29.949+0000] {dag.py:3696} INFO - Setting next_dagrun for yfinance_ingestion_dag to 2025-01-01T00:00:00+00:00, run_after=2025-01-02T00:00:00+00:00
[2025-03-13T22:25:30.182+0000] {processor.py:179} INFO - Processing /opt/airflow/dags/pipeline.py took 0.841 seconds
[2025-03-13T22:26:01.132+0000] {processor.py:157} INFO - Started process (PID=1250) to work on /opt/airflow/dags/pipeline.py
[2025-03-13T22:26:01.133+0000] {processor.py:829} INFO - Processing file /opt/airflow/dags/pipeline.py for tasks to queue
[2025-03-13T22:26:01.134+0000] {logging_mixin.py:151} INFO - [2025-03-13T22:26:01.134+0000] {dagbag.py:539} INFO - Filling up the DagBag from /opt/airflow/dags/pipeline.py
[2025-03-13T22:26:01.686+0000] {processor.py:839} INFO - DAG(s) dict_keys(['yfinance_ingestion_dag']) retrieved from /opt/airflow/dags/pipeline.py
[2025-03-13T22:26:01.716+0000] {logging_mixin.py:151} INFO - [2025-03-13T22:26:01.716+0000] {dag.py:2915} INFO - Sync 1 DAGs
[2025-03-13T22:26:01.877+0000] {logging_mixin.py:151} INFO - [2025-03-13T22:26:01.877+0000] {dag.py:3696} INFO - Setting next_dagrun for yfinance_ingestion_dag to 2025-01-01T00:00:00+00:00, run_after=2025-01-02T00:00:00+00:00
[2025-03-13T22:26:01.905+0000] {processor.py:179} INFO - Processing /opt/airflow/dags/pipeline.py took 0.777 seconds
[2025-03-13T22:26:32.072+0000] {processor.py:157} INFO - Started process (PID=1262) to work on /opt/airflow/dags/pipeline.py
[2025-03-13T22:26:32.074+0000] {processor.py:829} INFO - Processing file /opt/airflow/dags/pipeline.py for tasks to queue
[2025-03-13T22:26:32.074+0000] {logging_mixin.py:151} INFO - [2025-03-13T22:26:32.074+0000] {dagbag.py:539} INFO - Filling up the DagBag from /opt/airflow/dags/pipeline.py
[2025-03-13T22:26:32.578+0000] {processor.py:839} INFO - DAG(s) dict_keys(['yfinance_ingestion_dag']) retrieved from /opt/airflow/dags/pipeline.py
[2025-03-13T22:26:32.610+0000] {logging_mixin.py:151} INFO - [2025-03-13T22:26:32.609+0000] {dag.py:2915} INFO - Sync 1 DAGs
[2025-03-13T22:26:32.635+0000] {logging_mixin.py:151} INFO - [2025-03-13T22:26:32.635+0000] {dag.py:3696} INFO - Setting next_dagrun for yfinance_ingestion_dag to 2025-01-01T00:00:00+00:00, run_after=2025-01-02T00:00:00+00:00
[2025-03-13T22:26:32.663+0000] {processor.py:179} INFO - Processing /opt/airflow/dags/pipeline.py took 0.593 seconds
[2025-03-13T22:27:02.789+0000] {processor.py:157} INFO - Started process (PID=1274) to work on /opt/airflow/dags/pipeline.py
[2025-03-13T22:27:02.790+0000] {processor.py:829} INFO - Processing file /opt/airflow/dags/pipeline.py for tasks to queue
[2025-03-13T22:27:02.791+0000] {logging_mixin.py:151} INFO - [2025-03-13T22:27:02.790+0000] {dagbag.py:539} INFO - Filling up the DagBag from /opt/airflow/dags/pipeline.py
[2025-03-13T22:27:03.295+0000] {processor.py:839} INFO - DAG(s) dict_keys(['yfinance_ingestion_dag']) retrieved from /opt/airflow/dags/pipeline.py
[2025-03-13T22:27:03.326+0000] {logging_mixin.py:151} INFO - [2025-03-13T22:27:03.325+0000] {dag.py:2915} INFO - Sync 1 DAGs
[2025-03-13T22:27:03.355+0000] {logging_mixin.py:151} INFO - [2025-03-13T22:27:03.355+0000] {dag.py:3696} INFO - Setting next_dagrun for yfinance_ingestion_dag to 2025-01-01T00:00:00+00:00, run_after=2025-01-02T00:00:00+00:00
[2025-03-13T22:27:03.381+0000] {processor.py:179} INFO - Processing /opt/airflow/dags/pipeline.py took 0.597 seconds
[2025-03-13T22:27:33.618+0000] {processor.py:157} INFO - Started process (PID=1286) to work on /opt/airflow/dags/pipeline.py
[2025-03-13T22:27:33.619+0000] {processor.py:829} INFO - Processing file /opt/airflow/dags/pipeline.py for tasks to queue
[2025-03-13T22:27:33.620+0000] {logging_mixin.py:151} INFO - [2025-03-13T22:27:33.620+0000] {dagbag.py:539} INFO - Filling up the DagBag from /opt/airflow/dags/pipeline.py
[2025-03-13T22:27:34.105+0000] {processor.py:839} INFO - DAG(s) dict_keys(['yfinance_ingestion_dag']) retrieved from /opt/airflow/dags/pipeline.py
[2025-03-13T22:27:34.142+0000] {logging_mixin.py:151} INFO - [2025-03-13T22:27:34.142+0000] {dag.py:2915} INFO - Sync 1 DAGs
[2025-03-13T22:27:34.179+0000] {logging_mixin.py:151} INFO - [2025-03-13T22:27:34.178+0000] {dag.py:3696} INFO - Setting next_dagrun for yfinance_ingestion_dag to 2025-01-01T00:00:00+00:00, run_after=2025-01-02T00:00:00+00:00
[2025-03-13T22:27:34.374+0000] {processor.py:179} INFO - Processing /opt/airflow/dags/pipeline.py took 0.760 seconds
[2025-03-13T22:28:04.533+0000] {processor.py:157} INFO - Started process (PID=1298) to work on /opt/airflow/dags/pipeline.py
[2025-03-13T22:28:04.534+0000] {processor.py:829} INFO - Processing file /opt/airflow/dags/pipeline.py for tasks to queue
[2025-03-13T22:28:04.536+0000] {logging_mixin.py:151} INFO - [2025-03-13T22:28:04.535+0000] {dagbag.py:539} INFO - Filling up the DagBag from /opt/airflow/dags/pipeline.py
[2025-03-13T22:28:05.104+0000] {processor.py:839} INFO - DAG(s) dict_keys(['yfinance_ingestion_dag']) retrieved from /opt/airflow/dags/pipeline.py
[2025-03-13T22:28:05.141+0000] {logging_mixin.py:151} INFO - [2025-03-13T22:28:05.140+0000] {dag.py:2915} INFO - Sync 1 DAGs
[2025-03-13T22:28:05.328+0000] {logging_mixin.py:151} INFO - [2025-03-13T22:28:05.327+0000] {dag.py:3696} INFO - Setting next_dagrun for yfinance_ingestion_dag to 2025-01-01T00:00:00+00:00, run_after=2025-01-02T00:00:00+00:00
[2025-03-13T22:28:05.357+0000] {processor.py:179} INFO - Processing /opt/airflow/dags/pipeline.py took 0.829 seconds
[2025-03-13T22:28:35.466+0000] {processor.py:157} INFO - Started process (PID=1310) to work on /opt/airflow/dags/pipeline.py
[2025-03-13T22:28:35.467+0000] {processor.py:829} INFO - Processing file /opt/airflow/dags/pipeline.py for tasks to queue
[2025-03-13T22:28:35.468+0000] {logging_mixin.py:151} INFO - [2025-03-13T22:28:35.468+0000] {dagbag.py:539} INFO - Filling up the DagBag from /opt/airflow/dags/pipeline.py
[2025-03-13T22:28:35.958+0000] {processor.py:839} INFO - DAG(s) dict_keys(['yfinance_ingestion_dag']) retrieved from /opt/airflow/dags/pipeline.py
[2025-03-13T22:28:35.988+0000] {logging_mixin.py:151} INFO - [2025-03-13T22:28:35.988+0000] {dag.py:2915} INFO - Sync 1 DAGs
[2025-03-13T22:28:36.015+0000] {logging_mixin.py:151} INFO - [2025-03-13T22:28:36.014+0000] {dag.py:3696} INFO - Setting next_dagrun for yfinance_ingestion_dag to 2025-01-01T00:00:00+00:00, run_after=2025-01-02T00:00:00+00:00
[2025-03-13T22:28:36.039+0000] {processor.py:179} INFO - Processing /opt/airflow/dags/pipeline.py took 0.577 seconds
[2025-03-13T22:29:06.220+0000] {processor.py:157} INFO - Started process (PID=1322) to work on /opt/airflow/dags/pipeline.py
[2025-03-13T22:29:06.222+0000] {processor.py:829} INFO - Processing file /opt/airflow/dags/pipeline.py for tasks to queue
[2025-03-13T22:29:06.223+0000] {logging_mixin.py:151} INFO - [2025-03-13T22:29:06.223+0000] {dagbag.py:539} INFO - Filling up the DagBag from /opt/airflow/dags/pipeline.py
[2025-03-13T22:29:06.909+0000] {processor.py:839} INFO - DAG(s) dict_keys(['yfinance_ingestion_dag']) retrieved from /opt/airflow/dags/pipeline.py
[2025-03-13T22:29:06.947+0000] {logging_mixin.py:151} INFO - [2025-03-13T22:29:06.946+0000] {dag.py:2915} INFO - Sync 1 DAGs
[2025-03-13T22:29:06.977+0000] {logging_mixin.py:151} INFO - [2025-03-13T22:29:06.976+0000] {dag.py:3696} INFO - Setting next_dagrun for yfinance_ingestion_dag to 2025-01-01T00:00:00+00:00, run_after=2025-01-02T00:00:00+00:00
[2025-03-13T22:29:07.013+0000] {processor.py:179} INFO - Processing /opt/airflow/dags/pipeline.py took 0.797 seconds
[2025-03-13T22:29:37.210+0000] {processor.py:157} INFO - Started process (PID=1334) to work on /opt/airflow/dags/pipeline.py
[2025-03-13T22:29:37.212+0000] {processor.py:829} INFO - Processing file /opt/airflow/dags/pipeline.py for tasks to queue
[2025-03-13T22:29:37.213+0000] {logging_mixin.py:151} INFO - [2025-03-13T22:29:37.213+0000] {dagbag.py:539} INFO - Filling up the DagBag from /opt/airflow/dags/pipeline.py
[2025-03-13T22:29:37.993+0000] {processor.py:839} INFO - DAG(s) dict_keys(['yfinance_ingestion_dag']) retrieved from /opt/airflow/dags/pipeline.py
[2025-03-13T22:29:38.028+0000] {logging_mixin.py:151} INFO - [2025-03-13T22:29:38.027+0000] {dag.py:2915} INFO - Sync 1 DAGs
[2025-03-13T22:29:38.064+0000] {logging_mixin.py:151} INFO - [2025-03-13T22:29:38.064+0000] {dag.py:3696} INFO - Setting next_dagrun for yfinance_ingestion_dag to 2025-01-01T00:00:00+00:00, run_after=2025-01-02T00:00:00+00:00
[2025-03-13T22:29:38.279+0000] {processor.py:179} INFO - Processing /opt/airflow/dags/pipeline.py took 1.074 seconds
[2025-03-13T22:30:08.466+0000] {processor.py:157} INFO - Started process (PID=1346) to work on /opt/airflow/dags/pipeline.py
[2025-03-13T22:30:08.467+0000] {processor.py:829} INFO - Processing file /opt/airflow/dags/pipeline.py for tasks to queue
[2025-03-13T22:30:08.469+0000] {logging_mixin.py:151} INFO - [2025-03-13T22:30:08.468+0000] {dagbag.py:539} INFO - Filling up the DagBag from /opt/airflow/dags/pipeline.py
[2025-03-13T22:30:09.257+0000] {processor.py:839} INFO - DAG(s) dict_keys(['yfinance_ingestion_dag']) retrieved from /opt/airflow/dags/pipeline.py
[2025-03-13T22:30:09.292+0000] {logging_mixin.py:151} INFO - [2025-03-13T22:30:09.291+0000] {dag.py:2915} INFO - Sync 1 DAGs
[2025-03-13T22:30:09.507+0000] {logging_mixin.py:151} INFO - [2025-03-13T22:30:09.507+0000] {dag.py:3696} INFO - Setting next_dagrun for yfinance_ingestion_dag to 2025-01-01T00:00:00+00:00, run_after=2025-01-02T00:00:00+00:00
[2025-03-13T22:30:09.541+0000] {processor.py:179} INFO - Processing /opt/airflow/dags/pipeline.py took 1.079 seconds
[2025-03-13T22:30:39.791+0000] {processor.py:157} INFO - Started process (PID=1358) to work on /opt/airflow/dags/pipeline.py
[2025-03-13T22:30:39.793+0000] {processor.py:829} INFO - Processing file /opt/airflow/dags/pipeline.py for tasks to queue
[2025-03-13T22:30:39.796+0000] {logging_mixin.py:151} INFO - [2025-03-13T22:30:39.795+0000] {dagbag.py:539} INFO - Filling up the DagBag from /opt/airflow/dags/pipeline.py
[2025-03-13T22:30:41.095+0000] {processor.py:839} INFO - DAG(s) dict_keys(['yfinance_ingestion_dag']) retrieved from /opt/airflow/dags/pipeline.py
[2025-03-13T22:30:41.192+0000] {logging_mixin.py:151} INFO - [2025-03-13T22:30:41.190+0000] {dag.py:2915} INFO - Sync 1 DAGs
[2025-03-13T22:30:41.290+0000] {logging_mixin.py:151} INFO - [2025-03-13T22:30:41.290+0000] {dag.py:3696} INFO - Setting next_dagrun for yfinance_ingestion_dag to 2025-01-01T00:00:00+00:00, run_after=2025-01-02T00:00:00+00:00
[2025-03-13T22:30:41.352+0000] {processor.py:179} INFO - Processing /opt/airflow/dags/pipeline.py took 1.567 seconds
[2025-03-13T22:31:11.518+0000] {processor.py:157} INFO - Started process (PID=1370) to work on /opt/airflow/dags/pipeline.py
[2025-03-13T22:31:11.525+0000] {processor.py:829} INFO - Processing file /opt/airflow/dags/pipeline.py for tasks to queue
[2025-03-13T22:31:11.528+0000] {logging_mixin.py:151} INFO - [2025-03-13T22:31:11.527+0000] {dagbag.py:539} INFO - Filling up the DagBag from /opt/airflow/dags/pipeline.py
[2025-03-13T22:31:12.376+0000] {processor.py:839} INFO - DAG(s) dict_keys(['yfinance_ingestion_dag']) retrieved from /opt/airflow/dags/pipeline.py
[2025-03-13T22:31:12.432+0000] {logging_mixin.py:151} INFO - [2025-03-13T22:31:12.431+0000] {dag.py:2915} INFO - Sync 1 DAGs
[2025-03-13T22:31:12.466+0000] {logging_mixin.py:151} INFO - [2025-03-13T22:31:12.465+0000] {dag.py:3696} INFO - Setting next_dagrun for yfinance_ingestion_dag to 2025-01-01T00:00:00+00:00, run_after=2025-01-02T00:00:00+00:00
[2025-03-13T22:31:12.496+0000] {processor.py:179} INFO - Processing /opt/airflow/dags/pipeline.py took 0.991 seconds
[2025-03-13T22:31:42.687+0000] {processor.py:157} INFO - Started process (PID=1382) to work on /opt/airflow/dags/pipeline.py
[2025-03-13T22:31:42.690+0000] {processor.py:829} INFO - Processing file /opt/airflow/dags/pipeline.py for tasks to queue
[2025-03-13T22:31:42.693+0000] {logging_mixin.py:151} INFO - [2025-03-13T22:31:42.693+0000] {dagbag.py:539} INFO - Filling up the DagBag from /opt/airflow/dags/pipeline.py
[2025-03-13T22:31:43.620+0000] {processor.py:839} INFO - DAG(s) dict_keys(['yfinance_ingestion_dag']) retrieved from /opt/airflow/dags/pipeline.py
[2025-03-13T22:31:43.673+0000] {logging_mixin.py:151} INFO - [2025-03-13T22:31:43.672+0000] {dag.py:2915} INFO - Sync 1 DAGs
[2025-03-13T22:31:44.029+0000] {logging_mixin.py:151} INFO - [2025-03-13T22:31:44.028+0000] {dag.py:3696} INFO - Setting next_dagrun for yfinance_ingestion_dag to 2025-01-01T00:00:00+00:00, run_after=2025-01-02T00:00:00+00:00
[2025-03-13T22:31:44.065+0000] {processor.py:179} INFO - Processing /opt/airflow/dags/pipeline.py took 1.388 seconds
[2025-03-13T22:32:14.836+0000] {processor.py:157} INFO - Started process (PID=1394) to work on /opt/airflow/dags/pipeline.py
[2025-03-13T22:32:14.839+0000] {processor.py:829} INFO - Processing file /opt/airflow/dags/pipeline.py for tasks to queue
[2025-03-13T22:32:14.843+0000] {logging_mixin.py:151} INFO - [2025-03-13T22:32:14.842+0000] {dagbag.py:539} INFO - Filling up the DagBag from /opt/airflow/dags/pipeline.py
[2025-03-13T22:32:23.211+0000] {logging_mixin.py:151} INFO - [2025-03-13T22:32:23.210+0000] {process_utils.py:259} INFO - Waiting up to 5 seconds for processes to exit...
[2025-03-13T22:32:23.552+0000] {processor.py:839} INFO - DAG(s) dict_keys(['yfinance_ingestion_dag']) retrieved from /opt/airflow/dags/pipeline.py
[2025-03-13T22:32:23.598+0000] {logging_mixin.py:151} INFO - [2025-03-13T22:32:23.597+0000] {dag.py:2915} INFO - Sync 1 DAGs
[2025-03-13T22:32:23.631+0000] {logging_mixin.py:151} INFO - [2025-03-13T22:32:23.631+0000] {dag.py:3696} INFO - Setting next_dagrun for yfinance_ingestion_dag to 2025-01-01T00:00:00+00:00, run_after=2025-01-02T00:00:00+00:00
[2025-03-13T22:32:23.658+0000] {processor.py:179} INFO - Processing /opt/airflow/dags/pipeline.py took 8.831 seconds
[2025-03-13T22:32:58.558+0000] {processor.py:157} INFO - Started process (PID=170) to work on /opt/airflow/dags/pipeline.py
[2025-03-13T22:32:58.559+0000] {processor.py:829} INFO - Processing file /opt/airflow/dags/pipeline.py for tasks to queue
[2025-03-13T22:32:58.561+0000] {logging_mixin.py:151} INFO - [2025-03-13T22:32:58.561+0000] {dagbag.py:539} INFO - Filling up the DagBag from /opt/airflow/dags/pipeline.py
[2025-03-13T22:33:01.211+0000] {processor.py:839} INFO - DAG(s) dict_keys(['yfinance_ingestion_dag']) retrieved from /opt/airflow/dags/pipeline.py
[2025-03-13T22:33:01.761+0000] {logging_mixin.py:151} INFO - [2025-03-13T22:33:01.760+0000] {security.py:708} INFO - Not syncing DAG-level permissions for DAG 'DAG:yfinance_ingestion_dag' as access control is unset.
[2025-03-13T22:33:01.762+0000] {logging_mixin.py:151} INFO - [2025-03-13T22:33:01.761+0000] {dag.py:2915} INFO - Sync 1 DAGs
[2025-03-13T22:33:01.817+0000] {logging_mixin.py:151} INFO - [2025-03-13T22:33:01.816+0000] {dag.py:3696} INFO - Setting next_dagrun for yfinance_ingestion_dag to 2025-01-01T00:00:00+00:00, run_after=2025-01-02T00:00:00+00:00
[2025-03-13T22:33:01.888+0000] {processor.py:179} INFO - Processing /opt/airflow/dags/pipeline.py took 3.335 seconds
[2025-03-13T22:33:32.016+0000] {processor.py:157} INFO - Started process (PID=182) to work on /opt/airflow/dags/pipeline.py
[2025-03-13T22:33:32.017+0000] {processor.py:829} INFO - Processing file /opt/airflow/dags/pipeline.py for tasks to queue
[2025-03-13T22:33:32.018+0000] {logging_mixin.py:151} INFO - [2025-03-13T22:33:32.018+0000] {dagbag.py:539} INFO - Filling up the DagBag from /opt/airflow/dags/pipeline.py
[2025-03-13T22:33:32.996+0000] {processor.py:839} INFO - DAG(s) dict_keys(['yfinance_ingestion_dag']) retrieved from /opt/airflow/dags/pipeline.py
[2025-03-13T22:33:33.056+0000] {logging_mixin.py:151} INFO - [2025-03-13T22:33:33.055+0000] {dag.py:2915} INFO - Sync 1 DAGs
[2025-03-13T22:33:33.111+0000] {logging_mixin.py:151} INFO - [2025-03-13T22:33:33.110+0000] {dag.py:3696} INFO - Setting next_dagrun for yfinance_ingestion_dag to 2025-01-01T00:00:00+00:00, run_after=2025-01-02T00:00:00+00:00
[2025-03-13T22:33:33.144+0000] {processor.py:179} INFO - Processing /opt/airflow/dags/pipeline.py took 1.131 seconds
[2025-03-13T22:34:03.278+0000] {processor.py:157} INFO - Started process (PID=194) to work on /opt/airflow/dags/pipeline.py
[2025-03-13T22:34:03.282+0000] {processor.py:829} INFO - Processing file /opt/airflow/dags/pipeline.py for tasks to queue
[2025-03-13T22:34:03.283+0000] {logging_mixin.py:151} INFO - [2025-03-13T22:34:03.283+0000] {dagbag.py:539} INFO - Filling up the DagBag from /opt/airflow/dags/pipeline.py
[2025-03-13T22:34:04.088+0000] {processor.py:839} INFO - DAG(s) dict_keys(['yfinance_ingestion_dag']) retrieved from /opt/airflow/dags/pipeline.py
[2025-03-13T22:34:04.127+0000] {logging_mixin.py:151} INFO - [2025-03-13T22:34:04.126+0000] {dag.py:2915} INFO - Sync 1 DAGs
[2025-03-13T22:34:04.165+0000] {logging_mixin.py:151} INFO - [2025-03-13T22:34:04.164+0000] {dag.py:3696} INFO - Setting next_dagrun for yfinance_ingestion_dag to 2025-01-01T00:00:00+00:00, run_after=2025-01-02T00:00:00+00:00
[2025-03-13T22:34:04.216+0000] {processor.py:179} INFO - Processing /opt/airflow/dags/pipeline.py took 0.943 seconds
[2025-03-13T22:34:34.309+0000] {processor.py:157} INFO - Started process (PID=206) to work on /opt/airflow/dags/pipeline.py
[2025-03-13T22:34:34.310+0000] {processor.py:829} INFO - Processing file /opt/airflow/dags/pipeline.py for tasks to queue
[2025-03-13T22:34:34.313+0000] {logging_mixin.py:151} INFO - [2025-03-13T22:34:34.312+0000] {dagbag.py:539} INFO - Filling up the DagBag from /opt/airflow/dags/pipeline.py
[2025-03-13T22:34:35.054+0000] {processor.py:839} INFO - DAG(s) dict_keys(['yfinance_ingestion_dag']) retrieved from /opt/airflow/dags/pipeline.py
[2025-03-13T22:34:35.082+0000] {logging_mixin.py:151} INFO - [2025-03-13T22:34:35.081+0000] {dag.py:2915} INFO - Sync 1 DAGs
[2025-03-13T22:34:35.108+0000] {logging_mixin.py:151} INFO - [2025-03-13T22:34:35.108+0000] {dag.py:3696} INFO - Setting next_dagrun for yfinance_ingestion_dag to 2025-01-01T00:00:00+00:00, run_after=2025-01-02T00:00:00+00:00
[2025-03-13T22:34:35.133+0000] {processor.py:179} INFO - Processing /opt/airflow/dags/pipeline.py took 0.832 seconds
[2025-03-13T22:35:05.298+0000] {processor.py:157} INFO - Started process (PID=218) to work on /opt/airflow/dags/pipeline.py
[2025-03-13T22:35:05.300+0000] {processor.py:829} INFO - Processing file /opt/airflow/dags/pipeline.py for tasks to queue
[2025-03-13T22:35:05.302+0000] {logging_mixin.py:151} INFO - [2025-03-13T22:35:05.301+0000] {dagbag.py:539} INFO - Filling up the DagBag from /opt/airflow/dags/pipeline.py
[2025-03-13T22:35:05.039+0000] {processor.py:839} INFO - DAG(s) dict_keys(['yfinance_ingestion_dag']) retrieved from /opt/airflow/dags/pipeline.py
[2025-03-13T22:35:05.075+0000] {logging_mixin.py:151} INFO - [2025-03-13T22:35:05.074+0000] {dag.py:2915} INFO - Sync 1 DAGs
[2025-03-13T22:35:05.110+0000] {logging_mixin.py:151} INFO - [2025-03-13T22:35:05.109+0000] {dag.py:3696} INFO - Setting next_dagrun for yfinance_ingestion_dag to 2025-01-01T00:00:00+00:00, run_after=2025-01-02T00:00:00+00:00
[2025-03-13T22:35:05.144+0000] {processor.py:179} INFO - Processing /opt/airflow/dags/pipeline.py took 1.080 seconds
[2025-03-13T22:35:35.355+0000] {processor.py:157} INFO - Started process (PID=230) to work on /opt/airflow/dags/pipeline.py
[2025-03-13T22:35:35.357+0000] {processor.py:829} INFO - Processing file /opt/airflow/dags/pipeline.py for tasks to queue
[2025-03-13T22:35:35.358+0000] {logging_mixin.py:151} INFO - [2025-03-13T22:35:35.358+0000] {dagbag.py:539} INFO - Filling up the DagBag from /opt/airflow/dags/pipeline.py
[2025-03-13T22:35:35.962+0000] {processor.py:839} INFO - DAG(s) dict_keys(['yfinance_ingestion_dag']) retrieved from /opt/airflow/dags/pipeline.py
[2025-03-13T22:35:35.991+0000] {logging_mixin.py:151} INFO - [2025-03-13T22:35:35.991+0000] {dag.py:2915} INFO - Sync 1 DAGs
[2025-03-13T22:35:36.017+0000] {logging_mixin.py:151} INFO - [2025-03-13T22:35:36.017+0000] {dag.py:3696} INFO - Setting next_dagrun for yfinance_ingestion_dag to 2025-01-01T00:00:00+00:00, run_after=2025-01-02T00:00:00+00:00
[2025-03-13T22:35:36.042+0000] {processor.py:179} INFO - Processing /opt/airflow/dags/pipeline.py took 0.692 seconds
[2025-03-13T22:36:06.186+0000] {processor.py:157} INFO - Started process (PID=242) to work on /opt/airflow/dags/pipeline.py
[2025-03-13T22:36:06.187+0000] {processor.py:829} INFO - Processing file /opt/airflow/dags/pipeline.py for tasks to queue
[2025-03-13T22:36:06.188+0000] {logging_mixin.py:151} INFO - [2025-03-13T22:36:06.188+0000] {dagbag.py:539} INFO - Filling up the DagBag from /opt/airflow/dags/pipeline.py
[2025-03-13T22:36:06.733+0000] {processor.py:839} INFO - DAG(s) dict_keys(['yfinance_ingestion_dag']) retrieved from /opt/airflow/dags/pipeline.py
[2025-03-13T22:36:06.762+0000] {logging_mixin.py:151} INFO - [2025-03-13T22:36:06.762+0000] {dag.py:2915} INFO - Sync 1 DAGs
[2025-03-13T22:36:06.791+0000] {logging_mixin.py:151} INFO - [2025-03-13T22:36:06.791+0000] {dag.py:3696} INFO - Setting next_dagrun for yfinance_ingestion_dag to 2025-01-01T00:00:00+00:00, run_after=2025-01-02T00:00:00+00:00
[2025-03-13T22:36:06.815+0000] {processor.py:179} INFO - Processing /opt/airflow/dags/pipeline.py took 0.633 seconds
[2025-03-13T22:36:36.907+0000] {processor.py:157} INFO - Started process (PID=254) to work on /opt/airflow/dags/pipeline.py
[2025-03-13T22:36:36.909+0000] {processor.py:829} INFO - Processing file /opt/airflow/dags/pipeline.py for tasks to queue
[2025-03-13T22:36:36.911+0000] {logging_mixin.py:151} INFO - [2025-03-13T22:36:36.910+0000] {dagbag.py:539} INFO - Filling up the DagBag from /opt/airflow/dags/pipeline.py
[2025-03-13T22:36:37.513+0000] {processor.py:839} INFO - DAG(s) dict_keys(['yfinance_ingestion_dag']) retrieved from /opt/airflow/dags/pipeline.py
[2025-03-13T22:36:37.550+0000] {logging_mixin.py:151} INFO - [2025-03-13T22:36:37.549+0000] {dag.py:2915} INFO - Sync 1 DAGs
[2025-03-13T22:36:37.581+0000] {logging_mixin.py:151} INFO - [2025-03-13T22:36:37.581+0000] {dag.py:3696} INFO - Setting next_dagrun for yfinance_ingestion_dag to 2025-01-01T00:00:00+00:00, run_after=2025-01-02T00:00:00+00:00
[2025-03-13T22:36:37.611+0000] {processor.py:179} INFO - Processing /opt/airflow/dags/pipeline.py took 0.708 seconds
[2025-03-13T22:37:07.757+0000] {processor.py:157} INFO - Started process (PID=266) to work on /opt/airflow/dags/pipeline.py
[2025-03-13T22:37:07.759+0000] {processor.py:829} INFO - Processing file /opt/airflow/dags/pipeline.py for tasks to queue
[2025-03-13T22:37:07.760+0000] {logging_mixin.py:151} INFO - [2025-03-13T22:37:07.760+0000] {dagbag.py:539} INFO - Filling up the DagBag from /opt/airflow/dags/pipeline.py
[2025-03-13T22:37:08.277+0000] {processor.py:839} INFO - DAG(s) dict_keys(['yfinance_ingestion_dag']) retrieved from /opt/airflow/dags/pipeline.py
[2025-03-13T22:37:08.310+0000] {logging_mixin.py:151} INFO - [2025-03-13T22:37:08.310+0000] {dag.py:2915} INFO - Sync 1 DAGs
[2025-03-13T22:37:08.341+0000] {logging_mixin.py:151} INFO - [2025-03-13T22:37:08.341+0000] {dag.py:3696} INFO - Setting next_dagrun for yfinance_ingestion_dag to 2025-01-01T00:00:00+00:00, run_after=2025-01-02T00:00:00+00:00
[2025-03-13T22:37:08.368+0000] {processor.py:179} INFO - Processing /opt/airflow/dags/pipeline.py took 0.617 seconds
[2025-03-13T22:37:38.490+0000] {processor.py:157} INFO - Started process (PID=278) to work on /opt/airflow/dags/pipeline.py
[2025-03-13T22:37:38.491+0000] {processor.py:829} INFO - Processing file /opt/airflow/dags/pipeline.py for tasks to queue
[2025-03-13T22:37:38.492+0000] {logging_mixin.py:151} INFO - [2025-03-13T22:37:38.492+0000] {dagbag.py:539} INFO - Filling up the DagBag from /opt/airflow/dags/pipeline.py
[2025-03-13T22:37:39.122+0000] {processor.py:839} INFO - DAG(s) dict_keys(['yfinance_ingestion_dag']) retrieved from /opt/airflow/dags/pipeline.py
[2025-03-13T22:37:39.157+0000] {logging_mixin.py:151} INFO - [2025-03-13T22:37:39.156+0000] {dag.py:2915} INFO - Sync 1 DAGs
[2025-03-13T22:37:39.184+0000] {logging_mixin.py:151} INFO - [2025-03-13T22:37:39.184+0000] {dag.py:3696} INFO - Setting next_dagrun for yfinance_ingestion_dag to 2025-01-01T00:00:00+00:00, run_after=2025-01-02T00:00:00+00:00
[2025-03-13T22:37:39.213+0000] {processor.py:179} INFO - Processing /opt/airflow/dags/pipeline.py took 0.727 seconds
[2025-03-13T22:38:09.393+0000] {processor.py:157} INFO - Started process (PID=290) to work on /opt/airflow/dags/pipeline.py
[2025-03-13T22:38:09.394+0000] {processor.py:829} INFO - Processing file /opt/airflow/dags/pipeline.py for tasks to queue
[2025-03-13T22:38:09.395+0000] {logging_mixin.py:151} INFO - [2025-03-13T22:38:09.395+0000] {dagbag.py:539} INFO - Filling up the DagBag from /opt/airflow/dags/pipeline.py
[2025-03-13T22:38:10.042+0000] {processor.py:839} INFO - DAG(s) dict_keys(['yfinance_ingestion_dag']) retrieved from /opt/airflow/dags/pipeline.py
[2025-03-13T22:38:10.073+0000] {logging_mixin.py:151} INFO - [2025-03-13T22:38:10.073+0000] {dag.py:2915} INFO - Sync 1 DAGs
[2025-03-13T22:38:10.101+0000] {logging_mixin.py:151} INFO - [2025-03-13T22:38:10.101+0000] {dag.py:3696} INFO - Setting next_dagrun for yfinance_ingestion_dag to 2025-01-01T00:00:00+00:00, run_after=2025-01-02T00:00:00+00:00
[2025-03-13T22:38:10.127+0000] {processor.py:179} INFO - Processing /opt/airflow/dags/pipeline.py took 0.738 seconds
[2025-03-13T22:38:40.217+0000] {processor.py:157} INFO - Started process (PID=302) to work on /opt/airflow/dags/pipeline.py
[2025-03-13T22:38:40.218+0000] {processor.py:829} INFO - Processing file /opt/airflow/dags/pipeline.py for tasks to queue
[2025-03-13T22:38:40.219+0000] {logging_mixin.py:151} INFO - [2025-03-13T22:38:40.219+0000] {dagbag.py:539} INFO - Filling up the DagBag from /opt/airflow/dags/pipeline.py
[2025-03-13T22:38:40.750+0000] {processor.py:839} INFO - DAG(s) dict_keys(['yfinance_ingestion_dag']) retrieved from /opt/airflow/dags/pipeline.py
[2025-03-13T22:38:40.782+0000] {logging_mixin.py:151} INFO - [2025-03-13T22:38:40.782+0000] {dag.py:2915} INFO - Sync 1 DAGs
[2025-03-13T22:38:40.808+0000] {logging_mixin.py:151} INFO - [2025-03-13T22:38:40.808+0000] {dag.py:3696} INFO - Setting next_dagrun for yfinance_ingestion_dag to 2025-01-01T00:00:00+00:00, run_after=2025-01-02T00:00:00+00:00
[2025-03-13T22:38:40.835+0000] {processor.py:179} INFO - Processing /opt/airflow/dags/pipeline.py took 0.622 seconds
[2025-03-13T22:39:10.945+0000] {processor.py:157} INFO - Started process (PID=314) to work on /opt/airflow/dags/pipeline.py
[2025-03-13T22:39:10.946+0000] {processor.py:829} INFO - Processing file /opt/airflow/dags/pipeline.py for tasks to queue
[2025-03-13T22:39:10.947+0000] {logging_mixin.py:151} INFO - [2025-03-13T22:39:10.947+0000] {dagbag.py:539} INFO - Filling up the DagBag from /opt/airflow/dags/pipeline.py
[2025-03-13T22:39:11.842+0000] {processor.py:839} INFO - DAG(s) dict_keys(['yfinance_ingestion_dag']) retrieved from /opt/airflow/dags/pipeline.py
[2025-03-13T22:39:11.877+0000] {logging_mixin.py:151} INFO - [2025-03-13T22:39:11.876+0000] {dag.py:2915} INFO - Sync 1 DAGs
[2025-03-13T22:39:11.907+0000] {logging_mixin.py:151} INFO - [2025-03-13T22:39:11.907+0000] {dag.py:3696} INFO - Setting next_dagrun for yfinance_ingestion_dag to 2025-01-01T00:00:00+00:00, run_after=2025-01-02T00:00:00+00:00
[2025-03-13T22:39:11.933+0000] {processor.py:179} INFO - Processing /opt/airflow/dags/pipeline.py took 0.992 seconds
[2025-03-13T22:39:42.047+0000] {processor.py:157} INFO - Started process (PID=326) to work on /opt/airflow/dags/pipeline.py
[2025-03-13T22:39:42.048+0000] {processor.py:829} INFO - Processing file /opt/airflow/dags/pipeline.py for tasks to queue
[2025-03-13T22:39:42.049+0000] {logging_mixin.py:151} INFO - [2025-03-13T22:39:42.049+0000] {dagbag.py:539} INFO - Filling up the DagBag from /opt/airflow/dags/pipeline.py
[2025-03-13T22:39:42.679+0000] {processor.py:839} INFO - DAG(s) dict_keys(['yfinance_ingestion_dag']) retrieved from /opt/airflow/dags/pipeline.py
[2025-03-13T22:39:42.723+0000] {logging_mixin.py:151} INFO - [2025-03-13T22:39:42.722+0000] {dag.py:2915} INFO - Sync 1 DAGs
[2025-03-13T22:39:42.760+0000] {logging_mixin.py:151} INFO - [2025-03-13T22:39:42.760+0000] {dag.py:3696} INFO - Setting next_dagrun for yfinance_ingestion_dag to 2025-01-01T00:00:00+00:00, run_after=2025-01-02T00:00:00+00:00
[2025-03-13T22:39:42.793+0000] {processor.py:179} INFO - Processing /opt/airflow/dags/pipeline.py took 0.750 seconds
[2025-03-13T22:40:12.915+0000] {processor.py:157} INFO - Started process (PID=338) to work on /opt/airflow/dags/pipeline.py
[2025-03-13T22:40:12.917+0000] {processor.py:829} INFO - Processing file /opt/airflow/dags/pipeline.py for tasks to queue
[2025-03-13T22:40:12.918+0000] {logging_mixin.py:151} INFO - [2025-03-13T22:40:12.918+0000] {dagbag.py:539} INFO - Filling up the DagBag from /opt/airflow/dags/pipeline.py
[2025-03-13T22:40:13.456+0000] {processor.py:839} INFO - DAG(s) dict_keys(['yfinance_ingestion_dag']) retrieved from /opt/airflow/dags/pipeline.py
[2025-03-13T22:40:13.493+0000] {logging_mixin.py:151} INFO - [2025-03-13T22:40:13.492+0000] {dag.py:2915} INFO - Sync 1 DAGs
[2025-03-13T22:40:13.541+0000] {logging_mixin.py:151} INFO - [2025-03-13T22:40:13.541+0000] {dag.py:3696} INFO - Setting next_dagrun for yfinance_ingestion_dag to 2025-01-01T00:00:00+00:00, run_after=2025-01-02T00:00:00+00:00
[2025-03-13T22:40:13.575+0000] {processor.py:179} INFO - Processing /opt/airflow/dags/pipeline.py took 0.664 seconds
[2025-03-13T22:40:43.709+0000] {processor.py:157} INFO - Started process (PID=350) to work on /opt/airflow/dags/pipeline.py
[2025-03-13T22:40:43.710+0000] {processor.py:829} INFO - Processing file /opt/airflow/dags/pipeline.py for tasks to queue
[2025-03-13T22:40:43.711+0000] {logging_mixin.py:151} INFO - [2025-03-13T22:40:43.711+0000] {dagbag.py:539} INFO - Filling up the DagBag from /opt/airflow/dags/pipeline.py
[2025-03-13T22:40:44.439+0000] {processor.py:839} INFO - DAG(s) dict_keys(['yfinance_ingestion_dag']) retrieved from /opt/airflow/dags/pipeline.py
[2025-03-13T22:40:44.495+0000] {logging_mixin.py:151} INFO - [2025-03-13T22:40:44.494+0000] {dag.py:2915} INFO - Sync 1 DAGs
[2025-03-13T22:40:44.532+0000] {logging_mixin.py:151} INFO - [2025-03-13T22:40:44.532+0000] {dag.py:3696} INFO - Setting next_dagrun for yfinance_ingestion_dag to 2025-01-01T00:00:00+00:00, run_after=2025-01-02T00:00:00+00:00
[2025-03-13T22:40:44.562+0000] {processor.py:179} INFO - Processing /opt/airflow/dags/pipeline.py took 0.858 seconds
[2025-03-13T22:41:14.691+0000] {processor.py:157} INFO - Started process (PID=362) to work on /opt/airflow/dags/pipeline.py
[2025-03-13T22:41:14.693+0000] {processor.py:829} INFO - Processing file /opt/airflow/dags/pipeline.py for tasks to queue
[2025-03-13T22:41:14.695+0000] {logging_mixin.py:151} INFO - [2025-03-13T22:41:14.695+0000] {dagbag.py:539} INFO - Filling up the DagBag from /opt/airflow/dags/pipeline.py
[2025-03-13T22:41:15.477+0000] {processor.py:839} INFO - DAG(s) dict_keys(['yfinance_ingestion_dag']) retrieved from /opt/airflow/dags/pipeline.py
[2025-03-13T22:41:15.525+0000] {logging_mixin.py:151} INFO - [2025-03-13T22:41:15.524+0000] {dag.py:2915} INFO - Sync 1 DAGs
[2025-03-13T22:41:15.550+0000] {logging_mixin.py:151} INFO - [2025-03-13T22:41:15.550+0000] {dag.py:3696} INFO - Setting next_dagrun for yfinance_ingestion_dag to 2025-01-01T00:00:00+00:00, run_after=2025-01-02T00:00:00+00:00
[2025-03-13T22:41:15.573+0000] {processor.py:179} INFO - Processing /opt/airflow/dags/pipeline.py took 0.888 seconds
[2025-03-13T22:41:45.720+0000] {processor.py:157} INFO - Started process (PID=374) to work on /opt/airflow/dags/pipeline.py
[2025-03-13T22:41:45.722+0000] {processor.py:829} INFO - Processing file /opt/airflow/dags/pipeline.py for tasks to queue
[2025-03-13T22:41:45.723+0000] {logging_mixin.py:151} INFO - [2025-03-13T22:41:45.722+0000] {dagbag.py:539} INFO - Filling up the DagBag from /opt/airflow/dags/pipeline.py
[2025-03-13T22:41:46.486+0000] {processor.py:839} INFO - DAG(s) dict_keys(['yfinance_ingestion_dag']) retrieved from /opt/airflow/dags/pipeline.py
[2025-03-13T22:41:46.521+0000] {logging_mixin.py:151} INFO - [2025-03-13T22:41:46.521+0000] {dag.py:2915} INFO - Sync 1 DAGs
[2025-03-13T22:41:46.556+0000] {logging_mixin.py:151} INFO - [2025-03-13T22:41:46.556+0000] {dag.py:3696} INFO - Setting next_dagrun for yfinance_ingestion_dag to 2025-01-01T00:00:00+00:00, run_after=2025-01-02T00:00:00+00:00
[2025-03-13T22:41:46.622+0000] {processor.py:179} INFO - Processing /opt/airflow/dags/pipeline.py took 0.905 seconds
[2025-03-13T22:42:16.734+0000] {processor.py:157} INFO - Started process (PID=386) to work on /opt/airflow/dags/pipeline.py
[2025-03-13T22:42:16.736+0000] {processor.py:829} INFO - Processing file /opt/airflow/dags/pipeline.py for tasks to queue
[2025-03-13T22:42:16.737+0000] {logging_mixin.py:151} INFO - [2025-03-13T22:42:16.737+0000] {dagbag.py:539} INFO - Filling up the DagBag from /opt/airflow/dags/pipeline.py
[2025-03-13T22:42:17.261+0000] {processor.py:839} INFO - DAG(s) dict_keys(['yfinance_ingestion_dag']) retrieved from /opt/airflow/dags/pipeline.py
[2025-03-13T22:42:17.305+0000] {logging_mixin.py:151} INFO - [2025-03-13T22:42:17.304+0000] {dag.py:2915} INFO - Sync 1 DAGs
[2025-03-13T22:42:17.344+0000] {logging_mixin.py:151} INFO - [2025-03-13T22:42:17.344+0000] {dag.py:3696} INFO - Setting next_dagrun for yfinance_ingestion_dag to 2025-01-01T00:00:00+00:00, run_after=2025-01-02T00:00:00+00:00
[2025-03-13T22:42:17.377+0000] {processor.py:179} INFO - Processing /opt/airflow/dags/pipeline.py took 0.649 seconds
[2025-03-13T22:42:48.261+0000] {processor.py:157} INFO - Started process (PID=398) to work on /opt/airflow/dags/pipeline.py
[2025-03-13T22:42:48.262+0000] {processor.py:829} INFO - Processing file /opt/airflow/dags/pipeline.py for tasks to queue
[2025-03-13T22:42:48.264+0000] {logging_mixin.py:151} INFO - [2025-03-13T22:42:48.264+0000] {dagbag.py:539} INFO - Filling up the DagBag from /opt/airflow/dags/pipeline.py
[2025-03-13T22:42:48.835+0000] {processor.py:839} INFO - DAG(s) dict_keys(['yfinance_ingestion_dag']) retrieved from /opt/airflow/dags/pipeline.py
[2025-03-13T22:42:48.865+0000] {logging_mixin.py:151} INFO - [2025-03-13T22:42:48.865+0000] {dag.py:2915} INFO - Sync 1 DAGs
[2025-03-13T22:42:48.893+0000] {logging_mixin.py:151} INFO - [2025-03-13T22:42:48.893+0000] {dag.py:3696} INFO - Setting next_dagrun for yfinance_ingestion_dag to 2025-01-01T00:00:00+00:00, run_after=2025-01-02T00:00:00+00:00
[2025-03-13T22:42:48.931+0000] {processor.py:179} INFO - Processing /opt/airflow/dags/pipeline.py took 0.674 seconds
[2025-03-13T22:43:19.058+0000] {processor.py:157} INFO - Started process (PID=410) to work on /opt/airflow/dags/pipeline.py
[2025-03-13T22:43:19.059+0000] {processor.py:829} INFO - Processing file /opt/airflow/dags/pipeline.py for tasks to queue
[2025-03-13T22:43:19.061+0000] {logging_mixin.py:151} INFO - [2025-03-13T22:43:19.061+0000] {dagbag.py:539} INFO - Filling up the DagBag from /opt/airflow/dags/pipeline.py
[2025-03-13T22:43:19.695+0000] {processor.py:839} INFO - DAG(s) dict_keys(['yfinance_ingestion_dag']) retrieved from /opt/airflow/dags/pipeline.py
[2025-03-13T22:43:19.730+0000] {logging_mixin.py:151} INFO - [2025-03-13T22:43:19.730+0000] {dag.py:2915} INFO - Sync 1 DAGs
[2025-03-13T22:43:19.773+0000] {logging_mixin.py:151} INFO - [2025-03-13T22:43:19.773+0000] {dag.py:3696} INFO - Setting next_dagrun for yfinance_ingestion_dag to 2025-01-01T00:00:00+00:00, run_after=2025-01-02T00:00:00+00:00
[2025-03-13T22:43:19.814+0000] {processor.py:179} INFO - Processing /opt/airflow/dags/pipeline.py took 0.761 seconds
[2025-03-13T22:43:49.939+0000] {processor.py:157} INFO - Started process (PID=422) to work on /opt/airflow/dags/pipeline.py
[2025-03-13T22:43:49.941+0000] {processor.py:829} INFO - Processing file /opt/airflow/dags/pipeline.py for tasks to queue
[2025-03-13T22:43:49.942+0000] {logging_mixin.py:151} INFO - [2025-03-13T22:43:49.942+0000] {dagbag.py:539} INFO - Filling up the DagBag from /opt/airflow/dags/pipeline.py
[2025-03-13T22:43:50.626+0000] {processor.py:839} INFO - DAG(s) dict_keys(['yfinance_ingestion_dag']) retrieved from /opt/airflow/dags/pipeline.py
[2025-03-13T22:43:50.669+0000] {logging_mixin.py:151} INFO - [2025-03-13T22:43:50.668+0000] {dag.py:2915} INFO - Sync 1 DAGs
[2025-03-13T22:43:50.711+0000] {logging_mixin.py:151} INFO - [2025-03-13T22:43:50.710+0000] {dag.py:3696} INFO - Setting next_dagrun for yfinance_ingestion_dag to 2025-01-01T00:00:00+00:00, run_after=2025-01-02T00:00:00+00:00
[2025-03-13T22:43:50.751+0000] {processor.py:179} INFO - Processing /opt/airflow/dags/pipeline.py took 0.816 seconds
[2025-03-13T22:44:20.879+0000] {processor.py:157} INFO - Started process (PID=434) to work on /opt/airflow/dags/pipeline.py
[2025-03-13T22:44:20.881+0000] {processor.py:829} INFO - Processing file /opt/airflow/dags/pipeline.py for tasks to queue
[2025-03-13T22:44:20.930+0000] {logging_mixin.py:151} INFO - [2025-03-13T22:44:20.930+0000] {dagbag.py:539} INFO - Filling up the DagBag from /opt/airflow/dags/pipeline.py
[2025-03-13T22:44:22.035+0000] {processor.py:839} INFO - DAG(s) dict_keys(['yfinance_ingestion_dag']) retrieved from /opt/airflow/dags/pipeline.py
[2025-03-13T22:44:22.084+0000] {logging_mixin.py:151} INFO - [2025-03-13T22:44:22.082+0000] {dag.py:2915} INFO - Sync 1 DAGs
[2025-03-13T22:44:22.140+0000] {logging_mixin.py:151} INFO - [2025-03-13T22:44:22.140+0000] {dag.py:3696} INFO - Setting next_dagrun for yfinance_ingestion_dag to 2025-01-01T00:00:00+00:00, run_after=2025-01-02T00:00:00+00:00
[2025-03-13T22:44:22.206+0000] {processor.py:179} INFO - Processing /opt/airflow/dags/pipeline.py took 1.332 seconds
[2025-03-13T22:44:52.364+0000] {processor.py:157} INFO - Started process (PID=446) to work on /opt/airflow/dags/pipeline.py
[2025-03-13T22:44:52.365+0000] {processor.py:829} INFO - Processing file /opt/airflow/dags/pipeline.py for tasks to queue
[2025-03-13T22:44:52.366+0000] {logging_mixin.py:151} INFO - [2025-03-13T22:44:52.366+0000] {dagbag.py:539} INFO - Filling up the DagBag from /opt/airflow/dags/pipeline.py
[2025-03-13T22:44:52.953+0000] {processor.py:839} INFO - DAG(s) dict_keys(['yfinance_ingestion_dag']) retrieved from /opt/airflow/dags/pipeline.py
[2025-03-13T22:44:52.990+0000] {logging_mixin.py:151} INFO - [2025-03-13T22:44:52.989+0000] {dag.py:2915} INFO - Sync 1 DAGs
[2025-03-13T22:44:53.029+0000] {logging_mixin.py:151} INFO - [2025-03-13T22:44:53.029+0000] {dag.py:3696} INFO - Setting next_dagrun for yfinance_ingestion_dag to 2025-01-01T00:00:00+00:00, run_after=2025-01-02T00:00:00+00:00
[2025-03-13T22:44:53.062+0000] {processor.py:179} INFO - Processing /opt/airflow/dags/pipeline.py took 0.702 seconds
[2025-03-13T22:45:23.156+0000] {processor.py:157} INFO - Started process (PID=458) to work on /opt/airflow/dags/pipeline.py
[2025-03-13T22:45:23.157+0000] {processor.py:829} INFO - Processing file /opt/airflow/dags/pipeline.py for tasks to queue
[2025-03-13T22:45:23.159+0000] {logging_mixin.py:151} INFO - [2025-03-13T22:45:23.158+0000] {dagbag.py:539} INFO - Filling up the DagBag from /opt/airflow/dags/pipeline.py
[2025-03-13T22:45:23.753+0000] {processor.py:839} INFO - DAG(s) dict_keys(['yfinance_ingestion_dag']) retrieved from /opt/airflow/dags/pipeline.py
[2025-03-13T22:45:23.786+0000] {logging_mixin.py:151} INFO - [2025-03-13T22:45:23.786+0000] {dag.py:2915} INFO - Sync 1 DAGs
[2025-03-13T22:45:23.815+0000] {logging_mixin.py:151} INFO - [2025-03-13T22:45:23.815+0000] {dag.py:3696} INFO - Setting next_dagrun for yfinance_ingestion_dag to 2025-01-01T00:00:00+00:00, run_after=2025-01-02T00:00:00+00:00
[2025-03-13T22:45:23.846+0000] {processor.py:179} INFO - Processing /opt/airflow/dags/pipeline.py took 0.694 seconds
[2025-03-13T22:45:53.945+0000] {processor.py:157} INFO - Started process (PID=470) to work on /opt/airflow/dags/pipeline.py
[2025-03-13T22:45:53.947+0000] {processor.py:829} INFO - Processing file /opt/airflow/dags/pipeline.py for tasks to queue
[2025-03-13T22:45:53.949+0000] {logging_mixin.py:151} INFO - [2025-03-13T22:45:53.949+0000] {dagbag.py:539} INFO - Filling up the DagBag from /opt/airflow/dags/pipeline.py
[2025-03-13T22:45:54.655+0000] {processor.py:839} INFO - DAG(s) dict_keys(['yfinance_ingestion_dag']) retrieved from /opt/airflow/dags/pipeline.py
[2025-03-13T22:45:54.690+0000] {logging_mixin.py:151} INFO - [2025-03-13T22:45:54.690+0000] {dag.py:2915} INFO - Sync 1 DAGs
[2025-03-13T22:45:54.726+0000] {logging_mixin.py:151} INFO - [2025-03-13T22:45:54.725+0000] {dag.py:3696} INFO - Setting next_dagrun for yfinance_ingestion_dag to 2025-01-01T00:00:00+00:00, run_after=2025-01-02T00:00:00+00:00
[2025-03-13T22:45:54.760+0000] {processor.py:179} INFO - Processing /opt/airflow/dags/pipeline.py took 0.820 seconds
[2025-03-13T22:46:24.890+0000] {processor.py:157} INFO - Started process (PID=482) to work on /opt/airflow/dags/pipeline.py
[2025-03-13T22:46:24.891+0000] {processor.py:829} INFO - Processing file /opt/airflow/dags/pipeline.py for tasks to queue
[2025-03-13T22:46:24.892+0000] {logging_mixin.py:151} INFO - [2025-03-13T22:46:24.892+0000] {dagbag.py:539} INFO - Filling up the DagBag from /opt/airflow/dags/pipeline.py
[2025-03-13T22:46:25.402+0000] {processor.py:839} INFO - DAG(s) dict_keys(['yfinance_ingestion_dag']) retrieved from /opt/airflow/dags/pipeline.py
[2025-03-13T22:46:25.442+0000] {logging_mixin.py:151} INFO - [2025-03-13T22:46:25.442+0000] {dag.py:2915} INFO - Sync 1 DAGs
[2025-03-13T22:46:25.472+0000] {logging_mixin.py:151} INFO - [2025-03-13T22:46:25.472+0000] {dag.py:3696} INFO - Setting next_dagrun for yfinance_ingestion_dag to 2025-01-01T00:00:00+00:00, run_after=2025-01-02T00:00:00+00:00
[2025-03-13T22:46:25.498+0000] {processor.py:179} INFO - Processing /opt/airflow/dags/pipeline.py took 0.612 seconds
[2025-03-13T22:46:55.564+0000] {processor.py:157} INFO - Started process (PID=494) to work on /opt/airflow/dags/pipeline.py
[2025-03-13T22:46:55.565+0000] {processor.py:829} INFO - Processing file /opt/airflow/dags/pipeline.py for tasks to queue
[2025-03-13T22:46:55.566+0000] {logging_mixin.py:151} INFO - [2025-03-13T22:46:55.566+0000] {dagbag.py:539} INFO - Filling up the DagBag from /opt/airflow/dags/pipeline.py
[2025-03-13T22:46:56.181+0000] {processor.py:839} INFO - DAG(s) dict_keys(['yfinance_ingestion_dag']) retrieved from /opt/airflow/dags/pipeline.py
[2025-03-13T22:46:56.214+0000] {logging_mixin.py:151} INFO - [2025-03-13T22:46:56.213+0000] {dag.py:2915} INFO - Sync 1 DAGs
[2025-03-13T22:46:56.242+0000] {logging_mixin.py:151} INFO - [2025-03-13T22:46:56.242+0000] {dag.py:3696} INFO - Setting next_dagrun for yfinance_ingestion_dag to 2025-01-01T00:00:00+00:00, run_after=2025-01-02T00:00:00+00:00
[2025-03-13T22:46:56.270+0000] {processor.py:179} INFO - Processing /opt/airflow/dags/pipeline.py took 0.710 seconds
[2025-03-13T22:47:26.397+0000] {processor.py:157} INFO - Started process (PID=506) to work on /opt/airflow/dags/pipeline.py
[2025-03-13T22:47:26.398+0000] {processor.py:829} INFO - Processing file /opt/airflow/dags/pipeline.py for tasks to queue
[2025-03-13T22:47:26.399+0000] {logging_mixin.py:151} INFO - [2025-03-13T22:47:26.399+0000] {dagbag.py:539} INFO - Filling up the DagBag from /opt/airflow/dags/pipeline.py
[2025-03-13T22:47:26.939+0000] {processor.py:839} INFO - DAG(s) dict_keys(['yfinance_ingestion_dag']) retrieved from /opt/airflow/dags/pipeline.py
[2025-03-13T22:47:26.971+0000] {logging_mixin.py:151} INFO - [2025-03-13T22:47:26.970+0000] {dag.py:2915} INFO - Sync 1 DAGs
[2025-03-13T22:47:27.001+0000] {logging_mixin.py:151} INFO - [2025-03-13T22:47:27.001+0000] {dag.py:3696} INFO - Setting next_dagrun for yfinance_ingestion_dag to 2025-01-01T00:00:00+00:00, run_after=2025-01-02T00:00:00+00:00
[2025-03-13T22:47:27.029+0000] {processor.py:179} INFO - Processing /opt/airflow/dags/pipeline.py took 0.635 seconds
[2025-03-13T22:47:57.118+0000] {processor.py:157} INFO - Started process (PID=518) to work on /opt/airflow/dags/pipeline.py
[2025-03-13T22:47:57.120+0000] {processor.py:829} INFO - Processing file /opt/airflow/dags/pipeline.py for tasks to queue
[2025-03-13T22:47:57.122+0000] {logging_mixin.py:151} INFO - [2025-03-13T22:47:57.121+0000] {dagbag.py:539} INFO - Filling up the DagBag from /opt/airflow/dags/pipeline.py
[2025-03-13T22:47:57.752+0000] {processor.py:839} INFO - DAG(s) dict_keys(['yfinance_ingestion_dag']) retrieved from /opt/airflow/dags/pipeline.py
[2025-03-13T22:47:57.787+0000] {logging_mixin.py:151} INFO - [2025-03-13T22:47:57.786+0000] {dag.py:2915} INFO - Sync 1 DAGs
[2025-03-13T22:47:57.819+0000] {logging_mixin.py:151} INFO - [2025-03-13T22:47:57.819+0000] {dag.py:3696} INFO - Setting next_dagrun for yfinance_ingestion_dag to 2025-01-01T00:00:00+00:00, run_after=2025-01-02T00:00:00+00:00
[2025-03-13T22:47:57.852+0000] {processor.py:179} INFO - Processing /opt/airflow/dags/pipeline.py took 0.738 seconds
[2025-03-13T22:48:27.968+0000] {processor.py:157} INFO - Started process (PID=530) to work on /opt/airflow/dags/pipeline.py
[2025-03-13T22:48:27.970+0000] {processor.py:829} INFO - Processing file /opt/airflow/dags/pipeline.py for tasks to queue
[2025-03-13T22:48:27.971+0000] {logging_mixin.py:151} INFO - [2025-03-13T22:48:27.971+0000] {dagbag.py:539} INFO - Filling up the DagBag from /opt/airflow/dags/pipeline.py
[2025-03-13T22:48:28.579+0000] {processor.py:839} INFO - DAG(s) dict_keys(['yfinance_ingestion_dag']) retrieved from /opt/airflow/dags/pipeline.py
[2025-03-13T22:48:28.612+0000] {logging_mixin.py:151} INFO - [2025-03-13T22:48:28.612+0000] {dag.py:2915} INFO - Sync 1 DAGs
[2025-03-13T22:48:28.644+0000] {logging_mixin.py:151} INFO - [2025-03-13T22:48:28.644+0000] {dag.py:3696} INFO - Setting next_dagrun for yfinance_ingestion_dag to 2025-01-01T00:00:00+00:00, run_after=2025-01-02T00:00:00+00:00
[2025-03-13T22:48:28.669+0000] {processor.py:179} INFO - Processing /opt/airflow/dags/pipeline.py took 0.707 seconds
[2025-03-13T22:48:58.765+0000] {processor.py:157} INFO - Started process (PID=542) to work on /opt/airflow/dags/pipeline.py
[2025-03-13T22:48:58.767+0000] {processor.py:829} INFO - Processing file /opt/airflow/dags/pipeline.py for tasks to queue
[2025-03-13T22:48:58.768+0000] {logging_mixin.py:151} INFO - [2025-03-13T22:48:58.768+0000] {dagbag.py:539} INFO - Filling up the DagBag from /opt/airflow/dags/pipeline.py
[2025-03-13T22:48:59.494+0000] {processor.py:839} INFO - DAG(s) dict_keys(['yfinance_ingestion_dag']) retrieved from /opt/airflow/dags/pipeline.py
[2025-03-13T22:48:59.546+0000] {logging_mixin.py:151} INFO - [2025-03-13T22:48:59.544+0000] {dag.py:2915} INFO - Sync 1 DAGs
[2025-03-13T22:48:59.602+0000] {logging_mixin.py:151} INFO - [2025-03-13T22:48:59.601+0000] {dag.py:3696} INFO - Setting next_dagrun for yfinance_ingestion_dag to 2025-01-01T00:00:00+00:00, run_after=2025-01-02T00:00:00+00:00
[2025-03-13T22:48:59.643+0000] {processor.py:179} INFO - Processing /opt/airflow/dags/pipeline.py took 0.885 seconds
[2025-03-13T22:49:30.199+0000] {processor.py:157} INFO - Started process (PID=554) to work on /opt/airflow/dags/pipeline.py
[2025-03-13T22:49:30.200+0000] {processor.py:829} INFO - Processing file /opt/airflow/dags/pipeline.py for tasks to queue
[2025-03-13T22:49:30.202+0000] {logging_mixin.py:151} INFO - [2025-03-13T22:49:30.201+0000] {dagbag.py:539} INFO - Filling up the DagBag from /opt/airflow/dags/pipeline.py
[2025-03-13T22:49:30.904+0000] {processor.py:839} INFO - DAG(s) dict_keys(['yfinance_ingestion_dag']) retrieved from /opt/airflow/dags/pipeline.py
[2025-03-13T22:49:30.942+0000] {logging_mixin.py:151} INFO - [2025-03-13T22:49:30.941+0000] {dag.py:2915} INFO - Sync 1 DAGs
[2025-03-13T22:49:30.971+0000] {logging_mixin.py:151} INFO - [2025-03-13T22:49:30.970+0000] {dag.py:3696} INFO - Setting next_dagrun for yfinance_ingestion_dag to 2025-01-01T00:00:00+00:00, run_after=2025-01-02T00:00:00+00:00
[2025-03-13T22:49:31.006+0000] {processor.py:179} INFO - Processing /opt/airflow/dags/pipeline.py took 0.811 seconds
[2025-03-13T22:50:01.074+0000] {processor.py:157} INFO - Started process (PID=566) to work on /opt/airflow/dags/pipeline.py
[2025-03-13T22:50:01.076+0000] {processor.py:829} INFO - Processing file /opt/airflow/dags/pipeline.py for tasks to queue
[2025-03-13T22:50:01.078+0000] {logging_mixin.py:151} INFO - [2025-03-13T22:50:01.077+0000] {dagbag.py:539} INFO - Filling up the DagBag from /opt/airflow/dags/pipeline.py
[2025-03-13T22:50:02.003+0000] {processor.py:839} INFO - DAG(s) dict_keys(['yfinance_ingestion_dag']) retrieved from /opt/airflow/dags/pipeline.py
[2025-03-13T22:50:02.035+0000] {logging_mixin.py:151} INFO - [2025-03-13T22:50:02.034+0000] {dag.py:2915} INFO - Sync 1 DAGs
[2025-03-13T22:50:02.070+0000] {logging_mixin.py:151} INFO - [2025-03-13T22:50:02.069+0000] {dag.py:3696} INFO - Setting next_dagrun for yfinance_ingestion_dag to 2025-01-01T00:00:00+00:00, run_after=2025-01-02T00:00:00+00:00
[2025-03-13T22:50:02.098+0000] {processor.py:179} INFO - Processing /opt/airflow/dags/pipeline.py took 1.029 seconds
[2025-03-13T22:50:32.190+0000] {processor.py:157} INFO - Started process (PID=578) to work on /opt/airflow/dags/pipeline.py
[2025-03-13T22:50:32.192+0000] {processor.py:829} INFO - Processing file /opt/airflow/dags/pipeline.py for tasks to queue
[2025-03-13T22:50:32.193+0000] {logging_mixin.py:151} INFO - [2025-03-13T22:50:32.192+0000] {dagbag.py:539} INFO - Filling up the DagBag from /opt/airflow/dags/pipeline.py
[2025-03-13T22:50:32.801+0000] {processor.py:839} INFO - DAG(s) dict_keys(['yfinance_ingestion_dag']) retrieved from /opt/airflow/dags/pipeline.py
[2025-03-13T22:50:32.848+0000] {logging_mixin.py:151} INFO - [2025-03-13T22:50:32.847+0000] {dag.py:2915} INFO - Sync 1 DAGs
[2025-03-13T22:50:32.898+0000] {logging_mixin.py:151} INFO - [2025-03-13T22:50:32.898+0000] {dag.py:3696} INFO - Setting next_dagrun for yfinance_ingestion_dag to 2025-01-01T00:00:00+00:00, run_after=2025-01-02T00:00:00+00:00
[2025-03-13T22:50:32.941+0000] {processor.py:179} INFO - Processing /opt/airflow/dags/pipeline.py took 0.754 seconds
[2025-03-13T22:51:03.047+0000] {processor.py:157} INFO - Started process (PID=590) to work on /opt/airflow/dags/pipeline.py
[2025-03-13T22:51:03.049+0000] {processor.py:829} INFO - Processing file /opt/airflow/dags/pipeline.py for tasks to queue
[2025-03-13T22:51:03.050+0000] {logging_mixin.py:151} INFO - [2025-03-13T22:51:03.049+0000] {dagbag.py:539} INFO - Filling up the DagBag from /opt/airflow/dags/pipeline.py
[2025-03-13T22:51:03.670+0000] {processor.py:839} INFO - DAG(s) dict_keys(['yfinance_ingestion_dag']) retrieved from /opt/airflow/dags/pipeline.py
[2025-03-13T22:51:03.702+0000] {logging_mixin.py:151} INFO - [2025-03-13T22:51:03.701+0000] {dag.py:2915} INFO - Sync 1 DAGs
[2025-03-13T22:51:03.757+0000] {logging_mixin.py:151} INFO - [2025-03-13T22:51:03.757+0000] {dag.py:3696} INFO - Setting next_dagrun for yfinance_ingestion_dag to 2025-01-01T00:00:00+00:00, run_after=2025-01-02T00:00:00+00:00
[2025-03-13T22:51:03.806+0000] {processor.py:179} INFO - Processing /opt/airflow/dags/pipeline.py took 0.762 seconds
[2025-03-13T22:51:33.900+0000] {processor.py:157} INFO - Started process (PID=602) to work on /opt/airflow/dags/pipeline.py
[2025-03-13T22:51:33.902+0000] {processor.py:829} INFO - Processing file /opt/airflow/dags/pipeline.py for tasks to queue
[2025-03-13T22:51:33.904+0000] {logging_mixin.py:151} INFO - [2025-03-13T22:51:33.903+0000] {dagbag.py:539} INFO - Filling up the DagBag from /opt/airflow/dags/pipeline.py
[2025-03-13T22:51:34.750+0000] {processor.py:839} INFO - DAG(s) dict_keys(['yfinance_ingestion_dag']) retrieved from /opt/airflow/dags/pipeline.py
[2025-03-13T22:51:34.792+0000] {logging_mixin.py:151} INFO - [2025-03-13T22:51:34.791+0000] {dag.py:2915} INFO - Sync 1 DAGs
[2025-03-13T22:51:34.845+0000] {logging_mixin.py:151} INFO - [2025-03-13T22:51:34.844+0000] {dag.py:3696} INFO - Setting next_dagrun for yfinance_ingestion_dag to 2025-01-01T00:00:00+00:00, run_after=2025-01-02T00:00:00+00:00
[2025-03-13T22:51:34.878+0000] {processor.py:179} INFO - Processing /opt/airflow/dags/pipeline.py took 0.984 seconds
[2025-03-13T22:52:05.065+0000] {processor.py:157} INFO - Started process (PID=614) to work on /opt/airflow/dags/pipeline.py
[2025-03-13T22:52:05.067+0000] {processor.py:829} INFO - Processing file /opt/airflow/dags/pipeline.py for tasks to queue
[2025-03-13T22:52:05.070+0000] {logging_mixin.py:151} INFO - [2025-03-13T22:52:05.069+0000] {dagbag.py:539} INFO - Filling up the DagBag from /opt/airflow/dags/pipeline.py
[2025-03-13T22:52:06.655+0000] {processor.py:839} INFO - DAG(s) dict_keys(['yfinance_ingestion_dag']) retrieved from /opt/airflow/dags/pipeline.py
[2025-03-13T22:52:06.684+0000] {logging_mixin.py:151} INFO - [2025-03-13T22:52:06.684+0000] {dag.py:2915} INFO - Sync 1 DAGs
[2025-03-13T22:52:06.713+0000] {logging_mixin.py:151} INFO - [2025-03-13T22:52:06.713+0000] {dag.py:3696} INFO - Setting next_dagrun for yfinance_ingestion_dag to 2025-01-01T00:00:00+00:00, run_after=2025-01-02T00:00:00+00:00
[2025-03-13T22:52:06.750+0000] {processor.py:179} INFO - Processing /opt/airflow/dags/pipeline.py took 1.693 seconds
[2025-03-13T22:52:36.892+0000] {processor.py:157} INFO - Started process (PID=626) to work on /opt/airflow/dags/pipeline.py
[2025-03-13T22:52:36.893+0000] {processor.py:829} INFO - Processing file /opt/airflow/dags/pipeline.py for tasks to queue
[2025-03-13T22:52:36.895+0000] {logging_mixin.py:151} INFO - [2025-03-13T22:52:36.894+0000] {dagbag.py:539} INFO - Filling up the DagBag from /opt/airflow/dags/pipeline.py
[2025-03-13T22:52:37.659+0000] {processor.py:839} INFO - DAG(s) dict_keys(['yfinance_ingestion_dag']) retrieved from /opt/airflow/dags/pipeline.py
[2025-03-13T22:52:37.704+0000] {logging_mixin.py:151} INFO - [2025-03-13T22:52:37.703+0000] {dag.py:2915} INFO - Sync 1 DAGs
[2025-03-13T22:52:37.755+0000] {logging_mixin.py:151} INFO - [2025-03-13T22:52:37.754+0000] {dag.py:3696} INFO - Setting next_dagrun for yfinance_ingestion_dag to 2025-01-01T00:00:00+00:00, run_after=2025-01-02T00:00:00+00:00
[2025-03-13T22:52:37.786+0000] {processor.py:179} INFO - Processing /opt/airflow/dags/pipeline.py took 0.899 seconds
[2025-03-13T22:53:07.932+0000] {processor.py:157} INFO - Started process (PID=638) to work on /opt/airflow/dags/pipeline.py
[2025-03-13T22:53:07.934+0000] {processor.py:829} INFO - Processing file /opt/airflow/dags/pipeline.py for tasks to queue
[2025-03-13T22:53:07.935+0000] {logging_mixin.py:151} INFO - [2025-03-13T22:53:07.935+0000] {dagbag.py:539} INFO - Filling up the DagBag from /opt/airflow/dags/pipeline.py
[2025-03-13T22:53:08.479+0000] {processor.py:839} INFO - DAG(s) dict_keys(['yfinance_ingestion_dag']) retrieved from /opt/airflow/dags/pipeline.py
[2025-03-13T22:53:08.510+0000] {logging_mixin.py:151} INFO - [2025-03-13T22:53:08.510+0000] {dag.py:2915} INFO - Sync 1 DAGs
[2025-03-13T22:53:08.546+0000] {logging_mixin.py:151} INFO - [2025-03-13T22:53:08.545+0000] {dag.py:3696} INFO - Setting next_dagrun for yfinance_ingestion_dag to 2025-01-01T00:00:00+00:00, run_after=2025-01-02T00:00:00+00:00
[2025-03-13T22:53:08.579+0000] {processor.py:179} INFO - Processing /opt/airflow/dags/pipeline.py took 0.652 seconds
[2025-03-13T22:53:38.704+0000] {processor.py:157} INFO - Started process (PID=650) to work on /opt/airflow/dags/pipeline.py
[2025-03-13T22:53:38.706+0000] {processor.py:829} INFO - Processing file /opt/airflow/dags/pipeline.py for tasks to queue
[2025-03-13T22:53:38.708+0000] {logging_mixin.py:151} INFO - [2025-03-13T22:53:38.707+0000] {dagbag.py:539} INFO - Filling up the DagBag from /opt/airflow/dags/pipeline.py
[2025-03-13T22:53:39.267+0000] {processor.py:839} INFO - DAG(s) dict_keys(['yfinance_ingestion_dag']) retrieved from /opt/airflow/dags/pipeline.py
[2025-03-13T22:53:39.297+0000] {logging_mixin.py:151} INFO - [2025-03-13T22:53:39.297+0000] {dag.py:2915} INFO - Sync 1 DAGs
[2025-03-13T22:53:39.323+0000] {logging_mixin.py:151} INFO - [2025-03-13T22:53:39.323+0000] {dag.py:3696} INFO - Setting next_dagrun for yfinance_ingestion_dag to 2025-01-01T00:00:00+00:00, run_after=2025-01-02T00:00:00+00:00
[2025-03-13T22:53:39.352+0000] {processor.py:179} INFO - Processing /opt/airflow/dags/pipeline.py took 0.653 seconds
[2025-03-13T22:54:09.553+0000] {processor.py:157} INFO - Started process (PID=662) to work on /opt/airflow/dags/pipeline.py
[2025-03-13T22:54:09.555+0000] {processor.py:829} INFO - Processing file /opt/airflow/dags/pipeline.py for tasks to queue
[2025-03-13T22:54:09.557+0000] {logging_mixin.py:151} INFO - [2025-03-13T22:54:09.557+0000] {dagbag.py:539} INFO - Filling up the DagBag from /opt/airflow/dags/pipeline.py
[2025-03-13T22:54:10.096+0000] {processor.py:839} INFO - DAG(s) dict_keys(['yfinance_ingestion_dag']) retrieved from /opt/airflow/dags/pipeline.py
[2025-03-13T22:54:10.125+0000] {logging_mixin.py:151} INFO - [2025-03-13T22:54:10.125+0000] {dag.py:2915} INFO - Sync 1 DAGs
[2025-03-13T22:54:10.150+0000] {logging_mixin.py:151} INFO - [2025-03-13T22:54:10.150+0000] {dag.py:3696} INFO - Setting next_dagrun for yfinance_ingestion_dag to 2025-01-01T00:00:00+00:00, run_after=2025-01-02T00:00:00+00:00
[2025-03-13T22:54:10.181+0000] {processor.py:179} INFO - Processing /opt/airflow/dags/pipeline.py took 0.633 seconds
[2025-03-13T22:54:40.293+0000] {processor.py:157} INFO - Started process (PID=674) to work on /opt/airflow/dags/pipeline.py
[2025-03-13T22:54:40.294+0000] {processor.py:829} INFO - Processing file /opt/airflow/dags/pipeline.py for tasks to queue
[2025-03-13T22:54:40.295+0000] {logging_mixin.py:151} INFO - [2025-03-13T22:54:40.295+0000] {dagbag.py:539} INFO - Filling up the DagBag from /opt/airflow/dags/pipeline.py
[2025-03-13T22:54:40.869+0000] {processor.py:839} INFO - DAG(s) dict_keys(['yfinance_ingestion_dag']) retrieved from /opt/airflow/dags/pipeline.py
[2025-03-13T22:54:40.898+0000] {logging_mixin.py:151} INFO - [2025-03-13T22:54:40.897+0000] {dag.py:2915} INFO - Sync 1 DAGs
[2025-03-13T22:54:40.925+0000] {logging_mixin.py:151} INFO - [2025-03-13T22:54:40.925+0000] {dag.py:3696} INFO - Setting next_dagrun for yfinance_ingestion_dag to 2025-01-01T00:00:00+00:00, run_after=2025-01-02T00:00:00+00:00
[2025-03-13T22:54:40.952+0000] {processor.py:179} INFO - Processing /opt/airflow/dags/pipeline.py took 0.664 seconds
[2025-03-13T22:55:11.159+0000] {processor.py:157} INFO - Started process (PID=686) to work on /opt/airflow/dags/pipeline.py
[2025-03-13T22:55:11.161+0000] {processor.py:829} INFO - Processing file /opt/airflow/dags/pipeline.py for tasks to queue
[2025-03-13T22:55:11.163+0000] {logging_mixin.py:151} INFO - [2025-03-13T22:55:11.162+0000] {dagbag.py:539} INFO - Filling up the DagBag from /opt/airflow/dags/pipeline.py
[2025-03-13T22:55:12.554+0000] {processor.py:839} INFO - DAG(s) dict_keys(['yfinance_ingestion_dag']) retrieved from /opt/airflow/dags/pipeline.py
[2025-03-13T22:55:12.640+0000] {logging_mixin.py:151} INFO - [2025-03-13T22:55:12.639+0000] {dag.py:2915} INFO - Sync 1 DAGs
[2025-03-13T22:55:12.736+0000] {logging_mixin.py:151} INFO - [2025-03-13T22:55:12.734+0000] {dag.py:3696} INFO - Setting next_dagrun for yfinance_ingestion_dag to 2025-01-01T00:00:00+00:00, run_after=2025-01-02T00:00:00+00:00
[2025-03-13T22:55:12.817+0000] {processor.py:179} INFO - Processing /opt/airflow/dags/pipeline.py took 1.663 seconds
[2025-03-13T22:55:43.666+0000] {processor.py:157} INFO - Started process (PID=698) to work on /opt/airflow/dags/pipeline.py
[2025-03-13T22:55:43.668+0000] {processor.py:829} INFO - Processing file /opt/airflow/dags/pipeline.py for tasks to queue
[2025-03-13T22:55:43.680+0000] {logging_mixin.py:151} INFO - [2025-03-13T22:55:43.678+0000] {dagbag.py:539} INFO - Filling up the DagBag from /opt/airflow/dags/pipeline.py
[2025-03-13T22:55:45.344+0000] {processor.py:839} INFO - DAG(s) dict_keys(['yfinance_ingestion_dag']) retrieved from /opt/airflow/dags/pipeline.py
[2025-03-13T22:55:45.445+0000] {logging_mixin.py:151} INFO - [2025-03-13T22:55:45.444+0000] {dag.py:2915} INFO - Sync 1 DAGs
[2025-03-13T22:55:45.483+0000] {logging_mixin.py:151} INFO - [2025-03-13T22:55:45.483+0000] {dag.py:3696} INFO - Setting next_dagrun for yfinance_ingestion_dag to 2025-01-01T00:00:00+00:00, run_after=2025-01-02T00:00:00+00:00
[2025-03-13T22:55:45.565+0000] {processor.py:179} INFO - Processing /opt/airflow/dags/pipeline.py took 1.908 seconds
[2025-03-13T22:56:15.872+0000] {processor.py:157} INFO - Started process (PID=710) to work on /opt/airflow/dags/pipeline.py
[2025-03-13T22:56:15.876+0000] {processor.py:829} INFO - Processing file /opt/airflow/dags/pipeline.py for tasks to queue
[2025-03-13T22:56:15.878+0000] {logging_mixin.py:151} INFO - [2025-03-13T22:56:15.877+0000] {dagbag.py:539} INFO - Filling up the DagBag from /opt/airflow/dags/pipeline.py
[2025-03-13T22:56:16.932+0000] {processor.py:839} INFO - DAG(s) dict_keys(['yfinance_ingestion_dag']) retrieved from /opt/airflow/dags/pipeline.py
[2025-03-13T22:56:16.981+0000] {logging_mixin.py:151} INFO - [2025-03-13T22:56:16.980+0000] {dag.py:2915} INFO - Sync 1 DAGs
[2025-03-13T22:56:17.049+0000] {logging_mixin.py:151} INFO - [2025-03-13T22:56:17.048+0000] {dag.py:3696} INFO - Setting next_dagrun for yfinance_ingestion_dag to 2025-01-01T00:00:00+00:00, run_after=2025-01-02T00:00:00+00:00
[2025-03-13T22:56:17.088+0000] {processor.py:179} INFO - Processing /opt/airflow/dags/pipeline.py took 1.228 seconds
[2025-03-13T22:56:48.123+0000] {processor.py:157} INFO - Started process (PID=722) to work on /opt/airflow/dags/pipeline.py
[2025-03-13T22:56:48.130+0000] {processor.py:829} INFO - Processing file /opt/airflow/dags/pipeline.py for tasks to queue
[2025-03-13T22:56:48.132+0000] {logging_mixin.py:151} INFO - [2025-03-13T22:56:48.132+0000] {dagbag.py:539} INFO - Filling up the DagBag from /opt/airflow/dags/pipeline.py
[2025-03-13T22:56:49.193+0000] {processor.py:839} INFO - DAG(s) dict_keys(['yfinance_ingestion_dag']) retrieved from /opt/airflow/dags/pipeline.py
[2025-03-13T22:56:49.228+0000] {logging_mixin.py:151} INFO - [2025-03-13T22:56:49.227+0000] {dag.py:2915} INFO - Sync 1 DAGs
[2025-03-13T22:56:49.276+0000] {logging_mixin.py:151} INFO - [2025-03-13T22:56:49.276+0000] {dag.py:3696} INFO - Setting next_dagrun for yfinance_ingestion_dag to 2025-01-01T00:00:00+00:00, run_after=2025-01-02T00:00:00+00:00
[2025-03-13T22:56:49.324+0000] {processor.py:179} INFO - Processing /opt/airflow/dags/pipeline.py took 1.208 seconds
[2025-03-13T22:57:19.613+0000] {processor.py:157} INFO - Started process (PID=734) to work on /opt/airflow/dags/pipeline.py
[2025-03-13T22:57:19.618+0000] {processor.py:829} INFO - Processing file /opt/airflow/dags/pipeline.py for tasks to queue
[2025-03-13T22:57:19.620+0000] {logging_mixin.py:151} INFO - [2025-03-13T22:57:19.620+0000] {dagbag.py:539} INFO - Filling up the DagBag from /opt/airflow/dags/pipeline.py
[2025-03-13T22:57:21.039+0000] {processor.py:839} INFO - DAG(s) dict_keys(['yfinance_ingestion_dag']) retrieved from /opt/airflow/dags/pipeline.py
[2025-03-13T22:57:21.104+0000] {logging_mixin.py:151} INFO - [2025-03-13T22:57:21.103+0000] {dag.py:2915} INFO - Sync 1 DAGs
[2025-03-13T22:57:21.166+0000] {logging_mixin.py:151} INFO - [2025-03-13T22:57:21.166+0000] {dag.py:3696} INFO - Setting next_dagrun for yfinance_ingestion_dag to 2025-01-01T00:00:00+00:00, run_after=2025-01-02T00:00:00+00:00
[2025-03-13T22:57:21.224+0000] {processor.py:179} INFO - Processing /opt/airflow/dags/pipeline.py took 1.636 seconds
[2025-03-13T22:57:52.324+0000] {processor.py:157} INFO - Started process (PID=747) to work on /opt/airflow/dags/pipeline.py
[2025-03-13T22:57:52.328+0000] {processor.py:829} INFO - Processing file /opt/airflow/dags/pipeline.py for tasks to queue
[2025-03-13T22:57:52.340+0000] {logging_mixin.py:151} INFO - [2025-03-13T22:57:52.339+0000] {dagbag.py:539} INFO - Filling up the DagBag from /opt/airflow/dags/pipeline.py
[2025-03-13T22:57:53.343+0000] {processor.py:839} INFO - DAG(s) dict_keys(['yfinance_ingestion_dag']) retrieved from /opt/airflow/dags/pipeline.py
[2025-03-13T22:57:53.380+0000] {logging_mixin.py:151} INFO - [2025-03-13T22:57:53.379+0000] {dag.py:2915} INFO - Sync 1 DAGs
[2025-03-13T22:57:53.412+0000] {logging_mixin.py:151} INFO - [2025-03-13T22:57:53.412+0000] {dag.py:3696} INFO - Setting next_dagrun for yfinance_ingestion_dag to 2025-01-01T00:00:00+00:00, run_after=2025-01-02T00:00:00+00:00
[2025-03-13T22:57:53.455+0000] {processor.py:179} INFO - Processing /opt/airflow/dags/pipeline.py took 1.138 seconds
[2025-03-13T22:58:23.690+0000] {processor.py:157} INFO - Started process (PID=758) to work on /opt/airflow/dags/pipeline.py
[2025-03-13T22:58:23.693+0000] {processor.py:829} INFO - Processing file /opt/airflow/dags/pipeline.py for tasks to queue
[2025-03-13T22:58:23.695+0000] {logging_mixin.py:151} INFO - [2025-03-13T22:58:23.694+0000] {dagbag.py:539} INFO - Filling up the DagBag from /opt/airflow/dags/pipeline.py
[2025-03-13T22:58:25.094+0000] {processor.py:839} INFO - DAG(s) dict_keys(['yfinance_ingestion_dag']) retrieved from /opt/airflow/dags/pipeline.py
[2025-03-13T22:58:25.159+0000] {logging_mixin.py:151} INFO - [2025-03-13T22:58:25.158+0000] {dag.py:2915} INFO - Sync 1 DAGs
[2025-03-13T22:58:25.204+0000] {logging_mixin.py:151} INFO - [2025-03-13T22:58:25.204+0000] {dag.py:3696} INFO - Setting next_dagrun for yfinance_ingestion_dag to 2025-01-01T00:00:00+00:00, run_after=2025-01-02T00:00:00+00:00
[2025-03-13T22:58:25.249+0000] {processor.py:179} INFO - Processing /opt/airflow/dags/pipeline.py took 1.564 seconds
[2025-03-13T22:58:55.400+0000] {processor.py:157} INFO - Started process (PID=770) to work on /opt/airflow/dags/pipeline.py
[2025-03-13T22:58:55.402+0000] {processor.py:829} INFO - Processing file /opt/airflow/dags/pipeline.py for tasks to queue
[2025-03-13T22:58:55.404+0000] {logging_mixin.py:151} INFO - [2025-03-13T22:58:55.403+0000] {dagbag.py:539} INFO - Filling up the DagBag from /opt/airflow/dags/pipeline.py
[2025-03-13T22:58:56.099+0000] {processor.py:839} INFO - DAG(s) dict_keys(['yfinance_ingestion_dag']) retrieved from /opt/airflow/dags/pipeline.py
[2025-03-13T22:58:56.131+0000] {logging_mixin.py:151} INFO - [2025-03-13T22:58:56.131+0000] {dag.py:2915} INFO - Sync 1 DAGs
[2025-03-13T22:58:56.163+0000] {logging_mixin.py:151} INFO - [2025-03-13T22:58:56.163+0000] {dag.py:3696} INFO - Setting next_dagrun for yfinance_ingestion_dag to 2025-01-01T00:00:00+00:00, run_after=2025-01-02T00:00:00+00:00
[2025-03-13T22:58:56.190+0000] {processor.py:179} INFO - Processing /opt/airflow/dags/pipeline.py took 0.794 seconds
[2025-03-13T22:59:27.270+0000] {processor.py:157} INFO - Started process (PID=782) to work on /opt/airflow/dags/pipeline.py
[2025-03-13T22:59:27.273+0000] {processor.py:829} INFO - Processing file /opt/airflow/dags/pipeline.py for tasks to queue
[2025-03-13T22:59:27.275+0000] {logging_mixin.py:151} INFO - [2025-03-13T22:59:27.275+0000] {dagbag.py:539} INFO - Filling up the DagBag from /opt/airflow/dags/pipeline.py
[2025-03-13T22:59:28.399+0000] {processor.py:839} INFO - DAG(s) dict_keys(['yfinance_ingestion_dag']) retrieved from /opt/airflow/dags/pipeline.py
[2025-03-13T22:59:28.462+0000] {logging_mixin.py:151} INFO - [2025-03-13T22:59:28.461+0000] {dag.py:2915} INFO - Sync 1 DAGs
[2025-03-13T22:59:28.515+0000] {logging_mixin.py:151} INFO - [2025-03-13T22:59:28.515+0000] {dag.py:3696} INFO - Setting next_dagrun for yfinance_ingestion_dag to 2025-01-01T00:00:00+00:00, run_after=2025-01-02T00:00:00+00:00
[2025-03-13T22:59:28.564+0000] {processor.py:179} INFO - Processing /opt/airflow/dags/pipeline.py took 1.302 seconds
[2025-03-13T22:59:58.651+0000] {processor.py:157} INFO - Started process (PID=794) to work on /opt/airflow/dags/pipeline.py
[2025-03-13T22:59:58.653+0000] {processor.py:829} INFO - Processing file /opt/airflow/dags/pipeline.py for tasks to queue
[2025-03-13T22:59:58.654+0000] {logging_mixin.py:151} INFO - [2025-03-13T22:59:58.654+0000] {dagbag.py:539} INFO - Filling up the DagBag from /opt/airflow/dags/pipeline.py
[2025-03-13T22:59:59.254+0000] {processor.py:839} INFO - DAG(s) dict_keys(['yfinance_ingestion_dag']) retrieved from /opt/airflow/dags/pipeline.py
[2025-03-13T22:59:59.290+0000] {logging_mixin.py:151} INFO - [2025-03-13T22:59:59.290+0000] {dag.py:2915} INFO - Sync 1 DAGs
[2025-03-13T22:59:59.333+0000] {logging_mixin.py:151} INFO - [2025-03-13T22:59:59.332+0000] {dag.py:3696} INFO - Setting next_dagrun for yfinance_ingestion_dag to 2025-01-01T00:00:00+00:00, run_after=2025-01-02T00:00:00+00:00
[2025-03-13T22:59:59.373+0000] {processor.py:179} INFO - Processing /opt/airflow/dags/pipeline.py took 0.727 seconds
[2025-03-13T23:00:29.543+0000] {processor.py:157} INFO - Started process (PID=806) to work on /opt/airflow/dags/pipeline.py
[2025-03-13T23:00:29.544+0000] {processor.py:829} INFO - Processing file /opt/airflow/dags/pipeline.py for tasks to queue
[2025-03-13T23:00:29.545+0000] {logging_mixin.py:151} INFO - [2025-03-13T23:00:29.545+0000] {dagbag.py:539} INFO - Filling up the DagBag from /opt/airflow/dags/pipeline.py
[2025-03-13T23:00:30.106+0000] {processor.py:839} INFO - DAG(s) dict_keys(['yfinance_ingestion_dag']) retrieved from /opt/airflow/dags/pipeline.py
[2025-03-13T23:00:30.142+0000] {logging_mixin.py:151} INFO - [2025-03-13T23:00:30.141+0000] {dag.py:2915} INFO - Sync 1 DAGs
[2025-03-13T23:00:30.171+0000] {logging_mixin.py:151} INFO - [2025-03-13T23:00:30.170+0000] {dag.py:3696} INFO - Setting next_dagrun for yfinance_ingestion_dag to 2025-01-01T00:00:00+00:00, run_after=2025-01-02T00:00:00+00:00
[2025-03-13T23:00:30.197+0000] {processor.py:179} INFO - Processing /opt/airflow/dags/pipeline.py took 0.657 seconds
[2025-03-13T23:00:58.981+0000] {processor.py:157} INFO - Started process (PID=818) to work on /opt/airflow/dags/pipeline.py
[2025-03-13T23:00:58.983+0000] {processor.py:829} INFO - Processing file /opt/airflow/dags/pipeline.py for tasks to queue
[2025-03-13T23:00:58.984+0000] {logging_mixin.py:151} INFO - [2025-03-13T23:00:58.984+0000] {dagbag.py:539} INFO - Filling up the DagBag from /opt/airflow/dags/pipeline.py
[2025-03-13T23:00:59.557+0000] {processor.py:839} INFO - DAG(s) dict_keys(['yfinance_ingestion_dag']) retrieved from /opt/airflow/dags/pipeline.py
[2025-03-13T23:00:59.589+0000] {logging_mixin.py:151} INFO - [2025-03-13T23:00:59.588+0000] {dag.py:2915} INFO - Sync 1 DAGs
[2025-03-13T23:00:59.618+0000] {logging_mixin.py:151} INFO - [2025-03-13T23:00:59.617+0000] {dag.py:3696} INFO - Setting next_dagrun for yfinance_ingestion_dag to 2025-01-01T00:00:00+00:00, run_after=2025-01-02T00:00:00+00:00
[2025-03-13T23:00:59.646+0000] {processor.py:179} INFO - Processing /opt/airflow/dags/pipeline.py took 0.669 seconds
[2025-03-13T23:01:29.764+0000] {processor.py:157} INFO - Started process (PID=830) to work on /opt/airflow/dags/pipeline.py
[2025-03-13T23:01:29.765+0000] {processor.py:829} INFO - Processing file /opt/airflow/dags/pipeline.py for tasks to queue
[2025-03-13T23:01:29.766+0000] {logging_mixin.py:151} INFO - [2025-03-13T23:01:29.766+0000] {dagbag.py:539} INFO - Filling up the DagBag from /opt/airflow/dags/pipeline.py
[2025-03-13T23:01:30.318+0000] {processor.py:839} INFO - DAG(s) dict_keys(['yfinance_ingestion_dag']) retrieved from /opt/airflow/dags/pipeline.py
[2025-03-13T23:01:30.349+0000] {logging_mixin.py:151} INFO - [2025-03-13T23:01:30.348+0000] {dag.py:2915} INFO - Sync 1 DAGs
[2025-03-13T23:01:30.375+0000] {logging_mixin.py:151} INFO - [2025-03-13T23:01:30.374+0000] {dag.py:3696} INFO - Setting next_dagrun for yfinance_ingestion_dag to 2025-01-01T00:00:00+00:00, run_after=2025-01-02T00:00:00+00:00
[2025-03-13T23:01:30.401+0000] {processor.py:179} INFO - Processing /opt/airflow/dags/pipeline.py took 0.641 seconds
[2025-03-13T23:02:00.480+0000] {processor.py:157} INFO - Started process (PID=842) to work on /opt/airflow/dags/pipeline.py
[2025-03-13T23:02:00.481+0000] {processor.py:829} INFO - Processing file /opt/airflow/dags/pipeline.py for tasks to queue
[2025-03-13T23:02:00.482+0000] {logging_mixin.py:151} INFO - [2025-03-13T23:02:00.482+0000] {dagbag.py:539} INFO - Filling up the DagBag from /opt/airflow/dags/pipeline.py
[2025-03-13T23:02:01.060+0000] {processor.py:839} INFO - DAG(s) dict_keys(['yfinance_ingestion_dag']) retrieved from /opt/airflow/dags/pipeline.py
[2025-03-13T23:02:01.105+0000] {logging_mixin.py:151} INFO - [2025-03-13T23:02:01.104+0000] {dag.py:2915} INFO - Sync 1 DAGs
[2025-03-13T23:02:01.139+0000] {logging_mixin.py:151} INFO - [2025-03-13T23:02:01.139+0000] {dag.py:3696} INFO - Setting next_dagrun for yfinance_ingestion_dag to 2025-01-01T00:00:00+00:00, run_after=2025-01-02T00:00:00+00:00
[2025-03-13T23:02:01.167+0000] {processor.py:179} INFO - Processing /opt/airflow/dags/pipeline.py took 0.692 seconds
[2025-03-13T23:02:32.208+0000] {processor.py:157} INFO - Started process (PID=854) to work on /opt/airflow/dags/pipeline.py
[2025-03-13T23:02:32.209+0000] {processor.py:829} INFO - Processing file /opt/airflow/dags/pipeline.py for tasks to queue
[2025-03-13T23:02:32.217+0000] {logging_mixin.py:151} INFO - [2025-03-13T23:02:32.216+0000] {dagbag.py:539} INFO - Filling up the DagBag from /opt/airflow/dags/pipeline.py
[2025-03-13T23:02:32.927+0000] {processor.py:839} INFO - DAG(s) dict_keys(['yfinance_ingestion_dag']) retrieved from /opt/airflow/dags/pipeline.py
[2025-03-13T23:02:32.989+0000] {logging_mixin.py:151} INFO - [2025-03-13T23:02:32.989+0000] {dag.py:2915} INFO - Sync 1 DAGs
[2025-03-13T23:02:33.042+0000] {logging_mixin.py:151} INFO - [2025-03-13T23:02:33.042+0000] {dag.py:3696} INFO - Setting next_dagrun for yfinance_ingestion_dag to 2025-01-01T00:00:00+00:00, run_after=2025-01-02T00:00:00+00:00
[2025-03-13T23:02:33.078+0000] {processor.py:179} INFO - Processing /opt/airflow/dags/pipeline.py took 0.875 seconds
[2025-03-13T23:03:03.224+0000] {processor.py:157} INFO - Started process (PID=866) to work on /opt/airflow/dags/pipeline.py
[2025-03-13T23:03:03.225+0000] {processor.py:829} INFO - Processing file /opt/airflow/dags/pipeline.py for tasks to queue
[2025-03-13T23:03:03.226+0000] {logging_mixin.py:151} INFO - [2025-03-13T23:03:03.226+0000] {dagbag.py:539} INFO - Filling up the DagBag from /opt/airflow/dags/pipeline.py
[2025-03-13T23:03:03.808+0000] {processor.py:839} INFO - DAG(s) dict_keys(['yfinance_ingestion_dag']) retrieved from /opt/airflow/dags/pipeline.py
[2025-03-13T23:03:03.841+0000] {logging_mixin.py:151} INFO - [2025-03-13T23:03:03.840+0000] {dag.py:2915} INFO - Sync 1 DAGs
[2025-03-13T23:03:03.873+0000] {logging_mixin.py:151} INFO - [2025-03-13T23:03:03.872+0000] {dag.py:3696} INFO - Setting next_dagrun for yfinance_ingestion_dag to 2025-01-01T00:00:00+00:00, run_after=2025-01-02T00:00:00+00:00
[2025-03-13T23:03:03.904+0000] {processor.py:179} INFO - Processing /opt/airflow/dags/pipeline.py took 0.684 seconds
[2025-03-13T23:03:34.073+0000] {processor.py:157} INFO - Started process (PID=878) to work on /opt/airflow/dags/pipeline.py
[2025-03-13T23:03:34.076+0000] {processor.py:829} INFO - Processing file /opt/airflow/dags/pipeline.py for tasks to queue
[2025-03-13T23:03:34.081+0000] {logging_mixin.py:151} INFO - [2025-03-13T23:03:34.080+0000] {dagbag.py:539} INFO - Filling up the DagBag from /opt/airflow/dags/pipeline.py
[2025-03-13T23:03:35.193+0000] {processor.py:839} INFO - DAG(s) dict_keys(['yfinance_ingestion_dag']) retrieved from /opt/airflow/dags/pipeline.py
[2025-03-13T23:03:35.264+0000] {logging_mixin.py:151} INFO - [2025-03-13T23:03:35.263+0000] {dag.py:2915} INFO - Sync 1 DAGs
[2025-03-13T23:03:35.331+0000] {logging_mixin.py:151} INFO - [2025-03-13T23:03:35.331+0000] {dag.py:3696} INFO - Setting next_dagrun for yfinance_ingestion_dag to 2025-01-01T00:00:00+00:00, run_after=2025-01-02T00:00:00+00:00
[2025-03-13T23:03:35.367+0000] {processor.py:179} INFO - Processing /opt/airflow/dags/pipeline.py took 1.304 seconds
[2025-03-13T23:04:05.541+0000] {processor.py:157} INFO - Started process (PID=890) to work on /opt/airflow/dags/pipeline.py
[2025-03-13T23:04:05.548+0000] {processor.py:829} INFO - Processing file /opt/airflow/dags/pipeline.py for tasks to queue
[2025-03-13T23:04:05.556+0000] {logging_mixin.py:151} INFO - [2025-03-13T23:04:05.551+0000] {dagbag.py:539} INFO - Filling up the DagBag from /opt/airflow/dags/pipeline.py
[2025-03-13T23:04:07.234+0000] {processor.py:839} INFO - DAG(s) dict_keys(['yfinance_ingestion_dag']) retrieved from /opt/airflow/dags/pipeline.py
[2025-03-13T23:04:07.295+0000] {logging_mixin.py:151} INFO - [2025-03-13T23:04:07.294+0000] {dag.py:2915} INFO - Sync 1 DAGs
[2025-03-13T23:04:07.341+0000] {logging_mixin.py:151} INFO - [2025-03-13T23:04:07.341+0000] {dag.py:3696} INFO - Setting next_dagrun for yfinance_ingestion_dag to 2025-01-01T00:00:00+00:00, run_after=2025-01-02T00:00:00+00:00
[2025-03-13T23:04:07.406+0000] {processor.py:179} INFO - Processing /opt/airflow/dags/pipeline.py took 1.883 seconds
[2025-03-13T23:04:37.498+0000] {processor.py:157} INFO - Started process (PID=902) to work on /opt/airflow/dags/pipeline.py
[2025-03-13T23:04:37.500+0000] {processor.py:829} INFO - Processing file /opt/airflow/dags/pipeline.py for tasks to queue
[2025-03-13T23:04:37.503+0000] {logging_mixin.py:151} INFO - [2025-03-13T23:04:37.502+0000] {dagbag.py:539} INFO - Filling up the DagBag from /opt/airflow/dags/pipeline.py
[2025-03-13T23:04:38.235+0000] {processor.py:839} INFO - DAG(s) dict_keys(['yfinance_ingestion_dag']) retrieved from /opt/airflow/dags/pipeline.py
[2025-03-13T23:04:38.277+0000] {logging_mixin.py:151} INFO - [2025-03-13T23:04:38.276+0000] {dag.py:2915} INFO - Sync 1 DAGs
[2025-03-13T23:04:38.317+0000] {logging_mixin.py:151} INFO - [2025-03-13T23:04:38.317+0000] {dag.py:3696} INFO - Setting next_dagrun for yfinance_ingestion_dag to 2025-01-01T00:00:00+00:00, run_after=2025-01-02T00:00:00+00:00
[2025-03-13T23:04:38.351+0000] {processor.py:179} INFO - Processing /opt/airflow/dags/pipeline.py took 0.861 seconds
[2025-03-13T23:05:08.454+0000] {processor.py:157} INFO - Started process (PID=914) to work on /opt/airflow/dags/pipeline.py
[2025-03-13T23:05:08.456+0000] {processor.py:829} INFO - Processing file /opt/airflow/dags/pipeline.py for tasks to queue
[2025-03-13T23:05:08.457+0000] {logging_mixin.py:151} INFO - [2025-03-13T23:05:08.457+0000] {dagbag.py:539} INFO - Filling up the DagBag from /opt/airflow/dags/pipeline.py
[2025-03-13T23:05:09.293+0000] {processor.py:839} INFO - DAG(s) dict_keys(['yfinance_ingestion_dag']) retrieved from /opt/airflow/dags/pipeline.py
[2025-03-13T23:05:09.342+0000] {logging_mixin.py:151} INFO - [2025-03-13T23:05:09.340+0000] {dag.py:2915} INFO - Sync 1 DAGs
[2025-03-13T23:05:09.400+0000] {logging_mixin.py:151} INFO - [2025-03-13T23:05:09.400+0000] {dag.py:3696} INFO - Setting next_dagrun for yfinance_ingestion_dag to 2025-01-01T00:00:00+00:00, run_after=2025-01-02T00:00:00+00:00
[2025-03-13T23:05:09.440+0000] {processor.py:179} INFO - Processing /opt/airflow/dags/pipeline.py took 0.991 seconds
[2025-03-13T23:05:40.512+0000] {processor.py:157} INFO - Started process (PID=926) to work on /opt/airflow/dags/pipeline.py
[2025-03-13T23:05:40.514+0000] {processor.py:829} INFO - Processing file /opt/airflow/dags/pipeline.py for tasks to queue
[2025-03-13T23:05:40.515+0000] {logging_mixin.py:151} INFO - [2025-03-13T23:05:40.515+0000] {dagbag.py:539} INFO - Filling up the DagBag from /opt/airflow/dags/pipeline.py
[2025-03-13T23:05:41.220+0000] {processor.py:839} INFO - DAG(s) dict_keys(['yfinance_ingestion_dag']) retrieved from /opt/airflow/dags/pipeline.py
[2025-03-13T23:05:41.267+0000] {logging_mixin.py:151} INFO - [2025-03-13T23:05:41.267+0000] {dag.py:2915} INFO - Sync 1 DAGs
[2025-03-13T23:05:41.305+0000] {logging_mixin.py:151} INFO - [2025-03-13T23:05:41.305+0000] {dag.py:3696} INFO - Setting next_dagrun for yfinance_ingestion_dag to 2025-01-01T00:00:00+00:00, run_after=2025-01-02T00:00:00+00:00
[2025-03-13T23:05:41.341+0000] {processor.py:179} INFO - Processing /opt/airflow/dags/pipeline.py took 0.832 seconds
[2025-03-13T23:06:11.539+0000] {processor.py:157} INFO - Started process (PID=938) to work on /opt/airflow/dags/pipeline.py
[2025-03-13T23:06:11.541+0000] {processor.py:829} INFO - Processing file /opt/airflow/dags/pipeline.py for tasks to queue
[2025-03-13T23:06:11.543+0000] {logging_mixin.py:151} INFO - [2025-03-13T23:06:11.542+0000] {dagbag.py:539} INFO - Filling up the DagBag from /opt/airflow/dags/pipeline.py
[2025-03-13T23:06:12.277+0000] {processor.py:839} INFO - DAG(s) dict_keys(['yfinance_ingestion_dag']) retrieved from /opt/airflow/dags/pipeline.py
[2025-03-13T23:06:12.324+0000] {logging_mixin.py:151} INFO - [2025-03-13T23:06:12.323+0000] {dag.py:2915} INFO - Sync 1 DAGs
[2025-03-13T23:06:12.371+0000] {logging_mixin.py:151} INFO - [2025-03-13T23:06:12.371+0000] {dag.py:3696} INFO - Setting next_dagrun for yfinance_ingestion_dag to 2025-01-01T00:00:00+00:00, run_after=2025-01-02T00:00:00+00:00
[2025-03-13T23:06:12.407+0000] {processor.py:179} INFO - Processing /opt/airflow/dags/pipeline.py took 0.873 seconds
[2025-03-13T23:06:42.205+0000] {processor.py:157} INFO - Started process (PID=950) to work on /opt/airflow/dags/pipeline.py
[2025-03-13T23:06:42.209+0000] {processor.py:829} INFO - Processing file /opt/airflow/dags/pipeline.py for tasks to queue
[2025-03-13T23:06:42.214+0000] {logging_mixin.py:151} INFO - [2025-03-13T23:06:42.211+0000] {dagbag.py:539} INFO - Filling up the DagBag from /opt/airflow/dags/pipeline.py
[2025-03-13T23:06:43.372+0000] {processor.py:839} INFO - DAG(s) dict_keys(['yfinance_ingestion_dag']) retrieved from /opt/airflow/dags/pipeline.py
[2025-03-13T23:06:43.460+0000] {logging_mixin.py:151} INFO - [2025-03-13T23:06:43.460+0000] {dag.py:2915} INFO - Sync 1 DAGs
[2025-03-13T23:06:43.541+0000] {logging_mixin.py:151} INFO - [2025-03-13T23:06:43.541+0000] {dag.py:3696} INFO - Setting next_dagrun for yfinance_ingestion_dag to 2025-01-01T00:00:00+00:00, run_after=2025-01-02T00:00:00+00:00
[2025-03-13T23:06:43.601+0000] {processor.py:179} INFO - Processing /opt/airflow/dags/pipeline.py took 1.405 seconds
[2025-03-13T23:07:13.823+0000] {processor.py:157} INFO - Started process (PID=962) to work on /opt/airflow/dags/pipeline.py
[2025-03-13T23:07:13.825+0000] {processor.py:829} INFO - Processing file /opt/airflow/dags/pipeline.py for tasks to queue
[2025-03-13T23:07:13.827+0000] {logging_mixin.py:151} INFO - [2025-03-13T23:07:13.826+0000] {dagbag.py:539} INFO - Filling up the DagBag from /opt/airflow/dags/pipeline.py
[2025-03-13T23:07:15.123+0000] {processor.py:839} INFO - DAG(s) dict_keys(['yfinance_ingestion_dag']) retrieved from /opt/airflow/dags/pipeline.py
[2025-03-13T23:07:15.189+0000] {logging_mixin.py:151} INFO - [2025-03-13T23:07:15.185+0000] {dag.py:2915} INFO - Sync 1 DAGs
[2025-03-13T23:07:15.242+0000] {logging_mixin.py:151} INFO - [2025-03-13T23:07:15.241+0000] {dag.py:3696} INFO - Setting next_dagrun for yfinance_ingestion_dag to 2025-01-01T00:00:00+00:00, run_after=2025-01-02T00:00:00+00:00
[2025-03-13T23:07:15.288+0000] {processor.py:179} INFO - Processing /opt/airflow/dags/pipeline.py took 1.481 seconds
[2025-03-13T23:07:45.490+0000] {processor.py:157} INFO - Started process (PID=971) to work on /opt/airflow/dags/pipeline.py
[2025-03-13T23:07:45.501+0000] {processor.py:829} INFO - Processing file /opt/airflow/dags/pipeline.py for tasks to queue
[2025-03-13T23:07:45.505+0000] {logging_mixin.py:151} INFO - [2025-03-13T23:07:45.504+0000] {dagbag.py:539} INFO - Filling up the DagBag from /opt/airflow/dags/pipeline.py
[2025-03-13T23:07:46.727+0000] {processor.py:839} INFO - DAG(s) dict_keys(['yfinance_ingestion_dag']) retrieved from /opt/airflow/dags/pipeline.py
[2025-03-13T23:07:46.833+0000] {logging_mixin.py:151} INFO - [2025-03-13T23:07:46.832+0000] {dag.py:2915} INFO - Sync 1 DAGs
[2025-03-13T23:07:46.951+0000] {logging_mixin.py:151} INFO - [2025-03-13T23:07:46.951+0000] {dag.py:3696} INFO - Setting next_dagrun for yfinance_ingestion_dag to 2025-01-01T00:00:00+00:00, run_after=2025-01-02T00:00:00+00:00
[2025-03-13T23:07:47.003+0000] {processor.py:179} INFO - Processing /opt/airflow/dags/pipeline.py took 1.522 seconds
[2025-03-13T23:08:17.211+0000] {processor.py:157} INFO - Started process (PID=986) to work on /opt/airflow/dags/pipeline.py
[2025-03-13T23:08:17.213+0000] {processor.py:829} INFO - Processing file /opt/airflow/dags/pipeline.py for tasks to queue
[2025-03-13T23:08:17.216+0000] {logging_mixin.py:151} INFO - [2025-03-13T23:08:17.215+0000] {dagbag.py:539} INFO - Filling up the DagBag from /opt/airflow/dags/pipeline.py
[2025-03-13T23:08:18.082+0000] {processor.py:839} INFO - DAG(s) dict_keys(['yfinance_ingestion_dag']) retrieved from /opt/airflow/dags/pipeline.py
[2025-03-13T23:08:18.126+0000] {logging_mixin.py:151} INFO - [2025-03-13T23:08:18.126+0000] {dag.py:2915} INFO - Sync 1 DAGs
[2025-03-13T23:08:18.163+0000] {logging_mixin.py:151} INFO - [2025-03-13T23:08:18.163+0000] {dag.py:3696} INFO - Setting next_dagrun for yfinance_ingestion_dag to 2025-01-01T00:00:00+00:00, run_after=2025-01-02T00:00:00+00:00
[2025-03-13T23:08:18.199+0000] {processor.py:179} INFO - Processing /opt/airflow/dags/pipeline.py took 0.995 seconds
[2025-03-13T23:08:49.029+0000] {processor.py:157} INFO - Started process (PID=1001) to work on /opt/airflow/dags/pipeline.py
[2025-03-13T23:08:49.031+0000] {processor.py:829} INFO - Processing file /opt/airflow/dags/pipeline.py for tasks to queue
[2025-03-13T23:08:49.032+0000] {logging_mixin.py:151} INFO - [2025-03-13T23:08:49.032+0000] {dagbag.py:539} INFO - Filling up the DagBag from /opt/airflow/dags/pipeline.py
[2025-03-13T23:08:49.643+0000] {processor.py:839} INFO - DAG(s) dict_keys(['yfinance_ingestion_dag']) retrieved from /opt/airflow/dags/pipeline.py
[2025-03-13T23:08:49.681+0000] {logging_mixin.py:151} INFO - [2025-03-13T23:08:49.680+0000] {dag.py:2915} INFO - Sync 1 DAGs
[2025-03-13T23:08:49.710+0000] {logging_mixin.py:151} INFO - [2025-03-13T23:08:49.710+0000] {dag.py:3696} INFO - Setting next_dagrun for yfinance_ingestion_dag to 2025-01-01T00:00:00+00:00, run_after=2025-01-02T00:00:00+00:00
[2025-03-13T23:08:49.737+0000] {processor.py:179} INFO - Processing /opt/airflow/dags/pipeline.py took 0.712 seconds
[2025-03-13T23:09:59.433+0000] {processor.py:157} INFO - Started process (PID=170) to work on /opt/airflow/dags/pipeline.py
[2025-03-13T23:09:59.435+0000] {processor.py:829} INFO - Processing file /opt/airflow/dags/pipeline.py for tasks to queue
[2025-03-13T23:09:59.436+0000] {logging_mixin.py:151} INFO - [2025-03-13T23:09:59.436+0000] {dagbag.py:539} INFO - Filling up the DagBag from /opt/airflow/dags/pipeline.py
[2025-03-13T23:10:01.878+0000] {processor.py:839} INFO - DAG(s) dict_keys(['yfinance_ingestion_dag']) retrieved from /opt/airflow/dags/pipeline.py
[2025-03-13T23:10:02.199+0000] {logging_mixin.py:151} INFO - [2025-03-13T23:10:02.198+0000] {security.py:708} INFO - Not syncing DAG-level permissions for DAG 'DAG:yfinance_ingestion_dag' as access control is unset.
[2025-03-13T23:10:02.200+0000] {logging_mixin.py:151} INFO - [2025-03-13T23:10:02.200+0000] {dag.py:2915} INFO - Sync 1 DAGs
[2025-03-13T23:10:02.252+0000] {logging_mixin.py:151} INFO - [2025-03-13T23:10:02.252+0000] {dag.py:3696} INFO - Setting next_dagrun for yfinance_ingestion_dag to 2025-01-01T00:00:00+00:00, run_after=2025-01-02T00:00:00+00:00
[2025-03-13T23:10:02.284+0000] {processor.py:179} INFO - Processing /opt/airflow/dags/pipeline.py took 2.857 seconds
[2025-03-13T23:10:32.397+0000] {processor.py:157} INFO - Started process (PID=182) to work on /opt/airflow/dags/pipeline.py
[2025-03-13T23:10:32.398+0000] {processor.py:829} INFO - Processing file /opt/airflow/dags/pipeline.py for tasks to queue
[2025-03-13T23:10:32.399+0000] {logging_mixin.py:151} INFO - [2025-03-13T23:10:32.399+0000] {dagbag.py:539} INFO - Filling up the DagBag from /opt/airflow/dags/pipeline.py
[2025-03-13T23:10:31.891+0000] {processor.py:839} INFO - DAG(s) dict_keys(['yfinance_ingestion_dag']) retrieved from /opt/airflow/dags/pipeline.py
[2025-03-13T23:10:31.904+0000] {logging_mixin.py:151} INFO - [2025-03-13T23:10:31.903+0000] {dag.py:2915} INFO - Sync 1 DAGs
[2025-03-13T23:10:31.937+0000] {logging_mixin.py:151} INFO - [2025-03-13T23:10:31.937+0000] {dag.py:3696} INFO - Setting next_dagrun for yfinance_ingestion_dag to 2025-01-01T00:00:00+00:00, run_after=2025-01-02T00:00:00+00:00
[2025-03-13T23:10:31.974+0000] {processor.py:179} INFO - Processing /opt/airflow/dags/pipeline.py took 0.876 seconds
[2025-03-13T23:11:02.150+0000] {processor.py:157} INFO - Started process (PID=194) to work on /opt/airflow/dags/pipeline.py
[2025-03-13T23:11:02.152+0000] {processor.py:829} INFO - Processing file /opt/airflow/dags/pipeline.py for tasks to queue
[2025-03-13T23:11:02.161+0000] {logging_mixin.py:151} INFO - [2025-03-13T23:11:02.156+0000] {dagbag.py:539} INFO - Filling up the DagBag from /opt/airflow/dags/pipeline.py
[2025-03-13T23:11:03.062+0000] {processor.py:839} INFO - DAG(s) dict_keys(['yfinance_ingestion_dag']) retrieved from /opt/airflow/dags/pipeline.py
[2025-03-13T23:11:03.092+0000] {logging_mixin.py:151} INFO - [2025-03-13T23:11:03.091+0000] {dag.py:2915} INFO - Sync 1 DAGs
[2025-03-13T23:11:03.122+0000] {logging_mixin.py:151} INFO - [2025-03-13T23:11:03.122+0000] {dag.py:3696} INFO - Setting next_dagrun for yfinance_ingestion_dag to 2025-01-01T00:00:00+00:00, run_after=2025-01-02T00:00:00+00:00
[2025-03-13T23:11:03.148+0000] {processor.py:179} INFO - Processing /opt/airflow/dags/pipeline.py took 1.004 seconds
[2025-03-13T23:11:33.228+0000] {processor.py:157} INFO - Started process (PID=206) to work on /opt/airflow/dags/pipeline.py
[2025-03-13T23:11:33.229+0000] {processor.py:829} INFO - Processing file /opt/airflow/dags/pipeline.py for tasks to queue
[2025-03-13T23:11:33.230+0000] {logging_mixin.py:151} INFO - [2025-03-13T23:11:33.230+0000] {dagbag.py:539} INFO - Filling up the DagBag from /opt/airflow/dags/pipeline.py
[2025-03-13T23:11:33.834+0000] {processor.py:839} INFO - DAG(s) dict_keys(['yfinance_ingestion_dag']) retrieved from /opt/airflow/dags/pipeline.py
[2025-03-13T23:11:33.863+0000] {logging_mixin.py:151} INFO - [2025-03-13T23:11:33.863+0000] {dag.py:2915} INFO - Sync 1 DAGs
[2025-03-13T23:11:33.891+0000] {logging_mixin.py:151} INFO - [2025-03-13T23:11:33.890+0000] {dag.py:3696} INFO - Setting next_dagrun for yfinance_ingestion_dag to 2025-01-01T00:00:00+00:00, run_after=2025-01-02T00:00:00+00:00
[2025-03-13T23:11:33.916+0000] {processor.py:179} INFO - Processing /opt/airflow/dags/pipeline.py took 0.692 seconds
[2025-03-13T23:12:04.067+0000] {processor.py:157} INFO - Started process (PID=218) to work on /opt/airflow/dags/pipeline.py
[2025-03-13T23:12:04.069+0000] {processor.py:829} INFO - Processing file /opt/airflow/dags/pipeline.py for tasks to queue
[2025-03-13T23:12:04.070+0000] {logging_mixin.py:151} INFO - [2025-03-13T23:12:04.069+0000] {dagbag.py:539} INFO - Filling up the DagBag from /opt/airflow/dags/pipeline.py
[2025-03-13T23:12:04.770+0000] {processor.py:839} INFO - DAG(s) dict_keys(['yfinance_ingestion_dag']) retrieved from /opt/airflow/dags/pipeline.py
[2025-03-13T23:12:04.802+0000] {logging_mixin.py:151} INFO - [2025-03-13T23:12:04.801+0000] {dag.py:2915} INFO - Sync 1 DAGs
[2025-03-13T23:12:04.830+0000] {logging_mixin.py:151} INFO - [2025-03-13T23:12:04.830+0000] {dag.py:3696} INFO - Setting next_dagrun for yfinance_ingestion_dag to 2025-01-01T00:00:00+00:00, run_after=2025-01-02T00:00:00+00:00
[2025-03-13T23:12:04.859+0000] {processor.py:179} INFO - Processing /opt/airflow/dags/pipeline.py took 0.795 seconds
[2025-03-13T23:12:35.065+0000] {processor.py:157} INFO - Started process (PID=230) to work on /opt/airflow/dags/pipeline.py
[2025-03-13T23:12:35.066+0000] {processor.py:829} INFO - Processing file /opt/airflow/dags/pipeline.py for tasks to queue
[2025-03-13T23:12:35.067+0000] {logging_mixin.py:151} INFO - [2025-03-13T23:12:35.067+0000] {dagbag.py:539} INFO - Filling up the DagBag from /opt/airflow/dags/pipeline.py
[2025-03-13T23:12:35.751+0000] {processor.py:839} INFO - DAG(s) dict_keys(['yfinance_ingestion_dag']) retrieved from /opt/airflow/dags/pipeline.py
[2025-03-13T23:12:35.783+0000] {logging_mixin.py:151} INFO - [2025-03-13T23:12:35.782+0000] {dag.py:2915} INFO - Sync 1 DAGs
[2025-03-13T23:12:35.815+0000] {logging_mixin.py:151} INFO - [2025-03-13T23:12:35.815+0000] {dag.py:3696} INFO - Setting next_dagrun for yfinance_ingestion_dag to 2025-01-01T00:00:00+00:00, run_after=2025-01-02T00:00:00+00:00
[2025-03-13T23:12:35.843+0000] {processor.py:179} INFO - Processing /opt/airflow/dags/pipeline.py took 0.781 seconds
[2025-03-13T23:13:05.940+0000] {processor.py:157} INFO - Started process (PID=242) to work on /opt/airflow/dags/pipeline.py
[2025-03-13T23:13:05.941+0000] {processor.py:829} INFO - Processing file /opt/airflow/dags/pipeline.py for tasks to queue
[2025-03-13T23:13:05.942+0000] {logging_mixin.py:151} INFO - [2025-03-13T23:13:05.942+0000] {dagbag.py:539} INFO - Filling up the DagBag from /opt/airflow/dags/pipeline.py
[2025-03-13T23:13:06.513+0000] {processor.py:839} INFO - DAG(s) dict_keys(['yfinance_ingestion_dag']) retrieved from /opt/airflow/dags/pipeline.py
[2025-03-13T23:13:06.547+0000] {logging_mixin.py:151} INFO - [2025-03-13T23:13:06.546+0000] {dag.py:2915} INFO - Sync 1 DAGs
[2025-03-13T23:13:06.583+0000] {logging_mixin.py:151} INFO - [2025-03-13T23:13:06.583+0000] {dag.py:3696} INFO - Setting next_dagrun for yfinance_ingestion_dag to 2025-01-01T00:00:00+00:00, run_after=2025-01-02T00:00:00+00:00
[2025-03-13T23:13:06.613+0000] {processor.py:179} INFO - Processing /opt/airflow/dags/pipeline.py took 0.677 seconds
[2025-03-13T23:13:37.092+0000] {processor.py:157} INFO - Started process (PID=254) to work on /opt/airflow/dags/pipeline.py
[2025-03-13T23:13:37.093+0000] {processor.py:829} INFO - Processing file /opt/airflow/dags/pipeline.py for tasks to queue
[2025-03-13T23:13:37.094+0000] {logging_mixin.py:151} INFO - [2025-03-13T23:13:37.094+0000] {dagbag.py:539} INFO - Filling up the DagBag from /opt/airflow/dags/pipeline.py
[2025-03-13T23:13:37.614+0000] {processor.py:839} INFO - DAG(s) dict_keys(['yfinance_ingestion_dag']) retrieved from /opt/airflow/dags/pipeline.py
[2025-03-13T23:13:37.647+0000] {logging_mixin.py:151} INFO - [2025-03-13T23:13:37.647+0000] {dag.py:2915} INFO - Sync 1 DAGs
[2025-03-13T23:13:37.676+0000] {logging_mixin.py:151} INFO - [2025-03-13T23:13:37.675+0000] {dag.py:3696} INFO - Setting next_dagrun for yfinance_ingestion_dag to 2025-01-01T00:00:00+00:00, run_after=2025-01-02T00:00:00+00:00
[2025-03-13T23:13:37.707+0000] {processor.py:179} INFO - Processing /opt/airflow/dags/pipeline.py took 0.620 seconds
[2025-03-13T23:14:07.798+0000] {processor.py:157} INFO - Started process (PID=266) to work on /opt/airflow/dags/pipeline.py
[2025-03-13T23:14:07.800+0000] {processor.py:829} INFO - Processing file /opt/airflow/dags/pipeline.py for tasks to queue
[2025-03-13T23:14:07.802+0000] {logging_mixin.py:151} INFO - [2025-03-13T23:14:07.801+0000] {dagbag.py:539} INFO - Filling up the DagBag from /opt/airflow/dags/pipeline.py
[2025-03-13T23:14:08.335+0000] {processor.py:839} INFO - DAG(s) dict_keys(['yfinance_ingestion_dag']) retrieved from /opt/airflow/dags/pipeline.py
[2025-03-13T23:14:08.364+0000] {logging_mixin.py:151} INFO - [2025-03-13T23:14:08.364+0000] {dag.py:2915} INFO - Sync 1 DAGs
[2025-03-13T23:14:08.396+0000] {logging_mixin.py:151} INFO - [2025-03-13T23:14:08.395+0000] {dag.py:3696} INFO - Setting next_dagrun for yfinance_ingestion_dag to 2025-01-01T00:00:00+00:00, run_after=2025-01-02T00:00:00+00:00
[2025-03-13T23:14:08.420+0000] {processor.py:179} INFO - Processing /opt/airflow/dags/pipeline.py took 0.626 seconds
[2025-03-13T23:14:38.849+0000] {processor.py:157} INFO - Started process (PID=278) to work on /opt/airflow/dags/pipeline.py
[2025-03-13T23:14:38.851+0000] {processor.py:829} INFO - Processing file /opt/airflow/dags/pipeline.py for tasks to queue
[2025-03-13T23:14:38.852+0000] {logging_mixin.py:151} INFO - [2025-03-13T23:14:38.851+0000] {dagbag.py:539} INFO - Filling up the DagBag from /opt/airflow/dags/pipeline.py
[2025-03-13T23:14:39.786+0000] {processor.py:839} INFO - DAG(s) dict_keys(['yfinance_ingestion_dag']) retrieved from /opt/airflow/dags/pipeline.py
[2025-03-13T23:14:39.843+0000] {logging_mixin.py:151} INFO - [2025-03-13T23:14:39.841+0000] {dag.py:2915} INFO - Sync 1 DAGs
[2025-03-13T23:14:39.906+0000] {logging_mixin.py:151} INFO - [2025-03-13T23:14:39.905+0000] {dag.py:3696} INFO - Setting next_dagrun for yfinance_ingestion_dag to 2025-01-01T00:00:00+00:00, run_after=2025-01-02T00:00:00+00:00
[2025-03-13T23:14:39.977+0000] {processor.py:179} INFO - Processing /opt/airflow/dags/pipeline.py took 1.131 seconds
[2025-03-13T23:15:10.940+0000] {processor.py:157} INFO - Started process (PID=290) to work on /opt/airflow/dags/pipeline.py
[2025-03-13T23:15:10.941+0000] {processor.py:829} INFO - Processing file /opt/airflow/dags/pipeline.py for tasks to queue
[2025-03-13T23:15:10.942+0000] {logging_mixin.py:151} INFO - [2025-03-13T23:15:10.942+0000] {dagbag.py:539} INFO - Filling up the DagBag from /opt/airflow/dags/pipeline.py
[2025-03-13T23:15:11.436+0000] {processor.py:839} INFO - DAG(s) dict_keys(['yfinance_ingestion_dag']) retrieved from /opt/airflow/dags/pipeline.py
[2025-03-13T23:15:11.472+0000] {logging_mixin.py:151} INFO - [2025-03-13T23:15:11.471+0000] {dag.py:2915} INFO - Sync 1 DAGs
[2025-03-13T23:15:11.503+0000] {logging_mixin.py:151} INFO - [2025-03-13T23:15:11.503+0000] {dag.py:3696} INFO - Setting next_dagrun for yfinance_ingestion_dag to 2025-01-01T00:00:00+00:00, run_after=2025-01-02T00:00:00+00:00
[2025-03-13T23:15:11.528+0000] {processor.py:179} INFO - Processing /opt/airflow/dags/pipeline.py took 0.592 seconds
[2025-03-13T23:15:41.609+0000] {processor.py:157} INFO - Started process (PID=302) to work on /opt/airflow/dags/pipeline.py
[2025-03-13T23:15:41.610+0000] {processor.py:829} INFO - Processing file /opt/airflow/dags/pipeline.py for tasks to queue
[2025-03-13T23:15:41.612+0000] {logging_mixin.py:151} INFO - [2025-03-13T23:15:41.611+0000] {dagbag.py:539} INFO - Filling up the DagBag from /opt/airflow/dags/pipeline.py
[2025-03-13T23:15:42.146+0000] {processor.py:839} INFO - DAG(s) dict_keys(['yfinance_ingestion_dag']) retrieved from /opt/airflow/dags/pipeline.py
[2025-03-13T23:15:42.179+0000] {logging_mixin.py:151} INFO - [2025-03-13T23:15:42.177+0000] {dag.py:2915} INFO - Sync 1 DAGs
[2025-03-13T23:15:42.209+0000] {logging_mixin.py:151} INFO - [2025-03-13T23:15:42.209+0000] {dag.py:3696} INFO - Setting next_dagrun for yfinance_ingestion_dag to 2025-01-01T00:00:00+00:00, run_after=2025-01-02T00:00:00+00:00
[2025-03-13T23:15:42.237+0000] {processor.py:179} INFO - Processing /opt/airflow/dags/pipeline.py took 0.631 seconds
[2025-03-13T23:16:13.079+0000] {processor.py:157} INFO - Started process (PID=314) to work on /opt/airflow/dags/pipeline.py
[2025-03-13T23:16:13.080+0000] {processor.py:829} INFO - Processing file /opt/airflow/dags/pipeline.py for tasks to queue
[2025-03-13T23:16:13.081+0000] {logging_mixin.py:151} INFO - [2025-03-13T23:16:13.081+0000] {dagbag.py:539} INFO - Filling up the DagBag from /opt/airflow/dags/pipeline.py
[2025-03-13T23:16:13.797+0000] {processor.py:839} INFO - DAG(s) dict_keys(['yfinance_ingestion_dag']) retrieved from /opt/airflow/dags/pipeline.py
[2025-03-13T23:16:13.841+0000] {logging_mixin.py:151} INFO - [2025-03-13T23:16:13.840+0000] {dag.py:2915} INFO - Sync 1 DAGs
[2025-03-13T23:16:13.881+0000] {logging_mixin.py:151} INFO - [2025-03-13T23:16:13.880+0000] {dag.py:3696} INFO - Setting next_dagrun for yfinance_ingestion_dag to 2025-01-01T00:00:00+00:00, run_after=2025-01-02T00:00:00+00:00
[2025-03-13T23:16:13.909+0000] {processor.py:179} INFO - Processing /opt/airflow/dags/pipeline.py took 0.835 seconds
[2025-03-13T23:16:44.011+0000] {processor.py:157} INFO - Started process (PID=326) to work on /opt/airflow/dags/pipeline.py
[2025-03-13T23:16:44.013+0000] {processor.py:829} INFO - Processing file /opt/airflow/dags/pipeline.py for tasks to queue
[2025-03-13T23:16:44.015+0000] {logging_mixin.py:151} INFO - [2025-03-13T23:16:44.014+0000] {dagbag.py:539} INFO - Filling up the DagBag from /opt/airflow/dags/pipeline.py
[2025-03-13T23:16:44.551+0000] {processor.py:839} INFO - DAG(s) dict_keys(['yfinance_ingestion_dag']) retrieved from /opt/airflow/dags/pipeline.py
[2025-03-13T23:16:44.580+0000] {logging_mixin.py:151} INFO - [2025-03-13T23:16:44.579+0000] {dag.py:2915} INFO - Sync 1 DAGs
[2025-03-13T23:16:44.604+0000] {logging_mixin.py:151} INFO - [2025-03-13T23:16:44.604+0000] {dag.py:3696} INFO - Setting next_dagrun for yfinance_ingestion_dag to 2025-01-01T00:00:00+00:00, run_after=2025-01-02T00:00:00+00:00
[2025-03-13T23:16:44.633+0000] {processor.py:179} INFO - Processing /opt/airflow/dags/pipeline.py took 0.628 seconds
[2025-03-13T23:17:14.715+0000] {processor.py:157} INFO - Started process (PID=338) to work on /opt/airflow/dags/pipeline.py
[2025-03-13T23:17:14.717+0000] {processor.py:829} INFO - Processing file /opt/airflow/dags/pipeline.py for tasks to queue
[2025-03-13T23:17:14.718+0000] {logging_mixin.py:151} INFO - [2025-03-13T23:17:14.718+0000] {dagbag.py:539} INFO - Filling up the DagBag from /opt/airflow/dags/pipeline.py
[2025-03-13T23:17:13.908+0000] {processor.py:839} INFO - DAG(s) dict_keys(['yfinance_ingestion_dag']) retrieved from /opt/airflow/dags/pipeline.py
[2025-03-13T23:17:13.940+0000] {logging_mixin.py:151} INFO - [2025-03-13T23:17:13.939+0000] {dag.py:2915} INFO - Sync 1 DAGs
[2025-03-13T23:17:13.967+0000] {logging_mixin.py:151} INFO - [2025-03-13T23:17:13.967+0000] {dag.py:3696} INFO - Setting next_dagrun for yfinance_ingestion_dag to 2025-01-01T00:00:00+00:00, run_after=2025-01-02T00:00:00+00:00
[2025-03-13T23:17:13.994+0000] {processor.py:179} INFO - Processing /opt/airflow/dags/pipeline.py took 0.590 seconds
[2025-03-13T23:17:44.147+0000] {processor.py:157} INFO - Started process (PID=350) to work on /opt/airflow/dags/pipeline.py
[2025-03-13T23:17:44.149+0000] {processor.py:829} INFO - Processing file /opt/airflow/dags/pipeline.py for tasks to queue
[2025-03-13T23:17:44.150+0000] {logging_mixin.py:151} INFO - [2025-03-13T23:17:44.150+0000] {dagbag.py:539} INFO - Filling up the DagBag from /opt/airflow/dags/pipeline.py
[2025-03-13T23:17:44.690+0000] {processor.py:839} INFO - DAG(s) dict_keys(['yfinance_ingestion_dag']) retrieved from /opt/airflow/dags/pipeline.py
[2025-03-13T23:17:44.723+0000] {logging_mixin.py:151} INFO - [2025-03-13T23:17:44.722+0000] {dag.py:2915} INFO - Sync 1 DAGs
[2025-03-13T23:17:44.751+0000] {logging_mixin.py:151} INFO - [2025-03-13T23:17:44.751+0000] {dag.py:3696} INFO - Setting next_dagrun for yfinance_ingestion_dag to 2025-01-01T00:00:00+00:00, run_after=2025-01-02T00:00:00+00:00
[2025-03-13T23:17:44.780+0000] {processor.py:179} INFO - Processing /opt/airflow/dags/pipeline.py took 0.639 seconds
[2025-03-13T23:18:14.848+0000] {processor.py:157} INFO - Started process (PID=362) to work on /opt/airflow/dags/pipeline.py
[2025-03-13T23:18:14.849+0000] {processor.py:829} INFO - Processing file /opt/airflow/dags/pipeline.py for tasks to queue
[2025-03-13T23:18:14.851+0000] {logging_mixin.py:151} INFO - [2025-03-13T23:18:14.850+0000] {dagbag.py:539} INFO - Filling up the DagBag from /opt/airflow/dags/pipeline.py
[2025-03-13T23:18:15.584+0000] {processor.py:839} INFO - DAG(s) dict_keys(['yfinance_ingestion_dag']) retrieved from /opt/airflow/dags/pipeline.py
[2025-03-13T23:18:15.628+0000] {logging_mixin.py:151} INFO - [2025-03-13T23:18:15.627+0000] {dag.py:2915} INFO - Sync 1 DAGs
[2025-03-13T23:18:15.670+0000] {logging_mixin.py:151} INFO - [2025-03-13T23:18:15.670+0000] {dag.py:3696} INFO - Setting next_dagrun for yfinance_ingestion_dag to 2025-01-01T00:00:00+00:00, run_after=2025-01-02T00:00:00+00:00
[2025-03-13T23:18:15.708+0000] {processor.py:179} INFO - Processing /opt/airflow/dags/pipeline.py took 0.864 seconds
[2025-03-13T23:18:45.828+0000] {processor.py:157} INFO - Started process (PID=374) to work on /opt/airflow/dags/pipeline.py
[2025-03-13T23:18:45.829+0000] {processor.py:829} INFO - Processing file /opt/airflow/dags/pipeline.py for tasks to queue
[2025-03-13T23:18:45.830+0000] {logging_mixin.py:151} INFO - [2025-03-13T23:18:45.830+0000] {dagbag.py:539} INFO - Filling up the DagBag from /opt/airflow/dags/pipeline.py
[2025-03-13T23:18:46.445+0000] {processor.py:839} INFO - DAG(s) dict_keys(['yfinance_ingestion_dag']) retrieved from /opt/airflow/dags/pipeline.py
[2025-03-13T23:18:46.475+0000] {logging_mixin.py:151} INFO - [2025-03-13T23:18:46.475+0000] {dag.py:2915} INFO - Sync 1 DAGs
[2025-03-13T23:18:46.499+0000] {logging_mixin.py:151} INFO - [2025-03-13T23:18:46.499+0000] {dag.py:3696} INFO - Setting next_dagrun for yfinance_ingestion_dag to 2025-01-01T00:00:00+00:00, run_after=2025-01-02T00:00:00+00:00
[2025-03-13T23:18:46.528+0000] {processor.py:179} INFO - Processing /opt/airflow/dags/pipeline.py took 0.704 seconds
[2025-03-13T23:19:16.696+0000] {processor.py:157} INFO - Started process (PID=386) to work on /opt/airflow/dags/pipeline.py
[2025-03-13T23:19:16.699+0000] {processor.py:829} INFO - Processing file /opt/airflow/dags/pipeline.py for tasks to queue
[2025-03-13T23:19:16.701+0000] {logging_mixin.py:151} INFO - [2025-03-13T23:19:16.700+0000] {dagbag.py:539} INFO - Filling up the DagBag from /opt/airflow/dags/pipeline.py
[2025-03-13T23:19:17.508+0000] {processor.py:839} INFO - DAG(s) dict_keys(['yfinance_ingestion_dag']) retrieved from /opt/airflow/dags/pipeline.py
[2025-03-13T23:19:17.535+0000] {logging_mixin.py:151} INFO - [2025-03-13T23:19:17.534+0000] {dag.py:2915} INFO - Sync 1 DAGs
[2025-03-13T23:19:17.562+0000] {logging_mixin.py:151} INFO - [2025-03-13T23:19:17.562+0000] {dag.py:3696} INFO - Setting next_dagrun for yfinance_ingestion_dag to 2025-01-01T00:00:00+00:00, run_after=2025-01-02T00:00:00+00:00
[2025-03-13T23:19:17.587+0000] {processor.py:179} INFO - Processing /opt/airflow/dags/pipeline.py took 0.896 seconds
[2025-03-13T23:19:47.722+0000] {processor.py:157} INFO - Started process (PID=398) to work on /opt/airflow/dags/pipeline.py
[2025-03-13T23:19:47.724+0000] {processor.py:829} INFO - Processing file /opt/airflow/dags/pipeline.py for tasks to queue
[2025-03-13T23:19:47.728+0000] {logging_mixin.py:151} INFO - [2025-03-13T23:19:47.727+0000] {dagbag.py:539} INFO - Filling up the DagBag from /opt/airflow/dags/pipeline.py
[2025-03-13T23:19:48.324+0000] {processor.py:839} INFO - DAG(s) dict_keys(['yfinance_ingestion_dag']) retrieved from /opt/airflow/dags/pipeline.py
[2025-03-13T23:19:48.362+0000] {logging_mixin.py:151} INFO - [2025-03-13T23:19:48.361+0000] {dag.py:2915} INFO - Sync 1 DAGs
[2025-03-13T23:19:48.418+0000] {logging_mixin.py:151} INFO - [2025-03-13T23:19:48.418+0000] {dag.py:3696} INFO - Setting next_dagrun for yfinance_ingestion_dag to 2025-01-01T00:00:00+00:00, run_after=2025-01-02T00:00:00+00:00
[2025-03-13T23:19:48.470+0000] {processor.py:179} INFO - Processing /opt/airflow/dags/pipeline.py took 0.755 seconds
[2025-03-13T23:20:19.050+0000] {processor.py:157} INFO - Started process (PID=413) to work on /opt/airflow/dags/pipeline.py
[2025-03-13T23:20:19.051+0000] {processor.py:829} INFO - Processing file /opt/airflow/dags/pipeline.py for tasks to queue
[2025-03-13T23:20:19.052+0000] {logging_mixin.py:151} INFO - [2025-03-13T23:20:19.052+0000] {dagbag.py:539} INFO - Filling up the DagBag from /opt/airflow/dags/pipeline.py
[2025-03-13T23:20:19.590+0000] {processor.py:839} INFO - DAG(s) dict_keys(['yfinance_ingestion_dag']) retrieved from /opt/airflow/dags/pipeline.py
[2025-03-13T23:20:19.621+0000] {logging_mixin.py:151} INFO - [2025-03-13T23:20:19.620+0000] {dag.py:2915} INFO - Sync 1 DAGs
[2025-03-13T23:20:19.649+0000] {logging_mixin.py:151} INFO - [2025-03-13T23:20:19.648+0000] {dag.py:3696} INFO - Setting next_dagrun for yfinance_ingestion_dag to 2025-01-01T00:00:00+00:00, run_after=2025-01-02T00:00:00+00:00
[2025-03-13T23:20:19.679+0000] {processor.py:179} INFO - Processing /opt/airflow/dags/pipeline.py took 0.633 seconds
[2025-03-13T23:20:50.227+0000] {processor.py:157} INFO - Started process (PID=425) to work on /opt/airflow/dags/pipeline.py
[2025-03-13T23:20:50.229+0000] {processor.py:829} INFO - Processing file /opt/airflow/dags/pipeline.py for tasks to queue
[2025-03-13T23:20:50.230+0000] {logging_mixin.py:151} INFO - [2025-03-13T23:20:50.230+0000] {dagbag.py:539} INFO - Filling up the DagBag from /opt/airflow/dags/pipeline.py
[2025-03-13T23:20:50.699+0000] {processor.py:839} INFO - DAG(s) dict_keys(['yfinance_ingestion_dag']) retrieved from /opt/airflow/dags/pipeline.py
[2025-03-13T23:20:50.724+0000] {logging_mixin.py:151} INFO - [2025-03-13T23:20:50.723+0000] {dag.py:2915} INFO - Sync 1 DAGs
[2025-03-13T23:20:50.751+0000] {logging_mixin.py:151} INFO - [2025-03-13T23:20:50.751+0000] {dag.py:3696} INFO - Setting next_dagrun for yfinance_ingestion_dag to 2025-01-01T00:00:00+00:00, run_after=2025-01-02T00:00:00+00:00
[2025-03-13T23:20:50.788+0000] {processor.py:179} INFO - Processing /opt/airflow/dags/pipeline.py took 0.564 seconds
[2025-03-13T23:21:21.327+0000] {processor.py:157} INFO - Started process (PID=437) to work on /opt/airflow/dags/pipeline.py
[2025-03-13T23:21:21.328+0000] {processor.py:829} INFO - Processing file /opt/airflow/dags/pipeline.py for tasks to queue
[2025-03-13T23:21:21.329+0000] {logging_mixin.py:151} INFO - [2025-03-13T23:21:21.329+0000] {dagbag.py:539} INFO - Filling up the DagBag from /opt/airflow/dags/pipeline.py
[2025-03-13T23:21:21.759+0000] {processor.py:839} INFO - DAG(s) dict_keys(['yfinance_ingestion_dag']) retrieved from /opt/airflow/dags/pipeline.py
[2025-03-13T23:21:21.786+0000] {logging_mixin.py:151} INFO - [2025-03-13T23:21:21.785+0000] {dag.py:2915} INFO - Sync 1 DAGs
[2025-03-13T23:21:21.817+0000] {logging_mixin.py:151} INFO - [2025-03-13T23:21:21.817+0000] {dag.py:3696} INFO - Setting next_dagrun for yfinance_ingestion_dag to 2025-01-01T00:00:00+00:00, run_after=2025-01-02T00:00:00+00:00
[2025-03-13T23:21:21.845+0000] {processor.py:179} INFO - Processing /opt/airflow/dags/pipeline.py took 0.522 seconds
[2025-03-13T23:21:52.482+0000] {processor.py:157} INFO - Started process (PID=449) to work on /opt/airflow/dags/pipeline.py
[2025-03-13T23:21:52.483+0000] {processor.py:829} INFO - Processing file /opt/airflow/dags/pipeline.py for tasks to queue
[2025-03-13T23:21:52.485+0000] {logging_mixin.py:151} INFO - [2025-03-13T23:21:52.484+0000] {dagbag.py:539} INFO - Filling up the DagBag from /opt/airflow/dags/pipeline.py
[2025-03-13T23:21:52.997+0000] {processor.py:839} INFO - DAG(s) dict_keys(['yfinance_ingestion_dag']) retrieved from /opt/airflow/dags/pipeline.py
[2025-03-13T23:21:53.027+0000] {logging_mixin.py:151} INFO - [2025-03-13T23:21:53.027+0000] {dag.py:2915} INFO - Sync 1 DAGs
[2025-03-13T23:21:53.055+0000] {logging_mixin.py:151} INFO - [2025-03-13T23:21:53.055+0000] {dag.py:3696} INFO - Setting next_dagrun for yfinance_ingestion_dag to 2025-01-01T00:00:00+00:00, run_after=2025-01-02T00:00:00+00:00
[2025-03-13T23:21:53.085+0000] {processor.py:179} INFO - Processing /opt/airflow/dags/pipeline.py took 0.607 seconds
[2025-03-13T23:22:23.366+0000] {processor.py:157} INFO - Started process (PID=461) to work on /opt/airflow/dags/pipeline.py
[2025-03-13T23:22:23.367+0000] {processor.py:829} INFO - Processing file /opt/airflow/dags/pipeline.py for tasks to queue
[2025-03-13T23:22:23.368+0000] {logging_mixin.py:151} INFO - [2025-03-13T23:22:23.367+0000] {dagbag.py:539} INFO - Filling up the DagBag from /opt/airflow/dags/pipeline.py
[2025-03-13T23:22:24.064+0000] {processor.py:839} INFO - DAG(s) dict_keys(['yfinance_ingestion_dag']) retrieved from /opt/airflow/dags/pipeline.py
[2025-03-13T23:22:24.094+0000] {logging_mixin.py:151} INFO - [2025-03-13T23:22:24.093+0000] {dag.py:2915} INFO - Sync 1 DAGs
[2025-03-13T23:22:24.122+0000] {logging_mixin.py:151} INFO - [2025-03-13T23:22:24.121+0000] {dag.py:3696} INFO - Setting next_dagrun for yfinance_ingestion_dag to 2025-01-01T00:00:00+00:00, run_after=2025-01-02T00:00:00+00:00
[2025-03-13T23:22:24.149+0000] {processor.py:179} INFO - Processing /opt/airflow/dags/pipeline.py took 0.786 seconds
[2025-03-13T23:22:54.767+0000] {processor.py:157} INFO - Started process (PID=473) to work on /opt/airflow/dags/pipeline.py
[2025-03-13T23:22:54.768+0000] {processor.py:829} INFO - Processing file /opt/airflow/dags/pipeline.py for tasks to queue
[2025-03-13T23:22:54.770+0000] {logging_mixin.py:151} INFO - [2025-03-13T23:22:54.770+0000] {dagbag.py:539} INFO - Filling up the DagBag from /opt/airflow/dags/pipeline.py
[2025-03-13T23:22:55.294+0000] {processor.py:839} INFO - DAG(s) dict_keys(['yfinance_ingestion_dag']) retrieved from /opt/airflow/dags/pipeline.py
[2025-03-13T23:22:55.326+0000] {logging_mixin.py:151} INFO - [2025-03-13T23:22:55.325+0000] {dag.py:2915} INFO - Sync 1 DAGs
[2025-03-13T23:22:55.355+0000] {logging_mixin.py:151} INFO - [2025-03-13T23:22:55.355+0000] {dag.py:3696} INFO - Setting next_dagrun for yfinance_ingestion_dag to 2025-01-01T00:00:00+00:00, run_after=2025-01-02T00:00:00+00:00
[2025-03-13T23:22:55.382+0000] {processor.py:179} INFO - Processing /opt/airflow/dags/pipeline.py took 0.618 seconds
[2025-03-13T23:23:25.857+0000] {processor.py:157} INFO - Started process (PID=485) to work on /opt/airflow/dags/pipeline.py
[2025-03-13T23:23:25.858+0000] {processor.py:829} INFO - Processing file /opt/airflow/dags/pipeline.py for tasks to queue
[2025-03-13T23:23:25.859+0000] {logging_mixin.py:151} INFO - [2025-03-13T23:23:25.859+0000] {dagbag.py:539} INFO - Filling up the DagBag from /opt/airflow/dags/pipeline.py
[2025-03-13T23:23:26.439+0000] {processor.py:839} INFO - DAG(s) dict_keys(['yfinance_ingestion_dag']) retrieved from /opt/airflow/dags/pipeline.py
[2025-03-13T23:23:26.472+0000] {logging_mixin.py:151} INFO - [2025-03-13T23:23:26.471+0000] {dag.py:2915} INFO - Sync 1 DAGs
[2025-03-13T23:23:26.502+0000] {logging_mixin.py:151} INFO - [2025-03-13T23:23:26.502+0000] {dag.py:3696} INFO - Setting next_dagrun for yfinance_ingestion_dag to 2025-01-01T00:00:00+00:00, run_after=2025-01-02T00:00:00+00:00
[2025-03-13T23:23:26.530+0000] {processor.py:179} INFO - Processing /opt/airflow/dags/pipeline.py took 0.678 seconds
[2025-03-13T23:23:56.878+0000] {processor.py:157} INFO - Started process (PID=497) to work on /opt/airflow/dags/pipeline.py
[2025-03-13T23:23:56.879+0000] {processor.py:829} INFO - Processing file /opt/airflow/dags/pipeline.py for tasks to queue
[2025-03-13T23:23:56.881+0000] {logging_mixin.py:151} INFO - [2025-03-13T23:23:56.880+0000] {dagbag.py:539} INFO - Filling up the DagBag from /opt/airflow/dags/pipeline.py
[2025-03-13T23:23:57.645+0000] {processor.py:839} INFO - DAG(s) dict_keys(['yfinance_ingestion_dag']) retrieved from /opt/airflow/dags/pipeline.py
[2025-03-13T23:23:57.676+0000] {logging_mixin.py:151} INFO - [2025-03-13T23:23:57.676+0000] {dag.py:2915} INFO - Sync 1 DAGs
[2025-03-13T23:23:57.705+0000] {logging_mixin.py:151} INFO - [2025-03-13T23:23:57.705+0000] {dag.py:3696} INFO - Setting next_dagrun for yfinance_ingestion_dag to 2025-01-01T00:00:00+00:00, run_after=2025-01-02T00:00:00+00:00
[2025-03-13T23:23:57.733+0000] {processor.py:179} INFO - Processing /opt/airflow/dags/pipeline.py took 0.859 seconds
[2025-03-13T23:24:27.844+0000] {processor.py:157} INFO - Started process (PID=509) to work on /opt/airflow/dags/pipeline.py
[2025-03-13T23:24:27.845+0000] {processor.py:829} INFO - Processing file /opt/airflow/dags/pipeline.py for tasks to queue
[2025-03-13T23:24:27.847+0000] {logging_mixin.py:151} INFO - [2025-03-13T23:24:27.846+0000] {dagbag.py:539} INFO - Filling up the DagBag from /opt/airflow/dags/pipeline.py
[2025-03-13T23:24:28.541+0000] {processor.py:839} INFO - DAG(s) dict_keys(['yfinance_ingestion_dag']) retrieved from /opt/airflow/dags/pipeline.py
[2025-03-13T23:24:28.570+0000] {logging_mixin.py:151} INFO - [2025-03-13T23:24:28.569+0000] {dag.py:2915} INFO - Sync 1 DAGs
[2025-03-13T23:24:28.600+0000] {logging_mixin.py:151} INFO - [2025-03-13T23:24:28.600+0000] {dag.py:3696} INFO - Setting next_dagrun for yfinance_ingestion_dag to 2025-01-01T00:00:00+00:00, run_after=2025-01-02T00:00:00+00:00
[2025-03-13T23:24:28.628+0000] {processor.py:179} INFO - Processing /opt/airflow/dags/pipeline.py took 0.789 seconds
[2025-03-13T23:24:58.833+0000] {processor.py:157} INFO - Started process (PID=521) to work on /opt/airflow/dags/pipeline.py
[2025-03-13T23:24:58.834+0000] {processor.py:829} INFO - Processing file /opt/airflow/dags/pipeline.py for tasks to queue
[2025-03-13T23:24:58.836+0000] {logging_mixin.py:151} INFO - [2025-03-13T23:24:58.836+0000] {dagbag.py:539} INFO - Filling up the DagBag from /opt/airflow/dags/pipeline.py
[2025-03-13T23:24:59.386+0000] {processor.py:839} INFO - DAG(s) dict_keys(['yfinance_ingestion_dag']) retrieved from /opt/airflow/dags/pipeline.py
[2025-03-13T23:24:59.419+0000] {logging_mixin.py:151} INFO - [2025-03-13T23:24:59.418+0000] {dag.py:2915} INFO - Sync 1 DAGs
[2025-03-13T23:24:59.476+0000] {logging_mixin.py:151} INFO - [2025-03-13T23:24:59.475+0000] {dag.py:3696} INFO - Setting next_dagrun for yfinance_ingestion_dag to 2025-01-01T00:00:00+00:00, run_after=2025-01-02T00:00:00+00:00
[2025-03-13T23:24:59.517+0000] {processor.py:179} INFO - Processing /opt/airflow/dags/pipeline.py took 0.688 seconds
[2025-03-13T23:25:30.240+0000] {processor.py:157} INFO - Started process (PID=533) to work on /opt/airflow/dags/pipeline.py
[2025-03-13T23:25:30.242+0000] {processor.py:829} INFO - Processing file /opt/airflow/dags/pipeline.py for tasks to queue
[2025-03-13T23:25:30.244+0000] {logging_mixin.py:151} INFO - [2025-03-13T23:25:30.244+0000] {dagbag.py:539} INFO - Filling up the DagBag from /opt/airflow/dags/pipeline.py
[2025-03-13T23:25:31.154+0000] {processor.py:839} INFO - DAG(s) dict_keys(['yfinance_ingestion_dag']) retrieved from /opt/airflow/dags/pipeline.py
[2025-03-13T23:25:31.207+0000] {logging_mixin.py:151} INFO - [2025-03-13T23:25:31.206+0000] {dag.py:2915} INFO - Sync 1 DAGs
[2025-03-13T23:25:31.246+0000] {logging_mixin.py:151} INFO - [2025-03-13T23:25:31.246+0000] {dag.py:3696} INFO - Setting next_dagrun for yfinance_ingestion_dag to 2025-01-01T00:00:00+00:00, run_after=2025-01-02T00:00:00+00:00
[2025-03-13T23:25:31.285+0000] {processor.py:179} INFO - Processing /opt/airflow/dags/pipeline.py took 1.052 seconds
[2025-03-13T23:26:01.664+0000] {processor.py:157} INFO - Started process (PID=545) to work on /opt/airflow/dags/pipeline.py
[2025-03-13T23:26:01.666+0000] {processor.py:829} INFO - Processing file /opt/airflow/dags/pipeline.py for tasks to queue
[2025-03-13T23:26:01.667+0000] {logging_mixin.py:151} INFO - [2025-03-13T23:26:01.667+0000] {dagbag.py:539} INFO - Filling up the DagBag from /opt/airflow/dags/pipeline.py
[2025-03-13T23:26:02.275+0000] {processor.py:839} INFO - DAG(s) dict_keys(['yfinance_ingestion_dag']) retrieved from /opt/airflow/dags/pipeline.py
[2025-03-13T23:26:02.305+0000] {logging_mixin.py:151} INFO - [2025-03-13T23:26:02.305+0000] {dag.py:2915} INFO - Sync 1 DAGs
[2025-03-13T23:26:02.332+0000] {logging_mixin.py:151} INFO - [2025-03-13T23:26:02.332+0000] {dag.py:3696} INFO - Setting next_dagrun for yfinance_ingestion_dag to 2025-01-01T00:00:00+00:00, run_after=2025-01-02T00:00:00+00:00
[2025-03-13T23:26:02.356+0000] {processor.py:179} INFO - Processing /opt/airflow/dags/pipeline.py took 0.697 seconds
[2025-03-13T23:26:32.734+0000] {processor.py:157} INFO - Started process (PID=557) to work on /opt/airflow/dags/pipeline.py
[2025-03-13T23:26:32.735+0000] {processor.py:829} INFO - Processing file /opt/airflow/dags/pipeline.py for tasks to queue
[2025-03-13T23:26:32.737+0000] {logging_mixin.py:151} INFO - [2025-03-13T23:26:32.736+0000] {dagbag.py:539} INFO - Filling up the DagBag from /opt/airflow/dags/pipeline.py
[2025-03-13T23:26:33.396+0000] {processor.py:839} INFO - DAG(s) dict_keys(['yfinance_ingestion_dag']) retrieved from /opt/airflow/dags/pipeline.py
[2025-03-13T23:26:33.472+0000] {logging_mixin.py:151} INFO - [2025-03-13T23:26:33.471+0000] {dag.py:2915} INFO - Sync 1 DAGs
[2025-03-13T23:26:33.558+0000] {logging_mixin.py:151} INFO - [2025-03-13T23:26:33.557+0000] {dag.py:3696} INFO - Setting next_dagrun for yfinance_ingestion_dag to 2025-01-01T00:00:00+00:00, run_after=2025-01-02T00:00:00+00:00
[2025-03-13T23:26:33.663+0000] {processor.py:179} INFO - Processing /opt/airflow/dags/pipeline.py took 0.933 seconds
[2025-03-13T23:27:03.966+0000] {processor.py:157} INFO - Started process (PID=569) to work on /opt/airflow/dags/pipeline.py
[2025-03-13T23:27:03.968+0000] {processor.py:829} INFO - Processing file /opt/airflow/dags/pipeline.py for tasks to queue
[2025-03-13T23:27:03.969+0000] {logging_mixin.py:151} INFO - [2025-03-13T23:27:03.969+0000] {dagbag.py:539} INFO - Filling up the DagBag from /opt/airflow/dags/pipeline.py
[2025-03-13T23:27:04.510+0000] {processor.py:839} INFO - DAG(s) dict_keys(['yfinance_ingestion_dag']) retrieved from /opt/airflow/dags/pipeline.py
[2025-03-13T23:27:04.551+0000] {logging_mixin.py:151} INFO - [2025-03-13T23:27:04.550+0000] {dag.py:2915} INFO - Sync 1 DAGs
[2025-03-13T23:27:04.580+0000] {logging_mixin.py:151} INFO - [2025-03-13T23:27:04.580+0000] {dag.py:3696} INFO - Setting next_dagrun for yfinance_ingestion_dag to 2025-01-01T00:00:00+00:00, run_after=2025-01-02T00:00:00+00:00
[2025-03-13T23:27:04.609+0000] {processor.py:179} INFO - Processing /opt/airflow/dags/pipeline.py took 0.647 seconds
[2025-03-13T23:27:34.949+0000] {processor.py:157} INFO - Started process (PID=581) to work on /opt/airflow/dags/pipeline.py
[2025-03-13T23:27:34.951+0000] {processor.py:829} INFO - Processing file /opt/airflow/dags/pipeline.py for tasks to queue
[2025-03-13T23:27:34.952+0000] {logging_mixin.py:151} INFO - [2025-03-13T23:27:34.952+0000] {dagbag.py:539} INFO - Filling up the DagBag from /opt/airflow/dags/pipeline.py
[2025-03-13T23:27:35.504+0000] {processor.py:839} INFO - DAG(s) dict_keys(['yfinance_ingestion_dag']) retrieved from /opt/airflow/dags/pipeline.py
[2025-03-13T23:27:35.539+0000] {logging_mixin.py:151} INFO - [2025-03-13T23:27:35.539+0000] {dag.py:2915} INFO - Sync 1 DAGs
[2025-03-13T23:27:35.570+0000] {logging_mixin.py:151} INFO - [2025-03-13T23:27:35.569+0000] {dag.py:3696} INFO - Setting next_dagrun for yfinance_ingestion_dag to 2025-01-01T00:00:00+00:00, run_after=2025-01-02T00:00:00+00:00
[2025-03-13T23:27:35.598+0000] {processor.py:179} INFO - Processing /opt/airflow/dags/pipeline.py took 0.654 seconds
[2025-03-13T23:28:06.344+0000] {processor.py:157} INFO - Started process (PID=593) to work on /opt/airflow/dags/pipeline.py
[2025-03-13T23:28:06.345+0000] {processor.py:829} INFO - Processing file /opt/airflow/dags/pipeline.py for tasks to queue
[2025-03-13T23:28:06.346+0000] {logging_mixin.py:151} INFO - [2025-03-13T23:28:06.346+0000] {dagbag.py:539} INFO - Filling up the DagBag from /opt/airflow/dags/pipeline.py
[2025-03-13T23:28:06.945+0000] {processor.py:839} INFO - DAG(s) dict_keys(['yfinance_ingestion_dag']) retrieved from /opt/airflow/dags/pipeline.py
[2025-03-13T23:28:06.979+0000] {logging_mixin.py:151} INFO - [2025-03-13T23:28:06.978+0000] {dag.py:2915} INFO - Sync 1 DAGs
[2025-03-13T23:28:07.007+0000] {logging_mixin.py:151} INFO - [2025-03-13T23:28:07.007+0000] {dag.py:3696} INFO - Setting next_dagrun for yfinance_ingestion_dag to 2025-01-01T00:00:00+00:00, run_after=2025-01-02T00:00:00+00:00
[2025-03-13T23:28:07.032+0000] {processor.py:179} INFO - Processing /opt/airflow/dags/pipeline.py took 0.692 seconds
[2025-03-13T23:28:37.483+0000] {processor.py:157} INFO - Started process (PID=605) to work on /opt/airflow/dags/pipeline.py
[2025-03-13T23:28:37.484+0000] {processor.py:829} INFO - Processing file /opt/airflow/dags/pipeline.py for tasks to queue
[2025-03-13T23:28:37.486+0000] {logging_mixin.py:151} INFO - [2025-03-13T23:28:37.485+0000] {dagbag.py:539} INFO - Filling up the DagBag from /opt/airflow/dags/pipeline.py
[2025-03-13T23:28:37.999+0000] {processor.py:839} INFO - DAG(s) dict_keys(['yfinance_ingestion_dag']) retrieved from /opt/airflow/dags/pipeline.py
[2025-03-13T23:28:38.029+0000] {logging_mixin.py:151} INFO - [2025-03-13T23:28:38.028+0000] {dag.py:2915} INFO - Sync 1 DAGs
[2025-03-13T23:28:38.054+0000] {logging_mixin.py:151} INFO - [2025-03-13T23:28:38.054+0000] {dag.py:3696} INFO - Setting next_dagrun for yfinance_ingestion_dag to 2025-01-01T00:00:00+00:00, run_after=2025-01-02T00:00:00+00:00
[2025-03-13T23:28:38.081+0000] {processor.py:179} INFO - Processing /opt/airflow/dags/pipeline.py took 0.603 seconds
[2025-03-13T23:29:08.718+0000] {processor.py:157} INFO - Started process (PID=617) to work on /opt/airflow/dags/pipeline.py
[2025-03-13T23:29:08.719+0000] {processor.py:829} INFO - Processing file /opt/airflow/dags/pipeline.py for tasks to queue
[2025-03-13T23:29:08.720+0000] {logging_mixin.py:151} INFO - [2025-03-13T23:29:08.720+0000] {dagbag.py:539} INFO - Filling up the DagBag from /opt/airflow/dags/pipeline.py
[2025-03-13T23:29:09.301+0000] {processor.py:839} INFO - DAG(s) dict_keys(['yfinance_ingestion_dag']) retrieved from /opt/airflow/dags/pipeline.py
[2025-03-13T23:29:09.332+0000] {logging_mixin.py:151} INFO - [2025-03-13T23:29:09.331+0000] {dag.py:2915} INFO - Sync 1 DAGs
[2025-03-13T23:29:09.361+0000] {logging_mixin.py:151} INFO - [2025-03-13T23:29:09.361+0000] {dag.py:3696} INFO - Setting next_dagrun for yfinance_ingestion_dag to 2025-01-01T00:00:00+00:00, run_after=2025-01-02T00:00:00+00:00
[2025-03-13T23:29:09.392+0000] {processor.py:179} INFO - Processing /opt/airflow/dags/pipeline.py took 0.678 seconds
[2025-03-13T23:29:39.784+0000] {processor.py:157} INFO - Started process (PID=629) to work on /opt/airflow/dags/pipeline.py
[2025-03-13T23:29:39.786+0000] {processor.py:829} INFO - Processing file /opt/airflow/dags/pipeline.py for tasks to queue
[2025-03-13T23:29:39.788+0000] {logging_mixin.py:151} INFO - [2025-03-13T23:29:39.787+0000] {dagbag.py:539} INFO - Filling up the DagBag from /opt/airflow/dags/pipeline.py
[2025-03-13T23:29:40.335+0000] {processor.py:839} INFO - DAG(s) dict_keys(['yfinance_ingestion_dag']) retrieved from /opt/airflow/dags/pipeline.py
[2025-03-13T23:29:40.369+0000] {logging_mixin.py:151} INFO - [2025-03-13T23:29:40.368+0000] {dag.py:2915} INFO - Sync 1 DAGs
[2025-03-13T23:29:40.399+0000] {logging_mixin.py:151} INFO - [2025-03-13T23:29:40.399+0000] {dag.py:3696} INFO - Setting next_dagrun for yfinance_ingestion_dag to 2025-01-01T00:00:00+00:00, run_after=2025-01-02T00:00:00+00:00
[2025-03-13T23:29:40.426+0000] {processor.py:179} INFO - Processing /opt/airflow/dags/pipeline.py took 0.648 seconds
[2025-03-13T23:30:11.115+0000] {processor.py:157} INFO - Started process (PID=641) to work on /opt/airflow/dags/pipeline.py
[2025-03-13T23:30:11.116+0000] {processor.py:829} INFO - Processing file /opt/airflow/dags/pipeline.py for tasks to queue
[2025-03-13T23:30:11.117+0000] {logging_mixin.py:151} INFO - [2025-03-13T23:30:11.117+0000] {dagbag.py:539} INFO - Filling up the DagBag from /opt/airflow/dags/pipeline.py
[2025-03-13T23:30:11.623+0000] {processor.py:839} INFO - DAG(s) dict_keys(['yfinance_ingestion_dag']) retrieved from /opt/airflow/dags/pipeline.py
[2025-03-13T23:30:11.652+0000] {logging_mixin.py:151} INFO - [2025-03-13T23:30:11.651+0000] {dag.py:2915} INFO - Sync 1 DAGs
[2025-03-13T23:30:11.687+0000] {logging_mixin.py:151} INFO - [2025-03-13T23:30:11.687+0000] {dag.py:3696} INFO - Setting next_dagrun for yfinance_ingestion_dag to 2025-01-01T00:00:00+00:00, run_after=2025-01-02T00:00:00+00:00
[2025-03-13T23:30:11.719+0000] {processor.py:179} INFO - Processing /opt/airflow/dags/pipeline.py took 0.608 seconds
[2025-03-13T23:30:42.179+0000] {processor.py:157} INFO - Started process (PID=653) to work on /opt/airflow/dags/pipeline.py
[2025-03-13T23:30:42.181+0000] {processor.py:829} INFO - Processing file /opt/airflow/dags/pipeline.py for tasks to queue
[2025-03-13T23:30:42.184+0000] {logging_mixin.py:151} INFO - [2025-03-13T23:30:42.183+0000] {dagbag.py:539} INFO - Filling up the DagBag from /opt/airflow/dags/pipeline.py
[2025-03-13T23:30:42.712+0000] {processor.py:839} INFO - DAG(s) dict_keys(['yfinance_ingestion_dag']) retrieved from /opt/airflow/dags/pipeline.py
[2025-03-13T23:30:42.742+0000] {logging_mixin.py:151} INFO - [2025-03-13T23:30:42.741+0000] {dag.py:2915} INFO - Sync 1 DAGs
[2025-03-13T23:30:42.769+0000] {logging_mixin.py:151} INFO - [2025-03-13T23:30:42.768+0000] {dag.py:3696} INFO - Setting next_dagrun for yfinance_ingestion_dag to 2025-01-01T00:00:00+00:00, run_after=2025-01-02T00:00:00+00:00
[2025-03-13T23:30:42.798+0000] {processor.py:179} INFO - Processing /opt/airflow/dags/pipeline.py took 0.624 seconds
[2025-03-13T23:31:13.375+0000] {processor.py:157} INFO - Started process (PID=665) to work on /opt/airflow/dags/pipeline.py
[2025-03-13T23:31:13.380+0000] {processor.py:829} INFO - Processing file /opt/airflow/dags/pipeline.py for tasks to queue
[2025-03-13T23:31:13.382+0000] {logging_mixin.py:151} INFO - [2025-03-13T23:31:13.382+0000] {dagbag.py:539} INFO - Filling up the DagBag from /opt/airflow/dags/pipeline.py
[2025-03-13T23:31:14.116+0000] {processor.py:839} INFO - DAG(s) dict_keys(['yfinance_ingestion_dag']) retrieved from /opt/airflow/dags/pipeline.py
[2025-03-13T23:31:14.147+0000] {logging_mixin.py:151} INFO - [2025-03-13T23:31:14.147+0000] {dag.py:2915} INFO - Sync 1 DAGs
[2025-03-13T23:31:14.174+0000] {logging_mixin.py:151} INFO - [2025-03-13T23:31:14.174+0000] {dag.py:3696} INFO - Setting next_dagrun for yfinance_ingestion_dag to 2025-01-01T00:00:00+00:00, run_after=2025-01-02T00:00:00+00:00
[2025-03-13T23:31:14.203+0000] {processor.py:179} INFO - Processing /opt/airflow/dags/pipeline.py took 0.834 seconds
[2025-03-13T23:31:44.388+0000] {processor.py:157} INFO - Started process (PID=677) to work on /opt/airflow/dags/pipeline.py
[2025-03-13T23:31:44.390+0000] {processor.py:829} INFO - Processing file /opt/airflow/dags/pipeline.py for tasks to queue
[2025-03-13T23:31:44.391+0000] {logging_mixin.py:151} INFO - [2025-03-13T23:31:44.390+0000] {dagbag.py:539} INFO - Filling up the DagBag from /opt/airflow/dags/pipeline.py
[2025-03-13T23:31:44.978+0000] {processor.py:839} INFO - DAG(s) dict_keys(['yfinance_ingestion_dag']) retrieved from /opt/airflow/dags/pipeline.py
[2025-03-13T23:31:45.010+0000] {logging_mixin.py:151} INFO - [2025-03-13T23:31:45.010+0000] {dag.py:2915} INFO - Sync 1 DAGs
[2025-03-13T23:31:45.036+0000] {logging_mixin.py:151} INFO - [2025-03-13T23:31:45.036+0000] {dag.py:3696} INFO - Setting next_dagrun for yfinance_ingestion_dag to 2025-01-01T00:00:00+00:00, run_after=2025-01-02T00:00:00+00:00
[2025-03-13T23:31:45.065+0000] {processor.py:179} INFO - Processing /opt/airflow/dags/pipeline.py took 0.681 seconds
[2025-03-13T23:32:15.334+0000] {processor.py:157} INFO - Started process (PID=689) to work on /opt/airflow/dags/pipeline.py
[2025-03-13T23:32:15.336+0000] {processor.py:829} INFO - Processing file /opt/airflow/dags/pipeline.py for tasks to queue
[2025-03-13T23:32:15.337+0000] {logging_mixin.py:151} INFO - [2025-03-13T23:32:15.337+0000] {dagbag.py:539} INFO - Filling up the DagBag from /opt/airflow/dags/pipeline.py
[2025-03-13T23:32:16.004+0000] {processor.py:839} INFO - DAG(s) dict_keys(['yfinance_ingestion_dag']) retrieved from /opt/airflow/dags/pipeline.py
[2025-03-13T23:32:16.034+0000] {logging_mixin.py:151} INFO - [2025-03-13T23:32:16.033+0000] {dag.py:2915} INFO - Sync 1 DAGs
[2025-03-13T23:32:16.059+0000] {logging_mixin.py:151} INFO - [2025-03-13T23:32:16.059+0000] {dag.py:3696} INFO - Setting next_dagrun for yfinance_ingestion_dag to 2025-01-01T00:00:00+00:00, run_after=2025-01-02T00:00:00+00:00
[2025-03-13T23:32:16.084+0000] {processor.py:179} INFO - Processing /opt/airflow/dags/pipeline.py took 0.754 seconds
[2025-03-13T23:32:46.662+0000] {processor.py:157} INFO - Started process (PID=701) to work on /opt/airflow/dags/pipeline.py
[2025-03-13T23:32:46.664+0000] {processor.py:829} INFO - Processing file /opt/airflow/dags/pipeline.py for tasks to queue
[2025-03-13T23:32:46.667+0000] {logging_mixin.py:151} INFO - [2025-03-13T23:32:46.666+0000] {dagbag.py:539} INFO - Filling up the DagBag from /opt/airflow/dags/pipeline.py
[2025-03-13T23:32:47.239+0000] {processor.py:839} INFO - DAG(s) dict_keys(['yfinance_ingestion_dag']) retrieved from /opt/airflow/dags/pipeline.py
[2025-03-13T23:32:47.269+0000] {logging_mixin.py:151} INFO - [2025-03-13T23:32:47.268+0000] {dag.py:2915} INFO - Sync 1 DAGs
[2025-03-13T23:32:47.300+0000] {logging_mixin.py:151} INFO - [2025-03-13T23:32:47.299+0000] {dag.py:3696} INFO - Setting next_dagrun for yfinance_ingestion_dag to 2025-01-01T00:00:00+00:00, run_after=2025-01-02T00:00:00+00:00
[2025-03-13T23:32:47.327+0000] {processor.py:179} INFO - Processing /opt/airflow/dags/pipeline.py took 0.670 seconds
[2025-03-13T23:33:17.805+0000] {processor.py:157} INFO - Started process (PID=713) to work on /opt/airflow/dags/pipeline.py
[2025-03-13T23:33:17.806+0000] {processor.py:829} INFO - Processing file /opt/airflow/dags/pipeline.py for tasks to queue
[2025-03-13T23:33:17.808+0000] {logging_mixin.py:151} INFO - [2025-03-13T23:33:17.807+0000] {dagbag.py:539} INFO - Filling up the DagBag from /opt/airflow/dags/pipeline.py
[2025-03-13T23:33:18.461+0000] {processor.py:839} INFO - DAG(s) dict_keys(['yfinance_ingestion_dag']) retrieved from /opt/airflow/dags/pipeline.py
[2025-03-13T23:33:18.495+0000] {logging_mixin.py:151} INFO - [2025-03-13T23:33:18.494+0000] {dag.py:2915} INFO - Sync 1 DAGs
[2025-03-13T23:33:18.542+0000] {logging_mixin.py:151} INFO - [2025-03-13T23:33:18.542+0000] {dag.py:3696} INFO - Setting next_dagrun for yfinance_ingestion_dag to 2025-01-01T00:00:00+00:00, run_after=2025-01-02T00:00:00+00:00
[2025-03-13T23:33:18.579+0000] {processor.py:179} INFO - Processing /opt/airflow/dags/pipeline.py took 0.779 seconds
[2025-03-13T23:33:49.351+0000] {processor.py:157} INFO - Started process (PID=725) to work on /opt/airflow/dags/pipeline.py
[2025-03-13T23:33:49.352+0000] {processor.py:829} INFO - Processing file /opt/airflow/dags/pipeline.py for tasks to queue
[2025-03-13T23:33:49.354+0000] {logging_mixin.py:151} INFO - [2025-03-13T23:33:49.353+0000] {dagbag.py:539} INFO - Filling up the DagBag from /opt/airflow/dags/pipeline.py
[2025-03-13T23:33:50.100+0000] {processor.py:839} INFO - DAG(s) dict_keys(['yfinance_ingestion_dag']) retrieved from /opt/airflow/dags/pipeline.py
[2025-03-13T23:33:50.142+0000] {logging_mixin.py:151} INFO - [2025-03-13T23:33:50.141+0000] {dag.py:2915} INFO - Sync 1 DAGs
[2025-03-13T23:33:50.171+0000] {logging_mixin.py:151} INFO - [2025-03-13T23:33:50.171+0000] {dag.py:3696} INFO - Setting next_dagrun for yfinance_ingestion_dag to 2025-01-01T00:00:00+00:00, run_after=2025-01-02T00:00:00+00:00
[2025-03-13T23:33:50.217+0000] {processor.py:179} INFO - Processing /opt/airflow/dags/pipeline.py took 0.872 seconds
[2025-03-13T23:34:20.332+0000] {processor.py:157} INFO - Started process (PID=737) to work on /opt/airflow/dags/pipeline.py
[2025-03-13T23:34:20.333+0000] {processor.py:829} INFO - Processing file /opt/airflow/dags/pipeline.py for tasks to queue
[2025-03-13T23:34:20.334+0000] {logging_mixin.py:151} INFO - [2025-03-13T23:34:20.334+0000] {dagbag.py:539} INFO - Filling up the DagBag from /opt/airflow/dags/pipeline.py
[2025-03-13T23:34:20.798+0000] {processor.py:839} INFO - DAG(s) dict_keys(['yfinance_ingestion_dag']) retrieved from /opt/airflow/dags/pipeline.py
[2025-03-13T23:34:20.827+0000] {logging_mixin.py:151} INFO - [2025-03-13T23:34:20.827+0000] {dag.py:2915} INFO - Sync 1 DAGs
[2025-03-13T23:34:20.857+0000] {logging_mixin.py:151} INFO - [2025-03-13T23:34:20.856+0000] {dag.py:3696} INFO - Setting next_dagrun for yfinance_ingestion_dag to 2025-01-01T00:00:00+00:00, run_after=2025-01-02T00:00:00+00:00
[2025-03-13T23:34:20.880+0000] {processor.py:179} INFO - Processing /opt/airflow/dags/pipeline.py took 0.551 seconds
[2025-03-13T23:34:50.987+0000] {processor.py:157} INFO - Started process (PID=749) to work on /opt/airflow/dags/pipeline.py
[2025-03-13T23:34:50.988+0000] {processor.py:829} INFO - Processing file /opt/airflow/dags/pipeline.py for tasks to queue
[2025-03-13T23:34:50.989+0000] {logging_mixin.py:151} INFO - [2025-03-13T23:34:50.989+0000] {dagbag.py:539} INFO - Filling up the DagBag from /opt/airflow/dags/pipeline.py
[2025-03-13T23:34:51.462+0000] {processor.py:839} INFO - DAG(s) dict_keys(['yfinance_ingestion_dag']) retrieved from /opt/airflow/dags/pipeline.py
[2025-03-13T23:34:51.492+0000] {logging_mixin.py:151} INFO - [2025-03-13T23:34:51.491+0000] {dag.py:2915} INFO - Sync 1 DAGs
[2025-03-13T23:34:51.517+0000] {logging_mixin.py:151} INFO - [2025-03-13T23:34:51.517+0000] {dag.py:3696} INFO - Setting next_dagrun for yfinance_ingestion_dag to 2025-01-01T00:00:00+00:00, run_after=2025-01-02T00:00:00+00:00
[2025-03-13T23:34:51.541+0000] {processor.py:179} INFO - Processing /opt/airflow/dags/pipeline.py took 0.558 seconds
[2025-03-13T23:35:21.595+0000] {processor.py:157} INFO - Started process (PID=761) to work on /opt/airflow/dags/pipeline.py
[2025-03-13T23:35:21.597+0000] {processor.py:829} INFO - Processing file /opt/airflow/dags/pipeline.py for tasks to queue
[2025-03-13T23:35:21.598+0000] {logging_mixin.py:151} INFO - [2025-03-13T23:35:21.597+0000] {dagbag.py:539} INFO - Filling up the DagBag from /opt/airflow/dags/pipeline.py
[2025-03-13T23:35:22.201+0000] {processor.py:839} INFO - DAG(s) dict_keys(['yfinance_ingestion_dag']) retrieved from /opt/airflow/dags/pipeline.py
[2025-03-13T23:35:22.227+0000] {logging_mixin.py:151} INFO - [2025-03-13T23:35:22.227+0000] {dag.py:2915} INFO - Sync 1 DAGs
[2025-03-13T23:35:22.254+0000] {logging_mixin.py:151} INFO - [2025-03-13T23:35:22.254+0000] {dag.py:3696} INFO - Setting next_dagrun for yfinance_ingestion_dag to 2025-01-01T00:00:00+00:00, run_after=2025-01-02T00:00:00+00:00
[2025-03-13T23:35:22.282+0000] {processor.py:179} INFO - Processing /opt/airflow/dags/pipeline.py took 0.692 seconds
[2025-03-13T23:35:52.579+0000] {processor.py:157} INFO - Started process (PID=773) to work on /opt/airflow/dags/pipeline.py
[2025-03-13T23:35:52.581+0000] {processor.py:829} INFO - Processing file /opt/airflow/dags/pipeline.py for tasks to queue
[2025-03-13T23:35:52.583+0000] {logging_mixin.py:151} INFO - [2025-03-13T23:35:52.583+0000] {dagbag.py:539} INFO - Filling up the DagBag from /opt/airflow/dags/pipeline.py
[2025-03-13T23:35:53.076+0000] {processor.py:839} INFO - DAG(s) dict_keys(['yfinance_ingestion_dag']) retrieved from /opt/airflow/dags/pipeline.py
[2025-03-13T23:35:53.104+0000] {logging_mixin.py:151} INFO - [2025-03-13T23:35:53.103+0000] {dag.py:2915} INFO - Sync 1 DAGs
[2025-03-13T23:35:53.132+0000] {logging_mixin.py:151} INFO - [2025-03-13T23:35:53.132+0000] {dag.py:3696} INFO - Setting next_dagrun for yfinance_ingestion_dag to 2025-01-01T00:00:00+00:00, run_after=2025-01-02T00:00:00+00:00
[2025-03-13T23:35:51.836+0000] {processor.py:179} INFO - Processing /opt/airflow/dags/pipeline.py took 0.590 seconds
[2025-03-13T23:36:21.912+0000] {processor.py:157} INFO - Started process (PID=782) to work on /opt/airflow/dags/pipeline.py
[2025-03-13T23:36:21.913+0000] {processor.py:829} INFO - Processing file /opt/airflow/dags/pipeline.py for tasks to queue
[2025-03-13T23:36:21.914+0000] {logging_mixin.py:151} INFO - [2025-03-13T23:36:21.914+0000] {dagbag.py:539} INFO - Filling up the DagBag from /opt/airflow/dags/pipeline.py
[2025-03-13T23:36:22.450+0000] {processor.py:839} INFO - DAG(s) dict_keys(['yfinance_ingestion_dag']) retrieved from /opt/airflow/dags/pipeline.py
[2025-03-13T23:36:22.488+0000] {logging_mixin.py:151} INFO - [2025-03-13T23:36:22.488+0000] {dag.py:2915} INFO - Sync 1 DAGs
[2025-03-13T23:36:22.520+0000] {logging_mixin.py:151} INFO - [2025-03-13T23:36:22.520+0000] {dag.py:3696} INFO - Setting next_dagrun for yfinance_ingestion_dag to 2025-01-01T00:00:00+00:00, run_after=2025-01-02T00:00:00+00:00
[2025-03-13T23:36:22.771+0000] {processor.py:179} INFO - Processing /opt/airflow/dags/pipeline.py took 0.864 seconds
[2025-03-13T23:36:53.804+0000] {processor.py:157} INFO - Started process (PID=794) to work on /opt/airflow/dags/pipeline.py
[2025-03-13T23:36:53.805+0000] {processor.py:829} INFO - Processing file /opt/airflow/dags/pipeline.py for tasks to queue
[2025-03-13T23:36:53.807+0000] {logging_mixin.py:151} INFO - [2025-03-13T23:36:53.806+0000] {dagbag.py:539} INFO - Filling up the DagBag from /opt/airflow/dags/pipeline.py
[2025-03-13T23:36:54.416+0000] {processor.py:839} INFO - DAG(s) dict_keys(['yfinance_ingestion_dag']) retrieved from /opt/airflow/dags/pipeline.py
[2025-03-13T23:36:54.445+0000] {logging_mixin.py:151} INFO - [2025-03-13T23:36:54.445+0000] {dag.py:2915} INFO - Sync 1 DAGs
[2025-03-13T23:36:54.479+0000] {logging_mixin.py:151} INFO - [2025-03-13T23:36:54.479+0000] {dag.py:3696} INFO - Setting next_dagrun for yfinance_ingestion_dag to 2025-01-01T00:00:00+00:00, run_after=2025-01-02T00:00:00+00:00
[2025-03-13T23:36:54.506+0000] {processor.py:179} INFO - Processing /opt/airflow/dags/pipeline.py took 0.708 seconds
[2025-03-13T23:37:24.594+0000] {processor.py:157} INFO - Started process (PID=806) to work on /opt/airflow/dags/pipeline.py
[2025-03-13T23:37:24.597+0000] {processor.py:829} INFO - Processing file /opt/airflow/dags/pipeline.py for tasks to queue
[2025-03-13T23:37:24.599+0000] {logging_mixin.py:151} INFO - [2025-03-13T23:37:24.599+0000] {dagbag.py:539} INFO - Filling up the DagBag from /opt/airflow/dags/pipeline.py
[2025-03-13T23:37:25.353+0000] {processor.py:839} INFO - DAG(s) dict_keys(['yfinance_ingestion_dag']) retrieved from /opt/airflow/dags/pipeline.py
[2025-03-13T23:37:25.442+0000] {logging_mixin.py:151} INFO - [2025-03-13T23:37:25.442+0000] {dag.py:2915} INFO - Sync 1 DAGs
[2025-03-13T23:37:25.487+0000] {logging_mixin.py:151} INFO - [2025-03-13T23:37:25.487+0000] {dag.py:3696} INFO - Setting next_dagrun for yfinance_ingestion_dag to 2025-01-01T00:00:00+00:00, run_after=2025-01-02T00:00:00+00:00
[2025-03-13T23:37:25.516+0000] {processor.py:179} INFO - Processing /opt/airflow/dags/pipeline.py took 0.928 seconds
[2025-03-13T23:37:56.474+0000] {processor.py:157} INFO - Started process (PID=818) to work on /opt/airflow/dags/pipeline.py
[2025-03-13T23:37:56.476+0000] {processor.py:829} INFO - Processing file /opt/airflow/dags/pipeline.py for tasks to queue
[2025-03-13T23:37:56.478+0000] {logging_mixin.py:151} INFO - [2025-03-13T23:37:56.477+0000] {dagbag.py:539} INFO - Filling up the DagBag from /opt/airflow/dags/pipeline.py
[2025-03-13T23:37:57.293+0000] {processor.py:839} INFO - DAG(s) dict_keys(['yfinance_ingestion_dag']) retrieved from /opt/airflow/dags/pipeline.py
[2025-03-13T23:37:57.341+0000] {logging_mixin.py:151} INFO - [2025-03-13T23:37:57.341+0000] {dag.py:2915} INFO - Sync 1 DAGs
[2025-03-13T23:37:57.385+0000] {logging_mixin.py:151} INFO - [2025-03-13T23:37:57.385+0000] {dag.py:3696} INFO - Setting next_dagrun for yfinance_ingestion_dag to 2025-01-01T00:00:00+00:00, run_after=2025-01-02T00:00:00+00:00
[2025-03-13T23:37:57.425+0000] {processor.py:179} INFO - Processing /opt/airflow/dags/pipeline.py took 0.956 seconds
[2025-03-13T23:38:28.486+0000] {processor.py:157} INFO - Started process (PID=830) to work on /opt/airflow/dags/pipeline.py
[2025-03-13T23:38:28.487+0000] {processor.py:829} INFO - Processing file /opt/airflow/dags/pipeline.py for tasks to queue
[2025-03-13T23:38:28.489+0000] {logging_mixin.py:151} INFO - [2025-03-13T23:38:28.488+0000] {dagbag.py:539} INFO - Filling up the DagBag from /opt/airflow/dags/pipeline.py
[2025-03-13T23:38:29.216+0000] {processor.py:839} INFO - DAG(s) dict_keys(['yfinance_ingestion_dag']) retrieved from /opt/airflow/dags/pipeline.py
[2025-03-13T23:38:29.273+0000] {logging_mixin.py:151} INFO - [2025-03-13T23:38:29.272+0000] {dag.py:2915} INFO - Sync 1 DAGs
[2025-03-13T23:38:29.332+0000] {logging_mixin.py:151} INFO - [2025-03-13T23:38:29.332+0000] {dag.py:3696} INFO - Setting next_dagrun for yfinance_ingestion_dag to 2025-01-01T00:00:00+00:00, run_after=2025-01-02T00:00:00+00:00
[2025-03-13T23:38:29.591+0000] {processor.py:179} INFO - Processing /opt/airflow/dags/pipeline.py took 1.108 seconds
[2025-03-13T23:39:00.629+0000] {processor.py:157} INFO - Started process (PID=842) to work on /opt/airflow/dags/pipeline.py
[2025-03-13T23:39:00.631+0000] {processor.py:829} INFO - Processing file /opt/airflow/dags/pipeline.py for tasks to queue
[2025-03-13T23:39:00.632+0000] {logging_mixin.py:151} INFO - [2025-03-13T23:39:00.631+0000] {dagbag.py:539} INFO - Filling up the DagBag from /opt/airflow/dags/pipeline.py
[2025-03-13T23:39:01.388+0000] {processor.py:839} INFO - DAG(s) dict_keys(['yfinance_ingestion_dag']) retrieved from /opt/airflow/dags/pipeline.py
[2025-03-13T23:39:01.425+0000] {logging_mixin.py:151} INFO - [2025-03-13T23:39:01.424+0000] {dag.py:2915} INFO - Sync 1 DAGs
[2025-03-13T23:39:01.460+0000] {logging_mixin.py:151} INFO - [2025-03-13T23:39:01.459+0000] {dag.py:3696} INFO - Setting next_dagrun for yfinance_ingestion_dag to 2025-01-01T00:00:00+00:00, run_after=2025-01-02T00:00:00+00:00
[2025-03-13T23:39:01.490+0000] {processor.py:179} INFO - Processing /opt/airflow/dags/pipeline.py took 0.864 seconds
[2025-03-13T23:39:31.630+0000] {processor.py:157} INFO - Started process (PID=854) to work on /opt/airflow/dags/pipeline.py
[2025-03-13T23:39:31.632+0000] {processor.py:829} INFO - Processing file /opt/airflow/dags/pipeline.py for tasks to queue
[2025-03-13T23:39:31.633+0000] {logging_mixin.py:151} INFO - [2025-03-13T23:39:31.633+0000] {dagbag.py:539} INFO - Filling up the DagBag from /opt/airflow/dags/pipeline.py
[2025-03-13T23:39:32.180+0000] {processor.py:839} INFO - DAG(s) dict_keys(['yfinance_ingestion_dag']) retrieved from /opt/airflow/dags/pipeline.py
[2025-03-13T23:39:32.214+0000] {logging_mixin.py:151} INFO - [2025-03-13T23:39:32.214+0000] {dag.py:2915} INFO - Sync 1 DAGs
[2025-03-13T23:39:32.249+0000] {logging_mixin.py:151} INFO - [2025-03-13T23:39:32.248+0000] {dag.py:3696} INFO - Setting next_dagrun for yfinance_ingestion_dag to 2025-01-01T00:00:00+00:00, run_after=2025-01-02T00:00:00+00:00
[2025-03-13T23:39:32.277+0000] {processor.py:179} INFO - Processing /opt/airflow/dags/pipeline.py took 0.651 seconds
[2025-03-13T23:40:02.393+0000] {processor.py:157} INFO - Started process (PID=866) to work on /opt/airflow/dags/pipeline.py
[2025-03-13T23:40:02.394+0000] {processor.py:829} INFO - Processing file /opt/airflow/dags/pipeline.py for tasks to queue
[2025-03-13T23:40:02.395+0000] {logging_mixin.py:151} INFO - [2025-03-13T23:40:02.395+0000] {dagbag.py:539} INFO - Filling up the DagBag from /opt/airflow/dags/pipeline.py
[2025-03-13T23:40:02.988+0000] {processor.py:839} INFO - DAG(s) dict_keys(['yfinance_ingestion_dag']) retrieved from /opt/airflow/dags/pipeline.py
[2025-03-13T23:40:03.023+0000] {logging_mixin.py:151} INFO - [2025-03-13T23:40:03.022+0000] {dag.py:2915} INFO - Sync 1 DAGs
[2025-03-13T23:40:03.055+0000] {logging_mixin.py:151} INFO - [2025-03-13T23:40:03.055+0000] {dag.py:3696} INFO - Setting next_dagrun for yfinance_ingestion_dag to 2025-01-01T00:00:00+00:00, run_after=2025-01-02T00:00:00+00:00
[2025-03-13T23:40:03.085+0000] {processor.py:179} INFO - Processing /opt/airflow/dags/pipeline.py took 0.696 seconds
[2025-03-13T23:40:33.789+0000] {processor.py:157} INFO - Started process (PID=881) to work on /opt/airflow/dags/pipeline.py
[2025-03-13T23:40:33.793+0000] {processor.py:829} INFO - Processing file /opt/airflow/dags/pipeline.py for tasks to queue
[2025-03-13T23:40:33.795+0000] {logging_mixin.py:151} INFO - [2025-03-13T23:40:33.794+0000] {dagbag.py:539} INFO - Filling up the DagBag from /opt/airflow/dags/pipeline.py
[2025-03-13T23:40:34.449+0000] {processor.py:839} INFO - DAG(s) dict_keys(['yfinance_ingestion_dag']) retrieved from /opt/airflow/dags/pipeline.py
[2025-03-13T23:40:34.494+0000] {logging_mixin.py:151} INFO - [2025-03-13T23:40:34.493+0000] {dag.py:2915} INFO - Sync 1 DAGs
[2025-03-13T23:40:34.559+0000] {logging_mixin.py:151} INFO - [2025-03-13T23:40:34.558+0000] {dag.py:3696} INFO - Setting next_dagrun for yfinance_ingestion_dag to 2025-01-01T00:00:00+00:00, run_after=2025-01-02T00:00:00+00:00
[2025-03-13T23:40:34.853+0000] {processor.py:179} INFO - Processing /opt/airflow/dags/pipeline.py took 1.071 seconds
[2025-03-13T23:41:04.931+0000] {processor.py:157} INFO - Started process (PID=893) to work on /opt/airflow/dags/pipeline.py
[2025-03-13T23:41:04.932+0000] {processor.py:829} INFO - Processing file /opt/airflow/dags/pipeline.py for tasks to queue
[2025-03-13T23:41:04.934+0000] {logging_mixin.py:151} INFO - [2025-03-13T23:41:04.933+0000] {dagbag.py:539} INFO - Filling up the DagBag from /opt/airflow/dags/pipeline.py
[2025-03-13T23:41:05.445+0000] {processor.py:839} INFO - DAG(s) dict_keys(['yfinance_ingestion_dag']) retrieved from /opt/airflow/dags/pipeline.py
[2025-03-13T23:41:05.472+0000] {logging_mixin.py:151} INFO - [2025-03-13T23:41:05.471+0000] {dag.py:2915} INFO - Sync 1 DAGs
[2025-03-13T23:41:05.496+0000] {logging_mixin.py:151} INFO - [2025-03-13T23:41:05.496+0000] {dag.py:3696} INFO - Setting next_dagrun for yfinance_ingestion_dag to 2025-01-01T00:00:00+00:00, run_after=2025-01-02T00:00:00+00:00
[2025-03-13T23:41:05.523+0000] {processor.py:179} INFO - Processing /opt/airflow/dags/pipeline.py took 0.595 seconds
[2025-03-13T23:41:36.218+0000] {processor.py:157} INFO - Started process (PID=905) to work on /opt/airflow/dags/pipeline.py
[2025-03-13T23:41:36.220+0000] {processor.py:829} INFO - Processing file /opt/airflow/dags/pipeline.py for tasks to queue
[2025-03-13T23:41:36.221+0000] {logging_mixin.py:151} INFO - [2025-03-13T23:41:36.221+0000] {dagbag.py:539} INFO - Filling up the DagBag from /opt/airflow/dags/pipeline.py
[2025-03-13T23:41:36.672+0000] {processor.py:839} INFO - DAG(s) dict_keys(['yfinance_ingestion_dag']) retrieved from /opt/airflow/dags/pipeline.py
[2025-03-13T23:41:36.700+0000] {logging_mixin.py:151} INFO - [2025-03-13T23:41:36.699+0000] {dag.py:2915} INFO - Sync 1 DAGs
[2025-03-13T23:41:36.724+0000] {logging_mixin.py:151} INFO - [2025-03-13T23:41:36.724+0000] {dag.py:3696} INFO - Setting next_dagrun for yfinance_ingestion_dag to 2025-01-01T00:00:00+00:00, run_after=2025-01-02T00:00:00+00:00
[2025-03-13T23:41:36.747+0000] {processor.py:179} INFO - Processing /opt/airflow/dags/pipeline.py took 0.534 seconds
[2025-03-13T23:42:07.174+0000] {processor.py:157} INFO - Started process (PID=917) to work on /opt/airflow/dags/pipeline.py
[2025-03-13T23:42:07.175+0000] {processor.py:829} INFO - Processing file /opt/airflow/dags/pipeline.py for tasks to queue
[2025-03-13T23:42:07.176+0000] {logging_mixin.py:151} INFO - [2025-03-13T23:42:07.175+0000] {dagbag.py:539} INFO - Filling up the DagBag from /opt/airflow/dags/pipeline.py
[2025-03-13T23:42:07.596+0000] {processor.py:839} INFO - DAG(s) dict_keys(['yfinance_ingestion_dag']) retrieved from /opt/airflow/dags/pipeline.py
[2025-03-13T23:42:07.625+0000] {logging_mixin.py:151} INFO - [2025-03-13T23:42:07.624+0000] {dag.py:2915} INFO - Sync 1 DAGs
[2025-03-13T23:42:07.651+0000] {logging_mixin.py:151} INFO - [2025-03-13T23:42:07.651+0000] {dag.py:3696} INFO - Setting next_dagrun for yfinance_ingestion_dag to 2025-01-01T00:00:00+00:00, run_after=2025-01-02T00:00:00+00:00
[2025-03-13T23:42:07.797+0000] {processor.py:179} INFO - Processing /opt/airflow/dags/pipeline.py took 0.627 seconds
[2025-03-13T23:42:38.285+0000] {processor.py:157} INFO - Started process (PID=929) to work on /opt/airflow/dags/pipeline.py
[2025-03-13T23:42:38.287+0000] {processor.py:829} INFO - Processing file /opt/airflow/dags/pipeline.py for tasks to queue
[2025-03-13T23:42:38.288+0000] {logging_mixin.py:151} INFO - [2025-03-13T23:42:38.287+0000] {dagbag.py:539} INFO - Filling up the DagBag from /opt/airflow/dags/pipeline.py
[2025-03-13T23:42:39.315+0000] {processor.py:839} INFO - DAG(s) dict_keys(['yfinance_ingestion_dag']) retrieved from /opt/airflow/dags/pipeline.py
[2025-03-13T23:42:39.354+0000] {logging_mixin.py:151} INFO - [2025-03-13T23:42:39.354+0000] {dag.py:2915} INFO - Sync 1 DAGs
[2025-03-13T23:42:39.389+0000] {logging_mixin.py:151} INFO - [2025-03-13T23:42:39.389+0000] {dag.py:3696} INFO - Setting next_dagrun for yfinance_ingestion_dag to 2025-01-01T00:00:00+00:00, run_after=2025-01-02T00:00:00+00:00
[2025-03-13T23:42:39.435+0000] {processor.py:179} INFO - Processing /opt/airflow/dags/pipeline.py took 1.153 seconds
[2025-03-13T23:43:10.220+0000] {processor.py:157} INFO - Started process (PID=941) to work on /opt/airflow/dags/pipeline.py
[2025-03-13T23:43:10.222+0000] {processor.py:829} INFO - Processing file /opt/airflow/dags/pipeline.py for tasks to queue
[2025-03-13T23:43:10.223+0000] {logging_mixin.py:151} INFO - [2025-03-13T23:43:10.223+0000] {dagbag.py:539} INFO - Filling up the DagBag from /opt/airflow/dags/pipeline.py
[2025-03-13T23:43:10.877+0000] {processor.py:839} INFO - DAG(s) dict_keys(['yfinance_ingestion_dag']) retrieved from /opt/airflow/dags/pipeline.py
[2025-03-13T23:43:10.909+0000] {logging_mixin.py:151} INFO - [2025-03-13T23:43:10.908+0000] {dag.py:2915} INFO - Sync 1 DAGs
[2025-03-13T23:43:10.938+0000] {logging_mixin.py:151} INFO - [2025-03-13T23:43:10.938+0000] {dag.py:3696} INFO - Setting next_dagrun for yfinance_ingestion_dag to 2025-01-01T00:00:00+00:00, run_after=2025-01-02T00:00:00+00:00
[2025-03-13T23:43:10.966+0000] {processor.py:179} INFO - Processing /opt/airflow/dags/pipeline.py took 0.750 seconds
[2025-03-13T23:43:41.412+0000] {processor.py:157} INFO - Started process (PID=953) to work on /opt/airflow/dags/pipeline.py
[2025-03-13T23:43:41.414+0000] {processor.py:829} INFO - Processing file /opt/airflow/dags/pipeline.py for tasks to queue
[2025-03-13T23:43:41.416+0000] {logging_mixin.py:151} INFO - [2025-03-13T23:43:41.415+0000] {dagbag.py:539} INFO - Filling up the DagBag from /opt/airflow/dags/pipeline.py
[2025-03-13T23:43:42.385+0000] {processor.py:839} INFO - DAG(s) dict_keys(['yfinance_ingestion_dag']) retrieved from /opt/airflow/dags/pipeline.py
[2025-03-13T23:43:42.440+0000] {logging_mixin.py:151} INFO - [2025-03-13T23:43:42.439+0000] {dag.py:2915} INFO - Sync 1 DAGs
[2025-03-13T23:43:42.487+0000] {logging_mixin.py:151} INFO - [2025-03-13T23:43:42.487+0000] {dag.py:3696} INFO - Setting next_dagrun for yfinance_ingestion_dag to 2025-01-01T00:00:00+00:00, run_after=2025-01-02T00:00:00+00:00
[2025-03-13T23:43:42.739+0000] {processor.py:179} INFO - Processing /opt/airflow/dags/pipeline.py took 1.334 seconds
[2025-03-13T23:44:13.413+0000] {processor.py:157} INFO - Started process (PID=965) to work on /opt/airflow/dags/pipeline.py
[2025-03-13T23:44:13.414+0000] {processor.py:829} INFO - Processing file /opt/airflow/dags/pipeline.py for tasks to queue
[2025-03-13T23:44:13.416+0000] {logging_mixin.py:151} INFO - [2025-03-13T23:44:13.416+0000] {dagbag.py:539} INFO - Filling up the DagBag from /opt/airflow/dags/pipeline.py
[2025-03-13T23:44:14.435+0000] {processor.py:839} INFO - DAG(s) dict_keys(['yfinance_ingestion_dag']) retrieved from /opt/airflow/dags/pipeline.py
[2025-03-13T23:44:14.502+0000] {logging_mixin.py:151} INFO - [2025-03-13T23:44:14.501+0000] {dag.py:2915} INFO - Sync 1 DAGs
[2025-03-13T23:44:14.557+0000] {logging_mixin.py:151} INFO - [2025-03-13T23:44:14.556+0000] {dag.py:3696} INFO - Setting next_dagrun for yfinance_ingestion_dag to 2025-01-01T00:00:00+00:00, run_after=2025-01-02T00:00:00+00:00
[2025-03-13T23:44:14.608+0000] {processor.py:179} INFO - Processing /opt/airflow/dags/pipeline.py took 1.202 seconds
[2025-03-13T23:44:45.002+0000] {processor.py:157} INFO - Started process (PID=977) to work on /opt/airflow/dags/pipeline.py
[2025-03-13T23:44:45.005+0000] {processor.py:829} INFO - Processing file /opt/airflow/dags/pipeline.py for tasks to queue
[2025-03-13T23:44:45.007+0000] {logging_mixin.py:151} INFO - [2025-03-13T23:44:45.006+0000] {dagbag.py:539} INFO - Filling up the DagBag from /opt/airflow/dags/pipeline.py
[2025-03-13T23:44:45.947+0000] {processor.py:839} INFO - DAG(s) dict_keys(['yfinance_ingestion_dag']) retrieved from /opt/airflow/dags/pipeline.py
[2025-03-13T23:44:46.009+0000] {logging_mixin.py:151} INFO - [2025-03-13T23:44:46.008+0000] {dag.py:2915} INFO - Sync 1 DAGs
[2025-03-13T23:44:46.056+0000] {logging_mixin.py:151} INFO - [2025-03-13T23:44:46.055+0000] {dag.py:3696} INFO - Setting next_dagrun for yfinance_ingestion_dag to 2025-01-01T00:00:00+00:00, run_after=2025-01-02T00:00:00+00:00
[2025-03-13T23:44:46.098+0000] {processor.py:179} INFO - Processing /opt/airflow/dags/pipeline.py took 1.104 seconds
[2025-03-13T23:45:16.346+0000] {processor.py:157} INFO - Started process (PID=989) to work on /opt/airflow/dags/pipeline.py
[2025-03-13T23:45:16.348+0000] {processor.py:829} INFO - Processing file /opt/airflow/dags/pipeline.py for tasks to queue
[2025-03-13T23:45:16.349+0000] {logging_mixin.py:151} INFO - [2025-03-13T23:45:16.348+0000] {dagbag.py:539} INFO - Filling up the DagBag from /opt/airflow/dags/pipeline.py
[2025-03-13T23:45:16.809+0000] {processor.py:839} INFO - DAG(s) dict_keys(['yfinance_ingestion_dag']) retrieved from /opt/airflow/dags/pipeline.py
[2025-03-13T23:45:16.855+0000] {logging_mixin.py:151} INFO - [2025-03-13T23:45:16.854+0000] {dag.py:2915} INFO - Sync 1 DAGs
[2025-03-13T23:45:16.882+0000] {logging_mixin.py:151} INFO - [2025-03-13T23:45:16.881+0000] {dag.py:3696} INFO - Setting next_dagrun for yfinance_ingestion_dag to 2025-01-01T00:00:00+00:00, run_after=2025-01-02T00:00:00+00:00
[2025-03-13T23:45:17.036+0000] {processor.py:179} INFO - Processing /opt/airflow/dags/pipeline.py took 0.693 seconds
[2025-03-13T23:45:47.291+0000] {processor.py:157} INFO - Started process (PID=1001) to work on /opt/airflow/dags/pipeline.py
[2025-03-13T23:45:47.293+0000] {processor.py:829} INFO - Processing file /opt/airflow/dags/pipeline.py for tasks to queue
[2025-03-13T23:45:47.294+0000] {logging_mixin.py:151} INFO - [2025-03-13T23:45:47.293+0000] {dagbag.py:539} INFO - Filling up the DagBag from /opt/airflow/dags/pipeline.py
[2025-03-13T23:45:48.071+0000] {processor.py:839} INFO - DAG(s) dict_keys(['yfinance_ingestion_dag']) retrieved from /opt/airflow/dags/pipeline.py
[2025-03-13T23:45:48.110+0000] {logging_mixin.py:151} INFO - [2025-03-13T23:45:48.109+0000] {dag.py:2915} INFO - Sync 1 DAGs
[2025-03-13T23:45:48.141+0000] {logging_mixin.py:151} INFO - [2025-03-13T23:45:48.140+0000] {dag.py:3696} INFO - Setting next_dagrun for yfinance_ingestion_dag to 2025-01-01T00:00:00+00:00, run_after=2025-01-02T00:00:00+00:00
[2025-03-13T23:45:48.180+0000] {processor.py:179} INFO - Processing /opt/airflow/dags/pipeline.py took 0.892 seconds
[2025-03-13T23:46:18.342+0000] {processor.py:157} INFO - Started process (PID=1013) to work on /opt/airflow/dags/pipeline.py
[2025-03-13T23:46:18.344+0000] {processor.py:829} INFO - Processing file /opt/airflow/dags/pipeline.py for tasks to queue
[2025-03-13T23:46:18.346+0000] {logging_mixin.py:151} INFO - [2025-03-13T23:46:18.345+0000] {dagbag.py:539} INFO - Filling up the DagBag from /opt/airflow/dags/pipeline.py
[2025-03-13T23:46:19.396+0000] {processor.py:839} INFO - DAG(s) dict_keys(['yfinance_ingestion_dag']) retrieved from /opt/airflow/dags/pipeline.py
[2025-03-13T23:46:19.468+0000] {logging_mixin.py:151} INFO - [2025-03-13T23:46:19.466+0000] {dag.py:2915} INFO - Sync 1 DAGs
[2025-03-13T23:46:19.524+0000] {logging_mixin.py:151} INFO - [2025-03-13T23:46:19.523+0000] {dag.py:3696} INFO - Setting next_dagrun for yfinance_ingestion_dag to 2025-01-01T00:00:00+00:00, run_after=2025-01-02T00:00:00+00:00
[2025-03-13T23:46:19.563+0000] {processor.py:179} INFO - Processing /opt/airflow/dags/pipeline.py took 1.228 seconds
[2025-03-13T23:46:50.020+0000] {processor.py:157} INFO - Started process (PID=1025) to work on /opt/airflow/dags/pipeline.py
[2025-03-13T23:46:50.022+0000] {processor.py:829} INFO - Processing file /opt/airflow/dags/pipeline.py for tasks to queue
[2025-03-13T23:46:50.025+0000] {logging_mixin.py:151} INFO - [2025-03-13T23:46:50.025+0000] {dagbag.py:539} INFO - Filling up the DagBag from /opt/airflow/dags/pipeline.py
[2025-03-13T23:46:50.959+0000] {processor.py:839} INFO - DAG(s) dict_keys(['yfinance_ingestion_dag']) retrieved from /opt/airflow/dags/pipeline.py
[2025-03-13T23:46:51.008+0000] {logging_mixin.py:151} INFO - [2025-03-13T23:46:51.007+0000] {dag.py:2915} INFO - Sync 1 DAGs
[2025-03-13T23:46:51.080+0000] {logging_mixin.py:151} INFO - [2025-03-13T23:46:51.079+0000] {dag.py:3696} INFO - Setting next_dagrun for yfinance_ingestion_dag to 2025-01-01T00:00:00+00:00, run_after=2025-01-02T00:00:00+00:00
[2025-03-13T23:46:51.368+0000] {processor.py:179} INFO - Processing /opt/airflow/dags/pipeline.py took 1.355 seconds
[2025-03-13T23:47:22.031+0000] {processor.py:157} INFO - Started process (PID=1037) to work on /opt/airflow/dags/pipeline.py
[2025-03-13T23:47:22.033+0000] {processor.py:829} INFO - Processing file /opt/airflow/dags/pipeline.py for tasks to queue
[2025-03-13T23:47:22.034+0000] {logging_mixin.py:151} INFO - [2025-03-13T23:47:22.034+0000] {dagbag.py:539} INFO - Filling up the DagBag from /opt/airflow/dags/pipeline.py
[2025-03-13T23:47:22.892+0000] {processor.py:839} INFO - DAG(s) dict_keys(['yfinance_ingestion_dag']) retrieved from /opt/airflow/dags/pipeline.py
[2025-03-13T23:47:22.944+0000] {logging_mixin.py:151} INFO - [2025-03-13T23:47:22.943+0000] {dag.py:2915} INFO - Sync 1 DAGs
[2025-03-13T23:47:22.985+0000] {logging_mixin.py:151} INFO - [2025-03-13T23:47:22.984+0000] {dag.py:3696} INFO - Setting next_dagrun for yfinance_ingestion_dag to 2025-01-01T00:00:00+00:00, run_after=2025-01-02T00:00:00+00:00
[2025-03-13T23:47:23.028+0000] {processor.py:179} INFO - Processing /opt/airflow/dags/pipeline.py took 1.004 seconds
[2025-03-13T23:47:53.771+0000] {processor.py:157} INFO - Started process (PID=1049) to work on /opt/airflow/dags/pipeline.py
[2025-03-13T23:47:53.773+0000] {processor.py:829} INFO - Processing file /opt/airflow/dags/pipeline.py for tasks to queue
[2025-03-13T23:47:53.775+0000] {logging_mixin.py:151} INFO - [2025-03-13T23:47:53.775+0000] {dagbag.py:539} INFO - Filling up the DagBag from /opt/airflow/dags/pipeline.py
[2025-03-13T23:47:54.568+0000] {processor.py:839} INFO - DAG(s) dict_keys(['yfinance_ingestion_dag']) retrieved from /opt/airflow/dags/pipeline.py
[2025-03-13T23:47:54.595+0000] {logging_mixin.py:151} INFO - [2025-03-13T23:47:54.595+0000] {dag.py:2915} INFO - Sync 1 DAGs
[2025-03-13T23:47:54.618+0000] {logging_mixin.py:151} INFO - [2025-03-13T23:47:54.618+0000] {dag.py:3696} INFO - Setting next_dagrun for yfinance_ingestion_dag to 2025-01-01T00:00:00+00:00, run_after=2025-01-02T00:00:00+00:00
[2025-03-13T23:47:54.646+0000] {processor.py:179} INFO - Processing /opt/airflow/dags/pipeline.py took 0.880 seconds
[2025-03-13T23:48:24.953+0000] {processor.py:157} INFO - Started process (PID=1061) to work on /opt/airflow/dags/pipeline.py
[2025-03-13T23:48:24.955+0000] {processor.py:829} INFO - Processing file /opt/airflow/dags/pipeline.py for tasks to queue
[2025-03-13T23:48:24.956+0000] {logging_mixin.py:151} INFO - [2025-03-13T23:48:24.956+0000] {dagbag.py:539} INFO - Filling up the DagBag from /opt/airflow/dags/pipeline.py
[2025-03-13T23:48:25.486+0000] {processor.py:839} INFO - DAG(s) dict_keys(['yfinance_ingestion_dag']) retrieved from /opt/airflow/dags/pipeline.py
[2025-03-13T23:48:25.515+0000] {logging_mixin.py:151} INFO - [2025-03-13T23:48:25.514+0000] {dag.py:2915} INFO - Sync 1 DAGs
[2025-03-13T23:48:25.553+0000] {logging_mixin.py:151} INFO - [2025-03-13T23:48:25.553+0000] {dag.py:3696} INFO - Setting next_dagrun for yfinance_ingestion_dag to 2025-01-01T00:00:00+00:00, run_after=2025-01-02T00:00:00+00:00
[2025-03-13T23:48:25.713+0000] {processor.py:179} INFO - Processing /opt/airflow/dags/pipeline.py took 0.764 seconds
[2025-03-13T23:48:56.445+0000] {processor.py:157} INFO - Started process (PID=1073) to work on /opt/airflow/dags/pipeline.py
[2025-03-13T23:48:56.447+0000] {processor.py:829} INFO - Processing file /opt/airflow/dags/pipeline.py for tasks to queue
[2025-03-13T23:48:56.448+0000] {logging_mixin.py:151} INFO - [2025-03-13T23:48:56.448+0000] {dagbag.py:539} INFO - Filling up the DagBag from /opt/airflow/dags/pipeline.py
[2025-03-13T23:48:56.955+0000] {processor.py:839} INFO - DAG(s) dict_keys(['yfinance_ingestion_dag']) retrieved from /opt/airflow/dags/pipeline.py
[2025-03-13T23:48:56.987+0000] {logging_mixin.py:151} INFO - [2025-03-13T23:48:56.987+0000] {dag.py:2915} INFO - Sync 1 DAGs
[2025-03-13T23:48:57.183+0000] {logging_mixin.py:151} INFO - [2025-03-13T23:48:57.183+0000] {dag.py:3696} INFO - Setting next_dagrun for yfinance_ingestion_dag to 2025-01-01T00:00:00+00:00, run_after=2025-01-02T00:00:00+00:00
[2025-03-13T23:48:57.219+0000] {processor.py:179} INFO - Processing /opt/airflow/dags/pipeline.py took 0.779 seconds
[2025-03-13T23:49:27.488+0000] {processor.py:157} INFO - Started process (PID=1085) to work on /opt/airflow/dags/pipeline.py
[2025-03-13T23:49:27.489+0000] {processor.py:829} INFO - Processing file /opt/airflow/dags/pipeline.py for tasks to queue
[2025-03-13T23:49:27.490+0000] {logging_mixin.py:151} INFO - [2025-03-13T23:49:27.490+0000] {dagbag.py:539} INFO - Filling up the DagBag from /opt/airflow/dags/pipeline.py
[2025-03-13T23:49:27.916+0000] {processor.py:839} INFO - DAG(s) dict_keys(['yfinance_ingestion_dag']) retrieved from /opt/airflow/dags/pipeline.py
[2025-03-13T23:49:27.942+0000] {logging_mixin.py:151} INFO - [2025-03-13T23:49:27.941+0000] {dag.py:2915} INFO - Sync 1 DAGs
[2025-03-13T23:49:27.963+0000] {logging_mixin.py:151} INFO - [2025-03-13T23:49:27.963+0000] {dag.py:3696} INFO - Setting next_dagrun for yfinance_ingestion_dag to 2025-01-01T00:00:00+00:00, run_after=2025-01-02T00:00:00+00:00
[2025-03-13T23:49:27.990+0000] {processor.py:179} INFO - Processing /opt/airflow/dags/pipeline.py took 0.505 seconds
[2025-03-13T23:49:58.991+0000] {processor.py:157} INFO - Started process (PID=1097) to work on /opt/airflow/dags/pipeline.py
[2025-03-13T23:49:58.992+0000] {processor.py:829} INFO - Processing file /opt/airflow/dags/pipeline.py for tasks to queue
[2025-03-13T23:49:58.993+0000] {logging_mixin.py:151} INFO - [2025-03-13T23:49:58.992+0000] {dagbag.py:539} INFO - Filling up the DagBag from /opt/airflow/dags/pipeline.py
[2025-03-13T23:49:59.451+0000] {processor.py:839} INFO - DAG(s) dict_keys(['yfinance_ingestion_dag']) retrieved from /opt/airflow/dags/pipeline.py
[2025-03-13T23:49:59.481+0000] {logging_mixin.py:151} INFO - [2025-03-13T23:49:59.480+0000] {dag.py:2915} INFO - Sync 1 DAGs
[2025-03-13T23:49:59.509+0000] {logging_mixin.py:151} INFO - [2025-03-13T23:49:59.509+0000] {dag.py:3696} INFO - Setting next_dagrun for yfinance_ingestion_dag to 2025-01-01T00:00:00+00:00, run_after=2025-01-02T00:00:00+00:00
[2025-03-13T23:49:59.538+0000] {processor.py:179} INFO - Processing /opt/airflow/dags/pipeline.py took 0.551 seconds
[2025-03-13T23:50:29.861+0000] {processor.py:157} INFO - Started process (PID=1109) to work on /opt/airflow/dags/pipeline.py
[2025-03-13T23:50:29.862+0000] {processor.py:829} INFO - Processing file /opt/airflow/dags/pipeline.py for tasks to queue
[2025-03-13T23:50:29.863+0000] {logging_mixin.py:151} INFO - [2025-03-13T23:50:29.862+0000] {dagbag.py:539} INFO - Filling up the DagBag from /opt/airflow/dags/pipeline.py
[2025-03-13T23:50:30.403+0000] {processor.py:839} INFO - DAG(s) dict_keys(['yfinance_ingestion_dag']) retrieved from /opt/airflow/dags/pipeline.py
[2025-03-13T23:50:30.429+0000] {logging_mixin.py:151} INFO - [2025-03-13T23:50:30.428+0000] {dag.py:2915} INFO - Sync 1 DAGs
[2025-03-13T23:50:30.452+0000] {logging_mixin.py:151} INFO - [2025-03-13T23:50:30.451+0000] {dag.py:3696} INFO - Setting next_dagrun for yfinance_ingestion_dag to 2025-01-01T00:00:00+00:00, run_after=2025-01-02T00:00:00+00:00
[2025-03-13T23:50:30.607+0000] {processor.py:179} INFO - Processing /opt/airflow/dags/pipeline.py took 0.750 seconds
